scientific_name,common_name,iconic_taxon_name,present_in_main,predicted_present,probability_of_presence,main_obs_count,backup_obs_count,avg_elevation,avg_ndvi,avg_soil_clay,Prediction_Result
Bahiopsis laciniata,Tornleaf Goldeneye,Plantae,0,1,0.9558134218422699,0.0,887,155.80045095828635,0.13357801432957556,26.42051860202931,False Positive (Imputed/Missing)
Mirabilis laevis crassifolia,California Four o'Clock,Plantae,0,1,0.9487601864463403,0.0,281,164.72597864768684,0.1401575818985992,26.430604982206404,False Positive (Imputed/Missing)
Euphorbia polycarpa,smallseed sandmat,Plantae,0,1,0.9479877316781993,0.0,310,199.61612903225807,0.1346194445846542,26.75483870967742,False Positive (Imputed/Missing)
Gutierrezia californica,California matchweed,Plantae,0,1,0.9439160292024401,0.0,208,146.98076923076923,0.14221561216534326,26.408653846153847,False Positive (Imputed/Missing)
Hirschfeldia incana,Shortpod Mustard,Plantae,0,1,0.9308670071559222,0.0,306,137.87254901960785,0.1505530909878609,25.565359477124183,False Positive (Imputed/Missing)
Cylindropuntia prolifera,Coast Cholla,Plantae,0,1,0.9291328656651194,0.0,368,149.29347826086956,0.1378988696074963,27.60326086956522,False Positive (Imputed/Missing)
Plagiobothrys,Popcornflowers,Plantae,0,1,0.926490673835878,0.0,105,172.2095238095238,0.13133614006496605,25.514285714285716,False Positive (Imputed/Missing)
Aphonopelma steindachneri,Steindachner's Ebony Tarantula,Arachnida,0,1,0.9250706982305494,0.0,178,152.3370786516854,0.14306740010722296,26.01685393258427,False Positive (Imputed/Missing)
Scrophularia californica,California beeplant,Plantae,0,1,0.9226092208072519,0.0,467,134.3918629550321,0.15045625741176735,25.89507494646681,False Positive (Imputed/Missing)
Encelia californica,California brittlebush,Plantae,0,1,0.9222598612562952,0.0,684,137.83040935672514,0.13763712762381158,27.426900584795323,False Positive (Imputed/Missing)
Gutierrezia,matchweeds and snakeweeds,Plantae,0,1,0.9177578214753879,0.0,75,151.90666666666667,0.1439101163546244,26.2,False Positive (Imputed/Missing)
Gutierrezia sarothrae,Broom Snakeweed,Plantae,0,1,0.9171838486877522,0.0,84,148.83333333333334,0.14053862080687565,26.011904761904763,False Positive (Imputed/Missing)
Opuntia littoralis,Coastal Pricklypear,Plantae,0,1,0.9169040565224112,0.0,215,158.62325581395348,0.13557146848071103,26.12093023255814,False Positive (Imputed/Missing)
Eucrypta chrysanthemifolia,common eucrypta,Plantae,0,1,0.9159395338678322,0.0,74,148.7027027027027,0.14790091895171112,25.83783783783784,False Positive (Imputed/Missing)
Opuntia ficus-indica,Indian fig opuntia,Plantae,0,1,0.9154546117707135,0.0,64,176.171875,0.1497611330123618,25.84375,False Positive (Imputed/Missing)
Stagmomantis californica,California Mantis,Insecta,0,1,0.9150923674673953,0.0,176,139.6818181818182,0.13414416392333803,26.642045454545453,False Positive (Imputed/Missing)
Cuscuta,dodders,Plantae,0,1,0.9148798858132307,0.0,140,132.29285714285714,0.14266250596514765,26.614285714285714,False Positive (Imputed/Missing)
Mutarda nigra,Black Mustard,Plantae,0,1,0.9145744151155368,0.0,179,139.43575418994413,0.14638998437225398,27.078212290502794,False Positive (Imputed/Missing)
Delphinium,larkspurs,Plantae,0,1,0.912744197707255,0.0,98,171.66326530612244,0.14518733109746657,24.46938775510204,False Positive (Imputed/Missing)
Castilleja exserta exserta,,Plantae,0,1,0.9113790829466996,0.0,80,202.725,0.1361704970709979,24.825,False Positive (Imputed/Missing)
Acmispon glaber brevialatus,short-winged deerweed,Plantae,0,1,0.911360611714531,0.0,71,148.35211267605635,0.14783361491183156,25.760563380281692,False Positive (Imputed/Missing)
Phacelia cicutaria hispida,caterpillar phacelia,Plantae,0,1,0.9110565459736619,0.0,217,133.18433179723502,0.15572893630696055,25.774193548387096,False Positive (Imputed/Missing)
Phacelia parryi,Parry's phacelia,Plantae,0,1,0.9106899511257139,0.0,168,186.4345238095238,0.14943860444639406,25.095238095238095,False Positive (Imputed/Missing)
Penstemon spectabilis,Showy Penstemon,Plantae,0,1,0.9105012592048467,0.0,110,146.26363636363635,0.14556192647327074,25.918181818181818,False Positive (Imputed/Missing)
Acourtia microcephala,Sacapellote,Plantae,0,1,0.9103523058258598,0.0,72,152.41666666666666,0.15369029984705973,26.61111111111111,False Positive (Imputed/Missing)
Ammopelmatus,North American Jerusalem Crickets,Insecta,0,1,0.9102263975534254,0.0,150,136.79333333333332,0.14819576921251912,25.753333333333334,False Positive (Imputed/Missing)
Hyles lineata,White-lined Sphinx,Insecta,0,1,0.9101584143530482,0.0,91,156.8901098901099,0.14351043201327976,25.24175824175824,False Positive (Imputed/Missing)
Calystegia,false bindweeds,Plantae,0,1,0.9096845559098601,0.0,95,156.47368421052633,0.1345984508185402,25.33684210526316,False Positive (Imputed/Missing)
Papilio zelicaon,Anise Swallowtail,Insecta,0,1,0.909255208410004,0.0,89,240.37078651685394,0.152948979162768,25.876404494382022,False Positive (Imputed/Missing)
Callipepla californica,California Quail,Aves,0,1,0.9087348278718936,0.0,253,157.59683794466403,0.14166710546365363,25.873517786561266,False Positive (Imputed/Missing)
Ashmeadiella,,Insecta,0,1,0.9067814180471019,0.0,97,171.4020618556701,0.13024612608336908,26.7319587628866,False Positive (Imputed/Missing)
Selaginella bigelovii,Bigelow's Spikemoss,Plantae,0,1,0.9049163919830983,0.0,156,160.5448717948718,0.14359947699957928,25.185897435897434,False Positive (Imputed/Missing)
Oxalis californica,California woodsorrel,Plantae,0,1,0.9048748252736247,0.0,132,150.41666666666666,0.1549021473549532,26.636363636363637,False Positive (Imputed/Missing)
Allograpta obliqua,Oblique Streaktail,Insecta,0,1,0.9034843780113785,0.0,73,149.41095890410958,0.14612692366800686,26.123287671232877,False Positive (Imputed/Missing)
Mecaphesa,,Arachnida,0,1,0.9033571786621063,0.0,167,142.8562874251497,0.13515418859109457,25.08383233532934,False Positive (Imputed/Missing)
Melissodes,,Insecta,0,1,0.9028989978392462,0.0,138,171.36231884057972,0.13186305140455562,27.02173913043478,False Positive (Imputed/Missing)
Acmispon,deervetch,Plantae,0,1,0.9021798971603412,0.0,60,142.91666666666666,0.14221121519803995,26.016666666666666,False Positive (Imputed/Missing)
Galium angustifolium,Narrow-leaved Bedstraw,Plantae,0,1,0.9015714966960398,0.0,280,138.37142857142857,0.15051898522568596,25.17142857142857,False Positive (Imputed/Missing)
Lasthenia gracilis,common goldfields,Plantae,0,1,0.9008194907467754,0.0,53,246.79245283018867,0.13260602135703245,25.50943396226415,False Positive (Imputed/Missing)
Agulla,Common Snakeflies,Insecta,0,1,0.9007227086783746,0.0,57,158.3684210526316,0.135063369938156,25.63157894736842,False Positive (Imputed/Missing)
Riccia trichocarpa,Hairy Crystalwort,Plantae,0,1,0.9004617327101824,0.0,58,187.81034482758622,0.13486920695366525,26.051724137931036,False Positive (Imputed/Missing)
Eumeninae,Potter and Mason Wasps,Insecta,0,1,0.8999494752573967,0.0,72,175.375,0.1326877924924095,27.01388888888889,False Positive (Imputed/Missing)
Asteraceae,"Sunflowers, Daisies, Asters, and Allies",Plantae,0,1,0.8993398908676599,0.0,75,141.41333333333333,0.14607416560252504,26.96,False Positive (Imputed/Missing)
Allium haematochiton,red-skinned onion,Plantae,0,1,0.898338619034256,0.0,57,174.140350877193,0.14304220401927042,27.035087719298247,False Positive (Imputed/Missing)
Lampropeltis californiae,California King Snake,Reptilia,0,1,0.8982645440858039,0.0,123,139.27642276422765,0.1387161688379398,26.747967479674795,False Positive (Imputed/Missing)
Pituophis catenifer,Gopher Snake,Reptilia,0,1,0.8981292124885947,0.0,74,153.48648648648648,0.14932440956299364,25.60810810810811,False Positive (Imputed/Missing)
Linanthus dianthiflorus,fringed linanthus,Plantae,0,1,0.8971822866267171,0.0,83,159.25301204819277,0.13626690882157125,27.55421686746988,False Positive (Imputed/Missing)
Acmispon micranthus,San Diego bird's-foot trefoil,Plantae,0,1,0.8968592787680444,0.0,55,151.96363636363637,0.13337464833801438,24.818181818181817,False Positive (Imputed/Missing)
Pepsis,New World Tarantula-hawk Wasps,Insecta,0,1,0.8946462527600109,0.0,109,139.69724770642202,0.14811666959196051,26.03669724770642,False Positive (Imputed/Missing)
Pituophis catenifer annectens,San Diego Gopher Snake,Reptilia,0,1,0.8945973004779127,0.0,94,152.0212765957447,0.14978001108194916,25.48936170212766,False Positive (Imputed/Missing)
Sceloporus occidentalis longipes,Great Basin Fence Lizard,Reptilia,0,1,0.8941742621859794,0.0,404,121.29207920792079,0.15474864667217245,25.70049504950495,False Positive (Imputed/Missing)
Diadasia,,Insecta,0,1,0.8941158972295704,0.0,111,177.22522522522522,0.13862553413386813,26.423423423423422,False Positive (Imputed/Missing)
Anthocharis sara,Sara Orangetip,Insecta,0,1,0.8932368117096653,0.0,123,139.3252032520325,0.15241748264165425,25.764227642276424,False Positive (Imputed/Missing)
Villini,banded bee flies,Insecta,0,1,0.8909881370137999,0.0,52,170.92307692307693,0.14084654473341424,26.596153846153847,False Positive (Imputed/Missing)
Trirhabda geminata,Encelia Leaf Beetle,Insecta,0,1,0.8905339011167994,0.0,54,159.53703703703704,0.13040871945796184,27.055555555555557,False Positive (Imputed/Missing)
Hippodamia convergens,Convergent Lady Beetle,Insecta,0,1,0.8899850268829836,0.0,94,137.61702127659575,0.14489825620771718,26.5,False Positive (Imputed/Missing)
Eupeodes volucris,Large-tailed Aphideater,Insecta,0,1,0.8899390928360511,0.0,92,166.97826086956522,0.1388631677659957,26.92391304347826,False Positive (Imputed/Missing)
Copestylum avidum,Yellow-spotted Bromeliad Fly,Insecta,0,1,0.8896818352186298,0.0,122,171.64754098360655,0.132448743357033,27.74590163934426,False Positive (Imputed/Missing)
Eleodes,Desert Stink Beetles,Insecta,0,1,0.8894844029979659,0.0,55,147.6909090909091,0.15012505772438914,26.472727272727273,False Positive (Imputed/Missing)
Sylvilagus bachmani,Brush Rabbit,Mammalia,0,1,0.8892228159980039,0.0,61,147.47540983606558,0.15324375198268497,25.327868852459016,False Positive (Imputed/Missing)
Sassacus vitis,Buttonhook Leafbeetle Jumping Spider,Arachnida,0,1,0.8882572576175569,0.0,104,154.06730769230768,0.14749998685259083,26.240384615384617,False Positive (Imputed/Missing)
Chaenactis glabriuscula,Common Yellow Chaenactis,Plantae,0,1,0.8880208335939218,0.0,34,219.2941176470588,0.13595851970946082,25.441176470588236,False Positive (Imputed/Missing)
Neotoma,,Mammalia,0,1,0.8878788906997731,0.0,65,146.04615384615386,0.1568358402412671,25.092307692307692,False Positive (Imputed/Missing)
Epilobium canum,California fuchsia,Plantae,0,1,0.8874256585118048,0.0,122,125.08196721311475,0.1556661779396846,27.352459016393443,False Positive (Imputed/Missing)
Danaus plexippus,Monarch,Insecta,0,1,0.8867565033680326,0.0,84,146.28571428571428,0.15065769354502356,26.452380952380953,False Positive (Imputed/Missing)
Zenaida macroura,Mourning Dove,Aves,0,1,0.8867384281732407,0.0,619,152.98061389337641,0.14958207509427754,24.513731825525042,False Positive (Imputed/Missing)
Pholistoma racemosum,Racemed Fiestaflower,Plantae,0,1,0.8862633558419278,0.0,101,139.16831683168317,0.15094801554880516,24.782178217821784,False Positive (Imputed/Missing)
Acarospora socialis,Yellow Cobblestone Lichen,Fungi,0,1,0.8860393535538192,0.0,103,178.1359223300971,0.14333082200254046,25.320388349514563,False Positive (Imputed/Missing)
Phidippus phoenix,Phoenix Jumping Spider,Arachnida,0,1,0.8860307569891545,0.0,155,205.76774193548388,0.1257163769775821,26.793548387096774,False Positive (Imputed/Missing)
Elgaria multicarinata webbii,San Diego Alligator Lizard,Reptilia,0,1,0.8854881627884743,0.0,92,141.52173913043478,0.14122484598571997,25.880434782608695,False Positive (Imputed/Missing)
Myriopteris newberryi,Newberry's lip fern,Plantae,0,1,0.8841164349602796,0.0,160,146.25,0.14428059868514534,24.28125,False Positive (Imputed/Missing)
Papilio eurymedon,Pale Swallowtail,Insecta,0,1,0.8838209404580649,0.0,40,253.65,0.14019308667629954,25.25,False Positive (Imputed/Missing)
Eleodes osculans,Woolly Darkling Beetle,Insecta,0,1,0.8823927481133631,0.0,132,129.3181818181818,0.14766221002421592,26.053030303030305,False Positive (Imputed/Missing)
Eschscholzia,Desert Poppies,Plantae,0,1,0.881628028626123,0.0,34,152.14705882352942,0.13767125260303997,26.764705882352942,False Positive (Imputed/Missing)
Diadasia bituberculata,Bindweed Turret Bee,Insecta,0,1,0.8809005715836721,0.0,52,191.28846153846155,0.13516265784318626,27.076923076923077,False Positive (Imputed/Missing)
Copestylum violaceum,,Insecta,0,1,0.8807208344801529,0.0,59,151.61016949152543,0.1449210080239227,26.271186440677965,False Positive (Imputed/Missing)
Plagiobothrys nothofulvus,Rusty Popcornflower,Plantae,0,1,0.8786031979776463,0.0,34,154.08823529411765,0.14056914825649816,24.5,False Positive (Imputed/Missing)
Cuscuta subinclusa,Canyon Dodder,Plantae,0,1,0.878124024997539,0.0,115,124.36521739130434,0.14671835886395493,27.034782608695654,False Positive (Imputed/Missing)
Castilleja foliolosa,felt paintbrush,Plantae,0,1,0.8771970503794372,0.0,159,148.1761006289308,0.14894421595447463,24.38364779874214,False Positive (Imputed/Missing)
Delphinium cardinale,Scarlet Larkspur,Plantae,0,1,0.8770376930122412,0.0,54,230.64814814814815,0.1428656929896937,25.555555555555557,False Positive (Imputed/Missing)
Strymon melinus,Gray Hairstreak,Insecta,0,1,0.8769858649843294,0.0,93,149.80645161290323,0.14273443153148052,26.795698924731184,False Positive (Imputed/Missing)
Lactista gibbosus,trailside grasshopper,Insecta,0,1,0.8744033714110049,0.0,71,144.6056338028169,0.14785228743099826,26.56338028169014,False Positive (Imputed/Missing)
Pentagramma glanduloviscida,San Diego Silverback Fern,Plantae,0,1,0.8743158424803416,0.0,276,157.07608695652175,0.1473531715733849,23.858695652173914,False Positive (Imputed/Missing)
Aphelocoma californica,California Scrub-Jay,Aves,0,1,0.8742846755956997,0.0,430,122.17441860465117,0.15922184067475065,25.495348837209303,False Positive (Imputed/Missing)
Eremobatidae,Straight-faced Windscorpions,Arachnida,0,1,0.873831791972788,0.0,47,178.53191489361703,0.13948256633383158,26.425531914893618,False Positive (Imputed/Missing)
Latrodectus hesperus,Western Black Widow,Arachnida,0,1,0.8731229052310626,0.0,89,141.19101123595505,0.1386950441290823,27.292134831460675,False Positive (Imputed/Missing)
Chaenactis artemisiifolia,Artemisia-leaved Chaenactis,Plantae,0,1,0.8723240755653311,0.0,59,215.59322033898306,0.1390061330492213,25.203389830508474,False Positive (Imputed/Missing)
Neoscona crucifera,Spotted Orbweaver,Arachnida,0,1,0.8716463499307855,0.0,147,125.85034013605443,0.14662090222649019,26.17687074829932,False Positive (Imputed/Missing)
Clarkia purpurea,Winecup Clarkia,Plantae,0,1,0.8714665667051753,0.0,116,128.56034482758622,0.1456660386174917,24.767241379310345,False Positive (Imputed/Missing)
Aimophila ruficeps,Rufous-crowned Sparrow,Aves,0,1,0.8709120639390079,0.0,191,146.15183246073298,0.14632075753901638,26.643979057591622,False Positive (Imputed/Missing)
Trifolium hirtum,Rose Clover,Plantae,0,1,0.8707343064672307,0.0,96,130.5,0.14970979936576134,26.989583333333332,False Positive (Imputed/Missing)
Sympetrum corruptum,Variegated Meadowhawk,Insecta,0,1,0.8698198162105119,0.0,112,146.59821428571428,0.1413147741612712,25.848214285714285,False Positive (Imputed/Missing)
Brassicaceae,mustard family,Plantae,0,1,0.8688576134644488,0.0,87,127.47126436781609,0.15401012013163198,26.839080459770116,False Positive (Imputed/Missing)
Xanthoparmelia cumberlandia,Cumberland Rock Shield,Fungi,0,1,0.8683605305043262,0.0,76,139.0,0.1496591280753675,25.36842105263158,False Positive (Imputed/Missing)
Saxinis saucia,Red-shouldered Leaf Beetle,Insecta,0,1,0.868266746420147,0.0,48,161.77083333333334,0.14241044456139204,25.5625,False Positive (Imputed/Missing)
Lonicera subspicata denudata,Johnston's honeysuckle,Plantae,0,1,0.8667051518383352,0.0,53,174.0566037735849,0.15765108421163734,27.22641509433962,False Positive (Imputed/Missing)
Litaneutria,American Ground Mantises,Insecta,0,1,0.8639012332829242,0.0,34,154.8235294117647,0.1388489948037792,26.41176470588235,False Positive (Imputed/Missing)
Conophorus fenestratus,Cone-snout Bee Fly,Insecta,0,1,0.862333527058798,0.0,43,174.2325581395349,0.1378489088180453,25.558139534883722,False Positive (Imputed/Missing)
Miridae,Plant Bugs,Insecta,0,1,0.8622015824475614,0.0,44,145.4318181818182,0.13801576458552678,25.90909090909091,False Positive (Imputed/Missing)
Agrocybe pediades,Common Fieldcap,Fungi,0,1,0.8613178651489837,0.0,92,149.94565217391303,0.14483046604563357,26.33695652173913,False Positive (Imputed/Missing)
Harpogonopus confluentus,,Animalia,0,1,0.8599810042859769,0.0,45,158.0222222222222,0.1472171251972516,26.822222222222223,False Positive (Imputed/Missing)
Arhyssus,,Insecta,0,1,0.8585242908451977,0.0,51,175.3921568627451,0.13835930678189964,26.254901960784313,False Positive (Imputed/Missing)
Cleomella arborea,Bladderpod,Plantae,0,1,0.857767626125832,0.0,406,133.71428571428572,0.14902194965575713,27.55665024630542,False Positive (Imputed/Missing)
Aspidoscelis hyperythrus,Orange-throated Whiptail,Reptilia,0,1,0.857029848755133,0.0,177,118.20338983050847,0.1559418605714194,26.683615819209038,False Positive (Imputed/Missing)
Chamaea fasciata,Wrentit,Aves,0,1,0.8565856527283444,0.0,231,124.93506493506493,0.1575366714687058,26.19047619047619,False Positive (Imputed/Missing)
Pepsis mildei,Milde's Tarantula-hawk Wasp,Insecta,0,1,0.856365543798478,0.0,102,129.76470588235293,0.15298783399310764,26.38235294117647,False Positive (Imputed/Missing)
Mimus polyglottos,Northern Mockingbird,Aves,0,1,0.8559125424686124,0.0,206,174.18446601941747,0.14168491964770966,26.820388349514563,False Positive (Imputed/Missing)
Setophaga coronata,Yellow-rumped Warbler,Aves,0,1,0.8556537970419161,0.0,581,132.0550774526678,0.15112958675436353,25.31497418244406,False Positive (Imputed/Missing)
Lupinus succulentus,arroyo lupine,Plantae,0,1,0.855210325710155,0.0,227,169.78854625550662,0.13647294554875808,27.53303964757709,False Positive (Imputed/Missing)
Melanoplus cinereus,Gray Sagebrush Grasshopper,Insecta,0,1,0.8551306034836486,0.0,54,135.24074074074073,0.13936230333314997,26.703703703703702,False Positive (Imputed/Missing)
Cylindropuntia,chollas,Plantae,0,1,0.8546409419708181,0.0,106,122.20754716981132,0.15205794488484,27.632075471698112,False Positive (Imputed/Missing)
Marrubium vulgare,White Horehound,Plantae,0,1,0.8536880428233646,0.0,396,142.4747474747475,0.14394280377709576,25.835858585858585,False Positive (Imputed/Missing)
Polypodium californicum,California Polypody,Plantae,0,1,0.8520285144283786,0.0,128,119.1796875,0.1518236413248814,25.3984375,False Positive (Imputed/Missing)
Paravaejovis puritanus,,Arachnida,0,1,0.8519402790905879,0.0,287,117.55052264808363,0.14760326695359124,26.18815331010453,False Positive (Imputed/Missing)
Gazania linearis,Wedding Treasureflower,Plantae,0,1,0.8515546970085568,0.0,30,184.5,0.13144387056430176,27.2,False Positive (Imputed/Missing)
Dudleya edulis,Fingertips,Plantae,0,1,0.8505114762964584,0.0,477,117.44444444444444,0.14754149930032293,24.9895178197065,False Positive (Imputed/Missing)
Hylephila phyleus,Fiery Skipper,Insecta,0,1,0.8500690088189563,0.0,104,160.1346153846154,0.1438164748251438,26.625,False Positive (Imputed/Missing)
Microphotus angustus,California Pink Glowworm,Insecta,0,1,0.849044556141888,0.0,37,172.72972972972974,0.1467257879070333,24.864864864864863,False Positive (Imputed/Missing)
Conophorus,,Insecta,0,1,0.8482557730153779,0.0,47,166.48936170212767,0.14828623244737052,26.27659574468085,False Positive (Imputed/Missing)
Oxalis pes-caprae,Bermuda buttercup,Plantae,0,1,0.8476691759996717,0.0,105,128.26666666666668,0.15198673414332523,24.752380952380953,False Positive (Imputed/Missing)
Lupinus hirsutissimus,Stinging Lupine,Plantae,0,1,0.8467265755533256,0.0,70,154.64285714285714,0.15060737005301883,23.914285714285715,False Positive (Imputed/Missing)
Pontia protodice,Checkered White,Insecta,0,1,0.8467012004612875,0.0,81,129.49382716049382,0.15014399183385163,26.506172839506174,False Positive (Imputed/Missing)
Protolophus,,Arachnida,0,1,0.8461612382400965,0.0,35,162.71428571428572,0.13008688049657002,26.34285714285714,False Positive (Imputed/Missing)
Arctiini,Tiger Moths,Insecta,0,1,0.8460085973970396,0.0,117,141.43589743589743,0.13921137911896417,27.982905982905983,False Positive (Imputed/Missing)
Silene laciniata laciniata,Mexican pink,Plantae,0,1,0.8458588579349079,0.0,43,202.04651162790697,0.1462259691121966,24.511627906976745,False Positive (Imputed/Missing)
Habropoda tristissima,,Insecta,0,1,0.845466088958483,0.0,41,178.78048780487805,0.13094229932601856,26.829268292682926,False Positive (Imputed/Missing)
Scarabaeidae,Scarabs,Insecta,0,1,0.8438936964272453,0.0,30,162.46666666666667,0.14473837340871487,24.266666666666666,False Positive (Imputed/Missing)
Geometridae,Geometer Moths,Insecta,0,1,0.8437896529002202,0.0,70,125.52857142857142,0.14003979515816478,25.557142857142857,False Positive (Imputed/Missing)
Lichanura orcutti,Coastal Rosy Boa,Reptilia,0,1,0.8430009410265499,0.0,78,180.33333333333334,0.1352635304897259,23.987179487179485,False Positive (Imputed/Missing)
Poecilanthrax arethusa,,Insecta,0,1,0.8427737894822765,0.0,85,134.18823529411765,0.15125811441856268,27.129411764705882,False Positive (Imputed/Missing)
Salsola australis,Southern Russian Thistle,Plantae,0,1,0.842680950394114,0.0,37,148.1081081081081,0.14170026295893898,26.37837837837838,False Positive (Imputed/Missing)
Camissoniopsis hirtella,hairy suncup,Plantae,0,1,0.8423961127064937,0.0,49,154.24489795918367,0.1437408987964902,25.428571428571427,False Positive (Imputed/Missing)
Grimmia laevigata,Grimmia Dry Rock Moss,Plantae,0,1,0.840540638903574,0.0,28,182.53571428571428,0.14644880060638696,24.464285714285715,False Positive (Imputed/Missing)
Araneidae,Orbweavers,Arachnida,0,1,0.8401986378267423,0.0,66,132.03030303030303,0.14848801069610718,26.545454545454547,False Positive (Imputed/Missing)
Protolophus singularis,,Arachnida,0,1,0.8380376258448375,0.0,56,137.71428571428572,0.14216126780956978,26.017857142857142,False Positive (Imputed/Missing)
Trifolium willdenovii,tomcat clover,Plantae,0,1,0.8380124893302132,0.0,61,142.31147540983608,0.13692930157555902,27.852459016393443,False Positive (Imputed/Missing)
Odocoileus hemionus fuliginatus,Southern Mule Deer,Mammalia,0,1,0.8376232497910542,0.0,111,126.02702702702703,0.14872323137682833,26.18918918918919,False Positive (Imputed/Missing)
Parmelioideae,typical shield lichens,Fungi,0,1,0.8365612204319559,0.0,39,171.02564102564102,0.1444051663080851,24.512820512820515,False Positive (Imputed/Missing)
Largus californicus,California Bordered Plant Bug,Insecta,0,1,0.8353757763025887,0.0,55,152.8181818181818,0.13511413132602515,27.581818181818182,False Positive (Imputed/Missing)
Araneinae,Typical Orbweavers,Arachnida,0,1,0.8348286253375473,0.0,64,130.078125,0.1486832971568219,26.09375,False Positive (Imputed/Missing)
Palpada mexicana,Golden Plushback,Insecta,0,1,0.834553392964026,0.0,51,186.33333333333334,0.14269982205302104,26.098039215686274,False Positive (Imputed/Missing)
Bothriochloa barbinodis,Cane Bluestem,Plantae,0,1,0.8344848271581823,0.0,57,152.47368421052633,0.14994726656821733,27.80701754385965,False Positive (Imputed/Missing)
Glebionis coronaria,Garland Daisy,Plantae,0,1,0.8322022165436593,0.0,224,172.58035714285714,0.13605360050106743,25.691964285714285,False Positive (Imputed/Missing)
Neotephritis finalis,Sunflower Seed Maggot,Insecta,0,1,0.8309236979546096,0.0,46,157.54347826086956,0.1323868841256784,27.108695652173914,False Positive (Imputed/Missing)
Xerarionta stearnsiana,Speckled Cactussnail,Mollusca,0,1,0.8301607429289147,0.0,63,201.55555555555554,0.12404676716005988,27.07936507936508,False Positive (Imputed/Missing)
Malacothamnus fasciculatus fasciculatus,southern coastal bushmallow,Plantae,0,1,0.8293505768126799,0.0,31,149.4516129032258,0.14773630639237736,27.225806451612904,False Positive (Imputed/Missing)
Forficula mediterranea,,Insecta,0,1,0.8291564424767264,0.0,55,130.72727272727272,0.13484590338035057,26.618181818181817,False Positive (Imputed/Missing)
Bombylius,Greater Bee Flies,Insecta,0,1,0.8289261520891972,0.0,35,145.4,0.14535467220204212,26.114285714285714,False Positive (Imputed/Missing)
Delphinium parryi,San Bernardino larkspur,Plantae,0,1,0.828835846624027,0.0,105,151.9142857142857,0.1454719755621183,23.571428571428573,False Positive (Imputed/Missing)
Anuroctonus pococki,California Swollenstinger Scorpion,Arachnida,0,1,0.8282347722648259,0.0,109,134.3394495412844,0.14668663304059873,24.660550458715598,False Positive (Imputed/Missing)
Scudderia mexicana,Mexican Bush Katydid,Insecta,0,1,0.8280933249138507,0.0,34,168.05882352941177,0.1449387669563293,26.794117647058822,False Positive (Imputed/Missing)
Phymata pacifica,,Insecta,0,1,0.8270211714869765,0.0,66,129.0151515151515,0.14617133580825542,25.015151515151516,False Positive (Imputed/Missing)
Chlosyne gabbii,Gabb's Checkerspot,Insecta,0,1,0.8257494128534703,0.0,37,165.3783783783784,0.14933255717561048,26.756756756756758,False Positive (Imputed/Missing)
Opuntia oricola,Chaparral Pricklypear,Plantae,0,1,0.8255595712375287,0.0,55,202.2,0.1318650460294024,26.963636363636365,False Positive (Imputed/Missing)
Cupido amyntula,Western Tailed-Blue,Insecta,0,1,0.8248056095929993,0.0,126,190.26984126984127,0.13945232089313248,27.555555555555557,False Positive (Imputed/Missing)
Claytonia perfoliata,miner's lettuce,Plantae,0,1,0.8243382332437751,0.0,229,116.17467248908297,0.1526894582411087,24.973799126637555,False Positive (Imputed/Missing)
Erynnis tristis,Mournful Duskywing,Insecta,0,1,0.8243224498586585,0.0,28,183.03571428571428,0.1471691448241472,26.035714285714285,False Positive (Imputed/Missing)
Diadasia ochracea,Ochraceous Chimney Bee,Insecta,0,1,0.8224125231729736,0.0,52,182.40384615384616,0.13798681531961143,27.0,False Positive (Imputed/Missing)
Spirobolidea,,Animalia,0,1,0.8207729290007638,0.0,31,162.4516129032258,0.14017893313880886,26.129032258064516,False Positive (Imputed/Missing)
Hazardia squarrosa,saw-toothed goldenbush,Plantae,0,1,0.8206643695443367,0.0,152,184.94736842105263,0.14872498849504867,23.38157894736842,False Positive (Imputed/Missing)
Schizocosa,Brush-legged Spiders,Arachnida,0,1,0.8193005560335994,0.0,47,137.06382978723406,0.14580888538918593,27.170212765957448,False Positive (Imputed/Missing)
Tracheophyta,Vascular Plants,Plantae,0,1,0.8184006037100054,0.0,57,128.91228070175438,0.1577695200317784,26.0,False Positive (Imputed/Missing)
Sonchus oleraceus,Common Sow-thistle,Plantae,0,1,0.8183560865987749,0.0,82,142.0487804878049,0.1628195833323932,25.829268292682926,False Positive (Imputed/Missing)
Muilla maritima,Sea Muilla,Plantae,0,1,0.8176380347554886,0.0,93,117.94623655913979,0.13570933676855534,26.72043010752688,False Positive (Imputed/Missing)
Cycloneda sanguinea,Spotless Lady Beetle,Insecta,0,1,0.816622843149051,0.0,56,140.875,0.14260271357904583,27.017857142857142,False Positive (Imputed/Missing)
Halictus ligatus,Ligated Furrow Bee,Insecta,0,1,0.8149690772252693,0.0,211,177.51184834123222,0.12556318248405837,27.255924170616115,False Positive (Imputed/Missing)
Trirhabda,,Insecta,0,1,0.8144535182577992,0.0,44,168.4318181818182,0.1253302552821961,26.977272727272727,False Positive (Imputed/Missing)
Calandrinia menziesii,redmaids,Plantae,0,1,0.8136318015901912,0.0,82,128.52439024390245,0.14584472957180764,26.134146341463413,False Positive (Imputed/Missing)
Coelocnemis magna,,Insecta,0,1,0.8128166754189442,0.0,49,137.20408163265307,0.16230318984206837,26.836734693877553,False Positive (Imputed/Missing)
Eurybunus,,Arachnida,0,1,0.812445084329984,0.0,59,199.01694915254237,0.136406235396862,23.71186440677966,False Positive (Imputed/Missing)
Tylobolus,,Animalia,0,1,0.8119007304013898,0.0,33,145.93939393939394,0.1448664484602032,27.151515151515152,False Positive (Imputed/Missing)
Psaltriparus minimus,Bushtit,Aves,0,1,0.8115249488180376,0.0,406,132.9039408866995,0.160398738182768,25.19704433497537,False Positive (Imputed/Missing)
Yucca schidigera,Mojave Yucca,Plantae,0,1,0.8111534735357394,0.0,100,200.58,0.13251648585777726,28.22,False Positive (Imputed/Missing)
Eucerini,Longhorn Bees,Insecta,0,1,0.8110899478563404,0.0,50,189.26,0.13105448044836518,27.1,False Positive (Imputed/Missing)
Murgantia histrionica,Harlequin Bug,Insecta,0,1,0.8110809017191016,0.0,264,123.38257575757575,0.15413992108325614,27.064393939393938,False Positive (Imputed/Missing)
Polistes dorsalis californicus,California Paper Wasp,Insecta,0,1,0.8102496447352486,0.0,38,142.28947368421052,0.14812485932519556,27.13157894736842,False Positive (Imputed/Missing)
Arctostaphylos glandulosa,Eastwood's Manzanita,Plantae,0,1,0.8096864428516795,0.0,33,277.4848484848485,0.13349702118924167,23.606060606060606,False Positive (Imputed/Missing)
Paragus haemorrhous,Common Grass Skimmer,Insecta,0,1,0.8081194020152295,0.0,56,126.69642857142857,0.15476338778223306,26.017857142857142,False Positive (Imputed/Missing)
Fritillaria biflora,Chocolate Lily,Plantae,0,1,0.8080174109738372,0.0,193,212.61658031088083,0.13689007034882358,28.041450777202073,False Positive (Imputed/Missing)
Acmaeodera bacchariphaga,,Insecta,0,1,0.8077652436909314,0.0,95,139.2,0.14097898712283682,27.83157894736842,False Positive (Imputed/Missing)
Avena fatua,wild oat,Plantae,0,1,0.8058253631477894,0.0,62,147.30645161290323,0.14170159171185184,27.887096774193548,False Positive (Imputed/Missing)
Platylyra californica,California Chaparral Katydid,Insecta,0,1,0.8054552675040259,0.0,34,169.7941176470588,0.14668387393741042,23.470588235294116,False Positive (Imputed/Missing)
Sanicula bipinnatifida,Purple Sanicle,Plantae,0,1,0.8054392307017101,0.0,62,120.04838709677419,0.13962665200233454,27.129032258064516,False Positive (Imputed/Missing)
Erodium moschatum,musk stork's-bill,Plantae,0,1,0.8050020578943229,0.0,51,131.6078431372549,0.16225582459831936,25.647058823529413,False Positive (Imputed/Missing)
Contumyces rosellus,rosy navel,Fungi,0,1,0.8044884907473238,0.0,41,145.6829268292683,0.1405007008735726,26.170731707317074,False Positive (Imputed/Missing)
Pterostegia drymarioides,Fairy Mist,Plantae,0,1,0.8044753031400729,0.0,26,189.92307692307693,0.14247969795878113,25.153846153846153,False Positive (Imputed/Missing)
Aspidoscelis hyperythrus beldingi,Belding’s Orange-throated Whiptail,Reptilia,0,1,0.8041042742127615,0.0,48,121.5,0.14055771396184957,26.145833333333332,False Positive (Imputed/Missing)
Polyphylla decemlineata,Ten-lined June Beetle,Insecta,0,1,0.8040984618645536,0.0,45,142.66666666666666,0.1342631844182809,26.977777777777778,False Positive (Imputed/Missing)
Lytta,,Insecta,0,1,0.8021839406728348,0.0,20,186.05,0.13958383537828917,26.2,False Positive (Imputed/Missing)
Agelenidae,Funnel Weavers,Arachnida,0,1,0.8008082981067777,0.0,60,126.45,0.14310404490679496,26.983333333333334,False Positive (Imputed/Missing)
Dasymutilla sackenii,Sacken's Velvet Ant,Insecta,0,1,0.7996750857718674,0.0,112,118.55357142857143,0.15733485169974817,26.589285714285715,False Positive (Imputed/Missing)
Bloomeria crocea crocea,,Plantae,0,1,0.7976270202158268,0.0,55,166.92727272727274,0.14154821891676292,27.836363636363636,False Positive (Imputed/Missing)
Hemipenthes,,Insecta,0,1,0.7967619477561195,0.0,31,153.8709677419355,0.14900455744035776,25.580645161290324,False Positive (Imputed/Missing)
Ennominae,,Insecta,0,1,0.7965753302604659,0.0,60,119.63333333333334,0.14368649156143265,25.316666666666666,False Positive (Imputed/Missing)
Taylorilygus apicalis,Broken-backed Bug,Insecta,0,1,0.7963239888087035,0.0,43,178.8372093023256,0.1284798653146555,26.11627906976744,False Positive (Imputed/Missing)
Xysticus,Ground Crab Spiders,Arachnida,0,1,0.7945964151813768,0.0,46,187.19565217391303,0.134423549408498,25.97826086956522,False Positive (Imputed/Missing)
Bryopsida,Joint-toothed Mosses,Plantae,0,1,0.793847406165985,0.0,41,145.5121951219512,0.14376891604283956,24.975609756097562,False Positive (Imputed/Missing)
Bagrada hilaris,Bagrada Bug,Insecta,0,1,0.7923772246962817,0.0,45,121.73333333333333,0.14825923161374194,25.91111111111111,False Positive (Imputed/Missing)
Agaricus,field and button mushrooms,Fungi,0,1,0.7914671042876699,0.0,46,143.47826086956522,0.15113814839202422,26.347826086956523,False Positive (Imputed/Missing)
Aspidoscelis tigris,Western Whiptail,Reptilia,0,1,0.7895100198812972,0.0,140,115.0,0.15260412203414095,25.857142857142858,False Positive (Imputed/Missing)
Carduus pycnocephalus,Italian thistle,Plantae,0,1,0.7891570942044328,0.0,147,116.85034013605443,0.16256837799929735,26.13605442176871,False Positive (Imputed/Missing)
Eremobates,,Arachnida,0,1,0.7885383589883292,0.0,36,129.97222222222223,0.14391393400728697,25.63888888888889,False Positive (Imputed/Missing)
Caenurgia togataria,,Insecta,0,1,0.7884763360201674,0.0,29,194.0344827586207,0.13348224219577062,26.93103448275862,False Positive (Imputed/Missing)
Cryptocephalus sanguinicollis,Blood-necked Cryptocephalus,Insecta,0,1,0.7880272370996428,0.0,29,156.79310344827587,0.14230177320283033,24.17241379310345,False Positive (Imputed/Missing)
Bloomeria crocea,goldenstar,Plantae,0,1,0.7879188570400042,0.0,106,158.6320754716981,0.14468318118520498,28.056603773584907,False Positive (Imputed/Missing)
Bothriocyrtum californicum,California Trapdoor Spider,Arachnida,0,1,0.7866179775538868,0.0,106,122.60377358490567,0.16255770071919232,27.264150943396228,False Positive (Imputed/Missing)
Mimetanthe pilosa,False Monkeyflower,Plantae,0,1,0.7865080964272813,0.0,29,181.58620689655172,0.1472121132858868,27.82758620689655,False Positive (Imputed/Missing)
Geococcyx californianus,Greater Roadrunner,Aves,0,1,0.7834228952333687,0.0,208,129.41346153846155,0.1373207829892635,26.75,False Positive (Imputed/Missing)
Icterus cucullatus,Hooded Oriole,Aves,0,1,0.7831450492217263,0.0,171,143.35087719298247,0.146484462873825,25.625730994152047,False Positive (Imputed/Missing)
Adiantum jordanii,California Maidenhair Fern,Plantae,0,1,0.7800914908617697,0.0,31,149.41935483870967,0.1585306491582624,26.64516129032258,False Positive (Imputed/Missing)
Astragalus trichopodus,Santa Barbara Milkvetch,Plantae,0,1,0.7767468662945765,0.0,210,167.23809523809524,0.1277872510609172,27.952380952380953,False Positive (Imputed/Missing)
Eucrypta chrysanthemifolia chrysanthemifolia,,Plantae,0,1,0.7761217298398548,0.0,31,131.51612903225808,0.1539925916060324,27.129032258064516,False Positive (Imputed/Missing)
Trupanea,,Insecta,0,1,0.7760455948204203,0.0,32,175.65625,0.12541270232759413,27.3125,False Positive (Imputed/Missing)
Geron,,Insecta,0,1,0.7755269976734462,0.0,48,128.97916666666666,0.1542301448062062,26.645833333333332,False Positive (Imputed/Missing)
Noctuoidea,Owlet Moths and Allies,Insecta,0,1,0.7742118293911279,0.0,22,161.63636363636363,0.13035548986359072,26.272727272727273,False Positive (Imputed/Missing)
Camponotus fragilis,,Insecta,0,1,0.773853319988943,0.0,21,197.85714285714286,0.12931740603276656,25.38095238095238,False Positive (Imputed/Missing)
Ochlodes sylvanoides,Woodland Skipper,Insecta,0,1,0.7735159202040479,0.0,168,125.81547619047619,0.1646707521812502,27.053571428571427,False Positive (Imputed/Missing)
Colias eurytheme,Orange Sulphur,Insecta,0,1,0.7735090507179748,0.0,28,153.89285714285714,0.13928735256195066,27.428571428571427,False Positive (Imputed/Missing)
Pellaea stictica,,Insecta,0,1,0.7708069669755493,0.0,29,174.9655172413793,0.13457550988372025,27.413793103448278,False Positive (Imputed/Missing)
Astragalus trichopodus lonchus,Southern California Milkvetch,Plantae,0,1,0.7705936730619984,0.0,154,162.75974025974025,0.12548394951146913,28.058441558441558,False Positive (Imputed/Missing)
Osmiini,,Insecta,0,1,0.7701366148147546,0.0,44,137.3409090909091,0.13552224399013946,25.045454545454547,False Positive (Imputed/Missing)
Trichostema lanatum,woolly bluecurls,Plantae,0,1,0.7685454081012238,0.0,95,290.5578947368421,0.1312833980902245,22.0,False Positive (Imputed/Missing)
Neoscona,Spotted Orbweavers,Arachnida,0,1,0.7670701162897596,0.0,35,128.62857142857143,0.14915840178728101,25.428571428571427,False Positive (Imputed/Missing)
Liris,,Insecta,0,1,0.76617665618793,0.0,32,139.28125,0.14387983642518515,26.9375,False Positive (Imputed/Missing)
Paruroctonus silvestrii,California common scorpion,Arachnida,0,1,0.7652716873618998,0.0,86,127.70930232558139,0.16173366465887354,24.430232558139537,False Positive (Imputed/Missing)
Largus,,Insecta,0,1,0.761809416414456,0.0,19,174.78947368421052,0.1348092430516293,26.57894736842105,False Positive (Imputed/Missing)
Washingtonia robusta,Mexican Fan Palm,Plantae,0,1,0.7613440985592894,0.0,70,140.81428571428572,0.1600130371774347,26.114285714285714,False Positive (Imputed/Missing)
Nomada,Nomad Bees,Insecta,0,1,0.7613122918066314,0.0,30,167.03333333333333,0.12701263378063835,26.166666666666668,False Positive (Imputed/Missing)
Cisthene liberomacula,,Insecta,0,1,0.7607972600428182,0.0,40,137.575,0.13695204518735407,26.575,False Positive (Imputed/Missing)
Thryomanes bewickii,Bewick's Wren,Aves,0,1,0.7597043126651567,0.0,206,136.55825242718447,0.1492997404222955,24.59223300970874,False Positive (Imputed/Missing)
Ochlodes agricola,Rural Skipper,Insecta,0,1,0.759542427449933,0.0,16,200.625,0.13523871684446928,25.0625,False Positive (Imputed/Missing)
Sanicula tuberosa,Tuberous Sanicle,Plantae,0,1,0.7590371934951254,0.0,24,178.33333333333334,0.147338251893719,24.541666666666668,False Positive (Imputed/Missing)
Asphodelus fistulosus,Onion-Leafed Asphodel,Plantae,0,1,0.7588054263117404,0.0,72,165.18055555555554,0.14378471804714837,25.52777777777778,False Positive (Imputed/Missing)
Aeronautes saxatalis,White-throated Swift,Aves,0,1,0.7585199873124832,0.0,80,156.95,0.13667172044515605,27.025,False Positive (Imputed/Missing)
Noctuidae,Cutworm Moths and Allies,Insecta,0,1,0.756276027712915,0.0,44,128.9090909090909,0.12850345832041715,26.772727272727273,False Positive (Imputed/Missing)
Clarkia purpurea quadrivulnera,four-spot,Plantae,0,1,0.7562439055293342,0.0,30,133.96666666666667,0.1488780396680037,26.333333333333332,False Positive (Imputed/Missing)
Vanessa annabella,West Coast Lady,Insecta,0,1,0.7558539453736829,0.0,18,272.3333333333333,0.15652096354299116,23.055555555555557,False Positive (Imputed/Missing)
Phalaenoptilus nuttallii,Common Poorwill,Aves,0,1,0.7553258748499955,0.0,68,141.02941176470588,0.14307175061720254,25.897058823529413,False Positive (Imputed/Missing)
Grindelia camporum,Great Valley gumweed,Plantae,0,1,0.7552009573632837,0.0,50,149.42,0.14729749053716654,27.78,False Positive (Imputed/Missing)
Acmaeodera,Yellow-marked Buprestid Beetles,Insecta,0,1,0.7550086262879664,0.0,57,124.6842105263158,0.14846751760495333,26.982456140350877,False Positive (Imputed/Missing)
Ancistrocerus,,Insecta,0,1,0.7549747790375972,0.0,20,180.1,0.1322880636900663,26.9,False Positive (Imputed/Missing)
Dasymutilla californica,,Insecta,0,1,0.7541410120736038,0.0,27,145.62962962962962,0.13002238312253242,27.444444444444443,False Positive (Imputed/Missing)
Calochortus,mariposa lilies,Plantae,0,1,0.7529587035605744,0.0,18,171.44444444444446,0.1411595199671056,25.333333333333332,False Positive (Imputed/Missing)
Zonotrichia atricapilla,Golden-crowned Sparrow,Aves,0,1,0.7523993685153052,0.0,118,137.60169491525423,0.15210825237603381,24.822033898305083,False Positive (Imputed/Missing)
Chenopodiastrum murale,nettle-leaved goosefoot,Plantae,0,1,0.7516133786954065,0.0,31,164.1290322580645,0.13199767494393927,26.870967741935484,False Positive (Imputed/Missing)
Sphaeropthalma unicolor,,Insecta,0,1,0.7514192626746389,0.0,21,162.95238095238096,0.1342398332698004,25.428571428571427,False Positive (Imputed/Missing)
Schinus molle,Peruvian Pepper Tree,Plantae,0,1,0.7510883774104334,0.0,40,160.15,0.1585828017443418,27.4,False Positive (Imputed/Missing)
Porcellionides pruinosus,Powderblues,Animalia,0,1,0.7505889800234664,0.0,20,187.8,0.14280408099293704,26.95,False Positive (Imputed/Missing)
Amsinckia menziesii,Common Fiddleneck,Plantae,0,1,0.7488039044536479,0.0,83,114.20481927710843,0.15970715907323788,25.03614457831325,False Positive (Imputed/Missing)
Clarkia epilobioides,canyon clarkia,Plantae,0,1,0.7486584006003701,0.0,43,135.09302325581396,0.15982072973667186,25.209302325581394,False Positive (Imputed/Missing)
Thyanta,,Insecta,0,1,0.7482037372250515,0.0,32,185.6875,0.13000112818554038,27.21875,False Positive (Imputed/Missing)
Ceuthophilus hesperus,San Diego Camel Cricket,Insecta,0,1,0.7447424355534425,0.0,41,141.14634146341464,0.16261396284510446,25.682926829268293,False Positive (Imputed/Missing)
Anthomyiidae,Root-maggot Flies,Insecta,0,1,0.7436733193721293,0.0,18,172.77777777777777,0.1420238605803913,25.055555555555557,False Positive (Imputed/Missing)
Armadillidium vulgare,Common Pill Woodlouse,Animalia,0,1,0.743620032310083,0.0,85,117.88235294117646,0.1411794506013393,27.776470588235295,False Positive (Imputed/Missing)
Serradigitus gertschi,Sawfinger Scorpion,Arachnida,0,1,0.7427940006281467,0.0,24,281.6666666666667,0.13955040431270993,26.25,False Positive (Imputed/Missing)
Masticophis lateralis,Striped Racer,Reptilia,0,1,0.7422739216032439,0.0,34,134.08823529411765,0.16109411747140037,24.823529411764707,False Positive (Imputed/Missing)
Acari,Mites and Ticks,Arachnida,0,1,0.7397628814687501,0.0,19,172.78947368421052,0.14297847292925178,25.57894736842105,False Positive (Imputed/Missing)
Camissoniopsis micrantha,miniature suncup,Plantae,0,1,0.7393075207630683,0.0,34,123.55882352941177,0.14807822884005653,27.647058823529413,False Positive (Imputed/Missing)
Aspidoscelis tigris stejnegeri,Coastal Whiptail,Reptilia,0,1,0.7386712462511729,0.0,38,133.21052631578948,0.14815310310376315,23.63157894736842,False Positive (Imputed/Missing)
Ceratina acantha,,Insecta,0,1,0.738638825696821,0.0,32,132.15625,0.13308753888122735,26.4375,False Positive (Imputed/Missing)
Ichneumonoidea,Ichneumonid and Braconid Wasps,Insecta,0,1,0.7375995151372733,0.0,18,156.38888888888889,0.14599878175391087,25.555555555555557,False Positive (Imputed/Missing)
Scolopendra polymorpha,Common Desert Centipede,Animalia,0,1,0.7371599080680483,0.0,13,209.0,0.13601189164014957,24.307692307692307,False Positive (Imputed/Missing)
Phacelia,Scorpionweeds,Plantae,0,1,0.7367718836698591,0.0,38,118.34210526315789,0.15031972223598702,25.605263157894736,False Positive (Imputed/Missing)
Coriarachnini,,Arachnida,0,1,0.7367300942828784,0.0,27,159.88888888888889,0.1432452113540084,26.37037037037037,False Positive (Imputed/Missing)
Dictis striatipes,Striped Spitting Spider,Arachnida,0,1,0.736712156896761,0.0,37,146.75675675675674,0.1277138677400511,27.486486486486488,False Positive (Imputed/Missing)
Sarcophagidae,Flesh Flies and Satellite Flies,Insecta,0,1,0.736665591036423,0.0,28,142.60714285714286,0.1502904381070818,27.428571428571427,False Positive (Imputed/Missing)
Lycoperdon,,Fungi,0,1,0.7364161596771474,0.0,29,186.20689655172413,0.13457579165697092,25.448275862068964,False Positive (Imputed/Missing)
Acacia redolens,vanilla-scented wattle,Plantae,0,1,0.7360522662756045,0.0,37,199.2972972972973,0.15453335675536778,27.756756756756758,False Positive (Imputed/Missing)
Passeriformes,Perching Birds,Aves,0,1,0.734795922645796,0.0,45,143.4,0.15141745531517595,26.266666666666666,False Positive (Imputed/Missing)
Castilleja affinis,Coast Paintbrush,Plantae,0,1,0.7338588917161789,0.0,51,231.84313725490196,0.14888289570808405,22.19607843137255,False Positive (Imputed/Missing)
Solanum nigrum,black nightshade,Plantae,0,1,0.7331660561255987,0.0,34,145.41176470588235,0.16128116835127856,25.5,False Positive (Imputed/Missing)
Agaricomycetes,"Mushrooms, Bracket Fungi, Puffballs, and Allies",Fungi,0,1,0.7322980049520299,0.0,74,130.44594594594594,0.165617844442258,26.83783783783784,False Positive (Imputed/Missing)
Lasthenia coronaria,Royal Goldfields,Plantae,0,1,0.7315264585989759,0.0,20,248.85,0.1362553864717483,22.95,False Positive (Imputed/Missing)
Dipodomys simulans,Dulzura Kangaroo Rat,Mammalia,0,1,0.7307703623536966,0.0,16,184.0,0.13458152906969187,25.25,False Positive (Imputed/Missing)
Riccia,Crystalworts,Plantae,0,1,0.7302616746112031,0.0,22,165.22727272727272,0.13204967821101568,25.136363636363637,False Positive (Imputed/Missing)
Lupinus concinnus,bajada lupine,Plantae,0,1,0.7293560924422005,0.0,20,170.4,0.12953348830342287,27.25,False Positive (Imputed/Missing)
Cercopoidea,Spittlebugs and Froghoppers,Insecta,0,1,0.7288920087782429,0.0,53,118.0,0.14690819045282758,26.754716981132077,False Positive (Imputed/Missing)
Gymnopus dryophilus,Oak-loving Gymnopus,Fungi,0,1,0.7282199183103834,0.0,33,161.8181818181818,0.14951205140713483,25.90909090909091,False Positive (Imputed/Missing)
Macaria marcescaria,,Insecta,0,1,0.7281399510685655,0.0,33,119.60606060606061,0.13984158612561942,24.515151515151516,False Positive (Imputed/Missing)
Ricinus communis,castor bean,Plantae,0,1,0.7277797872481323,0.0,99,152.17171717171718,0.15900580201655473,25.404040404040405,False Positive (Imputed/Missing)
Polyphaga,"Water, Rove, Scarab, Long-horned, Leaf, and Snout Beetles",Insecta,0,1,0.7269822861060422,0.0,16,156.625,0.13791325036436314,27.0625,False Positive (Imputed/Missing)
Cochemiea dioica,Peninsular fishhook cactus,Plantae,0,1,0.7266484586307475,0.0,42,189.04761904761904,0.1458842977881431,26.571428571428573,False Positive (Imputed/Missing)
Coscinoptera aeneipennis,Bronze-winged Cryptocephaline,Insecta,0,1,0.7260448242924332,0.0,21,178.57142857142858,0.1332507403123946,25.80952380952381,False Positive (Imputed/Missing)
Lonicera subspicata,Southern Honeysuckle,Plantae,0,1,0.7245285656903792,0.0,31,174.09677419354838,0.15213781571195967,28.387096774193548,False Positive (Imputed/Missing)
Spirobolida,Iron Millipedes,Animalia,0,1,0.7233955891759674,0.0,24,151.95833333333334,0.1308038731416066,26.916666666666668,False Positive (Imputed/Missing)
Carex triquetra,trigonous sedge,Plantae,0,1,0.7230577526190808,0.0,17,194.7058823529412,0.15014495043193588,24.764705882352942,False Positive (Imputed/Missing)
Latrodectus geometricus,Brown Widow,Arachnida,0,1,0.7230556684397041,0.0,49,143.81632653061226,0.12372607388058483,27.285714285714285,False Positive (Imputed/Missing)
Stenomorpha angulata,,Insecta,0,1,0.7228147831431315,0.0,17,153.88235294117646,0.13867859038359973,26.41176470588235,False Positive (Imputed/Missing)
Foeniculum vulgare,fennel,Plantae,0,1,0.7219894646296374,0.0,318,126.25471698113208,0.16936895540628413,25.69182389937107,False Positive (Imputed/Missing)
Ichneumonidae,Ichneumonid Wasps,Insecta,0,1,0.7219290808798174,0.0,28,137.71428571428572,0.14572493279618873,26.25,False Positive (Imputed/Missing)
Dimelaena radiata,mountain lichen,Fungi,0,1,0.721540334453785,0.0,29,177.27586206896552,0.1386167779564857,26.896551724137932,False Positive (Imputed/Missing)
Trimorphodon lyrophanes,California Lyresnake,Reptilia,0,1,0.7200297121141541,0.0,13,226.30769230769232,0.12339935938899328,24.076923076923077,False Positive (Imputed/Missing)
Narnia femorata,,Insecta,0,1,0.7191569222791763,0.0,33,207.9090909090909,0.13877724336855338,27.666666666666668,False Positive (Imputed/Missing)
Opiliones,Harvestmen,Arachnida,0,1,0.7189425449856292,0.0,28,140.35714285714286,0.13830142281949517,25.285714285714285,False Positive (Imputed/Missing)
Anthophorula nitens,Shining Mini-Digger,Insecta,0,1,0.7188043099187369,0.0,18,169.77777777777777,0.13577963494592238,26.77777777777778,False Positive (Imputed/Missing)
Scaphytopius,,Insecta,0,1,0.7183726151988579,0.0,20,177.6,0.1425172451883554,26.15,False Positive (Imputed/Missing)
Tipulidae,Large Crane Flies,Insecta,0,1,0.718190967964705,0.0,20,150.65,0.12833802755922075,26.95,False Positive (Imputed/Missing)
Cryptocephalus andrewsi,,Insecta,0,1,0.7171285668599867,0.0,36,187.22222222222223,0.12781146520541772,26.444444444444443,False Positive (Imputed/Missing)
Pellaea mucronata mucronata,,Plantae,0,1,0.7171269270959364,0.0,15,251.06666666666666,0.1366086582342783,25.733333333333334,False Positive (Imputed/Missing)
Dasytinae,,Insecta,0,1,0.7167260085737391,0.0,17,149.64705882352942,0.1405022849931436,26.294117647058822,False Positive (Imputed/Missing)
Erigeron foliosus foliosus,Thread stemmed fleabane,Plantae,0,1,0.7167110169659778,0.0,25,177.32,0.15144961625337597,27.28,False Positive (Imputed/Missing)
Camissoniopsis bistorta,California sun cup,Plantae,0,1,0.7159457379211347,0.0,85,114.04705882352941,0.1410657705629573,25.55294117647059,False Positive (Imputed/Missing)
Diadasia australis,Cactus chimney bees,Insecta,0,1,0.7149549900455644,0.0,98,215.72448979591837,0.13039797346810902,27.132653061224488,False Positive (Imputed/Missing)
Rhinocheilus lecontei,Long-nosed Snake,Reptilia,0,1,0.7142700692396251,0.0,18,154.44444444444446,0.13114329800009722,26.88888888888889,False Positive (Imputed/Missing)
Harmostes reflexulus,,Insecta,0,1,0.7137882084296492,0.0,36,167.27777777777777,0.13054627676804856,27.083333333333332,False Positive (Imputed/Missing)
Aytoniaceae,,Plantae,0,1,0.7131764994364524,0.0,20,179.2,0.1502201914787292,25.75,False Positive (Imputed/Missing)
Parajulidae,Parajulid Millipedes,Animalia,0,1,0.7127980199088995,0.0,30,124.56666666666666,0.1505003881951173,24.633333333333333,False Positive (Imputed/Missing)
Eupithecia,Pug Moths,Insecta,0,1,0.7126923168000953,0.0,30,148.16666666666666,0.12718185484409328,27.433333333333334,False Positive (Imputed/Missing)
Astereae,asters and allies,Plantae,0,1,0.7122908255849421,0.0,45,118.31111111111112,0.15488962092333367,26.733333333333334,False Positive (Imputed/Missing)
Melanoplus cinereus cyanipes,,Insecta,0,1,0.711583631920988,0.0,26,131.73076923076923,0.14386808786254657,24.73076923076923,False Positive (Imputed/Missing)
Agathidini,,Insecta,0,1,0.7103358591421597,0.0,15,154.46666666666667,0.13493623534838356,26.733333333333334,False Positive (Imputed/Missing)
Juncus bufonius,Toad rush,Plantae,0,1,0.7102566641895807,0.0,19,175.10526315789474,0.14241404203992136,26.42105263157895,False Positive (Imputed/Missing)
Fritillaria biflora biflora,,Plantae,0,1,0.709276976174168,0.0,25,216.84,0.1323054072260856,27.52,False Positive (Imputed/Missing)
Apantesis proxima,Mexican Tiger Moth,Insecta,0,1,0.7081269971856285,0.0,38,128.1578947368421,0.1426232057182412,27.394736842105264,False Positive (Imputed/Missing)
Hemiargus ceraunus,Ceraunus Blue,Insecta,0,1,0.7079587451034018,0.0,50,137.3,0.14332237064838405,27.04,False Positive (Imputed/Missing)
Layia platyglossa,tidy tips,Plantae,0,1,0.7059485087713204,0.0,55,131.23636363636365,0.13257453041151163,22.29090909090909,False Positive (Imputed/Missing)
Psilocarphus tenellus,slender woolly-marbles,Plantae,0,1,0.7055744166531485,0.0,37,201.8108108108108,0.12787831473994896,27.35135135135135,False Positive (Imputed/Missing)
Batrachoseps major,Southern California Slender Salamander,Amphibia,0,1,0.7053919585690092,0.0,32,132.40625,0.15017187525518236,28.03125,False Positive (Imputed/Missing)
Pectocarya linearis ferocula,narrow-toothed pectocarya,Plantae,0,1,0.704688512792702,0.0,20,196.25,0.13246862143278118,27.95,False Positive (Imputed/Missing)
Ascomycota,Ascomycete Fungi,Fungi,0,1,0.7046165955278116,0.0,28,166.0,0.1451253680778401,24.285714285714285,False Positive (Imputed/Missing)
Zelus tetracanthus,Four-spurred Assassin Bug,Insecta,0,1,0.7027481498552195,0.0,21,163.57142857142858,0.1328469954785846,26.285714285714285,False Positive (Imputed/Missing)
Polycarpon tetraphyllum,fourleaf manyseed,Plantae,0,1,0.7020417863256605,0.0,21,164.76190476190476,0.14563733374788643,26.80952380952381,False Positive (Imputed/Missing)
Habronattus tranquillus,,Arachnida,0,1,0.7016156343032511,0.0,41,196.5121951219512,0.1337114125490188,26.902439024390244,False Positive (Imputed/Missing)
Linepithema humile,Argentine Ant,Insecta,0,1,0.7013357808328913,0.0,98,111.59183673469387,0.15641328477661826,25.56122448979592,False Positive (Imputed/Missing)
Agrilus blandus,,Insecta,0,1,0.7010233161937856,0.0,22,148.36363636363637,0.141855296424844,26.727272727272727,False Positive (Imputed/Missing)
Euphorbia,Spurges,Plantae,0,1,0.7004516327645333,0.0,17,162.8235294117647,0.1352503190145773,26.823529411764707,False Positive (Imputed/Missing)
Kickxia elatine,Sharp-leaved Fluellen,Plantae,0,1,0.7001153853976486,0.0,29,160.20689655172413,0.15293863801092933,27.551724137931036,False Positive (Imputed/Missing)
Eriogonum fasciculatum foliolosum,Leafy California Buckwheat,Plantae,0,1,0.6990305230897252,0.0,23,161.91304347826087,0.13196567219236618,27.043478260869566,False Positive (Imputed/Missing)
Hesperotipula,,Insecta,0,1,0.698256643969401,0.0,14,155.07142857142858,0.1478461793490818,25.714285714285715,False Positive (Imputed/Missing)
Cicadellidae,Typical Leafhoppers,Insecta,0,1,0.6976347053416956,0.0,20,148.15,0.14205736890435214,26.8,False Positive (Imputed/Missing)
Sisymbrium orientale,eastern rocket,Plantae,0,1,0.697232757822688,0.0,24,155.75,0.1443337397649884,24.666666666666668,False Positive (Imputed/Missing)
Narnia wilsoni,,Insecta,0,1,0.6967943457905499,0.0,12,201.58333333333334,0.13566008644799388,25.833333333333332,False Positive (Imputed/Missing)
Bromus madritensis,Compact Brome,Plantae,0,1,0.6955252385615629,0.0,26,177.0,0.14762125622767663,27.884615384615383,False Positive (Imputed/Missing)
Nyctoporis carinata,,Insecta,0,1,0.6952063059526122,0.0,17,146.41176470588235,0.1341143162811503,24.294117647058822,False Positive (Imputed/Missing)
Philanthus gibbosus,Hump-backed Beewolf,Insecta,0,1,0.6949720542689112,0.0,34,174.8235294117647,0.12906174953369529,26.352941176470587,False Positive (Imputed/Missing)
Anthophora curta,Short Sun-digger Bee,Insecta,0,1,0.6929624537459033,0.0,29,149.9655172413793,0.14335008710622785,27.862068965517242,False Positive (Imputed/Missing)
Noctuinae,Cutworms and Dart Moths,Insecta,0,1,0.6916808388496581,0.0,24,143.5,0.1257397104054689,26.5,False Positive (Imputed/Missing)
Aphididae,Aphids,Insecta,0,1,0.6911911225990738,0.0,43,117.76744186046511,0.15552483334444286,25.372093023255815,False Positive (Imputed/Missing)
Falco sparverius,American Kestrel,Aves,0,1,0.6898381224818618,0.0,98,129.21428571428572,0.14941602898286463,25.285714285714285,False Positive (Imputed/Missing)
Euphilotes,American Dotted Blues,Insecta,0,1,0.6894696008199592,0.0,20,148.2,0.1569624133408069,26.9,False Positive (Imputed/Missing)
Pacificanthia consors,Brown Leather Wing Beetle,Insecta,0,1,0.6894349825185272,0.0,51,118.49019607843137,0.14026463908307688,27.19607843137255,False Positive (Imputed/Missing)
Leptoglossus zonatus,,Insecta,0,1,0.6890749102131629,0.0,32,172.625,0.1434031068347394,25.59375,False Positive (Imputed/Missing)
Alopecosa kochi,Koch's Wolf Spider,Arachnida,0,1,0.6888474474310131,0.0,24,145.08333333333334,0.15161009101818002,24.541666666666668,False Positive (Imputed/Missing)
Diabrotica undecimpunctata,Spotted Cucumber Beetle,Insecta,0,1,0.6881110412442816,0.0,24,145.0,0.14493171032518146,27.041666666666668,False Positive (Imputed/Missing)
Stagmomantis,,Insecta,0,1,0.6880856618712042,0.0,47,118.38297872340425,0.14756560991419118,26.085106382978722,False Positive (Imputed/Missing)
Cardionema ramosissima,Sandcarpet,Plantae,0,1,0.687802197025626,0.0,14,187.42857142857142,0.13181893474289347,25.428571428571427,False Positive (Imputed/Missing)
Tragidion annulatum,,Insecta,0,1,0.6867334059915973,0.0,13,180.3846153846154,0.1238537149933668,26.0,False Positive (Imputed/Missing)
Argyrotaenia franciscana,Orange Tortrix Moth,Insecta,0,1,0.6861220255258288,0.0,14,198.14285714285714,0.12453406197684146,27.071428571428573,False Positive (Imputed/Missing)
Curculionidae,True Weevils,Insecta,0,1,0.6857830212579998,0.0,15,153.93333333333334,0.1292405009269714,25.733333333333334,False Positive (Imputed/Missing)
Curicaberis,,Arachnida,0,1,0.6847943317879991,0.0,27,123.5925925925926,0.1443879422214296,26.62962962962963,False Positive (Imputed/Missing)
Schizocosa mccooki,McCook's Split Wolf Spider,Arachnida,0,1,0.6845034062043992,0.0,45,118.62222222222222,0.1476710729197495,25.066666666666666,False Positive (Imputed/Missing)
Pectocarya,combseeds,Plantae,0,1,0.6844880373635133,0.0,16,174.5625,0.13626930257305497,26.75,False Positive (Imputed/Missing)
Tetraloniella davidsoni,Davidson's Longhorn Bee,Insecta,0,1,0.684330162510059,0.0,22,217.8181818181818,0.13568128171292215,27.227272727272727,False Positive (Imputed/Missing)
Datura wrightii,Sacred Datura,Plantae,0,1,0.6839554757895464,0.0,831,103.17809867629362,0.15967370055349167,25.282791817087848,False Positive (Imputed/Missing)
Braconidae,Braconid Wasps,Insecta,0,1,0.6838735792325363,0.0,32,144.46875,0.14983306988142428,26.78125,False Positive (Imputed/Missing)
Psoloessa texana,Texas Range Grasshopper,Insecta,0,1,0.6833405328750742,0.0,29,201.79310344827587,0.13093307023418357,26.20689655172414,False Positive (Imputed/Missing)
Brassiceae,,Plantae,0,1,0.6833148713361367,0.0,43,131.37209302325581,0.14221145272211622,26.0,False Positive (Imputed/Missing)
Puccinia evadens,coyote brush rust,Fungi,0,1,0.6831727892812413,0.0,26,151.69230769230768,0.14305484868012938,26.423076923076923,False Positive (Imputed/Missing)
Oncopeltus fasciatus,Large Milkweed Bug,Insecta,0,1,0.6818386490446126,0.0,31,128.96774193548387,0.15984725807943648,27.193548387096776,False Positive (Imputed/Missing)
Catorhintha apicalis,,Insecta,0,1,0.6818269986038491,0.0,15,191.93333333333334,0.1371504127979278,26.333333333333332,False Positive (Imputed/Missing)
Agapostemon,,Insecta,0,1,0.6817194368053046,0.0,22,131.04545454545453,0.14242950708351348,26.318181818181817,False Positive (Imputed/Missing)
Solifugae,Solifuges,Arachnida,0,1,0.6811564004952451,0.0,13,194.3846153846154,0.1383147394427886,27.846153846153847,False Positive (Imputed/Missing)
Otospermophilus beecheyi,California Ground Squirrel,Mammalia,0,1,0.6805256888378556,0.0,352,140.70738636363637,0.1455875833404537,25.551136363636363,False Positive (Imputed/Missing)
Aciurina thoracica,Desert Broom Gallfly,Insecta,0,1,0.6793078198372116,0.0,16,145.9375,0.13676097476854915,25.625,False Positive (Imputed/Missing)
Macrosiphini,,Insecta,0,1,0.6784896649363744,0.0,17,148.47058823529412,0.1523734217180925,25.941176470588236,False Positive (Imputed/Missing)
Rena humilis,Western Threadsnake,Reptilia,0,1,0.6777953178734168,0.0,38,115.21052631578948,0.14626903028080332,26.710526315789473,False Positive (Imputed/Missing)
Diploschistes,Crater Lichens,Fungi,0,1,0.6777578135346155,0.0,11,285.45454545454544,0.1347994601184671,25.454545454545453,False Positive (Imputed/Missing)
Tyrannus verticalis,Western Kingbird,Aves,0,1,0.6774170387846703,0.0,94,137.04255319148936,0.14614421071452482,24.95744680851064,False Positive (Imputed/Missing)
Lytta crotchii,,Insecta,0,1,0.6766499293796935,0.0,23,137.7826086956522,0.14224930593500962,27.347826086956523,False Positive (Imputed/Missing)
Melanoplus devastator,Devastating Grasshopper,Insecta,0,1,0.6766112743644112,0.0,14,161.42857142857142,0.1371202878654003,26.071428571428573,False Positive (Imputed/Missing)
Hypsiglena ochrorhynchus,Coast Night Snake,Reptilia,0,1,0.6741062920486458,0.0,18,162.5,0.15334004494878975,24.666666666666668,False Positive (Imputed/Missing)
Cyathus olla,field bird's nest fungus,Fungi,0,1,0.6739910244292925,0.0,25,152.44,0.1325810036063194,25.04,False Positive (Imputed/Missing)
Phidippus nikites,,Arachnida,0,1,0.673509342822819,0.0,37,163.56756756756758,0.12627163760968152,27.08108108108108,False Positive (Imputed/Missing)
Eleodes carbonaria omissa,,Insecta,0,1,0.6727921628943242,0.0,31,145.70967741935485,0.1498353724037447,27.93548387096774,False Positive (Imputed/Missing)
Deinandra,,Plantae,0,1,0.6723986131150371,0.0,14,171.85714285714286,0.12937259354761663,27.0,False Positive (Imputed/Missing)
Pseudognaphalium microcephalum,Feltleaf Everlasting,Plantae,0,1,0.672179147029853,0.0,51,119.54901960784314,0.16901070493109083,24.50980392156863,False Positive (Imputed/Missing)
Metacyrba taeniola,Ribbon Jumping Spider,Arachnida,0,1,0.6720574373286822,0.0,13,167.23076923076923,0.1429432550301918,27.46153846153846,False Positive (Imputed/Missing)
Amsinckia,Fiddlenecks,Plantae,0,1,0.6709735832904307,0.0,34,116.38235294117646,0.15747440255740106,24.852941176470587,False Positive (Imputed/Missing)
Anaxyrus boreas,Western Toad,Amphibia,0,1,0.6705437159869153,0.0,39,121.48717948717949,0.15535925433803824,27.53846153846154,False Positive (Imputed/Missing)
Stachys,Hedgenettles,Plantae,0,1,0.6704284379881437,0.0,28,144.21428571428572,0.1518559660762548,27.928571428571427,False Positive (Imputed/Missing)
Theba pisana,White Italian Snail,Mollusca,0,1,0.6704172678120067,0.0,104,131.6153846153846,0.13677849168799672,27.009615384615383,False Positive (Imputed/Missing)
Aceria paracalifornica,California Sagebrush Gall Mite,Arachnida,0,1,0.6703410039091537,0.0,23,142.30434782608697,0.15434166303147437,24.217391304347824,False Positive (Imputed/Missing)
Masticophis lateralis lateralis,California Striped Racer,Reptilia,0,1,0.6698625419634268,0.0,15,167.26666666666668,0.13163908272981642,25.133333333333333,False Positive (Imputed/Missing)
Pseudomyrmex apache,Apache Twig Ant,Insecta,0,1,0.6698579601090598,0.0,17,151.23529411764707,0.14471728267038564,27.0,False Positive (Imputed/Missing)
Papaver californicum,fire poppy,Plantae,0,1,0.6686849696130813,0.0,13,255.92307692307693,0.15636172088292927,24.076923076923077,False Positive (Imputed/Missing)
Hemeroplanis historialis,,Insecta,0,1,0.6677334722449857,0.0,13,226.6153846153846,0.13006832737189067,26.46153846153846,False Positive (Imputed/Missing)
Hordeum murinum,wall barley,Plantae,0,1,0.6675366028334814,0.0,28,130.28571428571428,0.14681167155504224,27.071428571428573,False Positive (Imputed/Missing)
Trachynia,purple false-bromes,Plantae,0,1,0.6661080732536655,0.0,15,192.93333333333334,0.13590447753667828,27.4,False Positive (Imputed/Missing)
Pangaeus bilineatus,Two-lined Burrowing Bug,Insecta,0,1,0.6658816579866348,0.0,15,159.66666666666666,0.13630468100309365,27.333333333333332,False Positive (Imputed/Missing)
Narnia,,Insecta,0,1,0.6658443755322956,0.0,25,196.48,0.12812211394309994,27.0,False Positive (Imputed/Missing)
Sarcophaga,Common Flesh Flies,Insecta,0,1,0.6657842733413437,0.0,21,136.76190476190476,0.13780683846700756,26.61904761904762,False Positive (Imputed/Missing)
Acreophthiria,,Insecta,0,1,0.6644882711142394,0.0,19,151.3684210526316,0.13545140741687067,26.526315789473685,False Positive (Imputed/Missing)
Ribes speciosum,Fuchsiaflower Gooseberry,Plantae,0,1,0.6640925029543784,0.0,182,110.46153846153847,0.1522602198215631,27.346153846153847,False Positive (Imputed/Missing)
Amara,Sun Beetles,Insecta,0,1,0.6638648823476503,0.0,19,144.6315789473684,0.14721330843473734,26.94736842105263,False Positive (Imputed/Missing)
Icaricia acmon,Acmon Blue,Insecta,0,1,0.6636960517407634,0.0,80,114.3875,0.15585512835532422,27.05,False Positive (Imputed/Missing)
Callophrys augustinus,Brown Elfin,Insecta,0,1,0.6633067234445136,0.0,15,209.46666666666667,0.13581719746192294,27.8,False Positive (Imputed/Missing)
Colonus hesperus,,Arachnida,0,1,0.6631240006147492,0.0,36,157.97222222222223,0.1328721362062626,27.055555555555557,False Positive (Imputed/Missing)
Salpinctes obsoletus,Rock Wren,Aves,0,1,0.6627202263274871,0.0,24,177.25,0.1372263186300794,26.541666666666668,False Positive (Imputed/Missing)
Rafinesquia californica,California chicory,Plantae,0,1,0.661745782813036,0.0,32,151.40625,0.14797893259674308,21.21875,False Positive (Imputed/Missing)
Megachile parallela,Parallel Leafcutter Bee,Insecta,0,1,0.6608697190566485,0.0,18,142.61111111111111,0.14353310772114328,26.22222222222222,False Positive (Imputed/Missing)
Neochelostoma,,Insecta,0,1,0.6594037060235616,0.0,29,116.24137931034483,0.15304983330184013,24.482758620689655,False Positive (Imputed/Missing)
Coccinellini,Black-spotted Lady Beetles,Insecta,0,1,0.6585477170018567,0.0,30,125.73333333333333,0.1554293885827064,25.0,False Positive (Imputed/Missing)
Agulla bicolor,,Insecta,0,1,0.6582276277722662,0.0,16,137.0,0.1349274818785488,26.25,False Positive (Imputed/Missing)
Zelotes,,Arachnida,0,1,0.6563157128320104,0.0,13,168.76923076923077,0.15054564063365639,25.692307692307693,False Positive (Imputed/Missing)
Astata,,Insecta,0,1,0.6556577346682095,0.0,16,163.25,0.15069567505270237,26.25,False Positive (Imputed/Missing)
Sceloporus orcutti,Granite Spiny Lizard,Reptilia,0,1,0.6555273960230875,0.0,179,104.58659217877096,0.15279996565766837,26.335195530726256,False Positive (Imputed/Missing)
Pezizomycotina,Sac Fungi and Lichens,Fungi,0,1,0.6552834598651235,0.0,21,161.47619047619048,0.1543858008725302,24.38095238095238,False Positive (Imputed/Missing)
Diadasia diminuta,Globemallow chimney bees,Insecta,0,1,0.6545952584727694,0.0,25,156.72,0.14454902470111844,27.32,False Positive (Imputed/Missing)
Rhus ovata,sugar bush,Plantae,0,1,0.6544160556779588,0.0,25,134.64,0.1412826138734817,23.28,False Positive (Imputed/Missing)
Allium peninsulare,Mexicali Onion,Plantae,0,1,0.6542294119001938,0.0,28,125.46428571428571,0.15758214837738443,23.964285714285715,False Positive (Imputed/Missing)
Lycoperdon marginatum,Peeling Puffball,Fungi,0,1,0.6540981487110892,0.0,14,177.07142857142858,0.14202016432370454,25.428571428571427,False Positive (Imputed/Missing)
Gloridonus,,Insecta,0,1,0.65068636275749,0.0,18,171.38888888888889,0.13309188766611943,26.22222222222222,False Positive (Imputed/Missing)
Vicia benghalensis,reddish tufted vetch,Plantae,0,1,0.6506206307006602,0.0,29,156.0,0.14793275861904534,26.655172413793103,False Positive (Imputed/Missing)
Trirhabda luteocincta,Goldenbush beetle,Insecta,0,1,0.649820811910842,0.0,20,173.2,0.12276000976562496,27.75,False Positive (Imputed/Missing)
Stenodynerus,,Insecta,0,1,0.6482107186124237,0.0,26,138.84615384615384,0.14879223847618467,27.115384615384617,False Positive (Imputed/Missing)
Homalodisca liturata,Smoketree Sharpshooter,Insecta,0,1,0.6480279687030058,0.0,30,116.53333333333333,0.15784463038047153,24.233333333333334,False Positive (Imputed/Missing)
Prionyx,,Insecta,0,1,0.647612898245579,0.0,17,190.41176470588235,0.1223152875900268,26.764705882352942,False Positive (Imputed/Missing)
Brachycera,Brachyceran Flies,Insecta,0,1,0.6471702629165939,0.0,15,185.46666666666667,0.15052845974763232,25.866666666666667,False Positive (Imputed/Missing)
Festuca myuros,rattail sixweeks grass,Plantae,0,1,0.6471687832842797,0.0,15,180.0,0.1297856266299883,25.533333333333335,False Positive (Imputed/Missing)
Apinae,Apine Bees,Insecta,0,1,0.646785693658631,0.0,15,155.46666666666667,0.14817064056793844,27.8,False Positive (Imputed/Missing)
Nicotiana glauca,tree tobacco,Plantae,0,1,0.6461897623920188,0.0,76,125.72368421052632,0.16166548401509456,26.236842105263158,False Positive (Imputed/Missing)
Atopetholidae,,Animalia,0,1,0.6460575462987984,0.0,20,127.4,0.15519093498587605,24.9,False Positive (Imputed/Missing)
Reseda luteola,Weld,Plantae,0,1,0.6456524649449815,0.0,25,160.36,0.1358984866738319,28.56,False Positive (Imputed/Missing)
Halictina,,Insecta,0,1,0.6453976744534561,0.0,14,142.28571428571428,0.14574123386825827,26.142857142857142,False Positive (Imputed/Missing)
Larinia,Grass Orb-web Spiders,Arachnida,0,1,0.6451215766328695,0.0,22,121.27272727272727,0.13503291965885592,27.136363636363637,False Positive (Imputed/Missing)
Glaucopsyche lygdamus australis,Southern Silvery Blue,Insecta,0,1,0.6442698647070848,0.0,13,160.30769230769232,0.14996392165239036,26.53846153846154,False Positive (Imputed/Missing)
Echinargus isola,Reakirt's Blue,Insecta,0,1,0.6442462321099303,0.0,13,156.46153846153845,0.13517240950694445,26.0,False Positive (Imputed/Missing)
Diachus auratus,Bronze Leaf Beetle,Insecta,0,1,0.6440388347499276,0.0,16,150.1875,0.1490026193205267,24.6875,False Positive (Imputed/Missing)
Pepsini,Tarantula-hawk Wasps and Allies,Insecta,0,1,0.6439974108003926,0.0,16,118.3125,0.1548478929325938,26.0,False Positive (Imputed/Missing)
Dasymutilla coccineohirta,,Insecta,0,1,0.6429072823405234,0.0,15,147.8,0.14204774871468542,27.6,False Positive (Imputed/Missing)
Scudderia,Scudder's Bush Katydids,Insecta,0,1,0.6416006506672878,0.0,30,140.83333333333334,0.15093568886319794,25.833333333333332,False Positive (Imputed/Missing)
Forficula auricularia,European Earwig Complex,Insecta,0,1,0.6415185322907976,0.0,23,127.26086956521739,0.1356747205490651,27.347826086956523,False Positive (Imputed/Missing)
Eulobus californicus,California primrose,Plantae,0,1,0.640963686412086,0.0,33,121.12121212121212,0.1629307086043285,24.515151515151516,False Positive (Imputed/Missing)
Megachiloides,,Insecta,0,1,0.6404783113655221,0.0,16,142.875,0.12915496341884133,26.8125,False Positive (Imputed/Missing)
Helianthus annuus,Common Sunflower,Plantae,0,1,0.6397647522843098,0.0,23,164.3913043478261,0.13261695641457383,24.73913043478261,False Positive (Imputed/Missing)
Hypherpes,,Insecta,0,1,0.6390718809767554,0.0,27,116.55555555555556,0.1592743921059149,25.11111111111111,False Positive (Imputed/Missing)
Thalictrum fendleri,Fendler's Meadow-rue,Plantae,0,1,0.638265505579047,0.0,153,104.81045751633987,0.15501811691358974,25.99346405228758,False Positive (Imputed/Missing)
Comarostaphylis diversifolia,summer holly,Plantae,0,1,0.6371123263346109,0.0,41,181.09756097560975,0.1664877330384603,27.4390243902439,False Positive (Imputed/Missing)
Crocanthemum aldersonii,Alderson's rushrose,Plantae,0,1,0.6368550868747119,0.0,16,230.625,0.13716266723349685,22.375,False Positive (Imputed/Missing)
Misumenini,,Arachnida,0,1,0.6361411022606028,0.0,21,132.52380952380952,0.1403746569440478,28.0,False Positive (Imputed/Missing)
Brassica tournefortii,Saharan Mustard,Plantae,0,1,0.635439586948438,0.0,14,177.0,0.12407713300282398,25.642857142857142,False Positive (Imputed/Missing)
Argia vivida,Vivid Dancer,Insecta,0,1,0.6352077708444276,0.0,256,110.46484375,0.16691188432741907,27.7890625,False Positive (Imputed/Missing)
Galium porrigens,graceful bedstraw,Plantae,0,1,0.6350995649096198,0.0,18,168.44444444444446,0.15169695723387924,26.11111111111111,False Positive (Imputed/Missing)
Passerina amoena,Lazuli Bunting,Aves,0,1,0.6334316350562322,0.0,85,124.63529411764706,0.15998793130411817,26.776470588235295,False Positive (Imputed/Missing)
Mantis religiosa,European Mantis,Insecta,0,1,0.6317988501620592,0.0,16,137.875,0.13386077666655177,27.9375,False Positive (Imputed/Missing)
Timmiella,,Plantae,0,1,0.631227564471347,0.0,25,161.32,0.15569833427667615,26.52,False Positive (Imputed/Missing)
Ribes,currants and gooseberries,Plantae,0,1,0.6310921341732563,0.0,18,147.44444444444446,0.1563355839914745,25.38888888888889,False Positive (Imputed/Missing)
Bovista,True Puffballs,Fungi,0,1,0.6304572842243918,0.0,16,207.125,0.13554834760725493,27.75,False Positive (Imputed/Missing)
Gilia angelensis,chaparral gilia,Plantae,0,1,0.6298819253287941,0.0,23,145.34782608695653,0.14095334579115323,27.217391304347824,False Positive (Imputed/Missing)
Lycoperdaceae,puffballs,Fungi,0,1,0.6296846902707447,0.0,20,159.3,0.1465591754764318,26.25,False Positive (Imputed/Missing)
Eleocharis,spikerushes,Plantae,0,1,0.6286594444490228,0.0,39,129.17948717948718,0.16958023951603812,25.94871794871795,False Positive (Imputed/Missing)
Trimerotropis,,Insecta,0,1,0.6283131902088179,0.0,13,221.76923076923077,0.13629892411140293,25.76923076923077,False Positive (Imputed/Missing)
Phloeodes diabolicus,Diabolical Ironclad Beetle,Insecta,0,1,0.6280577412392018,0.0,187,103.524064171123,0.16297915051965148,26.16042780748663,False Positive (Imputed/Missing)
Cotula australis,Common Cotula,Plantae,0,1,0.6277209350957639,0.0,25,144.28,0.15740262359380716,25.96,False Positive (Imputed/Missing)
Encelia farinosa,Brittlebush,Plantae,0,1,0.6274220357561807,0.0,29,169.3793103448276,0.1414340652268508,27.103448275862068,False Positive (Imputed/Missing)
Heliantheae,Sunflowers and Allies,Plantae,0,1,0.6268436053000462,0.0,16,137.4375,0.13695169892162082,26.4375,False Positive (Imputed/Missing)
Galium angustifolium angustifolium,narrowleaf bedstraw,Plantae,0,1,0.6265453950607669,0.0,24,162.625,0.15472899097949264,26.333333333333332,False Positive (Imputed/Missing)
Hoplosphyrum boreale,Western Brush Cricket,Insecta,0,1,0.6263358666535247,0.0,29,137.0344827586207,0.16363062247120097,24.689655172413794,False Positive (Imputed/Missing)
Eumenes bollii,Boll's Potter Wasp,Insecta,0,1,0.6260228100944208,0.0,16,136.75,0.13426302094012496,26.0625,False Positive (Imputed/Missing)
Catalinia castanea,,Arachnida,0,1,0.6259207227562306,0.0,16,145.6875,0.15172577882185576,27.25,False Positive (Imputed/Missing)
Tipulinae,,Insecta,0,1,0.6239857381777082,0.0,20,137.8,0.13911448828876014,28.0,False Positive (Imputed/Missing)
Simandrena,,Insecta,0,1,0.6234421287520796,0.0,25,121.44,0.14418744564056393,26.28,False Positive (Imputed/Missing)
Agelenopsis,Grass Spiders,Arachnida,0,1,0.6229795742801902,0.0,19,125.57894736842105,0.15195631431905843,26.42105263157895,False Positive (Imputed/Missing)
Porcellio laevis,Swift Woodlouse,Animalia,0,1,0.6229150217169407,0.0,27,150.37037037037038,0.14129776838752955,27.48148148148148,False Positive (Imputed/Missing)
Psorthaspis planata,,Insecta,0,1,0.6226457161949461,0.0,20,119.75,0.14899058081209654,24.65,False Positive (Imputed/Missing)
Didymodon,,Plantae,0,1,0.6219922079514155,0.0,12,167.66666666666666,0.14465836373468235,24.25,False Positive (Imputed/Missing)
Theridiidae,Comb-footed Spiders,Arachnida,0,1,0.6216224975336878,0.0,21,134.95238095238096,0.1392323527307737,27.666666666666668,False Positive (Imputed/Missing)
Calypte costae,Costa's Hummingbird,Aves,0,1,0.6212945884863792,0.0,60,129.01666666666668,0.14776237172385054,24.366666666666667,False Positive (Imputed/Missing)
Estigmene acrea,Salt Marsh Moth,Insecta,0,1,0.6206065739400423,0.0,25,153.32,0.1330874598026275,26.96,False Positive (Imputed/Missing)
Diploschistes muscorum,Cowpie Lichen,Fungi,0,1,0.6199913379300264,0.0,12,209.75,0.14464251883327958,24.416666666666668,False Positive (Imputed/Missing)
Eriastrum filifolium,Lavender woollystar,Plantae,0,1,0.6195503226948044,0.0,22,121.22727272727273,0.12442177432504563,27.181818181818183,False Positive (Imputed/Missing)
Microrhopala rubrolineata,,Insecta,0,1,0.6194861246379344,0.0,16,171.8125,0.132210424169898,27.25,False Positive (Imputed/Missing)
Peucetia longipalpis,Lesser Green Lynx Spider,Arachnida,0,1,0.6190296250590577,0.0,14,129.07142857142858,0.14605525348867684,26.714285714285715,False Positive (Imputed/Missing)
Pelochrista eburata,,Insecta,0,1,0.6188572239100466,0.0,22,136.0909090909091,0.14219909974119876,26.09090909090909,False Positive (Imputed/Missing)
Oecleus,,Insecta,0,1,0.618314964497327,0.0,20,173.9,0.14865341186523434,26.3,False Positive (Imputed/Missing)
Verbena menthifolia,Mint Vervain,Plantae,0,1,0.6172927391810876,0.0,94,151.91489361702128,0.15784853992072187,26.872340425531913,False Positive (Imputed/Missing)
Calliopsis rhodophila,,Insecta,0,1,0.6164786051867212,0.0,27,153.2962962962963,0.14799005455440942,26.962962962962962,False Positive (Imputed/Missing)
Eustala,,Arachnida,0,1,0.6163259417981736,0.0,20,139.0,0.14537831209599966,25.9,False Positive (Imputed/Missing)
Dictyssa,,Insecta,0,1,0.6158244995552032,0.0,26,159.8846153846154,0.13731876101631382,25.576923076923077,False Positive (Imputed/Missing)
Agaricus deserticola,Gasteroid Agaricus,Fungi,0,1,0.6151796688751807,0.0,21,150.71428571428572,0.1399630535216558,27.61904761904762,False Positive (Imputed/Missing)
Opuntia × demissa,,Plantae,0,1,0.6149955340583314,0.0,14,166.07142857142858,0.13279257980840545,27.0,False Positive (Imputed/Missing)
Condylostylus longicornis,,Insecta,0,1,0.6146043213547335,0.0,32,137.0625,0.15690013533458108,26.875,False Positive (Imputed/Missing)
Keckiella cordifolia,heartleaf keckiella,Plantae,0,1,0.6146022203959594,0.0,132,138.68939393939394,0.16588431839464285,21.068181818181817,False Positive (Imputed/Missing)
Circus hudsonius,Northern Harrier,Aves,0,1,0.6145114478236626,0.0,58,133.67241379310346,0.14597355889092228,27.913793103448278,False Positive (Imputed/Missing)
Silybum marianum,milk thistle,Plantae,0,1,0.6144355348009707,0.0,62,129.4516129032258,0.1497069364113192,28.677419354838708,False Positive (Imputed/Missing)
Coenagrionidae,Narrow-winged Damselflies,Insecta,0,1,0.6128347507768577,0.0,22,122.31818181818181,0.16165731136094436,27.318181818181817,False Positive (Imputed/Missing)
Bubo virginianus,Great Horned Owl,Aves,0,1,0.6126739061036508,0.0,55,139.2,0.16789644712751559,27.30909090909091,False Positive (Imputed/Missing)
Cardamine californica,milkmaids,Plantae,0,1,0.6118275324989619,0.0,39,220.15384615384616,0.16324832175786674,21.102564102564102,False Positive (Imputed/Missing)
Faboideae,,Plantae,0,1,0.6115623335940366,0.0,15,148.46666666666667,0.15647939294576643,25.333333333333332,False Positive (Imputed/Missing)
Isocoma,Jimmyweeds and Goldenbushes,Plantae,0,1,0.6115328152940369,0.0,33,126.06060606060606,0.15305350636216725,28.151515151515152,False Positive (Imputed/Missing)
Melanopleurus pyrrhopterus,,Insecta,0,1,0.6106994799882263,0.0,20,175.0,0.12962127327919,27.5,False Positive (Imputed/Missing)
Allium,onions,Plantae,0,1,0.6102413715137064,0.0,14,174.42857142857142,0.14481719476836066,27.857142857142858,False Positive (Imputed/Missing)
Neoscona arabesca,Arabesque Orbweaver,Arachnida,0,1,0.6092795768987095,0.0,26,147.19230769230768,0.12950664713907123,23.653846153846153,False Positive (Imputed/Missing)
Dufourea australis,Southwestern Shortface,Insecta,0,1,0.6090276920579295,0.0,22,177.5,0.1306212564760988,27.136363636363637,False Positive (Imputed/Missing)
Calystegia macrostegia tenuifolia,San Diego Morning Glory,Plantae,0,1,0.6090187937788399,0.0,16,131.9375,0.14558489946648476,26.4375,False Positive (Imputed/Missing)
Aspicilia,Sunken Disk Lichens,Fungi,0,1,0.6083955338856574,0.0,12,219.25,0.13238511358698205,26.083333333333332,False Positive (Imputed/Missing)
Bryum,,Plantae,0,1,0.6074901860596851,0.0,12,216.75,0.1396789389352003,26.25,False Positive (Imputed/Missing)
Peromyscus gambelii,Gambel's Deer Mouse,Mammalia,0,1,0.6069705485193024,0.0,12,174.75,0.14938871686657268,25.75,False Positive (Imputed/Missing)
Euphorbia polycarpa polycarpa,,Plantae,0,1,0.606249128475637,0.0,13,236.15384615384616,0.1283404110715939,27.76923076923077,False Positive (Imputed/Missing)
Sceliphron caementarium,Yellow-legged Mud-dauber Wasp,Insecta,0,1,0.6042091365347378,0.0,64,138.4375,0.1590923230469343,26.984375,False Positive (Imputed/Missing)
Syntrichia ruralis,Star Moss,Plantae,0,1,0.6034878948847326,0.0,14,139.21428571428572,0.14292589149304796,24.857142857142858,False Positive (Imputed/Missing)
Calathus ruficollis,Red-collared Harp Ground Beetle,Insecta,0,1,0.6029970460090088,0.0,15,130.06666666666666,0.12978159238894776,27.533333333333335,False Positive (Imputed/Missing)
Lepidium didymum,Lesser swine-cress,Plantae,0,1,0.6019537725032609,0.0,12,172.0,0.13724621199071405,27.833333333333332,False Positive (Imputed/Missing)
Empididae,Dance Flies,Insecta,0,1,0.6005802833689815,0.0,14,136.35714285714286,0.14483916386961931,24.071428571428573,False Positive (Imputed/Missing)
Euphorbia peplus,Petty Spurge,Plantae,0,1,0.5990010514859795,0.0,56,130.69642857142858,0.17490362961377412,25.464285714285715,False Positive (Imputed/Missing)
Homaemus parvulus,,Insecta,0,1,0.5977911831011634,0.0,19,124.42105263157895,0.13083105573528686,23.94736842105263,False Positive (Imputed/Missing)
Parcoblatta americana,Western Wood Cockroach,Insecta,0,1,0.5975420956473507,0.0,14,135.5,0.1564501369638102,25.571428571428573,False Positive (Imputed/Missing)
Enallagma,Bluets,Insecta,0,1,0.5972391669144398,0.0,19,119.15789473684211,0.15694601951461085,24.157894736842106,False Positive (Imputed/Missing)
Hermetia illucens,Black Soldier Fly,Insecta,0,1,0.5968496328793907,0.0,21,163.14285714285714,0.14250449339548743,26.666666666666668,False Positive (Imputed/Missing)
Gymnopilus,rustgills and gyms,Fungi,0,1,0.5966465200106474,0.0,26,156.03846153846155,0.14029725010578445,25.23076923076923,False Positive (Imputed/Missing)
Delphinium parryi parryi,Parry's larkspur,Plantae,0,1,0.5958512962047727,0.0,13,142.23076923076923,0.1438830529267971,24.384615384615383,False Positive (Imputed/Missing)
Litaneutria pacifica,Pacific Ground Mantis,Insecta,0,1,0.5952274032995057,0.0,25,164.08,0.12030578583478924,27.24,False Positive (Imputed/Missing)
Compsocryptus,,Insecta,0,1,0.5949169097860227,0.0,23,140.7391304347826,0.13237064234588453,26.565217391304348,False Positive (Imputed/Missing)
Sambucus cerulea,blue elder,Plantae,0,1,0.5948762521854519,0.0,312,100.20192307692308,0.15969750972894517,25.32051282051282,False Positive (Imputed/Missing)
Diplacus brevipes,wide-throated yellow monkeyflower,Plantae,0,1,0.5948610375353813,0.0,10,242.6,0.14503097683191296,26.2,False Positive (Imputed/Missing)
Liorhyssus hyalinus,Hyaline Grass Bug,Insecta,0,1,0.5943278062038687,0.0,23,146.65217391304347,0.1457964439430962,26.130434782608695,False Positive (Imputed/Missing)
Agave americana,American century plant,Plantae,0,1,0.5942107670978637,0.0,24,168.125,0.14424843806773419,26.375,False Positive (Imputed/Missing)
Rumina decollata,Decollate Snail,Mollusca,0,1,0.5942056454836159,0.0,90,145.9777777777778,0.11873204186558718,28.61111111111111,False Positive (Imputed/Missing)
Psilocarphus brevissimus,low woolly marbles,Plantae,0,1,0.5932430327789061,0.0,29,204.31034482758622,0.12744459124474686,28.103448275862068,False Positive (Imputed/Missing)
Chrysoperla,Common Green Lacewings,Insecta,0,1,0.5918872488705749,0.0,38,134.23684210526315,0.13009655750111526,27.473684210526315,False Positive (Imputed/Missing)
Chrysoperla comanche,Comanche Green Lacewing,Insecta,0,1,0.5915856836617577,0.0,34,146.47058823529412,0.11836412329884131,27.61764705882353,False Positive (Imputed/Missing)
Hesperotettix viridis,Snakeweed Grasshopper,Insecta,0,1,0.5912301523674319,0.0,25,145.64,0.13406680434942242,27.68,False Positive (Imputed/Missing)
Pellenattus,,Arachnida,0,1,0.5903975584685575,0.0,19,200.0,0.12871813342759478,26.57894736842105,False Positive (Imputed/Missing)
Rhopalomyia,,Insecta,0,1,0.5895799962230194,0.0,18,141.16666666666666,0.15279819816350934,25.666666666666668,False Positive (Imputed/Missing)
Sphex lucae,,Insecta,0,1,0.5895147102944553,0.0,16,134.0625,0.1548760687001049,25.5625,False Positive (Imputed/Missing)
Malachiinae,Malachite Beetles,Insecta,0,1,0.5890575938831918,0.0,14,133.92857142857142,0.1434138938784599,27.0,False Positive (Imputed/Missing)
Parmeliaceae,shield lichens and allies,Fungi,0,1,0.5884104492941501,0.0,19,166.31578947368422,0.1455182080206118,22.789473684210527,False Positive (Imputed/Missing)
Quercus × acutidens,Torrey's Hybrid Oak,Plantae,0,1,0.5882543782510525,0.0,14,193.07142857142858,0.15310570863740783,26.071428571428573,False Positive (Imputed/Missing)
Prunus ilicifolia,hollyleaf cherry,Plantae,0,1,0.587084879925489,0.0,197,104.5482233502538,0.1563243706365527,23.269035532994923,False Positive (Imputed/Missing)
Sphaerophoria sulphuripes,Forked Globetail,Insecta,0,1,0.5848132842335952,0.0,13,164.3846153846154,0.15064100176095957,26.76923076923077,False Positive (Imputed/Missing)
Dysdera crocata,Woodlouse Spider,Arachnida,0,1,0.5847380371330273,0.0,20,140.2,0.14177931435406205,27.8,False Positive (Imputed/Missing)
Trachelas pacificus,Bull-headed sac spider,Arachnida,0,1,0.5845040716027389,0.0,24,122.95833333333333,0.15619250821570552,26.625,False Positive (Imputed/Missing)
Muhlenbergia rigens,deergrass,Plantae,0,1,0.5844771718195656,0.0,43,116.55813953488372,0.157416648469692,28.674418604651162,False Positive (Imputed/Missing)
Chordeiles acutipennis,Lesser Nighthawk,Aves,0,1,0.584389103569224,0.0,29,201.72413793103448,0.12165892252634307,27.862068965517242,False Positive (Imputed/Missing)
Anthracinae,,Insecta,0,1,0.5840996314295236,0.0,17,121.6470588235294,0.14272051918156,25.294117647058822,False Positive (Imputed/Missing)
Epilobium canum canum,,Plantae,0,1,0.5828323450168656,0.0,32,122.0625,0.16585042001679534,27.8125,False Positive (Imputed/Missing)
Phacelia ramosissima,branching phacelia,Plantae,0,1,0.582375940669126,0.0,185,101.34054054054054,0.15610497779137375,25.254054054054055,False Positive (Imputed/Missing)
Lorita scarificata,Chrysanthemum Flower Borer Moth,Insecta,0,1,0.5812020462924385,0.0,22,181.86363636363637,0.12865433503280982,26.954545454545453,False Positive (Imputed/Missing)
Helminthoglypta,Shoulderband Snails,Mollusca,0,1,0.5810865712480314,0.0,21,123.04761904761905,0.15051071807032534,24.904761904761905,False Positive (Imputed/Missing)
Oxalis,Woodsorrels,Plantae,0,1,0.580832543913775,0.0,22,135.0909090909091,0.155088865452192,27.136363636363637,False Positive (Imputed/Missing)
Malva,Mallows,Plantae,0,1,0.5806198586484822,0.0,15,145.06666666666666,0.1372015816469987,25.533333333333335,False Positive (Imputed/Missing)
Salvia leucophylla,purple sage,Plantae,0,1,0.579102369610925,0.0,26,183.03846153846155,0.13588824782233966,28.53846153846154,False Positive (Imputed/Missing)
Chrysothrix,Gold Dust Lichens,Fungi,0,1,0.57899348265659,0.0,15,151.26666666666668,0.1485557133952776,23.466666666666665,False Positive (Imputed/Missing)
Agaricineae,,Fungi,0,1,0.577829699812192,0.0,18,152.55555555555554,0.14217510943611458,26.77777777777778,False Positive (Imputed/Missing)
Fazia micrura,Diamond Spottail,Insecta,0,1,0.5777659517995858,0.0,15,160.06666666666666,0.1573343550165494,25.466666666666665,False Positive (Imputed/Missing)
Cantareus apertus,Green Garden Snail,Mollusca,0,1,0.5776984520939439,0.0,90,108.1,0.15406677089631554,24.61111111111111,False Positive (Imputed/Missing)
Lasioglossum ovaliceps,Oval-headed Sweat Bee,Insecta,0,1,0.5774897089562285,0.0,13,118.38461538461539,0.1519453949653185,26.076923076923077,False Positive (Imputed/Missing)
Volvopluteus gloiocephalus,Stubble Rosegill,Fungi,0,1,0.5773058132245803,0.0,25,122.04,0.15440522193908687,24.56,False Positive (Imputed/Missing)
Gelechioidea,Curved-horn Moths,Insecta,0,1,0.577130453915245,0.0,28,123.53571428571429,0.13119701296091077,26.928571428571427,False Positive (Imputed/Missing)
Grimmia,,Plantae,0,1,0.5768712994232005,0.0,17,140.11764705882354,0.14828940787736103,26.470588235294116,False Positive (Imputed/Missing)
Bombus sonorus,Sonoran Bumble Bee,Insecta,0,1,0.5764057941176387,0.0,17,152.11764705882354,0.14008964948794417,27.294117647058822,False Positive (Imputed/Missing)
Lasioglossum gemmatum,,Insecta,0,1,0.575531940032118,0.0,16,121.5625,0.15290401969105,25.625,False Positive (Imputed/Missing)
Cicadomorpha,"Spittlebugs, Cicadas, Leafhoppers and Treehoppers",Insecta,0,1,0.5751847169552526,0.0,11,139.63636363636363,0.14060697094960642,25.818181818181817,False Positive (Imputed/Missing)
Trifolium depauperatum,cowbag clover,Plantae,0,1,0.5744031796536185,0.0,11,185.63636363636363,0.1328329410065304,26.727272727272727,False Positive (Imputed/Missing)
Fuligo septica,Dog Vomit Slime Mold,Protozoa,0,1,0.5736976803107209,0.0,16,119.0625,0.15683011990040535,27.125,False Positive (Imputed/Missing)
Tamarix,Tamarisks,Plantae,0,1,0.5726536986447751,0.0,57,151.2280701754386,0.15662012182241467,25.614035087719298,False Positive (Imputed/Missing)
Candelaria,Candleflame Lichens,Fungi,0,1,0.571132637121458,0.0,23,129.6086956521739,0.1611511629560719,25.608695652173914,False Positive (Imputed/Missing)
Salvia apiana × mellifera,white × black sage hybrid,Plantae,0,1,0.5703655576923446,0.0,11,151.36363636363637,0.13495449383150446,24.727272727272727,False Positive (Imputed/Missing)
Sayapis,,Insecta,0,1,0.5696612502159853,0.0,16,152.5,0.13672763947397468,26.375,False Positive (Imputed/Missing)
Melanoplus,North American Spur-throated Grasshoppers,Insecta,0,1,0.5685660488436554,0.0,33,116.18181818181819,0.1561129158644965,26.606060606060606,False Positive (Imputed/Missing)
Thalictrum,meadow-rues,Plantae,0,1,0.5677234856058969,0.0,21,125.23809523809524,0.15792327551614666,26.19047619047619,False Positive (Imputed/Missing)
Erigeron canadensis,horseweed,Plantae,0,1,0.5671796361798767,0.0,64,119.828125,0.1713332562940195,26.09375,False Positive (Imputed/Missing)
Pseudognaphalium luteoalbum,Jersey Cudweed,Plantae,0,1,0.5667666861021351,0.0,14,169.71428571428572,0.14366240373679565,27.571428571428573,False Positive (Imputed/Missing)
Thysanocarpus laciniatus,Mountain fringepod,Plantae,0,1,0.5663796653619457,0.0,31,114.29032258064517,0.15095713157807625,25.677419354838708,False Positive (Imputed/Missing)
Dione vanillae,Gulf Fritillary,Insecta,0,1,0.566331772230309,0.0,15,159.53333333333333,0.15837606986363723,26.466666666666665,False Positive (Imputed/Missing)
Trichopoda pennipes,Swift Feather-legged Fly,Insecta,0,1,0.5661811777217252,0.0,16,167.0625,0.13360393978655336,26.0,False Positive (Imputed/Missing)
Malacothamnus,bushmallows,Plantae,0,1,0.5659249331058213,0.0,21,138.57142857142858,0.16131367782751715,27.38095238095238,False Positive (Imputed/Missing)
Accipiter striatus,Sharp-shinned Hawk,Aves,0,1,0.5658705314481925,0.0,21,136.0952380952381,0.14748411448228924,25.904761904761905,False Positive (Imputed/Missing)
Paeonia californica,California Peony,Plantae,0,1,0.5658663626987729,0.0,22,149.36363636363637,0.1438767313957214,21.227272727272727,False Positive (Imputed/Missing)
Calosoma,Caterpillar-hunter Beetles,Insecta,0,1,0.5654329705525162,0.0,10,184.8,0.15062994137406344,25.3,False Positive (Imputed/Missing)
Cerastium glomeratum,Sticky mouse-ear chickweed,Plantae,0,1,0.5653658152774786,0.0,16,152.75,0.15292842639610169,25.5625,False Positive (Imputed/Missing)
Clematis pauciflora,Southern California clematis,Plantae,0,1,0.5646235279513604,0.0,265,98.28679245283018,0.15821042212499475,23.864150943396226,False Positive (Imputed/Missing)
Polypogon monspeliensis,rabbitfoot grass,Plantae,0,1,0.5635823501786734,0.0,54,121.4074074074074,0.17614311479997852,26.98148148148148,False Positive (Imputed/Missing)
Scythrididae,Flower Moths,Insecta,0,1,0.5632356834895756,0.0,12,147.08333333333334,0.13130877912044522,25.416666666666668,False Positive (Imputed/Missing)
Matricaria discoidea,pineapple-weed,Plantae,0,1,0.5631988939703702,0.0,112,121.16071428571429,0.15018178261068113,25.098214285714285,False Positive (Imputed/Missing)
Buteo lineatus,Red-shouldered Hawk,Aves,0,1,0.5623334868429534,0.0,248,115.74596774193549,0.16560716660798433,26.31048387096774,False Positive (Imputed/Missing)
Brickellia californica,California Brickellbush,Plantae,0,1,0.5611321708375063,0.0,290,94.93793103448276,0.14877047437275273,24.662068965517243,False Positive (Imputed/Missing)
Parkinsonia aculeata,Mexican palo verde,Plantae,0,1,0.5610089508983731,0.0,68,167.98529411764707,0.1324595246422926,26.529411764705884,False Positive (Imputed/Missing)
Lithophragma affine,San Francisco woodland-star,Plantae,0,1,0.5609241313515755,0.0,27,116.33333333333333,0.1515848719411426,25.48148148148148,False Positive (Imputed/Missing)
Elanus leucurus,White-tailed Kite,Aves,0,1,0.5599100942514578,0.0,149,111.59731543624162,0.14362879362482348,26.906040268456376,False Positive (Imputed/Missing)
Penstemon spectabilis spectabilis,,Plantae,0,1,0.5597755103205418,0.0,21,145.52380952380952,0.1408363484910556,28.428571428571427,False Positive (Imputed/Missing)
Protoparmeliopsis muralis,Stonewall Rim Lichen,Fungi,0,1,0.5595312050389345,0.0,22,115.04545454545455,0.1421470279720696,25.0,False Positive (Imputed/Missing)
Lomatium utriculatum,Foothill desert-parsley,Plantae,0,1,0.5587784144549227,0.0,13,193.76923076923077,0.14117201532308868,28.46153846153846,False Positive (Imputed/Missing)
Teloschistaceae,"sunburst lichens, firedots, and allies",Fungi,0,1,0.5585597053354802,0.0,17,150.88235294117646,0.1516305243267732,24.058823529411764,False Positive (Imputed/Missing)
Pristoceuthophilus,,Insecta,0,1,0.5585504350810649,0.0,12,145.66666666666666,0.14847893640398976,24.25,False Positive (Imputed/Missing)
Entoloma sericeum,Silky Pinkgill,Fungi,0,1,0.5585072054744008,0.0,14,173.78571428571428,0.14546916154878478,25.642857142857142,False Positive (Imputed/Missing)
Pooideae,,Plantae,0,1,0.5584167412816683,0.0,24,121.83333333333333,0.1584628255416949,27.625,False Positive (Imputed/Missing)
Panurginus,,Insecta,0,1,0.5584129047038299,0.0,16,175.4375,0.13825897127389905,26.5,False Positive (Imputed/Missing)
Halictus,Furrow Bees,Insecta,0,1,0.5580774242797568,0.0,12,146.83333333333334,0.1378356056908766,27.083333333333332,False Positive (Imputed/Missing)
Philanthus multimaculatus,,Insecta,0,1,0.5576193764436037,0.0,28,132.75,0.14556146466306275,25.75,False Positive (Imputed/Missing)
Targionia hypophylla,Orobus-seed Liverwort,Plantae,0,1,0.5571097516746328,0.0,19,121.15789473684211,0.15329922147487338,25.526315789473685,False Positive (Imputed/Missing)
Aculeata,"Ants, Bees, and Stinging Wasps",Insecta,0,1,0.5562814420801083,0.0,11,123.27272727272727,0.14601946283470496,25.181818181818183,False Positive (Imputed/Missing)
Tibicinoides vanduzeei,Van Duzee's Cicada,Insecta,0,1,0.5561695011471415,0.0,27,136.59259259259258,0.12796814242998755,26.703703703703702,False Positive (Imputed/Missing)
Chlorion aerarium,Steel-blue Cricket-hunter Wasp,Insecta,0,1,0.5549952433019905,0.0,11,154.0,0.12784075804732056,27.0,False Positive (Imputed/Missing)
Heliotropium curassavicum,alkali heliotrope,Plantae,0,1,0.5543893617287526,0.0,134,129.2462686567164,0.14988188266601243,26.380597014925375,False Positive (Imputed/Missing)
Chironomus,,Insecta,0,1,0.552581682122652,0.0,16,139.5625,0.1420443779788911,27.0,False Positive (Imputed/Missing)
Idaea demissaria,Red-bordered Wave,Insecta,0,1,0.5516357884729816,0.0,29,190.10344827586206,0.12187346430688065,28.24137931034483,False Positive (Imputed/Missing)
Melanosmia,,Insecta,0,1,0.5506660234364325,0.0,13,129.15384615384616,0.1545107421966699,24.692307692307693,False Positive (Imputed/Missing)
Procyon lotor,Common Raccoon,Mammalia,0,1,0.5501979599218088,0.0,96,114.45833333333333,0.17027338481663412,26.114583333333332,False Positive (Imputed/Missing)
Crassiclitellata,Typical Earthworms,Animalia,0,1,0.5496010412288055,0.0,13,127.38461538461539,0.14029710682538835,27.692307692307693,False Positive (Imputed/Missing)
Eleocharis macrostachya,Pale Spikerush,Plantae,0,1,0.5494719756420866,0.0,21,129.33333333333334,0.15470394669544124,26.61904761904762,False Positive (Imputed/Missing)
Muscidae,House Flies and Allies,Insecta,0,1,0.5490691083071421,0.0,13,134.3846153846154,0.15608357236935538,25.0,False Positive (Imputed/Missing)
Baccharis sergiloides,desert baccharis,Plantae,0,1,0.5481063496507396,0.0,13,157.69230769230768,0.13322178217080918,25.923076923076923,False Positive (Imputed/Missing)
Polistes dominula,European Paper Wasp,Insecta,0,1,0.5470041740465954,0.0,12,136.5,0.1354490077743927,26.333333333333332,False Positive (Imputed/Missing)
Nemophila menziesii,Menzies' baby blue eyes,Plantae,0,1,0.5468972748312788,0.0,21,147.0952380952381,0.1514580178828466,28.476190476190474,False Positive (Imputed/Missing)
Lupinus sparsiflorus,Coulter's lupine,Plantae,0,1,0.5449715220314153,0.0,10,154.0,0.14148959740996359,25.9,False Positive (Imputed/Missing)
Sonchus,sow thistles,Plantae,0,1,0.5441200259492694,0.0,29,121.27586206896552,0.143290143443978,26.724137931034484,False Positive (Imputed/Missing)
Archytas,,Insecta,0,1,0.5435507559209187,0.0,19,114.52631578947368,0.1574096052270186,24.68421052631579,False Positive (Imputed/Missing)
Candelaria pacifica,Pacific Candleflame Lichen,Fungi,0,1,0.5434394381244538,0.0,24,130.83333333333334,0.1515886752555767,26.875,False Positive (Imputed/Missing)
Polistes,Umbrella Paper Wasps,Insecta,0,1,0.5426808867339966,0.0,22,127.0909090909091,0.14427513087337662,27.454545454545453,False Positive (Imputed/Missing)
Setophaga coronata auduboni,Audubon's Warbler,Aves,0,1,0.5426105282893242,0.0,156,132.78205128205127,0.1634377440085443,24.833333333333332,False Positive (Imputed/Missing)
Spirobolidae,Spirobolid Millipedes,Animalia,0,1,0.5425917478994886,0.0,11,169.9090909090909,0.14993542703715235,25.818181818181817,False Positive (Imputed/Missing)
Falco peregrinus,Peregrine Falcon,Aves,0,1,0.5424900443740533,0.0,47,123.38297872340425,0.12387309663810149,25.46808510638298,False Positive (Imputed/Missing)
Baccharis salicifolia,mule fat,Plantae,0,1,0.5423598738416981,0.0,381,106.88188976377953,0.1700851929262818,26.724409448818896,False Positive (Imputed/Missing)
Atriplex,Saltbushes,Plantae,0,1,0.5421007842561086,0.0,10,170.1,0.15121685191988943,28.0,False Positive (Imputed/Missing)
Cisthene perrosea,Rosy Lichen Moth,Insecta,0,1,0.5417422640783824,0.0,12,123.66666666666667,0.1541840912153323,25.5,False Positive (Imputed/Missing)
Convolvulaceae,bindweed family,Plantae,0,1,0.541466172671134,0.0,16,146.4375,0.15792067442089316,26.125,False Positive (Imputed/Missing)
Convolvuleae,Bindweed Tribe,Plantae,0,1,0.5413384243819942,0.0,12,137.0,0.14633296243846414,27.583333333333332,False Positive (Imputed/Missing)
Anniella stebbinsi,San Diegan Legless Lizard,Reptilia,0,1,0.5409637374448314,0.0,11,143.8181818181818,0.14951943673870777,23.454545454545453,False Positive (Imputed/Missing)
Archaeognatha,Bristletails,Insecta,0,1,0.5408774660260347,0.0,10,153.1,0.1391841888427734,23.6,False Positive (Imputed/Missing)
Ambigolimax,Threeband Slugs,Mollusca,0,1,0.5399778709987042,0.0,70,131.88571428571427,0.11728169907416611,27.757142857142856,False Positive (Imputed/Missing)
Erythranthe nasuta,shy monkeyflower,Plantae,0,1,0.5391924919907544,0.0,12,202.58333333333334,0.14021001880367592,28.166666666666668,False Positive (Imputed/Missing)
Brassica,cabbages and mustards,Plantae,0,1,0.5391866058059103,0.0,10,160.8,0.14576495662331576,25.0,False Positive (Imputed/Missing)
Bryaceae,,Plantae,0,1,0.5388224453281985,0.0,10,161.4,0.13118472099304196,26.6,False Positive (Imputed/Missing)
Epicauta straba,,Insecta,0,1,0.5383398859477982,0.0,33,167.03030303030303,0.1312508364066933,28.272727272727273,False Positive (Imputed/Missing)
Tropaeolum majus,garden nasturtium,Plantae,0,1,0.5377728640183966,0.0,33,165.6060606060606,0.1794457609878119,25.848484848484848,False Positive (Imputed/Missing)
Basidiomycota,Basidiomycete Fungi,Fungi,0,1,0.5377479441183137,0.0,13,134.23076923076923,0.15116840199782294,24.923076923076923,False Positive (Imputed/Missing)
Selasphorus,"Rufous, Allen's, and Allied Hummingbirds",Aves,0,1,0.5376700529540414,0.0,47,162.19148936170214,0.1629475566578355,25.574468085106382,False Positive (Imputed/Missing)
Closterotomus norwegicus,Potato Mirid,Insecta,0,1,0.5374186801422275,0.0,23,152.43478260869566,0.14177736121675238,26.434782608695652,False Positive (Imputed/Missing)
Crambidae,Crambid Snout Moths,Insecta,0,1,0.536960961085572,0.0,12,183.58333333333334,0.14222558028995985,27.25,False Positive (Imputed/Missing)
Cacama crepitans,Coastal Cactus Dodger,Insecta,0,1,0.5353510305183746,0.0,23,238.52173913043478,0.12382713089818535,27.130434782608695,False Positive (Imputed/Missing)
Gastridium phleoides,nit grass,Plantae,0,1,0.5352519302371002,0.0,11,177.27272727272728,0.15078134089708325,27.0,False Positive (Imputed/Missing)
Vanessa atalanta,Red Admiral,Insecta,0,1,0.5338854981104234,0.0,18,204.94444444444446,0.1467155963182449,24.833333333333332,False Positive (Imputed/Missing)
Crossidius testaceus,,Insecta,0,1,0.5336505266752741,0.0,43,143.3953488372093,0.13563912691071975,27.186046511627907,False Positive (Imputed/Missing)
Sanicula,sanicles,Plantae,0,1,0.5325831239865584,0.0,17,116.41176470588235,0.14456458214451282,27.235294117647058,False Positive (Imputed/Missing)
Burnettweldia plumbella,Beaked Twig Gall Wasp,Insecta,0,1,0.5322852033262896,0.0,18,170.22222222222223,0.15778922331002018,27.22222222222222,False Positive (Imputed/Missing)
Erebidae,"Underwing, Tiger, Tussock, and Allied Moths",Insecta,0,1,0.5320319215859094,0.0,11,130.8181818181818,0.1369423920458013,27.0,False Positive (Imputed/Missing)
Fabaceae,Legumes,Plantae,0,1,0.5314873495806552,0.0,11,149.0909090909091,0.1501763740723783,25.636363636363637,False Positive (Imputed/Missing)
Sicyoeae,,Plantae,0,1,0.5313484143998833,0.0,10,144.8,0.12919357419013971,27.7,False Positive (Imputed/Missing)
Solanum douglasii,greenspot nightshade,Plantae,0,1,0.5313060474363154,0.0,175,93.21142857142857,0.14990327038935247,25.14857142857143,False Positive (Imputed/Missing)
Argynnis callippe comstocki,Comstock's Fritillary,Insecta,0,1,0.5306521360038705,0.0,17,221.52941176470588,0.11664733290672297,27.470588235294116,False Positive (Imputed/Missing)
Agrocybe,,Fungi,0,1,0.5305748839386173,0.0,20,160.8,0.13623727075755593,26.85,False Positive (Imputed/Missing)
Brachyinsara hemiptera,Least Katydid,Insecta,0,1,0.5295196909531906,0.0,15,151.2,0.1420849839846293,24.2,False Positive (Imputed/Missing)
Gnaphalieae,paper daisies,Plantae,0,1,0.5289268627855759,0.0,12,157.91666666666666,0.13840493932366368,25.166666666666668,False Positive (Imputed/Missing)
Acrolophus,Grass Tubeworm Moths,Insecta,0,1,0.528112011768859,0.0,27,128.59259259259258,0.12792523591606703,26.40740740740741,False Positive (Imputed/Missing)
Troglodytes aedon,Northern House Wren,Aves,0,1,0.527723042534937,0.0,317,106.86435331230284,0.17027148066311834,25.873817034700316,False Positive (Imputed/Missing)
Lobularia maritima,sweet alyssum,Plantae,0,1,0.5268784368802437,0.0,10,197.0,0.15149081647396084,27.0,False Positive (Imputed/Missing)
Spergularia bocconei,Greek Sea-spurrey,Plantae,0,1,0.5265282854011734,0.0,10,220.2,0.12631377950310702,27.6,False Positive (Imputed/Missing)
Hermetia ryckmani,,Insecta,0,1,0.5244212125466964,0.0,25,214.56,0.13577021569013592,27.24,False Positive (Imputed/Missing)
Urtica urens,Dwarf Nettle,Plantae,0,1,0.5231939972921397,0.0,60,120.61666666666666,0.15762849058955905,23.733333333333334,False Positive (Imputed/Missing)
Encelia,brittlebushes,Plantae,0,1,0.5230854193519346,0.0,27,112.81481481481481,0.13901100114539813,28.0,False Positive (Imputed/Missing)
Copestylum fraudulentum,,Insecta,0,1,0.5224217585395866,0.0,14,133.21428571428572,0.15839065983891482,25.928571428571427,False Positive (Imputed/Missing)
Reticulitermes,,Insecta,0,1,0.5223167811935285,0.0,10,194.8,0.15137947201728816,25.5,False Positive (Imputed/Missing)
Dudleya,Liveforever,Plantae,0,1,0.5222675709507311,0.0,16,113.0625,0.13018753845244643,26.625,False Positive (Imputed/Missing)
Rhamnus ilicifolia,hollyleaf redberry,Plantae,0,1,0.5220310781272366,0.0,10,141.3,0.13918453529477118,26.8,False Positive (Imputed/Missing)
Tipula oleracea,Marsh Crane Fly,Insecta,0,1,0.5215564013834662,0.0,13,115.92307692307692,0.1552242258420357,27.153846153846153,False Positive (Imputed/Missing)
Misumenoides,,Arachnida,0,1,0.5209310304147268,0.0,13,156.3846153846154,0.1480340487681902,27.0,False Positive (Imputed/Missing)
Candelaria concolor,Candleflame Lichen,Fungi,0,1,0.5199753090593773,0.0,18,174.22222222222223,0.1691789291799068,25.166666666666668,False Positive (Imputed/Missing)
Encelia farinosa × californica,California brittlebush hybrid,Plantae,0,1,0.519824450168019,0.0,16,168.1875,0.1238123923540115,26.1875,False Positive (Imputed/Missing)
Icterus bullockii,Bullock's Oriole,Aves,0,1,0.5194678843994566,0.0,17,126.82352941176471,0.1456317632075618,24.941176470588236,False Positive (Imputed/Missing)
Sciaridae,Dark-winged Fungus Gnats,Insecta,0,1,0.5193768489523013,0.0,12,163.75,0.14270267263054845,26.5,False Positive (Imputed/Missing)
Gryllus,,Insecta,0,1,0.5192000715262716,0.0,39,118.15384615384616,0.1680576361906834,26.435897435897434,False Positive (Imputed/Missing)
Nymphalis antiopa,Mourning Cloak,Insecta,0,1,0.5175230608592902,0.0,95,127.54736842105264,0.16640692062577916,24.11578947368421,False Positive (Imputed/Missing)
Diandrena,,Insecta,0,1,0.5169443825516162,0.0,16,177.625,0.130449466407299,25.5,False Positive (Imputed/Missing)
Trox,,Insecta,0,1,0.516768242297118,0.0,10,181.9,0.15081280618906018,26.6,False Positive (Imputed/Missing)
Argia agrioides,California Dancer,Insecta,0,1,0.5158555844035135,0.0,38,105.73684210526316,0.1528300950793843,26.605263157894736,False Positive (Imputed/Missing)
Chrysopidae,Green Lacewings,Insecta,0,1,0.51568078024608,0.0,14,138.92857142857142,0.1194238098604338,25.714285714285715,False Positive (Imputed/Missing)
Aphis nerii,Oleander Aphid,Insecta,0,1,0.5154773599623926,0.0,13,122.46153846153847,0.1604365929961204,28.0,False Positive (Imputed/Missing)
Idiostatus aequalis,Uniform shieldback,Insecta,0,1,0.5146323025300907,0.0,10,167.4,0.15005535557866093,24.8,False Positive (Imputed/Missing)
Cichorieae,"Lettuce, Chicory, Dandelion and Salsify Tribe",Plantae,0,1,0.514598813092967,0.0,23,147.69565217391303,0.16617267902778537,26.130434782608695,False Positive (Imputed/Missing)
Calliopsis,,Insecta,0,1,0.5138126015975079,0.0,24,182.95833333333334,0.12848196116586522,25.458333333333332,False Positive (Imputed/Missing)
Gnorimoschema baccharisella,Coyote Brush Stem Gall Moth,Insecta,0,1,0.5135062173009455,0.0,14,112.28571428571429,0.15402321198156899,25.857142857142858,False Positive (Imputed/Missing)
Chlorochroa uhleri,Uhler's Stink Bug,Insecta,0,1,0.5128572033252198,0.0,12,150.41666666666666,0.13267237506806848,28.583333333333332,False Positive (Imputed/Missing)
Astragalus,milkvetches,Plantae,0,1,0.5101053858737812,0.0,26,157.57692307692307,0.11894274803881456,28.576923076923077,False Positive (Imputed/Missing)
Arenivaga,,Insecta,0,1,0.5101046332158452,0.0,14,140.0,0.12129266613296097,26.642857142857142,False Positive (Imputed/Missing)
Quercus engelmannii,Engelmann oak,Plantae,0,1,0.5099004877723872,0.0,68,116.17647058823529,0.18818715773522848,27.544117647058822,False Positive (Imputed/Missing)
Xenoglossa pomonae,Pomona Longhorn,Insecta,0,1,0.5097479145550888,0.0,15,164.0,0.1363936424255371,28.533333333333335,False Positive (Imputed/Missing)
Xylocopa sonorina,Valley Carpenter Bee,Insecta,0,1,0.5096668609594867,0.0,28,155.96428571428572,0.13170991119529515,27.321428571428573,False Positive (Imputed/Missing)
Tanystoma maculicolle,Tule Beetle,Insecta,0,1,0.5092795230665272,0.0,17,121.05882352941177,0.1460240838282248,26.58823529411765,False Positive (Imputed/Missing)
Dactylopius,Cochineal Scale Bugs,Insecta,0,1,0.5090002126609816,0.0,17,179.41176470588235,0.1548560787649715,27.764705882352942,False Positive (Imputed/Missing)
Coniontis,,Insecta,0,1,0.5083965783363319,0.0,24,114.16666666666667,0.1395707201833526,27.458333333333332,False Positive (Imputed/Missing)
Anthemis cotula,Stinking chamomile,Plantae,0,1,0.5083822643997704,0.0,31,127.38709677419355,0.1463743623706602,28.29032258064516,False Positive (Imputed/Missing)
Phytocoris,,Insecta,0,1,0.5079827600837227,0.0,10,179.0,0.13102980032563208,28.1,False Positive (Imputed/Missing)
Melinis repens repens,ruby grass,Plantae,0,1,0.5079219722586407,0.0,12,147.58333333333334,0.1567407722274462,26.25,False Positive (Imputed/Missing)
Malva parviflora,cheeseweed mallow,Plantae,0,1,0.5071087546438475,0.0,21,134.0,0.1623038330248424,26.19047619047619,False Positive (Imputed/Missing)
Blitum californicum,California Goosefoot,Plantae,0,1,0.504215671346761,0.0,16,140.1875,0.16258397512137887,26.75,False Positive (Imputed/Missing)
Trupanea nigricornis,,Insecta,0,1,0.5040100573209451,0.0,32,208.59375,0.10657138540409501,26.9375,False Positive (Imputed/Missing)
Gamochaeta stagnalis,Desert Cudweed,Plantae,0,1,0.503861062563901,0.0,10,171.6,0.1349172070622444,27.6,False Positive (Imputed/Missing)
Mastophora cornigera,Southern Bolas Spider,Arachnida,0,1,0.5033236441367668,0.0,14,146.71428571428572,0.14004261844924512,26.714285714285715,False Positive (Imputed/Missing)
Platanus racemosa,western sycamore,Plantae,0,1,0.5031907646795468,0.0,405,103.04938271604938,0.17425335564731076,26.264197530864198,False Positive (Imputed/Missing)
Helminthoglypta tudiculata,Southern California Shoulderband,Mollusca,0,1,0.5023260391594776,0.0,148,100.32432432432432,0.15459828456309996,25.37837837837838,False Positive (Imputed/Missing)
Chloealtis gracilis,Graceful Grasshopper,Insecta,0,1,0.5022641394676151,0.0,11,147.8181818181818,0.14898799630728632,27.545454545454547,False Positive (Imputed/Missing)
Cynipini,Oak Gall Wasps,Insecta,0,1,0.502211825376548,0.0,30,131.53333333333333,0.17612837801376977,27.066666666666666,False Positive (Imputed/Missing)
Reticulitermes hesperus,Western Subterranean Termite,Insecta,0,1,0.5018681963537214,0.0,13,127.53846153846153,0.13374185275572995,26.692307692307693,False Positive (Imputed/Missing)
Stachys rigida,Rough Hedgenettle,Plantae,0,1,0.5015374543998701,0.0,15,157.06666666666666,0.14692872862021125,28.333333333333332,False Positive (Imputed/Missing)
Lactarius,Common Milkcaps,Fungi,0,1,0.5014159582821751,0.0,16,144.625,0.15589551208540794,27.25,False Positive (Imputed/Missing)
Mutarda,,Plantae,0,1,0.5013990309233144,0.0,12,122.91666666666667,0.14226569390545282,24.666666666666668,False Positive (Imputed/Missing)
Euodynerus annulatus,,Insecta,0,1,0.5007492956232572,0.0,10,149.1,0.15073334947228428,26.6,False Positive (Imputed/Missing)
Dracotettix monstrosus,Gray Dragon Lubber,Insecta,0,1,0.5005915417409855,0.0,10,152.0,0.13149460405111307,26.3,False Positive (Imputed/Missing)
Dudleya pulverulenta,Chalk Dudleya,Plantae,1,1,0.9547234246639243,1.0,533,143.94559099437149,0.13666416330028874,25.67917448405253,True Positive (Underrepresented)
Primula clevelandii clevelandii,Cleveland's Shooting Star,Plantae,1,1,0.95336636038773,2.0,338,160.27514792899407,0.13806210464891594,26.840236686390533,True Positive (Underrepresented)
Eschscholzia californica,California poppy,Plantae,1,1,0.9532909732661888,2.0,412,144.53155339805826,0.14881870917211854,26.225728155339805,True Positive (Underrepresented)
Malacothamnus fasciculatus,southern coastal bushmallow,Plantae,1,1,0.9509100660850449,1.0,515,143.32815533980582,0.15402065801967693,27.106796116504853,True Positive (Underrepresented)
Dipterostemon capitatus capitatus,,Plantae,1,1,0.9496335461773955,1.0,269,166.02230483271376,0.1411009440510135,26.69888475836431,True Positive (Underrepresented)
Viola pedunculata,California Golden Violet,Plantae,1,1,0.9486840835239434,2.0,214,181.8271028037383,0.1335665228489403,25.588785046728972,True Positive (Underrepresented)
Erodium cicutarium,Redstem Stork's-bill,Plantae,1,1,0.9464426569726144,3.0,221,148.18099547511312,0.1431313737564745,26.407239819004523,True Positive (Underrepresented)
Jepsonia parryi,Parry's Jepsonia,Plantae,1,1,0.9452526457181147,3.0,378,145.86772486772486,0.14738259050581187,25.09259259259259,True Positive (Underrepresented)
Lepidoptera,Butterflies and Moths,Insecta,1,1,0.9431249760242916,2.0,252,144.08333333333334,0.13423697990254452,26.432539682539684,True Positive (Underrepresented)
Crotalus oreganus helleri,Southern Pacific Rattlesnake,Reptilia,1,1,0.9428112919289089,1.0,422,155.47156398104266,0.14487625921577635,26.201421800947866,True Positive (Underrepresented)
Diplacus,,Plantae,1,1,0.9427862474199386,3.0,154,156.14935064935065,0.1438022506719624,25.98701298701299,True Positive (Underrepresented)
Cryptantha intermedia,Clearwater cryptantha,Plantae,1,1,0.9414339649062122,2.0,171,177.66666666666666,0.13859026870358057,26.538011695906434,True Positive (Underrepresented)
Dasymutilla aureola,Pacific Velvet Ant,Insecta,1,1,0.9410735821880035,3.0,197,147.4720812182741,0.1403783361054011,26.893401015228427,True Positive (Underrepresented)
Eleodes acuticauda,,Insecta,1,1,0.9401491233168235,1.0,178,154.06741573033707,0.14469538019771233,25.769662921348313,True Positive (Underrepresented)
Plantae,Plants,Plantae,1,1,0.9379261173993814,1.0,198,146.46464646464648,0.15581663684787772,26.57070707070707,True Positive (Underrepresented)
Augochlorella pomoniella,Peridot Sweat Bee,Insecta,1,1,0.9375791593627031,1.0,232,166.6293103448276,0.13324376370693586,26.724137931034484,True Positive (Underrepresented)
Dialictus,Metallic Sweat Bees,Insecta,1,1,0.9358837238760083,3.0,294,161.843537414966,0.13375881081130225,26.112244897959183,True Positive (Underrepresented)
Leptotes marina,Marine Blue,Insecta,1,1,0.9330888660365556,2.0,180,146.63333333333333,0.14753138464358115,26.488888888888887,True Positive (Underrepresented)
Corethrogyne filaginifolia,California Aster,Plantae,1,1,0.9321904050214388,2.0,228,131.10087719298247,0.1478048877365756,26.210526315789473,True Positive (Underrepresented)
Buteo jamaicensis,Red-tailed Hawk,Aves,1,1,0.9305463130321825,2.0,602,145.71760797342193,0.1432898498192101,25.666112956810633,True Positive (Underrepresented)
Halictus farinosus,Wide-striped Sweat Bee,Insecta,1,1,0.929708852359016,2.0,171,174.80116959064327,0.13621105404015169,26.415204678362574,True Positive (Underrepresented)
Corvus corax,Common Raven,Aves,1,1,0.9292327207330224,3.0,575,149.6208695652174,0.1435320021787091,26.36695652173913,True Positive (Underrepresented)
Angiospermae,Flowering Plants,Plantae,1,1,0.9270374780327706,2.0,184,140.17934782608697,0.15453303260627482,26.766304347826086,True Positive (Underrepresented)
Sanicula arguta,Sharp-toothed Sanicle,Plantae,1,1,0.9261835327848278,1.0,111,162.96396396396398,0.14139009357706916,27.2972972972973,True Positive (Underrepresented)
Poaceae,Grasses,Plantae,1,1,0.9258692855078232,1.0,145,144.12413793103448,0.14884676249087625,26.089655172413792,True Positive (Underrepresented)
Arachnis picta,Painted Tiger Moth,Insecta,1,1,0.9253247635396669,2.0,107,154.09345794392524,0.1306658802493083,26.514018691588785,True Positive (Underrepresented)
Logfia gallica,narrowleaf cottonrose,Plantae,1,1,0.9248806355887723,3.0,75,177.37333333333333,0.1408120417594909,26.426666666666666,True Positive (Underrepresented)
Toxostoma redivivum,California Thrasher,Aves,1,1,0.9247428047266504,1.0,379,162.6437994722955,0.14300950038146057,25.543535620052772,True Positive (Underrepresented)
Peucetia viridans,Green Lynx Spider,Arachnida,1,1,0.9243063301029937,2.0,217,137.06912442396313,0.14521342291054634,26.47926267281106,True Positive (Underrepresented)
Asteroideae,,Plantae,1,1,0.923881973084126,1.0,102,143.09803921568627,0.14367766447785288,25.686274509803923,True Positive (Underrepresented)
Castilleja exserta,purple owl's-clover,Plantae,1,1,0.923565117245786,1.0,133,187.49624060150376,0.14102722306672785,24.39097744360902,True Positive (Underrepresented)
Lepidium nitidum,Shining Pepperweed,Plantae,1,1,0.9234001116204545,1.0,85,189.8235294117647,0.14540090806343972,27.32941176470588,True Positive (Underrepresented)
Canis latrans,Coyote,Mammalia,1,1,0.9233699576240275,2.0,290,142.3896551724138,0.1407462633503922,27.606896551724137,True Positive (Underrepresented)
Lupinus,lupines,Plantae,1,1,0.923131649225464,3.0,65,175.55384615384617,0.13659224017308305,26.276923076923076,True Positive (Underrepresented)
Calasterella californica,California asterella,Plantae,1,1,0.9229479166536051,1.0,166,143.34939759036143,0.1510635995003114,25.596385542168676,True Positive (Underrepresented)
Andrena,Mining Bees,Insecta,1,1,0.9226483667683286,1.0,128,148.78125,0.14254672825336454,26.15625,True Positive (Underrepresented)
Coccinella septempunctata,Seven-spotted Lady Beetle,Insecta,1,1,0.9223587670475362,3.0,128,157.7890625,0.14437169113080014,26.546875,True Positive (Underrepresented)
Ribes indecorum,White-flowering Currant,Plantae,1,1,0.9222342657037769,1.0,175,155.14285714285714,0.15651923445718624,26.2,True Positive (Underrepresented)
Callophrys dumetorum,Lotus Hairstreak,Insecta,1,1,0.9209450969648593,2.0,82,230.14634146341464,0.13009031971053375,26.451219512195124,True Positive (Underrepresented)
Vanessa cardui,Painted Lady,Insecta,1,1,0.9203994307424985,2.0,113,179.39823008849558,0.14224761911972827,26.36283185840708,True Positive (Underrepresented)
Chorizanthe fimbriata fimbriata,fringed spineflower,Plantae,1,1,0.9202241431117809,1.0,67,216.2537313432836,0.13387272240065815,25.507462686567163,True Positive (Underrepresented)
Galium nuttallii,San Diego bedstraw,Plantae,1,1,0.9187337385499383,1.0,85,199.45882352941177,0.1501511651803465,25.611764705882354,True Positive (Underrepresented)
Uta stansburiana elegans,Western Side-blotched Lizard,Reptilia,1,1,0.9175165661893814,2.0,138,173.33333333333334,0.13066067413993823,25.920289855072465,True Positive (Underrepresented)
Phidippus,,Arachnida,1,1,0.9174711183431227,2.0,148,184.6418918918919,0.13083457082786873,26.844594594594593,True Positive (Underrepresented)
Cuscuta californica,California dodder,Plantae,1,1,0.9173150147007997,1.0,160,129.225,0.1431416563224047,27.33125,True Positive (Underrepresented)
Bryophyta,Mosses,Plantae,1,1,0.9160322049488686,1.0,101,164.12871287128712,0.1516150939139989,24.653465346534652,True Positive (Underrepresented)
Erigeron foliosus,Leafy Fleabane,Plantae,1,1,0.9159396147113333,1.0,72,178.625,0.15115519995904625,25.75,True Positive (Underrepresented)
Erynnis funeralis,Funereal Duskywing,Insecta,1,1,0.9156543553602624,3.0,101,158.40594059405942,0.14383828071969568,27.00990099009901,True Positive (Underrepresented)
Phacelia cicutaria,caterpillar scorpionweed,Plantae,1,1,0.9152180570385678,1.0,285,123.87719298245614,0.15247421721976834,25.849122807017544,True Positive (Underrepresented)
Dichondra occidentalis,western ponysfoot,Plantae,1,1,0.915039606962809,1.0,82,211.0121951219512,0.14989063061955493,27.036585365853657,True Positive (Underrepresented)
Lepidium,Pepperweeds,Plantae,1,1,0.9149890293817271,3.0,51,171.8235294117647,0.14260003832625404,26.529411764705884,True Positive (Underrepresented)
Zadontomerus,,Insecta,1,1,0.9149608652170526,1.0,304,137.69078947368422,0.15232802493693792,26.07894736842105,True Positive (Underrepresented)
Trimerotropis pallidipennis,Pallid-winged Grasshopper,Insecta,1,1,0.9145562555351122,2.0,96,168.04166666666666,0.13202330454563097,27.291666666666668,True Positive (Underrepresented)
Diplacus × australis,San Diego Monkeyflower,Plantae,1,1,0.9141441940502311,1.0,122,164.84426229508196,0.14512811453829777,24.352459016393443,True Positive (Underrepresented)
Tenebrionidae,Darkling Beetles,Insecta,1,1,0.9141258762495164,3.0,169,129.76331360946745,0.14505855527227002,26.16568047337278,True Positive (Underrepresented)
Calypte anna,Anna's Hummingbird,Aves,1,1,0.9134491828429848,1.0,906,143.25938189845473,0.14442013906319207,25.252759381898453,True Positive (Underrepresented)
Asilinae,,Insecta,1,1,0.9130238261270875,1.0,61,183.2295081967213,0.13993616194510067,26.065573770491802,True Positive (Underrepresented)
Rhopalomyia audibertiae,White Sage Leaf Gall Midge,Insecta,1,1,0.910961257953692,3.0,67,160.7910447761194,0.1413937258853841,25.074626865671643,True Positive (Underrepresented)
Efferia,Hammertails,Insecta,1,1,0.9109560127657926,1.0,65,183.96923076923076,0.1481895893812179,25.70769230769231,True Positive (Underrepresented)
Toxomerus marginatus,Margined Calligrapher,Insecta,1,1,0.9103366536133304,3.0,102,159.86274509803923,0.14006337818835732,26.558823529411764,True Positive (Underrepresented)
Vespula pensylvanica,Western Yellowjacket,Insecta,1,1,0.9096483024800672,3.0,164,136.03048780487805,0.15911616671194387,26.079268292682926,True Positive (Underrepresented)
Sceloporus occidentalis,Western Fence Lizard,Reptilia,1,1,0.9088301470933523,2.0,1319,121.8718726307809,0.15107326875733795,26.266868840030327,True Positive (Underrepresented)
Copestylum mexicanum,Mexican Cactus Fly,Insecta,1,1,0.908376931149172,1.0,77,159.01298701298703,0.1512386815307976,26.207792207792206,True Positive (Underrepresented)
Asterellopsis palmeri,Palmer's asterella,Plantae,1,1,0.9082873740548941,3.0,73,183.9041095890411,0.1460778538699019,26.356164383561644,True Positive (Underrepresented)
Peucetia,Green Lynx Spiders,Arachnida,1,1,0.9074544323938702,1.0,74,154.7972972972973,0.1295878661393716,26.094594594594593,True Positive (Underrepresented)
Cladonia,pixie cup and reindeer lichens,Fungi,1,1,0.9056680009842047,2.0,127,174.62992125984252,0.15496985737498348,25.606299212598426,True Positive (Underrepresented)
Junonia grisea,Gray Buckeye,Insecta,1,1,0.9044384082540086,2.0,173,128.51445086705203,0.15272710429816744,27.248554913294797,True Positive (Underrepresented)
Salvia,Sages,Plantae,1,1,0.904146494529446,2.0,55,174.8909090909091,0.14008973795412613,24.763636363636362,True Positive (Underrepresented)
Phidippus johnsoni,Johnson's Jumping Spider,Arachnida,1,1,0.9038023410385152,2.0,206,193.6990291262136,0.12329427483808066,27.320388349514563,True Positive (Underrepresented)
Plagiobothrys collinus,Cooper's Popcornflower,Plantae,1,1,0.9037004304539986,1.0,55,185.98181818181817,0.1423387615518136,26.78181818181818,True Positive (Underrepresented)
Pseudognaphalium,rabbit-tobaccos,Plantae,1,1,0.9034953312956197,2.0,129,129.0,0.14672582179611157,25.05426356589147,True Positive (Underrepresented)
Lecanoromycetes,Common Lichens,Fungi,1,1,0.9021267476650808,1.0,110,159.98181818181817,0.1493489468639547,25.554545454545455,True Positive (Underrepresented)
Agapostemon subtilior,Fine striped sweat bee,Insecta,1,1,0.9019412606935155,2.0,109,151.91743119266056,0.13473201488409564,26.81651376146789,True Positive (Underrepresented)
Polistes aurifer,Golden Paper Wasp,Insecta,1,1,0.9019385965906328,1.0,124,139.34677419354838,0.15717196704879882,26.975806451612904,True Positive (Underrepresented)
Xanthoparmelia,rock shield lichens,Fungi,1,1,0.9017815197961987,3.0,115,151.5304347826087,0.14694773248680257,24.31304347826087,True Positive (Underrepresented)
Diptera,Flies,Insecta,1,1,0.9012925605825041,1.0,65,170.53846153846155,0.152646228714058,25.46153846153846,True Positive (Underrepresented)
Stylocline gnaphalioides,everlasting neststraw,Plantae,1,1,0.9011385038588291,3.0,42,196.5952380952381,0.14036536323172702,24.142857142857142,True Positive (Underrepresented)
Lathyrus vestitus,Pacific pea,Plantae,1,1,0.9009083283828762,3.0,51,205.2549019607843,0.15097565627565568,27.50980392156863,True Positive (Underrepresented)
Fossombronia,Frillworts,Plantae,1,1,0.9006166105358776,1.0,49,171.89795918367346,0.14415441803178006,24.897959183673468,True Positive (Underrepresented)
Leprus intermedius,Saussure's Blue-winged Grasshopper,Insecta,1,1,0.9004657999463523,2.0,51,205.2156862745098,0.12930324790524497,26.313725490196077,True Positive (Underrepresented)
Elgaria multicarinata,Southern Alligator Lizard,Reptilia,1,1,0.900321865123814,1.0,88,142.82954545454547,0.15007573078301817,25.920454545454547,True Positive (Underrepresented)
Oestroidea,"Bot Flies, Blow Flies, and Allies",Insecta,1,1,0.9000092168357761,2.0,50,183.42,0.13903810575604433,26.98,True Positive (Underrepresented)
Avena barbata,slender wild oat,Plantae,1,1,0.899435075489209,3.0,39,156.64102564102564,0.14295156701253006,25.58974358974359,True Positive (Underrepresented)
Boraginaceae,borage family,Plantae,1,1,0.8982817242387976,1.0,44,176.20454545454547,0.13298389214006334,26.727272727272727,True Positive (Underrepresented)
Baccharis,,Plantae,1,1,0.8979748767738837,1.0,183,120.36065573770492,0.14492443482559475,27.049180327868854,True Positive (Underrepresented)
Aporus,,Insecta,1,1,0.8979271483495448,1.0,70,153.52857142857144,0.14076932775122777,26.52857142857143,True Positive (Underrepresented)
Medicago polymorpha,bur clover,Plantae,1,1,0.8978057133674361,1.0,78,148.16666666666666,0.16153449832628933,26.512820512820515,True Positive (Underrepresented)
Spinus psaltria,Lesser Goldfinch,Aves,1,1,0.897066671338946,3.0,703,125.16073968705548,0.15912024003727115,25.773826458036986,True Positive (Underrepresented)
Hoplia callipyge,Grapevine Hoplia,Insecta,1,1,0.8967160557089551,3.0,57,161.98245614035088,0.14964195628438076,25.894736842105264,True Positive (Underrepresented)
Melinis repens,Natal Grass,Plantae,1,1,0.8962805125255138,1.0,95,155.77894736842106,0.1435181731456204,25.378947368421052,True Positive (Underrepresented)
Bromus diandrus,great brome,Plantae,1,1,0.8957578087791939,1.0,56,142.66071428571428,0.1563894095431481,26.553571428571427,True Positive (Underrepresented)
Colletes,Cellophane Bees,Insecta,1,1,0.8944433462749884,2.0,136,139.23529411764707,0.13877857668215735,27.139705882352942,True Positive (Underrepresented)
Dufourea,Short-faced Bees,Insecta,1,1,0.8944242890434922,3.0,66,161.07575757575756,0.13777178921031227,26.12121212121212,True Positive (Underrepresented)
Lynx rufus,Bobcat,Mammalia,1,1,0.8931199829143975,1.0,53,153.56603773584905,0.1407252381432731,26.58490566037736,True Positive (Underrepresented)
Zonotrichia leucophrys,White-crowned Sparrow,Aves,1,1,0.8927330839631338,2.0,649,139.80739599383668,0.14239370295145073,25.571648690292758,True Positive (Underrepresented)
Astur cooperii,Cooper's Hawk,Aves,1,1,0.8924749947687031,1.0,383,132.1644908616188,0.15261235162579298,25.75195822454308,True Positive (Underrepresented)
Araneae,Spiders,Arachnida,1,1,0.8916003182790526,1.0,76,140.77631578947367,0.14915433017832627,26.013157894736842,True Positive (Underrepresented)
Melozone crissalis,California Towhee,Aves,1,1,0.891125057506116,1.0,1123,133.86821015138023,0.1495660134198895,24.99821905609973,True Positive (Underrepresented)
Schistocerca nitens,Gray Bird Grasshopper,Insecta,1,1,0.8910440075822599,1.0,160,138.88125,0.13638219360727813,27.23125,True Positive (Underrepresented)
Argiope trifasciata,Banded Garden Spider,Arachnida,1,1,0.8907328533984091,1.0,128,135.4140625,0.1381037068458681,25.0078125,True Positive (Underrepresented)
Cladonia chlorophaea,,Fungi,1,1,0.8906798904865957,1.0,81,146.5679012345679,0.1457284722983101,25.333333333333332,True Positive (Underrepresented)
Closterocoris amoenus,,Insecta,1,1,0.8904020332703285,1.0,51,164.94117647058823,0.1386767969119782,27.352941176470587,True Positive (Underrepresented)
Solenopsis xyloni,Southern Fire Ant,Insecta,1,1,0.8903723809824701,2.0,41,198.5121951219512,0.13310605496531577,25.682926829268293,True Positive (Underrepresented)
Sylvilagus audubonii,Desert Cottontail,Mammalia,1,1,0.888179961121794,2.0,567,127.60670194003528,0.15585724060379322,26.02821869488536,True Positive (Underrepresented)
Pellaea mucronata,bird's foot cliffbrake,Plantae,1,1,0.8880949673060354,2.0,57,263.4561403508772,0.14090614818167266,24.017543859649123,True Positive (Underrepresented)
Dasymutilla,,Insecta,1,1,0.8878693351343412,2.0,41,167.3658536585366,0.14045895399843772,26.0,True Positive (Underrepresented)
Aphonopelma,,Arachnida,1,1,0.8875151244803887,1.0,117,130.72649572649573,0.1372635314861933,26.914529914529915,True Positive (Underrepresented)
Fungi,Fungi Including Lichens,Fungi,1,1,0.8869959806065395,2.0,243,136.06995884773661,0.1611839706526586,25.304526748971192,True Positive (Underrepresented)
Sonchus asper,prickly sowthistle,Plantae,1,1,0.8847649618964338,1.0,103,133.2135922330097,0.15554289143641015,27.24271844660194,True Positive (Underrepresented)
Pottiaceae,,Plantae,1,1,0.8843449874849322,1.0,40,145.6,0.14530636258423324,25.55,True Positive (Underrepresented)
Megachile,"Leafcutter, Mortar, and Resin Bees",Insecta,1,1,0.8839253591286361,1.0,99,173.42424242424244,0.13208150321787052,26.717171717171716,True Positive (Underrepresented)
Irbisia,,Insecta,1,1,0.8838029422536198,3.0,56,156.92857142857142,0.14274449220725466,26.5,True Positive (Underrepresented)
Pepsis thisbe,Thisbe's Tarantula-hawk Wasp,Insecta,1,1,0.883685551704873,3.0,81,137.46913580246914,0.15254564454526073,25.814814814814813,True Positive (Underrepresented)
Eriodictyon crassifolium crassifolium,,Plantae,1,1,0.8833355679308391,3.0,31,247.67741935483872,0.12950784208313107,25.838709677419356,True Positive (Underrepresented)
Osmia,Mason Bees,Insecta,1,1,0.8825691983093428,1.0,98,135.81632653061226,0.14145035045791643,26.06122448979592,True Positive (Underrepresented)
Microschatia inaequalis,,Insecta,1,1,0.8823216467542505,1.0,41,166.8048780487805,0.14570747043301416,24.48780487804878,True Positive (Underrepresented)
Bombus crotchii,Crotch's Bumble Bee,Insecta,1,1,0.8808944457931822,2.0,65,189.30769230769232,0.12940620636710748,27.661538461538463,True Positive (Underrepresented)
Anthophorula,,Insecta,1,1,0.8808787901039151,3.0,99,181.5050505050505,0.13542330257519322,26.13131313131313,True Positive (Underrepresented)
Sairocarpus,,Plantae,1,1,0.8806425739111434,2.0,32,178.34375,0.1388511288532754,24.1875,True Positive (Underrepresented)
Paratiphia,,Insecta,1,1,0.8803217737964366,1.0,54,148.9814814814815,0.1437548405870243,26.074074074074073,True Positive (Underrepresented)
Insecta,Insects,Insecta,1,1,0.8788709332006979,2.0,102,135.11764705882354,0.15447829934019666,26.50980392156863,True Positive (Underrepresented)
Lytta auriculata,Red-eared Blister Beetle,Insecta,1,1,0.8786044105632848,3.0,35,155.77142857142857,0.13171632992369786,25.8,True Positive (Underrepresented)
Hiltonius,,Animalia,1,1,0.8780611902657245,2.0,60,154.96666666666667,0.14575545390446978,26.966666666666665,True Positive (Underrepresented)
Gnaphosidae,Stealthy Ground Spiders,Arachnida,1,1,0.8761584224742057,1.0,35,163.37142857142857,0.1418606969927038,26.114285714285714,True Positive (Underrepresented)
Glaucopsyche lygdamus,Silvery Blue,Insecta,1,1,0.8746636999478425,2.0,94,185.29787234042553,0.1443418689626962,27.829787234042552,True Positive (Underrepresented)
Lasthenia,goldfields,Plantae,1,1,0.8744505722986238,1.0,29,231.41379310344828,0.13681857133733813,25.103448275862068,True Positive (Underrepresented)
Halictus tripartitus,Tripartite Sweat Bee,Insecta,1,1,0.8744101996199096,1.0,140,168.21428571428572,0.13506403631929836,26.564285714285713,True Positive (Underrepresented)
Pheidole vistana,Vista Big-headed Ant,Insecta,1,1,0.8737247724831061,1.0,35,186.4857142857143,0.13397386137928277,25.257142857142856,True Positive (Underrepresented)
Pipilo maculatus,Spotted Towhee,Aves,1,1,0.8734589507432734,2.0,342,120.57309941520468,0.15827442098229205,26.002923976608187,True Positive (Underrepresented)
Sidalcea,Checkerblooms,Plantae,1,1,0.8712038811547607,1.0,74,122.89189189189189,0.15570283630812487,25.95945945945946,True Positive (Underrepresented)
Uropappus lindleyi,silverpuffs,Plantae,1,1,0.8708169637441049,3.0,47,178.06382978723406,0.13636011455921412,23.78723404255319,True Positive (Underrepresented)
Heteroptera,True Bugs,Insecta,1,1,0.869616495634434,1.0,38,151.5,0.14651583546870628,26.236842105263158,True Positive (Underrepresented)
Andricus quercuscalifornicus,California Gall Wasp,Insecta,1,1,0.8681472278092719,2.0,48,156.27083333333334,0.15803833274791634,27.604166666666668,True Positive (Underrepresented)
Lupinus truncatus,collared annual lupine,Plantae,1,1,0.867559599803238,1.0,79,125.11392405063292,0.15486812186014798,24.974683544303797,True Positive (Underrepresented)
Avena,,Plantae,1,1,0.8673514788620397,1.0,32,162.625,0.13870790740475056,27.40625,True Positive (Underrepresented)
Agaricales,Common Gilled Mushrooms and Allies,Fungi,1,1,0.8663959801419007,1.0,87,141.66666666666666,0.1606796728982322,25.298850574712645,True Positive (Underrepresented)
Steatoda nobilis,Noble False Widow,Arachnida,1,1,0.8648416171153285,1.0,116,143.02586206896552,0.12312994489510506,27.405172413793103,True Positive (Underrepresented)
Lupinus bicolor,Miniature Lupine,Plantae,1,1,0.8630912164121486,3.0,85,127.28235294117647,0.1489115147906191,27.094117647058823,True Positive (Underrepresented)
Mordella hubbsi,,Insecta,1,1,0.8594210728019821,2.0,39,142.84615384615384,0.1514109896543698,27.46153846153846,True Positive (Underrepresented)
Habronattus,Paradise Jumping Spiders,Arachnida,1,1,0.859402367835045,3.0,53,180.0754716981132,0.1302403610832286,26.37735849056604,True Positive (Underrepresented)
Haemorhous mexicanus,House Finch,Aves,1,1,0.857973707462542,1.0,519,132.57032755298653,0.14502757443202594,25.03082851637765,True Positive (Underrepresented)
Misumenoides formosipes,White-banded Crab Spider,Arachnida,1,1,0.857367459779338,1.0,48,141.8125,0.15464467384542024,26.0,True Positive (Underrepresented)
Plestiodon skiltonianus,Western Skink,Reptilia,1,1,0.8571767003482065,1.0,33,158.45454545454547,0.15505280582742254,24.484848484848484,True Positive (Underrepresented)
Melilotus indicus,small melilot,Plantae,1,1,0.8562265424985142,1.0,199,144.71356783919597,0.1522274318984218,26.44221105527638,True Positive (Underrepresented)
Villa lateralis,,Insecta,1,1,0.8544704049681796,2.0,44,168.8181818181818,0.13935831731015982,26.795454545454547,True Positive (Underrepresented)
Agavoideae,Century plant subfamily,Plantae,1,1,0.8519526228419945,1.0,30,155.96666666666667,0.12947463205394644,24.466666666666665,True Positive (Underrepresented)
Paraprosopis,,Insecta,1,1,0.8506485115777156,1.0,47,162.72340425531914,0.13812860323393594,25.53191489361702,True Positive (Underrepresented)
Parancistrocerus declivatus,,Insecta,1,1,0.8504803460215923,1.0,53,182.75471698113208,0.12844545829970877,26.547169811320753,True Positive (Underrepresented)
Tyrannus vociferans,Cassin's Kingbird,Aves,1,1,0.8483318861315852,1.0,416,146.92067307692307,0.13703573426076984,24.596153846153847,True Positive (Underrepresented)
Bromus,bromes,Plantae,1,1,0.8471964775221784,1.0,55,130.3090909090909,0.14854290817271576,27.145454545454545,True Positive (Underrepresented)
Liliopsida,Monocots,Plantae,1,1,0.8445235922647127,1.0,28,159.17857142857142,0.1469820461102894,26.321428571428573,True Positive (Underrepresented)
Stenopogonini,,Insecta,1,1,0.8440374065992556,3.0,40,197.775,0.14364610109478232,26.45,True Positive (Underrepresented)
Pentagramma viscosa,Sticky goldback fern,Plantae,1,1,0.8428383908445296,2.0,46,191.2391304347826,0.14368023107881128,26.543478260869566,True Positive (Underrepresented)
Lythrum hyssopifolia,Hyssop Loosestrife,Plantae,1,1,0.8427095146296887,1.0,57,143.3684210526316,0.14230510291823167,27.350877192982455,True Positive (Underrepresented)
Metepeira,,Arachnida,1,1,0.8409778582598618,1.0,65,141.7846153846154,0.14850855698952303,25.353846153846153,True Positive (Underrepresented)
Gazania × splendens,Garden Treasure Flower,Plantae,1,1,0.8399613314516294,1.0,24,199.91666666666666,0.13076804190253213,26.708333333333332,True Positive (Underrepresented)
Tipulomorpha,Crane Flies,Insecta,1,1,0.8394667098177611,1.0,34,144.7941176470588,0.15280313351575064,26.676470588235293,True Positive (Underrepresented)
Tylobolinae,,Animalia,1,1,0.8360620203275708,1.0,29,154.20689655172413,0.14292164223975146,27.344827586206897,True Positive (Underrepresented)
Rumex,docks and sorrels,Plantae,1,1,0.8350079279133397,1.0,86,119.29069767441861,0.15999786374917208,26.337209302325583,True Positive (Underrepresented)
Sayornis saya,Say's Phoebe,Aves,1,1,0.8333129853331226,1.0,278,135.80575539568346,0.1368567518983706,26.111510791366907,True Positive (Underrepresented)
Vertebrata,Vertebrates,Animalia,1,1,0.8327901260355104,1.0,27,157.2962962962963,0.1422286025351948,25.074074074074073,True Positive (Underrepresented)
Erythranthe guttata,seep monkeyflower,Plantae,1,1,0.8323618700353862,2.0,97,121.12371134020619,0.15554053620579314,27.95876288659794,True Positive (Underrepresented)
Melica imperfecta,smallflower melicgrass,Plantae,1,1,0.8309915689984997,1.0,34,149.61764705882354,0.16033005078925802,24.558823529411764,True Positive (Underrepresented)
Dianthidium,,Insecta,1,1,0.8309167405559003,2.0,38,151.92105263157896,0.16153606380286964,25.973684210526315,True Positive (Underrepresented)
Copestylum marginatum,,Insecta,1,1,0.8302395527263129,1.0,93,188.78494623655914,0.13099815023522218,27.21505376344086,True Positive (Underrepresented)
Stagmomantis limbata,Arizona Mantis,Insecta,1,1,0.8300050794658723,1.0,220,115.98181818181818,0.15272975976020622,26.668181818181818,True Positive (Underrepresented)
Arthropoda,Arthropods,Animalia,1,1,0.8284642575826934,1.0,37,138.97297297297297,0.15718221684565412,26.783783783783782,True Positive (Underrepresented)
Rumex crispus,curled dock,Plantae,1,1,0.8264127063931551,1.0,121,124.80165289256199,0.15121303180094098,27.677685950413224,True Positive (Underrepresented)
Silene laciniata,cardinal catchfly,Plantae,1,1,0.8262305637117082,2.0,73,210.64383561643837,0.14761870905552824,23.301369863013697,True Positive (Underrepresented)
Agelenopsis aperta,Desert Grass Spider,Arachnida,1,1,0.8244757592484186,1.0,47,130.10638297872342,0.13620170308871468,27.170212765957448,True Positive (Underrepresented)
Tipula,Common Crane Flies,Insecta,1,1,0.8230455919281132,1.0,53,120.9245283018868,0.15129010674526103,25.88679245283019,True Positive (Underrepresented)
Ammophila,Thread-waisted Sand Wasps,Insecta,1,1,0.8226130528677063,1.0,57,126.57894736842105,0.15562218519156437,24.350877192982455,True Positive (Underrepresented)
Cordylanthus rigidus setiger,Bristly Bird's Beak,Plantae,1,1,0.8207076100326626,1.0,29,174.41379310344828,0.1297108733962322,23.20689655172414,True Positive (Underrepresented)
Cordylanthus rigidus,Stiffbranch Bird's Beak,Plantae,1,1,0.8200561669923698,1.0,20,171.1,0.13141164518892762,24.55,True Positive (Underrepresented)
Ageleninae,Typical Funnel Weavers,Arachnida,1,1,0.8196815836637054,1.0,47,137.0212765957447,0.147820299213871,26.76595744680851,True Positive (Underrepresented)
Lopidea marginata,Margined Scarlet Plant Bug,Insecta,1,1,0.8192078464779317,2.0,30,184.76666666666668,0.13961349216600255,26.5,True Positive (Underrepresented)
Vanessa virginiensis,American Lady,Insecta,1,1,0.8181749317210762,1.0,28,171.75,0.15145711505985152,24.0,True Positive (Underrepresented)
Uta stansburiana,Common Side-blotched Lizard,Reptilia,1,1,0.818071476558395,2.0,52,182.15384615384616,0.13851788165405962,25.25,True Positive (Underrepresented)
Solanum,nightshades,Plantae,1,1,0.8179146935735976,2.0,49,148.42857142857142,0.1648936075519542,26.183673469387756,True Positive (Underrepresented)
Philanthus,Beewolves,Insecta,1,1,0.8177662550744509,1.0,35,138.54285714285714,0.14873234672205785,25.2,True Positive (Underrepresented)
Chalcidoidea,Chalcidoid Wasps,Insecta,1,1,0.816553358125541,1.0,34,152.0,0.1291907403398962,27.441176470588236,True Positive (Underrepresented)
Judolia sexspilota,,Insecta,1,1,0.8123493434211936,1.0,26,172.65384615384616,0.13596406579017636,24.653846153846153,True Positive (Underrepresented)
Gazania,Treasure Flowers,Plantae,1,1,0.8110767285697161,2.0,24,165.45833333333334,0.1371066036323706,27.166666666666668,True Positive (Underrepresented)
Synhalonia,,Insecta,1,1,0.8103096104865509,1.0,33,191.03030303030303,0.12874589747551712,27.393939393939394,True Positive (Underrepresented)
Arphia ramona,California Orange-winged Grasshopper,Insecta,1,1,0.809774057944584,2.0,32,151.75,0.14856676291674373,27.46875,True Positive (Underrepresented)
Gnaphaliinae,"cudweeds, everlastings, and pussytoes",Plantae,1,1,0.809104313473304,2.0,24,166.66666666666666,0.12943565921159458,25.416666666666668,True Positive (Underrepresented)
Cynara cardunculus,Artichoke Thistle,Plantae,1,1,0.8081721930478584,2.0,89,158.06741573033707,0.13817952950014153,28.258426966292134,True Positive (Underrepresented)
Anthophila,Bees,Insecta,1,1,0.8079797069140018,1.0,40,145.25,0.1430235881358385,27.375,True Positive (Underrepresented)
Muscoidea,Muscoid Flies,Insecta,1,1,0.8076783370190184,1.0,37,148.97297297297297,0.16258496267570027,26.43243243243243,True Positive (Underrepresented)
Chimarocephala pacifica,Painted Meadow Grasshopper,Insecta,1,1,0.8075577105445683,3.0,32,169.15625,0.14194990647956723,27.84375,True Positive (Underrepresented)
Pectocarya linearis,sagebrush combseed,Plantae,1,1,0.8048098353604741,1.0,25,208.08,0.12399358093738552,25.2,True Positive (Underrepresented)
Phidippus californicus,,Arachnida,1,1,0.8046892911589026,1.0,40,161.75,0.13899382594972845,27.35,True Positive (Underrepresented)
Exoprosopa,,Insecta,1,1,0.8044732950528894,2.0,29,150.51724137931035,0.14358148055857622,26.413793103448278,True Positive (Underrepresented)
Pseudacris regilla,Pacific chorus frog,Amphibia,1,1,0.8036500229972008,3.0,350,113.11714285714285,0.16788479496325762,27.46857142857143,True Positive (Underrepresented)
Harmonia axyridis,Asian Lady Beetle,Insecta,1,1,0.8027763351767496,1.0,69,123.56521739130434,0.16017223457279411,26.36231884057971,True Positive (Underrepresented)
Camponotus sansabeanus,,Insecta,1,1,0.8026552250919666,3.0,27,224.25925925925927,0.15173988320209358,22.296296296296298,True Positive (Underrepresented)
Spergularia,Sand-Spurries,Plantae,1,1,0.8018522996795826,3.0,32,173.5625,0.1467914043460041,27.3125,True Positive (Underrepresented)
Hoplia,,Insecta,1,1,0.8016532100603755,1.0,33,131.1818181818182,0.1392862625194318,24.515151515151516,True Positive (Underrepresented)
Perdita rhois,Rhus Fairy Bee,Insecta,1,1,0.8013338561959764,2.0,39,147.2051282051282,0.14971583241071454,27.128205128205128,True Positive (Underrepresented)
Sylvilagus,Cottontail Rabbits,Mammalia,1,1,0.7971213130944574,1.0,33,153.0909090909091,0.1427771557602241,26.424242424242426,True Positive (Underrepresented)
Paropsis atomaria,Dotted Paropsine Leaf Beetle,Insecta,1,1,0.79625576293861,1.0,66,183.9090909090909,0.13277479244226756,27.045454545454547,True Positive (Underrepresented)
Satyrium saepium,Hedgerow Hairstreak,Insecta,1,1,0.79529868370611,2.0,17,269.6470588235294,0.1388066051637425,22.58823529411765,True Positive (Underrepresented)
Ceanothus tomentosus olivaceus,,Plantae,1,1,0.7952868794701125,3.0,26,244.73076923076923,0.14857810334517402,24.846153846153847,True Positive (Underrepresented)
Collinsia heterophylla,Purple Chinese Houses,Plantae,1,1,0.7952136949120362,1.0,30,129.73333333333332,0.14241147612531976,26.733333333333334,True Positive (Underrepresented)
Coelocnemis,,Insecta,1,1,0.7928796709002607,2.0,61,112.50819672131148,0.15986502940048933,27.262295081967213,True Positive (Underrepresented)
Lucilia,Greenbottle Flies,Insecta,1,1,0.7914481937821468,1.0,29,147.13793103448276,0.14794980259291055,26.79310344827586,True Positive (Underrepresented)
Anthrenus lepidus,,Insecta,1,1,0.7875988323381226,1.0,26,149.03846153846155,0.13835534453392026,24.53846153846154,True Positive (Underrepresented)
Euphorbia maculata,Spotted spurge,Plantae,1,1,0.7866673527841075,1.0,96,126.55208333333333,0.14869708687668506,24.677083333333332,True Positive (Underrepresented)
Chorizanthe,spineflowers,Plantae,1,1,0.7840829188026285,2.0,13,265.46153846153845,0.13238499256280747,24.692307692307693,True Positive (Underrepresented)
Bryum argenteum,Silvery Bryum,Plantae,1,1,0.7817338868587793,1.0,35,192.57142857142858,0.12405835730688908,27.114285714285714,True Positive (Underrepresented)
Argynnis callippe,Callippe Fritillary,Insecta,1,1,0.7765366801295014,1.0,22,210.0,0.14179226485165677,27.09090909090909,True Positive (Underrepresented)
Aphonopelma eutylenum,California Ebony Tarantula,Arachnida,1,1,0.7737573743842336,1.0,180,113.89444444444445,0.13990947446889343,28.1,True Positive (Underrepresented)
Cistus creticus,Hoary Rock-rose,Plantae,1,1,0.771973978960456,1.0,220,116.45,0.16949093702503223,25.213636363636365,True Positive (Underrepresented)
Habronattus californicus,,Arachnida,1,1,0.770463469294717,2.0,24,179.625,0.13077972394724682,26.958333333333332,True Positive (Underrepresented)
Dittrichia graveolens,Stinkwort,Plantae,1,1,0.768778603324198,3.0,103,167.84466019417476,0.1226911648355754,23.883495145631066,True Positive (Underrepresented)
Cotinis mutabilis,Figeater Beetle,Insecta,1,1,0.766142291760268,1.0,64,153.5625,0.1490031604771502,26.5,True Positive (Underrepresented)
Sialia mexicana,Western Bluebird,Aves,1,1,0.7653656660953332,1.0,163,120.77914110429448,0.1595511294250016,26.079754601226995,True Positive (Underrepresented)
Eriophyllum,Woolly sunflowers,Plantae,1,1,0.7647316378073973,2.0,19,181.21052631578948,0.15552781914409833,23.894736842105264,True Positive (Underrepresented)
Danepteryx,,Insecta,1,1,0.7644048034136839,1.0,43,147.4418604651163,0.14771949239941526,26.093023255813954,True Positive (Underrepresented)
Calyptratae,Calyptrate Flies,Insecta,1,1,0.7639986232889812,3.0,27,151.96296296296296,0.14286377719017088,25.25925925925926,True Positive (Underrepresented)
Camponotus dumetorum,,Insecta,1,1,0.7604423446046533,1.0,23,256.8695652173913,0.15139207243919367,21.0,True Positive (Underrepresented)
Lithobiomorpha,Stone Centipedes,Animalia,1,1,0.7588314117873262,1.0,18,172.22222222222223,0.13953247749143174,26.22222222222222,True Positive (Underrepresented)
Flavoparmelia caperata,common greenshield lichen,Fungi,1,1,0.7587194800911067,1.0,24,184.58333333333334,0.1567023529981573,24.708333333333332,True Positive (Underrepresented)
Fuscopolistes,fuscatus-group Paper Wasps,Insecta,1,1,0.7573067755240143,1.0,22,156.1818181818182,0.14242573454976076,27.681818181818183,True Positive (Underrepresented)
Gnathamitermes,Long-jawed Desert Termites,Insecta,1,1,0.7564246732624501,3.0,20,161.35,0.14233134500682348,27.35,True Positive (Underrepresented)
Apsena,,Insecta,1,1,0.7557028843327794,1.0,13,271.53846153846155,0.14928736881567878,23.153846153846153,True Positive (Underrepresented)
Diadasia nigrifrons,Black-fronted turret bee,Insecta,1,1,0.7540386787281923,1.0,19,164.52631578947367,0.13884895726254107,28.05263157894737,True Positive (Underrepresented)
Heliopetes ericetorum,Northern White-Skipper,Insecta,1,1,0.7523911063296327,1.0,39,155.10256410256412,0.15047506930736393,27.358974358974358,True Positive (Underrepresented)
Sphaerophoria contigua,Tufted Globetail,Insecta,1,1,0.7499505913117929,1.0,22,146.77272727272728,0.1399060755290768,25.863636363636363,True Positive (Underrepresented)
Clastoptera lineatocollis,,Insecta,1,1,0.7495593390354652,1.0,34,118.82352941176471,0.14760848682592892,27.0,True Positive (Underrepresented)
Acarospora,cobblestone lichens,Fungi,1,1,0.7473827829972982,1.0,21,170.71428571428572,0.13338380377917058,25.047619047619047,True Positive (Underrepresented)
Carnivora,Carnivorans,Mammalia,1,1,0.7459390269910261,2.0,24,138.16666666666666,0.14250227684775985,26.833333333333332,True Positive (Underrepresented)
Colaspidea smaragdula,,Insecta,1,1,0.7456564153366059,1.0,14,179.0,0.13799745270184105,25.428571428571427,True Positive (Underrepresented)
Pseudognaphalium stramineum,cottonbatting plant,Plantae,1,1,0.7435435746136091,3.0,19,187.47368421052633,0.13208993615913447,24.842105263157894,True Positive (Underrepresented)
Polioptila caerulea,Blue-gray Gnatcatcher,Aves,1,1,0.7412617299546149,3.0,236,153.91525423728814,0.13154771429352397,23.800847457627118,True Positive (Underrepresented)
Aves,Birds,Aves,1,1,0.7366374113319232,2.0,59,157.83050847457628,0.1490633547605978,23.983050847457626,True Positive (Underrepresented)
Opuntia semispinosa,,Plantae,1,1,0.7363382006034992,1.0,21,165.85714285714286,0.1381296898637499,28.0,True Positive (Underrepresented)
Compsocryptus calipterus,,Insecta,1,1,0.7311863655392821,1.0,17,194.64705882352942,0.12652327339438826,27.764705882352942,True Positive (Underrepresented)
Oxyopes salticus,Striped Lynx Spider,Arachnida,1,1,0.7309895552430685,1.0,16,180.0625,0.14132013171911234,26.5625,True Positive (Underrepresented)
Lepidanthrax,,Insecta,1,1,0.7275191950692769,3.0,24,172.5,0.1347197800253828,27.25,True Positive (Underrepresented)
Thyanta custator,Red-shouldered Stink Bug,Insecta,1,1,0.7265844534086329,1.0,18,177.94444444444446,0.13896752480003563,25.11111111111111,True Positive (Underrepresented)
Crematogaster,,Insecta,1,1,0.7232771582604565,2.0,22,180.1818181818182,0.12453505430709227,25.818181818181817,True Positive (Underrepresented)
Juncus,Rushes,Plantae,1,1,0.7223410825273654,2.0,28,124.92857142857143,0.16170101905507697,27.75,True Positive (Underrepresented)
Halictini,,Insecta,1,1,0.7217220993607597,1.0,13,154.69230769230768,0.12694379056875518,24.384615384615383,True Positive (Underrepresented)
Erodium brachycarpum,Hairy-pitted Stork's-bill,Plantae,1,1,0.7202489558646885,1.0,29,155.9655172413793,0.13526928373451885,27.93103448275862,True Positive (Underrepresented)
Asclepias fascicularis,narrowleaf milkweed,Plantae,1,1,0.718714616204221,1.0,68,111.92647058823529,0.16871290642987274,27.86764705882353,True Positive (Underrepresented)
Cornu aspersum,Garden Snail,Mollusca,1,1,0.7166059821214231,1.0,148,154.4527027027027,0.11706770707324546,27.804054054054053,True Positive (Underrepresented)
Neotoma macrotis,Big-eared Woodrat,Mammalia,1,1,0.7141142293429907,1.0,42,127.42857142857143,0.1686710397646363,25.5,True Positive (Underrepresented)
Perdita,Fairy Bees,Insecta,1,1,0.7122502029504034,3.0,29,117.0,0.15151322299036482,26.82758620689655,True Positive (Underrepresented)
Lepus californicus,Black-tailed Jackrabbit,Mammalia,1,1,0.7112289273657638,1.0,17,177.94117647058823,0.13653587418444013,28.470588235294116,True Positive (Underrepresented)
Lycosidae,Wolf Spiders,Arachnida,1,1,0.7066676938150476,2.0,73,119.53424657534246,0.1722713699691916,25.958904109589042,True Positive (Underrepresented)
Hemiptera,"True Bugs, Hoppers, Aphids, and allies",Insecta,1,1,0.7033856068780486,3.0,25,143.28,0.12310621796175834,26.08,True Positive (Underrepresented)
Cerceris convergens,,Insecta,1,1,0.7030440540937717,1.0,14,162.92857142857142,0.14192196460706843,25.785714285714285,True Positive (Underrepresented)
Chondestes grammacus,Lark Sparrow,Aves,1,1,0.7018935089127677,3.0,139,114.26618705035972,0.14785991378610938,26.705035971223023,True Positive (Underrepresented)
Malachiini,,Insecta,1,1,0.7018323652084242,1.0,19,136.94736842105263,0.13975436671784044,26.63157894736842,True Positive (Underrepresented)
Oedipodinae,Bandwing Grasshoppers,Insecta,1,1,0.6987692177977648,1.0,12,198.91666666666666,0.14518794789910314,26.25,True Positive (Underrepresented)
Macronychiini,,Insecta,1,1,0.6986594212031492,1.0,21,172.76190476190476,0.1423864254639262,26.571428571428573,True Positive (Underrepresented)
Tipuloidea,Typical Crane Flies,Insecta,1,1,0.69579330548748,1.0,18,117.0,0.13849126299222306,25.88888888888889,True Positive (Underrepresented)
Acrididae,Short-horned Grasshoppers,Insecta,1,1,0.695742140904894,1.0,17,132.7058823529412,0.1356551200151443,27.294117647058822,True Positive (Underrepresented)
Cercocarpus minutiflorus,smooth mountain mahogany,Plantae,1,1,0.6946393378116649,2.0,119,104.33613445378151,0.16202105819678103,27.050420168067227,True Positive (Underrepresented)
Exochomus fasciatus,Batman Lady Beetle,Insecta,1,1,0.6942912426922386,1.0,33,112.63636363636364,0.14893143962730057,24.303030303030305,True Positive (Underrepresented)
Calliphora vicina,Blue Blowfly,Insecta,1,1,0.6940999893963388,1.0,14,194.07142857142858,0.1307184661605528,26.714285714285715,True Positive (Underrepresented)
Chrysomelidae,Leaf Beetles,Insecta,1,1,0.6921046584251573,1.0,16,160.6875,0.15823354804888365,26.75,True Positive (Underrepresented)
Phainopepla nitens,Phainopepla,Aves,1,1,0.692076511205706,1.0,230,103.22608695652174,0.15861503227598678,25.043478260869566,True Positive (Underrepresented)
Salsola,Russian Thistles,Plantae,1,1,0.6914516558215834,1.0,17,132.41176470588235,0.12742367321077513,25.705882352941178,True Positive (Underrepresented)
Neotrypetes,,Insecta,1,1,0.6877962947494286,2.0,29,148.79310344827587,0.14583805074979517,26.82758620689655,True Positive (Underrepresented)
Eschatocrepis constrictus,,Insecta,1,1,0.6868504600758196,1.0,14,152.5,0.13091908501727237,26.928571428571427,True Positive (Underrepresented)
Attalus,,Insecta,1,1,0.6846785892881119,2.0,16,153.875,0.1294955848716199,26.8125,True Positive (Underrepresented)
Selasphorus sasin,Allen's Hummingbird,Aves,1,1,0.6840410158136915,1.0,195,150.32820512820513,0.13632271139142219,23.692307692307693,True Positive (Underrepresented)
Calvatia booniana,Western Giant Puffball,Fungi,1,1,0.6829500937033401,2.0,13,150.07692307692307,0.13985709616771105,24.846153846153847,True Positive (Underrepresented)
Lecanorales,"shield lichens, rim lichens, and allies",Fungi,1,1,0.6817434666158512,1.0,12,191.66666666666666,0.1458957015226284,26.083333333333332,True Positive (Underrepresented)
Acacia saligna,golden wreath wattle,Plantae,1,1,0.6813390976304209,2.0,10,243.7,0.13376181870698928,25.7,True Positive (Underrepresented)
Phaneroptera nana,Mediterranean Katydid,Insecta,1,1,0.6784799012142867,1.0,21,132.33333333333334,0.1582422132293383,24.19047619047619,True Positive (Underrepresented)
Pompilidae,Spider Wasps,Insecta,1,1,0.6774825115786661,1.0,35,120.77142857142857,0.14564254496778756,27.17142857142857,True Positive (Underrepresented)
Olea europaea,Olive,Plantae,1,1,0.6705491365834907,1.0,15,177.8,0.14526166142895816,26.8,True Positive (Underrepresented)
Cheiracanthium,Longlegged Sac Spiders,Arachnida,1,1,0.6702012540049513,1.0,18,159.33333333333334,0.13020831719040865,26.166666666666668,True Positive (Underrepresented)
Lomatium dasycarpum,woollyfruit desertparsley,Plantae,1,1,0.6692437653157933,2.0,21,210.0952380952381,0.1356351276238759,29.428571428571427,True Positive (Underrepresented)
Navarretia hamata leptantha,Slender-Flowered Hooked Navarretia,Plantae,1,1,0.6675391635126782,1.0,12,196.58333333333334,0.12929920665919778,26.75,True Positive (Underrepresented)
Entelegynae,Entelegyne Spiders,Arachnida,1,1,0.665900215848723,1.0,17,133.94117647058823,0.15317343701334557,24.823529411764707,True Positive (Underrepresented)
Neogaerrhinum strictum,Twining Snapdragon,Plantae,1,1,0.663992925762401,1.0,8,235.125,0.1480308566242456,25.375,True Positive (Underrepresented)
Pteromalini,,Insecta,1,1,0.6635442710730561,1.0,14,118.07142857142857,0.13749894127249712,25.214285714285715,True Positive (Underrepresented)
Spilosomina,,Insecta,1,1,0.6613579419264078,1.0,15,125.4,0.15650163243214282,26.466666666666665,True Positive (Underrepresented)
Oecanthus californicus,Western Tree Cricket,Insecta,1,1,0.6582521089637043,1.0,28,149.89285714285714,0.13263805742774687,27.107142857142858,True Positive (Underrepresented)
Syspira,,Arachnida,1,1,0.6573629745462157,1.0,14,146.21428571428572,0.13589964008757044,27.071428571428573,True Positive (Underrepresented)
Acmispon americanus,Spanish clover,Plantae,1,1,0.654761945986948,2.0,69,105.26086956521739,0.1535272045411925,24.956521739130434,True Positive (Underrepresented)
Navarretia,Pincushion plants,Plantae,1,1,0.6542549425705823,1.0,19,195.47368421052633,0.12159718651520576,23.789473684210527,True Positive (Underrepresented)
Trirhabda eriodictyonis,yerba santa beetle,Insecta,1,1,0.6510866676099982,1.0,13,240.15384615384616,0.12152464802448561,26.692307692307693,True Positive (Underrepresented)
Dudleya lanceolata,lanceleaf liveforever,Plantae,1,1,0.6510121040854164,2.0,8,189.625,0.13580667041242117,27.25,True Positive (Underrepresented)
Nassella lepida,foothill needle grass,Plantae,1,1,0.6510030409936916,3.0,10,182.8,0.14092670083045958,25.7,True Positive (Underrepresented)
Ptilodexia,,Insecta,1,1,0.650601441464668,1.0,20,123.3,0.14404574222862715,25.35,True Positive (Underrepresented)
Lolium multiflorum,Italian Ryegrass,Plantae,1,1,0.6502291276595401,1.0,16,121.5,0.13991623092442745,27.625,True Positive (Underrepresented)
Dermacentor occidentalis,Pacific Coast Tick,Arachnida,1,1,0.6501566717545537,2.0,23,119.82608695652173,0.15682595611914343,25.391304347826086,True Positive (Underrepresented)
Arbutoideae,"madrones, bearberries, and allies",Plantae,1,1,0.6482889840054531,1.0,7,260.42857142857144,0.15109941256897783,24.714285714285715,True Positive (Underrepresented)
Copestylum haagii,Haag's Bromeliad Fly,Insecta,1,1,0.6479874487582932,1.0,21,200.1904761904762,0.13976993216645148,26.38095238095238,True Positive (Underrepresented)
Cyperus eragrostis,tall flatsedge,Plantae,1,1,0.6462608837868107,1.0,121,115.96694214876032,0.18109877145856862,26.975206611570247,True Positive (Underrepresented)
Anthophora urbana,Urbane Digger Bee,Insecta,1,1,0.6443388068540551,1.0,18,150.55555555555554,0.13136045883099234,26.666666666666668,True Positive (Underrepresented)
Dendryphantina,,Arachnida,1,1,0.6415271003536388,2.0,17,188.58823529411765,0.1300702967187937,26.529411764705884,True Positive (Underrepresented)
Phyllodineae,,Plantae,1,1,0.6380461034889577,1.0,8,268.75,0.15745954588055608,25.0,True Positive (Underrepresented)
Metaphidippus manni,,Arachnida,1,1,0.6335443052190157,1.0,14,172.78571428571428,0.1463042029312678,24.928571428571427,True Positive (Underrepresented)
Pompilinae,,Insecta,1,1,0.6284604069304147,1.0,17,118.58823529411765,0.1429769506349283,27.88235294117647,True Positive (Underrepresented)
Baccharis pilularis,coyote brush,Plantae,1,1,0.6259391123756696,1.0,168,109.625,0.16657616995230667,26.458333333333332,True Positive (Underrepresented)
Cirsium vulgare,Bull Thistle,Plantae,1,1,0.6222801636127551,1.0,32,141.65625,0.16557554597966367,28.53125,True Positive (Underrepresented)
Cynodon dactylon,Bermuda grass,Plantae,1,1,0.6222619728367601,1.0,13,135.30769230769232,0.14527981212505925,27.384615384615383,True Positive (Underrepresented)
Schismus barbatus,common Mediterranean grass,Plantae,1,1,0.619815408939738,1.0,7,162.57142857142858,0.15457976503031592,26.571428571428573,True Positive (Underrepresented)
Spergula arvensis,Corn spurrey,Plantae,1,1,0.6193787149764887,2.0,8,189.625,0.130363299511373,28.5,True Positive (Underrepresented)
Heterotheca grandiflora,Telegraphweed,Plantae,1,1,0.6190020213086583,1.0,284,97.65492957746478,0.16019169411713804,24.29225352112676,True Positive (Underrepresented)
Hedypnois,,Plantae,1,1,0.6184181471709603,1.0,4,139.5,0.13296228460967535,28.25,True Positive (Underrepresented)
Phrymaceae,lopseed family,Plantae,1,1,0.6130024049115982,1.0,10,185.3,0.1271405309438705,25.5,True Positive (Underrepresented)
Araneomorphae,Typical Spiders,Arachnida,1,1,0.6089812763415723,1.0,18,121.38888888888889,0.15659562705291638,26.27777777777778,True Positive (Underrepresented)
Hypochaeris,Cat's-Ears,Plantae,1,1,0.6081542561171974,2.0,9,163.33333333333334,0.12802118642462623,24.77777777777778,True Positive (Underrepresented)
Cantharini,,Insecta,1,1,0.6066505438221028,1.0,11,167.0,0.15430626137690107,25.545454545454547,True Positive (Underrepresented)
Toxicoscordion,Deathcamas,Plantae,1,1,0.6043465295879706,2.0,5,162.6,0.1316877856850624,27.6,True Positive (Underrepresented)
Cerceris,Typical Weevil Wasps and Allies,Insecta,1,1,0.6004495872354799,2.0,20,159.35,0.13489283397793767,26.7,True Positive (Underrepresented)
Oxyopes tridens,,Arachnida,1,1,0.597352855038662,1.0,12,214.0,0.12359639567633464,26.333333333333332,True Positive (Underrepresented)
Araneoidea,Orbweavers and Allies,Arachnida,1,1,0.5970062572336339,1.0,15,130.93333333333334,0.16205425858497613,27.0,True Positive (Underrepresented)
Dimelaena,Mountain Lichens,Fungi,1,1,0.5956386898105218,1.0,12,198.16666666666666,0.11943384197851019,26.416666666666668,True Positive (Underrepresented)
Branchinecta,,Animalia,1,1,0.5946686907109192,1.0,12,247.33333333333334,0.12401559390127655,27.25,True Positive (Underrepresented)
Amphibolips quercuspomiformis,Live Oak Apple Gall Wasp,Insecta,1,1,0.5937676426748486,1.0,51,103.03921568627452,0.1631352658949646,27.529411764705884,True Positive (Underrepresented)
Senecio vulgaris,common groundsel,Plantae,1,1,0.5906496350954569,1.0,35,129.54285714285714,0.17010793962648932,24.37142857142857,True Positive (Underrepresented)
Amphitornus coloradus,Striped Slant-faced Grasshopper,Insecta,1,1,0.5903160255595797,1.0,12,166.75,0.1449457543591658,27.916666666666668,True Positive (Underrepresented)
Trirhabda sericotrachyla,California sagebrush leaf beetle,Insecta,1,1,0.5880426461102227,1.0,11,132.0,0.1397722153501077,25.636363636363637,True Positive (Underrepresented)
Allacrotelsa spinulata,,Insecta,1,1,0.5873649608466656,1.0,7,186.71428571428572,0.1439379858119147,23.857142857142858,True Positive (Underrepresented)
Abutilon palmeri,Palmer's Indian mallow,Plantae,1,1,0.5872222798745844,1.0,4,165.25,0.14192210696637625,27.75,True Positive (Underrepresented)
Rumex salicifolius,willow dock,Plantae,1,1,0.5821008444547127,2.0,9,131.44444444444446,0.13993873529964018,26.11111111111111,True Positive (Underrepresented)
Eucalyptus cladocalyx,sugar gum,Plantae,1,1,0.5820036066352279,2.0,10,163.6,0.15316680334508417,27.9,True Positive (Underrepresented)
Bombyliinae,,Insecta,1,1,0.5817409689995992,1.0,5,166.0,0.13681523501873014,29.0,True Positive (Underrepresented)
Eriodictyon,yerba santa,Plantae,1,1,0.5816584941403989,2.0,6,245.66666666666666,0.12417250747481978,26.333333333333332,True Positive (Underrepresented)
Acacia longifolia,Longleaf Wattle,Plantae,1,1,0.5813835463626486,2.0,6,147.5,0.15134703492124874,27.833333333333332,True Positive (Underrepresented)
Drasteria pallescens,Paler Graphic,Insecta,1,1,0.5797838672855572,1.0,8,206.875,0.1264601834118366,24.625,True Positive (Underrepresented)
Caulanthus lasiophyllus,California mustard,Plantae,1,1,0.5795294165218027,2.0,5,157.2,0.14737282991409295,26.0,True Positive (Underrepresented)
Trimerotropis thalassica,Thalassica Grasshopper,Insecta,1,1,0.5771587968650601,2.0,9,248.77777777777777,0.14450117283397246,21.666666666666668,True Positive (Underrepresented)
Brachypodium distachyon,purple false-brome,Plantae,1,1,0.5745579159812992,2.0,6,170.16666666666666,0.1349963856240113,28.166666666666668,True Positive (Underrepresented)
Ambrosia psilostachya,western ragweed,Plantae,1,1,0.5736224620042272,3.0,423,101.85579196217495,0.17998405827988756,25.60756501182033,True Positive (Underrepresented)
Dumosae,,Plantae,1,1,0.573189877078364,3.0,5,146.0,0.1598815411329269,28.4,True Positive (Underrepresented)
Plutella xylostella,Diamondback Moth,Insecta,1,1,0.5729468853891406,2.0,14,159.92857142857142,0.1417499578424862,27.142857142857142,True Positive (Underrepresented)
Leptochilus,Leptochilus Wasps,Insecta,1,1,0.5725766296982531,1.0,17,174.47058823529412,0.12316400952198923,26.705882352941178,True Positive (Underrepresented)
Madieae,"tarweeds, silverswords, and allies",Plantae,1,1,0.569645408221165,1.0,4,143.75,0.14480814710259435,25.75,True Positive (Underrepresented)
Cyperus,Flatsedges,Plantae,1,1,0.5689384376608768,1.0,28,133.96428571428572,0.18637299351394174,28.392857142857142,True Positive (Underrepresented)
Marchantiophyta,liverworts,Plantae,1,1,0.5686297664255828,1.0,9,150.33333333333334,0.1610942838920487,24.333333333333332,True Positive (Underrepresented)
Paravilla,,Insecta,1,1,0.5678894033662497,1.0,13,146.76923076923077,0.1516024114993902,27.615384615384617,True Positive (Underrepresented)
Chrysothrix candelaris,gold dust lichen,Fungi,1,1,0.5632853710481698,2.0,17,172.58823529411765,0.1708979207803221,25.647058823529413,True Positive (Underrepresented)
Mordella,,Insecta,1,1,0.5605938577516151,3.0,22,123.54545454545455,0.1484803801233118,28.0,True Positive (Underrepresented)
Exoprosopa fascipennis,Band-winged Bee Fly,Insecta,1,1,0.5584504942547397,1.0,9,154.22222222222223,0.13610067135757867,27.666666666666668,True Positive (Underrepresented)
Poeae,,Plantae,1,1,0.5574488522988006,1.0,6,131.83333333333334,0.1479471139609813,28.833333333333332,True Positive (Underrepresented)
Lamiaceae,Mint Family,Plantae,1,1,0.5536828255131423,1.0,6,174.0,0.1525114985803763,27.5,True Positive (Underrepresented)
Eleodes carbonaria,,Insecta,1,1,0.5530724305183738,1.0,26,106.57692307692308,0.15490923793270034,24.76923076923077,True Positive (Underrepresented)
Mallophora fautrix,,Insecta,1,1,0.5510923590323209,1.0,11,124.18181818181819,0.14602136611938474,25.727272727272727,True Positive (Underrepresented)
Loteae,,Plantae,1,1,0.5470759881859374,1.0,4,132.0,0.1454311609268188,26.0,True Positive (Underrepresented)
Apodemia,,Insecta,1,1,0.5438924506969872,1.0,9,145.22222222222223,0.1428549339373906,26.0,True Positive (Underrepresented)
Pygoperdita,,Insecta,1,1,0.5400393877543218,1.0,7,217.57142857142858,0.13688050955533979,23.571428571428573,True Positive (Underrepresented)
Colpa alcione,,Insecta,1,1,0.5389728968972688,1.0,10,153.2,0.15620755255222316,27.9,True Positive (Underrepresented)
Tapinoma sessile,Odorous House Ant,Insecta,1,1,0.5375532654735928,1.0,4,144.5,0.13955022208392615,26.25,True Positive (Underrepresented)
Brodiaeoideae,Brodiaea subfamily,Plantae,1,1,0.5358531841099433,1.0,5,126.0,0.15912984311580652,28.8,True Positive (Underrepresented)
Aphoebantini,,Insecta,1,1,0.5307484522669674,1.0,4,158.0,0.1525151953101158,29.0,True Positive (Underrepresented)
Forelius mccooki,,Insecta,1,1,0.5303832255322455,1.0,4,157.5,0.12307705171406265,28.0,True Positive (Underrepresented)
Rodentia,Rodents,Mammalia,1,1,0.5290175045691292,3.0,11,118.36363636363636,0.15645861964334137,25.727272727272727,True Positive (Underrepresented)
Parabacillus hesperus,Western Short-horned Walkingstick,Insecta,1,1,0.5260261942667351,1.0,8,166.375,0.12532754987478253,25.875,True Positive (Underrepresented)
Omphalotus olivascens,western jack-o'-lantern,Fungi,1,1,0.524500899409571,1.0,63,106.0,0.19216727394433245,27.0,True Positive (Underrepresented)
Stenopogon,,Insecta,1,1,0.5238932413521401,2.0,10,165.0,0.12205260545015331,25.3,True Positive (Underrepresented)
Acrididea,Grasshoppers,Insecta,1,1,0.5222022464139311,1.0,6,228.33333333333334,0.12557102491458252,28.166666666666668,True Positive (Underrepresented)
Lecanoromycetidae,"Shield Lichens, Sunburst Lichens, Rosette Lichens, and Allies",Fungi,1,1,0.5219228337747321,1.0,9,146.11111111111111,0.15033993621667222,24.0,True Positive (Underrepresented)
Apantesis,,Insecta,1,1,0.5211604134350128,1.0,13,123.15384615384616,0.145206245378806,27.53846153846154,True Positive (Underrepresented)
Cichorioideae,"chicories, dandelions, and allies",Plantae,1,1,0.5162535279217412,2.0,4,145.0,0.16882583685219285,28.5,True Positive (Underrepresented)
Gasteruption,,Insecta,1,1,0.5159987092895166,1.0,13,112.6923076923077,0.16415274659028417,24.615384615384617,True Positive (Underrepresented)
Poales,"Grasses, Sedges, Cattails, and Allies",Plantae,1,1,0.5143313405069632,3.0,52,115.17307692307692,0.17234148449586845,26.557692307692307,True Positive (Underrepresented)
Holocarpha virgata,Pit-gland Tarweed,Plantae,1,1,0.5107597929188129,1.0,29,98.58620689655173,0.13918834976081187,27.03448275862069,True Positive (Underrepresented)
Gryllus lineaticeps,Variable Field Cricket,Insecta,1,1,0.5101277918495984,1.0,17,110.94117647058823,0.1579030879280146,26.647058823529413,True Positive (Underrepresented)
Glycaspis brimblecombei,Red Gum Lerp Psyllid,Insecta,1,1,0.5081003736955186,1.0,33,165.84848484848484,0.1455654346553439,17.818181818181817,True Positive (Underrepresented)
Habronattus hirsutus,Hirsute Paradise Spider,Arachnida,1,1,0.5077979711031236,1.0,19,141.21052631578948,0.10954086325670541,28.94736842105263,True Positive (Underrepresented)
Atriplex suberecta,sprawling saltbush,Plantae,1,1,0.5061460669261113,1.0,8,112.0,0.1343085411936044,29.0,True Positive (Underrepresented)
Crabronina,,Insecta,1,1,0.5057857079817226,1.0,9,140.77777777777777,0.14490055458413226,27.555555555555557,True Positive (Underrepresented)
Malosma laurina,laurel sumac,Plantae,1,1,0.9618764435346164,31.0,999,161.80780780780782,0.14368880323429883,26.27227227227227,True Positive (Well Documented)
Acmispon glaber,deerweed,Plantae,1,1,0.9617189725174758,51.0,601,158.8369384359401,0.1398075377032433,25.87188019966722,True Positive (Well Documented)
Salvia mellifera,black sage,Plantae,1,1,0.9613789952817068,36.0,814,173.72358722358723,0.1411059651522684,26.6977886977887,True Positive (Well Documented)
Calystegia macrostegia,coast morning glory,Plantae,1,1,0.9609716386083554,18.0,623,162.02086677367575,0.13896137629643102,26.613162118780096,True Positive (Well Documented)
Calochortus splendens,Splendid Mariposa Lily,Plantae,1,1,0.9607742242696742,22.0,535,159.75327102803737,0.13878282099683703,26.497196261682245,True Positive (Well Documented)
Eriogonum fasciculatum,California Buckwheat,Plantae,1,1,0.9601877088800912,64.0,1296,147.25694444444446,0.13889977861487554,25.886574074074073,True Positive (Well Documented)
Pseudognaphalium californicum,California cudweed,Plantae,1,1,0.959691019514083,10.0,388,156.41237113402062,0.1430540537910497,26.167525773195877,True Positive (Well Documented)
Dipterostemon capitatus,Blue Dicks,Plantae,1,1,0.9591030339483954,36.0,443,166.88939051918737,0.1395202740494994,26.57787810383747,True Positive (Well Documented)
Diplacus puniceus,red bush monkeyflower,Plantae,1,1,0.9587830011160842,19.0,1063,146.9821260583255,0.14652464208731938,26.04609595484478,True Positive (Well Documented)
Zeltnera venusta,California Centaury,Plantae,1,1,0.958245788367873,10.0,425,172.33411764705883,0.13394378527560652,25.414117647058823,True Positive (Well Documented)
Eriodictyon crassifolium,Thick-leaved Yerba Santa,Plantae,1,1,0.9543503900366029,43.0,355,239.4112676056338,0.1336115717468127,25.616901408450705,True Positive (Well Documented)
Eriophyllum confertiflorum,Golden Yarrow,Plantae,1,1,0.9542509488804709,28.0,383,162.0939947780679,0.1440404222660525,25.509138381201044,True Positive (Well Documented)
Mirabilis laevis,Wishbone Bush,Plantae,1,1,0.9529955897585061,9.0,326,156.19938650306747,0.1333554014220742,26.625766871165645,True Positive (Well Documented)
Centaurea melitensis,Maltese star-thistle,Plantae,1,1,0.9529922808250242,5.0,284,164.10915492957747,0.13533240685265666,26.3943661971831,True Positive (Well Documented)
Pseudognaphalium biolettii,two-color rabbit tobacco,Plantae,1,1,0.9529333906126006,10.0,352,147.55397727272728,0.14573875990886745,25.15340909090909,True Positive (Well Documented)
Apodemia virgulti,Behr's Metalmark,Insecta,1,1,0.9521857941035107,17.0,558,166.80465949820788,0.13781302629245648,26.620071684587813,True Positive (Well Documented)
Adenostoma fasciculatum,chamise,Plantae,1,1,0.9520914669292407,52.0,423,219.2836879432624,0.13923754860112003,24.8628841607565,True Positive (Well Documented)
Hesperoyucca whipplei,chaparral yucca,Plantae,1,1,0.9514283367295655,14.0,705,182.75035460992908,0.13971812465370145,24.182978723404254,True Positive (Well Documented)
Primula clevelandii,Padre's Shooting Star,Plantae,1,1,0.9503387613852174,4.0,226,164.4513274336283,0.13893882907201754,26.58407079646018,True Positive (Well Documented)
Marah macrocarpa,Chilicothe,Plantae,1,1,0.949900534587985,15.0,872,148.2362385321101,0.15052840686477975,25.68692660550459,True Positive (Well Documented)
Solanum parishii,Parish's nightshade,Plantae,1,1,0.9496477564125454,18.0,355,157.0957746478873,0.1534669755210339,27.050704225352113,True Positive (Well Documented)
Sisyrinchium bellum,western blue-eyed grass,Plantae,1,1,0.9472691533395264,16.0,375,158.30933333333334,0.14860038624207175,26.701333333333334,True Positive (Well Documented)
Selaginella cinerascens,Ashy Spikemoss,Plantae,1,1,0.9459129022263969,15.0,185,210.70810810810812,0.13232200484018064,26.57837837837838,True Positive (Well Documented)
Bombus vosnesenskii,Yellow-faced Bumble Bee,Insecta,1,1,0.9456211750521364,14.0,410,180.44390243902438,0.14009449830755769,26.64390243902439,True Positive (Well Documented)
Artemisia californica,California sagebrush,Plantae,1,1,0.9456047002025076,10.0,752,130.80718085106383,0.14297498100464467,25.636968085106382,True Positive (Well Documented)
Lathyrus vestitus alefeldii,San Diego Pea,Plantae,1,1,0.9455621371953417,6.0,338,199.99112426035504,0.14685859815520644,27.526627218934912,True Positive (Well Documented)
Opuntia,Prickly Pears,Plantae,1,1,0.944506321252871,4.0,261,159.31034482758622,0.14071436226992398,26.467432950191572,True Positive (Well Documented)
Rhus integrifolia,lemonade berry,Plantae,1,1,0.9438483601450202,19.0,707,138.1117397454031,0.14980109950100742,26.012729844413013,True Positive (Well Documented)
Erodium botrys,Mediterranean Stork's-bill,Plantae,1,1,0.9434790158264588,15.0,179,160.41899441340783,0.1351149594567341,27.11731843575419,True Positive (Well Documented)
Silene gallica,Small-flowered Catchfly,Plantae,1,1,0.9424581486462894,11.0,198,159.46464646464648,0.1460696576407762,26.464646464646464,True Positive (Well Documented)
Baccharis sarothroides,Desert Broom,Plantae,1,1,0.9417495320796837,12.0,1116,128.80286738351253,0.14271514399826699,26.306451612903224,True Positive (Well Documented)
Stephanomeria diegensis,San Diego Wirelettuce,Plantae,1,1,0.9412246763270405,12.0,247,147.81376518218624,0.14763325843432168,25.40080971659919,True Positive (Well Documented)
Sairocarpus nuttallianus,Nuttall's Snapdragon,Plantae,1,1,0.9402310969156354,4.0,297,152.56228956228955,0.14805998146433616,25.41750841750842,True Positive (Well Documented)
Apis mellifera,Western Honey Bee,Insecta,1,1,0.940016544476127,11.0,758,135.71108179419525,0.14674775474330057,26.406332453825858,True Positive (Well Documented)
Crassula connata,sand pygmyweed,Plantae,1,1,0.9400059562299194,7.0,126,177.97619047619048,0.13828757842854844,26.246031746031747,True Positive (Well Documented)
Magnoliopsida,Dicots,Plantae,1,1,0.9399550017835556,4.0,468,139.93376068376068,0.15301574444354502,26.155982905982906,True Positive (Well Documented)
Osmadenia tenella,False Rosinweed,Plantae,1,1,0.9397000799052581,4.0,126,162.6031746031746,0.1354982025684818,26.317460317460316,True Positive (Well Documented)
Ceanothus tomentosus,woollyleaf ceanothus,Plantae,1,1,0.9393620397513195,11.0,481,228.78378378378378,0.14709693140770438,24.295218295218294,True Positive (Well Documented)
Crotalus ruber,Red Diamond Rattlesnake,Reptilia,1,1,0.9376843960218421,4.0,428,168.75233644859813,0.1409381820741936,25.30140186915888,True Positive (Well Documented)
Salvia apiana,white sage,Plantae,1,1,0.9367789977323491,4.0,551,130.30308529945555,0.14417022140020544,25.3502722323049,True Positive (Well Documented)
Eriophyllum confertiflorum confertiflorum,,Plantae,1,1,0.9366774725004345,6.0,180,154.01666666666668,0.14708998344010774,25.666666666666668,True Positive (Well Documented)
Odocoileus hemionus,Mule Deer,Mammalia,1,1,0.9354623596319277,4.0,210,143.82380952380953,0.1361018481531313,26.928571428571427,True Positive (Well Documented)
Ceanothus,Ceanothus,Plantae,1,1,0.9346508676307894,8.0,138,215.31884057971016,0.1428979455452898,25.05072463768116,True Positive (Well Documented)
Cenchrus setaceus,Fountain Grass,Plantae,1,1,0.9344990123003161,5.0,372,168.01612903225808,0.13534807125422524,24.217741935483872,True Positive (Well Documented)
Lamarckia aurea,goldentop grass,Plantae,1,1,0.934399894365344,6.0,125,188.52,0.13565483113750812,24.976,True Positive (Well Documented)
Acmispon glaber glaber,Coastal Deerweed,Plantae,1,1,0.9331439196303419,11.0,131,183.24427480916032,0.13804153040165207,27.3206106870229,True Positive (Well Documented)
Bombus melanopygus,Black-tailed Bumble Bee,Insecta,1,1,0.9318335504732139,12.0,215,161.0046511627907,0.14537105764760525,25.809302325581395,True Positive (Well Documented)
Plantago erecta,dot-seed plantain,Plantae,1,1,0.9315820388197881,7.0,101,169.4950495049505,0.1359147825601077,26.128712871287128,True Positive (Well Documented)
Argiope argentata,Silver Garden Orbweaver,Arachnida,1,1,0.930163280063419,4.0,224,136.34821428571428,0.1445573336843933,26.004464285714285,True Positive (Well Documented)
Heteromeles arbutifolia,Toyon,Plantae,1,1,0.9287868591124689,7.0,617,120.07293354943273,0.15561490107065054,26.555915721231766,True Positive (Well Documented)
Deinandra fasciculata,Clustered Tarweed,Plantae,1,1,0.9280396973833397,23.0,320,157.71875,0.1313341337596284,27.509375,True Positive (Well Documented)
Cryptantha,Annual Cryptanthas,Plantae,1,1,0.9279812371350133,14.0,103,172.0873786407767,0.13783090462166703,25.883495145631066,True Positive (Well Documented)
Apiomerus californicus,California Bee Assassin,Insecta,1,1,0.9273377225362563,6.0,128,180.1484375,0.13677680381806565,27.3671875,True Positive (Well Documented)
Hypochaeris glabra,Smooth Cat's Ear,Plantae,1,1,0.9263135993212465,11.0,83,178.6265060240964,0.143302051866629,26.096385542168676,True Positive (Well Documented)
Euphilotes bernardino,Bernardino Blue,Insecta,1,1,0.9258137083852505,7.0,139,144.45323741007195,0.13679227165596408,25.87769784172662,True Positive (Well Documented)
Hedypnois rhagadioloides,Cretanweed,Plantae,1,1,0.9249429820723067,5.0,106,147.52830188679246,0.14812288265060278,25.71698113207547,True Positive (Well Documented)
Rhamnus crocea,Redberry Buckthorn,Plantae,1,1,0.9246644984809981,4.0,637,128.9120879120879,0.15308659090960228,25.46153846153846,True Positive (Well Documented)
Lasioglossum sisymbrii,Tansy Mustard Sweat Bee,Insecta,1,1,0.9245724534535594,5.0,138,170.2391304347826,0.13757011097302468,26.318840579710145,True Positive (Well Documented)
Xylococcus bicolor,mission manzanita,Plantae,1,1,0.924138633255777,17.0,583,243.43224699828474,0.14362603073898142,23.804459691252145,True Positive (Well Documented)
Daucus pusillus,American wild carrot,Plantae,1,1,0.923807551207881,7.0,102,143.7450980392157,0.1436411626226104,25.637254901960784,True Positive (Well Documented)
Navarretia hamata,Hooked Pincushionplant,Plantae,1,1,0.9231284290426495,8.0,103,196.49514563106797,0.1337244853115125,25.009708737864077,True Positive (Well Documented)
Quercus berberidifolia,California scrub oak,Plantae,1,1,0.9228998411804432,4.0,95,172.09473684210528,0.15253370843435585,26.978947368421053,True Positive (Well Documented)
Solanum umbelliferum,,Plantae,1,1,0.9224922785552389,4.0,92,159.0,0.15421698201933629,26.73913043478261,True Positive (Well Documented)
Orgyia vetusta,Western Tussock Moth,Insecta,1,1,0.9213692467357483,5.0,170,137.60588235294117,0.14914408753461694,26.311764705882354,True Positive (Well Documented)
Stephanomeria,Wirelettuces,Plantae,1,1,0.9206910007714944,6.0,87,152.73563218390805,0.1483508264538885,25.28735632183908,True Positive (Well Documented)
Isocoma menziesii,Coastal Goldenbush,Plantae,1,1,0.9200831934155086,8.0,592,125.5929054054054,0.14961275551546788,27.136824324324323,True Positive (Well Documented)
Bromus rubens,Red Brome,Plantae,1,1,0.9183194546588025,4.0,78,158.7051282051282,0.13700793769497133,26.05128205128205,True Positive (Well Documented)
Camissoniopsis,Suncups,Plantae,1,1,0.9175692801910696,6.0,138,130.6086956521739,0.1398333018996577,26.152173913043477,True Positive (Well Documented)
Coleoptera,Beetles,Insecta,1,1,0.9166263518878802,6.0,101,143.95049504950495,0.1467363821840522,26.871287128712872,True Positive (Well Documented)
Sidalcea sparsifolia,Southern Checkerbloom,Plantae,1,1,0.9155168486112452,9.0,373,133.66756032171583,0.16003709580080117,25.737265415549597,True Positive (Well Documented)
Chorizanthe fimbriata,Fringed Spineflower,Plantae,1,1,0.9155141852709405,15.0,92,231.72826086956522,0.129699423585249,25.08695652173913,True Positive (Well Documented)
Tachinidae,Tachinid Flies,Insecta,1,1,0.9137741085998592,4.0,85,172.57647058823528,0.13054995589396529,26.458823529411763,True Positive (Well Documented)
Listrus,,Insecta,1,1,0.9136411382901605,11.0,71,150.54929577464787,0.134375200934813,26.056338028169016,True Positive (Well Documented)
Bombus californicus,California Bumble Bee,Insecta,1,1,0.9136268365521094,5.0,182,194.65384615384616,0.1250919118155162,27.14835164835165,True Positive (Well Documented)
Lasioglossum,,Insecta,1,1,0.9131653606848708,7.0,73,144.16438356164383,0.13753794643976913,25.767123287671232,True Positive (Well Documented)
Galium,bedstraws,Plantae,1,1,0.9128458786277669,4.0,81,150.5185185185185,0.15415767966597163,25.617283950617285,True Positive (Well Documented)
Lysimachia arvensis,scarlet pimpernel,Plantae,1,1,0.9128244308197873,14.0,204,132.75980392156862,0.16013610258917596,27.127450980392158,True Positive (Well Documented)
Crocanthemum scoparium,peak rushrose,Plantae,1,1,0.9121401318567078,7.0,72,221.59722222222223,0.13644636933976365,24.02777777777778,True Positive (Well Documented)
Hooveria parviflora,small-flowered soaproot,Plantae,1,1,0.9107470483297978,20.0,185,210.51351351351352,0.13304604972536496,27.63243243243243,True Positive (Well Documented)
Acmispon strigosus,strigose lotus,Plantae,1,1,0.9083689047205955,10.0,58,146.20689655172413,0.1338514788397427,26.396551724137932,True Positive (Well Documented)
Pseudognaphalium beneolens,Fragrant Everlasting,Plantae,1,1,0.9074738836518861,6.0,49,189.6734693877551,0.14637457275268978,26.79591836734694,True Positive (Well Documented)
Sairocarpus pusillus,lesser snapdragon,Plantae,1,1,0.9068946699191872,5.0,58,254.44827586206895,0.14077541257800724,24.689655172413794,True Positive (Well Documented)
Linaria texana,Texas toadflax,Plantae,1,1,0.9054074379943448,4.0,51,168.45098039215685,0.13879732115595944,25.49019607843137,True Positive (Well Documented)
Polistes dorsalis,Hunter's Little Paper Wasp,Insecta,1,1,0.9039881228756971,6.0,154,137.42857142857142,0.14704164577188425,27.623376623376622,True Positive (Well Documented)
Croton setiger,turkey mullein,Plantae,1,1,0.8977286790657183,9.0,262,119.46564885496183,0.1461571763973427,27.427480916030536,True Positive (Well Documented)
Orgyia,,Insecta,1,1,0.8958264551455399,4.0,93,135.68817204301075,0.15042083814579948,25.053763440860216,True Positive (Well Documented)
Allium praecox,Early Onion,Plantae,1,1,0.8951474614143213,8.0,62,219.5,0.13251176500512704,27.43548387096774,True Positive (Well Documented)
Hylaeus,Masked Bees,Insecta,1,1,0.888345321820301,5.0,97,145.6701030927835,0.14801076692096962,25.969072164948454,True Positive (Well Documented)
Castilleja densiflora gracilis,Graceful Owl's Clover,Plantae,1,1,0.8874533312325894,11.0,53,142.1509433962264,0.13613522151168783,26.056603773584907,True Positive (Well Documented)
Pterygota,Winged and Once-winged Insects,Insecta,1,1,0.8868158339036762,4.0,67,137.8507462686567,0.1442959072179536,26.671641791044777,True Positive (Well Documented)
Villa,,Insecta,1,1,0.8856109039522049,4.0,50,151.78,0.1473351792991161,27.02,True Positive (Well Documented)
Erodium,stork's-bills,Plantae,1,1,0.8852525828701804,5.0,40,145.3,0.1372205507010221,26.65,True Positive (Well Documented)
Mammalia,Mammals,Mammalia,1,1,0.880251252626255,6.0,43,151.74418604651163,0.14302216565539666,26.86046511627907,True Positive (Well Documented)
Porophyllum gracile,Odora,Plantae,1,1,0.8799752365690195,4.0,51,249.68627450980392,0.13767256763051536,26.07843137254902,True Positive (Well Documented)
Quercus,oaks,Plantae,1,1,0.8767819672430002,4.0,143,128.26573426573427,0.1624668683934878,27.0,True Positive (Well Documented)
Bromus hordeaceus,common soft brome,Plantae,1,1,0.8762096481709991,4.0,48,139.35416666666666,0.14443562660987175,25.916666666666668,True Positive (Well Documented)
Otala lactea,Milk Snail,Mollusca,1,1,0.8758940433150858,4.0,301,140.85049833887044,0.13089039470544822,27.059800664451828,True Positive (Well Documented)
Nassella pulchra,purple needlegrass,Plantae,1,1,0.8664768442868304,5.0,33,165.21212121212122,0.13777705259395365,26.303030303030305,True Positive (Well Documented)
Melyridae,Soft-winged Flower Beetles,Insecta,1,1,0.8653232713595329,4.0,36,150.5,0.14025746348003543,26.77777777777778,True Positive (Well Documented)
Castilleja densiflora,dense-flowered owl's-clover,Plantae,1,1,0.8622336178029276,14.0,27,163.55555555555554,0.13701026859106835,25.74074074074074,True Positive (Well Documented)
Formicidae,Ants,Insecta,1,1,0.8619846000669782,4.0,59,145.4915254237288,0.13019244916297065,25.677966101694917,True Positive (Well Documented)
Pentagramma,,Plantae,1,1,0.8596225234589855,5.0,64,135.984375,0.14950050087645647,24.375,True Positive (Well Documented)
Apantesis ursina,,Insecta,1,1,0.8477231007024214,4.0,132,131.8030303030303,0.1419684980911287,28.060606060606062,True Positive (Well Documented)
Castilleja,Paintbrushes,Plantae,1,1,0.8439857376956544,4.0,75,183.57333333333332,0.14789763520161306,23.346666666666668,True Positive (Well Documented)
Caulanthus heterophyllus,San Diego Wild Cabbage,Plantae,1,1,0.8354168796428971,4.0,23,205.6086956521739,0.1364946339441382,24.869565217391305,True Positive (Well Documented)
Crocanthemum,Frostweeds,Plantae,1,1,0.834700105793546,11.0,20,254.3,0.13461662046611306,24.3,True Positive (Well Documented)
Aphoebantus,,Insecta,1,1,0.833502807454551,4.0,32,175.84375,0.1373034052085131,25.9375,True Positive (Well Documented)
Veromessor andrei,Andre's Harvester Ant,Insecta,1,1,0.8223821030325165,4.0,18,183.22222222222223,0.1412947115798791,24.055555555555557,True Positive (Well Documented)
Quercus dumosa,Nuttall's scrub oak,Plantae,1,1,0.8070767802029396,6.0,108,187.75925925925927,0.1563717952618996,28.083333333333332,True Positive (Well Documented)
Forelius,,Insecta,1,1,0.7807997669288073,4.0,28,165.28571428571428,0.13306245314223422,27.5,True Positive (Well Documented)
Cynoglosseae,,Plantae,1,1,0.7748765594441243,4.0,20,192.05,0.14596745669841762,26.5,True Positive (Well Documented)
Vicia villosa,hairy vetch,Plantae,1,1,0.7674707442437121,9.0,29,170.20689655172413,0.15410086743790524,27.655172413793103,True Positive (Well Documented)
Geranium carolinianum,Carolina crane's-bill,Plantae,1,1,0.7616851768209759,5.0,76,119.09210526315789,0.16714961258204356,26.486842105263158,True Positive (Well Documented)
Cibolacris parviceps,Cream Grasshopper,Insecta,1,1,0.7438411935232068,5.0,22,188.63636363636363,0.12371722168543119,28.09090909090909,True Positive (Well Documented)
Paracotalpa ursina,Little Bear,Insecta,1,1,0.7342359642825742,4.0,11,261.0,0.1359202380884777,22.818181818181817,True Positive (Well Documented)
Perdita californica,California Fairy Bee,Insecta,1,1,0.7340274507001124,25.0,16,202.625,0.12985945073887703,23.4375,True Positive (Well Documented)
Cneoridium dumosum,Bushrue,Plantae,1,1,0.7254839699114566,26.0,13,247.76923076923077,0.14206309903126493,25.384615384615383,True Positive (Well Documented)
Lestomyia,,Insecta,1,1,0.7142361779546473,4.0,12,195.16666666666666,0.14454571840663746,24.166666666666668,True Positive (Well Documented)
Acacia,wattles,Plantae,1,1,0.6817513540951997,5.0,17,173.1764705882353,0.14982430505401942,27.705882352941178,True Positive (Well Documented)
Toxicoscordion fremontii,Fremont's Death Camas,Plantae,1,1,0.6698193433522399,8.0,51,116.74509803921569,0.14739043703850574,27.49019607843137,True Positive (Well Documented)
Salvia columbariae,Chia,Plantae,1,1,0.637633177859602,7.0,8,177.125,0.13568400405347342,27.25,True Positive (Well Documented)
Scutellaria tuberosa,blue skullcap,Plantae,1,1,0.6354098225514099,5.0,7,220.71428571428572,0.13391396935497007,25.0,True Positive (Well Documented)
Hooveria,,Plantae,1,1,0.5771917061301968,4.0,5,144.4,0.14415854811668394,29.0,True Positive (Well Documented)
Larropsis,,Insecta,1,0,0.4986953803896718,1.0,5,139.4,0.1348174318671226,26.8,False Negative
Empidoidea,"Dance Flies, Long-legged Flies, and Allies",Insecta,1,0,0.4966485027781684,1.0,5,149.4,0.15686441808938978,26.6,False Negative
Pentachaeta aurea,golden chaetopappa,Plantae,1,0,0.49523208278391195,2.0,5,163.2,0.13297062069177626,23.2,False Negative
Amitermitinae,Amitermes-group Termites,Insecta,1,0,0.494368656383302,1.0,4,172.0,0.12775189243257043,28.5,False Negative
Libellula saturata,Flame Skimmer,Insecta,1,0,0.49260007505515857,1.0,148,95.77702702702703,0.18426492256489957,26.695945945945947,False Negative
Chrysanthrax vanus,,Insecta,1,0,0.49087166781364666,2.0,5,153.2,0.16286407411098477,29.4,False Negative
Asparagaceae,agave and allies,Plantae,1,0,0.4881892389124033,1.0,6,121.0,0.15334830308953917,24.166666666666668,False Negative
Rumex conglomeratus,Clustered Dock,Plantae,1,0,0.48786528444916655,1.0,15,116.2,0.16121180724973477,27.0,False Negative
Galerucini,,Insecta,1,0,0.4840006748073559,1.0,5,158.8,0.14720883667469023,25.0,False Negative
Anthophora,Common Digger Bees,Insecta,1,0,0.48287506153902265,1.0,8,126.375,0.13626609742641443,28.125,False Negative
Chlorion,,Insecta,1,0,0.4815205230290683,1.0,7,160.42857142857142,0.13225762013878137,27.0,False Negative
Placentalia,Placental Mammals,Mammalia,1,0,0.4812216685596076,1.0,4,174.0,0.15570598840713498,26.25,False Negative
Zelotinae,,Arachnida,1,0,0.47318220330735994,1.0,4,150.0,0.14316120184957976,26.0,False Negative
Anthidium,,Insecta,1,0,0.4706507270064191,1.0,6,139.66666666666666,0.12950882315635678,24.166666666666668,False Negative
Cerotainiops,,Insecta,1,0,0.46584970922027596,1.0,9,177.77777777777777,0.12462133334742648,26.88888888888889,False Negative
Mellisugini,Bee Hummingbirds and Allies,Aves,1,0,0.46551921153663745,1.0,12,106.16666666666667,0.14963365978716558,25.5,False Negative
Agaricomycetidae,,Fungi,1,0,0.4649356248877492,2.0,4,245.25,0.15099544450640678,22.5,False Negative
Stebbinsoseris heterocarpa,grassland silverpuffs,Plantae,1,0,0.46433540692250386,3.0,5,245.6,0.11852465867996213,27.6,False Negative
Pisolithus,,Fungi,1,0,0.4598473751309719,3.0,11,160.8181818181818,0.13551376489075742,29.545454545454547,False Negative
Apocrita,"Narrow-waisted Wasps, Ants, and Bees",Insecta,1,0,0.45933198964862054,1.0,6,136.83333333333334,0.15381526201963422,28.5,False Negative
Geraniaceae,Geranium family,Plantae,1,0,0.45482611396357603,2.0,7,111.14285714285714,0.16276133592639647,26.428571428571427,False Negative
Cyperoideae,,Plantae,1,0,0.4537830151408778,2.0,9,127.55555555555556,0.18341498739189568,24.88888888888889,False Negative
Acacia baileyana,Cootamundra wattle,Plantae,1,0,0.45283764687341055,1.0,4,190.75,0.12402460724115368,22.25,False Negative
Pisolithus tinctorius,Dead Man's Foot,Fungi,1,0,0.4459189713368782,2.0,9,125.88888888888889,0.1316052666968769,27.22222222222222,False Negative
Psocodea,"Bark Lice, Book Lice, and Parasitic Lice",Insecta,1,0,0.4421070290071097,1.0,4,111.75,0.15471828356385228,29.0,False Negative
Anthophorula torticornis,Twisted-horned Mini-digger,Insecta,1,0,0.442067927468525,2.0,8,196.75,0.12585379183292383,24.125,False Negative
Vicia sativa,Common Vetch,Plantae,1,0,0.43467058933491776,1.0,6,127.66666666666667,0.1752568160494168,25.833333333333332,False Negative
Bombylius curtirhynchus,,Insecta,1,0,0.43250467666405723,1.0,7,133.28571428571428,0.12808132490941454,28.0,False Negative
Icerya purchasi,Cottony cushion scale,Insecta,1,0,0.43087548032937234,1.0,14,93.64285714285714,0.16667852178215978,25.571428571428573,False Negative
Eucalyptus,eucalyptus,Plantae,1,0,0.4301480929272902,3.0,65,164.4,0.12979989195367891,19.83076923076923,False Negative
Geranium,geraniums and cranesbills,Plantae,1,0,0.4231286044457464,1.0,30,102.3,0.18287280326088268,25.9,False Negative
Erigeron bonariensis,Flax-leaved Horseweed,Plantae,1,0,0.4209348450327858,1.0,10,89.5,0.13584853187203402,24.8,False Negative
Brachynemurini,Long-tailed Antlions,Insecta,1,0,0.4133901814494889,1.0,8,118.125,0.1401493567973375,26.875,False Negative
Acacia cyclops,western coastal wattle,Plantae,1,0,0.40237696364973286,1.0,4,204.0,0.12082475237548347,26.5,False Negative
Erythraeidae,,Arachnida,1,0,0.4002608356154252,2.0,4,193.75,0.12924728170037264,27.75,False Negative
Filacus,,Insecta,1,0,0.3929388082146671,1.0,13,96.15384615384616,0.1764056373101014,22.923076923076923,False Negative
Spergula,Spurreys,Plantae,1,0,0.3898170734275353,1.0,3,168.33333333333334,0.13297060380379358,28.0,False Negative
Apsena pubescens,,Insecta,1,0,0.38967280783976826,3.0,7,119.57142857142857,0.15136561223438805,25.0,False Negative
Chorizanthe polygonoides,Knotweed Spineflower,Plantae,1,0,0.36765757807478483,1.0,1,269.0,0.1192109808325767,29.0,False Negative
Apolysis,,Insecta,1,0,0.3615717580434398,1.0,4,174.0,0.14136269502341742,26.25,False Negative
Cryptina,,Insecta,1,0,0.3528662623333475,1.0,3,272.0,0.10595358908176417,27.0,False Negative
Tortricinae,Tortricine Leafroller Moths,Insecta,1,0,0.3524405239346702,1.0,6,162.66666666666666,0.12868254631757733,26.833333333333332,False Negative
Cistus ladanifer,Gum Rock-rose,Plantae,1,0,0.34926299010687356,15.0,1,222.0,0.0921375527977943,33.0,False Negative
Medicago,medicks,Plantae,1,0,0.3475282337057942,1.0,4,87.25,0.1690459586679935,25.0,False Negative
Sanicula crassicaulis,Pacific Sanicle,Plantae,1,0,0.34741351332622533,1.0,2,190.0,0.15001942217350006,28.0,False Negative
Habronattus ustulatus,,Arachnida,1,0,0.33875889447534646,2.0,3,271.0,0.13880810638268787,22.0,False Negative
Chlorogalum pomeridianum,wavy-leafed soap plant,Plantae,1,0,0.3379329459828678,1.0,1,258.0,0.1155396401882171,28.0,False Negative
Paracotalpa ursina rubripennis,,Insecta,1,0,0.33741544339297386,2.0,1,281.0,0.1277378052473068,24.0,False Negative
Taylorilygus,,Insecta,1,0,0.33737175858187823,1.0,3,159.33333333333334,0.14632984499136603,27.333333333333332,False Negative
Formica fusca,fusca-group Field Ants and Allies,Insecta,1,0,0.33206417542139605,1.0,2,249.0,0.1485696211457252,24.0,False Negative
Caryophyllaceae,pink family,Plantae,1,0,0.32535961855845263,1.0,2,157.5,0.1304589323699474,28.0,False Negative
Nassella,Tussockgrasses,Plantae,1,0,0.3228545555887351,2.0,3,152.33333333333334,0.15368189911047614,25.0,False Negative
Dexiini,,Insecta,1,0,0.3224272069849298,1.0,5,157.4,0.15422858446836468,25.2,False Negative
Myrmecocystus,North American Honeypot Ants,Insecta,1,0,0.3206273501295909,1.0,1,267.0,0.1340939253568649,19.0,False Negative
Ottleya,,Plantae,1,0,0.31884794060627625,1.0,1,145.0,0.116423025727272,19.0,False Negative
Phalaris,Canarygrasses,Plantae,1,0,0.31400311574087475,1.0,3,122.66666666666667,0.15218153595924375,29.0,False Negative
Chorizanthe procumbens,prostrate spineflower,Plantae,1,0,0.31378321633074935,5.0,3,143.0,0.1594366580247879,21.0,False Negative
Aphoebantus conurus,,Insecta,1,0,0.3103524406027555,2.0,1,258.0,0.1409419327974319,27.0,False Negative
Tanaops,,Insecta,1,0,0.30733548838584096,1.0,3,186.0,0.14865863819917038,24.666666666666668,False Negative
Asparagales,"Agaves, Orchids, Irises, and Allies",Plantae,1,0,0.3020195490628083,1.0,1,103.0,0.085522286593914,30.0,False Negative
Mantodea,Mantises,Insecta,1,0,0.30190993411728245,1.0,3,159.33333333333334,0.15416282912095383,30.333333333333332,False Negative
Lipoptena depressa,Western American Deer Ked,Insecta,1,0,0.30027120323979173,1.0,3,143.66666666666666,0.15655717998743054,24.0,False Negative
Omorgus suberosus,Hide beetle,Insecta,1,0,0.2998150093229007,1.0,1,162.0,0.1201612427830696,34.0,False Negative
Hemipenthes morioides,,Insecta,1,0,0.2971183753280986,1.0,4,155.25,0.14930965751409528,27.25,False Negative
Pentatomomorpha,Pentatomomorph Bugs,Insecta,1,0,0.294075615597763,1.0,4,130.5,0.10768048185855145,27.5,False Negative
Strigiformes,Owls,Aves,1,0,0.2893668807393386,1.0,1,254.0,0.1289593875408172,30.0,False Negative
Physocephala texana,,Insecta,1,0,0.2887496383690643,1.0,1,238.0,0.0703668072819709,27.0,False Negative
Formica,"Wood, Mound, and Field Ants",Insecta,1,0,0.2875542612804648,3.0,1,180.0,0.1501886993646621,18.0,False Negative
Chironiinae,"centauries, rose gentians, and Zeltneras",Plantae,1,0,0.28452704369660187,1.0,2,177.0,0.1142497584223747,27.5,False Negative
Mygalomorphae,Mygalomorphs,Arachnida,1,0,0.28392780182307636,1.0,1,188.0,0.1276921480894088,25.0,False Negative
Paropsisterna m-fuscum,Eucalyptus Leaf Beetle,Insecta,1,0,0.2784502777869195,1.0,1,197.0,0.0812589302659034,28.0,False Negative
Megachile frugalis,,Insecta,1,0,0.2784256112450215,2.0,1,93.0,0.147074818611145,18.0,False Negative
Trichopoda,Feather-legged Flies,Insecta,1,0,0.27180837725516044,2.0,1,60.0,0.1089712232351303,24.0,False Negative
Cynoglossoideae,,Plantae,1,0,0.26526295918873616,1.0,1,103.0,0.1211846694350242,31.0,False Negative
Puma concolor,Mountain Lion,Mammalia,1,0,0.26427003084289924,1.0,1,112.0,0.1310921460390091,30.0,False Negative
Lycosoidea,Wolf Spiders and Allies,Arachnida,1,0,0.2628864599384698,1.0,2,115.5,0.14730697497725484,29.5,False Negative
Microseridinae,,Plantae,1,0,0.25722816581968544,2.0,1,128.0,0.1284973621368408,21.0,False Negative
Enallagma carunculatum,Tule Bluet,Insecta,1,0,0.24807885836669266,1.0,2,130.5,0.07594903185963625,29.0,False Negative
Trachusa perdita,California Resin-Leafcutter,Insecta,1,0,0.2411533310931,1.0,3,193.33333333333334,0.13619290292263028,26.0,False Negative
Mordellistenini,,Insecta,1,0,0.24027770272485593,1.0,1,75.0,0.1398777216672897,29.0,False Negative
Porcellionides,,Animalia,1,0,0.24022601111893452,1.0,1,203.0,0.1576537489891052,21.0,False Negative
Mordellinae,,Insecta,1,0,0.23951871890859253,2.0,2,206.5,0.12831504642963404,26.0,False Negative
Lupinus agardhianus,Bajada Lupine,Plantae,1,0,0.23779465907731367,2.0,1,84.0,0.147580549120903,26.0,False Negative
Evylaeus,,Insecta,1,0,0.2349793440297968,3.0,1,171.0,0.1490516066551208,25.0,False Negative
Andricus,,Insecta,1,0,0.23495840355218822,1.0,2,121.5,0.16844905167818064,24.5,False Negative
Formicinae,Formicine Ants,Insecta,1,0,0.23471315391759195,1.0,2,204.5,0.13097937777638435,29.5,False Negative
Geocoris,,Insecta,1,0,0.23290520923970387,1.0,2,205.5,0.125658918172121,27.0,False Negative
Acmaeodera prorsa,,Insecta,1,0,0.2266086185785054,1.0,2,132.5,0.1562244445085525,26.0,False Negative
Erynnis propertius,Propertius Duskywing,Insecta,1,0,0.223136262428493,1.0,1,194.0,0.1372530460357666,27.0,False Negative
Tineoidea,"Bagworms, Clothes Moths, and Allies",Insecta,1,0,0.2187604565206317,1.0,1,117.0,0.0903925150632858,22.0,False Negative
Luperini,,Insecta,1,0,0.21810738044985636,3.0,2,172.5,0.1421736069023609,29.0,False Negative
Rophitinae,Shortface bees and allies,Insecta,1,0,0.20945364140508965,1.0,3,101.33333333333333,0.13914212584495542,23.666666666666668,False Negative
Myriolecis dispersa,Mortar Rim Lichen,Fungi,1,0,0.20462470318679676,1.0,2,131.5,0.1322534680366516,25.0,False Negative
Acarospora strigata,hoary cobblestone lichen,Fungi,1,0,0.19875734321298089,1.0,1,93.0,0.1485746055841446,28.0,False Negative
Bactericera cockerelli,Potato Psyllid,Insecta,1,0,0.1977454553477258,1.0,1,176.0,0.1188976988196373,25.0,False Negative
Gomphocerinae,Slant-faced Grasshoppers,Insecta,1,0,0.18531542656711975,1.0,1,96.0,0.1216543689370155,30.0,False Negative
Gosibius,,Animalia,0,0,0.4999862786555,0.0,10,153.4,0.14338281899690625,27.2,True Negative
Gazania rigens,Trailing Treasureflower,Plantae,0,0,0.499954917020443,0.0,4,192.75,0.13475247658789152,25.75,True Negative
Orgyiini,,Insecta,0,0,0.4995621021730137,0.0,6,156.66666666666666,0.15517438327272728,27.5,True Negative
Nasturtium officinale,watercress,Plantae,0,0,0.49870204058237694,0.0,59,122.42372881355932,0.17824603768728545,25.74576271186441,True Negative
Eriogonum,wild buckwheats,Plantae,0,0,0.4982320293778008,0.0,8,133.875,0.1455872021615505,26.125,True Negative
Turdus migratorius,American Robin,Aves,0,0,0.497845827051271,0.0,102,112.92156862745098,0.16227551323233863,25.980392156862745,True Negative
Salix gooddingii,Goodding's willow,Plantae,0,0,0.4976017373913882,0.0,204,102.18627450980392,0.1826118381292212,25.30392156862745,True Negative
Aphyllon tuberosum,Chaparral Broomrape,Plantae,0,0,0.49757831059611085,0.0,9,176.77777777777777,0.12431759304470481,26.666666666666668,True Negative
Apoidea,Bees and Apoid Wasps,Insecta,0,0,0.497408474285517,0.0,7,161.14285714285714,0.13179117760487963,24.571428571428573,True Negative
Gordioidea,,Animalia,0,0,0.4969690397250642,0.0,12,118.5,0.15418723598122594,25.75,True Negative
Lithobiidae,,Animalia,0,0,0.49657266701580177,0.0,12,155.08333333333334,0.14639265214403466,25.666666666666668,True Negative
Oliaridus,,Insecta,0,0,0.49642259699425173,0.0,21,152.38095238095238,0.13135766415368938,27.238095238095237,True Negative
Texananus,,Insecta,0,0,0.496404498561584,0.0,16,164.1875,0.12202704511582849,27.375,True Negative
Marah,Man-roots,Plantae,0,0,0.4956885909472362,0.0,13,138.92307692307693,0.14298198200189144,26.76923076923077,True Negative
Helminthotheca echioides,bristly oxtongue,Plantae,0,0,0.4954649362663835,0.0,177,113.42372881355932,0.17995151626682798,27.305084745762713,True Negative
Sonchus asper asper,prickly sow thistle,Plantae,0,0,0.49501559334946565,0.0,8,137.5,0.13042358029633755,29.25,True Negative
Cenchrus,sandburs and fountain grasses,Plantae,0,0,0.49476837585914885,0.0,13,181.53846153846155,0.13535771658644077,20.923076923076923,True Negative
Grindelia,gumplants,Plantae,0,0,0.4946883451907839,0.0,5,137.4,0.14603805840015407,29.4,True Negative
Parkinsonia,palo verde,Plantae,0,0,0.4937994842458883,0.0,7,171.0,0.1507882784519876,29.285714285714285,True Negative
Dicymolomia,,Insecta,0,0,0.49332066838995153,0.0,7,159.0,0.14909929675715308,25.0,True Negative
Penstemon,beardtongues,Plantae,0,0,0.4932471918660147,0.0,7,134.71428571428572,0.14928738985742837,24.428571428571427,True Negative
Bombyliidae,Bee Flies,Insecta,0,0,0.4925502739831193,0.0,10,177.0,0.13231981545686716,26.8,True Negative
Rhamnaceae,buckthorn family,Plantae,0,0,0.49235803056662625,0.0,7,142.28571428571428,0.13356805486338474,25.285714285714285,True Negative
Amaranthus albus,prostrate pigweed,Plantae,0,0,0.49046554751150134,0.0,19,119.26315789473684,0.160851603667987,25.94736842105263,True Negative
Sphaeropthalminae,,Insecta,0,0,0.49046533280713345,0.0,5,142.0,0.1313041910529136,26.6,True Negative
Thalictrum polycarpum,Torrey's Meadow Rue,Plantae,0,0,0.48961010915953695,0.0,7,129.14285714285714,0.13717940023967193,25.142857142857142,True Negative
Mexoleon papago,,Insecta,0,0,0.4895403813340668,0.0,12,122.25,0.1346868394563595,27.083333333333332,True Negative
Epicauta,Burning Blister Beetles,Insecta,0,0,0.4894363793998759,0.0,11,151.45454545454547,0.1467051804065704,28.818181818181817,True Negative
Pectocarya penicillata,sleeping combseed,Plantae,0,0,0.4891635052218014,0.0,7,133.28571428571428,0.1509134939738682,24.857142857142858,True Negative
Prionyx parkeri,Parker's Thread-waisted Wasp,Insecta,0,0,0.4890113785787141,0.0,8,176.5,0.12528041750192637,27.0,True Negative
Deroceras reticulatum,Milky Slug,Mollusca,0,0,0.48895112686941467,0.0,26,110.96153846153847,0.1479547688594231,26.73076923076923,True Negative
Trox gemmulatus,,Insecta,0,0,0.48891961072828016,0.0,8,181.25,0.14894840121269223,27.375,True Negative
Coleothorpa axillaris,,Insecta,0,0,0.4886016691861815,0.0,8,197.375,0.136176161468029,27.0,True Negative
Deltocephalinae,,Insecta,0,0,0.4882737701333436,0.0,12,147.25,0.15290907025337214,27.583333333333332,True Negative
Syrphini,,Insecta,0,0,0.48824742869196364,0.0,9,139.55555555555554,0.13601476285192696,27.444444444444443,True Negative
Persicaria amphibia,water smartweed,Plantae,0,0,0.4882003187327262,0.0,10,168.5,0.1342804856598377,28.2,True Negative
Gloveria,,Insecta,0,0,0.4881037465470344,0.0,8,186.75,0.13114454410970208,26.25,True Negative
Collinsia heterophylla heterophylla,chinese-houses,Plantae,0,0,0.48806544357940124,0.0,5,133.2,0.12613551318645472,26.0,True Negative
Pseudatomoscelis seriatus,Cotton Fleahopper,Insecta,0,0,0.4877245016126768,0.0,10,145.0,0.14961876720190043,25.7,True Negative
Erythranthe,monkeyflowers,Plantae,0,0,0.4871665206031911,0.0,15,126.8,0.15694861312707262,28.333333333333332,True Negative
Stigmella,,Insecta,0,0,0.48696083762616715,0.0,11,131.8181818181818,0.1550774127244949,25.545454545454547,True Negative
Anthrenus,Carpet Beetles,Insecta,0,0,0.48668512174084405,0.0,6,153.83333333333334,0.13262110576033587,24.666666666666668,True Negative
Thyridanthrax nugator,,Insecta,0,0,0.4861648721984747,0.0,7,154.85714285714286,0.1385397091507911,26.857142857142858,True Negative
Sturnella neglecta,Western Meadowlark,Aves,0,0,0.485891627835528,0.0,49,143.46938775510205,0.13294663721201366,28.081632653061224,True Negative
Aquarius remigis,North American Common Water Strider,Insecta,0,0,0.48559938363478533,0.0,74,110.64864864864865,0.1774685717112309,26.81081081081081,True Negative
Bowlesia incana,hoary bowlesia,Plantae,0,0,0.4854844542165844,0.0,50,102.94,0.15303100734949107,26.12,True Negative
Chironomidae,Non-biting Midges,Insecta,0,0,0.485092179301544,0.0,26,145.69230769230768,0.13041409955789834,26.153846153846153,True Negative
Malvaceae,Mallow and Hibiscus Family,Plantae,0,0,0.4846660883667587,0.0,7,151.0,0.16087021146501806,26.142857142857142,True Negative
Monochroa,,Insecta,0,0,0.4836005579924695,0.0,5,180.4,0.13686561733484265,26.6,True Negative
Trupanea femoralis,,Insecta,0,0,0.48309255065301004,0.0,22,188.45454545454547,0.1107641028409654,26.954545454545453,True Negative
Rhantus,,Insecta,0,0,0.4828575885671656,0.0,10,161.2,0.14050832316279407,28.5,True Negative
Lysimachia loeflingii,Blue Scarlet Pimpernel,Plantae,0,0,0.482472102217127,0.0,7,131.0,0.14721991973263873,25.285714285714285,True Negative
Brachyrhopalinae,,Insecta,0,0,0.4824385638390396,0.0,8,183.75,0.14596506953239438,25.375,True Negative
Logfia arizonica,Arizona cottonrose,Plantae,0,0,0.4821742893003209,0.0,7,200.85714285714286,0.15214746764728,28.857142857142858,True Negative
Opuntia phaeacantha,Brown-spined Pricklypear,Plantae,0,0,0.4816284706020851,0.0,13,134.76923076923077,0.1501186369703366,26.384615384615383,True Negative
Parapediasia teterrellus,Bluegrass Webworm Moth,Insecta,0,0,0.4809897989210816,0.0,13,201.69230769230768,0.12519194071109474,26.23076923076923,True Negative
Camponotus vicinus,Bicolored Carpenter Ant,Insecta,0,0,0.48006607894172265,0.0,8,243.875,0.15146722830832,22.0,True Negative
Copestylum apiciferum,,Insecta,0,0,0.47996990725633587,0.0,6,201.0,0.14290755614638326,26.166666666666668,True Negative
Apiastrum angustifolium,mock parsley,Plantae,0,0,0.4794419254161402,0.0,12,197.33333333333334,0.1502243087937434,21.583333333333332,True Negative
Lolium,,Plantae,0,0,0.47940750838823204,0.0,20,117.65,0.15675553716719148,28.1,True Negative
Halictidae,Sweat Bees,Insecta,0,0,0.4790675483013706,0.0,6,153.5,0.14090909063816068,26.0,True Negative
Bombyliini,,Insecta,0,0,0.4788037076802386,0.0,7,204.71428571428572,0.13033623993396753,27.857142857142858,True Negative
Caradrina montana,Civil Rustic Moth,Insecta,0,0,0.4783892237119867,0.0,6,155.66666666666666,0.13029618437091506,28.166666666666668,True Negative
Mirini,,Insecta,0,0,0.47760533804612704,0.0,6,180.83333333333334,0.1444666447738806,25.5,True Negative
Clidophleps,American Stridulating Cicadas,Insecta,0,0,0.4772778908689807,0.0,10,134.8,0.13551613166928286,25.2,True Negative
Passerina caerulea,Blue Grosbeak,Aves,0,0,0.4771651649471915,0.0,130,111.21538461538462,0.1525756234159836,27.615384615384617,True Negative
Alopecosa,Fox Spiders,Arachnida,0,0,0.4770350112172629,0.0,12,140.83333333333334,0.16047265815238151,25.75,True Negative
Exoprosopa doris,,Insecta,0,0,0.4770016348343294,0.0,10,166.6,0.14401947855949399,27.5,True Negative
Chlorochroa,,Insecta,0,0,0.47656296559274114,0.0,9,139.22222222222223,0.13252809726529646,28.88888888888889,True Negative
Aoplonema nigrum,,Insecta,0,0,0.47636919049785065,0.0,6,157.16666666666666,0.1509285370508829,25.333333333333332,True Negative
Hesperiina,branded grass skippers,Insecta,0,0,0.47564487979006315,0.0,8,176.75,0.13145181164145464,26.375,True Negative
Tessellana tessellata,Brown-spotted Bush-cricket,Insecta,0,0,0.47558973629450585,0.0,10,194.0,0.13550317659974093,27.3,True Negative
Synanthedon polygoni,Buckwheat Root Borer Moth,Insecta,0,0,0.4754088519482879,0.0,12,205.33333333333334,0.12043031056721999,27.833333333333332,True Negative
Phacelia grandiflora,Large-flowered Phacelia,Plantae,0,0,0.4751772650183952,0.0,20,170.9,0.16690083593130106,27.85,True Negative
Synchlora aerata,Wavy-lined and Southern Emeralds,Insecta,0,0,0.47446603890056704,0.0,8,143.0,0.1422127848491072,24.5,True Negative
Crotalus ruber ruber,Red Diamond Rattlesnake,Reptilia,0,0,0.47371962042902377,0.0,8,186.375,0.14136012177914375,24.875,True Negative
Amphicerus cornutus,Powderpost Bostrichid,Insecta,0,0,0.4735827944410714,0.0,6,148.0,0.14006396010518068,27.5,True Negative
Autographa californica,Alfalfa Looper,Insecta,0,0,0.47304013702592146,0.0,11,224.45454545454547,0.13571106574752112,26.636363636363637,True Negative
Clematis lasiantha,Pipestem Clematis,Plantae,0,0,0.47232734069718435,0.0,14,131.92857142857142,0.14451273903250691,22.428571428571427,True Negative
Osbornellus,,Insecta,0,0,0.47175823573946585,0.0,17,144.35294117647058,0.11528610569589275,26.88235294117647,True Negative
Brachymyrmex patagonicus,Dark Rover Ant,Insecta,0,0,0.4717487023086486,0.0,9,162.88888888888889,0.12572096039851502,27.0,True Negative
Limacus flavus,Yellow Cellar Slug,Mollusca,0,0,0.4715016842541125,0.0,37,110.8108108108108,0.14996747028183288,26.27027027027027,True Negative
Xanthorioideae,,Fungi,0,0,0.47125789450288985,0.0,9,192.22222222222223,0.1328073715170224,25.0,True Negative
Linum grandiflorum,Scarlet Flax,Plantae,0,0,0.4706876695089127,0.0,8,169.625,0.1381870955228805,29.0,True Negative
Coniopterygidae,Dusty-winged Lacewings,Insecta,0,0,0.4704238954139472,0.0,5,145.8,0.1402823239564895,24.8,True Negative
Baccharis salicifolia salicifolia,,Plantae,0,0,0.47035412852276487,0.0,131,110.76335877862596,0.17389626715346485,27.022900763358777,True Negative
Sorghum halepense,Johnson grass,Plantae,0,0,0.47016411127434593,0.0,10,131.1,0.13866017162799832,28.1,True Negative
Antron douglasii,Spined Turban Gall Wasp,Insecta,0,0,0.46987456559444696,0.0,6,185.16666666666666,0.15454044938087458,28.666666666666668,True Negative
Scythris trivinctella,Banded Scythris Moth,Insecta,0,0,0.4694679461782591,0.0,21,164.0952380952381,0.13968781984987708,26.952380952380953,True Negative
Iridopsis fragilaria,,Insecta,0,0,0.46937781751296476,0.0,8,154.0,0.12367647420614954,24.625,True Negative
Quercus agrifolia,coast live oak,Plantae,0,0,0.4693244398112848,0.0,641,98.02652106084243,0.1728371593072522,26.03588143525741,True Negative
Limonium perezii,Perez's sea lavender,Plantae,0,0,0.469275341427509,0.0,9,129.22222222222223,0.1414202385478549,24.555555555555557,True Negative
Podalonia,Cutworm Wasps,Insecta,0,0,0.46920773499671375,0.0,7,173.85714285714286,0.1515165812202862,24.571428571428573,True Negative
Cylindromyia,,Insecta,0,0,0.46907356649324744,0.0,13,122.92307692307692,0.16250526389250386,25.46153846153846,True Negative
Tachysphex,,Insecta,0,0,0.46887751191003807,0.0,9,143.77777777777777,0.14238266150156653,24.666666666666668,True Negative
Calvatia,,Fungi,0,0,0.46801482162187824,0.0,12,208.58333333333334,0.13436829422911004,26.916666666666668,True Negative
Cryptorhopalum,,Insecta,0,0,0.46740985254060347,0.0,6,164.5,0.13701527193188665,27.5,True Negative
Audibertia,,Plantae,0,0,0.4670076534965709,0.0,7,163.71428571428572,0.14211793137448167,23.285714285714285,True Negative
Furcraea foetida,Mauritius hemp,Plantae,0,0,0.46656457313768585,0.0,13,170.53846153846155,0.12686725963766754,29.0,True Negative
Alchemilla occidentalis,western lady's mantle,Plantae,0,0,0.46515147462393663,0.0,13,133.6153846153846,0.14617882497035536,22.0,True Negative
Xanthium strumarium,rough cocklebur,Plantae,0,0,0.4648748288682602,0.0,129,103.83720930232558,0.1839575673482388,26.767441860465116,True Negative
Tyto furcata,American Barn Owl,Aves,0,0,0.46459287425980345,0.0,24,137.08333333333334,0.13671872392296788,27.791666666666668,True Negative
Californicae,Cuscuta sect. Californicae,Plantae,0,0,0.46448672838890037,0.0,9,117.22222222222223,0.12796572844187412,25.22222222222222,True Negative
Smicronyx,,Insecta,0,0,0.46401782801093927,0.0,13,140.23076923076923,0.15085617223611242,26.153846153846153,True Negative
Manduca rustica,Rustic Sphinx,Insecta,0,0,0.4629352739916059,0.0,12,149.25,0.1523543891186515,27.25,True Negative
Orthoptera,"Grasshoppers, Crickets, and Katydids",Insecta,0,0,0.4629029218016502,0.0,7,142.71428571428572,0.14561074759278972,24.428571428571427,True Negative
Life,,,0,0,0.46261114018573646,0.0,31,117.83870967741936,0.16485753637408054,25.677419354838708,True Negative
Pholistoma auritum,Fiesta Flower,Plantae,0,0,0.462353541995478,0.0,108,94.43518518518519,0.15213429679473237,26.435185185185187,True Negative
Asphondylia ceanothi,Ceanothus Bud Gall Midge,Insecta,0,0,0.4623243504043617,0.0,5,325.0,0.1495594590902328,22.6,True Negative
Brachypodium hybridum,,Plantae,0,0,0.462269930899387,0.0,5,191.0,0.15892187952995296,27.0,True Negative
Clidophleps blaisdellii,,Insecta,0,0,0.4621500160963792,0.0,7,162.57142857142858,0.13520862374986917,23.142857142857142,True Negative
Habronattus elegans,,Arachnida,0,0,0.46195733705765313,0.0,12,120.91666666666667,0.15969240292906758,27.333333333333332,True Negative
Anthemis,Chamomiles,Plantae,0,0,0.46186343729358353,0.0,6,131.66666666666666,0.13579647739728287,26.833333333333332,True Negative
Pachybrachis,Scriptured Leaf Beetles,Insecta,0,0,0.4615113468434035,0.0,17,160.05882352941177,0.14111323172555246,26.11764705882353,True Negative
Tauschia arguta,Southern Umbrellawort,Plantae,0,0,0.4613757546042682,0.0,10,243.5,0.1339950755238533,20.5,True Negative
Phalangioidea,,Arachnida,0,0,0.46133331793874843,0.0,6,197.16666666666666,0.1382803693413734,26.166666666666668,True Negative
Chaenactis,pincushion plants,Plantae,0,0,0.4604757679267591,0.0,11,169.63636363636363,0.14897912943905045,22.545454545454547,True Negative
Calliopsis pugionis,,Insecta,0,0,0.46031278292999994,0.0,14,176.07142857142858,0.1365504988602229,26.0,True Negative
Eleocharis palustris,common spikerush,Plantae,0,0,0.45999509365829017,0.0,10,132.2,0.1586533151566982,27.4,True Negative
Cucullia,Hooded Owlets,Insecta,0,0,0.45978459270802263,0.0,5,182.8,0.14561656862497324,28.0,True Negative
Euryopis,Ant-eating Spiders,Arachnida,0,0,0.459434698459325,0.0,4,156.5,0.1361075937747955,27.25,True Negative
Lactuca serriola,prickly lettuce,Plantae,0,0,0.45905466903610415,0.0,134,104.43283582089552,0.16991718405329467,24.350746268656717,True Negative
Melolonthinae,June Beetles,Insecta,0,0,0.45863256670239444,0.0,11,138.0,0.14568225497549225,27.181818181818183,True Negative
Cotula coronopifolia,Brass Buttons,Plantae,0,0,0.45862180090234556,0.0,32,139.0625,0.18181759258732197,26.375,True Negative
Bombycilla cedrorum,Cedar Waxwing,Aves,0,0,0.4577714161917019,0.0,36,119.13888888888889,0.1653625764366653,25.11111111111111,True Negative
Gnaphalium palustre,western marsh cudweed,Plantae,0,0,0.4576545843482603,0.0,16,186.0,0.1445643533952534,28.75,True Negative
Scythris,,Insecta,0,0,0.4571879274830072,0.0,12,160.41666666666666,0.13973884346584475,27.083333333333332,True Negative
Peromyscus,North American Deer Mice,Mammalia,0,0,0.4568893035732606,0.0,7,189.85714285714286,0.1375910299164908,26.714285714285715,True Negative
Myiarchus cinerascens,Ash-throated Flycatcher,Aves,0,0,0.4564738420092774,0.0,346,101.15317919075144,0.16812240562234823,25.45664739884393,True Negative
Plagiobothrys acanthocarpus,adobe popcornflower,Plantae,0,0,0.4561763601385338,0.0,4,131.0,0.1507133953273296,27.0,True Negative
Echium candicans,Pride of Madeira,Plantae,0,0,0.45597992547748095,0.0,4,166.25,0.15062329359352583,29.25,True Negative
Chrysobothris bacchari,,Insecta,0,0,0.455953695993684,0.0,13,155.23076923076923,0.1451570683946976,27.615384615384617,True Negative
Tenebrionoidea,Darkling Beetles and Allies,Insecta,0,0,0.4554239828634127,0.0,6,148.83333333333334,0.14264028767744696,25.666666666666668,True Negative
Collops,,Insecta,0,0,0.4552620825795048,0.0,15,195.46666666666667,0.13265463858842846,26.266666666666666,True Negative
Epilobium ciliatum,fringed willowherb,Plantae,0,0,0.4547077680385758,0.0,9,169.77777777777777,0.1222718970643149,25.555555555555557,True Negative
Gryllodes sigillatus,Tropical House Cricket,Insecta,0,0,0.4537549735710179,0.0,35,130.77142857142857,0.12020347022584502,27.6,True Negative
Schinia oculata,,Insecta,0,0,0.45373361116582933,0.0,16,110.3125,0.13868082035332915,24.6875,True Negative
Ancistrocerus tuberculocephalus,,Insecta,0,0,0.45351258475102774,0.0,6,151.33333333333334,0.12486260384321211,24.333333333333332,True Negative
Gemmabryum,,Plantae,0,0,0.4528936562883349,0.0,5,227.2,0.14036521464586255,23.4,True Negative
Negha,American Square-headed Snakeflies,Insecta,0,0,0.45279255480997327,0.0,6,147.66666666666666,0.1445912681519985,27.5,True Negative
Tollius,,Insecta,0,0,0.4521412069187362,0.0,10,146.5,0.1429008543491363,27.5,True Negative
Corethrogyne,,Plantae,0,0,0.45160921676844024,0.0,8,115.875,0.14006497897207734,28.875,True Negative
Clematis,Clematis and leatherflowers,Plantae,0,0,0.4514500290901555,0.0,80,100.375,0.15843589296564456,24.3,True Negative
Eriogonum fasciculatum fasciculatum,Coastal California Buckwheat,Plantae,0,0,0.45122109395934357,0.0,13,160.84615384615384,0.11587473603252031,25.384615384615383,True Negative
Altica,Metallic Flea Beetles,Insecta,0,0,0.4505605909738495,0.0,14,119.35714285714286,0.16401504512344084,24.071428571428573,True Negative
Xanthochilus saturnius,Mediterranean Seed Bug,Insecta,0,0,0.45038327568011255,0.0,31,122.2258064516129,0.13237434841932783,28.903225806451612,True Negative
Stachys stebbinsii,Stebbins' Hedgenettle,Plantae,0,0,0.45016203980430075,0.0,23,116.34782608695652,0.15072655013721917,28.782608695652176,True Negative
Stephanomeria virgata,rod wirelettuce,Plantae,0,0,0.44996804145574354,0.0,10,124.4,0.1551404826343059,26.5,True Negative
Plantago coronopus,Buck's-horn Plantain,Plantae,0,0,0.4493890739733744,0.0,5,191.4,0.1464171782135963,27.0,True Negative
Psathyrellaceae,Brittlestems and Allies,Fungi,0,0,0.44918509100519854,0.0,11,162.0909090909091,0.15057436986403028,27.272727272727273,True Negative
Stigmella prunifoliella,,Insecta,0,0,0.4489444587328424,0.0,5,177.4,0.13178738504648205,26.4,True Negative
Quercus ilex,Holm oak,Plantae,0,0,0.44889442532419643,0.0,58,113.79310344827586,0.13462193348798254,29.689655172413794,True Negative
Dytiscidae,Predaceous Diving Beetles,Insecta,0,0,0.44880344926562354,0.0,6,197.33333333333334,0.12709654619296387,28.333333333333332,True Negative
Polyommatinae,Blues,Insecta,0,0,0.44802902815078494,0.0,4,177.5,0.13017892092466352,25.25,True Negative
Pholcidae,Cellar Spiders,Arachnida,0,0,0.4479606972194113,0.0,11,119.9090909090909,0.1406267888166687,25.727272727272727,True Negative
Neacreotrichus,,Insecta,0,0,0.44783358748726415,0.0,8,175.75,0.14825451746582982,26.375,True Negative
Euodynerus,,Insecta,0,0,0.4478160566673693,0.0,8,170.875,0.14577561244368548,27.625,True Negative
Simiolus,seep monkeyflowers,Plantae,0,0,0.44781495311036235,0.0,8,181.75,0.1596663277596235,29.125,True Negative
Oenothera speciosa,Pinkladies,Plantae,0,0,0.4474376911785701,0.0,34,160.64705882352942,0.16898171791827357,24.823529411764707,True Negative
Calosoma semilaeve,Black Calosoma,Insecta,0,0,0.4471661093278293,0.0,6,212.83333333333334,0.13800473635395363,28.5,True Negative
Vespidae,"Hornets, Paper Wasps, Potter Wasps, and Allies",Insecta,0,0,0.44685234108159944,0.0,5,191.8,0.12693963646888728,30.8,True Negative
Jadera haematoloma,Red-shouldered Bug,Insecta,0,0,0.44676653453724174,0.0,18,156.05555555555554,0.1319710283229748,27.72222222222222,True Negative
Auchenorrhyncha,True Hoppers,Insecta,0,0,0.44669156229239815,0.0,10,121.9,0.15395486578345294,26.2,True Negative
Toxicodendron diversilobum,Pacific poison oak,Plantae,0,0,0.44606556942313175,0.0,443,97.69074492099323,0.18505121066190855,25.89841986455982,True Negative
Riccia campbelliana,Campbell crystalwort,Plantae,0,0,0.44570288862243623,0.0,10,138.8,0.14151787161827084,23.9,True Negative
Tortricidae,Tortricid Leafroller Moths,Insecta,0,0,0.4452103713507574,0.0,9,138.0,0.12814327494965658,28.333333333333332,True Negative
Marchantiales,Complex thallose liverworts,Plantae,0,0,0.444766159411694,0.0,5,129.2,0.157024934887886,26.4,True Negative
Aphelocoma californica obscura,Belding's Scrub-Jay,Aves,0,0,0.4443349602243862,0.0,53,110.15094339622641,0.1547131836414337,25.67924528301887,True Negative
Anambodera,,Insecta,0,0,0.44363576767292157,0.0,5,205.4,0.13571491837501523,26.0,True Negative
Salsola tragus,Prickly Russian Thistle,Plantae,0,0,0.44353486398343106,0.0,7,156.28571428571428,0.13595396493162423,30.285714285714285,True Negative
Megascapheus bottae,,Mammalia,0,0,0.44259698562015115,0.0,37,98.8108108108108,0.15492753342196744,24.81081081081081,True Negative
Nysius,False chinch bugs,Insecta,0,0,0.44251881307144897,0.0,30,133.33333333333334,0.13846166742344695,27.133333333333333,True Negative
Melanthaxia,,Insecta,0,0,0.4422046810280697,0.0,16,131.875,0.16129592992365357,27.0,True Negative
Brephidium exilis,Western Pygmy-Blue,Insecta,0,0,0.44201571135106255,0.0,24,119.0,0.14310573600232598,27.416666666666668,True Negative
Sphaerophoria,Globetails,Insecta,0,0,0.44178535292513144,0.0,5,179.8,0.15096706748008723,24.4,True Negative
Spinus lawrencei,Lawrence's Goldfinch,Aves,0,0,0.44157211167320287,0.0,13,133.6153846153846,0.14821439809524092,24.307692307692307,True Negative
Portulaca oleracea,Common Purslane,Plantae,0,0,0.4414101772908278,0.0,8,120.125,0.15140791423618788,27.0,True Negative
Pero radiosaria,,Insecta,0,0,0.440908842340715,0.0,9,200.22222222222223,0.12686617755227617,26.22222222222222,True Negative
Dioprosopa clavata,Four-speckled Hover Fly,Insecta,0,0,0.4400683058007396,0.0,15,176.66666666666666,0.13859541863203045,26.466666666666665,True Negative
Forelius pruinosus,High Noon Ant,Insecta,0,0,0.4395807672782672,0.0,4,213.5,0.12579663284122938,25.0,True Negative
Trupanea vicina,Marigold Fruit Fly,Insecta,0,0,0.4382760367059796,0.0,14,200.64285714285714,0.1144399089472634,27.571428571428573,True Negative
Raphidiidae,Raphidiid Snakeflies,Insecta,0,0,0.4380113856517158,0.0,4,195.0,0.12949206307530398,26.0,True Negative
Tamarix ramosissima,saltcedar,Plantae,0,0,0.4379168182663484,0.0,52,151.28846153846155,0.14091611593008002,25.153846153846153,True Negative
Sparassidae,Huntsman Spiders,Arachnida,0,0,0.43791184013965695,0.0,9,139.77777777777777,0.14187450789742995,26.77777777777778,True Negative
Vaejovidae,Devil Scorpions,Arachnida,0,0,0.43764909961512527,0.0,34,99.1470588235294,0.13916063714115057,26.794117647058822,True Negative
Eucalyptus polyanthemos,Silver Dollar Gum,Plantae,0,0,0.4375092165703782,0.0,18,171.66666666666666,0.15615972359147334,20.333333333333332,True Negative
Clastoptera,,Insecta,0,0,0.43738561449701163,0.0,10,135.3,0.13455759212374685,25.1,True Negative
Bruchinae,Pea and Bean Weevils,Insecta,0,0,0.4370129605626884,0.0,4,140.25,0.13758508302271363,26.25,True Negative
Pompilini,,Insecta,0,0,0.4369170907765105,0.0,9,128.66666666666666,0.15325097822480727,26.0,True Negative
Agromyzidae,Leaf-miner Flies,Insecta,0,0,0.4365689559042081,0.0,24,142.08333333333334,0.1373973858232299,28.625,True Negative
Blatta orientalis,Oriental Cockroach,Insecta,0,0,0.4364849257712427,0.0,17,139.05882352941177,0.1282699493800892,29.294117647058822,True Negative
Montagnea arenaria,Desert Inkcap,Fungi,0,0,0.43645985448149704,0.0,12,197.33333333333334,0.13644158033033207,27.25,True Negative
Heraclides rumiko,Western Giant Swallowtail,Insecta,0,0,0.43591541428434055,0.0,25,144.44,0.1582629197835922,25.64,True Negative
Hypsiglena ochrorhynchus klauberi,San Diego Nightsnake,Reptilia,0,0,0.4357940850265628,0.0,7,141.0,0.15671898850372853,28.0,True Negative
Cladonia pyxidata,Pebbled Pixie Cup,Fungi,0,0,0.43554412192712455,0.0,13,169.76923076923077,0.16478865479047478,26.153846153846153,True Negative
Romneya coulteri,Coulter's matilija poppy,Plantae,0,0,0.4354808358367718,0.0,84,100.28571428571429,0.15875116487344104,27.023809523809526,True Negative
Melospiza melodia,Song Sparrow,Aves,0,0,0.435402709737554,0.0,604,129.63079470198676,0.15228045369112564,23.55960264900662,True Negative
Hellula rogatalis,Cabbage Webworm Moth,Insecta,0,0,0.43526036067677853,0.0,14,132.14285714285714,0.1609158111470086,27.142857142857142,True Negative
Anastoechus,,Insecta,0,0,0.435173954124466,0.0,13,125.07692307692308,0.15178902275287182,27.076923076923077,True Negative
Verbena,vervains,Plantae,0,0,0.43435155436661566,0.0,17,161.1764705882353,0.15082070582053236,27.705882352941178,True Negative
Oenothera suffrutescens,Scarlet Beeblossom,Plantae,0,0,0.43388229924472344,0.0,4,133.5,0.15068284422159192,28.5,True Negative
Ennomini,,Insecta,0,0,0.4330896103829489,0.0,16,91.8125,0.14299174537882206,24.25,True Negative
Micranthes californica,California Saxifrage,Plantae,0,0,0.4324460020018685,0.0,11,119.81818181818181,0.14749261059544297,28.545454545454547,True Negative
Opuntia engelmannii,Engelmann's Pricklypear,Plantae,0,0,0.4323697374875628,0.0,5,113.6,0.142507891356945,28.6,True Negative
Mephitis mephitis,Striped Skunk,Mammalia,0,0,0.43208656390820227,0.0,25,113.36,0.1426389136910438,26.72,True Negative
Drepanulatrix monicaria,,Insecta,0,0,0.43182895296069157,0.0,6,175.5,0.13068822522958112,26.833333333333332,True Negative
Raphanus raphanistrum sativus,garden radish,Plantae,0,0,0.43180880885219397,0.0,213,101.81220657276995,0.17654214334180093,25.08450704225352,True Negative
Steatoda grossa,False Black Widow,Arachnida,0,0,0.43061956295821946,0.0,28,151.32142857142858,0.10021481290459626,27.892857142857142,True Negative
Chloridea virescens,Tobacco Budworm Moth,Insecta,0,0,0.43038436252159057,0.0,6,134.5,0.13504872471094126,26.333333333333332,True Negative
Geophilomorpha,Soil Centipedes,Animalia,0,0,0.4300156101165024,0.0,6,147.0,0.1436583946148554,24.0,True Negative
Cyclophora nanaria,Dwarf Tawny Wave,Insecta,0,0,0.4298984461622559,0.0,31,143.90322580645162,0.11001589653953424,28.096774193548388,True Negative
Machimus,Bladetails,Insecta,0,0,0.4297428433462049,0.0,6,160.66666666666666,0.14631916210055348,25.666666666666668,True Negative
Peridroma saucia,Variegated Cutworm Moth,Insecta,0,0,0.4296785407604235,0.0,11,133.1818181818182,0.14287697456099765,27.09090909090909,True Negative
Lolium perenne,Perennial Ryegrass,Plantae,0,0,0.4295724968805605,0.0,7,119.57142857142857,0.1549616519893918,28.428571428571427,True Negative
Flavopunctelia flaventior,Speckled Greenshield,Fungi,0,0,0.42942340850622607,0.0,8,198.375,0.1395646762102842,23.625,True Negative
Glaucina,,Insecta,0,0,0.4292713600429059,0.0,12,135.25,0.12411656603217121,26.0,True Negative
Acmispon maritimus,coastal bird's-foot trefoil,Plantae,0,0,0.42895649798825325,0.0,9,175.0,0.13341406236092246,27.88888888888889,True Negative
Centaurea solstitialis,Yellow Star-Thistle,Plantae,0,0,0.4285442517866728,0.0,6,124.0,0.1409660602609316,27.666666666666668,True Negative
Russula,brittlegills,Fungi,0,0,0.4284976370851562,0.0,32,121.0625,0.18438402609899635,26.46875,True Negative
Aspidotis californica,California lacefern,Plantae,0,0,0.4283614498547712,0.0,13,186.23076923076923,0.11349339267382251,21.0,True Negative
Strigamia,,Animalia,0,0,0.428156317430654,0.0,5,220.6,0.1466930344700813,26.4,True Negative
Megaphorus,,Insecta,0,0,0.4278518107343358,0.0,13,134.46153846153845,0.13855993976959813,26.923076923076923,True Negative
Pholistoma auritum auritum,,Plantae,0,0,0.4267429964426921,0.0,114,91.14035087719299,0.15781997797781958,25.36842105263158,True Negative
Acalypha californica,California Copperleaf,Plantae,0,0,0.42653103486128485,0.0,6,333.5,0.16544696440299347,25.5,True Negative
Trifolium microcephalum,small-headed clover,Plantae,0,0,0.426481586720425,0.0,6,152.16666666666666,0.13722109546264008,23.5,True Negative
Eucera frater albopilosa,White-haired Monk Longhorn,Insecta,0,0,0.4263799056260444,0.0,9,190.77777777777777,0.13634790397352636,28.444444444444443,True Negative
Genea,,Plantae,0,0,0.4261179120654433,0.0,5,161.0,0.11704075485467906,25.8,True Negative
Plataea,,Insecta,0,0,0.42596065543353523,0.0,12,133.0,0.13107996247708795,26.083333333333332,True Negative
Rhopalomyia californica,Coyote Brush Bud Gall Midge,Insecta,0,0,0.42593271849288794,0.0,33,111.45454545454545,0.1570602294170495,24.87878787878788,True Negative
Ochlodes,,Insecta,0,0,0.425353042098474,0.0,12,141.5,0.1530719914784034,26.166666666666668,True Negative
Castilleja affinis affinis,Coast Paintbrush,Plantae,0,0,0.4250495952963235,0.0,6,227.83333333333334,0.15112663308779392,22.166666666666668,True Negative
Neaethus,,Insecta,0,0,0.42504129983554356,0.0,16,160.0,0.1460924912244081,26.1875,True Negative
Cyperus alternifolius,Umbrella Papyrus,Plantae,0,0,0.42417237909328737,0.0,43,129.3953488372093,0.20212791548218834,29.232558139534884,True Negative
Eriophora edax,,Arachnida,0,0,0.4240715901503869,0.0,38,102.6842105263158,0.1573675002314542,24.42105263157895,True Negative
Habronattus pyrrithrix,,Arachnida,0,0,0.4239557543618856,0.0,15,128.73333333333332,0.15577729518214858,28.466666666666665,True Negative
Scaphytopius majestus,,Insecta,0,0,0.42369000090273956,0.0,11,147.27272727272728,0.15632455728270786,26.181818181818183,True Negative
Eleodes neotomae,,Insecta,0,0,0.42340685512075416,0.0,8,125.375,0.12905257055535907,25.0,True Negative
Aphidinae,,Insecta,0,0,0.4231975767618787,0.0,17,123.82352941176471,0.16498111626681156,26.11764705882353,True Negative
Machilidae,Jumping Bristletails,Insecta,0,0,0.4231734650424038,0.0,6,143.16666666666666,0.15639014045397437,24.333333333333332,True Negative
Rattus rattus,Black Rat,Mammalia,0,0,0.4230640933180374,0.0,11,153.45454545454547,0.1339011500928212,26.181818181818183,True Negative
Polypogon,,Plantae,0,0,0.4229153354702821,0.0,8,129.875,0.13221854664152485,24.125,True Negative
Convolvulus arvensis,field bindweed,Plantae,0,0,0.42217595932686325,0.0,10,132.7,0.160890419781208,26.9,True Negative
Cuterebra,Glire Bot Flies,Insecta,0,0,0.42216041686530603,0.0,5,176.6,0.13430481255054472,27.0,True Negative
Lycoperdon perlatum,common puffball,Fungi,0,0,0.42198406024833707,0.0,9,161.22222222222223,0.1481614071461889,26.22222222222222,True Negative
Psilocarphus brevissimus brevissimus,dwarf woollyheads,Plantae,0,0,0.4218865818016812,0.0,11,217.36363636363637,0.12321932613849636,28.09090909090909,True Negative
Catalinia andreas,,Arachnida,0,0,0.42186496678896857,0.0,30,97.73333333333333,0.14679095968604086,24.3,True Negative
Gymnopilus luteofolius,Yellow-gilled Gymnopilus,Fungi,0,0,0.4216175370929128,0.0,21,157.9047619047619,0.12298070107187539,27.333333333333332,True Negative
Arctiinae,Tiger Moths and Allies,Insecta,0,0,0.42160928048137064,0.0,7,166.85714285714286,0.15775704383850095,28.142857142857142,True Negative
Pseudomasaris edwardsii,,Insecta,0,0,0.42158189983704136,0.0,4,143.5,0.1478650905191898,25.0,True Negative
Araneus gemma,Gem-shaped Orbweaver,Arachnida,0,0,0.421381935244943,0.0,29,111.89655172413794,0.16561056545068475,26.896551724137932,True Negative
Pyraloidea,Pyralid and Crambid Snout Moths,Insecta,0,0,0.4210596199854524,0.0,8,190.5,0.1316533926874399,28.125,True Negative
Claytonia,spring beauties,Plantae,0,0,0.4197411873631098,0.0,24,115.83333333333333,0.1638391825060049,23.083333333333332,True Negative
Microcentrum rhombifolium,Greater Anglewing,Insecta,0,0,0.41970909010083013,0.0,40,107.975,0.1522791924886405,27.675,True Negative
Bombylius major,Greater Bee Fly,Insecta,0,0,0.4193426680092913,0.0,12,113.33333333333333,0.1481372670580943,26.666666666666668,True Negative
Carduinae,Thistles and Burdocks,Plantae,0,0,0.4193171830296598,0.0,11,130.36363636363637,0.16242470118132502,25.09090909090909,True Negative
Populus fremontii,Frémont Cottonwood,Plantae,0,0,0.4191131319583276,0.0,307,93.00977198697069,0.16826047786854276,26.175895765472312,True Negative
Salticinae,Typical Jumping Spiders,Arachnida,0,0,0.4190534322170157,0.0,5,152.0,0.1367533296346664,26.6,True Negative
Nicrophorus nigrita,Black Burying Beetle,Insecta,0,0,0.41889544630322184,0.0,6,193.83333333333334,0.12151277686158812,28.0,True Negative
Triepeolus,Longhorn-cuckoo bees,Insecta,0,0,0.41852861348126463,0.0,8,183.125,0.12624910473823542,27.75,True Negative
Globipedidae,Globipedid Harvestmen,Arachnida,0,0,0.418464546100306,0.0,4,239.5,0.13213677890598768,24.0,True Negative
Idiostatus,,Insecta,0,0,0.41726527580867884,0.0,5,135.8,0.12750504612922664,27.2,True Negative
Trogidae,Keratin Beetles,Insecta,0,0,0.4162359937522531,0.0,4,151.75,0.15205846168100828,27.5,True Negative
Juliformia,Round-backed Millipedes,Animalia,0,0,0.41589519807613656,0.0,14,158.14285714285714,0.1660808314170156,26.571428571428573,True Negative
Triglochin scilloides,flowering-quillwort,Plantae,0,0,0.4157016866451498,0.0,12,224.91666666666666,0.1260562408715486,29.666666666666668,True Negative
Thebini,,Mollusca,0,0,0.4155832337422779,0.0,13,141.84615384615384,0.12718685028644705,28.076923076923077,True Negative
Burnsius albezens,White Checkered-Skipper,Insecta,0,0,0.4155413435606778,0.0,26,118.76923076923077,0.1611155632596749,27.76923076923077,True Negative
Succineidae,Amber Snails,Mollusca,0,0,0.4153702989273629,0.0,4,210.25,0.14421360008418554,29.75,True Negative
Passerella iliaca,Fox Sparrow,Aves,0,0,0.4150555099091828,0.0,27,158.2962962962963,0.1659031742148929,26.185185185185187,True Negative
Perarthrus vittatus,,Insecta,0,0,0.4149266163809864,0.0,44,182.77272727272728,0.11960442702878603,26.15909090909091,True Negative
Gnorimoschema powelli,Desert Broom Stem Gall Moth,Insecta,0,0,0.41466529937323365,0.0,6,128.16666666666666,0.14498692254225412,27.333333333333332,True Negative
Zelus renardii,Leafhopper Assassin Bug,Insecta,0,0,0.41438208382343494,0.0,21,123.0952380952381,0.16448637381905598,26.428571428571427,True Negative
Schinus terebinthifolia,Brazilian pepper,Plantae,0,0,0.4139816873169707,0.0,84,163.25,0.1650616302531922,24.357142857142858,True Negative
Hebata,,Insecta,0,0,0.4136591326036154,0.0,10,124.9,0.15117866694927212,27.2,True Negative
Titanebo,,Arachnida,0,0,0.41355317904292277,0.0,12,187.75,0.12869530481596783,26.083333333333332,True Negative
Pellaea andromedifolia,Coffee Fern,Plantae,0,0,0.4132168500888431,0.0,66,94.10606060606061,0.15541442957791413,23.696969696969695,True Negative
Zosteropoda hirtipes,V-lined Quaker,Insecta,0,0,0.4131284570344036,0.0,5,158.2,0.14487172365188597,25.6,True Negative
Gyponana,,Insecta,0,0,0.4129963990734539,0.0,12,117.16666666666667,0.13686025142669675,27.083333333333332,True Negative
Hirschfeldia,,Plantae,0,0,0.4129467259858843,0.0,20,110.05,0.13614010261371728,27.25,True Negative
Pinus,pines,Plantae,0,0,0.41263722457115115,0.0,13,148.69230769230768,0.16279576776119375,27.0,True Negative
Collembola,Springtails,Animalia,0,0,0.4124850511089424,0.0,6,155.16666666666666,0.14665271590153373,26.166666666666668,True Negative
Pieris rapae,Small White,Insecta,0,0,0.4124327243826733,0.0,133,102.27067669172932,0.16954488933254447,25.86466165413534,True Negative
Juncaceae,Rushes and Allies,Plantae,0,0,0.41210926524691965,0.0,6,113.16666666666667,0.1548014904061953,28.666666666666668,True Negative
Microcentrum californicum,California Anglewing,Insecta,0,0,0.41166527114712026,0.0,7,130.42857142857142,0.13779261814696442,25.0,True Negative
Attinella dorsata,,Arachnida,0,0,0.4112010918499237,0.0,7,172.14285714285714,0.15282016886132102,24.714285714285715,True Negative
Tebenna gnaphaliella,Everlasting Tebenna Moth,Insecta,0,0,0.41112615192323143,0.0,13,219.76923076923077,0.12231244834569782,25.846153846153847,True Negative
Maricopodynerus,,Insecta,0,0,0.4107375905535834,0.0,4,178.25,0.13315986096858975,26.0,True Negative
Setophaga townsendi,Townsend's Warbler,Aves,0,0,0.41040629674714824,0.0,24,120.79166666666667,0.1621907239896245,23.916666666666668,True Negative
Distichlis spicata,Saltgrass,Plantae,0,0,0.4102021516197784,0.0,46,102.19565217391305,0.15980332830677857,27.282608695652176,True Negative
Epeolus minimus,Least Cellophane-cuckoo Bee,Insecta,0,0,0.4100275152455794,0.0,4,168.0,0.1517717838287353,29.25,True Negative
Pluchea sericea,arrowweed,Plantae,0,0,0.4096583175887052,0.0,4,169.0,0.15832873806357378,28.5,True Negative
Tortricoidea,Tortricid Leafroller Moths and Allies,Insecta,0,0,0.4090169787365002,0.0,4,184.25,0.12848842144012446,29.25,True Negative
Lepismatidae,Typical Silverfishes,Insecta,0,0,0.40884693880319006,0.0,7,171.0,0.12112688592502044,25.571428571428573,True Negative
Neurocolpus,,Insecta,0,0,0.40817364885308555,0.0,9,172.33333333333334,0.15251921945148042,26.444444444444443,True Negative
Catharus guttatus,Hermit Thrush,Aves,0,0,0.40801830460352784,0.0,95,117.18947368421053,0.1731323436294731,26.178947368421053,True Negative
Litoprosopus coachella,Palm Flower Moth,Insecta,0,0,0.40770602379694865,0.0,7,142.14285714285714,0.13207307883671346,26.571428571428573,True Negative
Bombus,Bumble Bees,Insecta,0,0,0.4076436601721728,0.0,14,123.64285714285714,0.1658352714564119,26.357142857142858,True Negative
Nolanea,,Fungi,0,0,0.4076063439756499,0.0,8,179.375,0.13930112961679694,25.0,True Negative
Lecanoraceae,"rim lichens, disc lichens, and allies",Fungi,0,0,0.40742754534758857,0.0,6,237.16666666666666,0.13662735621134436,23.333333333333332,True Negative
Anstenoptilia marmarodactyla,Sage Plume Moth,Insecta,0,0,0.4065529630421137,0.0,13,139.46153846153845,0.15050366750130284,26.846153846153847,True Negative
Chinavia hilaris,Green Stink Bug,Insecta,0,0,0.4065112051406739,0.0,9,120.22222222222223,0.142660336361991,25.77777777777778,True Negative
Microcentrum,Angle-winged Katydids,Insecta,0,0,0.40643095531051654,0.0,23,108.26086956521739,0.14306045064459672,26.217391304347824,True Negative
Mutarda arvensis,charlock,Plantae,0,0,0.40637223174891624,0.0,8,120.5,0.15222569461911914,28.375,True Negative
Henicopidae,,Animalia,0,0,0.40582413784343785,0.0,4,208.25,0.1300079207867383,25.75,True Negative
Plantago elongata,Coastal Plantain,Plantae,0,0,0.4057284454854894,0.0,4,234.25,0.128662833943963,29.0,True Negative
Tupiocoris californicus,Phacelia Plant Bug,Insecta,0,0,0.40464987950380193,0.0,6,124.5,0.1360870276888211,26.666666666666668,True Negative
Heliothinae,,Insecta,0,0,0.40454496686388625,0.0,4,165.5,0.15306185185909266,25.5,True Negative
Tynommatidae,,Animalia,0,0,0.40419471960995973,0.0,7,162.0,0.15674208636794768,25.714285714285715,True Negative
Tramea onusta,Red Saddlebags,Insecta,0,0,0.40382089209526323,0.0,8,127.0,0.14780844654887912,27.375,True Negative
Carpobrotus chilensis,Chilean sea fig,Plantae,0,0,0.4038178287174148,0.0,16,159.25,0.15709522619727065,25.5,True Negative
Coquillettapis,,Insecta,0,0,0.40376837616987077,0.0,8,178.375,0.14407653175294396,26.5,True Negative
Enallagma civile,Familiar Bluet,Insecta,0,0,0.40371404749843054,0.0,30,98.76666666666667,0.15882110632956026,25.333333333333332,True Negative
Tyrannus,Kingbirds,Aves,0,0,0.4036973064346895,0.0,9,151.22222222222223,0.12978184926840988,27.333333333333332,True Negative
Toxomerus occidentalis,Western Calligrapher,Insecta,0,0,0.40350272953254523,0.0,25,139.96,0.1692655092477798,25.48,True Negative
Crabronidae,"Square-headed Wasps, Sand Wasps, and Allies",Insecta,0,0,0.40270152591073166,0.0,7,131.0,0.14996586527143202,26.571428571428573,True Negative
Leiothlypis celata,Orange-crowned Warbler,Aves,0,0,0.40256694030667717,0.0,173,109.60115606936417,0.17933500706449665,25.67630057803468,True Negative
Achillea millefolium,common yarrow,Plantae,0,0,0.40179786445216203,0.0,6,117.5,0.14582477509975428,28.166666666666668,True Negative
Juncus dubius,mariposa rush,Plantae,0,0,0.4017146554446914,0.0,10,118.4,0.14870680123567576,29.5,True Negative
Epacmus,,Insecta,0,0,0.40151763006140395,0.0,6,178.66666666666666,0.14006849875052765,28.833333333333332,True Negative
Allium peninsulare peninsulare,,Plantae,0,0,0.40145702130478295,0.0,5,146.0,0.14975502789020537,23.4,True Negative
Eumenes,,Insecta,0,0,0.4010729719397723,0.0,10,143.0,0.14501826837658877,28.5,True Negative
Thyanta pallidovirens,Red-shouldered Stink Bug,Insecta,0,0,0.4009939679029999,0.0,9,198.0,0.12468883395195002,27.88888888888889,True Negative
Heliothodes diminutiva,Small Heliothodes Moth,Insecta,0,0,0.4009139847813063,0.0,8,179.5,0.1281399400904774,27.25,True Negative
Machilinus,,Insecta,0,0,0.4008490878767269,0.0,4,229.25,0.1362812183797359,25.25,True Negative
Parietaria hespera,rillita pellitory,Plantae,0,0,0.4007238068531136,0.0,19,96.57894736842105,0.1337116172439173,26.05263157894737,True Negative
Metaltella simoni,South American Toothed Hacklemesh Weaver,Arachnida,0,0,0.4007191136479572,0.0,4,210.25,0.13368269987404346,25.5,True Negative
Claytonia parviflora,Streambank Springbeauty,Plantae,0,0,0.40066515691049714,0.0,15,146.53333333333333,0.16598853667577104,25.666666666666668,True Negative
Oxidus gracilis,Greenhouse Millipede,Animalia,0,0,0.4003184766374477,0.0,14,145.42857142857142,0.13867961987853045,27.571428571428573,True Negative
Triepeolus verbesinae,Verbesina Longhorn-Cuckoo,Insecta,0,0,0.40003467260185155,0.0,7,212.85714285714286,0.12731807253190447,28.142857142857142,True Negative
Helicoidea,,Mollusca,0,0,0.39986340793997965,0.0,10,130.6,0.13523861244320864,28.2,True Negative
Zenophleps lignicolorata,,Insecta,0,0,0.39947551578399426,0.0,6,138.0,0.13633662710587177,25.166666666666668,True Negative
Cyperus alternifolius flabelliformis,Umbrella papyrus,Plantae,0,0,0.39899980331334667,0.0,39,126.7948717948718,0.19764520151492876,28.923076923076923,True Negative
Acmaeodera hepburnii,,Insecta,0,0,0.39890574940143947,0.0,16,137.9375,0.15053910715505478,27.4375,True Negative
Synchytrium papillatum,stork's-bill chytrid,Fungi,0,0,0.3984395954590162,0.0,7,155.57142857142858,0.13537834371839247,27.0,True Negative
Cyclocephala lurida,Southern Masked Chafer,Insecta,0,0,0.39755390022667275,0.0,7,186.28571428571428,0.1352968918425696,27.857142857142858,True Negative
Exorista,,Insecta,0,0,0.39705201565951176,0.0,12,165.0,0.14561706843475497,25.75,True Negative
Mallos,Mexican Social Spiders,Arachnida,0,0,0.3969316669123113,0.0,20,114.8,0.16894102096557612,24.3,True Negative
Cactophagus spinolae,Cactus Weevil,Insecta,0,0,0.39689681666269916,0.0,12,208.58333333333334,0.13047601593037442,27.666666666666668,True Negative
Sambucus mexicana,,Plantae,0,0,0.39673077995804995,0.0,10,112.8,0.145398486405611,26.6,True Negative
Platynus brunneomarginatus,,Insecta,0,0,0.39671324395358554,0.0,6,120.83333333333333,0.15434435506661728,28.166666666666668,True Negative
Pantala hymenaea,Spot-winged Glider,Insecta,0,0,0.3963455509497415,0.0,5,160.8,0.12073650360107417,28.8,True Negative
Acarospora schleicheri,Soil Paint Lichen,Fungi,0,0,0.3951061686453243,0.0,8,209.625,0.12937486637383697,27.25,True Negative
Mythimna unipuncta,White-speck Moth,Insecta,0,0,0.39487603118340253,0.0,5,147.4,0.1381999626755714,26.4,True Negative
Erigeron,fleabanes and horseweeds,Plantae,0,0,0.3948260621708684,0.0,19,143.10526315789474,0.13730464968830342,24.736842105263158,True Negative
Ammotrechidae,Curve-faced Windscorpions,Arachnida,0,0,0.3940599910138913,0.0,11,133.8181818181818,0.15319139239462937,25.636363636363637,True Negative
Columbidae,Pigeons and Doves,Aves,0,0,0.3940483167579564,0.0,5,278.2,0.12838182449340815,23.6,True Negative
Eryngium aristulatum,California eryngo,Plantae,0,0,0.39400940072948376,0.0,6,190.16666666666666,0.1266100145876407,26.666666666666668,True Negative
Xanthium,Cockleburs,Plantae,0,0,0.3936394153929337,0.0,30,103.36666666666666,0.16431672672430672,25.866666666666667,True Negative
Pentatomoidea,"Stink Bugs, Shield Bugs, and Allies",Insecta,0,0,0.3934314157558265,0.0,7,133.71428571428572,0.12461234908550974,25.285714285714285,True Negative
Corbicula largillierti,Purple-Nacre Clam,Mollusca,0,0,0.3927371596105619,0.0,5,149.2,0.12911152020096778,30.0,True Negative
Eupeodes fumipennis,Western Aphideater,Insecta,0,0,0.3925615954843061,0.0,19,135.68421052631578,0.16765491370307767,24.894736842105264,True Negative
Dryobates nuttallii,Nuttall's Woodpecker,Aves,0,0,0.39250443580504596,0.0,345,106.91014492753624,0.17387788527226747,25.556521739130435,True Negative
Harmostes,,Insecta,0,0,0.39169881586069893,0.0,17,179.41176470588235,0.11033110232914191,26.529411764705884,True Negative
Scarabaeoidea,"Scarabs, Stag Beetles, and Allies",Insecta,0,0,0.39134166661757674,0.0,4,134.5,0.15406457334756846,25.5,True Negative
Solenopsis molesta,Molesta-group Thief Ants,Insecta,0,0,0.3912433642019605,0.0,8,123.75,0.13668823521584267,25.375,True Negative
Cydia latiferreana,Filbertworm Moth,Insecta,0,0,0.391101969481156,0.0,13,134.23076923076923,0.1351057313955747,27.76923076923077,True Negative
Narnia inornata,,Insecta,0,0,0.3905534902198521,0.0,4,225.5,0.12811991758644578,28.0,True Negative
Eichlinia gloriosa,,Insecta,0,0,0.3903938995199832,0.0,6,131.5,0.14459578196207676,24.5,True Negative
Corvus brachyrhynchos,American Crow,Aves,0,0,0.3899671513898928,0.0,183,135.4863387978142,0.13905513924266633,24.885245901639344,True Negative
Entoloma,Pinkgills,Fungi,0,0,0.3897593056268246,0.0,10,145.8,0.14367054477334018,25.1,True Negative
Polyphylla,Lined June Beetles,Insecta,0,0,0.3895578846257692,0.0,5,200.6,0.15711793750524516,27.4,True Negative
Rhynocoris ventralis,,Insecta,0,0,0.3895185158092667,0.0,5,138.4,0.14153707325458526,26.6,True Negative
Anura,Frogs and Toads,Amphibia,0,0,0.3894362873932554,0.0,30,119.03333333333333,0.1758340920011202,28.2,True Negative
Crotalus oreganus,Western Rattlesnake,Reptilia,0,0,0.38910314465683,0.0,8,125.25,0.13644992932677266,28.125,True Negative
Acalyptratae,Acalyptrate Flies,Insecta,0,0,0.38891718567500916,0.0,11,125.0909090909091,0.12626292586157264,24.818181818181817,True Negative
Chrysopini,,Insecta,0,0,0.38873947375308,0.0,11,120.81818181818181,0.1320278407497839,29.09090909090909,True Negative
Cortaderia selloana,Pampas Grass,Plantae,0,0,0.38861978515295675,0.0,71,163.6056338028169,0.13342557645494665,24.112676056338028,True Negative
Molothrus ater,Brown-headed Cowbird,Aves,0,0,0.3880257271481183,0.0,166,131.78313253012047,0.13898867774047852,25.91566265060241,True Negative
Cecidomyiinae,Gall Midges,Insecta,0,0,0.3874888122154806,0.0,4,204.0,0.15680490806698794,25.5,True Negative
Gastrosericina,,Insecta,0,0,0.38748824830281975,0.0,12,156.41666666666666,0.1443891245871782,28.0,True Negative
Funastrum heterophyllum,Hartweg's climbing milkweed,Plantae,0,0,0.3861550506182117,0.0,84,95.70238095238095,0.1627574109782775,25.321428571428573,True Negative
Pissonotus delicatus,,Insecta,0,0,0.38581534789645255,0.0,6,167.66666666666666,0.14258157213528946,28.333333333333332,True Negative
Lamiales,"Mints, Plantains, Olives, and Allies",Plantae,0,0,0.38535639642299957,0.0,5,119.6,0.1439461141824722,26.4,True Negative
Carabidae,Ground Beetles,Insecta,0,0,0.38507886353516746,0.0,10,134.2,0.14688501134514803,27.6,True Negative
Satyrium sylvinus,Sylvan Hairstreak,Insecta,0,0,0.3844610197781545,0.0,76,96.40789473684211,0.1644773533273684,26.763157894736842,True Negative
Phacelia distans,distant phacelia,Plantae,0,0,0.38409610732627775,0.0,16,132.0625,0.16799997445195908,26.8125,True Negative
Pachydiplax longipennis,Blue Dasher,Insecta,0,0,0.38380838398935985,0.0,212,107.97169811320755,0.16482390255561832,25.62735849056604,True Negative
Tibellus,Slender Crab Spiders,Arachnida,0,0,0.3834287089385573,0.0,6,164.0,0.15734181056420005,26.0,True Negative
Tibicinoides,,Insecta,0,0,0.3833873814745583,0.0,13,137.6153846153846,0.12353598154508147,28.23076923076923,True Negative
Physcia adscendens,Hooded Rosette Lichen,Fungi,0,0,0.38330917564910993,0.0,7,157.0,0.1273109849010195,23.857142857142858,True Negative
Anacolia menziesii,Menzies' anacolia moss,Plantae,0,0,0.38325341504475896,0.0,6,180.16666666666666,0.14618368943532303,23.166666666666668,True Negative
Eristalis stipator,Yellow-shouldered Drone Fly,Insecta,0,0,0.38324070638073127,0.0,25,168.52,0.13457559883594508,26.44,True Negative
Neocoelidiana obscura,,Insecta,0,0,0.3831191440047915,0.0,22,178.77272727272728,0.13233762742443517,26.454545454545453,True Negative
Eucalyptus erythrocorys,red-capped gum,Plantae,0,0,0.3830207388764856,0.0,5,163.6,0.12439784063026305,25.6,True Negative
Crassula,Stonecrops,Plantae,0,0,0.3828746200071945,0.0,12,134.66666666666666,0.16242280974984166,26.5,True Negative
Argia,Dancers,Insecta,0,0,0.3824708815159307,0.0,57,87.05263157894737,0.1661510199569819,27.894736842105264,True Negative
Deconica montana,mountain moss deconica,Fungi,0,0,0.38189089194095294,0.0,10,145.1,0.16177481710910793,25.3,True Negative
Aeolothrips,,Insecta,0,0,0.38180924532558397,0.0,6,156.83333333333334,0.12347696597377457,27.5,True Negative
Lasthenia californica,California goldfields,Plantae,0,0,0.3799515840225281,0.0,8,213.625,0.11748405918478962,26.25,True Negative
Stratiomys maculosa,,Insecta,0,0,0.37963718181706024,0.0,12,140.0,0.1477945366253455,27.25,True Negative
Pluchea odorata,marsh fleabane,Plantae,0,0,0.3796066127219135,0.0,97,124.17525773195877,0.1560204673244032,25.082474226804123,True Negative
Pheucticus melanocephalus,Black-headed Grosbeak,Aves,0,0,0.3793748103673945,0.0,115,103.90434782608696,0.17000416491342624,25.286956521739132,True Negative
Marmara,,Insecta,0,0,0.37908983029999044,0.0,7,140.14285714285714,0.14944045990705485,26.428571428571427,True Negative
Corvus,Crows and Ravens,Aves,0,0,0.37901258327500764,0.0,23,116.78260869565217,0.15027493446984366,25.217391304347824,True Negative
Iris oratoria,Mediterranean Mantis,Insecta,0,0,0.3789130347176918,0.0,36,104.55555555555556,0.14546051124731696,27.47222222222222,True Negative
Ceratina arizonensis,Arizona Small carpenter,Insecta,0,0,0.3775319791506722,0.0,49,108.46938775510205,0.1497700174852293,28.79591836734694,True Negative
Trichostema lanceolatum,Vinegar Weed,Plantae,0,0,0.3773049549893047,0.0,87,109.85057471264368,0.13552902262101224,28.0,True Negative
Leratiomyces,,Fungi,0,0,0.37704506235496305,0.0,6,157.16666666666666,0.14207447196046508,25.0,True Negative
Poecilanthrax,,Insecta,0,0,0.3770273198626388,0.0,17,129.11764705882354,0.17222476443823642,27.529411764705884,True Negative
Phoebis sennae,Cloudless Sulphur,Insecta,0,0,0.37662514835292543,0.0,16,158.25,0.12343437504023307,27.625,True Negative
Sayornis nigricans,Black Phoebe,Aves,0,0,0.37625073731609077,0.0,411,120.02919708029196,0.15595766706138658,24.204379562043794,True Negative
Carpobrotus edulis,sea fig,Plantae,0,0,0.375978185234173,0.0,11,157.27272727272728,0.15973011027513578,23.636363636363637,True Negative
Ammodramus savannarum,Grasshopper Sparrow,Aves,0,0,0.37595049773777456,0.0,56,104.51785714285714,0.12918304409166528,28.839285714285715,True Negative
Tettigoniinae,Shieldback Katydids,Insecta,0,0,0.3758777436729239,0.0,4,136.25,0.1286798249930143,26.0,True Negative
Hordeum,Barleys,Plantae,0,0,0.37517398592819257,0.0,17,132.47058823529412,0.17527012658469812,26.647058823529413,True Negative
Cyclocephala melanocephala,,Insecta,0,0,0.3746232835475491,0.0,13,102.15384615384616,0.15955341607332227,22.23076923076923,True Negative
Lygaeus kalmii,Small Milkweed Bug,Insecta,0,0,0.37448528183209806,0.0,14,143.5,0.17140107761536322,26.928571428571427,True Negative
Disciseda,,Fungi,0,0,0.3744508331263145,0.0,7,148.0,0.14148782406534463,24.714285714285715,True Negative
Emesaya brevipennis,,Insecta,0,0,0.37427612449457215,0.0,9,127.11111111111111,0.14827261037296716,23.77777777777778,True Negative
Araneus andrewsi,,Arachnida,0,0,0.3738994018529384,0.0,11,138.72727272727272,0.14777152443473984,23.272727272727273,True Negative
Hypochaeridinae,"Oxtongues, Hawkbits and Allies",Plantae,0,0,0.3738950722356266,0.0,5,163.2,0.16519147157669062,26.6,True Negative
Macaria austrinata,,Insecta,0,0,0.373534535181876,0.0,9,113.88888888888889,0.1382740280694431,25.0,True Negative
Argiope,Garden Orbweavers,Arachnida,0,0,0.3732051814806268,0.0,7,134.14285714285714,0.1325742442693029,25.857142857142858,True Negative
Squamulea subsoluta,Orange Atoms,Fungi,0,0,0.3728334028448791,0.0,10,120.8,0.14697177857160565,26.1,True Negative
Alcidamea,,Insecta,0,0,0.37234135245274835,0.0,10,141.6,0.15935266390442843,26.4,True Negative
Emmenanthe penduliflora,whispering bells,Plantae,0,0,0.3720729606722971,0.0,8,169.375,0.16042716242372984,29.25,True Negative
Iva hayesiana,San Diego marsh-elder,Plantae,0,0,0.3717236670061965,0.0,78,105.56410256410257,0.15583612955509657,25.67948717948718,True Negative
Sorghum bicolor,Sorghums,Plantae,0,0,0.3716384464223302,0.0,9,154.88888888888889,0.14325347087449497,22.444444444444443,True Negative
Physcia tribacia,Beaded Rosette Lichen,Fungi,0,0,0.3710528913164328,0.0,5,204.4,0.14055297076702114,22.6,True Negative
Flatormenis saucia,,Insecta,0,0,0.37054782453254986,0.0,11,129.8181818181818,0.13262885673479596,24.818181818181817,True Negative
Tubaria furfuracea,scurfy twiglet,Fungi,0,0,0.3703833024713591,0.0,12,114.83333333333333,0.150228401646018,24.583333333333332,True Negative
Odontoloxozus longicornis,Longhorn Cactus Fly,Insecta,0,0,0.37021919495374217,0.0,9,225.22222222222223,0.13995269768767885,27.88888888888889,True Negative
Amanita velosa,springtime amanita,Fungi,0,0,0.36966865204466665,0.0,51,105.2156862745098,0.19033299079712696,27.392156862745097,True Negative
Chenopodium,Goosefoots,Plantae,0,0,0.3691426096079222,0.0,11,141.8181818181818,0.1562628326090899,23.636363636363637,True Negative
Apiomerus,Bee Assassins,Insecta,0,0,0.36878475585950493,0.0,4,194.0,0.13998192548751826,27.75,True Negative
Tachypompilus unicolor,Western Red-tailed Spider Wasp,Insecta,0,0,0.36856941018348055,0.0,14,158.35714285714286,0.13730003578322272,25.5,True Negative
Schoenoplectus,Schoenoplectus Bulrushes,Plantae,0,0,0.3682848955985281,0.0,53,119.0754716981132,0.17626691177346793,24.79245283018868,True Negative
Cryptorhopalum triste,,Insecta,0,0,0.3682238365739299,0.0,7,131.71428571428572,0.1561641576034682,25.714285714285715,True Negative
Clepsis peritana,Garden Tortrix,Insecta,0,0,0.36784446457392656,0.0,12,147.25,0.11224562364319955,25.833333333333332,True Negative
Polioptila californica,California Gnatcatcher,Aves,0,0,0.3678209795299287,0.0,104,153.46153846153845,0.1162165595272269,23.01923076923077,True Negative
Protoparmeliopsis,,Fungi,0,0,0.36762492685026277,0.0,4,145.75,0.14406065642833704,26.0,True Negative
Didelphis virginiana,Virginia Opossum,Mammalia,0,0,0.3670034623712845,0.0,18,118.38888888888889,0.1556205277641614,26.944444444444443,True Negative
Scaeva affinis,White-bowed Smoothwing,Insecta,0,0,0.3669364475494489,0.0,10,148.8,0.14392989277839657,29.0,True Negative
Rhopalomyia gutierreziae,,Insecta,0,0,0.36628572640370954,0.0,4,146.5,0.15412555262446398,23.5,True Negative
Agelaius phoeniceus,Red-winged Blackbird,Aves,0,0,0.365950802490233,0.0,231,125.58008658008659,0.14378715948367013,24.25974025974026,True Negative
Tropidocarpum gracile,Dobie Pod,Plantae,0,0,0.36493979482137123,0.0,11,163.0909090909091,0.13971957835284143,20.181818181818183,True Negative
Paltothemis lineatipes,Red Rock Skimmer,Insecta,0,0,0.3641002220258968,0.0,17,118.94117647058823,0.1799099085962071,26.764705882352942,True Negative
Hemipenthes lepidota,,Insecta,0,0,0.36349704337487326,0.0,8,144.375,0.1483713453635573,29.75,True Negative
Canidae,Canids,Mammalia,0,0,0.36346177823263803,0.0,10,120.1,0.14363701343536373,26.1,True Negative
Castilleja subinclusa,Longleaf paintbrush,Plantae,0,0,0.36346052406526747,0.0,7,189.71428571428572,0.15493414018835333,21.428571428571427,True Negative
Anthophora californica,California Digger Bee,Insecta,0,0,0.362919897438209,0.0,6,179.16666666666666,0.13527234519521392,28.666666666666668,True Negative
Junco hyemalis,Dark-eyed Junco,Aves,0,0,0.3626934632078505,0.0,20,154.7,0.15233678258955474,28.25,True Negative
Dorymyrmex insanus,Crazy Pyramid Ant,Insecta,0,0,0.36239761517282254,0.0,15,107.0,0.15752348126843568,24.733333333333334,True Negative
Narcissus tazetta,Bunch-flowered Daffodil,Plantae,0,0,0.3620050329990825,0.0,4,119.5,0.12421729788184165,24.0,True Negative
Avicularioidea,,Arachnida,0,0,0.36196502300949085,0.0,6,137.66666666666666,0.15626998866597808,26.833333333333332,True Negative
Solanum xanti,purple nightshade,Plantae,0,0,0.3617950118475304,0.0,4,167.25,0.14644832909107208,29.0,True Negative
Hymenoptera,"Ants, Bees, Wasps, and Sawflies",Insecta,0,0,0.3614027920502664,0.0,7,119.85714285714286,0.12993122956582473,26.857142857142858,True Negative
Polycauliona polycarpa,Pin-cushion Sunburst Lichen,Fungi,0,0,0.3612352035780389,0.0,8,156.5,0.1482720850035548,26.25,True Negative
Anystis,Whirligig Mites,Arachnida,0,0,0.360948653746591,0.0,9,139.0,0.15518993884325022,25.333333333333332,True Negative
Protosmia rubifloris,Prong-faced Slender-Mason,Insecta,0,0,0.3604226110665966,0.0,7,163.85714285714286,0.15911692168031413,26.142857142857142,True Negative
Sparassinae,,Arachnida,0,0,0.36029375785154544,0.0,8,130.625,0.1416163984686136,25.5,True Negative
Aoplonema,,Insecta,0,0,0.36018913573125894,0.0,6,177.66666666666666,0.12956792861223218,28.666666666666668,True Negative
Briza minor,Little quaking-grass,Plantae,0,0,0.3598038022588327,0.0,13,127.53846153846153,0.1638950075094516,27.923076923076923,True Negative
Lon melane,Umber Skipper,Insecta,0,0,0.35932349178376627,0.0,66,108.37878787878788,0.17956698629440682,27.12121212121212,True Negative
Hospesneotomae protracta,Western Bloodsucking Conenose,Insecta,0,0,0.3591376491060088,0.0,8,116.875,0.14681638684123752,26.375,True Negative
Lumbricidae,Lumbricid Earthworms,Animalia,0,0,0.35875506367648696,0.0,12,134.58333333333334,0.15668991828958187,28.833333333333332,True Negative
Libellula croceipennis,Neon Skimmer,Insecta,0,0,0.35844674323762177,0.0,35,117.65714285714286,0.1932673709733145,27.2,True Negative
Macrosiagon cruenta,,Insecta,0,0,0.3581691875936231,0.0,14,107.14285714285714,0.15790491710816107,23.357142857142858,True Negative
Neurocolpus nubilus,Clouded Plant Bug,Insecta,0,0,0.35788828071292866,0.0,12,194.41666666666666,0.1352927746872107,25.833333333333332,True Negative
Ramalina,bushy lichens,Fungi,0,0,0.3578685961440123,0.0,5,202.0,0.132933597266674,26.2,True Negative
Dichorda illustraria,,Insecta,0,0,0.35717464812376726,0.0,6,148.0,0.1248916424810886,27.666666666666668,True Negative
Stylommatophora,Common Land Snails and Slugs,Mollusca,0,0,0.3563613303943045,0.0,18,110.77777777777777,0.12718826273663172,27.0,True Negative
Pucciniales,rust fungi,Fungi,0,0,0.3561286292743007,0.0,9,136.11111111111111,0.15638856672578383,24.88888888888889,True Negative
Tingidae,Lace Bugs,Insecta,0,0,0.35576695421163107,0.0,4,130.25,0.15606512501835818,26.0,True Negative
Cecidomyiidae,Gall and Forest Midges,Insecta,0,0,0.3554082245853061,0.0,9,124.33333333333333,0.1474001523521211,27.333333333333332,True Negative
Cladonia fimbriata,Trumpet Lichen,Fungi,0,0,0.354294594666708,0.0,8,138.5,0.13560260180383918,25.125,True Negative
Rhamnus,Buckthorns,Plantae,0,0,0.35424261471761953,0.0,17,109.6470588235294,0.15558300868553268,25.41176470588235,True Negative
Sisymbrium irio,London rocket,Plantae,0,0,0.35411975044095567,0.0,11,119.36363636363636,0.15924330597574057,23.636363636363637,True Negative
Galium aparine,catchweed bedstraw,Plantae,0,0,0.353910035635491,0.0,73,104.64383561643835,0.17494839929962808,26.301369863013697,True Negative
Lucilia sericata,Common European Greenbottle Fly,Insecta,0,0,0.3533543746358984,0.0,10,148.8,0.15807375535368914,27.1,True Negative
Cortaderia,Pampas grasses,Plantae,0,0,0.3531534094142221,0.0,22,161.72727272727272,0.13884267172860823,25.181818181818183,True Negative
Lopidea,Scarlet Plant Bugs,Insecta,0,0,0.3530968593637477,0.0,6,125.5,0.15384640296300248,25.0,True Negative
Pseudacris,Chorus Frogs,Amphibia,0,0,0.35252839877671976,0.0,20,107.3,0.1579990658909082,27.65,True Negative
Pisolithus arhizus,Dyeball,Fungi,0,0,0.3516987334841955,0.0,7,140.57142857142858,0.14908644769872934,25.857142857142858,True Negative
Passer domesticus,House Sparrow,Aves,0,0,0.35156235866307434,0.0,13,146.3846153846154,0.13273873867896882,26.53846153846154,True Negative
Masticophis flagellum piceus,Red Coachwhip,Reptilia,0,0,0.35089823918302976,0.0,9,119.11111111111111,0.131976059741444,26.555555555555557,True Negative
Osmia coloradensis,Colorado Mason,Insecta,0,0,0.3507796631266448,0.0,20,103.55,0.14398679435253142,28.3,True Negative
Calephelis nemesis,Fatal Metalmark,Insecta,0,0,0.35056503572111225,0.0,104,96.32692307692308,0.16576534169367868,26.64423076923077,True Negative
Latrodectus,Widow Spiders,Arachnida,0,0,0.35027195072451617,0.0,9,135.55555555555554,0.1214130744338035,27.77777777777778,True Negative
Clarkia,Clarkias,Plantae,0,0,0.3500287576230439,0.0,18,110.88888888888889,0.15642399672004906,25.77777777777778,True Negative
Hemiglyptus basalis,,Insecta,0,0,0.3497850336689892,0.0,11,207.36363636363637,0.12610214068131007,26.0,True Negative
Andrena nigripes,Black-legged Miner,Insecta,0,0,0.34917156078423783,0.0,22,97.5909090909091,0.1616250412030653,23.136363636363637,True Negative
Milichiidae,Freeloader Flies,Insecta,0,0,0.34898232821720154,0.0,9,140.0,0.15710386965009895,25.333333333333332,True Negative
Oecobius navus,Wall Spider,Arachnida,0,0,0.3487166838557109,0.0,7,185.14285714285714,0.14770167001656118,28.0,True Negative
Ehrharta calycina,Perennial Veldtgrass,Plantae,0,0,0.3478849046685609,0.0,4,195.75,0.1234171316027641,26.75,True Negative
Eurytoma,,Insecta,0,0,0.34765988712871615,0.0,10,142.7,0.13792339339852328,26.7,True Negative
Psyllobora vigintimaculata,Twenty-spotted Lady Beetle,Insecta,0,0,0.34749619691138683,0.0,12,151.16666666666666,0.1662632673978805,27.416666666666668,True Negative
Poduromorpha,Plump Springtails,Animalia,0,0,0.3471424702851048,0.0,4,131.75,0.14286148175597188,25.25,True Negative
Phyla nodiflora,turkey tangle frogfruit,Plantae,0,0,0.3466986584625451,0.0,19,168.0,0.12176540263585349,27.473684210526315,True Negative
Kovarikia williamsi,,Arachnida,0,0,0.34620521335747007,0.0,40,90.175,0.16312432978302235,24.1,True Negative
Saropogon luteus,,Insecta,0,0,0.346155353231074,0.0,6,121.66666666666667,0.1502889568607012,26.166666666666668,True Negative
Ceanothus verrucosus,Wart-stemmed Ceanothus,Plantae,0,0,0.34614947945548896,0.0,19,112.73684210526316,0.13103036504042773,29.473684210526315,True Negative
Habronattus oregonensis,Oregon Paradise Spider,Arachnida,0,0,0.34588678479847207,0.0,6,182.0,0.15790864328543341,26.666666666666668,True Negative
Scaphinotus punctatus,Punctate Snail-eating Beetle,Insecta,0,0,0.34586833498369124,0.0,19,108.15789473684211,0.1598098576068878,26.157894736842106,True Negative
Amydria effrenatella,Brown-blotched Amydria Moth,Insecta,0,0,0.34546786350520314,0.0,19,143.6315789473684,0.1009461150357597,28.42105263157895,True Negative
Perithemis intensa,Mexican Amberwing,Insecta,0,0,0.34531233015550766,0.0,51,117.15686274509804,0.15921653405416242,26.50980392156863,True Negative
Cucujiformia,Cucujiform Beetles,Insecta,0,0,0.3453080205080181,0.0,8,131.625,0.16203894838690752,28.75,True Negative
Trachycarpeae,,Plantae,0,0,0.34505876636932986,0.0,4,134.25,0.15672978386282918,27.0,True Negative
Megalonotus sabulicola,Introduced Dirt-colored Seed Bug,Insecta,0,0,0.34409464107276977,0.0,4,163.0,0.12431145273149008,27.25,True Negative
Myrmicinae,Myrmicine Ants,Insecta,0,0,0.3437086407867609,0.0,6,119.66666666666667,0.12687526519099868,25.0,True Negative
Oedaleonotus enigma,Valley Grasshopper,Insecta,0,0,0.34330780170471814,0.0,24,200.91666666666666,0.12038363547374802,26.75,True Negative
Cultellunguis ochropus,,Insecta,0,0,0.343191195855996,0.0,11,171.54545454545453,0.14699751070954578,24.545454545454547,True Negative
Aphrophoridae,True Spittlebugs,Insecta,0,0,0.3430346294546103,0.0,10,113.4,0.1283979337662458,27.1,True Negative
Cyathus,,Fungi,0,0,0.3428873102054894,0.0,6,160.0,0.12399107714494066,27.333333333333332,True Negative
Vicia,Vetches,Plantae,0,0,0.3428849146266439,0.0,7,152.0,0.1725103727408817,28.285714285714285,True Negative
Psathyrella,Brittlestems,Fungi,0,0,0.3423340814873107,0.0,12,106.16666666666667,0.1306308917701244,26.25,True Negative
Lacinipolia,,Insecta,0,0,0.3420660515524461,0.0,5,205.8,0.11624496281146998,28.6,True Negative
Calliopsima,,Insecta,0,0,0.3410067748536595,0.0,14,177.78571428571428,0.13207701061453134,25.142857142857142,True Negative
Cheilanthoideae,lip fern subfamily,Plantae,0,0,0.34076211895734876,0.0,4,226.0,0.13232712075114247,24.75,True Negative
Riccia sorocarpa,Common Crystalwort,Plantae,0,0,0.34059708990463683,0.0,8,151.25,0.1379174571484327,27.625,True Negative
Xanthomendoza fallax,Hooded Sunburst Lichen,Fungi,0,0,0.34057166835480773,0.0,5,129.6,0.14827183485031126,26.6,True Negative
Phoebis agarithe,Large Orange Sulphur,Insecta,0,0,0.3405427398997423,0.0,4,137.75,0.13554757647216314,27.0,True Negative
Artemisia,wormwoods and sagebrushes,Plantae,0,0,0.34054156627920956,0.0,23,97.52173913043478,0.1604093918981759,26.869565217391305,True Negative
Cultellunguis,,Insecta,0,0,0.3405036734427519,0.0,9,131.55555555555554,0.13347799413734007,21.0,True Negative
Koelreuteria,,Plantae,0,0,0.340382598502573,0.0,6,166.5,0.1738657342890898,29.0,True Negative
Brassica rapa,field mustard,Plantae,0,0,0.3403135664203833,0.0,17,137.58823529411765,0.1801156625151634,27.823529411764707,True Negative
Pseudococcidae,Mealybugs,Insecta,0,0,0.33949240006251796,0.0,11,110.45454545454545,0.15566302260214626,25.454545454545453,True Negative
Oxalis purpurea,Purple woodsorrel,Plantae,0,0,0.3394822344768516,0.0,6,274.5,0.11788107454776757,28.333333333333332,True Negative
Ephestiodes gilvescentella,Dusky Raisin Moth,Insecta,0,0,0.33927681529800613,0.0,21,169.1904761904762,0.10649212822318073,28.19047619047619,True Negative
Baetis,Blue-winged Olives,Insecta,0,0,0.3392116600275845,0.0,18,100.94444444444444,0.16067715610067046,22.833333333333332,True Negative
Incisitermes minor,Western Drywood Termite,Insecta,0,0,0.3391724446191907,0.0,19,153.1578947368421,0.11279864922950135,28.210526315789473,True Negative
Reithrodontomys megalotis,Western Harvest Mouse,Mammalia,0,0,0.33912750769156746,0.0,9,141.0,0.1435170819362004,27.77777777777778,True Negative
Laccaria fraterna,gumtree deceiver,Fungi,0,0,0.3391102097485867,0.0,7,182.28571428571428,0.14077221495764594,23.714285714285715,True Negative
Coprinopsis lagopus,hare's foot inkcap,Fungi,0,0,0.338860271939415,0.0,12,120.83333333333333,0.15818905768295125,24.416666666666668,True Negative
Lysimachia,Loosestrifes,Plantae,0,0,0.3380993755389653,0.0,4,136.5,0.16709366813302032,26.75,True Negative
Ectopsocus,,Insecta,0,0,0.33790149087334187,0.0,8,134.375,0.15849596168845886,26.75,True Negative
Neokolla bispinosa,,Insecta,0,0,0.33753238583626527,0.0,16,155.625,0.1505605024285614,25.875,True Negative
Lispe,,Insecta,0,0,0.33551003061389684,0.0,9,120.44444444444444,0.14941949645678199,26.666666666666668,True Negative
Muroidea,Muroids,Mammalia,0,0,0.33542385042796174,0.0,4,136.25,0.1597137730568647,26.25,True Negative
Dicymolomia metalliferalis,,Insecta,0,0,0.3351516151556857,0.0,17,160.76470588235293,0.11797544886084162,26.529411764705884,True Negative
Stigmella heteromelis,,Insecta,0,0,0.33484350036827654,0.0,4,127.5,0.13878285139799112,23.25,True Negative
Dictynidae,Meshweavers,Arachnida,0,0,0.33473058785608345,0.0,13,113.6923076923077,0.1574364462150977,28.23076923076923,True Negative
Lepidium strictum,Upright Pepperweed,Plantae,0,0,0.3328685716319599,0.0,16,120.125,0.17123393993824718,25.9375,True Negative
Hydrophylloideae,"baby blue eyes, Phacelias, and waterleaves",Plantae,0,0,0.3322361678851621,0.0,14,85.5,0.1608094769929136,24.071428571428573,True Negative
Gelechiidae,Twirler Moths,Insecta,0,0,0.3322238732572567,0.0,16,130.875,0.1268670740537345,27.6875,True Negative
Salticus palpalis,,Arachnida,0,0,0.33174426331000295,0.0,11,120.63636363636364,0.15490429306572132,25.181818181818183,True Negative
Neocoelidia pulchella,,Insecta,0,0,0.3316944896793505,0.0,12,167.25,0.14372714112202323,25.5,True Negative
Cynipoidea,Gall Wasps and Allies,Insecta,0,0,0.3312804814469492,0.0,5,119.0,0.13898037970066066,25.2,True Negative
Fraxinus uhdei,Shamel Ash,Plantae,0,0,0.3312745143913695,0.0,23,125.65217391304348,0.20392773721529087,26.956521739130434,True Negative
Chenopodioideae,saltbush subfamily,Plantae,0,0,0.3311896101601398,0.0,5,189.2,0.11156250834465023,27.8,True Negative
Prunus ilicifolia ilicifolia,holly-leaved cherry,Plantae,0,0,0.33116608194820824,0.0,45,101.86666666666666,0.16376198861334054,23.22222222222222,True Negative
Flavoparmelia baltimorensis,rock greenshield lichen,Fungi,0,0,0.3307827037060672,0.0,11,124.36363636363636,0.16730436682701108,23.727272727272727,True Negative
Zodion,,Insecta,0,0,0.3306695345990587,0.0,9,132.55555555555554,0.12778674314419425,27.77777777777778,True Negative
Leptosyne gigantea,giant coreopsis,Plantae,0,0,0.3300526870673159,0.0,4,175.0,0.12888259068131439,27.0,True Negative
Carpobrotus,sea figs,Plantae,0,0,0.3298338111308721,0.0,17,160.94117647058823,0.1441453208133359,23.41176470588235,True Negative
Micropus californicus,Q-tips,Plantae,0,0,0.32981062559369817,0.0,4,276.5,0.12727699056267733,28.25,True Negative
Anthrenus verbasci,Varied Carpet Beetle,Insecta,0,0,0.3296255324324309,0.0,16,155.5625,0.10041778767481441,27.1875,True Negative
Salix lasiolepis,Arroyo Willow,Plantae,0,0,0.32958614750367154,0.0,180,102.47222222222223,0.1988992018004258,25.705555555555556,True Negative
Schistocerca shoshone,Green Bird Grasshopper,Insecta,0,0,0.3292995482099944,0.0,27,84.44444444444444,0.16574146350224808,23.77777777777778,True Negative
Calliphora,Bluebottle Flies,Insecta,0,0,0.3291697958488029,0.0,7,122.14285714285714,0.14074379418577462,24.571428571428573,True Negative
Plegadis chihi,White-faced Ibis,Aves,0,0,0.3291611101088565,0.0,29,141.51724137931035,0.12145224380595927,27.275862068965516,True Negative
Ozodiceromyia,,Insecta,0,0,0.32906921478649903,0.0,12,182.5,0.1385519442458947,25.333333333333332,True Negative
Brodiaea terrestris kernensis,Kern Brodiaea,Plantae,0,0,0.3284562048731784,0.0,16,105.3125,0.1296498123556375,28.25,True Negative
Bollmaniulus,,Animalia,0,0,0.3283222321693963,0.0,6,117.83333333333333,0.1425522776941458,28.833333333333332,True Negative
Plagiobothrys collinus ursinus,bear valley popcornflower,Plantae,0,0,0.3283088940883779,0.0,5,206.6,0.13510818481445308,28.4,True Negative
Tomostima cuneifolia,wedgeleaf draba,Plantae,0,0,0.3279934911441275,0.0,5,263.8,0.13521426320075985,28.4,True Negative
Opuntia lindheimeri,Texas Pricklypear,Plantae,0,0,0.32751523394445775,0.0,4,121.25,0.15061324089765543,29.75,True Negative
Baccharis salicina,willow baccharis,Plantae,0,0,0.32746910819354946,0.0,6,123.16666666666667,0.16587644567092258,27.5,True Negative
Stenolemoides arizonensis,,Insecta,0,0,0.3273400114423127,0.0,4,118.5,0.13273875229060644,23.75,True Negative
Archirhoe neomexicana,New Mexico Carpet Moth,Insecta,0,0,0.3271440092286406,0.0,15,154.53333333333333,0.10145448694626484,28.666666666666668,True Negative
Ploiaria,,Insecta,0,0,0.3268193584436675,0.0,4,136.25,0.13832926005125043,24.75,True Negative
Trichodes ornatus,Ornate Checkered Beetle,Insecta,0,0,0.3265500579317269,0.0,5,120.2,0.12410086691379545,27.2,True Negative
Galium parisiense,Wall Bedstraw,Plantae,0,0,0.3255985184465435,0.0,7,116.42857142857143,0.14334206283092496,23.714285714285715,True Negative
Papilio rutulus,Western Tiger Swallowtail,Insecta,0,0,0.3254880652405693,0.0,118,102.15254237288136,0.17870535543267374,25.5,True Negative
Polydesmoides,,Animalia,0,0,0.3244466098660226,0.0,5,187.4,0.15922460854053494,27.0,True Negative
Carex,true sedges,Plantae,0,0,0.32437448314819095,0.0,5,133.4,0.1686491772532463,29.8,True Negative
Hemipenthes sinuosa,Sinuous Bee Fly,Insecta,0,0,0.3241666094478056,0.0,12,168.33333333333334,0.16538989171385762,26.833333333333332,True Negative
Bembicini,Sand Wasps,Insecta,0,0,0.32404549840232677,0.0,5,125.4,0.1274806663393974,25.4,True Negative
Zoropsidae,False Wolf Spiders,Arachnida,0,0,0.3240348914585107,0.0,9,168.0,0.16345551361640293,23.333333333333332,True Negative
Theridion,,Arachnida,0,0,0.3239532819609296,0.0,5,121.0,0.14342518150806421,26.2,True Negative
Crassula solieri,Little Pygmyweed,Plantae,0,0,0.32393470491671905,0.0,14,239.92857142857142,0.12257050988929606,29.0,True Negative
Ulva intestinalis,Gutweed,Plantae,0,0,0.32374420586489716,0.0,16,106.3125,0.15977530617965383,26.0625,True Negative
Sympherobius barberi,Barber's Brown Lacewing,Insecta,0,0,0.323616884576854,0.0,4,224.5,0.11902234703302378,25.5,True Negative
Passerellidae,New World Sparrows,Aves,0,0,0.3235391041728988,0.0,5,170.2,0.13665279448032375,28.6,True Negative
Lucilia cuprina,Australian Sheep Blow Fly,Insecta,0,0,0.3234999100342274,0.0,8,137.875,0.11876469803974027,27.5,True Negative
Phoenix canariensis,Canary Island palm,Plantae,0,0,0.32324599390861614,0.0,11,132.0,0.1684634082696654,28.09090909090909,True Negative
Strophariaceae,,Fungi,0,0,0.32295741817251944,0.0,4,136.5,0.14673557505011553,27.25,True Negative
Chaetura vauxi,Vaux's Swift,Aves,0,0,0.32294303077837005,0.0,13,142.53846153846155,0.13090170332445544,28.0,True Negative
Hazardia,,Plantae,0,0,0.32280147711734575,0.0,7,152.28571428571428,0.1588274389505386,22.571428571428573,True Negative
Linaria maroccana,Annual Toadflax,Plantae,0,0,0.32270156098494124,0.0,6,213.16666666666666,0.11198519170284267,27.333333333333332,True Negative
Eucalyptus camaldulensis,River Red Gum,Plantae,0,0,0.32232667862559516,0.0,22,165.72727272727272,0.1284036692020229,18.863636363636363,True Negative
Julida,Snake Millipedes,Animalia,0,0,0.3218401561683123,0.0,9,132.44444444444446,0.1595643932620684,27.666666666666668,True Negative
Lygaeoidea,Seed Bugs and Allies,Insecta,0,0,0.321825790740813,0.0,6,158.0,0.14162360752622283,26.5,True Negative
Accipitrinae,Typical Hawks and Harriers,Aves,0,0,0.3217373678234579,0.0,8,155.0,0.1595770115964114,28.0,True Negative
Euodynerus hidalgo,Hidalgo Mason Wasp,Insecta,0,0,0.32134803409361323,0.0,4,207.75,0.1051535233855247,29.75,True Negative
Oecanthus,Common Tree Crickets,Insecta,0,0,0.3212535223733038,0.0,6,114.5,0.14709584663311634,25.666666666666668,True Negative
Amanita,amanita mushrooms,Fungi,0,0,0.3210453732287552,0.0,26,128.6153846153846,0.18174195089019257,26.653846153846153,True Negative
Trachemys scripta elegans,Red-eared Slider,Reptilia,0,0,0.320220463424781,0.0,44,112.93181818181819,0.15947336160884742,24.65909090909091,True Negative
Raphidioptera,Snakeflies,Insecta,0,0,0.3201892855193107,0.0,5,120.4,0.12245566844940184,25.4,True Negative
Amaranthus blitoides,procumbent pigweed,Plantae,0,0,0.3200115492722361,0.0,6,145.0,0.11111811921000476,27.166666666666668,True Negative
Brachythecium,,Plantae,0,0,0.31983686375258374,0.0,8,131.625,0.15214339457452294,22.375,True Negative
Hymenorus,,Insecta,0,0,0.3195845777509524,0.0,5,187.8,0.13830604851245876,29.8,True Negative
Pogonomyrmex,Typical American Harvester Ants,Insecta,0,0,0.31943388027813063,0.0,15,96.06666666666666,0.12724574655294416,25.0,True Negative
Agaricaceae,Field Mushrooms and Allies,Fungi,0,0,0.3190659975088824,0.0,7,132.71428571428572,0.1429467956934656,28.571428571428573,True Negative
Homoeosoma electella,American Sunflower Moth,Insecta,0,0,0.3187505160463518,0.0,22,199.27272727272728,0.1100303379988128,27.09090909090909,True Negative
Leratiomyces percevalii,Mulch Maids,Fungi,0,0,0.3184914084838074,0.0,19,110.0,0.14962691696066602,25.63157894736842,True Negative
Sciurus niger,Eastern Fox Squirrel,Mammalia,0,0,0.3182108591781141,0.0,29,116.58620689655173,0.1678305262025317,23.137931034482758,True Negative
Falconina gracilis,,Arachnida,0,0,0.31806205140806026,0.0,12,121.58333333333333,0.15797558923562366,27.083333333333332,True Negative
Tetragnatha laboriosa,Silver Long-jawed Orbweaver,Arachnida,0,0,0.3171807908420236,0.0,4,120.0,0.15166507661342615,27.5,True Negative
Eucerceris provancheri,,Insecta,0,0,0.3161881514796578,0.0,15,90.86666666666666,0.1452988321582476,27.466666666666665,True Negative
Physcia,rosette lichens,Fungi,0,0,0.3159063531509101,0.0,8,132.875,0.1434276076033711,24.5,True Negative
Solanum elaeagnifolium,silverleaf nightshade,Plantae,0,0,0.31563331487819973,0.0,6,133.33333333333334,0.13380917410055793,22.833333333333332,True Negative
Raphanus raphanistrum,Wild radish,Plantae,0,0,0.31553615927600914,0.0,87,102.59770114942529,0.18325048697919677,25.2183908045977,True Negative
Viola,Violets,Plantae,0,0,0.31432295413895567,0.0,4,132.0,0.15279048681259152,22.25,True Negative
Rhodophyta,red algae,Plantae,0,0,0.3132897850237969,0.0,1,222.0,0.0809092298150062,33.0,True Negative
Thripinae,,Insecta,0,0,0.31304587329670225,0.0,5,125.0,0.13323315829038618,29.2,True Negative
Stenochidus gracilis,,Insecta,0,0,0.3130089840461367,0.0,7,196.14285714285714,0.13539012415068488,27.0,True Negative
Chaetodipus fallax,San Diego Pocket Mouse,Mammalia,0,0,0.31285290181303493,0.0,4,123.25,0.15060158818960187,25.25,True Negative
Oloptum miliaceum,Smilo Grass,Plantae,0,0,0.3127549052705465,0.0,80,104.9875,0.18519868673756715,26.0375,True Negative
Elicini,,Insecta,0,0,0.3123884741210066,0.0,11,111.81818181818181,0.1499981033531102,25.90909090909091,True Negative
Salix,Willows,Plantae,0,0,0.31218130365642893,0.0,145,92.26896551724138,0.18768716755098305,26.63448275862069,True Negative
Buteo jamaicensis calurus,Western Red-tailed Hawk,Aves,0,0,0.3120189005871812,0.0,12,136.66666666666666,0.14460841178273157,27.083333333333332,True Negative
Masticophis flagellum,Coachwhip,Reptilia,0,0,0.31152258510969694,0.0,4,129.75,0.1299354638904333,24.25,True Negative
Lavandula,Lavenders,Plantae,0,0,0.31043773493707205,0.0,1,222.0,0.0563620626926422,33.0,True Negative
Metaphidippus,,Arachnida,0,0,0.31029335166920513,0.0,11,196.9090909090909,0.1403702023354443,26.09090909090909,True Negative
Asclepias curassavica,tropical milkweed,Plantae,0,0,0.3102301710726564,0.0,20,171.5,0.10985439114738252,26.7,True Negative
Sphecodes,Blood Bees,Insecta,0,0,0.3099228864915915,0.0,5,178.8,0.13596917241811748,26.0,True Negative
Thysanocarpus,Fringepods,Plantae,0,0,0.3091477253687568,0.0,4,129.75,0.14179584383964536,26.0,True Negative
Brochymena,Rough Stink Bugs,Insecta,0,0,0.30895135086670744,0.0,13,135.46153846153845,0.1707728528059445,26.307692307692307,True Negative
Crassula aquatica,Aquatic pygmyweed,Plantae,0,0,0.3088316612602963,0.0,6,159.5,0.13961645960807795,26.666666666666668,True Negative
Limenitis lorquini,Lorquin's Admiral,Insecta,0,0,0.3085396120135699,0.0,98,98.45918367346938,0.1790652746448711,25.989795918367346,True Negative
Allograpta exotica,Exotic Streaktail,Insecta,0,0,0.308460131486847,0.0,12,122.41666666666667,0.16306334609786666,26.583333333333332,True Negative
Atlides halesus,Great Purple Hairstreak,Insecta,0,0,0.3083971156607221,0.0,17,102.23529411764706,0.15195288991226866,26.470588235294116,True Negative
Selenops,Crescent-eyed Spiders,Arachnida,0,0,0.3082400318877236,0.0,9,200.22222222222223,0.1628824505541059,25.333333333333332,True Negative
Solanum rostratum,buffalo-bur,Plantae,0,0,0.3077466418905874,0.0,7,161.85714285714286,0.0950240325182676,29.285714285714285,True Negative
Disclisioprocta stellata,Somber Carpet Moth,Insecta,0,0,0.3075762996909417,0.0,10,189.8,0.09425308555364603,26.2,True Negative
Nephrotoma wulpiana,,Insecta,0,0,0.3073860088958705,0.0,4,142.0,0.11273335665464396,26.5,True Negative
Coluber constrictor mormon,Western Yellow-bellied Racer,Reptilia,0,0,0.3067728839900473,0.0,4,122.75,0.14933246374130243,28.5,True Negative
Carduus,plumeless thistles,Plantae,0,0,0.3065551041591291,0.0,35,102.54285714285714,0.17353005451815467,26.085714285714285,True Negative
Phymata,Jagged Ambush Bugs,Insecta,0,0,0.305972373321006,0.0,7,115.85714285714286,0.1437475298132215,24.857142857142858,True Negative
Parastrellus hesperus,Canyon Bat,Mammalia,0,0,0.30590422982192045,0.0,7,111.71428571428571,0.1523879298142024,24.857142857142858,True Negative
Cyperaceae,Sedges,Plantae,0,0,0.30570189100051975,0.0,8,137.25,0.1490732934325933,19.375,True Negative
Tetragnatha,,Arachnida,0,0,0.30555722610392433,0.0,24,119.16666666666667,0.1634433675402154,26.708333333333332,True Negative
Ceuthophilus californianus,,Insecta,0,0,0.30553844767673466,0.0,4,119.0,0.13219594210386273,24.75,True Negative
Stipa,Needle Grasses,Plantae,0,0,0.3054247551095989,0.0,5,176.4,0.14358932375907893,29.2,True Negative
Synchlora faseolaria,,Insecta,0,0,0.30515901914137583,0.0,8,136.875,0.11651074048131699,25.0,True Negative
Camissoniopsis lewisii,Lewis' evening-primrose,Plantae,0,0,0.3047847788289908,0.0,22,101.77272727272727,0.1448152021250941,26.363636363636363,True Negative
Stelis,Dark Bees,Insecta,0,0,0.3046321724662009,0.0,10,135.7,0.15185732841491695,26.1,True Negative
Frontinella pyramitela,Bowl-and-doily Spider,Arachnida,0,0,0.30445098739963344,0.0,6,120.16666666666667,0.1415758791069189,26.166666666666668,True Negative
Larinia directa,,Arachnida,0,0,0.30411048148281883,0.0,13,126.0,0.16858488804875654,23.46153846153846,True Negative
Anasa,Squash Bugs,Insecta,0,0,0.30392060746484567,0.0,4,138.75,0.13670085929334158,22.25,True Negative
Chrysidini,,Insecta,0,0,0.3038847792069383,0.0,5,219.8,0.1272322133183479,27.2,True Negative
Anthocharis cethura,Desert Orangetip,Insecta,0,0,0.3034012814432534,0.0,1,263.0,0.1339477449655532,19.0,True Negative
Scorpiones,Scorpions,Arachnida,0,0,0.3028282764704346,0.0,9,118.33333333333333,0.12934523903661302,28.444444444444443,True Negative
Eucalypteae,gum trees,Plantae,0,0,0.3023851866315146,0.0,13,167.76923076923077,0.1392974658654286,21.53846153846154,True Negative
Manduca sexta,Carolina Sphinx,Insecta,0,0,0.30230443776733623,0.0,15,107.0,0.15938034305969867,26.4,True Negative
Merocoris curtatus,,Insecta,0,0,0.30146784289759887,0.0,4,142.0,0.1510163135826587,27.5,True Negative
Corymbia citriodora,Lemon-scented gum,Plantae,0,0,0.3009633084866918,0.0,4,147.25,0.13064602638769426,21.5,True Negative
Psilocarphus,Woolly-Marbles,Plantae,0,0,0.300834869713074,0.0,8,228.125,0.11810746230185029,29.0,True Negative
Tricholoma fracticum,,Fungi,0,0,0.30079129690106143,0.0,5,124.4,0.1443915836513042,26.6,True Negative
Pepsis mexicana,Mexican Tarantula-hawk Wasp,Insecta,0,0,0.30070716658962793,0.0,5,136.6,0.15860879719257354,26.8,True Negative
Gastropoda,Gastropods,Mollusca,0,0,0.3005806994292343,0.0,55,142.70909090909092,0.11876599253578617,24.0,True Negative
Catocala junctura,Joined Underwing Moth,Insecta,0,0,0.3003477225991244,0.0,10,119.7,0.16117269322276112,28.1,True Negative
Tamarix chinensis,Five-stamen Tamarisk,Plantae,0,0,0.3000769948805877,0.0,11,158.63636363636363,0.146979290314696,18.09090909090909,True Negative
Senna artemisioides,silver senna,Plantae,0,0,0.2998238586243535,0.0,6,126.83333333333333,0.10886282597978902,27.5,True Negative
Deinandra paniculata,San Diego Tarweed,Plantae,0,0,0.29976287171587374,0.0,22,164.6818181818182,0.11781260946934871,26.363636363636363,True Negative
Prochoerodes truxaliata,,Insecta,0,0,0.29958950430017933,0.0,14,107.28571428571429,0.12910101256732426,22.428571428571427,True Negative
Hydrellia,,Insecta,0,0,0.2995444272835071,0.0,4,189.5,0.14066967926919455,28.0,True Negative
Cuterebra latifrons,,Insecta,0,0,0.2993062011821891,0.0,2,262.5,0.13058952987194056,25.0,True Negative
Stereum hirsutum,hairy curtain crust,Fungi,0,0,0.2992344159732785,0.0,79,98.68354430379746,0.20392705179467982,27.60759493670886,True Negative
Russula cremoricolor,Winter Russula,Fungi,0,0,0.29923045759254496,0.0,12,145.16666666666666,0.1865959999461968,25.5,True Negative
Dalquestia rugosa,,Arachnida,0,0,0.2982586749945149,0.0,5,266.4,0.15740071833133693,20.6,True Negative
Melaleuca viminalis,weeping bottlebrush,Plantae,0,0,0.29811391523226927,0.0,17,124.11764705882354,0.16111158250885846,16.470588235294116,True Negative
Kickxia,Cancerworts,Plantae,0,0,0.29779680361896954,0.0,7,158.28571428571428,0.17874000115053992,25.428571428571427,True Negative
Geometroidea,Geometrid and Swallowtail Moths,Insecta,0,0,0.29776739817643705,0.0,1,271.0,0.1376747637987136,19.0,True Negative
Mycena californiensis,California Mycena,Fungi,0,0,0.2974076535203058,0.0,6,127.66666666666667,0.15481677651405332,25.166666666666668,True Negative
Corthylio calendula,Ruby-crowned Kinglet,Aves,0,0,0.296940098122681,0.0,141,121.11347517730496,0.1722604410907795,24.4468085106383,True Negative
Flavopunctelia,Speckled Greenshield Lichens,Fungi,0,0,0.2964840317266829,0.0,5,223.6,0.1603105068206787,26.4,True Negative
Lithophragma,woodland stars,Plantae,0,0,0.2958739768228655,0.0,17,105.17647058823529,0.15651736452299,26.352941176470587,True Negative
Uresiphita reversalis,Genista Broom Moth,Insecta,0,0,0.29586220897448784,0.0,9,152.11111111111111,0.16165015515353942,27.666666666666668,True Negative
Amydria,,Insecta,0,0,0.2951332619951387,0.0,9,121.55555555555556,0.13580108599530322,28.22222222222222,True Negative
Selenops actophilus,,Arachnida,0,0,0.29472276517957213,0.0,8,209.0,0.14606501907110214,23.125,True Negative
Tragopogon porrifolius,purple salsify,Plantae,0,0,0.2945966241913827,0.0,6,139.5,0.17179685086011884,28.666666666666668,True Negative
Astraeus hygrometricus,Hygroscopic Earthstar,Fungi,0,0,0.2945586886334502,0.0,14,100.5,0.1698470802179404,24.5,True Negative
Limnia,Claytonia sect. Limnia,Plantae,0,0,0.29455812642712625,0.0,10,109.2,0.1570025838911533,24.6,True Negative
Oenothera,"evening primroses, sundrops, and beeblossoms",Plantae,0,0,0.2942109833311983,0.0,42,110.69047619047619,0.1768761237562146,27.642857142857142,True Negative
Hemimycena,,Fungi,0,0,0.29416774172566634,0.0,4,136.25,0.15153319947421545,24.75,True Negative
Orsillinae,,Insecta,0,0,0.29356343517102257,0.0,8,160.375,0.11461702780798076,27.875,True Negative
Pandion haliaetus,Osprey,Aves,0,0,0.29313640841971456,0.0,302,164.7913907284768,0.14005360341189882,18.857615894039736,True Negative
Cistus,Shrubby Rock-roses,Plantae,0,0,0.29253654018421227,0.0,13,127.61538461538461,0.1716082006907807,23.076923076923077,True Negative
Nathalis iole,Dainty Sulphur,Insecta,0,0,0.2924877444361193,0.0,15,131.46666666666667,0.1503748660286267,28.066666666666666,True Negative
Cephenemyia,,Insecta,0,0,0.2924098669762837,0.0,4,267.25,0.14232746884226796,27.75,True Negative
Peniophora albobadia,Giraffe Spots,Fungi,0,0,0.2917423488967253,0.0,15,117.33333333333333,0.17736789286136626,24.333333333333332,True Negative
Candolleomyces candolleanus,Pale Brittlestem,Fungi,0,0,0.2909438310056725,0.0,14,104.64285714285714,0.14910163357853887,25.714285714285715,True Negative
Tetrastichinae,,Insecta,0,0,0.2908803950631062,0.0,5,114.4,0.1520673334598541,28.4,True Negative
Myoporum parvifolium,Creeping Myoporum,Plantae,0,0,0.29077585421991037,0.0,1,221.0,0.1148260757327079,33.0,True Negative
Penthaleus major,Blue Oat Mite,Arachnida,0,0,0.2907156700762199,0.0,6,114.5,0.13461430494983986,28.0,True Negative
Micrathetis triplex,Triplex Cutworm Moth,Insecta,0,0,0.29025972427405783,0.0,12,172.58333333333334,0.11134587476650869,28.083333333333332,True Negative
Ululodes,,Insecta,0,0,0.29013546486062797,0.0,4,140.0,0.10870218463242051,28.5,True Negative
Amplioluperus maculicollis,,Insecta,0,0,0.2898952606629284,0.0,5,229.4,0.15888025462627411,21.6,True Negative
Aneflomorpha linearis,,Insecta,0,0,0.2896150199323157,0.0,5,206.4,0.11450630426406853,24.8,True Negative
Poa annua,Annual Meadow-grass,Plantae,0,0,0.2885521805235015,0.0,6,115.5,0.16352370753884313,27.333333333333332,True Negative
Brennus,,Insecta,0,0,0.2882535617240859,0.0,13,103.53846153846153,0.15707307251600117,25.615384615384617,True Negative
Syntrichia,,Plantae,0,0,0.28782040915411256,0.0,6,118.0,0.14277751371264455,22.666666666666668,True Negative
Polymerus elegans,,Insecta,0,0,0.2875542612804648,0.0,1,180.0,0.1501886993646621,18.0,True Negative
Synecdoche rubella,,Insecta,0,0,0.28729269085270337,0.0,4,126.25,0.1482043638825416,23.25,True Negative
Melanopleurus belfragei,Redcoat Seed Bug,Insecta,0,0,0.2871868099543091,0.0,12,177.08333333333334,0.12146273503700887,27.083333333333332,True Negative
Amaranthaceae,Amaranth family,Plantae,0,0,0.28709433394174877,0.0,10,148.0,0.08013714532135054,28.4,True Negative
Nemoria,,Insecta,0,0,0.28707599331207134,0.0,6,182.83333333333334,0.1359039098024368,25.5,True Negative
Perdita interrupta,California Poppy Fairy Bee,Insecta,0,0,0.28660958671216796,0.0,10,115.4,0.11888476610183711,23.0,True Negative
Pyralidae,Pyralid Snout Moths,Insecta,0,0,0.2865941707320176,0.0,9,149.88888888888889,0.11712742762433154,27.666666666666668,True Negative
Muhlenbergia microsperma,littleseed muhly,Plantae,0,0,0.28596313449934113,0.0,9,133.44444444444446,0.11443058235777744,29.22222222222222,True Negative
Balaustium,Sidewalk Mites,Arachnida,0,0,0.2858604734690542,0.0,9,113.66666666666667,0.15722359882460696,24.666666666666668,True Negative
Anthrax,Charcoal Bee Flies,Insecta,0,0,0.28585952074274723,0.0,5,199.8,0.1686059325933456,25.2,True Negative
Astragalus gambelianus,Gambel's milkvetch,Plantae,0,0,0.2858464991365009,0.0,6,159.5,0.14848798016707102,26.0,True Negative
Chenopodium album,Common Lambsquarters,Plantae,0,0,0.2857647794325415,0.0,6,121.66666666666667,0.16975923130909598,28.0,True Negative
Aizoon pubescens,Coastal Galenia,Plantae,0,0,0.2856728632333651,0.0,4,216.5,0.1227935496717691,26.75,True Negative
Ptychostomum capillare,Capillary Thread-moss,Plantae,0,0,0.2855423572572323,0.0,4,169.75,0.1344511248171329,25.75,True Negative
Calliphorinae,,Insecta,0,0,0.285092124985905,0.0,5,126.8,0.15340265333652492,22.6,True Negative
Agaricus campestris,Meadow Mushroom,Fungi,0,0,0.2850535580181759,0.0,8,138.75,0.16233564540743822,28.375,True Negative
Anisophyllum,Sandmats,Plantae,0,0,0.2843448582219025,0.0,3,324.6666666666667,0.12256384889284767,27.0,True Negative
Artemisia douglasiana,California mugwort,Plantae,0,0,0.28416951027466203,0.0,159,87.83647798742139,0.1777177695770683,25.9811320754717,True Negative
Herniaria hirsuta,hairy rupturewort,Plantae,0,0,0.28404612216309755,0.0,7,185.0,0.11781146270888188,27.714285714285715,True Negative
Fissidens,pocket mosses,Plantae,0,0,0.2838274855526709,0.0,7,151.57142857142858,0.17293209263256618,23.857142857142858,True Negative
Archytas metallicus,,Insecta,0,0,0.28373767346636536,0.0,8,145.625,0.13802130240947003,26.75,True Negative
Cycloptilum distinctum,Distinctive scaly cricket,Insecta,0,0,0.28335275592550707,0.0,5,143.0,0.13233124613761899,22.6,True Negative
Apiaceae,carrot family,Plantae,0,0,0.2832631682422539,0.0,19,116.05263157894737,0.1752049864122742,26.789473684210527,True Negative
Philodromidae,Running Crab Spiders,Arachnida,0,0,0.28313849477219366,0.0,10,116.1,0.1457042463123798,23.5,True Negative
Hiltonius hebes,,Animalia,0,0,0.2822506771285913,0.0,4,153.0,0.16863781586289403,28.75,True Negative
Tibicinina,,Insecta,0,0,0.2821599737850508,0.0,10,126.7,0.13437076061964032,28.2,True Negative
Conium maculatum,poison hemlock,Plantae,0,0,0.2820168866359842,0.0,161,88.71428571428571,0.18622919699605203,28.167701863354036,True Negative
Lymantriinae,Tussock Moths,Insecta,0,0,0.28168089319599315,0.0,4,152.75,0.1228624582290649,26.75,True Negative
Oxychilus draparnaudi,Draparnaud's Glass Snail,Mollusca,0,0,0.2812898512800238,0.0,8,183.125,0.11548302229493851,24.0,True Negative
Coccinellidae,Lady Beetles,Insecta,0,0,0.2812240256070382,0.0,12,119.25,0.16839641208449996,27.0,True Negative
Gyponana angulata,,Insecta,0,0,0.2811801318373996,0.0,11,120.36363636363636,0.16567026620561423,24.09090909090909,True Negative
Morsea californica,Chaparral Monkey Grasshopper,Insecta,0,0,0.2806605801160091,0.0,5,194.8,0.13935527801513664,23.6,True Negative
Cardamine hirsuta,hairy bittercress,Plantae,0,0,0.2806198858346002,0.0,57,101.63157894736842,0.17189877532553252,25.50877192982456,True Negative
Melanopleurus,,Insecta,0,0,0.2806081538876697,0.0,8,164.125,0.11778014153242108,26.875,True Negative
Pachybrachis hybridus,Red Split-necked Pachy,Insecta,0,0,0.28055923210714756,0.0,6,163.83333333333334,0.1266742870211601,25.666666666666668,True Negative
Stachys rigida quercetorum,,Plantae,0,0,0.28038707255708556,0.0,3,200.66666666666666,0.1365128556887308,27.666666666666668,True Negative
Schizophyllum commune,splitgill mushroom,Fungi,0,0,0.2803013930075727,0.0,40,104.2,0.17020105775445696,26.0,True Negative
Passerculus sandwichensis,Savannah Sparrow,Aves,0,0,0.2802500353830391,0.0,76,103.46052631578948,0.1460404166657673,28.710526315789473,True Negative
Arta epicoenalis,,Insecta,0,0,0.2800927239024487,0.0,13,168.3846153846154,0.11211979159942034,28.76923076923077,True Negative
Pterourus,Tiger Swallowtails and Allies,Insecta,0,0,0.2800537654611214,0.0,3,317.0,0.14031511296828583,25.0,True Negative
Oecobius,Wall Spiders,Arachnida,0,0,0.2793539338797443,0.0,6,186.16666666666666,0.10760721626381076,26.5,True Negative
Homoeosoma,,Insecta,0,0,0.2792644086272753,0.0,7,178.0,0.11224608123302457,27.571428571428573,True Negative
Diastictis fracturalis,Fractured Western Snout,Insecta,0,0,0.2791199137768515,0.0,9,207.55555555555554,0.1360051681598027,26.333333333333332,True Negative
Dolichogenidea,,Insecta,0,0,0.279024792736176,0.0,1,241.0,0.0604601390659809,27.0,True Negative
Calosaturnia walterorum,Walter's Silkmoth,Insecta,0,0,0.27873125506761115,0.0,1,261.0,0.1230102479457855,25.0,True Negative
Strophiona tigrina,,Insecta,0,0,0.2785613080825314,0.0,4,115.5,0.15313408337533468,24.25,True Negative
Chlaenius tricolor,Tricolored Harp Ground Beetle,Insecta,0,0,0.27847628404985303,0.0,5,111.8,0.1595614522695541,28.6,True Negative
Aptostichus,,Arachnida,0,0,0.27800810105059365,0.0,5,114.8,0.15222287774085994,26.6,True Negative
Animalia,Animals,Animalia,0,0,0.2777517917584216,0.0,27,122.55555555555556,0.14464247859669502,24.333333333333332,True Negative
Stachys ajugoides,Bugle Hedgenettle,Plantae,0,0,0.27774355330537787,0.0,3,163.0,0.15078404545783994,27.0,True Negative
Melaleuca,bottlebrushes,Plantae,0,0,0.27751975679775276,0.0,7,128.28571428571428,0.18683439173868718,27.142857142857142,True Negative
Stellaria,chickweeds,Plantae,0,0,0.27749174182464836,0.0,11,110.36363636363636,0.1565342471003532,24.90909090909091,True Negative
Pogonomyrmex rugosus,Rough Harvester Ant,Insecta,0,0,0.27721105414483244,0.0,78,102.88461538461539,0.1335128213350589,28.41025641025641,True Negative
Procecidochares,,Insecta,0,0,0.27707461682733725,0.0,5,190.4,0.12986768037080762,27.8,True Negative
Gaura,beeblossoms,Plantae,0,0,0.2769146995707495,0.0,1,105.0,0.1174310967326164,30.0,True Negative
Oenothera suffulta,roadside gaura,Plantae,0,0,0.2769146995707495,0.0,1,105.0,0.1174310967326164,30.0,True Negative
Eumenes crucifera,Cross Potter Wasp,Insecta,0,0,0.2763189275545633,0.0,21,113.47619047619048,0.1794814247460592,26.904761904761905,True Negative
Platanus,planes,Plantae,0,0,0.2762455253118708,0.0,13,104.15384615384616,0.15334295424131245,26.153846153846153,True Negative
Anax junius,Common Green Darner,Insecta,0,0,0.27614701098429395,0.0,61,109.68852459016394,0.16167962064844416,26.737704918032787,True Negative
Phidippus adumbratus,,Arachnida,0,0,0.27598999888456555,0.0,11,107.27272727272727,0.132994878698479,27.09090909090909,True Negative
Myrmecocystus testaceus,Brick Honeypot Ant,Insecta,0,0,0.2755381537581489,0.0,5,236.4,0.15855960249900813,20.2,True Negative
Pseudomethoca athamas,,Insecta,0,0,0.27525253032895847,0.0,4,177.5,0.1282262615859508,26.5,True Negative
Parthenicus,,Insecta,0,0,0.27481792975461206,0.0,8,210.625,0.1239924114197492,29.25,True Negative
Taiyuna isantus,,Animalia,0,0,0.2747745162551344,0.0,1,267.0,0.1340939253568649,19.0,True Negative
Apteropedetini,,Insecta,0,0,0.2745641703128464,0.0,5,124.4,0.15856970548629756,24.8,True Negative
Collybia brunneocephala,Brownit,Fungi,0,0,0.27444897912984584,0.0,21,108.76190476190476,0.15299736885797405,26.285714285714285,True Negative
Lomatium dasycarpum dasycarpum,,Plantae,0,0,0.274071159416369,0.0,2,268.5,0.1245501041412353,28.5,True Negative
Washingtonia,Fan Palms,Plantae,0,0,0.27392041847944265,0.0,15,154.6,0.11546988409633434,25.8,True Negative
Cleroidea,"Bark-gnawing, Checkered, and Soft-winged Flower Beetles",Insecta,0,0,0.27367912308496317,0.0,4,150.25,0.1291313171386718,25.0,True Negative
Porpidia,,Fungi,0,0,0.2734186862451206,0.0,4,147.0,0.14490203186869619,21.5,True Negative
Ischnomera excavata,,Insecta,0,0,0.2733569915381259,0.0,5,170.6,0.1460604757070541,26.2,True Negative
Sericini,,Insecta,0,0,0.2732032562352048,0.0,9,132.88888888888889,0.1230750886930359,25.88888888888889,True Negative
Nemoria leptalea,Pink-margined Green,Insecta,0,0,0.27282913918903584,0.0,4,140.5,0.1306293215602636,26.5,True Negative
Gracillariidae,Leaf Blotch Miner Moths,Insecta,0,0,0.2727439805777719,0.0,4,116.75,0.1563590019941329,24.25,True Negative
Thyridanthrax,,Insecta,0,0,0.27271668723093045,0.0,6,161.0,0.1597955711185932,26.666666666666668,True Negative
Phaneropterinae,Leaf Katydids,Insecta,0,0,0.2725516335328809,0.0,4,160.75,0.16602321341633794,26.75,True Negative
Deroceras laeve,Meadow Slug,Mollusca,0,0,0.2721565057694957,0.0,4,135.75,0.11807927303016182,26.5,True Negative
Lestidae,Spreadwings and allies,Insecta,0,0,0.2720247408234172,0.0,5,111.6,0.1446792989969253,27.6,True Negative
Digrammia,,Insecta,0,0,0.27179337840553314,0.0,4,181.5,0.1423729974776506,25.25,True Negative
Toxophora,,Insecta,0,0,0.27157810144650746,0.0,10,179.5,0.12600903734564778,25.5,True Negative
Hordeum marinum,salt barley,Plantae,0,0,0.27129983817238296,0.0,4,100.25,0.13108786009252066,29.0,True Negative
Tyto furcata pratincola,North American Barn Owl,Aves,0,0,0.2711323520563693,0.0,5,132.6,0.1488760039210319,28.8,True Negative
Vanessa atalanta rubria,American Red Admiral,Insecta,0,0,0.27100780600763086,0.0,2,391.0,0.12023062258958814,24.0,True Negative
Rosa californica,California Wild Rose,Plantae,0,0,0.270834697879715,0.0,335,91.67462686567164,0.17778180332770985,25.829850746268658,True Negative
Anthidium maculosum,Spotted Woolcarder,Insecta,0,0,0.2704983740435005,0.0,5,153.4,0.13572881817817686,26.2,True Negative
Xanthium orientale,common cocklebur,Plantae,0,0,0.27020437317061957,0.0,104,98.97115384615384,0.18365317246375173,26.817307692307693,True Negative
Limoniidae,Limoniid Crane Flies,Insecta,0,0,0.27003975054045637,0.0,6,115.5,0.13237376386920607,27.5,True Negative
Chlorophyta,green algae,Plantae,0,0,0.2695516358962404,0.0,34,97.23529411764706,0.1628842715119176,25.08823529411765,True Negative
Asydates grandiceps,,Insecta,0,0,0.2694914586835906,0.0,5,156.8,0.15426506549119945,27.2,True Negative
Yucca gigantea,Spineless Yucca,Plantae,0,0,0.2694087933421416,0.0,6,154.16666666666666,0.17801051711042723,27.833333333333332,True Negative
Feron,,Insecta,0,0,0.2693795804076525,0.0,5,187.4,0.12819865643978115,26.8,True Negative
Cryptocephalus,,Insecta,0,0,0.2689318007400647,0.0,4,197.25,0.14121622405946252,27.75,True Negative
Sphaeralcea ambigua,apricot mallow,Plantae,0,0,0.26823669606026684,0.0,4,194.0,0.13871857896447176,30.0,True Negative
Pyrausta volupialis,Volupial Mint Moth,Insecta,0,0,0.26798665851584524,0.0,7,163.42857142857142,0.10839951889855515,25.0,True Negative
Leucopis,,Insecta,0,0,0.2679561294167554,0.0,5,198.2,0.13289830982685086,25.8,True Negative
Archilestes californicus,California Spreadwing,Insecta,0,0,0.267935805246611,0.0,43,103.55813953488372,0.17055996490079298,28.093023255813954,True Negative
Hemieuxoa rudens,Creaky Dart,Insecta,0,0,0.26790833722627344,0.0,4,111.75,0.12655676715075964,26.5,True Negative
Spodoptera exigua,Beet Armyworm Moth,Insecta,0,0,0.26761535480078935,0.0,6,175.0,0.14472844948371247,26.333333333333332,True Negative
Exoprosopa clarki,,Insecta,0,0,0.26752731863449347,0.0,5,158.8,0.1477223470807075,25.6,True Negative
Pholcus phalangioides,Long-bodied Cellar Spider,Arachnida,0,0,0.2674077173517684,0.0,12,149.0,0.08605178010960413,28.75,True Negative
Keckiella,keckiellas,Plantae,0,0,0.26738229735893515,0.0,5,145.6,0.16106314808130262,21.6,True Negative
Hydrophorini,,Insecta,0,0,0.2671255190135112,0.0,2,255.0,0.12925136834383005,27.0,True Negative
Sceloporus,Spiny Lizards,Reptilia,0,0,0.2670582927181381,0.0,5,124.8,0.1437880203127861,23.0,True Negative
Melacoryphus rubicollis,,Insecta,0,0,0.2669700950681723,0.0,11,156.36363636363637,0.1157037026502869,28.727272727272727,True Negative
Stachyocnemus apicalis,,Insecta,0,0,0.2668540414702105,0.0,1,238.0,0.0676586404442787,27.0,True Negative
Stipeae,needlegrasses and allies,Plantae,0,0,0.26664734844894816,0.0,5,120.8,0.15708907693624494,27.8,True Negative
Pooecetes gramineus,Vesper Sparrow,Aves,0,0,0.26629160475606517,0.0,21,96.19047619047619,0.13427420953909552,29.238095238095237,True Negative
Phidippus octopunctatus,,Arachnida,0,0,0.2662339428441582,0.0,7,217.28571428571428,0.1322637360010828,27.428571428571427,True Negative
Salvia spathacea,Hummingbird Sage,Plantae,0,0,0.26602556328980764,0.0,5,116.6,0.10159068554639812,28.6,True Negative
Stellaria media,common chickweed,Plantae,0,0,0.2655537336651984,0.0,10,130.3,0.17293819487094875,23.5,True Negative
Tachycineta bicolor,Tree Swallow,Aves,0,0,0.2653813641224273,0.0,242,109.17768595041322,0.1574156180319755,25.049586776859503,True Negative
Ptilandrena,,Insecta,0,0,0.2651992365577083,0.0,8,125.625,0.14849130716174835,28.375,True Negative
Solenopsis geminata,Geminata-group Fire Ants,Insecta,0,0,0.2651277608226551,0.0,4,146.5,0.1538869850337505,30.25,True Negative
Eremophila alpestris,Horned Lark,Aves,0,0,0.26492415294086497,0.0,5,211.8,0.11994016766548152,29.0,True Negative
Chromista,"kelp, diatoms, and allies",Chromista,0,0,0.2647686719421505,0.0,1,222.0,0.0809092298150062,33.0,True Negative
Setophaga pensylvanica,Chestnut-sided Warbler,Aves,0,0,0.26469834602473047,0.0,10,169.4,0.1574787705205381,26.2,True Negative
Opuntia microdasys,Bunny Ears Cactus,Plantae,0,0,0.2646055922303002,0.0,16,176.625,0.11756620788946742,30.0,True Negative
Amsinckia menziesii intermedia,Rancher's fiddleneck,Plantae,0,0,0.2640834540066271,0.0,8,105.25,0.15207782946527001,26.0,True Negative
Spergularia macrotheca macrotheca,Beach Sandspurry,Plantae,0,0,0.2634909005368493,0.0,1,254.0,0.1280358284711837,30.0,True Negative
Tephritini,,Insecta,0,0,0.2632459302357664,0.0,6,164.5,0.11359345664580657,28.0,True Negative
Cisthene dorsimacula,,Insecta,0,0,0.26321243811346984,0.0,7,140.71428571428572,0.13343420092548638,28.428571428571427,True Negative
Searsia lancea,african sumac,Plantae,0,0,0.26318955401799465,0.0,4,164.25,0.11425728723406785,30.75,True Negative
Candelariaceae,,Fungi,0,0,0.2630555365059458,0.0,5,191.0,0.12638133680447933,20.2,True Negative
Cardamine,Bittercresses and Toothworts,Plantae,0,0,0.26228251159489074,0.0,6,89.16666666666667,0.1320822921892007,25.333333333333332,True Negative
Krombeinopyga,,Insecta,0,0,0.2621050569862238,0.0,1,254.0,0.1461291462182998,21.0,True Negative
Sapyginae,,Insecta,0,0,0.2621050569862238,0.0,1,254.0,0.1461291462182998,21.0,True Negative
Schoenoplectus californicus,California bulrush,Plantae,0,0,0.2619743200025641,0.0,70,138.81428571428572,0.15435343999415632,20.385714285714286,True Negative
Deroceras,Smooth Land Slugs,Mollusca,0,0,0.261946262701164,0.0,13,138.30769230769232,0.1073997209851558,28.46153846153846,True Negative
Poecilocapsus lineatus,Four-lined Plant Bug,Insecta,0,0,0.26151649450170844,0.0,5,113.6,0.1345107942819595,23.6,True Negative
Nomada vegana,,Insecta,0,0,0.2613998100904632,0.0,4,160.0,0.13801684044301504,27.75,True Negative
Dryobates scalaris,Ladder-backed Woodpecker,Aves,0,0,0.2612748908324464,0.0,1,344.0,0.0525695197284221,28.0,True Negative
Ceroplastes cirripediformis,Barnacle Scale,Insecta,0,0,0.261189141424126,0.0,7,132.57142857142858,0.14619853879724226,23.428571428571427,True Negative
Brachymesia furcata,Red-tailed Pennant,Insecta,0,0,0.260711511746392,0.0,26,161.84615384615384,0.11716821202291887,20.192307692307693,True Negative
Contumyces,,Fungi,0,0,0.26051701547365474,0.0,5,120.6,0.14657538682222362,27.2,True Negative
Camissoniopsis cheiranthifolia,beach suncup,Plantae,0,0,0.26048790277941564,0.0,8,98.875,0.13354832120239732,27.25,True Negative
Persicaria,"knotweeds, smartweeds, and waterpeppers",Plantae,0,0,0.26044890220291395,0.0,6,164.83333333333334,0.11488571080068744,24.833333333333332,True Negative
Laccaria,Deceivers,Fungi,0,0,0.26039113067891595,0.0,4,219.75,0.15276523493230337,16.5,True Negative
Acmaeodera retifera,,Insecta,0,0,0.26032716851437965,0.0,9,130.11111111111111,0.1523160868220859,28.333333333333332,True Negative
Deschampsia danthonioides,annual hairgrass,Plantae,0,0,0.25994580948243384,0.0,2,148.5,0.13001749664545056,28.0,True Negative
Tortistilus albidosparsa,,Insecta,0,0,0.25973707680371405,0.0,5,219.6,0.13439060747623438,25.8,True Negative
Corinninae,,Arachnida,0,0,0.25954176944328,0.0,1,268.0,0.1561734974384308,21.0,True Negative
Mephitidae,Skunks and Stink-badgers,Mammalia,0,0,0.2594765424664236,0.0,1,254.0,0.1274825930595398,30.0,True Negative
Calasterella,,Plantae,0,0,0.259371255904937,0.0,6,133.83333333333334,0.15154334654410676,28.166666666666668,True Negative
Coenosia tigrina,Common Tiger Fly,Insecta,0,0,0.2587403882493677,0.0,7,166.71428571428572,0.122536084481648,27.0,True Negative
Buteo lineatus elegans,California Red-shouldered Hawk,Aves,0,0,0.2587279246705573,0.0,5,125.6,0.1528881877660751,25.4,True Negative
Psilochorus,,Arachnida,0,0,0.2586002593491523,0.0,7,231.28571428571428,0.16852775535413195,26.142857142857142,True Negative
Asagena,,Arachnida,0,0,0.25839241231270077,0.0,4,153.25,0.12409831676632162,28.0,True Negative
Lystridea,,Insecta,0,0,0.2581116854350271,0.0,7,117.14285714285714,0.15758493329797468,23.571428571428573,True Negative
Eremochrysa,,Insecta,0,0,0.2580285801712379,0.0,4,231.5,0.11832281388342378,24.5,True Negative
Cochylini,,Insecta,0,0,0.25798163052496675,0.0,4,187.0,0.10618592798709865,27.75,True Negative
Evernia prunastri,Oakmoss,Fungi,0,0,0.2578430509760057,0.0,7,165.71428571428572,0.16848202262605935,28.285714285714285,True Negative
Eucalyptus torquata,Coral Gum,Plantae,0,0,0.2572685346299712,0.0,12,167.75,0.11728506416451027,22.5,True Negative
Thelypodieae,,Plantae,0,0,0.25722816581968544,0.0,1,128.0,0.1284973621368408,21.0,True Negative
Austrocylindropuntia subulata,Eve's Needle Cactus,Plantae,0,0,0.2569106711359862,0.0,8,174.625,0.1698030987754464,27.5,True Negative
Pholistoma,,Plantae,0,0,0.25657463044555867,0.0,7,83.14285714285714,0.1532326851572309,25.428571428571427,True Negative
Liorhyssus,,Insecta,0,0,0.2563919837988522,0.0,4,157.0,0.15665801428258413,27.5,True Negative
Oenothera lindheimeri,clockweed,Plantae,0,0,0.25619101994301163,0.0,6,140.83333333333334,0.11449756845831867,29.5,True Negative
Digrammia colorata,Creosote Moth,Insecta,0,0,0.2561201678978096,0.0,1,379.0,0.1508226096630096,24.0,True Negative
Coreoidea,Leaf-footed Bugs and Allies,Insecta,0,0,0.25586127113019447,0.0,5,169.8,0.12933325022459025,26.8,True Negative
Copestylum,Bromeliad Flies,Insecta,0,0,0.2557137443564087,0.0,4,190.75,0.1439915336668491,27.0,True Negative
Galium porrigens porrigens,,Plantae,0,0,0.25545409010554554,0.0,4,171.25,0.1557935439050197,24.25,True Negative
Andricus chrysolepidicola,Irregular Spindle Gall Wasp,Insecta,0,0,0.25502951743176566,0.0,8,175.75,0.14412377215921873,28.0,True Negative
Bacopa monnieri,Herb-of-Grace,Plantae,0,0,0.25473791274238894,0.0,42,114.61904761904762,0.18592392450331574,27.166666666666668,True Negative
Anthidiellum notatum,Northern Rotund-Resin Bee,Insecta,0,0,0.254445047931715,0.0,1,303.0,0.1346224844455719,19.0,True Negative
Tollius curtulus,,Insecta,0,0,0.254445047931715,0.0,1,303.0,0.1346224844455719,19.0,True Negative
Neortholomus,,Insecta,0,0,0.2542173444369142,0.0,5,163.8,0.14421118199825284,26.2,True Negative
Eriogonum elongatum,Long-stemmed Buckwheat,Plantae,0,0,0.25324771074528984,0.0,4,111.75,0.1564921513199806,27.0,True Negative
Schizomyia,,Insecta,0,0,0.2532409306576715,0.0,8,114.75,0.1584357190877199,26.875,True Negative
Callibaetis,Speckled Duns,Insecta,0,0,0.2530209815261079,0.0,3,170.0,0.15548660357793168,25.0,True Negative
Ectemnius,,Insecta,0,0,0.2525613936725701,0.0,20,127.7,0.18505826070904727,28.25,True Negative
Sympistis perscripta,Scribbled Sallow,Insecta,0,0,0.25238534282135383,0.0,1,277.0,0.143093466758728,25.0,True Negative
Formica moki,,Insecta,0,0,0.2522830446388918,0.0,3,238.66666666666666,0.13387466718753174,22.0,True Negative
Vaucheria,,Chromista,0,0,0.25199579869232136,0.0,4,135.5,0.13170384615659714,27.75,True Negative
Ichneumoninae,,Insecta,0,0,0.2516745773851088,0.0,5,188.8,0.12718503177165982,25.2,True Negative
Euthysanius,Arboreal Click Beetles,Insecta,0,0,0.25153937278116195,0.0,4,154.75,0.13538902066648004,28.0,True Negative
Agrilus fisherellus,,Insecta,0,0,0.25153407889965956,0.0,2,93.0,0.147074818611145,18.0,True Negative
Suleima helianthana,Sunflower Bud Moth,Insecta,0,0,0.2514527037517412,0.0,5,130.0,0.15308668911457055,27.0,True Negative
Prenolepis imparis,American Winter Ant,Insecta,0,0,0.2513459155096591,0.0,3,246.33333333333334,0.14218726754188535,22.666666666666668,True Negative
Coriolopsis gallica,Brownflesh Bracket,Fungi,0,0,0.250017851943292,0.0,11,93.27272727272727,0.15821037035096772,23.636363636363637,True Negative
Nomophila nearctica,Lucerne Moth,Insecta,0,0,0.24999143187614317,0.0,10,193.8,0.13171932473778722,27.4,True Negative
Trichobaris compacta,Datura Weevil,Insecta,0,0,0.24973964420787648,0.0,42,106.35714285714286,0.18215973817166825,25.928571428571427,True Negative
Catherpes mexicanus,Canyon Wren,Aves,0,0,0.2495122899397464,0.0,6,132.66666666666666,0.1536307570834954,21.833333333333332,True Negative
Aizoaceae,Stone plants,Plantae,0,0,0.2492968990076959,0.0,4,177.0,0.09413615136872977,21.25,True Negative
Phlaeothripidae,Tube-tailed Thrips,Insecta,0,0,0.2492811500049641,0.0,1,276.0,0.1488136649131775,22.0,True Negative
Polycarpon tetraphyllum tetraphyllum,four-leaved allseed,Plantae,0,0,0.2490336387067731,0.0,3,171.33333333333334,0.12438212086757018,27.0,True Negative
Lepidium densiflorum,Common Peppergrass,Plantae,0,0,0.2489687657915589,0.0,4,229.25,0.1567713394761085,26.75,True Negative
Anser,Grey Geese,Aves,0,0,0.2486235862436973,0.0,11,163.63636363636363,0.12178941274231127,25.727272727272727,True Negative
Myotis yumanensis,Yuma Myotis,Mammalia,0,0,0.24859338071073728,0.0,1,93.0,0.147074818611145,18.0,True Negative
Leptoceridae,Long-horned Caddisflies,Insecta,0,0,0.24856275182545412,0.0,4,166.0,0.15013762935996053,29.75,True Negative
Centaurea cyanus,Cornflower,Plantae,0,0,0.2485379943327826,0.0,5,100.2,0.15067919492721554,26.0,True Negative
Novisuccinea ovalis,Oval Ambersnail,Mollusca,0,0,0.24826999546098918,0.0,5,161.6,0.12627046108245848,27.8,True Negative
Chironominae,,Insecta,0,0,0.24822560594729126,0.0,4,143.5,0.1276591215282678,22.0,True Negative
Empis,,Insecta,0,0,0.24818422829200454,0.0,6,185.0,0.1712057292461395,24.5,True Negative
Achyra rantalis,Garden Webworm Moth,Insecta,0,0,0.24817707895957328,0.0,4,147.5,0.13385299220681188,25.5,True Negative
Eleocharis montevidensis,sand spikerush,Plantae,0,0,0.2476084922882264,0.0,19,115.63157894736842,0.18592656835129384,26.526315789473685,True Negative
Dryocosmus minusculus,Pumpkin Gall Wasp,Insecta,0,0,0.24752344607938373,0.0,19,102.47368421052632,0.18908714542263427,24.57894736842105,True Negative
Sarcophaginae,Typical Flesh Flies,Insecta,0,0,0.2474715692723437,0.0,6,153.16666666666666,0.14526146898667014,25.666666666666668,True Negative
Feron parmula,Disc Gall Wasp,Insecta,0,0,0.2469828899824678,0.0,4,150.25,0.14995808526873586,25.75,True Negative
Melanerpes formicivorus,Acorn Woodpecker,Aves,0,0,0.24669237289357857,0.0,208,91.88461538461539,0.18747969682758242,26.33653846153846,True Negative
Membracoidea,Leafhoppers and Treehoppers,Insecta,0,0,0.24665064987875557,0.0,2,256.5,0.12132820114493365,25.5,True Negative
Laemostenus complanatus,Cosmopolitan Ground Beetle,Insecta,0,0,0.24651430165088564,0.0,4,182.25,0.15364686772227285,23.75,True Negative
Meloidae,Blister Beetles,Insecta,0,0,0.24636244883762426,0.0,3,202.33333333333334,0.1346769258379936,26.0,True Negative
Gallinula galeata,Common Gallinule,Aves,0,0,0.24627690932651494,0.0,350,108.68285714285715,0.15687934620987753,25.251428571428573,True Negative
Cymatodera,,Insecta,0,0,0.24612203437920424,0.0,3,295.3333333333333,0.12516502042611435,29.0,True Negative
Amaranthus palmeri,Palmer's Amaranth,Plantae,0,0,0.24580926548962234,0.0,2,274.5,0.0979494173079729,28.0,True Negative
Lactarius alnicola,golden milkcap,Fungi,0,0,0.24579314729802088,0.0,53,95.56603773584905,0.17109144886709607,25.754716981132077,True Negative
Pardosa,Thin-legged Wolf Spiders,Arachnida,0,0,0.24565318923064847,0.0,92,98.18478260869566,0.1874138244792171,27.119565217391305,True Negative
Helicina,,Mollusca,0,0,0.2452745173162021,0.0,4,137.0,0.1613589916378259,24.5,True Negative
Acmispon americanus americanus,Spanish clover,Plantae,0,0,0.24503651922275738,0.0,10,91.2,0.15705293565988537,26.8,True Negative
Mythicomyiidae,Micro Bee Flies,Insecta,0,0,0.24502227618332847,0.0,5,161.8,0.16878843009471892,27.4,True Negative
Anelosimus,,Arachnida,0,0,0.24474743716360337,0.0,4,210.25,0.12823047488927838,26.75,True Negative
Clogmia albipunctata,Bathroom Moth Fly,Insecta,0,0,0.2444825532501066,0.0,5,212.8,0.1019788563251495,27.4,True Negative
Metaphidippus chera,,Arachnida,0,0,0.24439889279915364,0.0,3,269.0,0.13410245875517524,23.333333333333332,True Negative
Phanacis hypochoeridis,Catsear Gall Wasp,Insecta,0,0,0.24439808923109035,0.0,2,253.5,0.14262631163001055,22.5,True Negative
Acer palmatum,Japanese maple,Plantae,0,0,0.24386235585588448,0.0,1,219.0,0.1128444522619247,33.0,True Negative
Polypodiales,,Plantae,0,0,0.24386235585588448,0.0,1,219.0,0.1128444522619247,33.0,True Negative
Onagraceae,evening primrose family,Plantae,0,0,0.24386018384052288,0.0,24,97.5,0.1545428382232785,25.916666666666668,True Negative
Anthriscus caucalis,Bur Parsley,Plantae,0,0,0.2438026500422626,0.0,4,138.75,0.14741435647010803,21.0,True Negative
Sternorrhyncha,Plant-parasitic Hemipterans,Insecta,0,0,0.24379080212772944,0.0,2,245.5,0.13359401375055305,25.0,True Negative
Megachilinae,,Insecta,0,0,0.2437431516437552,0.0,5,137.6,0.12273773550987241,26.6,True Negative
Chrysis,,Insecta,0,0,0.24338698239990156,0.0,6,210.33333333333334,0.14712912340958909,27.0,True Negative
Eriocoma coronata,crested needle grass,Plantae,0,0,0.2433417051764122,0.0,3,245.33333333333334,0.14586035907268521,25.0,True Negative
Schinus,peppertrees,Plantae,0,0,0.24320850375108818,0.0,4,168.5,0.1733984276652336,27.25,True Negative
Microlipus,,Insecta,0,0,0.2431927023916334,0.0,4,206.75,0.12569714896380899,26.25,True Negative
Rta clade,RTA Clade Spiders,Arachnida,0,0,0.24283603969759995,0.0,6,139.66666666666666,0.11152839101850982,28.0,True Negative
Podura aquatica,Water Springtail,Animalia,0,0,0.24275804626255143,0.0,1,256.0,0.1332534402608871,30.0,True Negative
Scytodes,,Arachnida,0,0,0.2424279971943622,0.0,6,142.83333333333334,0.13920064891378078,26.833333333333332,True Negative
Microseris douglasii,Douglas' silverpuffs,Plantae,0,0,0.24210076898493962,0.0,3,200.66666666666666,0.13881757110357285,28.0,True Negative
Andrena sola,Lonely Mining Bee,Insecta,0,0,0.24189866988680275,0.0,16,183.1875,0.12965556746348736,25.5625,True Negative
Oligotoma nigra,Black Webspinner,Insecta,0,0,0.24182336999918103,0.0,8,158.375,0.12130921054631465,28.375,True Negative
Asphondylia photiniae,Toyon Fruit Gall Midge,Insecta,0,0,0.24131260918615022,0.0,6,123.83333333333333,0.14648630345861116,23.833333333333332,True Negative
Anthomyia ochripes,,Insecta,0,0,0.24127120580801356,0.0,5,144.8,0.1348458901047706,24.8,True Negative
Hibana incursa,,Arachnida,0,0,0.24119861968700623,0.0,4,123.0,0.15777974203228948,28.75,True Negative
Ortholasma coronadense,,Arachnida,0,0,0.24089754117174972,0.0,10,153.9,0.18482962697744365,24.5,True Negative
Lonchura punctulata,Scaly-breasted Munia,Aves,0,0,0.2408110307018813,0.0,315,147.32380952380953,0.14101563468575476,23.463492063492062,True Negative
Meloinae,,Insecta,0,0,0.24073911202694676,0.0,4,156.75,0.15463874116539952,23.5,True Negative
Empoascina,,Insecta,0,0,0.24068494466111665,0.0,1,404.0,0.1414346694946289,24.0,True Negative
Euphyllura olivina,olive psyllid,Insecta,0,0,0.24068494466111665,0.0,1,404.0,0.1414346694946289,24.0,True Negative
Sidalcea malviflora,checkerbloom,Plantae,0,0,0.24044506828070544,0.0,6,116.5,0.1692863876620928,26.166666666666668,True Negative
Melospiza lincolnii,Lincoln's Sparrow,Aves,0,0,0.2403579865574995,0.0,32,115.84375,0.14777887948730492,24.0,True Negative
Chalcididae,Chalcidid Wasps,Insecta,0,0,0.2402379002263338,0.0,4,153.25,0.13644316047430036,24.5,True Negative
Cophura,,Insecta,0,0,0.24012687976991473,0.0,3,235.33333333333334,0.1378902047872543,24.666666666666668,True Negative
Megischus,,Insecta,0,0,0.23992470643259808,0.0,1,384.0,0.1292170137166977,20.0,True Negative
Elateridae,Click Beetles,Insecta,0,0,0.23946344053860866,0.0,7,135.57142857142858,0.16432755014726091,27.428571428571427,True Negative
Stereum,,Fungi,0,0,0.23878861218019837,0.0,33,102.15151515151516,0.1953001376805883,28.333333333333332,True Negative
Vanessa,Ladies and Related Admirals,Insecta,0,0,0.23875239659308903,0.0,2,288.0,0.11770173907279965,19.0,True Negative
Perdita trisignata,Lotus Fairy Bee,Insecta,0,0,0.2385482315505159,0.0,3,128.0,0.13523331781228376,18.0,True Negative
Setophaga fusca,Blackburnian Warbler,Aves,0,0,0.23829959627445835,0.0,7,162.85714285714286,0.1606716875519071,26.0,True Negative
Anthidium collectum,,Insecta,0,0,0.23823287978270927,0.0,1,340.0,0.124129869043827,26.0,True Negative
Colaptes auratus,Northern Flicker,Aves,0,0,0.2382318316657446,0.0,45,103.15555555555555,0.1724168284071816,25.155555555555555,True Negative
Pyracantha,firethorns,Plantae,0,0,0.23819440712790874,0.0,3,174.66666666666666,0.1537128587563832,27.666666666666668,True Negative
Sitona californius,,Insecta,0,0,0.23785111519095328,0.0,5,234.2,0.12786321192979808,27.2,True Negative
Siderocystopsis,,Plantae,0,0,0.23779465907731367,0.0,1,84.0,0.147580549120903,26.0,True Negative
Stuckenia pectinata,Fennel-leaf Pondweed,Plantae,0,0,0.23779465907731367,0.0,1,84.0,0.147580549120903,26.0,True Negative
Botocudo modestus,,Insecta,0,0,0.2377290657531644,0.0,1,236.0,0.0663275271654129,27.0,True Negative
Ophelimus maskelli,Australian Eucalyptus Leafgall Wasp,Insecta,0,0,0.23769275929792474,0.0,20,167.65,0.12045662514865396,17.25,True Negative
Autographa,,Insecta,0,0,0.23759090125804685,0.0,3,197.0,0.13347455859184262,24.333333333333332,True Negative
Cesonia,,Arachnida,0,0,0.23753757470680725,0.0,2,311.5,0.1348161771893501,27.0,True Negative
Cheiracanthium inclusum,Agrarian Sac Spider,Arachnida,0,0,0.2374757223982054,0.0,5,204.0,0.11915246397256847,28.4,True Negative
Chasmanthe floribunda,African flag,Plantae,0,0,0.2373552230245185,0.0,1,276.0,0.1323503702878952,29.0,True Negative
Dermacentor similis,Western Dog Tick,Arachnida,0,0,0.237308971793799,0.0,1,192.0,0.1303828954696655,25.0,True Negative
Anorus piceus,,Insecta,0,0,0.2372272333814779,0.0,2,253.5,0.13781284168362615,29.0,True Negative
Cryphula,,Insecta,0,0,0.23718253377418785,0.0,1,234.0,0.0727203711867332,27.0,True Negative
Gymnosomatini,,Insecta,0,0,0.23718253377418785,0.0,1,234.0,0.0727203711867332,27.0,True Negative
Rhyparochrominae,,Insecta,0,0,0.23718253377418785,0.0,1,234.0,0.0727203711867332,27.0,True Negative
Anatrachyntis badia,Florida Pink Scavenger,Insecta,0,0,0.2368028855767206,0.0,5,166.6,0.12746930420398708,26.2,True Negative
Drosanthemum floribundum,Pale dewplant,Plantae,0,0,0.23672271181566729,0.0,3,167.0,0.1274954477945963,27.666666666666668,True Negative
Cryptinae,,Insecta,0,0,0.23661362619985443,0.0,1,134.0,0.1302496045827865,18.0,True Negative
Oedemasia concinna,Red-humped Caterpillar Moth and Allies,Insecta,0,0,0.2365949710295515,0.0,1,285.0,0.1373833566904068,23.0,True Negative
Cheliferidae,,Arachnida,0,0,0.23636721210240078,0.0,1,186.0,0.152550920844078,18.0,True Negative
Alchemilla arvensis,Field Parsley Piert,Plantae,0,0,0.23632853980770027,0.0,4,124.25,0.14196609333157534,21.75,True Negative
Adela flammeusella,,Insecta,0,0,0.23626282759778283,0.0,1,189.0,0.1358030438423156,25.0,True Negative
Anopina triangulana,,Insecta,0,0,0.23608607543408566,0.0,5,137.2,0.11366330832242962,26.0,True Negative
Trupanea radifera,,Insecta,0,0,0.2360280654726328,0.0,2,239.0,0.06844006106257436,28.0,True Negative
Melica frutescens,woody melicgrass,Plantae,0,0,0.23594762607306669,0.0,1,259.0,0.1190120205283165,24.0,True Negative
Acmaeodera connexa,,Insecta,0,0,0.23590360237719157,0.0,8,152.25,0.15032046940177676,25.375,True Negative
Polistinae,Paper Wasps,Insecta,0,0,0.2353796349932694,0.0,8,151.875,0.11427679978078228,23.625,True Negative
Platygastroidea,,Insecta,0,0,0.23536581814809068,0.0,1,130.0,0.1357824653387069,18.0,True Negative
Goedenia,,Insecta,0,0,0.2351142067616817,0.0,5,129.4,0.13586461097002026,25.8,True Negative
Aufeius impressicollis,,Insecta,0,0,0.2349793440297968,0.0,1,171.0,0.1490516066551208,25.0,True Negative
Dichelonyx vicinus,,Insecta,0,0,0.2349793440297968,0.0,1,171.0,0.1490516066551208,25.0,True Negative
Sporobolus indicus,smut grass,Plantae,0,0,0.23491303186437848,0.0,3,120.66666666666667,0.15300453205903367,28.666666666666668,True Negative
Mantidae,Mantids,Insecta,0,0,0.23472634114403235,0.0,6,117.0,0.12246123577157653,28.333333333333332,True Negative
Tmarus,Octopus Spiders,Arachnida,0,0,0.23462347457148774,0.0,1,252.0,0.1564692556858062,20.0,True Negative
Pheidole fallax,fallax-group Big-headed Ants,Insecta,0,0,0.23458772267118722,0.0,1,179.0,0.1565005630254745,18.0,True Negative
Polyporus decurrens,,Fungi,0,0,0.23416156450217068,0.0,10,151.2,0.16866311877965923,27.9,True Negative
Bolbitius titubans,yellow fieldcap,Fungi,0,0,0.23415796388924748,0.0,11,95.63636363636364,0.14363078231161286,25.727272727272727,True Negative
Dejongia californicus,Gumweed Plume Moth,Insecta,0,0,0.23409451269354647,0.0,9,150.22222222222223,0.14179587943686375,26.666666666666668,True Negative
Eristalis tenax,Common Drone Fly,Insecta,0,0,0.2339151632258781,0.0,4,188.0,0.1297343950718641,24.25,True Negative
Cirsium occidentale,Cobwebby Thistle,Plantae,0,0,0.23384411776310277,0.0,33,79.06060606060606,0.17413099313324143,23.363636363636363,True Negative
Brochymena quadripustulata,Four-humped Stink Bug,Insecta,0,0,0.23373760713264416,0.0,6,140.5,0.111720610409975,28.833333333333332,True Negative
Schoenoplectus acutus,hardstem bulrush,Plantae,0,0,0.23372276431604372,0.0,7,124.0,0.17683567000286912,23.142857142857142,True Negative
Neolasioptera lathami,,Insecta,0,0,0.23355185810655144,0.0,3,183.33333333333334,0.147074910501639,28.0,True Negative
Allium lacunosum,pitted onion,Plantae,0,0,0.23354667206617147,0.0,1,254.0,0.1295262426137924,30.0,True Negative
Bathysmatophorinae,,Insecta,0,0,0.23317966447644503,0.0,1,148.0,0.1370098292827606,18.0,True Negative
Curicaberis peninsulanus,,Arachnida,0,0,0.23310811882350013,0.0,10,128.6,0.16309413313865656,27.2,True Negative
Eryciini,,Insecta,0,0,0.23305393753140582,0.0,9,162.88888888888889,0.13767628537284002,25.555555555555557,True Negative
Eriogonum giganteum,St. Catherine's-lace,Plantae,0,0,0.2329468561701647,0.0,1,95.0,0.1184623017907142,18.0,True Negative
Lupinus nanus,Sky Lupine,Plantae,0,0,0.23277899499179122,0.0,1,283.0,0.11039849370718,24.0,True Negative
Piptochaetium,needlegrass,Plantae,0,0,0.23277899499179122,0.0,1,283.0,0.11039849370718,24.0,True Negative
Euphydryas editha quino,Quino Checkerspot,Insecta,0,0,0.2327575523617649,0.0,1,277.0,0.1177241951227188,28.0,True Negative
Ischnura cervula,Pacific Forktail,Insecta,0,0,0.2327419434377514,0.0,149,94.28187919463087,0.18303691500785366,26.348993288590606,True Negative
Hedriodiscus truquii,,Insecta,0,0,0.23257602180024775,0.0,5,124.2,0.1468562483787536,26.0,True Negative
Trupanea wheeleri,,Insecta,0,0,0.2325041758931504,0.0,10,197.2,0.11658645831048484,27.0,True Negative
Fraxinus velutina,velvet ash,Plantae,0,0,0.2323105770294573,0.0,15,106.06666666666666,0.20923747022946673,21.533333333333335,True Negative
Polyommatini,Typical Blues,Insecta,0,0,0.23229694652178048,0.0,11,110.45454545454545,0.16235663335431702,28.0,True Negative
Macaria,,Insecta,0,0,0.23227490473108914,0.0,5,132.0,0.16237161159515376,22.4,True Negative
Exoristinae,,Insecta,0,0,0.2322626863119376,0.0,8,142.75,0.13475866988301272,25.0,True Negative
Brickellia,brickellbushes,Plantae,0,0,0.2321163181586321,0.0,6,77.5,0.12727953866124148,24.0,True Negative
Cremastinae,,Insecta,0,0,0.23205507238792317,0.0,3,165.0,0.1276784464716911,26.666666666666668,True Negative
Libellulidae,Skimmers,Insecta,0,0,0.23187833528604054,0.0,22,118.27272727272727,0.14455356292257251,23.0,True Negative
Juncus xiphioides,irisleaf rush,Plantae,0,0,0.23187175796155743,0.0,8,118.375,0.1899264175444841,29.0,True Negative
Agrostis pallens,seashore bentgrass,Plantae,0,0,0.2315775911302667,0.0,3,207.33333333333334,0.12904029836257294,26.333333333333332,True Negative
Papaver rhoeas,common poppy,Plantae,0,0,0.23154532061577324,0.0,6,120.0,0.1567245411376158,21.0,True Negative
Scolops californicus,,Insecta,0,0,0.23150655787119484,0.0,4,167.75,0.15657254867255682,26.75,True Negative
Melica,melicgrasses,Plantae,0,0,0.23140565196665752,0.0,4,258.0,0.1482803970575332,19.75,True Negative
Tineidae,"Fungus Moths, Clothes Moths, & Allies",Insecta,0,0,0.23135476810806513,0.0,11,145.1818181818182,0.10577348145571618,28.545454545454547,True Negative
Adelpha californica,California Sister,Insecta,0,0,0.2312191366773518,0.0,12,91.08333333333333,0.1792710795998573,25.166666666666668,True Negative
Mus musculus,House Mouse,Mammalia,0,0,0.2312129214517241,0.0,3,172.0,0.14498827606439588,28.666666666666668,True Negative
Neivamyrmex nigrescens,Black Legionary Ant,Insecta,0,0,0.23111600894690265,0.0,4,126.0,0.14815684407949448,24.5,True Negative
Polymerus unifasciatus,,Insecta,0,0,0.23106638703400642,0.0,1,298.0,0.1397427469491958,22.0,True Negative
Neoheliodines vernius,,Insecta,0,0,0.23064029370465253,0.0,6,190.5,0.13054922595620147,25.333333333333332,True Negative
Fraxinus,ashes,Plantae,0,0,0.2304811330512843,0.0,11,121.0909090909091,0.20892461457035755,25.545454545454547,True Negative
Pantarbes,,Insecta,0,0,0.23045285590499617,0.0,5,174.8,0.13644852638244626,26.4,True Negative
Endocarpon,Chalice Lichens,Fungi,0,0,0.23043817775953612,0.0,1,258.0,0.1155396401882171,28.0,True Negative
Ancylandrena atoposoma,,Insecta,0,0,0.23026272872675288,0.0,3,160.66666666666666,0.13754923641681668,24.0,True Negative
Acmaeodera labyrinthica,,Insecta,0,0,0.23020817695937765,0.0,13,88.3076923076923,0.1564087988092349,28.923076923076923,True Negative
Setophaga tigrina,Cape May Warbler,Aves,0,0,0.23001965360568075,0.0,15,168.8,0.15709747572739916,31.0,True Negative
Larus brachyrhynchus,Short-billed Gull,Aves,0,0,0.2300052421714455,0.0,7,162.71428571428572,0.027620457378881285,27.142857142857142,True Negative
Acmispon heermannii heermannii,Heermann's lotus,Plantae,0,0,0.22982993789828263,0.0,9,73.0,0.1586287895010577,24.666666666666668,True Negative
Rumex californicus,California Dock,Plantae,0,0,0.22981991799000587,0.0,12,107.83333333333333,0.15940846006075535,28.583333333333332,True Negative
Neotomini,Pack Rats,Mammalia,0,0,0.22968793055402292,0.0,1,348.0,0.1336524039506912,21.0,True Negative
Scabiosa columbaria,Small Scabious,Plantae,0,0,0.2294233383496341,0.0,1,219.0,0.0871892273426055,33.0,True Negative
Apium graveolens,Celery,Plantae,0,0,0.2294091648227126,0.0,163,100.68098159509202,0.20342049592294573,27.20245398773006,True Negative
Fremontodendron,Flannelbushes,Plantae,0,0,0.22918091423569023,0.0,3,127.0,0.10001139591137563,29.666666666666668,True Negative
Euphorbia serpens,Matted Sandmat,Plantae,0,0,0.22895511296228363,0.0,6,131.16666666666666,0.164954699575901,27.166666666666668,True Negative
Lepidium virginicum,Virginia pepperweed,Plantae,0,0,0.22889091040841295,0.0,3,170.33333333333334,0.14238700270652768,28.666666666666668,True Negative
Corticariinae,,Insecta,0,0,0.22881359575214755,0.0,1,171.0,0.1490516066551208,25.0,True Negative
Eutricharaea,,Insecta,0,0,0.22881359575214755,0.0,1,171.0,0.1490516066551208,25.0,True Negative
Dipsacus sativus,fuller's teasel,Plantae,0,0,0.22867539510609888,0.0,96,94.0,0.16760354419238863,26.4375,True Negative
Rhyssomatus pubescens,,Insecta,0,0,0.2285770598477417,0.0,4,208.0,0.13674286007881162,27.25,True Negative
Parmelia,shield lichens,Fungi,0,0,0.2283200914675965,0.0,4,255.5,0.1668228805065155,26.5,True Negative
Ctenolepisma longicaudatum,Long-tailed Silverfish,Insecta,0,0,0.2282637216876713,0.0,8,136.5,0.08758100494742387,27.5,True Negative
Acmaeodera fenyesi,,Insecta,0,0,0.2282146225680581,0.0,6,230.0,0.1314334024985631,26.5,True Negative
Tachycineta,Tachycineta Swallows,Aves,0,0,0.2281923252065385,0.0,4,127.75,0.1237549446523189,26.5,True Negative
Polyplax spinulosa,House Rat Louse,Insecta,0,0,0.22805758327584968,0.0,1,221.0,0.1148260757327079,33.0,True Negative
Blapylis,,Insecta,0,0,0.22801334971573084,0.0,3,147.0,0.13563429812590277,23.666666666666668,True Negative
Veronica anagallis-aquatica,blue water-speedwell,Plantae,0,0,0.2279774084998078,0.0,4,166.5,0.14783198386430735,26.25,True Negative
Lygaeidae,Seed Bugs,Insecta,0,0,0.22773589107645514,0.0,3,165.66666666666666,0.12886313349008557,26.0,True Negative
Hylaeus mesillae,Mesilla Masked Bee,Insecta,0,0,0.22739785398950427,0.0,6,149.66666666666666,0.1148948160310586,24.5,True Negative
Koelreuteria bipinnata,Chinese flame tree,Plantae,0,0,0.2272928484522594,0.0,3,170.33333333333334,0.1415727858742078,28.0,True Negative
Capsella bursa-pastoris,shepherd's-purse,Plantae,0,0,0.22721579859384083,0.0,17,110.3529411764706,0.1744865867144921,24.941176470588236,True Negative
Physalis,groundcherries,Plantae,0,0,0.22712900211853945,0.0,3,305.0,0.1449589431285858,23.333333333333332,True Negative
Miltogramminae,Satellite Flies,Insecta,0,0,0.22698439229552692,0.0,8,154.625,0.13928191550076002,26.375,True Negative
Tortula,,Plantae,0,0,0.22697658434469556,0.0,5,133.8,0.14867720901966092,22.4,True Negative
Eriogonum elongatum elongatum,long-stemmed buckwheat,Plantae,0,0,0.22666903704608804,0.0,9,96.11111111111111,0.14791538483566705,23.333333333333332,True Negative
Stator limbatus,,Insecta,0,0,0.22665294595265867,0.0,5,207.6,0.1189479753375053,27.0,True Negative
Leucospis,,Insecta,0,0,0.22658672348067482,0.0,4,189.25,0.1287997532635927,26.5,True Negative
Myrmeleontidae,Antlions and Owlflies,Insecta,0,0,0.2265484475856771,0.0,11,109.81818181818181,0.1359473328021439,27.818181818181817,True Negative
Aphoebantus mus,,Insecta,0,0,0.22634771186253005,0.0,5,200.8,0.1322049051523208,25.6,True Negative
Accipitriformes,"Hawks, Eagles, Kites, and Allies",Aves,0,0,0.22595561011957538,0.0,3,254.0,0.10970180978377653,28.333333333333332,True Negative
Heliotropium curassavicum oculatum,,Plantae,0,0,0.22595444632479864,0.0,17,107.52941176470588,0.14748475481482107,26.058823529411764,True Negative
Elatine californica,California Waterwort,Plantae,0,0,0.2258713053075249,0.0,1,254.0,0.1284545660018921,28.0,True Negative
Triglochin,Arrowgrasses,Plantae,0,0,0.2258713053075249,0.0,1,254.0,0.1284545660018921,28.0,True Negative
Chariesterus balli,,Insecta,0,0,0.2258622254355006,0.0,3,218.66666666666666,0.15333998203277585,27.666666666666668,True Negative
Cochliomyia macellaria,Secondary Screwworm Fly,Insecta,0,0,0.22568636854247395,0.0,5,115.8,0.15031705051660532,21.2,True Negative
Phacelia campanularia,desert bluebells,Plantae,0,0,0.22564061614544703,0.0,2,198.5,0.14909940958023066,29.0,True Negative
Phthiriinae,,Insecta,0,0,0.22563540508905844,0.0,10,137.3,0.16432272046804425,27.0,True Negative
Hesperotettix viridis viridis,Snakeweed Grasshopper,Insecta,0,0,0.22561080916838142,0.0,4,174.5,0.12793374620378012,28.5,True Negative
Icteria virens,Yellow-breasted Chat,Aves,0,0,0.2255659614123862,0.0,104,88.9423076923077,0.17315368519092977,26.615384615384617,True Negative
Lycosinae,,Arachnida,0,0,0.22522351216985684,0.0,14,102.28571428571429,0.14259415119886396,26.857142857142858,True Negative
Brevicoryne brassicae,Cabbage Aphid,Insecta,0,0,0.2252230461496203,0.0,8,134.0,0.16906072944402692,26.125,True Negative
Panaeolus,Mottlegills,Fungi,0,0,0.2250697050108308,0.0,4,162.25,0.18331519328057763,28.5,True Negative
Oeclidius,,Insecta,0,0,0.22476513046374316,0.0,4,192.0,0.1320434752851724,27.25,True Negative
Neocoelidia,,Insecta,0,0,0.2247645009187608,0.0,9,186.33333333333334,0.13778963685035703,26.0,True Negative
Aphis craccivora,Cowpea Aphid,Insecta,0,0,0.22440835691154223,0.0,6,107.66666666666667,0.14589083070556316,28.833333333333332,True Negative
Procambarus,,Animalia,0,0,0.22435481184393125,0.0,14,115.85714285714286,0.17461871834737913,28.214285714285715,True Negative
Bibionomorpha,Gnats and Allies,Insecta,0,0,0.22425761287917823,0.0,6,173.16666666666666,0.14350534975528711,28.333333333333332,True Negative
Conophorus nigripennis,,Insecta,0,0,0.22408465321973148,0.0,4,191.5,0.12326580658555028,25.75,True Negative
Neoscona oaxacensis,Western Spotted Orbweaver,Arachnida,0,0,0.22402211123213006,0.0,11,131.0909090909091,0.1911390593106096,24.363636363636363,True Negative
Toripalpus trabalis,,Insecta,0,0,0.22380763438517273,0.0,10,194.2,0.10309935212135309,27.2,True Negative
Niesthreini,,Insecta,0,0,0.22378372580761366,0.0,1,354.0,0.1329611986875534,20.0,True Negative
Acronicta noctivaga,Night-wandering and Hopeful Daggers and Allies,Insecta,0,0,0.22372484013863128,0.0,1,346.0,0.1393968909978866,20.0,True Negative
Ammophila procera,Common Thread-waisted Wasp,Insecta,0,0,0.22372484013863128,0.0,1,346.0,0.1393968909978866,20.0,True Negative
Salvadora hexalepis,Western Patch-nosed Snake,Reptilia,0,0,0.22371613234053442,0.0,2,248.0,0.14864344894886014,21.5,True Negative
Palpada alhambra,Single-banded Plushback,Insecta,0,0,0.22358599267363824,0.0,40,101.875,0.177722898684442,25.1,True Negative
Arphia,,Insecta,0,0,0.22355013118197373,0.0,1,251.0,0.1307818442583084,28.0,True Negative
Danaus gilippus,Queen,Insecta,0,0,0.22354806432861524,0.0,46,97.02173913043478,0.17374063438088022,26.47826086956522,True Negative
Isotomidae,Smooth Springtails,Animalia,0,0,0.22353750214964133,0.0,2,255.0,0.1271359138190746,29.0,True Negative
Reptilia,Reptiles,Reptilia,0,0,0.22344509429473086,0.0,1,287.0,0.0985245928168296,29.0,True Negative
Leucaniini,Wainscot Moths,Insecta,0,0,0.22339997183407084,0.0,6,148.5,0.13405229772130645,28.666666666666668,True Negative
Chlorochroa ligata,Conchuela Bug,Insecta,0,0,0.22329763864001453,0.0,3,201.33333333333334,0.13869062066078183,27.333333333333332,True Negative
Cylindropuntia californica,California Cholla,Plantae,0,0,0.22327537923275306,0.0,18,102.38888888888889,0.16670002871089504,27.666666666666668,True Negative
Cistus salviifolius,Sage-leaved Rock-rose,Plantae,0,0,0.22301584268645258,0.0,2,239.5,0.0640593897551298,27.0,True Negative
Cathartes aura,Turkey Vulture,Aves,0,0,0.2227936984158198,0.0,224,164.06696428571428,0.12443697302088753,18.339285714285715,True Negative
Oecetis,,Insecta,0,0,0.22268160509009255,0.0,6,155.5,0.12465524921814597,29.166666666666668,True Negative
Trichopolia alfkenii,,Insecta,0,0,0.22267147356917363,0.0,7,174.14285714285714,0.10024411444153099,27.714285714285715,True Negative
Astraeus,Barometer Earthstars,Fungi,0,0,0.22264787951079726,0.0,28,99.10714285714286,0.17572532115238051,25.321428571428573,True Negative
Aulacothorax,,Insecta,0,0,0.2225928580592747,0.0,4,163.5,0.15473310276865954,25.25,True Negative
Syntrichia laevipila,Small Hairy Screw-moss,Plantae,0,0,0.2225224622018021,0.0,2,261.5,0.1233492419123649,25.0,True Negative
Trifolium repens,white clover,Plantae,0,0,0.22243469910695718,0.0,6,152.66666666666666,0.24646029497186342,27.333333333333332,True Negative
Typha latifolia,broadleaf cattail,Plantae,0,0,0.22229128667377376,0.0,6,77.33333333333333,0.14934264495968816,29.166666666666668,True Negative
Sisyrinchium micranthum,Blue Pigroot,Plantae,0,0,0.22182288813128287,0.0,3,193.33333333333334,0.15543714910745612,30.333333333333332,True Negative
Miroidea,,Insecta,0,0,0.22179594519143928,0.0,1,343.0,0.1226410493254661,28.0,True Negative
Prionus lecontei,LeConte's Prionus,Insecta,0,0,0.22179594519143928,0.0,1,343.0,0.1226410493254661,28.0,True Negative
Carduus tenuiflorus,Slender Thistle,Plantae,0,0,0.22171013524910568,0.0,10,130.7,0.1753162689507007,26.4,True Negative
Lordotus,,Insecta,0,0,0.22168689306815903,0.0,4,139.25,0.14067782461643213,25.0,True Negative
Gonia,Cutworm Flies,Insecta,0,0,0.22165472626715807,0.0,1,407.0,0.1332690864801406,22.0,True Negative
Empoasca,,Insecta,0,0,0.22162588187324198,0.0,6,158.5,0.15602225686113036,26.833333333333332,True Negative
Araneus,Angulate and Roundshouldered Orbweavers,Arachnida,0,0,0.22156517279069987,0.0,38,101.02631578947368,0.17271374499327252,26.157894736842106,True Negative
Mecaphesa aikoae,,Arachnida,0,0,0.22150149192210195,0.0,2,202.5,0.13381086289882654,27.0,True Negative
Croton californicus,California croton,Plantae,0,0,0.2214379167356994,0.0,92,89.52173913043478,0.1963914274035588,25.184782608695652,True Negative
Minthoini,,Insecta,0,0,0.22119716405827952,0.0,9,152.22222222222223,0.15663255006074903,26.11111111111111,True Negative
Exoprosopini,,Insecta,0,0,0.221109063013677,0.0,3,136.33333333333334,0.13410023599863044,27.333333333333332,True Negative
Lactuca,wild lettuces,Plantae,0,0,0.22101661539878056,0.0,4,147.0,0.1910083815455436,23.5,True Negative
Romneya,Matilija poppies,Plantae,0,0,0.22101194089400697,0.0,72,96.04166666666667,0.17588425510459474,26.40277777777778,True Negative
Acmispon maritimus maritimus,Coastal bird's-foot trefoil,Plantae,0,0,0.22091071500654266,0.0,3,138.0,0.12147473047176989,27.333333333333332,True Negative
Dipterostemon,,Plantae,0,0,0.22081394074398702,0.0,3,124.66666666666667,0.14268912126620603,27.333333333333332,True Negative
Cotesia glomerata,Cabbage White Parasitoid Wasp,Insecta,0,0,0.2206885686809728,0.0,4,169.5,0.14867921546101565,24.5,True Negative
Lamium amplexicaule,henbit deadnettle,Plantae,0,0,0.22045799114162393,0.0,26,100.3076923076923,0.18373245602616894,22.807692307692307,True Negative
Holcopasites ruthae,,Insecta,0,0,0.2204006356956352,0.0,11,173.0909090909091,0.1426508304747668,25.0,True Negative
Phoebis,,Insecta,0,0,0.2202770093627558,0.0,4,191.0,0.10870973393321032,27.75,True Negative
Grimmia lisae,,Plantae,0,0,0.21978225702733634,0.0,1,138.0,0.1269580125808715,20.0,True Negative
Neuroterus saltatorius,Jumping Gall Wasp,Insecta,0,0,0.21976541907938682,0.0,7,173.42857142857142,0.1353491331849779,27.0,True Negative
Tauschia hartwegii,Hartweg's umbrellawort,Plantae,0,0,0.21934740876864856,0.0,1,270.0,0.127995565533638,19.0,True Negative
Thaumatomyia glabra,,Insecta,0,0,0.21925972302823804,0.0,9,146.77777777777777,0.16681801196601653,27.444444444444443,True Negative
Timmiella crassinervis,,Plantae,0,0,0.21923035322636983,0.0,3,171.66666666666666,0.15046963095664975,26.0,True Negative
Chelostoma californicum,,Insecta,0,0,0.21910454215500333,0.0,5,129.2,0.14968708455562588,26.6,True Negative
Tetramorium spinosum,,Insecta,0,0,0.21904909137511352,0.0,3,122.0,0.13472908735275266,25.0,True Negative
Claytonia perfoliata mexicana,,Plantae,0,0,0.2189692716820627,0.0,1,196.0,0.0797595158219337,21.0,True Negative
Cephalosmia,,Insecta,0,0,0.21865389388398063,0.0,6,207.5,0.12426012878616648,27.833333333333332,True Negative
Cantharinae,,Insecta,0,0,0.2186179807655783,0.0,1,470.0,0.1074028685688972,20.0,True Negative
Populus trichocarpa,black cottonwood,Plantae,0,0,0.21838232564558188,0.0,11,109.0,0.12938856807622037,29.90909090909091,True Negative
Romneya trichocalyx,Hairy Matilija Poppy,Plantae,0,0,0.21834727088155248,0.0,56,100.25,0.18812843944345198,26.0,True Negative
Populus,"poplars, cottonwoods, and aspens",Plantae,0,0,0.2179019562441352,0.0,40,98.3,0.15949174165725705,25.45,True Negative
Calibrachoa parviflora,seaside petunia,Plantae,0,0,0.21789585614537343,0.0,3,166.33333333333334,0.061877788354953056,27.666666666666668,True Negative
Nemoriini,,Insecta,0,0,0.21787999569258962,0.0,3,134.33333333333334,0.13883904616038,25.666666666666668,True Negative
Stator pruininus,Pruinose Bean Weevil,Insecta,0,0,0.21784947500168828,0.0,7,222.57142857142858,0.104804658464023,27.0,True Negative
Chloracantha spinosa,Spiny Chloracantha,Plantae,0,0,0.2177196441386588,0.0,56,78.10714285714286,0.1885779203314866,23.107142857142858,True Negative
Suillellus,,Fungi,0,0,0.21760769229317153,0.0,4,159.25,0.17554004862904546,28.25,True Negative
Protolophidae,Protolophid Harvestmen,Arachnida,0,0,0.2175113324541564,0.0,1,298.0,0.1245127022266388,23.0,True Negative
Brachystomella,,Animalia,0,0,0.2174353236141068,0.0,1,254.0,0.1328788250684738,30.0,True Negative
Porcellio,,Animalia,0,0,0.2171994561989854,0.0,3,192.0,0.1261993745962778,25.333333333333332,True Negative
Therobatinae,,Arachnida,0,0,0.21719583788635827,0.0,1,140.0,0.1483543962240219,18.0,True Negative
Plataea personaria,,Insecta,0,0,0.217164610162049,0.0,3,124.33333333333333,0.14928235113620755,21.666666666666668,True Negative
Selasphorus rufus,Rufous Hummingbird,Aves,0,0,0.21715577478639342,0.0,4,175.25,0.13078123226296157,19.75,True Negative
Ochrimnus,,Insecta,0,0,0.21712917976448953,0.0,7,168.14285714285714,0.13384028949907842,27.428571428571427,True Negative
Irbisia californica,,Insecta,0,0,0.21712085405955725,0.0,3,162.66666666666666,0.14596982796986896,26.0,True Negative
Mirabilis jalapa,Marvel of Peru,Plantae,0,0,0.21697731558339006,0.0,2,220.0,0.11757438629865641,33.0,True Negative
Sergiolus angustus,,Arachnida,0,0,0.21697524629198825,0.0,1,163.0,0.1266294866800308,18.0,True Negative
Chrysotrichaceae,,Fungi,0,0,0.2168951984202709,0.0,4,179.75,0.14292004890739915,22.5,True Negative
Ehrharta longiflora,longflower veldtgrass,Plantae,0,0,0.21683297838294574,0.0,4,175.0,0.14977369830012316,23.25,True Negative
Miturgidae,Prowling Spiders,Arachnida,0,0,0.2166408283256112,0.0,1,300.0,0.1081571877002716,19.0,True Negative
Euborellia annulipes,Ring-legged Earwig,Insecta,0,0,0.21639640041267597,0.0,10,155.9,0.10979850920848544,24.4,True Negative
Encelia farinosa phenicodonta,,Plantae,0,0,0.21636197857925096,0.0,1,243.0,0.1007461845874786,31.0,True Negative
Rhantus gutticollis,,Insecta,0,0,0.21635483566843566,0.0,3,175.66666666666666,0.14211655159791306,25.666666666666668,True Negative
Neodermaptera,Extant Earwigs,Insecta,0,0,0.21624664878747998,0.0,4,107.0,0.14212628640234465,28.5,True Negative
Spodoptera,Armyworm Moths,Insecta,0,0,0.21622179327200708,0.0,7,121.14285714285714,0.11344411969184871,26.857142857142858,True Negative
Polypodium,polypody ferns,Plantae,0,0,0.21622095419766693,0.0,4,121.25,0.13522512093186373,25.25,True Negative
Mimetus,Cannibal Spiders,Arachnida,0,0,0.2161658202195972,0.0,6,138.66666666666666,0.14203212286035213,27.166666666666668,True Negative
Acmispon heermannii,Heermann's Lotus,Plantae,0,0,0.21592684682445182,0.0,14,96.78571428571429,0.15325735615832461,27.285714285714285,True Negative
Diplacus longiflorus,southern bush monkeyflower,Plantae,0,0,0.21583647782210516,0.0,2,167.5,0.1239901334047317,28.0,True Negative
Ptinidae,"Deathwatch, Spider, and Wood-borer Beetles",Insecta,0,0,0.21574452960599488,0.0,6,133.16666666666666,0.14234991744160647,26.5,True Negative
Philanthus crabroniformis,,Insecta,0,0,0.21571624289591673,0.0,3,199.0,0.1420031686623891,26.666666666666668,True Negative
Pleurota albastrigulella,,Insecta,0,0,0.21553246360405745,0.0,8,149.0,0.14580483548343176,26.375,True Negative
Scleropodium,,Plantae,0,0,0.2153573377100831,0.0,6,163.0,0.16910388320684433,22.0,True Negative
Paradidyma singularis,,Insecta,0,0,0.21520644732733782,0.0,3,207.33333333333334,0.1378681858380635,27.0,True Negative
Scolops,,Insecta,0,0,0.21515448822306504,0.0,5,191.8,0.12903901934623715,27.0,True Negative
Feron atrimentum,Striped Volcano Gall Wasp,Insecta,0,0,0.21493489144067757,0.0,5,173.0,0.13839639425277708,27.4,True Negative
Plutella,,Insecta,0,0,0.21486948102300482,0.0,2,135.5,0.1519113406538963,26.5,True Negative
Cercocarpus,mountain mahoganies,Plantae,0,0,0.21479465806262146,0.0,17,100.82352941176471,0.16364250156809296,26.235294117647058,True Negative
Coleophora nigrostriata,,Insecta,0,0,0.21477586657492742,0.0,4,191.25,0.1360000595450401,26.25,True Negative
Scotophaeus blackwalli,Mouse Spider,Arachnida,0,0,0.21475052705748154,0.0,10,149.0,0.09981757998466485,28.3,True Negative
Agaricus californicus,California Agaricus,Fungi,0,0,0.21471763618966544,0.0,13,112.38461538461539,0.18090611524306807,27.384615384615383,True Negative
Musca domestica,Common House Fly,Insecta,0,0,0.2147045194114512,0.0,3,166.33333333333334,0.13384113709131873,21.666666666666668,True Negative
Actinopterygii,Ray-finned Fishes,Actinopterygii,0,0,0.214581359190495,0.0,18,107.05555555555556,0.15610925920514596,26.166666666666668,True Negative
Ceratina,Small Carpenter Bees,Insecta,0,0,0.21446405325272547,0.0,17,105.6470588235294,0.1704426534912165,27.0,True Negative
Helminthoglypta traskii,Trask Shoulderband Snail,Mollusca,0,0,0.21438705348375778,0.0,4,152.25,0.14775258488953108,25.25,True Negative
Sciaroidea,Fungus Gnats and Gall Midges,Insecta,0,0,0.2143335329243931,0.0,7,132.57142857142858,0.16730210185050962,26.0,True Negative
Downingia cuspidata,toothed calicoflower,Plantae,0,0,0.2140331973061895,0.0,5,242.8,0.11179659366607661,28.6,True Negative
Trichopolia,,Insecta,0,0,0.2139185186606169,0.0,7,117.14285714285714,0.1172087490558624,29.428571428571427,True Negative
Hesperocnide tenella,Western nettle,Plantae,0,0,0.21386629133326082,0.0,3,153.0,0.14739034821589783,23.333333333333332,True Negative
Cebrioninae,,Insecta,0,0,0.213521665606765,0.0,1,314.0,0.1106089502573013,27.0,True Negative
Corbicula fluminea,Asian Clam,Mollusca,0,0,0.2134600250771292,0.0,86,116.33720930232558,0.1495547868801432,22.523255813953487,True Negative
Salvia hispanica,chia,Plantae,0,0,0.21341313738313056,0.0,1,325.0,0.1229195743799209,20.0,True Negative
Machilinae,,Insecta,0,0,0.2133718324178301,0.0,3,146.33333333333334,0.1550633410612742,27.333333333333332,True Negative
Spodoptera ornithogalli,Yellow-striped Armyworm Moth,Insecta,0,0,0.2133515501199796,0.0,4,141.25,0.1166410539299249,26.5,True Negative
Trimerotropis fontana,Fontana Grasshopper,Insecta,0,0,0.21334567541137148,0.0,2,286.5,0.13057944178581235,25.0,True Negative
Coprinellus,,Fungi,0,0,0.21333828635899674,0.0,5,193.4,0.16300035715103145,26.8,True Negative
Rhynchophorus palmarum,South American Palm Weevil,Insecta,0,0,0.2132598078000095,0.0,6,167.16666666666666,0.16931610057751334,27.666666666666668,True Negative
Meinertellidae,Rock Bristletails,Insecta,0,0,0.21298016602108052,0.0,3,209.33333333333334,0.14292064060767487,25.666666666666668,True Negative
Erebinae,,Insecta,0,0,0.21255629288623562,0.0,3,128.0,0.13799059018492693,26.666666666666668,True Negative
Lysimachia minima,Chaffweed,Plantae,0,0,0.21253694878345902,0.0,2,253.5,0.13352878391742706,29.0,True Negative
Erythemis collocata,Western Pondhawk,Insecta,0,0,0.21247607874671623,0.0,12,97.75,0.164703461031119,26.666666666666668,True Negative
Asparagus asparagoides,Cape Smilax,Plantae,0,0,0.21246674037706384,0.0,8,124.75,0.18960533104836935,25.75,True Negative
Phoradendron macrophyllum,broadleaf mistletoe,Plantae,0,0,0.21228840327281256,0.0,92,98.92391304347827,0.169576052657288,26.195652173913043,True Negative
Lithophragma parviflorum,smallflower woodland star,Plantae,0,0,0.21225526693871438,0.0,1,234.0,0.0960311442613601,21.0,True Negative
Argyrotaenia,,Insecta,0,0,0.212246971368067,0.0,3,181.33333333333334,0.12240820874770476,28.0,True Negative
Leptoglossus clypealis,Western Leaf-footed Bug,Insecta,0,0,0.21215491844215711,0.0,7,175.71428571428572,0.11568369716405866,26.857142857142858,True Negative
Pseudomasaris coquilletti,,Insecta,0,0,0.21210818583422167,0.0,8,97.25,0.13615523278713224,24.25,True Negative
Agalliina,,Insecta,0,0,0.21198028121257495,0.0,3,219.66666666666666,0.15064934392770127,26.333333333333332,True Negative
Symplecta,,Insecta,0,0,0.21178523733657695,0.0,2,171.0,0.14955139905214304,27.5,True Negative
Hololena,,Arachnida,0,0,0.21168715781436304,0.0,7,148.42857142857142,0.17797504897628508,27.142857142857142,True Negative
Hoplinus echinatus,,Insecta,0,0,0.21147876105445598,0.0,3,117.33333333333333,0.14987522363662717,27.666666666666668,True Negative
Ashmeadiella opuntiae,Prickly-pear Angled-Mason,Insecta,0,0,0.21145715104165447,0.0,3,235.66666666666666,0.12620682020982107,26.666666666666668,True Negative
Oedaleonotus,,Insecta,0,0,0.21100136418165252,0.0,4,183.5,0.12539726868271822,24.5,True Negative
Acmaeodera acuta,,Insecta,0,0,0.2109994570507634,0.0,5,92.4,0.1317583173513412,29.6,True Negative
Aristotelia roseosuffusella,Pink-washed Aristotelia Moth,Insecta,0,0,0.21093868564081444,0.0,8,174.875,0.11665037274360653,28.875,True Negative
Hesperiinae,Grass Skippers,Insecta,0,0,0.21081538748076603,0.0,3,182.33333333333334,0.15370256702105198,25.666666666666668,True Negative
Neotominae,North American Mice and Rats,Mammalia,0,0,0.2107109548353121,0.0,3,180.0,0.12489054103692365,25.333333333333332,True Negative
Trombidium,,Arachnida,0,0,0.21062449788565066,0.0,5,165.6,0.1652560740709304,24.2,True Negative
Typha domingensis,southern cattail,Plantae,0,0,0.2105980574759547,0.0,94,107.09574468085107,0.1993783613310215,28.0531914893617,True Negative
Bartramia stricta,Rigid Apple Moss,Plantae,0,0,0.2103748638882662,0.0,5,175.6,0.13644048422574995,21.8,True Negative
Aspidoscelis,Northern Whiptails,Reptilia,0,0,0.21028401984207623,0.0,5,116.8,0.1327054157853126,22.8,True Negative
Chlosyne,Patches and Allies,Insecta,0,0,0.2102545072803091,0.0,3,146.33333333333334,0.1394608045617739,28.0,True Negative
Nassella tenuissima,Mexican feathergrass,Plantae,0,0,0.20992375920239487,0.0,3,196.33333333333334,0.15248561153809226,28.666666666666668,True Negative
Agonoscelis puberula,African Cluster Bug,Insecta,0,0,0.20988841468705002,0.0,4,120.75,0.15027866512536997,28.0,True Negative
Siphona,,Insecta,0,0,0.20980308557223817,0.0,8,186.125,0.13174574729055163,26.375,True Negative
Coreopsis lanceolata,Lance-leaved Coreopsis,Plantae,0,0,0.2096706246548817,0.0,3,141.66666666666666,0.13564374049504593,27.666666666666668,True Negative
Oxyopes scalaris,Western Lynx Spider,Arachnida,0,0,0.20950959883846096,0.0,3,171.0,0.13572097818056741,27.666666666666668,True Negative
Lytta nitidicollis,,Insecta,0,0,0.20926161216240285,0.0,3,179.66666666666666,0.1333372145891189,26.666666666666668,True Negative
Scutigera coleoptrata,House Centipede,Animalia,0,0,0.20922810999228794,0.0,10,147.5,0.16963998749852174,28.3,True Negative
Trichaptum,,Fungi,0,0,0.209067833200666,0.0,1,221.0,0.1148260757327079,33.0,True Negative
Acrolophus laticapitana,,Insecta,0,0,0.20896648502763757,0.0,2,160.0,0.1472042948007583,26.5,True Negative
Eragrostis curvula,African love grass,Plantae,0,0,0.20895117694021664,0.0,1,259.0,0.1299416422843933,24.0,True Negative
Lygus,Lygus Bugs,Insecta,0,0,0.20894338449269953,0.0,4,134.5,0.14122403226792807,26.5,True Negative
Lasioglossum mellipes,,Insecta,0,0,0.20887770098331873,0.0,4,170.25,0.11432300508022306,26.75,True Negative
Theraphosidae,Tarantulas,Arachnida,0,0,0.20887666323206963,0.0,3,161.0,0.13247955342133835,26.666666666666668,True Negative
Asterales,"Sunflowers, Bellflowers, Fanflowers, and Allies",Plantae,0,0,0.20875234445459226,0.0,2,255.5,0.1355410441756248,25.5,True Negative
Hypochaeris radicata,Common Cat's-ear,Plantae,0,0,0.20874019896041635,0.0,3,208.0,0.12190400809049602,27.0,True Negative
Collybia rivulosa,Fool's Funnel,Fungi,0,0,0.208425709519646,0.0,6,178.5,0.1456422371168931,26.333333333333332,True Negative
Procambarus clarkii,Red Swamp Crayfish,Animalia,0,0,0.2083873390250713,0.0,194,91.06701030927834,0.19869565291656657,27.190721649484537,True Negative
Goeldichironomus amazonicus,,Insecta,0,0,0.20820813481303754,0.0,3,173.66666666666666,0.08645326582094026,27.333333333333332,True Negative
Urocyon cinereoargenteus,Gray Fox,Mammalia,0,0,0.20814883328094375,0.0,13,103.23076923076923,0.15056128570666677,27.23076923076923,True Negative
Sisymbrium,Hedgemustards,Plantae,0,0,0.20814173436221245,0.0,8,102.625,0.1613560654222965,24.25,True Negative
Datura,Devil's Trumpets,Plantae,0,0,0.20812299644772211,0.0,13,90.92307692307692,0.18521616550592274,25.384615384615383,True Negative
Clidophleps distanti,,Insecta,0,0,0.20811149285079744,0.0,1,135.0,0.1511665433645248,19.0,True Negative
Veronica peregrina,Purslane Speedwell,Plantae,0,0,0.20806959676195957,0.0,1,244.0,0.120450347661972,28.0,True Negative
Tramea lacerata,Black Saddlebags,Insecta,0,0,0.20795357130057252,0.0,20,117.6,0.1697255630046129,25.75,True Negative
Gaillardia pulchella,firewheel,Plantae,0,0,0.2079039685575224,0.0,3,181.33333333333334,0.13260258982578907,29.666666666666668,True Negative
Brachythecium albicans,Whitish Feather-moss,Plantae,0,0,0.20789077802083555,0.0,5,109.0,0.1485701352357864,24.0,True Negative
Atanycolus,,Insecta,0,0,0.20785990076743563,0.0,3,210.33333333333334,0.1507940789063771,27.0,True Negative
Trifolium gracilentum,pinpoint clover,Plantae,0,0,0.20777159311872612,0.0,1,260.0,0.130274161696434,31.0,True Negative
Nostoc,,,0,0,0.20766874770374058,0.0,4,143.0,0.1250961329787969,23.0,True Negative
Brachynomada annectens,,Insecta,0,0,0.20765601969234607,0.0,3,216.0,0.12099471191565193,25.666666666666668,True Negative
Catalinia,,Arachnida,0,0,0.20764678574513593,0.0,11,96.9090909090909,0.1290481158278205,25.363636363636363,True Negative
Lacinipolia strigicollis,Collared Arches Moth,Insecta,0,0,0.20756928666552338,0.0,9,185.66666666666666,0.11237087431881158,28.444444444444443,True Negative
Zelia,,Insecta,0,0,0.20755110145976077,0.0,5,166.0,0.15170259624719615,27.6,True Negative
Bebbia juncea aspera,Rough Sweetbush,Plantae,0,0,0.20752091685489626,0.0,10,104.8,0.10572556182742114,27.3,True Negative
Eumolpinae,,Insecta,0,0,0.20735897399980027,0.0,2,150.5,0.1527387127280235,24.0,True Negative
Tantilla planiceps,Western Black-headed Snake,Reptilia,0,0,0.2073449119995577,0.0,9,109.88888888888889,0.1539448723196983,25.0,True Negative
Hockeria,,Insecta,0,0,0.2073134044747976,0.0,3,176.0,0.13957546403010684,29.0,True Negative
Pteromalidae,,Insecta,0,0,0.20729912160919534,0.0,4,167.75,0.08363568782806392,25.75,True Negative
Cordylanthus,Bird's-beaks,Plantae,0,0,0.20727841932990623,0.0,1,289.0,0.1457947045564651,22.0,True Negative
Rubus ursinus macropetalus,California blackberry,Plantae,0,0,0.20725120106499448,0.0,4,80.75,0.13294202648103234,30.25,True Negative
Trupanea bisetosa,,Insecta,0,0,0.20723805468932235,0.0,4,201.75,0.08918105904012916,28.0,True Negative
Hemileuca electra,Electra Buckmoth,Insecta,0,0,0.20720312154881204,0.0,3,227.0,0.11642373104890184,26.666666666666668,True Negative
Raphanus,Radishes,Plantae,0,0,0.2070688639437039,0.0,41,95.51219512195122,0.18350483248828023,25.75609756097561,True Negative
Verbena bracteata,Bigbract Verbena,Plantae,0,0,0.20705443330981452,0.0,3,165.0,0.07672426228721933,31.0,True Negative
Curculionoidea,Snout and Bark Beetles,Insecta,0,0,0.2069460443585575,0.0,3,143.33333333333334,0.1474329556028048,23.333333333333332,True Negative
Stephanomeria exigua deanei,Deane's wirelettuce,Plantae,0,0,0.20668806281640767,0.0,2,189.5,0.1473076045513153,27.5,True Negative
Macaria metanemaria,Baccharis Inchworm Moth,Insecta,0,0,0.2066598982544132,0.0,4,120.75,0.15525625646114347,26.75,True Negative
Nezarini,,Insecta,0,0,0.2064472778485615,0.0,1,348.0,0.1242727190256118,29.0,True Negative
Trombidiformes,Trombidiform Mites,Arachnida,0,0,0.20635596567017264,0.0,3,144.66666666666666,0.1431355774402618,24.666666666666668,True Negative
Laetiporus gilbertsonii,Western Hardwood Sulphur Shelf,Fungi,0,0,0.20629358834414746,0.0,7,147.42857142857142,0.16379941787038524,28.714285714285715,True Negative
Clarkia amoena,Farewell-To-Spring,Plantae,0,0,0.2062392999406453,0.0,6,97.33333333333333,0.15211428205172217,24.166666666666668,True Negative
Ascalaphinae,Owlflies,Insecta,0,0,0.206116289236279,0.0,1,334.0,0.1227077916264534,23.0,True Negative
Bicellaria,,Insecta,0,0,0.20546939352461557,0.0,5,179.0,0.1428739935159683,26.0,True Negative
Pipilo chlorurus,Green-tailed Towhee,Aves,0,0,0.20546627086881186,0.0,9,133.66666666666666,0.13465286377403465,28.77777777777778,True Negative
Brodiaea elegans,harvest brodiaea,Plantae,0,0,0.20522447320726364,0.0,9,97.33333333333333,0.1463328384690814,19.0,True Negative
Nyctoporis,,Insecta,0,0,0.2052100557712668,0.0,3,193.0,0.15050885081291196,21.666666666666668,True Negative
Exema,,Insecta,0,0,0.20511921129066019,0.0,7,138.42857142857142,0.1382724962064198,28.142857142857142,True Negative
Thyanta custator accerra,,Insecta,0,0,0.2047111858910629,0.0,4,184.75,0.13200969621539113,25.5,True Negative
Hordeum murinum glaucum,smooth barley,Plantae,0,0,0.20448656697122325,0.0,3,183.33333333333334,0.13072989881038663,29.333333333333332,True Negative
Asagena medialis,,Arachnida,0,0,0.20439494113864684,0.0,2,213.5,0.11983967572450635,28.0,True Negative
Selineae,,Plantae,0,0,0.20430647853855793,0.0,1,281.0,0.1296493262052536,19.0,True Negative
Lucilia coeruleiviridis,Blue-green Bottle Fly,Insecta,0,0,0.20418468661659672,0.0,4,148.5,0.12355533242225643,25.0,True Negative
Termitoidae,Termites,Insecta,0,0,0.20403034345511378,0.0,3,119.66666666666667,0.14850478122631708,23.666666666666668,True Negative
Ancylis,,Insecta,0,0,0.20396057897908976,0.0,1,345.0,0.1029006242752075,28.0,True Negative
Cecropterus pylades,Northern Cloudywing,Insecta,0,0,0.20396057897908976,0.0,1,345.0,0.1029006242752075,28.0,True Negative
Mimorista subcostalis,,Insecta,0,0,0.20396057897908976,0.0,1,345.0,0.1029006242752075,28.0,True Negative
Pandion haliaetus carolinensis,American Osprey,Aves,0,0,0.20386871626948913,0.0,14,159.35714285714286,0.1384667041711509,21.214285714285715,True Negative
Acacia melanoxylon,blackwood,Plantae,0,0,0.20385566073900302,0.0,1,278.0,0.1457470208406448,25.0,True Negative
Chaenactis stevioides,Desert Pincushion,Plantae,0,0,0.20385566073900302,0.0,1,278.0,0.1457470208406448,25.0,True Negative
Collops marginicollis,,Insecta,0,0,0.20379360871081256,0.0,10,187.2,0.1254810601472854,25.7,True Negative
Peckhamia,,Arachnida,0,0,0.20366406290181976,0.0,3,190.66666666666666,0.1409229089816411,25.333333333333332,True Negative
Arcyria,,Protozoa,0,0,0.203575094772115,0.0,1,259.0,0.1246538013219833,30.0,True Negative
Platypedia,Wing-tapping Cicadas,Insecta,0,0,0.20353848925147755,0.0,2,193.5,0.13133012503385538,28.5,True Negative
Limosella,Mudweeds,Plantae,0,0,0.2035269912106734,0.0,1,223.0,0.118730328977108,29.0,True Negative
Achroia grisella,Lesser Wax Moth,Insecta,0,0,0.20344990708044716,0.0,3,145.0,0.1469584703445434,27.0,True Negative
Metopia,,Insecta,0,0,0.2034310100217315,0.0,3,172.33333333333334,0.1475641280412673,25.0,True Negative
Coreinae,,Insecta,0,0,0.20340883396997503,0.0,2,230.0,0.1409930437803268,27.0,True Negative
Emmelina monodactyla,Morning-glory Plume Moth,Insecta,0,0,0.2033848249831934,0.0,4,180.5,0.12312625348567957,28.25,True Negative
Megachile policaris,,Insecta,0,0,0.20321060684381576,0.0,8,169.0,0.1337780402973294,26.375,True Negative
Tabanus lineola,Striped Horse Fly,Insecta,0,0,0.20314964148539624,0.0,1,295.0,0.142332062125206,27.0,True Negative
Trifolium depauperatum truncatum,purple sack clover,Plantae,0,0,0.20294075626513067,0.0,1,249.0,0.1291489601135254,19.0,True Negative
Eptesicus fuscus,Big Brown Bat,Mammalia,0,0,0.20281079045811035,0.0,4,130.25,0.13894182257354257,25.0,True Negative
Dilophus orbatus,,Insecta,0,0,0.20276912179176337,0.0,4,123.75,0.11977946572005742,23.5,True Negative
Crematogaster californica,,Insecta,0,0,0.20248106817587821,0.0,2,235.5,0.14795992523431775,20.5,True Negative
Chromelosporium,,Fungi,0,0,0.20214121533121737,0.0,18,97.55555555555556,0.17025869836409882,25.666666666666668,True Negative
Eupithecia subapicata,,Insecta,0,0,0.2017969071120006,0.0,5,145.4,0.11472436785697933,27.2,True Negative
Leucospis affinis,,Insecta,0,0,0.20174995615673574,0.0,7,157.14285714285714,0.15890575838940477,25.571428571428573,True Negative
Opuntieae,,Plantae,0,0,0.20163020108093652,0.0,1,244.0,0.1208013147115707,30.0,True Negative
Vespula,Ground Yellowjackets,Insecta,0,0,0.20141036826514325,0.0,9,129.33333333333334,0.16803879208034933,27.22222222222222,True Negative
Russula cerolens,Pocket-stalked russula,Fungi,0,0,0.2013882026661161,0.0,7,142.57142857142858,0.1667506471276283,27.571428571428573,True Negative
Plataea californiaria,,Insecta,0,0,0.20131622655218864,0.0,4,156.75,0.13390325568616387,24.0,True Negative
Belomicrus,,Insecta,0,0,0.20130604743553018,0.0,2,178.5,0.14760645478963846,19.0,True Negative
Piranga ludoviciana,Western Tanager,Aves,0,0,0.20130124796893412,0.0,17,126.05882352941177,0.1760957212296917,24.941176470588236,True Negative
Erythraeinae,,Arachnida,0,0,0.20119997444190438,0.0,2,196.5,0.12564044073224065,25.0,True Negative
Medetera,Woodpecker Flies,Insecta,0,0,0.20104888823852407,0.0,3,193.0,0.12960877021153763,28.333333333333332,True Negative
Schizomantodea,,Insecta,0,0,0.20101552302161135,0.0,4,97.5,0.13219274953007693,28.0,True Negative
Talavera minuta,Minute Jumping Spider,Arachnida,0,0,0.2010110141557284,0.0,1,124.0,0.1398897916078567,18.0,True Negative
Lonicera,,Plantae,0,0,0.20095664618934714,0.0,3,148.66666666666666,0.15206492940584812,28.333333333333332,True Negative
Phthiacnemia picta,,Insecta,0,0,0.20092134750139992,0.0,1,138.0,0.1403811872005462,19.0,True Negative
Conura,,Insecta,0,0,0.20090170582117275,0.0,5,144.2,0.16090977489948272,24.0,True Negative
Anthemideae,"Chamomiles, yarrows, and allies",Plantae,0,0,0.20088714196705387,0.0,6,154.83333333333334,0.09982256521470843,23.333333333333332,True Negative
Thaumatomyia rubida,,Insecta,0,0,0.20044001005647083,0.0,5,157.8,0.15407624244689938,23.8,True Negative
Cephaloziella,,Plantae,0,0,0.20041632163836445,0.0,2,257.0,0.12581797316670415,22.5,True Negative
Stegobium paniceum,Drugstore Beetle,Insecta,0,0,0.2003747606677539,0.0,1,147.0,0.1354439556598663,19.0,True Negative
Trapeliaceae,,Fungi,0,0,0.2002274734752301,0.0,4,160.0,0.1381977796554565,23.0,True Negative
Strymon istapa,Mallow Scrub-Hairstreak,Insecta,0,0,0.20003870795693443,0.0,5,131.2,0.1738042145967483,27.8,True Negative
Empidinae,,Insecta,0,0,0.19993833194915642,0.0,4,133.0,0.11765451543033117,24.5,True Negative
Isoetes,quillworts,Plantae,0,0,0.1998152581883291,0.0,2,253.0,0.1224719956517219,30.0,True Negative
Koelreuteria elegans,Taiwanese Rain Tree,Plantae,0,0,0.1998007786509665,0.0,3,167.33333333333334,0.15324330826600388,31.666666666666668,True Negative
Cisthene,,Insecta,0,0,0.19978316739680668,0.0,3,150.66666666666666,0.1537419234712918,26.666666666666668,True Negative
Anemopsis californica,Yerba Mansa,Plantae,0,0,0.19951144898845188,0.0,338,90.77218934911242,0.205443292712936,26.81360946745562,True Negative
Euscelidius,,Insecta,0,0,0.19936434462636166,0.0,5,124.6,0.13861617594957348,27.6,True Negative
Colaspidea,,Insecta,0,0,0.1992024120792086,0.0,7,217.42857142857142,0.12287697408880502,28.714285714285715,True Negative
Pyrausta dapalis,,Insecta,0,0,0.19918516795277275,0.0,3,123.33333333333333,0.15137737989425654,27.0,True Negative
Persicaria amphibia emersa,longroot smartweed,Plantae,0,0,0.19914777025839975,0.0,3,168.66666666666666,0.15517692764600113,29.0,True Negative
Ageniella,,Insecta,0,0,0.19893701367477643,0.0,11,100.81818181818181,0.1578594635833393,27.181818181818183,True Negative
Mecyna mustelinalis,,Insecta,0,0,0.1988317368888561,0.0,3,165.66666666666666,0.11113957812388732,25.666666666666668,True Negative
Penthaleidae,,Arachnida,0,0,0.19882963255384398,0.0,2,207.5,0.1220733113586902,25.0,True Negative
Eriophora,,Arachnida,0,0,0.19868062371282694,0.0,2,206.0,0.1355078630149364,27.0,True Negative
Hoplitis,Small Mason Bees,Insecta,0,0,0.19821687777305,0.0,3,169.66666666666666,0.10250918318827944,27.0,True Negative
Bethylinae,,Insecta,0,0,0.19817622635136486,0.0,2,199.5,0.1255899854004383,29.0,True Negative
Hemeroplanis,,Insecta,0,0,0.1980930524723512,0.0,3,167.0,0.13999035706122712,26.666666666666668,True Negative
Rhagio californicus,,Insecta,0,0,0.1980765399163985,0.0,1,238.0,0.1344472914934158,27.0,True Negative
Amitermes,,Insecta,0,0,0.19800558920310146,0.0,2,202.0,0.1421229690313339,25.0,True Negative
Ericameria,goldenbushes,Plantae,0,0,0.19794903351417453,0.0,3,164.0,0.14346770197153091,27.0,True Negative
Anisoptera,Dragonflies,Insecta,0,0,0.19792643867418747,0.0,8,102.125,0.15178668592125172,27.625,True Negative
Huleria,,Insecta,0,0,0.19791784330374296,0.0,3,171.33333333333334,0.1331251809994379,21.333333333333332,True Negative
Phytomyza,,Insecta,0,0,0.19762417051518297,0.0,3,164.33333333333334,0.14768844842910764,28.0,True Negative
Bruchidius villosus,Broom Seed Beetle,Insecta,0,0,0.19758372731862814,0.0,2,237.5,0.06910561770200725,29.0,True Negative
Ancistrocerus adiabatus,Bramble Mason Wasp,Insecta,0,0,0.19757391897807433,0.0,2,183.0,0.1433621197938919,23.0,True Negative
Galerina,Moss Bells,Fungi,0,0,0.1974974352251911,0.0,10,78.4,0.1415007725358009,26.1,True Negative
Artemisiospiza belli,Bell's Sparrow,Aves,0,0,0.19740628688867703,0.0,1,275.0,0.1484348028898239,31.0,True Negative
Ferocactus,barrel cactuses,Plantae,0,0,0.19736449981055074,0.0,1,235.0,0.1110593974590301,28.0,True Negative
Pluchea odorata odorata,sweetscent,Plantae,0,0,0.19734243824712713,0.0,107,99.91588785046729,0.1764955423537328,26.44859813084112,True Negative
Eucera dorsata,,Insecta,0,0,0.19728738839476462,0.0,3,220.33333333333334,0.1292420327663421,28.0,True Negative
Neotoma fuscipes,Dusky-footed Woodrat,Mammalia,0,0,0.19713304517184174,0.0,1,204.0,0.148617148399353,27.0,True Negative
Helminthoglypta tudiculata grippii,,Mollusca,0,0,0.1971325531323582,0.0,12,99.5,0.1542072122295697,25.833333333333332,True Negative
Arrhopalitidae,,Animalia,0,0,0.1968449179388492,0.0,1,231.0,0.1414334326982498,20.0,True Negative
Pellenattus limatus,,Arachnida,0,0,0.19674432640794506,0.0,1,262.0,0.1209957152605056,27.0,True Negative
Anstenoptilia,,Insecta,0,0,0.19670870447998204,0.0,2,145.0,0.135508544743061,24.0,True Negative
Melissodes lupinus,,Insecta,0,0,0.19655442118000585,0.0,1,186.0,0.1361063718795776,25.0,True Negative
Melissodes plumosus,,Insecta,0,0,0.19655442118000585,0.0,1,186.0,0.1361063718795776,25.0,True Negative
Melissodes tessellatus,,Insecta,0,0,0.19655442118000585,0.0,1,186.0,0.1361063718795776,25.0,True Negative
Exoteleia graphicella,,Insecta,0,0,0.19653540174145237,0.0,7,181.42857142857142,0.1316564498203141,25.857142857142858,True Negative
Erodium texanum,Texas stork's bill,Plantae,0,0,0.19644056368695792,0.0,1,200.0,0.1303823888301849,26.0,True Negative
Dasytes,,Insecta,0,0,0.1964159825419227,0.0,2,174.5,0.1461199447512626,27.5,True Negative
Anopina,,Insecta,0,0,0.19632675893563417,0.0,2,159.5,0.1287654601037502,26.5,True Negative
Pentatomidae,Stink Bugs,Insecta,0,0,0.1963156179772775,0.0,7,161.14285714285714,0.11315224366262555,21.428571428571427,True Negative
Cladonia coniocraea,Common Powderhorn,Fungi,0,0,0.1962723693010804,0.0,11,133.45454545454547,0.16676805642518125,26.90909090909091,True Negative
Datana perspicua,Spotted Datana Moth,Insecta,0,0,0.1962524582107272,0.0,3,147.33333333333334,0.1110793960591157,26.666666666666668,True Negative
Litaneutria chaparrali,,Insecta,0,0,0.1961618212011342,0.0,3,210.33333333333334,0.13810220360755918,27.0,True Negative
Dinomus,,Insecta,0,0,0.1961591578033189,0.0,3,118.0,0.1447097981969515,24.0,True Negative
Elatine,waterworts,Plantae,0,0,0.19609412928357586,0.0,2,251.5,0.1218577325344085,30.0,True Negative
Tylobolus claremontus,,Animalia,0,0,0.19608247670674162,0.0,3,214.0,0.13856647411982212,28.666666666666668,True Negative
Plantago rhodosperma,redseed plantain,Plantae,0,0,0.19602287985485756,0.0,3,153.0,0.1276225422819455,25.0,True Negative
Thaumatomyia,,Insecta,0,0,0.19598444500821352,0.0,10,129.4,0.16527581885457035,25.6,True Negative
Grevillea robusta,silk oak,Plantae,0,0,0.19578183288132608,0.0,20,152.0,0.11858859935309736,6.9,True Negative
Chloropidae,Frit Flies,Insecta,0,0,0.19571344771751767,0.0,1,237.0,0.1533557474613189,24.0,True Negative
Scandiceae,"Chervils, Carrots, Hedgeparsleys and Allies",Plantae,0,0,0.19570320097002925,0.0,5,97.2,0.15015676319599147,22.4,True Negative
Ambrosia acanthicarpa,Flatspine Bursage,Plantae,0,0,0.19569880967738768,0.0,3,207.66666666666666,0.13000603268543878,29.0,True Negative
Twiningia,,Insecta,0,0,0.19568381973487617,0.0,3,150.66666666666666,0.13791914780934647,24.333333333333332,True Negative
Hemidactylus turcicus,Mediterranean House Gecko,Reptilia,0,0,0.1949960588993882,0.0,9,174.33333333333334,0.11721275498469669,28.444444444444443,True Negative
Felis catus,Domestic Cat,Mammalia,0,0,0.1949486338971961,0.0,5,97.4,0.1425615385174751,26.4,True Negative
Phycitini,,Insecta,0,0,0.1948344772909459,0.0,10,103.1,0.14218315333127973,26.9,True Negative
Neolasioptera mimuli,,Insecta,0,0,0.19467866549650129,0.0,3,141.33333333333334,0.14428790410359696,22.0,True Negative
Trombidioidea,Velvet Mites,Arachnida,0,0,0.19467317463582254,0.0,3,211.0,0.14451174189647034,25.333333333333332,True Negative
Trachymela sloanei,Australian Tortoise Beetle,Insecta,0,0,0.19461118554505988,0.0,4,195.75,0.1220286656171083,20.25,True Negative
Ambrosia,Ragweeds,Plantae,0,0,0.19449437118938145,0.0,13,91.23076923076923,0.17502255565845046,24.615384615384617,True Negative
Cycloneda,Spotless Lady Beetles,Insecta,0,0,0.19434275419205777,0.0,7,126.85714285714286,0.1720355940716607,25.571428571428573,True Negative
Gyponana procera,,Insecta,0,0,0.19428595847105293,0.0,3,168.0,0.1555199523766835,28.333333333333332,True Negative
Chrysanthrax edititius,,Insecta,0,0,0.1941944678650012,0.0,2,251.0,0.0965790674090385,29.0,True Negative
Nymphalis,Tortoiseshells,Insecta,0,0,0.19400990862502068,0.0,1,103.0,0.147298976778984,20.0,True Negative
Ambigolimax valentianus,Striped Greenhouse Slug,Mollusca,0,0,0.19399276236399574,0.0,5,117.8,0.12252002060413354,28.0,True Negative
Oenothera elata,tall evening primrose,Plantae,0,0,0.1939709623544936,0.0,325,95.24307692307693,0.18724203502902614,27.16,True Negative
Pterotus obscuripennis,Douglas fir glow-worm,Insecta,0,0,0.19390975085636963,0.0,2,211.0,0.12570386379957194,28.5,True Negative
Epilobium,willowherbs,Plantae,0,0,0.19382830801430262,0.0,3,140.33333333333334,0.13199300070603684,25.0,True Negative
Alticini,Flea Beetles,Insecta,0,0,0.1937851191473129,0.0,5,158.0,0.16079736649990078,25.6,True Negative
Habropoda,,Insecta,0,0,0.19378176013478243,0.0,2,221.5,0.143017292022705,24.0,True Negative
Europiella,,Insecta,0,0,0.19373456623573657,0.0,4,175.75,0.13223415240645403,26.0,True Negative
Oxychilus,Typical Glass Snails,Mollusca,0,0,0.19365706925176046,0.0,4,150.75,0.1046827752143144,27.75,True Negative
Malacothrix saxatilis,Cliff Aster,Plantae,0,0,0.1935900395640925,0.0,1,212.0,0.1222279295325279,29.0,True Negative
Heliotropium,Heliotropes,Plantae,0,0,0.19348461518009127,0.0,2,167.5,0.11297098919749254,30.5,True Negative
Macariini,Angle Moths and Allies,Insecta,0,0,0.19347612980951667,0.0,6,98.66666666666667,0.15069435536861417,24.5,True Negative
Stenopelmatini,American Jerusalem Crickets,Insecta,0,0,0.1933511210518271,0.0,2,238.0,0.14314828440546984,22.5,True Negative
Arachnis,,Insecta,0,0,0.19329262314095005,0.0,8,117.25,0.1640407023951411,27.25,True Negative
Cistus creticus eriocephalus,Hairy rock-rose,Plantae,0,0,0.19328220372391702,0.0,5,112.6,0.18927122354507445,25.2,True Negative
Bebbia juncea,Sweetbush,Plantae,0,0,0.19317272917884612,0.0,4,95.5,0.09615557268261905,27.75,True Negative
Pleuridium,,Plantae,0,0,0.19314672376597966,0.0,2,175.5,0.12974259257316584,27.5,True Negative
Baccharis sarothroides × pilularis,,Plantae,0,0,0.19311684799484777,0.0,7,109.71428571428571,0.16018282089914587,27.0,True Negative
Blondeliini,,Insecta,0,0,0.19307078856667226,0.0,1,243.0,0.0780679732561111,27.0,True Negative
Microgastrinae,,Insecta,0,0,0.19296132265776345,0.0,8,112.25,0.13824724871665234,26.0,True Negative
Cotesia,,Insecta,0,0,0.1929128911555616,0.0,2,206.5,0.10351778939366335,27.0,True Negative
Thuidiaceae,,Plantae,0,0,0.19287055508440948,0.0,1,176.0,0.1189372166991233,23.0,True Negative
Phthiriini,,Insecta,0,0,0.19263470090124268,0.0,3,176.33333333333334,0.14090414345264432,27.0,True Negative
Descurainia pinnata,Western Tansymustard,Plantae,0,0,0.1923898094086537,0.0,1,162.0,0.0933428630232811,30.0,True Negative
Lerodea eufala,Eufala Skipper,Insecta,0,0,0.19232722126003296,0.0,4,152.0,0.13148279674351213,22.25,True Negative
Conocybe,Conecaps,Fungi,0,0,0.1923078099838295,0.0,1,57.0,0.1209317818284034,24.0,True Negative
Corticiales,,Fungi,0,0,0.1923078099838295,0.0,1,57.0,0.1209317818284034,24.0,True Negative
Homalonychus theologus,,Arachnida,0,0,0.19230772609250438,0.0,3,220.66666666666666,0.15617546439170837,27.666666666666668,True Negative
Artemisia palmeri,San Diego Sagewort,Plantae,0,0,0.19214021845207319,0.0,58,95.86206896551724,0.19662314280867574,22.413793103448278,True Negative
Pseudopamera,,Insecta,0,0,0.19212357303038377,0.0,3,232.0,0.13391860574483863,25.666666666666668,True Negative
Loedelia maculicollis,,Insecta,0,0,0.19205142625328442,0.0,2,164.0,0.14190628379583353,27.0,True Negative
Habropoda depressa,,Insecta,0,0,0.1919548811342336,0.0,7,171.42857142857142,0.15813891057457238,27.0,True Negative
Phereoeca uterella,Household Casebearer,Insecta,0,0,0.19177242140465148,0.0,3,147.66666666666666,0.11510007704297696,24.333333333333332,True Negative
Harmonia axyridis conspicua,,Insecta,0,0,0.19171886317259693,0.0,3,153.66666666666666,0.12785504013299936,27.333333333333332,True Negative
Agathis,,Insecta,0,0,0.19165457892789392,0.0,1,92.0,0.1244528964161872,18.0,True Negative
Coryphoideae,,Plantae,0,0,0.19159220605922708,0.0,3,165.66666666666666,0.13013204932212827,28.333333333333332,True Negative
Dicheirus dilatatus,,Insecta,0,0,0.19151655087144356,0.0,4,100.5,0.13250302150845522,29.0,True Negative
Triquetrella californica,Coastal Triquetrella,Plantae,0,0,0.1913791607746948,0.0,4,136.25,0.14737125858664507,20.0,True Negative
Triepeolus segregatus,,Insecta,0,0,0.19129780982119207,0.0,2,199.5,0.13783237338066096,29.5,True Negative
Desmometopa,,Insecta,0,0,0.191085777983386,0.0,8,133.625,0.1501341629773378,26.125,True Negative
Agave,century plants,Plantae,0,0,0.19106221539118345,0.0,5,162.2,0.09910239195451138,21.6,True Negative
Anthomyia,,Insecta,0,0,0.19061780775748308,0.0,10,148.2,0.12574088275432582,26.0,True Negative
Philya californiensis,,Insecta,0,0,0.19058377916751523,0.0,9,129.44444444444446,0.14367962131897605,26.555555555555557,True Negative
Digrammia pallidata,,Insecta,0,0,0.19043450360127512,0.0,1,339.0,0.1243643015623092,28.0,True Negative
Cryptoglossa spiculifera pectoralis,,Insecta,0,0,0.19019831242787935,0.0,4,167.5,0.10155292600393293,22.5,True Negative
Feron stellulum,Stellar Gall Wasp,Insecta,0,0,0.1901064509948039,0.0,3,174.0,0.1534208754698435,28.333333333333332,True Negative
Sceliphrinae,Mud-dauber Wasps and Allies,Insecta,0,0,0.19007528399610904,0.0,2,185.5,0.13327676057815546,25.5,True Negative
Milax gagates,Greenhouse Slug,Mollusca,0,0,0.18996145792719618,0.0,13,105.3076923076923,0.13364866203986678,26.76923076923077,True Negative
Chrysotus,,Insecta,0,0,0.1898684637557846,0.0,2,135.0,0.14999511092901224,22.0,True Negative
Flavoparmelia,greenshield lichens,Fungi,0,0,0.18985382374401097,0.0,10,189.4,0.18246874362230298,27.0,True Negative
Norvellina pannosa,,Insecta,0,0,0.18983474464136413,0.0,2,158.0,0.1312664523720741,24.0,True Negative
Platypedia vanduzeei,,Insecta,0,0,0.18973722111985553,0.0,2,182.5,0.14223693683743474,26.0,True Negative
Aceria,,Arachnida,0,0,0.1896291089058054,0.0,3,184.33333333333334,0.153510728230079,28.666666666666668,True Negative
Catorhintha,,Insecta,0,0,0.1894989126788562,0.0,3,120.0,0.13439427564541495,30.333333333333332,True Negative
Tenthredinoidea,Typical Sawflies,Insecta,0,0,0.18948025546355238,0.0,2,161.5,0.1417984142899513,25.5,True Negative
Dysderidae,Woodlouse Hunter Spiders,Arachnida,0,0,0.1894429603122051,0.0,1,172.0,0.1352858394384384,25.0,True Negative
Apidae,"Honey Bees, Bumble Bees, and Allies",Insecta,0,0,0.18941628196033733,0.0,3,138.66666666666666,0.1413294027249018,26.666666666666668,True Negative
Grapholitini,,Insecta,0,0,0.18941055228547432,0.0,1,195.0,0.1176807880401611,27.0,True Negative
Chetogena,,Insecta,0,0,0.18919217635843805,0.0,3,211.0,0.14412078758080796,27.0,True Negative
Vireo griseus,White-eyed Vireo,Aves,0,0,0.189076587233672,0.0,12,172.16666666666666,0.2318231177826722,28.083333333333332,True Negative
Leucophora,,Insecta,0,0,0.18902132828903948,0.0,3,168.66666666666666,0.13952691853046414,26.666666666666668,True Negative
Oxyopidae,Lynx Spiders,Arachnida,0,0,0.1888585531083416,0.0,5,110.2,0.13369451761245724,26.4,True Negative
Bryum flabelliforme,,Plantae,0,0,0.18881797310024723,0.0,1,164.0,0.1171043068170547,28.0,True Negative
Asidini,,Insecta,0,0,0.18876159482398436,0.0,2,236.5,0.12923543155193326,20.5,True Negative
Coboldia fuscipes,,Insecta,0,0,0.18866823802358285,0.0,1,171.0,0.1364829838275909,25.0,True Negative
Ornativalva erubescens,,Insecta,0,0,0.18866823802358285,0.0,1,171.0,0.1364829838275909,25.0,True Negative
Psectrosciara,,Insecta,0,0,0.18866823802358285,0.0,1,171.0,0.1364829838275909,25.0,True Negative
Dryopteris arguta,coastal woodfern,Plantae,0,0,0.1886260259432704,0.0,2,166.5,0.10960841178894035,21.0,True Negative
Taraxacum,dandelions,Plantae,0,0,0.1886154102788297,0.0,2,194.0,0.0872809626162052,29.5,True Negative
Orius tristicolor,Minute Pirate Bug,Insecta,0,0,0.1885455698549898,0.0,3,181.66666666666666,0.1390968561172485,27.333333333333332,True Negative
Synecdoche,,Insecta,0,0,0.18809066877572558,0.0,1,175.0,0.1334260553121566,25.0,True Negative
Isodontia elegans,Elegant Grass-carrying Wasp,Insecta,0,0,0.18806744269635517,0.0,4,161.5,0.1632543839514255,21.5,True Negative
Cryphula nitens,,Insecta,0,0,0.18795230752779168,0.0,2,236.0,0.08402518369257445,27.0,True Negative
Neaspilota,,Insecta,0,0,0.187834192129321,0.0,4,155.25,0.12461458332836622,28.5,True Negative
Ambrosia confertiflora,slimleaf bursage,Plantae,0,0,0.1876994235267288,0.0,1,238.0,0.1094443574547767,29.0,True Negative
Brassicales,"Mustards, Capers, and Allies",Plantae,0,0,0.18751389173780383,0.0,4,134.75,0.1900786124169826,23.5,True Negative
Myriopteris,lip ferns,Plantae,0,0,0.18741931649781304,0.0,2,116.5,0.1257946342229843,21.5,True Negative
Tonibius sulcatus,,Insecta,0,0,0.18735726619976614,0.0,1,232.0,0.1529211103916168,21.0,True Negative
Tanaemyrmex,,Insecta,0,0,0.1873200666610103,0.0,3,131.66666666666666,0.14267904063065842,26.666666666666668,True Negative
Phengodidae,Glowworm Beetles,Insecta,0,0,0.18726705945114927,0.0,1,214.0,0.1404211372137069,20.0,True Negative
Pompiloidea,"Spider Wasps, Velvet Ants, and Allies",Insecta,0,0,0.18726705945114927,0.0,1,214.0,0.1404211372137069,20.0,True Negative
Encelia farinosa farinosa,,Plantae,0,0,0.1871823772993119,0.0,2,166.5,0.1223670244216919,31.0,True Negative
Callimelissodes,,Insecta,0,0,0.18694665349106884,0.0,3,198.66666666666666,0.11140631635983779,26.333333333333332,True Negative
Condylostylus graenicheri,,Insecta,0,0,0.18674813546758554,0.0,2,222.0,0.13123219832777971,29.5,True Negative
Mimoschinia rufofascialis,Rufous-banded Crambid Moth,Insecta,0,0,0.18669783662759562,0.0,2,160.5,0.14642100036144257,25.5,True Negative
Populus nigra,Black Poplar,Plantae,0,0,0.18620368304423704,0.0,5,126.0,0.17659934312105177,21.6,True Negative
Pirenidae,,Insecta,0,0,0.18588947009213194,0.0,3,145.66666666666666,0.11669652660687757,24.0,True Negative
Nyctinomops femorosaccus,Pocketed Free-tailed Bat,Mammalia,0,0,0.18579649454265257,0.0,3,126.33333333333333,0.11874786267677939,30.0,True Negative
Stelgidopteryx serripennis,Northern Rough-winged Swallow,Aves,0,0,0.1857742516420757,0.0,86,122.40697674418605,0.12360293461486349,24.767441860465116,True Negative
Bracon,,Insecta,0,0,0.1857058383770257,0.0,3,192.66666666666666,0.12376830230156573,29.0,True Negative
Helicoverpa zea,Corn Earworm Moth,Insecta,0,0,0.1855751199393058,0.0,3,182.33333333333334,0.13774031649033222,27.666666666666668,True Negative
Nostoc commune,,,0,0,0.18535844706030571,0.0,4,125.0,0.13675587996840474,28.75,True Negative
Lupinus arbustus,Longspur Lupine,Plantae,0,0,0.18532405474801414,0.0,1,240.0,0.1306585073471069,27.0,True Negative
Anthoceros fusiformis,,Plantae,0,0,0.18528755994836005,0.0,1,130.0,0.1357824653387069,18.0,True Negative
Hemiargus ceraunus gyas,Edwards' Blue,Insecta,0,0,0.18502241728535368,0.0,1,90.0,0.1231106743216514,18.0,True Negative
Sphex,,Insecta,0,0,0.1849962708290179,0.0,4,189.75,0.13717773184180254,28.0,True Negative
Elymus,wild ryes and wheatgrasses,Plantae,0,0,0.18499190329236131,0.0,1,92.0,0.1193745732307434,18.0,True Negative
Rhus aromatica,fragrant sumac,Plantae,0,0,0.18485162056996798,0.0,9,95.88888888888889,0.16130439026488197,22.0,True Negative
Pholiota,Scalycaps,Fungi,0,0,0.18479136782697556,0.0,2,173.0,0.13495451956987375,25.0,True Negative
Calophya schini,Peppertree Psyllid,Insecta,0,0,0.18477439349935332,0.0,2,176.0,0.1314873360097408,26.5,True Negative
Notiophilus semiopacus,,Insecta,0,0,0.18471335924940502,0.0,2,198.5,0.14207626879215235,26.5,True Negative
Oligospermum,,Plantae,0,0,0.18454747492292486,0.0,1,103.0,0.0689509361982345,29.0,True Negative
Anthomyia oculifera,,Insecta,0,0,0.18446996812953992,0.0,5,188.4,0.14192061424255367,26.0,True Negative
Dichorda,,Insecta,0,0,0.18441137741940453,0.0,1,172.0,0.1352858394384384,25.0,True Negative
Megaprosopini,,Insecta,0,0,0.18441137741940453,0.0,1,172.0,0.1352858394384384,25.0,True Negative
Nyssonini,,Insecta,0,0,0.18441137741940453,0.0,1,172.0,0.1352858394384384,25.0,True Negative
Andrena auricoma,Golden-haired Miner Bee,Insecta,0,0,0.18438422161928658,0.0,5,101.0,0.13587643951177591,26.6,True Negative
Nausigaster unimaculata,Single-spotted Dimpleback,Insecta,0,0,0.18428782293814572,0.0,5,171.0,0.12881370484828947,26.6,True Negative
Elymus trachycaulus,slender wheat grass,Plantae,0,0,0.18423812989543584,0.0,1,145.0,0.1241749301552772,28.0,True Negative
Kukulcania,,Arachnida,0,0,0.18422631273546813,0.0,3,162.0,0.15245563785235083,25.666666666666668,True Negative
Nitops pallipennis,Cactus Sap Beetle,Insecta,0,0,0.18422519528019957,0.0,2,170.5,0.15070547536015505,28.0,True Negative
Isoetes orcuttii,Orcutt's Quillwort,Plantae,0,0,0.1841530660933672,0.0,2,250.0,0.109759122133255,22.0,True Negative
Spizella passerina,Chipping Sparrow,Aves,0,0,0.1840114971426729,0.0,5,147.4,0.15984913706779474,27.8,True Negative
Ministrymon leda,Leda Ministreak,Insecta,0,0,0.18396451284469306,0.0,3,153.0,0.12196146448453264,28.666666666666668,True Negative
Galliformes,Landfowl,Aves,0,0,0.18395581462018007,0.0,1,169.0,0.1436776220798492,18.0,True Negative
Eupeodes latifasciatus,Broad-banded Aphideater,Insecta,0,0,0.18379951755623294,0.0,1,90.0,0.1260233521461486,18.0,True Negative
Phyllobaenus,,Insecta,0,0,0.18379951755623294,0.0,1,90.0,0.1260233521461486,18.0,True Negative
Reduviidae,Assassin Bugs,Insecta,0,0,0.18379951755623294,0.0,1,90.0,0.1260233521461486,18.0,True Negative
Conanthalictus,,Insecta,0,0,0.18373733513042162,0.0,4,114.0,0.15338572487235064,24.5,True Negative
Archilochus alexandri,Black-chinned Hummingbird,Aves,0,0,0.18361167507509646,0.0,103,100.63106796116504,0.1789791183274926,26.184466019417474,True Negative
Stenotaphrum,,Plantae,0,0,0.18345650939463473,0.0,1,243.0,0.1204596608877182,27.0,True Negative
Agonum decorum,,Insecta,0,0,0.18328418571788468,0.0,2,157.0,0.1512522548437118,25.0,True Negative
Sphaeropthalmini,Nocturnal velvet ants,Insecta,0,0,0.1832682582250799,0.0,3,197.0,0.11698362231254573,28.0,True Negative
Sphenophorina,,Insecta,0,0,0.1832327508473354,0.0,2,170.0,0.1528157442808151,27.0,True Negative
Physocephala marginata,,Insecta,0,0,0.1831949699602187,0.0,2,176.0,0.1412153430283069,29.0,True Negative
Amnestus,,Insecta,0,0,0.18315251643729222,0.0,1,135.0,0.127155989408493,22.0,True Negative
Leucostoma,,Insecta,0,0,0.18313059401405912,0.0,3,144.0,0.13078794876734412,25.0,True Negative
Scotoleon,,Insecta,0,0,0.1831000956030109,0.0,3,199.33333333333334,0.12003462761640545,25.333333333333332,True Negative
Malayaxenos,,Insecta,0,0,0.18306092465396306,0.0,1,140.0,0.127155989408493,22.0,True Negative
Metasyrphus,,Insecta,0,0,0.18306092465396306,0.0,1,140.0,0.127155989408493,22.0,True Negative
Euaresta stelligera,,Insecta,0,0,0.18270380107650777,0.0,4,214.25,0.12598610855638975,27.5,True Negative
Feron crystallinum,Crystalline Gall Wasp,Insecta,0,0,0.18269383528974667,0.0,8,169.0,0.17146570421755308,27.875,True Negative
Stibia,,Insecta,0,0,0.18244019264554456,0.0,3,148.0,0.10580801963806148,19.0,True Negative
Cucurbita palmata,coyote melon,Plantae,0,0,0.18236870645041608,0.0,9,101.11111111111111,0.10778530107604131,24.77777777777778,True Negative
Cochlicella barbara,Small Pointed Snail,Mollusca,0,0,0.18233173515818,0.0,4,135.0,0.15680591762065882,29.25,True Negative
Brochymena affinis,,Insecta,0,0,0.18229327523376984,0.0,2,157.0,0.13190498203039167,26.0,True Negative
Empidigeron,,Insecta,0,0,0.18227061221101354,0.0,10,138.8,0.17112077027559275,26.5,True Negative
Abegesta remellalis,White-trimmed Abegesta,Insecta,0,0,0.1822628897208577,0.0,5,115.6,0.1339703634381294,25.6,True Negative
Colladonus flavocapitatus,,Insecta,0,0,0.18222309821544785,0.0,1,95.0,0.1275696009397506,18.0,True Negative
Candelariella,Goldspeck Lichens,Fungi,0,0,0.18218662341207198,0.0,5,217.4,0.17111169099807735,23.0,True Negative
Cairina moschata,Muscovy Duck,Aves,0,0,0.18210430235027053,0.0,5,163.8,0.05760191569570448,30.6,True Negative
Gyponini,,Insecta,0,0,0.1821023330807118,0.0,1,229.0,0.1382652521133422,26.0,True Negative
Huleria quadripunctata,,Insecta,0,0,0.1821023330807118,0.0,1,229.0,0.1382652521133422,26.0,True Negative
Graphidaceae,Script Lichens and Allies,Fungi,0,0,0.1819681433095689,0.0,3,248.0,0.13709213336308798,22.666666666666668,True Negative
Salix laevigata,red willow,Plantae,0,0,0.1818846959445226,0.0,119,90.22689075630252,0.18795380722574825,25.722689075630253,True Negative
Vireo gilvus,Warbling Vireo,Aves,0,0,0.18180309130418978,0.0,43,114.0,0.17445942129652814,24.674418604651162,True Negative
Piperales,"pepper plants, birthworts, and allies",Plantae,0,0,0.18159363707242113,0.0,1,100.0,0.1149579957127571,31.0,True Negative
Pyrausta inornatalis,Inornate Pyrausta Moth,Insecta,0,0,0.181535654584642,0.0,3,171.66666666666666,0.11144541700681047,26.0,True Negative
Tenthredininae,,Insecta,0,0,0.1815248200058083,0.0,2,150.5,0.1532803252339363,27.5,True Negative
Lema trivittata,Three-lined Lema Beetle,Insecta,0,0,0.1814379333741,0.0,14,109.71428571428571,0.1730704100004264,26.285714285714285,True Negative
Olethreutinae,Olethreutine Leafroller Moths,Insecta,0,0,0.18138935590815977,0.0,4,119.75,0.13406451418995852,28.5,True Negative
Myrtales,"myrtles, evening primroses, and allies",Plantae,0,0,0.1811910735950697,0.0,1,199.0,0.1274753808975219,25.0,True Negative
Cairina moschata domestica,Domestic Muscovy Duck,Aves,0,0,0.18118502670170347,0.0,39,162.87179487179486,0.06623725030901062,27.41025641025641,True Negative
Trichopolia melanopis,,Insecta,0,0,0.18114129087656733,0.0,6,197.16666666666666,0.13455086698134736,28.833333333333332,True Negative
Acacia dealbata,Silver wattle,Plantae,0,0,0.18108395981310252,0.0,1,170.0,0.1198219954967498,30.0,True Negative
Halictinae,Sweat and Furrow bees,Insecta,0,0,0.18102361186710178,0.0,1,197.0,0.1207109987735748,25.0,True Negative
Erinnyis ello,Ello Sphinx,Insecta,0,0,0.18096050419341322,0.0,1,203.0,0.1176499277353286,23.0,True Negative
Perdita californica californica,,Insecta,0,0,0.1807707720219384,0.0,2,256.0,0.1198157668113708,28.0,True Negative
Udea rubigalis,Celery Leaftier Moth,Insecta,0,0,0.1806798316298113,0.0,4,223.25,0.13683009520173067,29.5,True Negative
Scrophularia desertorum,Desert Figwort,Plantae,0,0,0.18064356857552133,0.0,1,313.0,0.1477124989032745,23.0,True Negative
Erigone,,Arachnida,0,0,0.1803781973042891,0.0,2,169.5,0.13035603612661362,27.5,True Negative
Pero mizon,,Insecta,0,0,0.1803200621780337,0.0,2,241.0,0.11351788416504854,28.5,True Negative
Acridoidea,Short-horned Grasshoppers and Locusts,Insecta,0,0,0.18015326843873988,0.0,2,186.0,0.15138950943946836,29.5,True Negative
Pierina,,Insecta,0,0,0.18009112401935706,0.0,3,120.0,0.14582586040099457,26.0,True Negative
Monopis crocicapitella,Bird Nest Moth,Insecta,0,0,0.18005562411851495,0.0,2,157.0,0.1506583616137504,29.0,True Negative
Idaea,,Insecta,0,0,0.18005002942302809,0.0,9,114.22222222222223,0.11501341147555243,27.666666666666668,True Negative
Neogalea sunia,Lantana Stick Moth,Insecta,0,0,0.1799753194711503,0.0,7,167.42857142857142,0.1012862867542675,27.714285714285715,True Negative
Tetraleurodes perileuca,Stanford's Whitefly,Insecta,0,0,0.17996296457339508,0.0,3,171.66666666666666,0.14342202246189115,26.333333333333332,True Negative
Callinicus pictitarsis,,Insecta,0,0,0.17984045913096589,0.0,2,243.0,0.14471147954463953,23.0,True Negative
Sassacus,Leaf-beetle Jumping Spiders,Arachnida,0,0,0.17973306697029642,0.0,4,106.5,0.1317595764994621,26.75,True Negative
Canis,Wolves and Dogs,Mammalia,0,0,0.17969293159844762,0.0,3,183.66666666666666,0.12949289133151368,26.333333333333332,True Negative
Symphoromyia,Rocky Mountain bite flies,Insecta,0,0,0.17969245206663836,0.0,5,156.2,0.1468304097652435,24.8,True Negative
Enoplempis,,Insecta,0,0,0.17968605313731859,0.0,1,186.0,0.1391607522964477,27.0,True Negative
Felidae,Felids,Mammalia,0,0,0.17963750462359318,0.0,1,196.0,0.138343945145607,23.0,True Negative
Balcanocerus spinosus,,Insecta,0,0,0.1796039885645297,0.0,1,237.0,0.1247257590293884,26.0,True Negative
Sycophila,,Insecta,0,0,0.17960256183420592,0.0,2,200.0,0.1400823071599006,26.0,True Negative
Pogonomyrmex californicus,California Harvester Ant,Insecta,0,0,0.17956707834982208,0.0,8,99.5,0.12864513788372273,22.625,True Negative
Feltia subterranea,Subterranean Dart,Insecta,0,0,0.17946816410636726,0.0,6,190.5,0.11254857356349623,29.0,True Negative
Hemipepsis ustulata,Flamed Tarantula-hawk Wasp,Insecta,0,0,0.1794636182875585,0.0,2,157.5,0.1234875582158565,24.0,True Negative
Spergularia rubra,Red Sand Spurrey,Plantae,0,0,0.17935418207244916,0.0,1,171.0,0.1490516066551208,25.0,True Negative
Pachycorinae,,Insecta,0,0,0.1792188121768201,0.0,2,160.0,0.13010814040899277,24.0,True Negative
Sergiolus,,Arachnida,0,0,0.17915293177664057,0.0,2,187.5,0.1541891768574714,23.0,True Negative
Navarretia hamata hamata,Hooked Navarretia,Plantae,0,0,0.17912603115495737,0.0,2,190.5,0.13672340661287305,24.0,True Negative
Trapelia,,Fungi,0,0,0.17896015624021258,0.0,4,223.75,0.13469680398702616,27.75,True Negative
Pseudopamera nitidula,,Insecta,0,0,0.17895812279297887,0.0,6,129.83333333333334,0.1172498986124992,27.5,True Negative
Nemognatha nigripennis,,Insecta,0,0,0.17893657442014801,0.0,1,178.0,0.1380857229232788,22.0,True Negative
Dictyssa fenestrata,,Insecta,0,0,0.17884511864212876,0.0,1,229.0,0.130311831831932,26.0,True Negative
Leprus,,Insecta,0,0,0.17884511864212876,0.0,1,229.0,0.130311831831932,26.0,True Negative
Nemoria pulcherrima,,Insecta,0,0,0.17884511864212876,0.0,1,229.0,0.130311831831932,26.0,True Negative
Silene antirrhina,sleepy catchfly,Plantae,0,0,0.17883748380828804,0.0,1,177.0,0.1210597679018974,28.0,True Negative
Anthidiellum notatum robertsoni,California Rotund-Resin Bee,Insecta,0,0,0.17882761723828972,0.0,2,199.0,0.13553250208497045,30.5,True Negative
Oligomeris linifolia,lineleaf whitepuff,Plantae,0,0,0.1787870192123972,0.0,3,211.0,0.136374294757843,31.0,True Negative
Anthomyia punctipennis,,Insecta,0,0,0.17878514781816604,0.0,4,126.0,0.11691648140549654,23.0,True Negative
Solanum lycopersicum,tomato,Plantae,0,0,0.1787655877045777,0.0,2,183.5,0.11136841028928755,27.5,True Negative
Corythucha,,Insecta,0,0,0.17873381733409693,0.0,12,133.83333333333334,0.1670612798382838,27.333333333333332,True Negative
Chrysoperla carnea,carnea-group Green Lacewings,Insecta,0,0,0.17866678580546724,0.0,2,188.5,0.1117319725453853,27.5,True Negative
Diadophis punctatus,Ring-necked Snake,Reptilia,0,0,0.17856367821453004,0.0,3,128.66666666666666,0.1494733144839604,23.333333333333332,True Negative
Micranthophora,,Insecta,0,0,0.17852801254103265,0.0,6,130.83333333333334,0.14062328884998954,26.333333333333332,True Negative
Polypodiopsida,Ferns,Plantae,0,0,0.1783725858718985,0.0,3,166.66666666666666,0.15978505710760746,24.666666666666668,True Negative
Graphopsocus cruciatus,F-winged Barklouse,Insecta,0,0,0.17821191587110388,0.0,2,174.0,0.14931741356849665,26.0,True Negative
Camissoniopsis ignota,Jurupa Hills Sun Cup,Plantae,0,0,0.17817578140490858,0.0,4,130.75,0.12796307355165476,21.0,True Negative
Heteromyidae,Kangaroo Rats and Pocket Mice,Mammalia,0,0,0.17802279630702264,0.0,1,316.0,0.1348718255758285,20.0,True Negative
Trixoscelis,,Insecta,0,0,0.17800528192220647,0.0,3,168.0,0.15701462328433988,24.333333333333332,True Negative
Neobisioidea,,Arachnida,0,0,0.17799070098102013,0.0,2,181.0,0.11947126686573026,25.0,True Negative
Sphaerocarpos,Bottle Liverworts,Plantae,0,0,0.1779687933378756,0.0,3,138.33333333333334,0.14232555031776425,23.333333333333332,True Negative
Herniaria cinerea,Grey Rupturewort,Plantae,0,0,0.17787277369475923,0.0,2,201.5,0.10957490652799601,27.0,True Negative
Pepsis chrysothemis,,Insecta,0,0,0.1776644880117988,0.0,3,146.66666666666666,0.11728231857220327,29.0,True Negative
Chroicocephalus philadelphia,Bonaparte's Gull,Aves,0,0,0.17765575247133478,0.0,6,164.33333333333334,0.08083261984090007,27.666666666666668,True Negative
Aphoebantus interruptus,,Insecta,0,0,0.1776501113348917,0.0,2,158.5,0.14325971156358713,21.5,True Negative
Riccia beyrichiana,Purple Crystalwort,Plantae,0,0,0.17756343656792475,0.0,1,57.0,0.1467677801847458,24.0,True Negative
Goniini,,Insecta,0,0,0.17751431419492122,0.0,1,220.0,0.1338101625442505,26.0,True Negative
Hamataliwa,Crowned Lynx Spiders,Arachnida,0,0,0.17746533364573341,0.0,3,146.0,0.15401038030783334,26.666666666666668,True Negative
Paravilla fumosa,,Insecta,0,0,0.17733691161656287,0.0,2,115.5,0.1418047174811363,24.5,True Negative
Lema daturaphila,Three-lined Potato Beetle,Insecta,0,0,0.177274216847217,0.0,40,97.35,0.18224412873387333,26.675,True Negative
Petrobiinae,,Insecta,0,0,0.177229739759587,0.0,4,150.75,0.16234023123979563,25.5,True Negative
Ammopelmatus mahogany,Mahogany Jerusalem Cricket,Insecta,0,0,0.17721964797006784,0.0,12,89.58333333333333,0.17152793022493518,24.333333333333332,True Negative
Psocidae,Common Barklice,Insecta,0,0,0.17716982125906036,0.0,1,149.0,0.1558405756950378,26.0,True Negative
Selaginella,Spikemosses,Plantae,0,0,0.17710979227049187,0.0,3,140.33333333333334,0.1386086245377858,21.666666666666668,True Negative
Frullania catalinae,,Plantae,0,0,0.17707556132296629,0.0,1,131.0,0.157068982720375,20.0,True Negative
Bactrocera oleae,olive fruit fly,Insecta,0,0,0.17699782534523714,0.0,1,240.0,0.1053486689925193,27.0,True Negative
Melanoplini,,Insecta,0,0,0.1768016295201965,0.0,3,143.0,0.11581779768069583,29.333333333333332,True Negative
Cercis,redbuds,Plantae,0,0,0.17672347179217188,0.0,2,196.5,0.09247663617134089,30.5,True Negative
Nerium oleander,oleander,Plantae,0,0,0.17671651301429261,0.0,11,125.27272727272727,0.1900717826052145,26.636363636363637,True Negative
Mecidea,,Insecta,0,0,0.17643706627177408,0.0,2,169.0,0.14327623322606078,27.5,True Negative
Calophya californica,lemonade berry psyllid,Insecta,0,0,0.17642421082232154,0.0,5,194.2,0.15141219198703762,26.0,True Negative
Geastrum,Earthstars,Fungi,0,0,0.17641049089765115,0.0,6,133.0,0.12157656749089556,26.833333333333332,True Negative
Pinus canariensis,Canary Island pine,Plantae,0,0,0.1763997112783763,0.0,1,98.0,0.1019415482878685,29.0,True Negative
Thorneochloa diegoensis,San Diego needle grass,Plantae,0,0,0.17633693308987775,0.0,1,252.0,0.1390740573406219,26.0,True Negative
Disholcaspis simulata,Dried Peach Gall Wasp,Insecta,0,0,0.17609597987439368,0.0,3,172.66666666666666,0.14053098360697425,27.0,True Negative
Melanophora roralis,Smoky-winged Woodlouse Fly,Insecta,0,0,0.17602662729817972,0.0,1,312.0,0.1221720576286315,28.0,True Negative
Leymus condensatus,giant wild rye,Plantae,0,0,0.17595357025203753,0.0,12,93.33333333333333,0.18198487659295395,25.666666666666668,True Negative
Ashlockaria,,Insecta,0,0,0.17587734256780815,0.0,2,172.0,0.14561705291271204,23.5,True Negative
Campiglossa picciola,,Insecta,0,0,0.17586274185467382,0.0,1,234.0,0.1329537034034729,26.0,True Negative
Helophilus latifrons,Broad-headed Marsh Fly,Insecta,0,0,0.17586274185467382,0.0,1,234.0,0.1329537034034729,26.0,True Negative
Pterophoroidea,Plume Moths and Allies,Insecta,0,0,0.17586274185467382,0.0,1,234.0,0.1329537034034729,26.0,True Negative
Synecdoche nervata,,Insecta,0,0,0.17586274185467382,0.0,1,234.0,0.1329537034034729,26.0,True Negative
Saxinis,,Insecta,0,0,0.17581818480947534,0.0,2,179.5,0.12950117141008374,22.5,True Negative
Neivamyrmex,Legionary Ants,Insecta,0,0,0.17566906164877336,0.0,3,130.33333333333334,0.14657697578271225,28.333333333333332,True Negative
Pomacea canaliculata,Channeled Apple Snail,Mollusca,0,0,0.17542699375851886,0.0,272,164.49264705882354,0.09951120852570855,17.503676470588236,True Negative
Dieteria canescens,Hoary Tansyaster,Plantae,0,0,0.17520604123074615,0.0,1,135.0,0.1511665433645248,19.0,True Negative
Corethrogyne filaginifolia filaginifolia,common sand-aster,Plantae,0,0,0.17520046463514452,0.0,5,142.6,0.17161872088909144,28.8,True Negative
Brachymelecta californica,California Digger-cuckoo Bee,Insecta,0,0,0.17517387419109,0.0,2,237.0,0.09119502454996106,27.0,True Negative
Stegophylla,Woolly Oak Aphids,Insecta,0,0,0.17499366943190056,0.0,1,175.0,0.1255843192338943,25.0,True Negative
Datura ferox,long-spined thorn-apple,Plantae,0,0,0.17495596310013245,0.0,1,290.0,0.1460033953189849,19.0,True Negative
Notothyladaceae,,Plantae,0,0,0.174832079239438,0.0,1,250.0,0.109759122133255,22.0,True Negative
Fossombroniaceae,,Plantae,0,0,0.17481015421431972,0.0,1,147.0,0.1354439556598663,19.0,True Negative
Cerceris sextoides,,Insecta,0,0,0.1747684142078128,0.0,3,192.0,0.14393532276153562,29.0,True Negative
Twiningia fasciata,,Insecta,0,0,0.17473147469968242,0.0,5,174.0,0.13546647876501078,26.4,True Negative
Lithobates catesbeianus,American Bullfrog,Amphibia,0,0,0.17467849911540814,0.0,272,92.51838235294117,0.2018276618875782,27.334558823529413,True Negative
Epilobium brachycarpum,panicled willowherb,Plantae,0,0,0.17465894514869523,0.0,44,102.22727272727273,0.19173678620295087,22.272727272727273,True Negative
Efferia peralta,Peralta Hammertail,Insecta,0,0,0.17462940421627246,0.0,2,227.5,0.15716068446636194,24.0,True Negative
Pterotaea lamiaria,,Insecta,0,0,0.17460678154615514,0.0,2,196.5,0.13185021281242365,28.5,True Negative
Plagiobothrys tenellus,Pacific popcornflower,Plantae,0,0,0.17442422654233977,0.0,2,179.5,0.12323066964745515,28.5,True Negative
Tachininae,,Insecta,0,0,0.17441965294894324,0.0,2,145.0,0.14737667143344874,28.5,True Negative
Clavascidium,,Fungi,0,0,0.17439626263773553,0.0,1,253.0,0.1242182478308677,30.0,True Negative
Corimelaena,,Insecta,0,0,0.17431912854878695,0.0,1,154.0,0.1149586588144302,24.0,True Negative
Atriplex canescens,Fourwing Saltbush,Plantae,0,0,0.17420986286337767,0.0,3,109.66666666666667,0.13816715776920316,28.0,True Negative
Ischnura ramburii,Rambur's Forktail,Insecta,0,0,0.17394731003159178,0.0,19,158.0,0.10627366318122335,21.36842105263158,True Negative
Odonata,Dragonflies and Damselflies,Insecta,0,0,0.17388730769046903,0.0,9,113.77777777777777,0.17744119630919558,22.11111111111111,True Negative
Anthalia,,Insecta,0,0,0.1738291776736076,0.0,3,229.0,0.14785219728946683,26.666666666666668,True Negative
Melaleuca nesophila,Showy Honey-myrtle,Plantae,0,0,0.17380954868041168,0.0,2,214.5,0.1482796519994735,24.0,True Negative
Buellia,Button lichens,Fungi,0,0,0.17379635865364323,0.0,3,283.0,0.13828747471173597,24.666666666666668,True Negative
Psylloidea,Psylloids,Insecta,0,0,0.17376788316935157,0.0,3,164.66666666666666,0.160626138250033,23.333333333333332,True Negative
Coleotechnites,,Insecta,0,0,0.17362814158693962,0.0,3,128.66666666666666,0.14756534496943152,27.333333333333332,True Negative
Grimmiales,,Plantae,0,0,0.17356715387039448,0.0,1,199.0,0.1209479048848152,31.0,True Negative
Coleomegilla maculata,Spotted Pink Lady Beetle,Insecta,0,0,0.1735347632363242,0.0,2,117.0,0.0679666996002197,22.0,True Negative
Cnodalonini,,Insecta,0,0,0.17350586337875043,0.0,2,245.0,0.1172022819519043,29.0,True Negative
Bartramiaceae,,Plantae,0,0,0.1734961295685784,0.0,1,151.0,0.1289639323949813,25.0,True Negative
Helvella dryophila,Oak-loving Elfin Saddle,Fungi,0,0,0.17337284776407452,0.0,35,92.88571428571429,0.18865053653717037,26.17142857142857,True Negative
Dicranoweisia cirrata,Common Pincushion,Plantae,0,0,0.1732690551458915,0.0,2,234.0,0.13582163304090494,24.5,True Negative
Syritta flaviventris,Peg-legged Compost Fly,Insecta,0,0,0.17326526599429595,0.0,22,99.45454545454545,0.1624991531399163,27.5,True Negative
Brachypodium,False-bromes,Plantae,0,0,0.17305456625316476,0.0,2,186.5,0.1423936709761619,27.0,True Negative
Aquilegia,columbines,Plantae,0,0,0.17300436498770141,0.0,1,221.0,0.1479595452547073,33.0,True Negative
Sixalix atropurpurea,Sweet scabious,Plantae,0,0,0.17300436498770141,0.0,1,221.0,0.1479595452547073,33.0,True Negative
Bufonidae,True Toads,Amphibia,0,0,0.172965755983436,0.0,1,235.0,0.1360970586538314,27.0,True Negative
Xeranobium,,Insecta,0,0,0.1729588536419996,0.0,1,235.0,0.1259867846965789,26.0,True Negative
Taraxacum officinale,common dandelion,Plantae,0,0,0.17288051076690358,0.0,2,203.0,0.0625249743461608,25.5,True Negative
Danepteryx robusta,,Insecta,0,0,0.1728616839169636,0.0,2,129.5,0.12557577341794965,23.5,True Negative
Cylindroiulus caeruleocinctus,,Animalia,0,0,0.17285214981215058,0.0,2,131.5,0.13315210863947866,26.5,True Negative
Anas crecca,Green-winged Teal,Aves,0,0,0.17284796604879651,0.0,7,132.71428571428572,0.0869827216624149,29.0,True Negative
Coptodisca,,Insecta,0,0,0.17282753054797273,0.0,1,173.0,0.1547511219978332,22.0,True Negative
Brachytheciaceae,,Plantae,0,0,0.17280892013721522,0.0,5,92.0,0.16046025007963177,23.6,True Negative
Stobaera,,Insecta,0,0,0.1726165375447225,0.0,6,123.16666666666667,0.12425046910842252,29.833333333333332,True Negative
Backomyia,,Insecta,0,0,0.172608392680726,0.0,2,222.5,0.14157740771770475,26.5,True Negative
Hazardia berberidis,Barberry-leaf Goldenbush,Plantae,0,0,0.17251707096136706,0.0,3,153.33333333333334,0.11002718905607856,29.0,True Negative
Cirsium,Plume Thistles,Plantae,0,0,0.17241264070992396,0.0,9,83.11111111111111,0.17748300234476722,24.333333333333332,True Negative
Lycium,boxthorns,Plantae,0,0,0.17234281357405035,0.0,1,365.0,0.1322902739048004,27.0,True Negative
Goedenia formosa,,Insecta,0,0,0.17231538090859763,0.0,3,188.33333333333334,0.15090408176183698,29.0,True Negative
Annaphila divinula,,Insecta,0,0,0.17227458515401875,0.0,1,252.0,0.1137578412890434,30.0,True Negative
Tricorynus,,Insecta,0,0,0.17225038077160632,0.0,3,155.33333333333334,0.13232642908891037,29.0,True Negative
Cleomella arborea angustata,,Plantae,0,0,0.17211380420538422,0.0,1,189.0,0.1057839468121528,25.0,True Negative
Bromus sterilis,Barren Brome,Plantae,0,0,0.17207384828101208,0.0,1,425.0,0.134918063879013,21.0,True Negative
Phylinae,,Insecta,0,0,0.17189961370639115,0.0,2,152.0,0.12948833405971527,29.0,True Negative
Oxyopes,Grass Lynx Spiders,Arachnida,0,0,0.17174230135526256,0.0,4,170.0,0.12064239196479318,27.0,True Negative
Juncus acutus,spiny rush,Plantae,0,0,0.17162823656963566,0.0,19,91.47368421052632,0.16125713092716112,29.42105263157895,True Negative
Ranunculus hebecarpus,pubescent-fruited buttercup,Plantae,0,0,0.17155014228372265,0.0,3,131.33333333333334,0.1513196180264155,22.333333333333332,True Negative
Prostigmata,Prostigs,Arachnida,0,0,0.1714769789267485,0.0,3,122.33333333333333,0.1428405940532684,20.333333333333332,True Negative
Parajulinae,,Animalia,0,0,0.1714152447707725,0.0,1,124.0,0.1461671739816665,19.0,True Negative
Euura californica,Willow Apple Gall Sawfly,Insecta,0,0,0.1713446450814251,0.0,45,94.33333333333333,0.1983762035767237,24.933333333333334,True Negative
Mycena,Bonnets,Fungi,0,0,0.17132285172404627,0.0,9,108.44444444444444,0.14414491669999227,26.555555555555557,True Negative
Chaetodipus californicus,California Pocket Mouse,Mammalia,0,0,0.17122390469415769,0.0,3,143.0,0.10781429708003994,25.0,True Negative
Ethmia arctostaphylella,,Insecta,0,0,0.17120729981624638,0.0,4,189.25,0.13554834574460983,25.5,True Negative
Symphyotrichum subulatum,annual saltmarsh aster,Plantae,0,0,0.17118279368300332,0.0,5,81.8,0.15500594526529304,30.6,True Negative
Sphex ichneumoneus,Great Golden Digger Wasp,Insecta,0,0,0.1711789244044772,0.0,2,191.0,0.14136711508035654,27.0,True Negative
Chinavia,Green Stink Bugs,Insecta,0,0,0.17115075880476838,0.0,2,166.5,0.1432389914989471,28.5,True Negative
Mucorales,Pin Molds,Fungi,0,0,0.17112065095294013,0.0,1,100.0,0.1485746055841446,28.0,True Negative
Malvoideae,,Plantae,0,0,0.17110433557509597,0.0,2,140.5,0.14209115505218506,29.0,True Negative
Psallus,,Insecta,0,0,0.17106921614931564,0.0,2,173.5,0.13930448144674296,26.0,True Negative
Trypargilum,,Insecta,0,0,0.17103568073486483,0.0,5,202.0,0.16100729405879974,25.6,True Negative
Cortodera falsa,,Insecta,0,0,0.1709949105262762,0.0,2,202.5,0.1365970596671104,29.0,True Negative
Lestes congener,Spotted Spreadwing,Insecta,0,0,0.17095995026058197,0.0,4,173.5,0.2004132829606533,27.75,True Negative
Ceanothus megacarpus,bigpod ceanothus,Plantae,0,0,0.17085663762487463,0.0,1,326.0,0.1397785395383834,21.0,True Negative
Pseudoscaeva diversifasciata,Silver-banded Hover Fly,Insecta,0,0,0.17085073665743017,0.0,1,235.0,0.1320336312055587,26.0,True Negative
Tebenna,,Insecta,0,0,0.17085073665743017,0.0,1,235.0,0.1320336312055587,26.0,True Negative
Eupithecia acutipennis,,Insecta,0,0,0.1708401805514513,0.0,3,177.33333333333334,0.14437073965867356,28.666666666666668,True Negative
Caenochrysis,,Insecta,0,0,0.17076676149441347,0.0,1,250.0,0.11561930924654,30.0,True Negative
Phasia,,Insecta,0,0,0.17074823655909227,0.0,3,167.66666666666666,0.13062563538551328,26.333333333333332,True Negative
Melacoryphus lateralis,Charcoal Seed Bug,Insecta,0,0,0.17070195222488033,0.0,7,133.0,0.09105733036994931,30.0,True Negative
Ruschieae,Brightfig Tribe,Plantae,0,0,0.17065326060879352,0.0,2,171.5,0.1511495038866996,28.5,True Negative
Cochlorhinus ziczac,,Insecta,0,0,0.17062061200017045,0.0,2,171.5,0.1422771736979484,26.0,True Negative
Litomegachile,,Insecta,0,0,0.17051805672341488,0.0,3,171.0,0.12454930692911143,26.0,True Negative
Holopyga,,Insecta,0,0,0.17048909257996187,0.0,2,129.5,0.15084332972764963,29.5,True Negative
Thomisinae,,Arachnida,0,0,0.1704413137572289,0.0,3,163.0,0.124534731109937,25.333333333333332,True Negative
Nearctodesminae,,Animalia,0,0,0.17040200125040325,0.0,1,250.0,0.11561930924654,30.0,True Negative
Leptoglossus,,Insecta,0,0,0.17038509411298755,0.0,2,130.0,0.14736623317003245,22.5,True Negative
Medicago lupulina,Black Medick,Plantae,0,0,0.17031674561871507,0.0,3,167.66666666666666,0.1227000976602236,29.0,True Negative
Pipilo,Typical Towhees,Aves,0,0,0.17013480693184105,0.0,1,165.0,0.1406744718551635,18.0,True Negative
Pelochrista curlewensis,,Insecta,0,0,0.17008894092741378,0.0,4,140.75,0.12454863265156743,27.25,True Negative
Melanopleurus fuscosus,,Insecta,0,0,0.1699858004823848,0.0,4,168.0,0.13049168139696116,28.25,True Negative
Fulgoromorpha,Planthoppers,Insecta,0,0,0.16978883772508294,0.0,2,192.0,0.116113182157278,26.0,True Negative
Agoseris heterophylla,Annual Agoseris,Plantae,0,0,0.16966948279146224,0.0,1,248.0,0.1453283727169037,21.0,True Negative
Aporinellus,,Insecta,0,0,0.16948170229816925,0.0,4,141.5,0.09971946664154521,23.5,True Negative
Ulmus,elms,Plantae,0,0,0.16933646851629264,0.0,4,115.75,0.17752429842948914,16.75,True Negative
Graphocephala versuta,Versute Sharpshooter,Insecta,0,0,0.16915408604083937,0.0,3,174.66666666666666,0.13696247835954026,25.0,True Negative
Drepanulatrix,,Insecta,0,0,0.16915408359155434,0.0,2,219.0,0.12913152575492856,23.5,True Negative
Paectes abrostoloides,Large Paectes Moth,Insecta,0,0,0.16914505601799126,0.0,1,234.0,0.1294040530920028,26.0,True Negative
Amitermes californicus,,Insecta,0,0,0.16913807160392064,0.0,2,209.5,0.15307856351137156,27.0,True Negative
Epeolini,,Insecta,0,0,0.16892920055848393,0.0,2,157.5,0.12117514759302134,26.5,True Negative
Empidonax difficilis,Western Flycatcher,Aves,0,0,0.16873820136272774,0.0,74,105.58108108108108,0.19813605583574923,25.58108108108108,True Negative
Gutierreziinae,,Plantae,0,0,0.16869000314604082,0.0,3,120.66666666666667,0.13602416714032486,26.666666666666668,True Negative
Cylindromyia intermedia,,Insecta,0,0,0.168680210821824,0.0,3,172.33333333333334,0.15409033497174576,25.666666666666668,True Negative
Asagena fulva,Red-and-white Asagena,Arachnida,0,0,0.16867403671946793,0.0,3,152.66666666666666,0.12859152257442472,29.0,True Negative
Phytocoris canescens,,Insecta,0,0,0.1686332715949557,0.0,4,222.5,0.09687451645731923,27.5,True Negative
Dendromecon rigida,Bush Poppy,Plantae,0,0,0.1684636568949153,0.0,2,221.0,0.14587735384702682,27.0,True Negative
Chrysidinae,,Insecta,0,0,0.16833617366709328,0.0,2,124.5,0.1489320173859596,26.0,True Negative
Arctostaphylos glauca,Big Berry Manzanita,Plantae,0,0,0.16829087681974012,0.0,1,183.0,0.1120305731892585,29.0,True Negative
Plagiognathus,,Insecta,0,0,0.16823314580178172,0.0,6,164.83333333333334,0.12977695713440573,24.5,True Negative
Whitlavia,,Plantae,0,0,0.1682171075822903,0.0,2,153.0,0.1466611251235008,29.5,True Negative
Diplotaxis muralis,annual wall-rocket,Plantae,0,0,0.16803608295317618,0.0,1,207.0,0.148916557431221,25.0,True Negative
Pseudacris cadaverina,California Tree Frog,Amphibia,0,0,0.1679731072379782,0.0,3,136.33333333333334,0.146282248198986,27.666666666666668,True Negative
Acanthoscelides obtectus,Bean Weevil,Insecta,0,0,0.16789533657648806,0.0,1,234.0,0.1252662986516952,26.0,True Negative
Eucera,,Insecta,0,0,0.16789533657648806,0.0,1,234.0,0.1252662986516952,26.0,True Negative
Pseudopsallus angularis,yerba santa plant bug,Insecta,0,0,0.16785188388911487,0.0,5,186.0,0.11450999975204465,25.4,True Negative
Paranoplium gracile,,Insecta,0,0,0.1678495070255872,0.0,2,161.0,0.13958714157342905,23.5,True Negative
Homoneura,,Insecta,0,0,0.1677754412168852,0.0,3,118.33333333333333,0.15112012624740598,25.333333333333332,True Negative
Monoleuca occidentalis,,Insecta,0,0,0.16770145663403546,0.0,1,164.0,0.1419189274311065,23.0,True Negative
Oenothera elata hirsutissima,hairy evening primrose,Plantae,0,0,0.16756589758652637,0.0,9,82.88888888888889,0.16316352536280948,29.22222222222222,True Negative
Nematocera,Nematoceran Flies,Insecta,0,0,0.16746820790396388,0.0,4,195.25,0.11700075119733808,28.25,True Negative
Hubbardia pentapeltis,,Arachnida,0,0,0.16744123047569706,0.0,6,225.16666666666666,0.16388848920663193,22.166666666666668,True Negative
Acrolophus cockerelli,,Insecta,0,0,0.16743233348345174,0.0,4,160.25,0.1127343717962503,25.75,True Negative
Sceloporinae,Sceloporine Lizards,Reptilia,0,0,0.16738640412074535,0.0,7,143.71428571428572,0.10881452521841439,24.285714285714285,True Negative
Rothelix,,Mollusca,0,0,0.16737513709781748,0.0,1,234.0,0.1427465081214904,20.0,True Negative
Graphocephala cythura,,Insecta,0,0,0.1672884856761671,0.0,15,100.66666666666667,0.18074951072533924,25.933333333333334,True Negative
Cryptantha clevelandii,Cleveland's Cryptantha,Plantae,0,0,0.16725261648976808,0.0,3,230.66666666666666,0.1138719742496808,27.333333333333332,True Negative
Cryptocephalina,,Insecta,0,0,0.16706561471848017,0.0,2,161.5,0.1381971314549446,28.5,True Negative
Oligotomidae,,Insecta,0,0,0.16702027300554598,0.0,2,207.0,0.11852082237601275,27.5,True Negative
Arctostaphylos glandulosa glandulosa,,Plantae,0,0,0.16697906294567336,0.0,2,215.0,0.12632439285516736,28.0,True Negative
Stenomorpha muricatula,,Insecta,0,0,0.1669592828012041,0.0,6,100.0,0.15050743892788884,27.333333333333332,True Negative
Resseliella,,Insecta,0,0,0.16688468470184678,0.0,1,234.0,0.1584313362836837,20.0,True Negative
Aculus tetanothrix,Willow Bead Gall Mite,Arachnida,0,0,0.16670912324200665,0.0,13,88.84615384615384,0.17108753724740097,25.53846153846154,True Negative
Ranunculoideae,"Anemones, buttercups, larkspurs and allies",Plantae,0,0,0.16667025611310274,0.0,2,125.0,0.14722736924886698,29.5,True Negative
Chelostoma,Scissor Bees,Insecta,0,0,0.16648333934002557,0.0,1,170.0,0.1200153529644012,23.0,True Negative
Chelostoma phaceliae,,Insecta,0,0,0.16648333934002557,0.0,1,170.0,0.1200153529644012,23.0,True Negative
Coliadini,,Insecta,0,0,0.16648333934002557,0.0,1,170.0,0.1200153529644012,23.0,True Negative
Megachile angelarum,,Insecta,0,0,0.16648333934002557,0.0,1,170.0,0.1200153529644012,23.0,True Negative
Palmodes,,Insecta,0,0,0.16648333934002557,0.0,1,170.0,0.1200153529644012,23.0,True Negative
Palpada,Plushback Flies,Insecta,0,0,0.16648333934002557,0.0,1,170.0,0.1200153529644012,23.0,True Negative
Paracosmus edwardsii,,Insecta,0,0,0.16648333934002557,0.0,1,170.0,0.1200153529644012,23.0,True Negative
Priocnemis oregona,,Insecta,0,0,0.16648333934002557,0.0,1,170.0,0.1200153529644012,23.0,True Negative
Pseudomalus auratus,,Insecta,0,0,0.16648333934002557,0.0,1,170.0,0.1200153529644012,23.0,True Negative
Puto,,Insecta,0,0,0.16648333934002557,0.0,1,170.0,0.1200153529644012,23.0,True Negative
Crambinae,Grass-veneers and Allies,Insecta,0,0,0.16647017029333494,0.0,2,136.5,0.1440240442752838,25.0,True Negative
Megastigmus,,Insecta,0,0,0.166376481365866,0.0,2,129.5,0.13095043599605555,23.0,True Negative
Rubus ursinus,trailing blackberry,Plantae,0,0,0.16636349248125387,0.0,156,88.02564102564102,0.1950706700579478,27.108974358974358,True Negative
Anser cygnoides domesticus,Domestic Swan Goose,Aves,0,0,0.16635353399496755,0.0,35,168.6,0.11485472039452618,25.142857142857142,True Negative
Euarestoides acutangulus,,Insecta,0,0,0.1663528288059468,0.0,8,220.625,0.08719669841229911,28.0,True Negative
Hoplia sackenii,,Insecta,0,0,0.16629674725788418,0.0,2,148.5,0.13802623748779294,28.5,True Negative
Nemognathini,,Insecta,0,0,0.16628990459478554,0.0,3,193.66666666666666,0.12173919876416521,27.0,True Negative
Asilidae,Robber Flies,Insecta,0,0,0.16621680065117597,0.0,3,167.33333333333334,0.16004251440366105,27.666666666666668,True Negative
Eucoilinae,,Insecta,0,0,0.16611424848965284,0.0,2,206.0,0.10475587286055085,26.0,True Negative
Paraserianthes lophantha,Plume Albizia,Plantae,0,0,0.1660224443040191,0.0,1,147.0,0.126890480518341,28.0,True Negative
Adenostoma fasciculatum fasciculatum,Common chamise,Plantae,0,0,0.16599604587457767,0.0,2,229.0,0.1442950740456581,29.0,True Negative
Asterella bolanderi,,Plantae,0,0,0.16595848666722465,0.0,2,202.5,0.1490500196814537,25.0,True Negative
Erythracaridae,,Arachnida,0,0,0.1658870802811808,0.0,1,212.0,0.0900875926017761,31.0,True Negative
Braconinae,,Insecta,0,0,0.16560299714688484,0.0,4,169.5,0.14455702155828473,25.0,True Negative
Cryptantha muricata,pointed cryptantha,Plantae,0,0,0.1655915239694242,0.0,1,145.0,0.1400075554847717,21.0,True Negative
Harmostini,,Insecta,0,0,0.1654724096282211,0.0,1,93.0,0.154232919216156,20.0,True Negative
Perizoma epictata,,Insecta,0,0,0.1654724096282211,0.0,1,93.0,0.154232919216156,20.0,True Negative
Hedwigia,Hoarmosses,Plantae,0,0,0.16522679620369377,0.0,1,373.0,0.1262743026018142,22.0,True Negative
Efferia albibarbis,Sand Hammertail,Insecta,0,0,0.16512508838302803,0.0,15,96.13333333333334,0.16507478952407834,26.666666666666668,True Negative
Aphoebantus transitus,,Insecta,0,0,0.16510233214057357,0.0,1,134.0,0.13064706325531,21.0,True Negative
Cheiracanthiidae,Long-legged Sac Spiders,Arachnida,0,0,0.16481992908607226,0.0,2,173.5,0.0898809395730495,28.5,True Negative
Polygonaceae,knotweed family,Plantae,0,0,0.16478964411519748,0.0,2,215.5,0.13882389292120925,27.0,True Negative
Glaucina erroraria,,Insecta,0,0,0.16477220008982232,0.0,5,121.8,0.10464681610465043,22.6,True Negative
Creugas bajulus,,Arachnida,0,0,0.16472918492478833,0.0,3,116.66666666666667,0.14179209123055136,28.0,True Negative
Esula,,Plantae,0,0,0.1647068069173306,0.0,1,200.0,0.1356448829174041,21.0,True Negative
Blastopsylla occidentalis,Eucalyptus Shoot Psyllid,Insecta,0,0,0.16470091581143181,0.0,2,181.5,0.13784933835268015,26.5,True Negative
Myrmecophilus,,Insecta,0,0,0.16469671495925722,0.0,2,170.5,0.15349546819925305,30.0,True Negative
Laetilia coccidivora,Scale-feeding Snout,Insecta,0,0,0.16464529147931317,0.0,3,180.66666666666666,0.13597704966862992,30.333333333333332,True Negative
Leiothlypis peregrina,Tennessee Warbler,Aves,0,0,0.16462779258954452,0.0,6,168.66666666666666,0.2224403048555056,27.5,True Negative
Sauria,Lizards,Reptilia,0,0,0.1646176866153504,0.0,2,198.0,0.12343461811542505,25.5,True Negative
Lepomis macrochirus,Bluegill,Actinopterygii,0,0,0.16449895764899877,0.0,23,102.65217391304348,0.16196661457702838,21.869565217391305,True Negative
Leucocoprineae,,Fungi,0,0,0.16449413741053448,0.0,1,171.0,0.1490516066551208,25.0,True Negative
Normandina,,Fungi,0,0,0.16449413741053448,0.0,1,171.0,0.1490516066551208,25.0,True Negative
Steccherinum ochraceum,Ochre Spreading Tooth,Fungi,0,0,0.16449413741053448,0.0,1,171.0,0.1490516066551208,25.0,True Negative
Sphyrocoris obliquus,,Insecta,0,0,0.16446201359235432,0.0,2,143.0,0.11360554769635195,26.5,True Negative
Crossidius,,Insecta,0,0,0.1643967422776459,0.0,2,172.5,0.12347256019711489,29.5,True Negative
Coenosiini,,Insecta,0,0,0.16439124819616865,0.0,2,228.0,0.12256078422069544,26.5,True Negative
Sargassum,Sargassum,Chromista,0,0,0.1643613543541464,0.0,1,90.0,0.1260233521461486,18.0,True Negative
Flatormenis,,Insecta,0,0,0.16425856485398313,0.0,3,139.33333333333334,0.11299089590708412,27.333333333333332,True Negative
Olla v-nigrum,Ashy Gray Lady Beetle,Insecta,0,0,0.16424933598254726,0.0,1,247.0,0.116066463291645,30.0,True Negative
Podocopida,,Animalia,0,0,0.16423516083191417,0.0,2,187.0,0.12951882928609845,28.5,True Negative
Cephaloziellaceae,,Plantae,0,0,0.164174518054627,0.0,1,252.0,0.1564692556858062,20.0,True Negative
Papaveraceae,Poppy Family,Plantae,0,0,0.16414316249693683,0.0,1,57.0,0.1494633555412292,24.0,True Negative
Vinealobryum vineale,Soft-tufted Beard-moss,Plantae,0,0,0.1639671526752374,0.0,3,126.33333333333333,0.1451710040370623,23.666666666666668,True Negative
Linum,Flaxes,Plantae,0,0,0.16391160619025275,0.0,1,166.0,0.0385354645550251,31.0,True Negative
Solenopsis,Solenopsis Fire Ants and Thief Ants,Insecta,0,0,0.1637320034348886,0.0,4,143.25,0.08975672535598272,28.25,True Negative
Asemosyrphus polygrammus,Common Sickleleg,Insecta,0,0,0.16372029248372585,0.0,3,169.33333333333334,0.08910198261340456,26.333333333333332,True Negative
Harmostes angustatus,,Insecta,0,0,0.16343948976136666,0.0,7,164.0,0.14310958768640242,27.285714285714285,True Negative
Zonotrichia leucophrys gambelii,Gambel's White-crowned Sparrow,Aves,0,0,0.1632985895997805,0.0,6,148.66666666666666,0.17503661289811132,27.5,True Negative
Exiliscelis,,Insecta,0,0,0.16321501514767386,0.0,1,228.0,0.1263686120510101,26.0,True Negative
Tanytarsini,,Insecta,0,0,0.16318986921108064,0.0,4,156.0,0.11129195429384703,29.0,True Negative
Brachyiulus,Short Snake Millipedes,Animalia,0,0,0.16315380992860312,0.0,2,119.0,0.1255022250115871,24.0,True Negative
Halyomorpha halys,Brown Marmorated Stink Bug,Insecta,0,0,0.16312483295169297,0.0,1,223.0,0.1476383209228515,26.0,True Negative
Entomobrya,,Animalia,0,0,0.1630793521767711,0.0,4,106.5,0.156488524749875,27.75,True Negative
Creontiades rubrinervis,,Insecta,0,0,0.16305907467414751,0.0,4,138.5,0.10618846118450158,26.25,True Negative
Eucosma clavana,Striped Eucosma Moth and Allies,Insecta,0,0,0.1628830164942628,0.0,1,241.0,0.07086031883955,29.0,True Negative
Gymnopilus sapineus,Scaly Rustgill,Fungi,0,0,0.16284933503847257,0.0,4,145.25,0.15703679248690605,25.0,True Negative
Caliciaceae,Button and Allied Lichens,Fungi,0,0,0.16264994014708173,0.0,4,136.75,0.1473227553069591,25.75,True Negative
Hordeum marinum gussoneanum,mediterranean barley,Plantae,0,0,0.1626051175248575,0.0,2,236.0,0.13619436696171755,24.0,True Negative
Bryum gemmiparum,Bud-tipped Bryum,Plantae,0,0,0.1626014161023828,0.0,3,192.33333333333334,0.14165237794319785,22.333333333333332,True Negative
Scymnus,,Insecta,0,0,0.1624814210367973,0.0,2,235.5,0.117475114762783,28.0,True Negative
Melanopleurus pyrrhopterus melanopleurus,,Insecta,0,0,0.16244290381555102,0.0,2,173.0,0.1422043964266777,26.0,True Negative
Aceria mackiei,Live Oak Erineum Mite,Arachnida,0,0,0.1624326140408863,0.0,3,126.66666666666667,0.13700265189011887,28.333333333333332,True Negative
Tephritidae,Fruit Flies,Insecta,0,0,0.16230969752143867,0.0,2,201.0,0.1251738108694553,29.5,True Negative
Salvia clevelandii,Cleveland Sage,Plantae,0,0,0.16222333144286222,0.0,3,176.33333333333334,0.16243783136208848,26.666666666666668,True Negative
Tephritis,,Insecta,0,0,0.16216622084501278,0.0,2,224.5,0.106450542807579,28.0,True Negative
Soliva sessilis,common soliva,Plantae,0,0,0.1621039720894889,0.0,4,145.5,0.08742819249164313,19.5,True Negative
Lithobius forficatus,Brown Centipede,Animalia,0,0,0.16200809445874298,0.0,2,119.0,0.1530906558036804,22.5,True Negative
Melanophila,,Insecta,0,0,0.16186152236920529,0.0,1,224.0,0.1390055418014526,26.0,True Negative
Urocyon,Gray Foxes,Mammalia,0,0,0.16185264240061628,0.0,2,140.0,0.1316295154392719,30.0,True Negative
Eriophyllum lanatum,common woolly sunflower,Plantae,0,0,0.16172102421183682,0.0,1,381.0,0.1433654725551605,26.0,True Negative
Cyprinus carpio,European Carp,Actinopterygii,0,0,0.16155953370253895,0.0,6,113.33333333333333,0.10913717071525751,28.0,True Negative
Solenopsis amblychila,,Insecta,0,0,0.16154875792220608,0.0,2,132.0,0.13446453213691711,27.5,True Negative
Psora pacifica,,Fungi,0,0,0.16153096059007416,0.0,3,223.66666666666666,0.12019454687833782,27.666666666666668,True Negative
Crambidia dusca,,Insecta,0,0,0.16150548443758586,0.0,2,177.0,0.12771944701671595,26.0,True Negative
Squamulea,,Fungi,0,0,0.1614946544226658,0.0,3,139.66666666666666,0.1422373826305071,26.0,True Negative
Superstitionia donensis,Superstition Mountains Scorpion,Arachnida,0,0,0.1612765535503409,0.0,7,134.0,0.17471917186464578,28.0,True Negative
Lysilinga aurantiaca,,Insecta,0,0,0.1612422757700052,0.0,3,188.33333333333334,0.14640698830286655,26.333333333333332,True Negative
Anthocerotophyta,hornworts,Plantae,0,0,0.16118030711873918,0.0,2,178.0,0.123508159071207,24.0,True Negative
Psyllobora renifer,Kidney-spotted Fairy Lady Beetle,Insecta,0,0,0.16115208084982496,0.0,1,190.0,0.1457295417785644,25.0,True Negative
Deconica,,Fungi,0,0,0.16113323437089136,0.0,5,131.8,0.16511491537094114,25.8,True Negative
Goedenia steyskali,,Insecta,0,0,0.1611274360525053,0.0,9,204.22222222222223,0.10838509102662401,27.444444444444443,True Negative
Neohermes filicornis,,Insecta,0,0,0.16097068797128428,0.0,10,111.2,0.16881298720836632,28.0,True Negative
Tribulus terrestris,puncture vine,Plantae,0,0,0.1608720051513552,0.0,4,102.0,0.1530643571168184,26.75,True Negative
Elasmopalpus lignosella,Lesser Cornstalk Borer Moth,Insecta,0,0,0.1608596352670163,0.0,3,207.0,0.11598002662261324,27.666666666666668,True Negative
Hexurella rupicola,,Arachnida,0,0,0.1606686828095006,0.0,1,106.0,0.0929976031184196,30.0,True Negative
Chydorus,,Animalia,0,0,0.160648880011354,0.0,1,116.0,0.1554023474454879,22.0,True Negative
Pentatominae,,Insecta,0,0,0.16043971347320982,0.0,5,157.2,0.10556615656241775,19.0,True Negative
Vespertilionidae,Evening Bats,Mammalia,0,0,0.16037666183518906,0.0,2,137.0,0.1071407347917556,21.0,True Negative
Eumops perotis californicus,Western Mastiff Bat,Mammalia,0,0,0.16034911479903438,0.0,1,70.0,0.1073188483715057,31.0,True Negative
Daucus,carrots,Plantae,0,0,0.16033444380579945,0.0,2,159.0,0.0916800871491432,30.5,True Negative
Felicia amelloides,Coastal Blue Felicia,Plantae,0,0,0.16025079778248585,0.0,1,130.0,0.1218883469700813,22.0,True Negative
Aceria baccharices,Mule Fat Blister Mite,Arachnida,0,0,0.16018935750344668,0.0,43,109.32558139534883,0.1863251951371514,25.023255813953487,True Negative
Trirhabda flavolimbata,Coyote Brush Leaf Beetle,Insecta,0,0,0.16008383009801902,0.0,1,96.0,0.1195198968052864,19.0,True Negative
Araneus pegnia,Butterfly Orbweaver,Arachnida,0,0,0.159880747583519,0.0,5,185.6,0.1463073134422302,26.6,True Negative
Clausicella,,Insecta,0,0,0.1598194123745174,0.0,8,196.875,0.1306668417528271,26.125,True Negative
Aglaothorax,,Insecta,0,0,0.1598026571115229,0.0,3,112.33333333333333,0.14767102152109138,26.333333333333332,True Negative
Sorghum,"Johnsongrasses, milos, sudangrasses, and allies",Plantae,0,0,0.1595726502271217,0.0,2,132.5,0.1407562866806984,28.0,True Negative
Rabdophaga salicisbrassicoides,Willow Rosette Gall Midge,Insecta,0,0,0.15947413097312554,0.0,19,100.26315789473684,0.20470997691154474,23.94736842105263,True Negative
Atriplex lentiformis,big saltbush,Plantae,0,0,0.15939498446559583,0.0,4,135.5,0.11376734140503685,17.5,True Negative
Collops vittatus,Striped Collops,Insecta,0,0,0.15931448154590375,0.0,2,173.0,0.06745100207626814,23.5,True Negative
Entoloma serrulatum,Blue Edge Pinkgill,Fungi,0,0,0.1592532708547125,0.0,2,266.5,0.15396584570407865,20.5,True Negative
Torymidae,,Insecta,0,0,0.1592316479451894,0.0,2,162.5,0.10121013224124906,27.5,True Negative
Psychidae,Bagworm Moths,Insecta,0,0,0.159108517897326,0.0,1,253.0,0.1248159557580947,30.0,True Negative
Ctenarytaina spatulata,Rose Gum Psyllid,Insecta,0,0,0.1591054753249214,0.0,1,177.0,0.1365379244089126,26.0,True Negative
Eremiaphiloidea,,Insecta,0,0,0.15906546728636917,0.0,1,89.0,0.1196450814604759,30.0,True Negative
Anomalon,,Insecta,0,0,0.15883691745747602,0.0,11,96.45454545454545,0.16945226558230136,25.181818181818183,True Negative
Polytrichum juniperinum,juniper haircap moss,Plantae,0,0,0.15871130508820608,0.0,1,249.0,0.13777856528759,22.0,True Negative
Chrysopilus,,Insecta,0,0,0.15847125518474192,0.0,8,126.75,0.17654017172753805,26.25,True Negative
Idona,,Insecta,0,0,0.15832930002680576,0.0,11,180.36363636363637,0.13522543690421363,26.545454545454547,True Negative
Salicornia,pickleweeds,Plantae,0,0,0.15823151737183372,0.0,1,113.0,0.1088058054447174,29.0,True Negative
Chalybion californicum,Common Blue Mud-dauber Wasp,Insecta,0,0,0.15819126611947348,0.0,3,137.0,0.1259164487322171,30.666666666666668,True Negative
Arecaceae,palms,Plantae,0,0,0.15809104569163665,0.0,2,131.5,0.153419554233551,26.0,True Negative
Phidippus ardens,Desert Red Jumping Spider,Arachnida,0,0,0.15794221389961263,0.0,3,119.0,0.1326112697521845,27.333333333333332,True Negative
Eleodes gigantea,,Insecta,0,0,0.15780939986599407,0.0,2,150.0,0.12700721621513367,27.0,True Negative
Ochrimnus carnosulus,,Insecta,0,0,0.1577803662087277,0.0,8,100.375,0.15529923234134907,27.625,True Negative
Stellaria apetala,lesser chickweed,Plantae,0,0,0.15766783359813483,0.0,3,127.33333333333333,0.14004980027675626,22.666666666666668,True Negative
Liriomyza,Liriomyza leaf-mining flies,Insecta,0,0,0.157662241225565,0.0,5,99.8,0.13499774634838102,24.8,True Negative
Hetaerina americana,American Rubyspot,Insecta,0,0,0.15760927128851449,0.0,1,99.0,0.1518376916646957,19.0,True Negative
Euchromius ocellea,Belted Grass-veneer,Insecta,0,0,0.1574885968884172,0.0,5,163.0,0.15998757034540173,26.6,True Negative
Pollenia,Cluster Flies,Insecta,0,0,0.15743274184955947,0.0,2,175.0,0.1378165334463119,26.0,True Negative
Calyptridium monandrum,common pussypaws,Plantae,0,0,0.15733504127101783,0.0,2,243.5,0.13271113485097885,25.0,True Negative
Crocanthemum scoparium scoparium,,Plantae,0,0,0.15732557752514298,0.0,2,208.5,0.14261662960052485,26.5,True Negative
Oxytelinae,Spiny-legged Rove Beetles,Insecta,0,0,0.1572982229032609,0.0,1,34.0,0.1423514038324356,28.0,True Negative
Disholcaspis canescens,Round Honeydew Gall Wasp,Insecta,0,0,0.15725773051418881,0.0,2,179.0,0.15202925354242325,28.0,True Negative
Callitriche,Water Starworts,Plantae,0,0,0.1571906237868462,0.0,2,221.5,0.12989536672830576,24.5,True Negative
Prodoxus,Bogus Yucca Moths,Insecta,0,0,0.1569995373398806,0.0,2,152.5,0.161532312631607,24.5,True Negative
Euodynerus pratensis,,Insecta,0,0,0.15685350235191134,0.0,7,210.28571428571428,0.10977706206696371,27.142857142857142,True Negative
Rhopalomyia floccosa,Sagebrush Woolly Stem Gall Midge,Insecta,0,0,0.15675351780690944,0.0,2,156.5,0.1237426325678825,23.5,True Negative
Entodon seductrix,seductive entodon moss,Plantae,0,0,0.15673576536031933,0.0,1,204.0,0.148617148399353,27.0,True Negative
Ostropomycetidae,"wart lichens, script lichens, and allies",Fungi,0,0,0.1567121833702768,0.0,1,342.0,0.1240726336836814,20.0,True Negative
Vireo huttoni,Hutton's Vireo,Aves,0,0,0.1566499269465737,0.0,80,90.55,0.19304272658191618,26.425,True Negative
Vicia ludoviciana ludoviciana,deerpea vetch,Plantae,0,0,0.1565159818600857,0.0,1,142.0,0.1369964331388473,26.0,True Negative
Ctenolepisma,,Insecta,0,0,0.15627556476795437,0.0,2,203.0,0.1244515143334865,29.0,True Negative
Trialeurodes vaporariorum,Greenhouse Whitefly,Insecta,0,0,0.15622464969151328,0.0,2,135.5,0.12988384813070294,27.5,True Negative
Melilotus albus,White Sweetclover,Plantae,0,0,0.15619661515229402,0.0,86,100.72093023255815,0.18437278989789094,26.651162790697676,True Negative
Gymnopilus ventricosus,Western Jumbo Gym,Fungi,0,0,0.1561810364732865,0.0,2,254.5,0.11425736173987386,26.5,True Negative
Genista monspessulana,French broom,Plantae,0,0,0.15613590551296738,0.0,14,164.71428571428572,0.1861268489488533,26.5,True Negative
Agathidium,,Insecta,0,0,0.15609051678248856,0.0,1,176.0,0.1207472681999206,25.0,True Negative
Brasema,,Insecta,0,0,0.15609051678248856,0.0,1,176.0,0.1207472681999206,25.0,True Negative
Dipodomys,Kangaroo Rats,Mammalia,0,0,0.15599757155684948,0.0,3,200.33333333333334,0.10445840656757348,29.0,True Negative
Machaerantherinae,,Plantae,0,0,0.15592060616160028,0.0,3,99.66666666666667,0.14576406031846997,25.0,True Negative
Cyclosa turbinata,Humped Trashline Orbweaver,Arachnida,0,0,0.15591782410155614,0.0,9,121.44444444444444,0.17772111296653745,24.555555555555557,True Negative
Oncorhynchus mykiss,Rainbow Trout,Actinopterygii,0,0,0.15591112721843453,0.0,5,167.0,0.1142474293708801,23.0,True Negative
Tetracis jubararia,October Thorn,Insecta,0,0,0.15582358506562605,0.0,6,132.0,0.10961416239539777,27.5,True Negative
Amanita ocreata,Western Destroying Angel,Fungi,0,0,0.15579232716483357,0.0,13,98.6923076923077,0.1846927811320011,26.76923076923077,True Negative
Anaxyrus boreas halophilus,California Toad,Amphibia,0,0,0.1557055318564926,0.0,5,109.6,0.1458961620926857,29.6,True Negative
Madia exigua,small tarweed,Plantae,0,0,0.15567769385940902,0.0,1,179.0,0.1341571360826492,22.0,True Negative
Scytinium,,Fungi,0,0,0.1555644799631948,0.0,1,286.0,0.1347502619028091,18.0,True Negative
Libellula,Chasers and King Skimmers,Insecta,0,0,0.15549253124441892,0.0,6,125.0,0.2332190995415051,28.333333333333332,True Negative
Aristida ternipes gentilis,hook three-awn,Plantae,0,0,0.15542988082713596,0.0,1,219.0,0.1255217492580413,28.0,True Negative
Cenchrus longispinus,mat sandbur,Plantae,0,0,0.15533101196497073,0.0,1,190.0,0.1461817324161529,27.0,True Negative
Chaetophoraceae,,Plantae,0,0,0.1553046342395227,0.0,1,162.0,0.0691262707114219,30.0,True Negative
Castianeira,Ant-mimic Sac Spiders,Arachnida,0,0,0.155158977590294,0.0,3,165.33333333333334,0.1251285672187805,22.333333333333332,True Negative
Tricholoma dryophilum,Oak-loving Trich,Fungi,0,0,0.15500795721161942,0.0,19,101.21052631578948,0.1806033943828783,26.05263157894737,True Negative
Astraeus pteridis,giant hygroscopic earthstar,Fungi,0,0,0.15492897522338264,0.0,7,116.14285714285714,0.16702824085950846,24.285714285714285,True Negative
Serica,,Insecta,0,0,0.15487540403397812,0.0,2,123.0,0.11938061565160744,23.5,True Negative
Myrmosula nasuta,,Insecta,0,0,0.1548538236946111,0.0,1,176.0,0.0962933227419853,27.0,True Negative
Callophrys dumetorum perplexa,,Insecta,0,0,0.15484670301518533,0.0,2,168.5,0.1259841993451118,26.0,True Negative
Gymnopilus thiersii,,Fungi,0,0,0.15480696714325148,0.0,3,223.66666666666666,0.1424778724710146,27.333333333333332,True Negative
Chelostomoides,,Insecta,0,0,0.15462280622842825,0.0,6,91.5,0.1483820055921872,26.5,True Negative
Gamochaeta pensylvanica,Pennsylvania Cudweed,Plantae,0,0,0.15459973015074588,0.0,2,177.5,0.1574434489011764,28.5,True Negative
Helina,,Insecta,0,0,0.15446476746377116,0.0,1,78.0,0.144801989197731,21.0,True Negative
Eschatocrepis,,Insecta,0,0,0.15446142004113966,0.0,1,174.0,0.1521611958742141,27.0,True Negative
Collybia nuda,Blewit,Fungi,0,0,0.15444936102898807,0.0,5,101.6,0.14970230162143702,28.2,True Negative
Cervidae,Deer,Mammalia,0,0,0.15438578753506974,0.0,2,124.5,0.13413287699222565,23.5,True Negative
Agathidinae,,Insecta,0,0,0.1543755379452555,0.0,3,129.33333333333334,0.15177771697441733,28.0,True Negative
Spilogale gracilis,Western Spotted Skunk,Mammalia,0,0,0.15435536848582104,0.0,5,131.0,0.1638459771871566,21.8,True Negative
Micropterus nigricans,Largemouth Bass,Actinopterygii,0,0,0.1541362302812132,0.0,51,104.23529411764706,0.16868389644386134,23.784313725490197,True Negative
Aleuroplatus coronata,Crown Whitefly,Insecta,0,0,0.1540766584516613,0.0,11,110.63636363636364,0.18181808902458707,25.09090909090909,True Negative
Setaria viridis,Green Bristle Grass,Plantae,0,0,0.15397740871110613,0.0,1,232.0,0.1529211103916168,21.0,True Negative
Tortula atrovirens,Rib-leaf Moss,Plantae,0,0,0.15393973714202266,0.0,1,301.0,0.1420624256134033,29.0,True Negative
Nephrotoma,Tiger Crane Flies,Insecta,0,0,0.15392539375856937,0.0,3,179.0,0.0990380172928174,27.666666666666668,True Negative
Engytatus modestus,Tomato Bug,Insecta,0,0,0.1536613858904481,0.0,2,197.0,0.08558941632509226,28.0,True Negative
Paravaejovis,,Arachnida,0,0,0.153623721045674,0.0,6,105.5,0.14131029695272443,26.666666666666668,True Negative
Acmaeodera dolorosa,,Insecta,0,0,0.1534583740926213,0.0,1,70.0,0.1178904995322227,22.0,True Negative
Clematis ligusticifolia,Western White Clematis,Plantae,0,0,0.1534322765261648,0.0,20,89.4,0.17929520756006237,25.6,True Negative
Polymerus,,Insecta,0,0,0.15337747290455134,0.0,2,138.5,0.12573165819048876,23.5,True Negative
Lepidanthrax lautus,,Insecta,0,0,0.15336803546920122,0.0,1,228.0,0.1301344782114029,26.0,True Negative
Sphyrocoris,,Insecta,0,0,0.1533246466900784,0.0,2,206.0,0.12292728573083875,25.5,True Negative
Cladonia pulvinella,Hammer's Cup Lichen,Fungi,0,0,0.15329477555206397,0.0,3,212.0,0.1508495062589645,23.0,True Negative
Microphthalma,,Insecta,0,0,0.1531830360543099,0.0,1,176.0,0.1205490157008171,25.0,True Negative
Tepa,,Insecta,0,0,0.1531830360543099,0.0,1,176.0,0.1205490157008171,25.0,True Negative
Ischyropalpus,,Insecta,0,0,0.1530877035563801,0.0,2,229.0,0.11005210876464841,29.0,True Negative
Acmispon argophyllus,silver bird's-foot trefoil,Plantae,0,0,0.15280938967302815,0.0,1,195.0,0.141148954629898,29.0,True Negative
Argyrodes elevatus,American Dewdrop Spider,Arachnida,0,0,0.15280236268709763,0.0,5,116.8,0.12115738606080409,21.0,True Negative
Bahiopsis,,Plantae,0,0,0.15277299650565898,0.0,5,105.0,0.1225047699175775,22.2,True Negative
Acmaeodera angelica,,Insecta,0,0,0.15275541089483158,0.0,4,188.0,0.16669694706797597,27.0,True Negative
Haemorhous purpureus,Purple Finch,Aves,0,0,0.15273297132202054,0.0,4,174.25,0.1535626240074634,22.0,True Negative
Platyninae,,Insecta,0,0,0.15269550636619,0.0,2,163.0,0.15424989536404604,26.0,True Negative
Parietaria hespera hespera,,Plantae,0,0,0.15266934921820666,0.0,1,83.0,0.1443504840135574,31.0,True Negative
Crambini,Grass-Veneers,Insecta,0,0,0.15266062755141976,0.0,6,179.83333333333334,0.1209530209501584,26.666666666666668,True Negative
Microdynerus,,Insecta,0,0,0.15255051087419355,0.0,3,118.0,0.13724656403064725,27.666666666666668,True Negative
Gorytes,,Insecta,0,0,0.15242737618879706,0.0,2,164.5,0.14693125709891314,28.5,True Negative
Trichaptum abietinum,Purplepore Bracket,Fungi,0,0,0.15240638674452345,0.0,5,124.6,0.19195504933595656,28.2,True Negative
Chrysomya rufifacies,Hairy Maggot Blow Fly,Insecta,0,0,0.15228993632034013,0.0,3,173.33333333333334,0.1332011471192042,27.666666666666668,True Negative
Nanularia cupreofusca,,Insecta,0,0,0.1522201946466567,0.0,1,235.0,0.1302234530448913,26.0,True Negative
Chrysotoxum,Meadow Flies,Insecta,0,0,0.15219668888080695,0.0,4,144.0,0.1757613718509674,26.0,True Negative
Eupitheciini,Pug Moths & Allies,Insecta,0,0,0.15217298655059286,0.0,5,143.4,0.11623405963182445,28.6,True Negative
Ephestiodes,,Insecta,0,0,0.15205418504153187,0.0,5,136.6,0.12879722118377682,28.2,True Negative
Larrini,,Insecta,0,0,0.15200815798395653,0.0,5,99.0,0.1567683577537536,26.0,True Negative
Physella,,Mollusca,0,0,0.15195366342126593,0.0,9,115.88888888888889,0.17921453052096895,27.555555555555557,True Negative
Brodiaea,Brodiaeas,Plantae,0,0,0.1519355403877991,0.0,1,107.0,0.1198871657252311,27.0,True Negative
Elipsocus,,Insecta,0,0,0.15193107205294995,0.0,2,200.0,0.12442876398563381,27.0,True Negative
Xanthoria parietina,Common Sunburst Lichen,Fungi,0,0,0.15191763301486128,0.0,3,230.33333333333334,0.13067723313967383,26.0,True Negative
Dimorphotheca,Afro-Australian daisies,Plantae,0,0,0.151914020672288,0.0,1,226.0,0.132181778550148,31.0,True Negative
Disciseda candida,,Fungi,0,0,0.15188729249857919,0.0,1,176.0,0.1188976988196373,25.0,True Negative
Zarhipis,,Insecta,0,0,0.15184481931298846,0.0,1,227.0,0.1189164221286773,27.0,True Negative
Cynoglossum amabile,Chinese forget-me-not,Plantae,0,0,0.1518433483279435,0.0,3,185.0,0.1316326707601547,29.0,True Negative
Polygonoideae,,Plantae,0,0,0.15183481718784447,0.0,1,167.0,0.1058286502957344,31.0,True Negative
Bartramiales,,Plantae,0,0,0.15178849499702288,0.0,1,229.0,0.1382652521133422,26.0,True Negative
Henningsomyces candidus,white tubelet,Fungi,0,0,0.15169564512144298,0.0,2,193.0,0.14994201064109802,24.5,True Negative
Carposcalis,Platycheirus stegnus group,Insecta,0,0,0.15167181785064152,0.0,1,157.0,0.1363186538219452,22.0,True Negative
Chrysis angolensis,,Insecta,0,0,0.15147694689971483,0.0,2,195.0,0.10667775198817245,27.5,True Negative
Trifolieae,,Plantae,0,0,0.15129649933683356,0.0,8,96.375,0.17777306027710432,24.125,True Negative
Aix sponsa,Wood Duck,Aves,0,0,0.15125112514856429,0.0,10,168.5,0.10480249067768452,22.5,True Negative
Hyadaphis passerinii,Honeysuckle Aphid,Insecta,0,0,0.1512455822073622,0.0,1,176.0,0.1470928937196731,28.0,True Negative
Chaitophorus,,Insecta,0,0,0.15113445426670394,0.0,12,100.0,0.1842172586669524,26.0,True Negative
Streptopelia decaocto,Eurasian Collared-Dove,Aves,0,0,0.15109103277477612,0.0,10,120.3,0.10078944340348239,25.8,True Negative
Claytonia parviflora parviflora,Little-flower Springbeauty,Plantae,0,0,0.15108498378774754,0.0,4,194.5,0.17320665717124933,26.75,True Negative
Mycena leptocephala,Nitrous Bonnet,Fungi,0,0,0.1510309269315221,0.0,4,131.25,0.18545030802488321,25.5,True Negative
Ischnura denticollis,Black-fronted Forktail,Insecta,0,0,0.15100214265210218,0.0,9,106.33333333333333,0.1648998459180196,25.555555555555557,True Negative
Stethaulax marmorata,,Insecta,0,0,0.15095107350219528,0.0,2,174.0,0.13581262528896326,25.0,True Negative
Grotea californica,,Insecta,0,0,0.1509433045946316,0.0,3,116.33333333333333,0.14294446508089698,29.0,True Negative
Brachymeria podagrica,,Insecta,0,0,0.15091947118050195,0.0,1,180.0,0.1422050148248672,27.0,True Negative
Tenthredinidae,Common Sawflies,Insecta,0,0,0.1507593767547055,0.0,2,154.0,0.12636986374855036,23.5,True Negative
Chrysomya,,Insecta,0,0,0.15073806173110904,0.0,3,142.33333333333334,0.12899261216322577,26.333333333333332,True Negative
Coccinella,,Insecta,0,0,0.15070577688109346,0.0,2,128.5,0.1563331931829452,29.0,True Negative
Lecidea,Tile Lichens,Fungi,0,0,0.1506277995076332,0.0,4,121.5,0.13646498322486872,25.25,True Negative
Acrosticta,,Insecta,0,0,0.15058545642298143,0.0,3,120.0,0.13583158950010932,29.333333333333332,True Negative
Selaginellales,Spikemosses,Plantae,0,0,0.15048241805747048,0.0,1,176.0,0.1207472681999206,25.0,True Negative
Scelolyperus,,Insecta,0,0,0.15037894870397153,0.0,2,126.5,0.14353655278682703,23.5,True Negative
Lymnaeoidea,"Pond Snails, Bladder Snails, and Allies",Mollusca,0,0,0.1502537612252733,0.0,4,135.0,0.190546303987503,27.25,True Negative
Dasychira vagans,Variable Tussock Moth,Insecta,0,0,0.1502494080956187,0.0,1,143.0,0.1365208029747009,28.0,True Negative
Lepidium oblongum,Veiny Pepperweed,Plantae,0,0,0.15022216361949628,0.0,2,190.5,0.1091798953711986,25.5,True Negative
Stomacoccus platani,Sycamore Scale,Insecta,0,0,0.1502178391037367,0.0,8,100.125,0.1540499730035662,25.375,True Negative
Trifolium,clovers,Plantae,0,0,0.15013360834885792,0.0,4,100.5,0.1501904912292957,27.0,True Negative
Cricotopus,,Insecta,0,0,0.15009568003938595,0.0,10,101.0,0.16168190538883204,27.4,True Negative
Anisolabidinae,,Insecta,0,0,0.15005906799115165,0.0,1,188.0,0.1552246063947677,27.0,True Negative
Antillocorini,,Insecta,0,0,0.15002267270294803,0.0,1,86.0,0.1166419759392738,20.0,True Negative
Opogona omoscopa,Detritus Moth,Insecta,0,0,0.15000296416088776,0.0,4,193.0,0.10652626119554037,28.5,True Negative
Baetidae,Small Mayflies,Insecta,0,0,0.1499716891996665,0.0,4,111.75,0.1666251756250858,23.25,True Negative
Freesia leichtlinii,Dune Kammetjie,Plantae,0,0,0.14990042492810038,0.0,1,77.0,0.1202431470155716,22.0,True Negative
Persicaria lapathifolia,pale smartweed,Plantae,0,0,0.14987616860360833,0.0,5,164.4,0.08722684457898135,18.8,True Negative
Foeniculum,,Plantae,0,0,0.14979958635482177,0.0,1,179.0,0.1253555864095688,29.0,True Negative
Fucellia,Seaweed Flies,Insecta,0,0,0.14975475913629877,0.0,3,137.33333333333334,0.15883996586004887,25.666666666666668,True Negative
Tettigoniidae,Katydids,Insecta,0,0,0.14973010136018586,0.0,4,88.5,0.1568319126963615,24.75,True Negative
Ephydrini,,Insecta,0,0,0.14964537964148325,0.0,2,126.5,0.12686976417899126,31.5,True Negative
Icteridae,New World Blackbirds and Orioles,Aves,0,0,0.1496416574678833,0.0,5,135.2,0.15761794149875635,23.0,True Negative
Lepus californicus bennettii,San Diego Black-tailed Jackrabbit,Mammalia,0,0,0.14960894801352326,0.0,1,184.0,0.1274248957633972,28.0,True Negative
Habronattus hallani,,Arachnida,0,0,0.1495985730657167,0.0,1,225.0,0.1375313401222229,26.0,True Negative
Trapeliopsis granulosa,Granular Mottled-disk Lichen,Fungi,0,0,0.14954785258678768,0.0,3,197.0,0.1388881976405779,26.0,True Negative
Myrmosula rutilans,,Insecta,0,0,0.14947925593971575,0.0,2,132.5,0.10877004638314244,27.5,True Negative
Lema,,Insecta,0,0,0.14930300571776964,0.0,4,111.25,0.1471408288925886,25.75,True Negative
Halonoproctidae,Saddle-legged Trapdoor Spiders,Arachnida,0,0,0.14915901937958212,0.0,2,131.5,0.13807800412178034,27.0,True Negative
Andrenini,,Insecta,0,0,0.14913768880986178,0.0,1,382.0,0.1636354029178619,22.0,True Negative
Muilla,,Plantae,0,0,0.14913074914387447,0.0,2,169.0,0.12849304452538485,30.0,True Negative
Entomophthora muscae,Fly Death Fungi,Fungi,0,0,0.14895792422272636,0.0,1,199.0,0.1274753808975219,25.0,True Negative
Cyprinus,Typical Carps,Actinopterygii,0,0,0.14894533627803686,0.0,1,84.0,0.147580549120903,26.0,True Negative
Leptothrix ochracea,,,0,0,0.14894533627803686,0.0,1,84.0,0.147580549120903,26.0,True Negative
Lucilia mexicana,,Insecta,0,0,0.14880743339872152,0.0,1,174.0,0.1459771394729614,25.0,True Negative
Syritta pipiens,Thick-legged Hover Fly,Insecta,0,0,0.1487872325412779,0.0,17,98.88235294117646,0.17808171931435074,27.823529411764707,True Negative
Littorina keenae,Eroded Periwinkle,Mollusca,0,0,0.1487576048024323,0.0,1,154.0,0.1149586588144302,24.0,True Negative
Synageles,,Arachnida,0,0,0.1487489209994441,0.0,5,118.0,0.1639012843370437,25.6,True Negative
Pseudognaphalium canescens,Wright's cudweed,Plantae,0,0,0.14874322561011152,0.0,5,93.8,0.1551939725875854,25.8,True Negative
Vespinae,Hornets and Yellowjackets,Insecta,0,0,0.14866403298706427,0.0,1,164.0,0.1354657411575317,32.0,True Negative
Cladonia squamosa,Dragon Horn,Fungi,0,0,0.14865045690788062,0.0,1,342.0,0.1295092552900314,28.0,True Negative
Lecanora gangaleoides,,Fungi,0,0,0.14865045690788062,0.0,1,348.0,0.1296473890542984,28.0,True Negative
Phymata maculata,,Insecta,0,0,0.1486293911680421,0.0,2,233.0,0.12665547803044314,26.5,True Negative
Anas platyrhynchos,Mallard,Aves,0,0,0.1486053899259098,0.0,849,135.91166077738515,0.12861063191152994,22.87632508833922,True Negative
Marchantiopsida,complex thalloid liverworts,Plantae,0,0,0.14858125500897879,0.0,2,193.5,0.13465280830860135,25.5,True Negative
Tubifex,,Animalia,0,0,0.14855936981799434,0.0,1,153.0,0.1243128627538681,24.0,True Negative
Ranunculus californicus,California buttercup,Plantae,0,0,0.14852880006923186,0.0,4,149.25,0.2120906002819538,28.0,True Negative
Anelosimus studiosus,,Arachnida,0,0,0.1484551317397816,0.0,2,159.0,0.11760265752673145,24.0,True Negative
Labidura riparia,Shore Earwig,Insecta,0,0,0.14835908420372437,0.0,3,192.0,0.094783142209053,18.666666666666668,True Negative
Cryptantha micromeres,pygmyflower cryptantha,Plantae,0,0,0.14829891583888916,0.0,2,122.0,0.1313560307025909,21.0,True Negative
Draeculacephala minerva,Grass Sharpshooter,Insecta,0,0,0.14827318479984405,0.0,3,73.33333333333333,0.13979256649812058,26.333333333333332,True Negative
Andricus opertus,Fimbriate Gall Wasp,Insecta,0,0,0.14822958925778718,0.0,1,175.0,0.12773098051548,27.0,True Negative
Neuroterus,,Insecta,0,0,0.14822958925778718,0.0,1,175.0,0.12773098051548,27.0,True Negative
Pangoniinae,Long-tongue Horse Flies,Insecta,0,0,0.14822958925778718,0.0,1,175.0,0.12773098051548,27.0,True Negative
Olea,Olives,Plantae,0,0,0.14822872156714398,0.0,1,162.0,0.1063202396035194,30.0,True Negative
Euphorbia spathulata,Reticulate-seeded Spurge,Plantae,0,0,0.14821110915567148,0.0,1,138.0,0.1409366130828857,33.0,True Negative
Melipotis acontioides,Royal Poinciana Graphic,Insecta,0,0,0.14821000558305714,0.0,1,138.0,0.1419795900583267,21.0,True Negative
Dicranaceae,,Plantae,0,0,0.14817876508481548,0.0,1,122.0,0.1288002282381057,26.0,True Negative
Lasioglossum microlepoides,,Insecta,0,0,0.1481334799782046,0.0,1,182.0,0.1392222791910171,25.0,True Negative
Phytomyza eriodictyi,,Insecta,0,0,0.14812932687770142,0.0,3,176.66666666666666,0.11351617674032848,25.0,True Negative
Verophasmatodea,,Insecta,0,0,0.14807920502844782,0.0,1,157.0,0.1513446718454361,26.0,True Negative
Trichocereus,,Plantae,0,0,0.1480646267944003,0.0,1,154.0,0.1437683701515197,24.0,True Negative
California macrophylla,round-leaved filaree,Plantae,0,0,0.1479988040112148,0.0,1,169.0,0.1316390335559845,27.0,True Negative
Triodanis,Venus' Looking-Glasses,Plantae,0,0,0.14793972954928883,0.0,1,151.0,0.1471524536609649,21.0,True Negative
Oxybelus,,Insecta,0,0,0.1479186800647533,0.0,2,240.5,0.11634133011102674,28.0,True Negative
Ectypia clio,Clio Tiger Moth,Insecta,0,0,0.14789180585518394,0.0,1,131.0,0.1431176215410232,22.0,True Negative
Leptus,,Arachnida,0,0,0.14769615128696345,0.0,3,133.0,0.1346574078003565,23.333333333333332,True Negative
Contopus cooperi,Olive-sided Flycatcher,Aves,0,0,0.147685730948797,0.0,25,100.16,0.173634440600872,26.6,True Negative
Eucycla,,Plantae,0,0,0.1476622860808073,0.0,1,56.0,0.1507200300693512,24.0,True Negative
Anostraca,Fairy Shrimps,Animalia,0,0,0.14753544973897284,0.0,2,211.5,0.1262195892632007,30.5,True Negative
Schoenoplectus acutus occidentalis,common tule,Plantae,0,0,0.14752072641654948,0.0,1,162.0,-0.007686672732234,32.0,True Negative
Pherne subpunctata,,Insecta,0,0,0.14740302139609016,0.0,1,242.0,0.0747814923524856,29.0,True Negative
Anser albifrons,Greater White-fronted Goose,Aves,0,0,0.14732811025930043,0.0,3,143.0,0.11692987227191527,27.333333333333332,True Negative
Centranthus ruber,Red Valerian,Plantae,0,0,0.14724679799685889,0.0,1,130.0,0.154650866985321,21.0,True Negative
Apodemia mormo,Mormon Metalmark,Insecta,0,0,0.14723580166406255,0.0,3,127.66666666666667,0.12306574980417884,24.666666666666668,True Negative
Leucospis affinis affinis,,Insecta,0,0,0.14716855344557994,0.0,4,186.0,0.1378168687224388,28.5,True Negative
Achillea,yarrows,Plantae,0,0,0.14708025523162724,0.0,1,105.0,0.0744418650865554,20.0,True Negative
Tetrasporaceae,,Plantae,0,0,0.14708025523162724,0.0,1,105.0,0.0744418650865554,20.0,True Negative
Lobelia erinus,Garden Lobelia,Plantae,0,0,0.14706534120119058,0.0,1,181.0,0.1056039854884147,27.0,True Negative
Tecomaria capensis,Cape Honeysuckle,Plantae,0,0,0.1470540147789219,0.0,1,174.0,0.1466859579086303,28.0,True Negative
Aeolothrips collaris,,Insecta,0,0,0.14696551885429052,0.0,1,185.0,0.1493109166622162,29.0,True Negative
Acrolophinae,Burrowing Webworm Moths,Insecta,0,0,0.14695641287531183,0.0,11,138.1818181818182,0.09490089863538738,29.09090909090909,True Negative
Phalaris aquatica,harding grass,Plantae,0,0,0.14688038223123223,0.0,2,125.0,0.16048526018857956,27.5,True Negative
Terellia fuscicornis,Artichoke Fly,Insecta,0,0,0.14686116473866087,0.0,3,122.66666666666667,0.1310885945955912,28.333333333333332,True Negative
Polioptila californica californica,Coastal California Gnatcatcher,Aves,0,0,0.14683234408402085,0.0,4,112.0,0.1204808689653873,28.5,True Negative
Acontia cretata,Chalky Bird Dropping Moth,Insecta,0,0,0.14681921500053133,0.0,2,177.0,0.1598171442747116,29.0,True Negative
Stenamma,,Insecta,0,0,0.1467580015416815,0.0,2,135.5,0.1145943664014339,27.0,True Negative
Cerceris californica,,Insecta,0,0,0.14669179985079844,0.0,6,203.83333333333334,0.11832076559464134,27.0,True Negative
Chorizanthe staticoides,Turkish rugging,Plantae,0,0,0.14640300388586258,0.0,1,351.0,0.1466150283813476,22.0,True Negative
Cercis occidentalis,Western Redbud,Plantae,0,0,0.1463998925382473,0.0,1,171.0,0.1285912096500396,28.0,True Negative
Castilleja subinclusa jepsonii,,Plantae,0,0,0.14636716839838115,0.0,2,170.0,0.1471418887376785,19.5,True Negative
Celastrina echo,Echo Azure,Insecta,0,0,0.14636653627560298,0.0,3,155.0,0.16051900883515668,30.666666666666668,True Negative
Bembix,,Insecta,0,0,0.14636237181197007,0.0,4,106.25,0.15790037438273424,27.75,True Negative
Calypte,Anna's and Costa's Hummingbirds,Aves,0,0,0.14624862708483855,0.0,7,195.28571428571428,0.17620012057679038,29.285714285714285,True Negative
Inocybe,Fiber Caps,Fungi,0,0,0.14623125974114187,0.0,7,153.14285714285714,0.17502125033310476,26.857142857142858,True Negative
Porcellio scaber,Common Rough Woodlouse,Animalia,0,0,0.14620735425302875,0.0,1,221.0,0.1459690481424331,27.0,True Negative
Laccaria amethysteo-occidentalis,Western Amethyst Laccaria,Fungi,0,0,0.14619968319455123,0.0,2,122.5,0.13108831271529192,22.5,True Negative
Acinopterus,,Insecta,0,0,0.14610799337266575,0.0,3,114.0,0.1329065362612406,27.333333333333332,True Negative
Euaresta aequalis,,Insecta,0,0,0.14607991854739188,0.0,12,114.58333333333333,0.19231007806956765,27.083333333333332,True Negative
Digitaria,"crabgrasses, cottontops, and allies",Plantae,0,0,0.14581940056652068,0.0,1,121.0,0.1153265684843063,27.0,True Negative
Coprinellus domesticus,Firerug Inkcap,Fungi,0,0,0.14581821719046825,0.0,4,108.0,0.12605890631675715,26.0,True Negative
Emblethis vicarius,sand bug,Insecta,0,0,0.1457789522046699,0.0,1,228.0,0.148286372423172,29.0,True Negative
Chlorophyllum molybdites,Green-spored Parasol,Fungi,0,0,0.14576246120076305,0.0,5,174.2,0.2147463589906692,27.0,True Negative
Carthamus tinctorius,Safflower,Plantae,0,0,0.14571659080779725,0.0,2,135.5,0.08259827829897401,30.0,True Negative
Oxalis corniculata,Creeping Woodsorrel,Plantae,0,0,0.14564380348858355,0.0,3,109.66666666666667,0.14075502877434096,29.0,True Negative
Melanerpes lewis,Lewis's Woodpecker,Aves,0,0,0.1455252778304473,0.0,13,74.92307692307692,0.17574010674770055,22.46153846153846,True Negative
Pleotrichophorus,,Insecta,0,0,0.14551653470216172,0.0,1,187.0,0.1530864834785461,27.0,True Negative
Acacia cultriformis,Knife-leaf Wattle,Plantae,0,0,0.14541730277052026,0.0,3,146.0,0.1354645652075608,26.333333333333332,True Negative
Senna didymobotrya,Peanut-Butter Cassia,Plantae,0,0,0.14540656647535655,0.0,2,191.0,0.1037433929741382,29.5,True Negative
Grimmia pulvinata,Grey-cushioned Grimmia,Plantae,0,0,0.14533273807524852,0.0,1,85.0,0.1194756180047988,20.0,True Negative
Heliothis,,Insecta,0,0,0.1451517196417253,0.0,1,219.0,0.1196643635630607,29.0,True Negative
Pimeliinae,,Insecta,0,0,0.14514295420115514,0.0,1,176.0,0.1215116307139396,29.0,True Negative
Entoloma edulis,,Fungi,0,0,0.14512697909493064,0.0,1,56.0,0.1358172595500946,30.0,True Negative
Cylindromyia signatipennis,,Insecta,0,0,0.1450289657063332,0.0,2,115.5,0.14336472004652018,23.5,True Negative
Rapistrum rugosum,annual bastard cabbage,Plantae,0,0,0.1449324490959742,0.0,5,110.2,0.14153997218236328,22.2,True Negative
Homaemus variegatus,,Insecta,0,0,0.14488877647061799,0.0,3,174.0,0.13954920570055637,25.0,True Negative
Lecidella stigmatea,Rock Disk Lichen,Fungi,0,0,0.14484052473175743,0.0,3,207.33333333333334,0.1361730943123499,21.333333333333332,True Negative
Hesperoyucca,,Plantae,0,0,0.14475618408696903,0.0,1,164.0,0.086809791624546,29.0,True Negative
Pseudomasaris vespoides,,Insecta,0,0,0.14469857168592995,0.0,2,119.0,0.14340753108263016,24.0,True Negative
Agriphila,,Insecta,0,0,0.14467513982241467,0.0,2,137.5,0.13233992457389832,27.0,True Negative
Panurginae,,Insecta,0,0,0.14457756066880686,0.0,2,130.5,0.14561311900615692,29.0,True Negative
Abutilon theophrasti,velvetleaf,Plantae,0,0,0.14454501317255355,0.0,1,165.0,0.0385605543851852,32.0,True Negative
Opuntia × occidentalis,California Pricklypear,Plantae,0,0,0.14436075974733706,0.0,3,149.33333333333334,0.11562593777974443,26.333333333333332,True Negative
Ephydridae,Shore Flies,Insecta,0,0,0.14430936437126993,0.0,2,206.0,0.1046746857464313,30.0,True Negative
Spinus pinus,Pine Siskin,Aves,0,0,0.14426516197135575,0.0,5,132.8,0.17091601490974423,25.0,True Negative
Melitidae,Bivalve Scuds,Animalia,0,0,0.14424644692728775,0.0,1,168.0,0.0109867583960294,26.0,True Negative
Nemognatha,,Insecta,0,0,0.1441450806324459,0.0,9,181.55555555555554,0.12232148812876803,25.88888888888889,True Negative
Lycoperdon pratense,Meadow Puffball,Fungi,0,0,0.14407591162933966,0.0,5,90.2,0.14018360674381253,26.8,True Negative
Opuntia karwinskiana,,Plantae,0,0,0.14402916741351085,0.0,1,173.0,0.1393703073263168,27.0,True Negative
Acmaeoderini,,Insecta,0,0,0.14402145686247822,0.0,1,225.0,0.1426768600940704,29.0,True Negative
Carnoidea,,Insecta,0,0,0.143954884959991,0.0,2,138.0,0.1286608316004276,28.0,True Negative
Mesembryanthemum crystallinum,Crystalline ice plant,Plantae,0,0,0.14394041228918292,0.0,1,151.0,0.0984725058078765,29.0,True Negative
Loliinae,fescues and ryegrasses,Plantae,0,0,0.14385792905917183,0.0,1,268.0,0.16080904006958,23.0,True Negative
Bathysmatophorini,,Insecta,0,0,0.14383458470962723,0.0,1,67.0,0.1387811452150344,22.0,True Negative
Pulicaria paludosa,Spanish False Fleabane,Plantae,0,0,0.14381019000841547,0.0,1,167.0,0.0412651859223842,32.0,True Negative
Ruppia,widgeonweeds,Plantae,0,0,0.14381019000841547,0.0,1,167.0,0.0412651859223842,32.0,True Negative
Prionus californicus,California Root Borer,Insecta,0,0,0.1437399489997778,0.0,12,106.08333333333333,0.16816735515991843,26.416666666666668,True Negative
Erynnini,Duskywings and Allies,Insecta,0,0,0.14367491451490946,0.0,1,71.0,0.1314314156770706,21.0,True Negative
Bryum argenteum argenteum,,Plantae,0,0,0.14361609197426592,0.0,1,152.0,0.1480336189270019,21.0,True Negative
Placidium,Earthscale Lichens,Fungi,0,0,0.14355939453656733,0.0,2,396.5,0.14126505702733988,20.0,True Negative
Chrysobothris,,Insecta,0,0,0.14352042879515325,0.0,2,173.5,0.133478082716465,26.0,True Negative
Arrhenia,,Fungi,0,0,0.14343632217638166,0.0,2,198.0,0.14827602356672281,25.5,True Negative
Cricetidae,"Hamsters, Voles, Lemmings, and Allies",Mammalia,0,0,0.14342638705564323,0.0,2,134.0,0.1382328942418098,28.0,True Negative
Ampullariidae,Apple Snails,Mollusca,0,0,0.14338794086869341,0.0,6,165.0,0.0917558365035802,18.666666666666668,True Negative
Bolboschoenus maritimus,sea clubrush,Plantae,0,0,0.14335469997235392,0.0,5,93.4,0.1610393658280372,29.2,True Negative
Simulium,Common Blackflies,Insecta,0,0,0.14333214416836745,0.0,6,117.33333333333333,0.1592205539345741,26.5,True Negative
Paracosmus,,Insecta,0,0,0.1432874018749659,0.0,2,162.0,0.1238445825874805,28.5,True Negative
Acariformes,,Arachnida,0,0,0.14318809035762753,0.0,3,145.66666666666666,0.14025790989398954,28.333333333333332,True Negative
Chlaenius cumatilis,,Insecta,0,0,0.14314927614461828,0.0,8,90.125,0.15714520588517183,27.0,True Negative
Commelina benghalensis,tropical spiderwort,Plantae,0,0,0.14311412266574075,0.0,1,127.0,0.1317640990018844,22.0,True Negative
Lipoptena,,Insecta,0,0,0.14303893662898276,0.0,1,56.0,0.1233007609844207,31.0,True Negative
Amelidae,,Insecta,0,0,0.14295165929994422,0.0,1,220.0,0.1331029087305069,29.0,True Negative
Physcia aipolia,Hoary Rosette Lichen,Fungi,0,0,0.14288804123489876,0.0,1,345.0,0.1322428286075592,23.0,True Negative
Pleopsidium flavum,gold cobblestone lichen,Fungi,0,0,0.14283336131839744,0.0,1,284.0,0.1001030504703521,29.0,True Negative
Festuca octoflora,sixweeks grass,Plantae,0,0,0.14277931398010485,0.0,2,166.5,0.1341260895133018,27.0,True Negative
Oecanthus argentinus,Prairie Tree Cricket,Insecta,0,0,0.14276352914103393,0.0,2,133.0,0.1179968044161796,28.5,True Negative
Acalymma trivittatum,Western Striped Cucumber Beetle,Insecta,0,0,0.14265923601691607,0.0,3,166.33333333333334,0.12017723917961116,28.666666666666668,True Negative
Leiopodus singularis,Singular Turret-Cuckoo,Insecta,0,0,0.14260223038813968,0.0,2,139.5,0.14298373460769648,27.0,True Negative
Phaeoclavulina,,Fungi,0,0,0.14256001465717655,0.0,1,183.0,0.1377037763595581,18.0,True Negative
Cyclocephala pasadenae,Southwestern Masked Chafer,Insecta,0,0,0.14252858081769573,0.0,1,168.0,0.1030180901288986,27.0,True Negative
Helcystogramma chambersella,Chambers' Twirler,Insecta,0,0,0.14252393987705253,0.0,1,112.0,0.1263477206230163,21.0,True Negative
Tetracis hirsutaria,,Insecta,0,0,0.14252393987705253,0.0,1,112.0,0.1263477206230163,21.0,True Negative
Acanthoscelidina,,Insecta,0,0,0.14246679244246788,0.0,1,223.0,0.154081329703331,26.0,True Negative
Colotrechnus,,Insecta,0,0,0.14246679244246788,0.0,1,223.0,0.154081329703331,26.0,True Negative
Ligyrocoris,,Insecta,0,0,0.14246679244246788,0.0,1,223.0,0.154081329703331,26.0,True Negative
Udea profundalis,,Insecta,0,0,0.14246679244246788,0.0,1,223.0,0.154081329703331,26.0,True Negative
Penstemon heterophyllus,Bunchleaf Penstemon,Plantae,0,0,0.14235811633543793,0.0,2,152.0,0.1417761221528053,27.0,True Negative
Phoradendron,leafy mistletoes,Plantae,0,0,0.1423054080613172,0.0,6,87.33333333333333,0.16899628564715383,27.0,True Negative
Aporini,,Insecta,0,0,0.14227888300331712,0.0,9,117.22222222222223,0.17534380488925505,27.11111111111111,True Negative
Egretta thula,Snowy Egret,Aves,0,0,0.1422746539617194,0.0,243,137.76131687242798,0.13407496497407026,21.226337448559672,True Negative
Metaphidippus diplacis,,Arachnida,0,0,0.1421107423303243,0.0,2,197.5,0.13384630531072617,26.5,True Negative
Ipomoea indica,oceanblue morning glory,Plantae,0,0,0.14207032172055367,0.0,2,203.0,0.13672055676579475,28.5,True Negative
Rasahus thoracicus,Western Corsair Bug,Insecta,0,0,0.14200690843539637,0.0,5,114.0,0.15902785062789912,25.0,True Negative
Trichochrous,,Insecta,0,0,0.1419644561920987,0.0,1,179.0,0.1150241419672966,25.0,True Negative
Nola minna,Ceanothus Nola Moth,Insecta,0,0,0.14190510160281872,0.0,3,114.66666666666667,0.15846355259418485,24.333333333333332,True Negative
Rhinacloa forticornis,Western Plant Bug,Insecta,0,0,0.1418958494952319,0.0,2,240.5,0.11539265885949129,29.0,True Negative
Stictiellina,,Insecta,0,0,0.1418140385867659,0.0,2,122.0,0.12409049272537226,29.0,True Negative
Geranomyia,,Insecta,0,0,0.14179844997301827,0.0,3,112.0,0.12964872022469834,25.666666666666668,True Negative
Tetraloniella,,Insecta,0,0,0.1417934392600881,0.0,2,203.0,0.1227511428296566,27.0,True Negative
Pomacea,Common Apple Snails,Mollusca,0,0,0.14178394754874837,0.0,32,163.5,0.08397664086078292,15.28125,True Negative
Malthodes,,Insecta,0,0,0.14171232011382487,0.0,1,173.0,0.1451469957828521,27.0,True Negative
Crambus sperryellus,Sperry's Grass-veneer,Insecta,0,0,0.14164570086473122,0.0,3,179.0,0.1421851515769958,29.0,True Negative
Tramea,Saddlebag Gliders,Insecta,0,0,0.14164239345048504,0.0,2,134.0,0.13876243680715555,27.5,True Negative
Creontiades,,Insecta,0,0,0.1415231716233784,0.0,1,146.0,0.1269161850214004,29.0,True Negative
Orthemis ferruginea,Roseate Skimmer,Insecta,0,0,0.14148768765556735,0.0,4,78.5,0.14875478670001024,27.75,True Negative
Eugnatha,,Animalia,0,0,0.14126872128527862,0.0,1,135.0,0.140145406126976,26.0,True Negative
Geron calvus,Bald Bee Fly,Insecta,0,0,0.14119576531060932,0.0,3,108.0,0.14214541514714557,24.333333333333332,True Negative
Buellia badia,Parasitic Button Lichen,Fungi,0,0,0.14115544607011365,0.0,1,130.0,0.1357824653387069,18.0,True Negative
Limonium,Sea-Lavenders,Plantae,0,0,0.1411432145698545,0.0,2,222.5,0.12407425418496125,21.5,True Negative
Ceraticelus artemisiae,,Arachnida,0,0,0.14113833331149656,0.0,1,179.0,0.1413476467132568,27.0,True Negative
Gnaphalium,cudweeds,Plantae,0,0,0.1410756518034611,0.0,1,230.0,0.124414712190628,28.0,True Negative
Micralictoides ruficaudus,Red-tailed Micro-Shortface,Insecta,0,0,0.1410660922068137,0.0,2,173.0,0.13123419880867,30.0,True Negative
Torilis arvensis,common hedge parsley,Plantae,0,0,0.14102651104537153,0.0,44,101.5909090909091,0.1987134590744972,25.295454545454547,True Negative
Opuntia robusta,nopal tapón,Plantae,0,0,0.14101689305948567,0.0,1,228.0,0.0802619233727455,30.0,True Negative
Leucocoprinus barssii,smoky dapperling,Fungi,0,0,0.14100873863894658,0.0,3,127.66666666666667,0.11354112625122066,27.0,True Negative
Melanactes densus,,Insecta,0,0,0.1410069774201154,0.0,19,101.94736842105263,0.1856318131873482,25.526315789473685,True Negative
Anser anser × cygnoides,Greylag × Swan Goose,Aves,0,0,0.14100127628091583,0.0,15,165.33333333333334,0.11609923737123605,26.133333333333333,True Negative
Parasola,,Fungi,0,0,0.14097069256427092,0.0,4,125.25,0.15651848912239072,25.5,True Negative
Malezonotus,,Insecta,0,0,0.14090349795174403,0.0,1,184.0,0.1230446174740791,27.0,True Negative
Ostropales,"script lichens, whitewash lichens, and allies",Fungi,0,0,0.1408999963227016,0.0,2,260.5,0.11753406748175615,22.5,True Negative
Epicauta puncticollis,punctate blister beetle,Insecta,0,0,0.1408858908223935,0.0,2,124.5,0.14658151566982264,28.0,True Negative
Xenopus laevis,African Clawed Frog,Amphibia,0,0,0.14084644882123767,0.0,7,94.42857142857143,0.13371081384164943,28.142857142857142,True Negative
Tachytes,,Insecta,0,0,0.1407767899629617,0.0,3,120.66666666666667,0.1104442750414212,29.666666666666668,True Negative
Phalaris arundinacea,reed canary grass,Plantae,0,0,0.14076503229952692,0.0,2,221.0,0.15122380852699274,25.5,True Negative
Zygoptera,Damselflies,Insecta,0,0,0.14074928018546543,0.0,23,106.34782608695652,0.18468044471481568,26.391304347826086,True Negative
Ammophila aberti,Abert's Thread-waisted Wasp,Insecta,0,0,0.14071994861899287,0.0,8,95.0,0.15531051997095344,26.75,True Negative
Aseptis binotata,Rusty Shoulder Knot Moth,Insecta,0,0,0.14070019891689992,0.0,2,218.5,0.1281976848840713,30.0,True Negative
Asteromyia,,Insecta,0,0,0.14067681148465216,0.0,1,127.0,0.0991176664829254,22.0,True Negative
Puccinia recondita,orange wheat rust,Fungi,0,0,0.1406580703928257,0.0,1,195.0,0.1389510333538055,21.0,True Negative
Eryngium,Eryngos,Plantae,0,0,0.14055108816084677,0.0,2,174.0,0.1307095140218734,26.0,True Negative
Cryptantha pterocarya,Wingnut Cryptantha,Plantae,0,0,0.14047187866170827,0.0,3,109.0,0.13196666042009986,27.333333333333332,True Negative
Cenchrinae,,Plantae,0,0,0.14032373196037312,0.0,1,99.0,0.0963238701224327,21.0,True Negative
Litaneutria minor,Agile Ground Mantis,Insecta,0,0,0.1403048344575441,0.0,1,205.0,0.1497365236282348,29.0,True Negative
Echinochloa crus-galli,barnyardgrass,Plantae,0,0,0.14020167171381387,0.0,1,185.0,0.0888882800936698,28.0,True Negative
Trimerotropis pseudofasciata,Caerulean-winged Grasshopper,Insecta,0,0,0.14016610438125782,0.0,1,198.0,0.1503425985574722,29.0,True Negative
Limonium sinuatum,Blue statice,Plantae,0,0,0.14015285912934322,0.0,2,140.0,0.13600818440318105,25.0,True Negative
Clitocybe,Funnels,Fungi,0,0,0.14012523046476813,0.0,3,144.33333333333334,0.12394061684608455,27.333333333333332,True Negative
Dichelonyx,,Insecta,0,0,0.13984226283767978,0.0,2,134.5,0.13546977192163465,26.0,True Negative
Nabis,,Insecta,0,0,0.13981313455086009,0.0,2,199.0,0.122287880629301,29.0,True Negative
Blattinae,,Insecta,0,0,0.1397782558518044,0.0,1,241.0,0.0890331342816352,25.0,True Negative
Agrotis ipsilon,Ipsilon Dart Moth,Insecta,0,0,0.13967398372675272,0.0,2,126.0,0.1004179567098617,29.5,True Negative
Allograpta,Streaktails,Insecta,0,0,0.13965377281967062,0.0,8,124.25,0.19407602678984398,27.25,True Negative
Candolleomyces,,Fungi,0,0,0.13963904465513244,0.0,2,135.0,0.13220724463462824,22.0,True Negative
Ischnura,Forktails,Insecta,0,0,0.1396172952770039,0.0,32,99.59375,0.18308433610945937,27.125,True Negative
Setophaga nigrescens,Black-throated Gray Warbler,Aves,0,0,0.13959902559774703,0.0,43,100.83720930232558,0.19159746741832684,26.27906976744186,True Negative
Urtica,nettles,Plantae,0,0,0.13958305266922713,0.0,2,155.5,0.1564500518143177,24.0,True Negative
Cucullia charon,,Insecta,0,0,0.13932558923720864,0.0,1,198.0,0.1499207913875579,29.0,True Negative
Schoenoplectus americanus,American three-square bulrush,Plantae,0,0,0.1393126424602177,0.0,25,97.52,0.1948193651437759,25.36,True Negative
Coleophora,Casebearers,Insecta,0,0,0.13928256013082746,0.0,3,116.0,0.11090442289908724,28.666666666666668,True Negative
Icaricia icarioides,Boisduval's Blue,Insecta,0,0,0.13922162098596505,0.0,1,181.0,0.1056039854884147,27.0,True Negative
Eriogoneae,,Plantae,0,0,0.13919191489372257,0.0,2,83.0,0.13103531673550606,30.0,True Negative
Marronoid clade,Meshweavers and Allies,Arachnida,0,0,0.13906135390231542,0.0,3,147.66666666666666,0.1241182486216227,25.333333333333332,True Negative
Eucosmini,,Insecta,0,0,0.13901867561447073,0.0,9,117.11111111111111,0.17759087598986092,27.22222222222222,True Negative
Clastopteridae,Clastopterid Spittlebugs,Insecta,0,0,0.13897829414872553,0.0,3,126.0,0.1057699273029963,28.333333333333332,True Negative
Rusavskia elegans,Elegant Sunburst Lichen,Fungi,0,0,0.1389618851940803,0.0,5,108.8,0.146906366944313,27.4,True Negative
Lecideaceae,,Fungi,0,0,0.13894956687435128,0.0,2,194.5,0.1372633539140224,21.0,True Negative
Brachypera zoilus,Clover Leaf Weevil,Insecta,0,0,0.13892861277285923,0.0,1,53.0,0.1413928717374801,31.0,True Negative
Barbula unguiculata,Bird's-Claw Beard-Moss,Plantae,0,0,0.13889275103842175,0.0,1,70.0,0.1178904995322227,22.0,True Negative
Trichoplusia ni,Cabbage Looper Moth,Insecta,0,0,0.13885151263690282,0.0,4,169.75,0.11546370945870871,28.75,True Negative
Clitemnestra bipunctata,,Insecta,0,0,0.13881334901606535,0.0,1,174.0,0.135502740740776,27.0,True Negative
Myriolecis,,Fungi,0,0,0.13879664265675248,0.0,2,128.0,0.14297974109649653,24.5,True Negative
Chenopodium berlandieri,pitseed goosefoot,Plantae,0,0,0.13879118022008974,0.0,17,109.05882352941177,0.1812967956066131,26.764705882352942,True Negative
Mimetidae,Pirate Spiders,Arachnida,0,0,0.1387851265422698,0.0,3,162.66666666666666,0.11330289393663402,29.333333333333332,True Negative
Tremella mesenterica,witch's butter,Fungi,0,0,0.13874890879968033,0.0,5,105.2,0.14309771955013273,25.2,True Negative
Gillmeria pallidactyla,Yarrow Plume Moth,Insecta,0,0,0.13874750413241435,0.0,1,161.0,0.1513046622276306,27.0,True Negative
Cheiracanthium mildei,Northern Yellow Sac Spider,Arachnida,0,0,0.1386939744157818,0.0,7,160.42857142857142,0.10636427838887481,27.571428571428573,True Negative
Eriophyllinae,,Plantae,0,0,0.13853967581647533,0.0,2,195.5,0.13727756589651105,25.5,True Negative
Persicaria punctata,Dotted Smartweed,Plantae,0,0,0.13840961055021253,0.0,3,147.66666666666666,0.1122655297319094,20.0,True Negative
Salicaceae,willow family,Plantae,0,0,0.1383864762460268,0.0,5,104.8,0.17084427028894422,26.4,True Negative
Apodemia virgulti virgulti,,Insecta,0,0,0.13833750440336526,0.0,1,172.0,0.1061322763562202,25.0,True Negative
Embioptera,Webspinners,Insecta,0,0,0.1382413497767426,0.0,2,128.0,0.0946527943015098,25.5,True Negative
Habronattus schlingeri,,Arachnida,0,0,0.13816627414231633,0.0,1,77.0,0.132134348154068,29.0,True Negative
Fabales,"Legumes, Milkworts, and Allies",Plantae,0,0,0.1380754491357482,0.0,1,211.0,0.1361332088708877,28.0,True Negative
Notiosorex,Gray Shrews,Mammalia,0,0,0.13804030243431045,0.0,1,229.0,0.1452458649873733,28.0,True Negative
Polycauliona,,Fungi,0,0,0.13803682683888527,0.0,2,196.5,0.1449806615710258,28.0,True Negative
Geheebia,,Plantae,0,0,0.13803561214535293,0.0,1,82.0,0.1194756180047988,24.0,True Negative
Verbena pulchella,moss verbena,Plantae,0,0,0.1379527428543331,0.0,1,100.0,0.0394176580011844,28.0,True Negative
Spissistilus festinus,Three-cornered Alfalfa Hopper,Insecta,0,0,0.1379132379896166,0.0,1,228.0,0.1266872733831405,31.0,True Negative
Gymnoclytia occidentalis,,Insecta,0,0,0.13781025336642133,0.0,3,119.66666666666667,0.16200244426727292,24.333333333333332,True Negative
Trochilidae,Hummingbirds,Aves,0,0,0.13779238075604205,0.0,8,132.125,0.1260283922892995,16.875,True Negative
Cynara cardunculus cardunculus,,Plantae,0,0,0.13773737950964174,0.0,1,165.0,0.1337963193655014,26.0,True Negative
Mentha spicata,spearmint,Plantae,0,0,0.13773527365011928,0.0,2,160.0,0.15289668738842005,27.5,True Negative
Cryptorhopalum apicale,,Insecta,0,0,0.1376735174342781,0.0,3,117.66666666666667,0.14321736246347425,29.0,True Negative
Aroga,,Insecta,0,0,0.1375946262036149,0.0,2,156.0,0.13919498026371,28.5,True Negative
Eucalyptus globulus,Tasmanian blue gum,Plantae,0,0,0.13752953965899875,0.0,3,164.66666666666666,0.12075332660848896,21.0,True Negative
Opsius stactogalus,Tamarix Leafhopper,Insecta,0,0,0.13752831790453968,0.0,1,166.0,0.0380630604922771,32.0,True Negative
Russulaceae,"Milkcaps, Brittlegills and Allies",Fungi,0,0,0.13747905950181954,0.0,10,116.3,0.17685992345213886,28.1,True Negative
Gracillarioidea,,Insecta,0,0,0.1374276034144721,0.0,2,117.0,0.1590715795755386,23.0,True Negative
Nomadopsis,,Insecta,0,0,0.13736402501665046,0.0,2,156.5,0.12671218067407605,28.0,True Negative
Harrisina metallica,Western Grapeleaf Skeletonizer Moth,Insecta,0,0,0.13726837251661095,0.0,1,191.0,0.1139036118984222,28.0,True Negative
Serpentes,Snakes,Reptilia,0,0,0.13706490770624324,0.0,2,173.5,0.13715124130249018,26.0,True Negative
Diadasia rinconis,,Insecta,0,0,0.13704544804618807,0.0,1,239.0,0.1160382330417633,27.0,True Negative
Zophobas atratus,Giant Mealworm Beetle,Insecta,0,0,0.13704544804618807,0.0,1,239.0,0.1160382330417633,27.0,True Negative
Lygus lineolaris,North American Tarnished Plant Bug,Insecta,0,0,0.13701715474784812,0.0,4,208.5,0.12005859985947608,26.25,True Negative
Artiodactyla,Even-toed Ungulates and Cetaceans,Mammalia,0,0,0.13691655420158588,0.0,1,162.0,0.0986767336726188,26.0,True Negative
Bovista plumbea,Lead-grey Puffball,Fungi,0,0,0.13688950037753975,0.0,3,195.33333333333334,0.14377591510613752,25.666666666666668,True Negative
Hirundo rustica,Barn Swallow,Aves,0,0,0.13688342160506872,0.0,20,156.65,0.10453408602625128,24.8,True Negative
Cypseloides niger,Black Swift,Aves,0,0,0.13687728842926614,0.0,3,181.33333333333334,0.1273163681228955,29.0,True Negative
Dichondra,ponysfoots,Plantae,0,0,0.13685107810580177,0.0,1,234.0,0.1294040530920028,26.0,True Negative
Tachycineta thalassina,Violet-green Swallow,Aves,0,0,0.13681567178818035,0.0,17,147.7058823529412,0.09586036021766416,18.058823529411764,True Negative
Jepsonia,,Plantae,0,0,0.1366792630298013,0.0,2,142.0,0.1350462213158607,29.5,True Negative
Callitriche heterophylla,Large Water-starwort,Plantae,0,0,0.13664228535190798,0.0,1,120.0,0.1232582926750183,27.0,True Negative
Cyrtopogon,,Insecta,0,0,0.13660268560101185,0.0,1,186.0,0.1432884335517883,29.0,True Negative
Mimosoideae,"Acacias, Mimosas, Mesquites, and Allies",Plantae,0,0,0.1365545910909723,0.0,2,225.0,0.15295615047216415,27.0,True Negative
Chaetodipus,,Mammalia,0,0,0.13650178006103647,0.0,3,106.33333333333333,0.1372913171847661,23.666666666666668,True Negative
Ardea herodias,Great Blue Heron,Aves,0,0,0.1364990349711619,0.0,221,117.69683257918552,0.15117719405258548,23.39366515837104,True Negative
Acronicta othello,,Insecta,0,0,0.13646748070440082,0.0,3,130.33333333333334,0.1333091706037521,28.333333333333332,True Negative
Imbribryum muehlenbeckii,Muehlenbeck's bryum moss,Plantae,0,0,0.13643174616770937,0.0,1,158.0,0.1281106919050216,22.0,True Negative
Neocoelidiini,,Insecta,0,0,0.13636583534167332,0.0,3,173.33333333333334,0.12559456378221506,28.333333333333332,True Negative
Holocnemus pluchei,Marbled Cellar Spider,Arachnida,0,0,0.13633167057971285,0.0,1,176.0,0.133057415485382,28.0,True Negative
Pseudomasaris,,Insecta,0,0,0.1363267010592218,0.0,2,122.0,0.1340947076678276,30.5,True Negative
Furcraea,,Plantae,0,0,0.13630387053649906,0.0,2,170.0,0.1314174719154834,29.0,True Negative
Symphyotrichum expansum,Southwestern Annual Saltmarsh Aster,Plantae,0,0,0.13611485759152783,0.0,5,111.4,0.21315517425537106,28.2,True Negative
Falco columbarius,Merlin,Aves,0,0,0.13609531088614918,0.0,38,123.23684210526316,0.1358111242788206,19.31578947368421,True Negative
Ambigolimax parvipenis,Striped Garden Slug,Mollusca,0,0,0.1359779255535863,0.0,6,106.5,0.127370499074459,23.666666666666668,True Negative
Eschscholzia minutiflora,Little Gold Poppy,Plantae,0,0,0.13597365789764115,0.0,2,194.5,0.1359789073467254,25.5,True Negative
Spatula cyanoptera,Cinnamon Teal,Aves,0,0,0.13595871210638535,0.0,34,123.41176470588235,0.14251850811107192,23.38235294117647,True Negative
Platyedra subcinerea,Cotton stem moth,Insecta,0,0,0.1359154900125194,0.0,2,235.0,0.1195350512862205,28.5,True Negative
Loxostege allectalis,Wolfberry Loxostege Moth,Insecta,0,0,0.1359086019279224,0.0,2,200.0,0.13281421363353724,27.0,True Negative
Potamopyrgus antipodarum,New Zealand Mudsnail,Mollusca,0,0,0.13590640874078075,0.0,1,153.0,0.1243128627538681,24.0,True Negative
Diploschistes scruposus,Crater Lichen,Fungi,0,0,0.13589983766276748,0.0,2,214.0,0.12406583875417704,20.5,True Negative
Plagiobothrys scouleri,Scouler's popcornflower,Plantae,0,0,0.13579934656590328,0.0,1,151.0,0.1417461037635803,21.0,True Negative
Peltula zahlbruckneri,,Fungi,0,0,0.13577799546458516,0.0,1,147.0,0.1230663880705833,20.0,True Negative
Aceria paramackiei,,Arachnida,0,0,0.1356821080250974,0.0,1,71.0,0.1314314156770706,21.0,True Negative
Andrenidae,"Miner, Fairy, Allied Panurgine, and Oxaeine Bees",Insecta,0,0,0.13562247616281786,0.0,2,173.5,0.13227657228708264,25.0,True Negative
Tulostoma,Stalked Puffballs,Fungi,0,0,0.135561629907036,0.0,2,188.0,0.1200913712382316,27.5,True Negative
Zantedeschia aethiopica,calla lily,Plantae,0,0,0.1355321668148005,0.0,1,196.0,0.1233884915709495,30.0,True Negative
Ophioninae,Short-tailed Ichneumonid Wasps,Insecta,0,0,0.13547424313607453,0.0,2,161.5,0.10781443864107125,25.0,True Negative
Bromus tectorum,Cheatgrass,Plantae,0,0,0.1354718728643568,0.0,2,116.5,0.1493096277117729,26.5,True Negative
Fissidens sublimbatus,,Plantae,0,0,0.1353440221187448,0.0,1,216.0,0.1359989643096923,22.0,True Negative
Euacidalia brownsvillea,,Insecta,0,0,0.13533334941762148,0.0,2,161.5,0.13797308504581446,27.5,True Negative
Ammophila placida,,Insecta,0,0,0.13531098250216617,0.0,1,84.0,0.147580549120903,26.0,True Negative
Ceratinini,Small Carpenter Bees,Insecta,0,0,0.13531098250216617,0.0,1,84.0,0.147580549120903,26.0,True Negative
Isodontia mexicana,Mexican Grass-carrying Wasp,Insecta,0,0,0.13531098250216617,0.0,1,84.0,0.147580549120903,26.0,True Negative
Eulophidae,,Insecta,0,0,0.1353000969948372,0.0,2,139.5,0.13361499086022371,27.5,True Negative
Occidentales,foliaceous asters,Plantae,0,0,0.13528085101454276,0.0,1,102.0,0.1033834367990493,30.0,True Negative
Torymus,,Insecta,0,0,0.13524671030779958,0.0,3,220.0,0.09070043141643203,27.0,True Negative
Buellia triseptata,,Fungi,0,0,0.13523746972101444,0.0,2,265.5,0.15439451485872263,21.5,True Negative
Nitidulidae,Sap-feeding Beetles,Insecta,0,0,0.1352044871924345,0.0,1,239.0,0.1157821863889694,26.0,True Negative
Polygonum,knotweeds,Plantae,0,0,0.1350583771902117,0.0,2,130.0,0.1115607768297195,24.5,True Negative
Periplaneta americana,American Cockroach,Insecta,0,0,0.13498358290026283,0.0,2,183.0,0.1402816697955131,29.0,True Negative
Estigmene,Ermine Moths,Insecta,0,0,0.13496633843017272,0.0,1,160.0,0.1260302513837814,32.0,True Negative
Amsinckia menziesii menziesii,Small-flowered Fiddleneck,Plantae,0,0,0.13470227461181808,0.0,4,92.75,0.16165709123015398,25.25,True Negative
Chironomini,,Insecta,0,0,0.13466305035331577,0.0,1,179.0,0.099942035973072,27.0,True Negative
Tetraleurodes,,Insecta,0,0,0.13466305035331577,0.0,1,179.0,0.099942035973072,27.0,True Negative
Argyra,,Insecta,0,0,0.13456418414596452,0.0,2,148.5,0.1421727128326892,29.0,True Negative
Mordellidae,Tumbling Flower Beetles,Insecta,0,0,0.13454078075623171,0.0,3,84.0,0.11615019291639322,23.333333333333332,True Negative
Eremochrysa punctinervis,,Insecta,0,0,0.1345191295211964,0.0,4,149.25,0.10287378728389734,28.0,True Negative
Scelolyperus torquatus,,Insecta,0,0,0.13449484823772484,0.0,1,175.0,0.1373658180236816,30.0,True Negative
Cephaloziella divaricata,Spreading Threadwort,Plantae,0,0,0.1344549611194395,0.0,2,137.5,0.1589199677109718,20.5,True Negative
Geothlypis trichas,Common Yellowthroat,Aves,0,0,0.13438329662651632,0.0,172,123.84883720930233,0.15138948832227042,23.27906976744186,True Negative
Coriandrum sativum,coriander,Plantae,0,0,0.13434088043738288,0.0,2,119.0,0.1402525454759597,29.5,True Negative
Arrhenia chlorocyanea,Verdigris Navel,Fungi,0,0,0.13430193640513505,0.0,2,210.0,0.136548139154911,19.5,True Negative
Chaenactis glabriuscula glabriuscula,,Plantae,0,0,0.13428653961192447,0.0,2,131.5,0.13789651542901984,30.0,True Negative
Contopus sordidulus,Western Wood-Pewee,Aves,0,0,0.13406912334912516,0.0,22,104.4090909090909,0.19249694098041134,25.09090909090909,True Negative
Dimelaena oreina,Golden Moonglow Lichen,Fungi,0,0,0.13402934563566074,0.0,1,175.0,0.1181117221713066,20.0,True Negative
Icaricia,,Insecta,0,0,0.1340240026377552,0.0,3,128.66666666666666,0.15704435606797532,29.0,True Negative
Apiastrum,,Plantae,0,0,0.13402283434817416,0.0,1,230.0,0.1433596462011337,22.0,True Negative
Leptoglossus occidentalis,Western Conifer Seed Bug,Insecta,0,0,0.13400835505916672,0.0,5,162.2,0.10364575088024135,28.8,True Negative
Dryinidae,Pincer Wasps,Insecta,0,0,0.1338823699044602,0.0,1,80.0,0.1404453665018081,29.0,True Negative
Archytas apicifer,Hornworm Tachinid Fly,Insecta,0,0,0.1338482941001127,0.0,9,151.55555555555554,0.16569920298126006,26.0,True Negative
Monocrepidius exsul,Pasture Wireworm,Insecta,0,0,0.1338352468966425,0.0,6,185.66666666666666,0.10755514974395429,29.666666666666668,True Negative
Gamochaeta,Everlastings and Cudweeds,Plantae,0,0,0.13370037993142786,0.0,1,179.0,0.1150241419672966,25.0,True Negative
Bourletiellidae,,Animalia,0,0,0.13367839188848593,0.0,3,186.0,0.13135293126106257,30.333333333333332,True Negative
Agrocybe praecox,Spring Fieldcap,Fungi,0,0,0.13365675920545192,0.0,4,120.0,0.13701460696756837,26.0,True Negative
Malacothamnus densiflorus,few-rayed bushmallow,Plantae,0,0,0.13352391308781222,0.0,1,148.0,0.1338938623666763,27.0,True Negative
Aquila chrysaetos,Golden Eagle,Aves,0,0,0.13343533404549704,0.0,1,219.0,0.128119945526123,29.0,True Negative
Antrozous pallidus,Pallid Bat,Mammalia,0,0,0.1332531273774372,0.0,1,82.0,0.1194756180047988,24.0,True Negative
Zonotrichia,Zonotrichia Sparrows,Aves,0,0,0.1332167920003235,0.0,2,111.5,0.15522032231092445,19.0,True Negative
Largus succinctus,Eastern Bordered Plant Bug,Insecta,0,0,0.13317584260022344,0.0,2,150.5,0.1281648650765419,29.0,True Negative
Melanotus longulus,,Insecta,0,0,0.13312520173078235,0.0,3,125.66666666666667,0.1676543056964874,25.0,True Negative
Hesperocyparis forbesii,Tecate cypress,Plantae,0,0,0.1330195152699934,0.0,3,106.66666666666667,0.12366968393325804,21.0,True Negative
Mesostigmata,Mesostigs,Arachnida,0,0,0.13291182068437188,0.0,2,120.0,0.12522418424487108,29.5,True Negative
Phacelia minor,wild canterbury bells,Plantae,0,0,0.13289482360925053,0.0,1,77.0,0.1473530679941177,21.0,True Negative
Anas platyrhynchos domesticus,Domestic Mallard,Aves,0,0,0.13283511481641516,0.0,233,163.81115879828326,0.07531360848568219,24.463519313304722,True Negative
Zootermopsis angusticollis,Pacific Dampwood Termite,Insecta,0,0,0.13275567427731894,0.0,3,114.0,0.10881596058607097,27.666666666666668,True Negative
Xerarionta,Cactus Snails,Mollusca,0,0,0.1327482196464326,0.0,3,194.66666666666666,0.13338172932465867,27.666666666666668,True Negative
Isocoma menziesii vernonioides,Green-leaved Dune Goldenbush,Plantae,0,0,0.132738382178996,0.0,2,116.0,0.15856767445802686,28.0,True Negative
Chenopodieae,,Plantae,0,0,0.1327022822623798,0.0,1,214.0,0.1048662364482879,30.0,True Negative
Voriini,,Insecta,0,0,0.13263033513382205,0.0,2,138.0,0.13105672970414156,28.5,True Negative
Orthotylini,,Insecta,0,0,0.13260950712781455,0.0,9,107.33333333333333,0.16385148051712245,24.0,True Negative
Gilia,Gilias,Plantae,0,0,0.13257749415255218,0.0,1,172.0,0.1365276724100113,27.0,True Negative
Pogonortalis doclea,Boatman Fly,Insecta,0,0,0.13254398585821292,0.0,2,176.0,0.07968823611736289,28.5,True Negative
Ranunculales,"Buttercups, Poppies, and Allies",Plantae,0,0,0.13240315858093482,0.0,1,95.0,0.1266762018203735,19.0,True Negative
Salix exigua,Narrowleaf Willow,Plantae,0,0,0.1323719040826648,0.0,37,85.48648648648648,0.19803624982769422,26.216216216216218,True Negative
Suaeda,Seepweeds,Plantae,0,0,0.13211286152204602,0.0,1,111.0,0.1226058602333068,29.0,True Negative
Aethaloida packardaria,,Insecta,0,0,0.1320444000492454,0.0,3,157.33333333333334,0.10950605074564611,30.0,True Negative
Anthriscus,Chervils,Plantae,0,0,0.13204287545694796,0.0,2,186.0,0.15402225404977793,28.0,True Negative
Scaphoideini,,Insecta,0,0,0.13203732421078704,0.0,2,161.5,0.12689090520143503,30.5,True Negative
Marsilea vestita,water clover,Plantae,0,0,0.13202772516638994,0.0,1,166.0,0.1371797621250152,31.0,True Negative
Neobisiidae,neobisiid pseudoscorpions,Arachnida,0,0,0.13201532507214472,0.0,1,214.0,0.1251290887594223,29.0,True Negative
Myrmeleontinae,,Insecta,0,0,0.13195047645566638,0.0,3,88.0,0.1532702545324961,24.666666666666668,True Negative
Pseudatomoscelis,,Insecta,0,0,0.1319460920521394,0.0,1,77.0,0.1256047338247299,29.0,True Negative
Thymophylla tenuiloba,bristleleaf pricklyleaf,Plantae,0,0,0.13193104338520323,0.0,1,189.0,0.1023827120661735,29.0,True Negative
Sitta carolinensis,White-breasted Nuthatch,Aves,0,0,0.1318154976002809,0.0,120,95.95833333333333,0.18514684407661355,25.858333333333334,True Negative
Micranthes,Early saxifrages,Plantae,0,0,0.1317477656274672,0.0,1,124.0,0.1457962244749069,29.0,True Negative
Iberis umbellata,globe candytuft,Plantae,0,0,0.13163439907887078,0.0,1,238.0,0.1371333450078964,28.0,True Negative
Icterus galbula,Baltimore Oriole,Aves,0,0,0.1316321446561418,0.0,1,182.0,0.1350312978029251,28.0,True Negative
Badhamia utricularis,,Protozoa,0,0,0.13159650523394753,0.0,2,146.0,0.1569494232535362,29.0,True Negative
Nabis americoferus,Common Damsel Bug,Insecta,0,0,0.13154830511896315,0.0,2,163.5,0.10133481770753855,27.0,True Negative
Campopleginae,,Insecta,0,0,0.13141956608317634,0.0,2,164.5,0.15896370261907575,22.5,True Negative
Blattodea,Cockroaches and Termites,Insecta,0,0,0.1314096156465739,0.0,2,114.5,0.13622148707509035,28.5,True Negative
Cicadellinae,Sharpshooters,Insecta,0,0,0.13137092696113825,0.0,1,73.0,0.1313726156949997,22.0,True Negative
Eulachnus rileyi,pine needle aphid,Insecta,0,0,0.13132658937876657,0.0,1,225.0,0.1411235928535461,27.0,True Negative
Larentiinae,Carpet Moths,Insecta,0,0,0.13131550332628833,0.0,5,102.2,0.14770636111497876,25.8,True Negative
Festuca microstachys,small fescue,Plantae,0,0,0.13129000139819838,0.0,3,125.33333333333333,0.14305318395296732,20.0,True Negative
Deconica coprophila,dung-loving Deconica,Fungi,0,0,0.13126782358756578,0.0,1,305.0,0.1527088731527328,18.0,True Negative
Gondwanocrypticus platensis,,Insecta,0,0,0.13126212014758767,0.0,1,185.0,0.1386002749204635,30.0,True Negative
Leucophoropterini,,Insecta,0,0,0.13126212014758767,0.0,1,185.0,0.1386002749204635,30.0,True Negative
Centaurium tenuiflorum,Slender Centaury,Plantae,0,0,0.13115183819997422,0.0,2,173.0,0.1098092943429946,27.0,True Negative
Endocarpon pallidulum,Western Crepes,Fungi,0,0,0.13109446037842204,0.0,1,335.0,0.1205620765686035,23.0,True Negative
Anthus rubescens,American Pipit,Aves,0,0,0.13108596584280024,0.0,5,127.8,0.17353621125221247,26.2,True Negative
Acrobasis tricolorella,Tricolored Acrobasis Moth,Insecta,0,0,0.1309837736595529,0.0,4,202.75,0.11761514097452158,29.75,True Negative
Helenium bigelovii,Bigelow's sneezeweed,Plantae,0,0,0.13081430298313873,0.0,1,108.0,0.0915532335639,28.0,True Negative
Hymenogastraceae,,Fungi,0,0,0.13073839941567955,0.0,3,143.33333333333334,0.11011065542697902,25.0,True Negative
Lepraria,Dust Lichens,Fungi,0,0,0.1307154667086394,0.0,3,112.33333333333333,0.14760716259479517,24.0,True Negative
Serradigitus gertschi gertschi,,Arachnida,0,0,0.13062010257791204,0.0,6,114.33333333333333,0.1592195903261502,22.833333333333332,True Negative
Coprinopsis picacea,Magpie Inkcap,Fungi,0,0,0.1305847918590972,0.0,1,319.0,0.1476458013057708,20.0,True Negative
Oreoscoptes montanus,Sage Thrasher,Aves,0,0,0.1305678307384574,0.0,4,114.0,0.12295006588101384,28.25,True Negative
Chrysobothris subcylindrica,,Insecta,0,0,0.13050470766015923,0.0,4,174.25,0.12138911336660382,25.5,True Negative
Eurytominae,,Insecta,0,0,0.13047066664181767,0.0,1,71.0,0.1516734063625335,21.0,True Negative
Brassicoideae,,Plantae,0,0,0.1304196086768966,0.0,2,121.5,0.1357090733945369,25.5,True Negative
Diachea,,Protozoa,0,0,0.13041701850040113,0.0,1,219.0,0.1416009664535522,26.0,True Negative
Pselliopus spinicollis,,Insecta,0,0,0.13040059479132796,0.0,5,133.4,0.16671341657638544,26.6,True Negative
Sturnus vulgaris,European Starling,Aves,0,0,0.1303913102878927,0.0,91,107.24175824175825,0.18764273486622082,26.967032967032967,True Negative
Diachus,,Insecta,0,0,0.13035105797636853,0.0,1,236.0,0.1495892256498336,26.0,True Negative
Dictis,Spitting Spiders,Arachnida,0,0,0.13027751821868344,0.0,1,153.0,0.1218910366296768,29.0,True Negative
Khalotyna calcarata,Long-spined Thread Meshweaver,Arachnida,0,0,0.13027751821868344,0.0,1,153.0,0.1218910366296768,29.0,True Negative
Kybos,,Insecta,0,0,0.1302680639016898,0.0,1,132.0,0.1263820081949234,29.0,True Negative
Homalodisca vitripennis,Glassy-winged Sharpshooter,Insecta,0,0,0.13024834247151892,0.0,2,49.5,0.13868971914052955,25.5,True Negative
Butorides virescens,Green Heron,Aves,0,0,0.13018545606503532,0.0,64,112.375,0.14004226800170724,23.28125,True Negative
Lactarius xanthogalactus,Yellow-staining Milk Cap,Fungi,0,0,0.1301722718830966,0.0,1,343.0,0.1444575488567352,23.0,True Negative
Chrysanthrax,,Insecta,0,0,0.1301650963513391,0.0,1,172.0,0.1465605795383453,25.0,True Negative
Dictyopharidae,Dictyopharid Planthoppers,Insecta,0,0,0.1301650963513391,0.0,1,172.0,0.1465605795383453,25.0,True Negative
Parapediasia,,Insecta,0,0,0.1301107458180495,0.0,1,154.0,0.1396943777799606,26.0,True Negative
Laccaria laccata,deceiver,Fungi,0,0,0.1300770003020345,0.0,1,316.0,0.1335349380970001,28.0,True Negative
Gnorimoschema,,Insecta,0,0,0.1300268354723496,0.0,2,103.5,0.1200766749680042,30.5,True Negative
Sambucus nigra,,Plantae,0,0,0.12985666880557603,0.0,9,121.11111111111111,0.18275890582137633,24.11111111111111,True Negative
Bemisia,,Insecta,0,0,0.12982216372407543,0.0,2,137.0,0.1255511082708835,28.5,True Negative
Ceuthophilinae,,Insecta,0,0,0.12977205789692564,0.0,3,106.0,0.15411260724067685,25.0,True Negative
Entomobrya atrocincta,Dimorphic Springtail,Animalia,0,0,0.12955088388752162,0.0,5,135.4,0.18230729699134823,26.6,True Negative
Calosoma simplex,,Insecta,0,0,0.12948392840452044,0.0,1,227.0,0.1366358250379562,27.0,True Negative
Polypogon viridis,water beard grass,Plantae,0,0,0.12942646421827866,0.0,4,103.5,0.17898565158247942,28.0,True Negative
Cladonia furcata,many-forked cladonia,Fungi,0,0,0.12939101224381513,0.0,2,197.0,0.15187828987836835,22.0,True Negative
Himantopus mexicanus,Black-necked Stilt,Aves,0,0,0.12936252789200048,0.0,1,166.0,0.0380630604922771,32.0,True Negative
Arctosa littoralis,Shoreline Wolf Spider,Arachnida,0,0,0.12933758256198014,0.0,4,165.75,0.09798152092844248,16.0,True Negative
Phycitinae,Knot-horn Moths,Insecta,0,0,0.12933568323644587,0.0,8,112.0,0.14257663115859032,28.0,True Negative
Paspalum,Paspalum,Plantae,0,0,0.1291500532519346,0.0,1,176.0,0.1268904209136963,29.0,True Negative
Coleothorpa,,Insecta,0,0,0.1290847605466922,0.0,1,200.0,0.1140448153018951,28.0,True Negative
Peltula euploca,Powdery Rock-olive Lichen,Fungi,0,0,0.12904887416252325,0.0,1,159.0,0.1046595871448516,20.0,True Negative
Amanita novinupta,Blushing Bride Amanita,Fungi,0,0,0.1290008325518492,0.0,9,120.0,0.17627212074067852,26.333333333333332,True Negative
Nycticorax nycticorax,Black-crowned Night Heron,Aves,0,0,0.12899659833775293,0.0,76,121.46052631578948,0.15933104107266682,24.42105263157895,True Negative
Tachytrechus angustipennis,,Insecta,0,0,0.12894327954882567,0.0,10,112.6,0.1844850674271583,26.7,True Negative
Sabulodes aegrotata,Omnivorous Looper,Insecta,0,0,0.1289103231872635,0.0,3,94.33333333333333,0.13940365364154175,25.666666666666668,True Negative
Accipitridae,"Hawks, Eagles, and Kites",Aves,0,0,0.12889173256511208,0.0,7,116.85714285714286,0.16590689122676847,27.285714285714285,True Negative
Sceliphron,Black-and-yellow Mud-dauber Wasps,Insecta,0,0,0.1288904475059046,0.0,1,142.0,0.1616612374782562,22.0,True Negative
Coniopteryginae,,Insecta,0,0,0.12886286326652993,0.0,2,135.0,0.1427245363593101,26.5,True Negative
Hypogastruridae,Hypogastrurid Springtails,Animalia,0,0,0.12878654990196647,0.0,2,146.0,0.1444655060768127,22.0,True Negative
Hemileuca eglanterina,Western Sheep Moth,Insecta,0,0,0.12874537579742876,0.0,1,196.0,0.1274715960025787,29.0,True Negative
Arphiini,,Insecta,0,0,0.12874223506503987,0.0,1,135.0,0.1082590445876121,29.0,True Negative
Simuliidae,Black Flies,Insecta,0,0,0.12870180223553396,0.0,6,97.83333333333333,0.15834046403566993,25.5,True Negative
Euparyphus,,Insecta,0,0,0.12864465734978425,0.0,7,95.42857142857143,0.14943087739603858,30.714285714285715,True Negative
Anolis carolinensis,Green Anole,Reptilia,0,0,0.12857661119935418,0.0,1,119.0,0.1266514211893081,28.0,True Negative
Dothideomycetes,,Fungi,0,0,0.12855038063566418,0.0,2,152.5,0.12558853998780245,21.0,True Negative
Cyclorrhapha,Cyclorrhaphan Flies,Insecta,0,0,0.1284517817079802,0.0,3,110.66666666666667,0.12525452176729832,24.666666666666668,True Negative
Aroga morenella,,Insecta,0,0,0.12840662771159092,0.0,2,152.5,0.13118884712457654,30.0,True Negative
Pendarini,,Insecta,0,0,0.1283882165467587,0.0,1,228.0,0.1318458616733551,27.0,True Negative
Bruchini,,Insecta,0,0,0.1283867807171343,0.0,1,239.0,0.0778935998678207,29.0,True Negative
Iris pseudacorus,Yellow Iris,Plantae,0,0,0.12836008960049844,0.0,8,65.875,0.16823013406246898,30.625,True Negative
Cygnus olor,Mute Swan,Aves,0,0,0.1282998492964274,0.0,1,168.0,0.0109867583960294,26.0,True Negative
Brochymena sulcata,,Insecta,0,0,0.12825419304794528,0.0,2,158.5,0.09271288663148874,31.0,True Negative
Typha,Cattails,Plantae,0,0,0.1282527133828655,0.0,61,92.9672131147541,0.19007307205532414,27.934426229508198,True Negative
Helianthus petiolaris,prairie sunflower,Plantae,0,0,0.12811764536504908,0.0,1,233.0,0.1217809543013572,26.0,True Negative
Colias,Clouded Yellows,Insecta,0,0,0.1280873504207492,0.0,1,168.0,0.1484042555093765,26.0,True Negative
Dielis pilipes,Hairy-footed Scoliid Wasp,Insecta,0,0,0.12807541649234208,0.0,4,106.5,0.13714853301644322,23.5,True Negative
Scolopendrellidae,,Animalia,0,0,0.128068621471836,0.0,1,200.0,0.1302129626274109,31.0,True Negative
Juncus acutus leopoldii,Southwestern Spiny Rush,Plantae,0,0,0.12803928440344106,0.0,40,79.5,0.1857340289279818,29.925,True Negative
Cupaniopsis,tuckeroos,Plantae,0,0,0.12803506352262858,0.0,3,173.0,0.10935704767083128,18.666666666666668,True Negative
Chelonini,,Insecta,0,0,0.12799184216378331,0.0,2,134.0,0.16782873123884195,22.5,True Negative
Pangaeus,,Insecta,0,0,0.12798988683367193,0.0,2,133.5,0.1624274924397468,20.5,True Negative
Epeolus compactus,Compact Cellophane-Cuckoo,Insecta,0,0,0.12798855335737153,0.0,1,159.0,0.1513849794864654,32.0,True Negative
Tephromelataceae,,Fungi,0,0,0.12796018978699683,0.0,2,278.0,0.1090385168790817,26.0,True Negative
Eragrostis,Lovegrasses,Plantae,0,0,0.12778197218040513,0.0,1,114.0,0.051013495773077,28.0,True Negative
Phoracantha recurva,Lesser Eucalyptus Longhorn Beetle,Insecta,0,0,0.12775947896531292,0.0,2,149.5,0.08764958009123794,27.5,True Negative
Visceae,viscaceous mistletoes,Plantae,0,0,0.12774892129724538,0.0,6,87.16666666666667,0.20152514427900312,25.5,True Negative
Brachynemurus californicus,,Insecta,0,0,0.12772718613540401,0.0,5,92.4,0.14636513739824292,21.0,True Negative
Cantharidae,Soldier Beetles,Insecta,0,0,0.1276768271802735,0.0,2,125.0,0.13477896898984904,23.5,True Negative
Habronattus anepsius,,Arachnida,0,0,0.12766038688414458,0.0,4,143.75,0.11382105201482767,28.75,True Negative
Melanoides tuberculata,Red-rimmed Melania,Mollusca,0,0,0.1276193778576289,0.0,22,164.5,0.09074005533263761,22.772727272727273,True Negative
Solierella,,Insecta,0,0,0.1275933816911029,0.0,1,184.0,0.1509543359279632,32.0,True Negative
Podilymbus podiceps,Pied-billed Grebe,Aves,0,0,0.12754781640914523,0.0,358,120.92458100558659,0.1344157072907156,22.08659217877095,True Negative
Hedera,ivies,Plantae,0,0,0.12747993074292238,0.0,1,127.0,0.1048996224999427,29.0,True Negative
Arenivaga gaiophanes,,Insecta,0,0,0.1274139669243619,0.0,1,192.0,0.1196410506963729,29.0,True Negative
Oinophila v-flava,Yellow V Moth,Insecta,0,0,0.12735869836859534,0.0,8,163.75,0.09212261065840713,29.5,True Negative
Brachylinga,,Insecta,0,0,0.12730420414626434,0.0,6,160.0,0.18155318001906073,27.0,True Negative
Cynanthus latirostris,Broad-billed Hummingbird,Aves,0,0,0.12727577837461077,0.0,2,196.0,0.1599147170782089,29.0,True Negative
Russularia,,Fungi,0,0,0.12723299925178208,0.0,1,172.0,0.1352858394384384,25.0,True Negative
Juncus textilis,Basket Rush,Plantae,0,0,0.12721094662847912,0.0,1,99.0,0.0976143851876258,32.0,True Negative
Rhus trilobata,Skunkbush Sumac,Plantae,0,0,0.12721094662847912,0.0,1,99.0,0.0976143851876258,32.0,True Negative
Zeltnera,Zeltneras,Plantae,0,0,0.12714551368571284,0.0,2,166.0,0.12190105766057965,23.5,True Negative
Lophodytes cucullatus,Hooded Merganser,Aves,0,0,0.12711856797373686,0.0,14,91.35714285714286,0.17730271481975377,25.0,True Negative
Hydrocotyle verticillata,Whorled Pennywort,Plantae,0,0,0.1270413419456944,0.0,4,83.5,0.21932002902030942,23.75,True Negative
Freesia,Freesias,Plantae,0,0,0.12698567638398806,0.0,2,146.5,0.1606811061501503,24.0,True Negative
Lobothallia alphoplaca,,Fungi,0,0,0.1269741574928721,0.0,1,94.0,0.1514016389846801,20.0,True Negative
Lythrum,Lythrum Loosestrifes,Plantae,0,0,0.126951541738889,0.0,2,172.5,0.1457404270768165,27.0,True Negative
Entomobrya unostrigata,Cotton Springtail,Animalia,0,0,0.1268672672124867,0.0,2,227.0,0.12994994223117823,27.0,True Negative
Orius,,Insecta,0,0,0.12679190150603972,0.0,2,137.5,0.12805388495326042,27.5,True Negative
Trichobolus zukalii,,Fungi,0,0,0.1266605422906354,0.0,1,131.0,0.157068982720375,20.0,True Negative
Ulva,Sea Lettuces,Plantae,0,0,0.12663622918320752,0.0,3,127.0,0.11502966983243823,19.0,True Negative
Tomoplagia cressoni,,Insecta,0,0,0.126507900398646,0.0,1,233.0,0.1323358863592147,29.0,True Negative
Tephromela atra,Black-eye Lichen,Fungi,0,0,0.12650620676480956,0.0,2,124.5,0.13426405936479563,28.0,True Negative
Pellaea andromedifolia pubescens,,Plantae,0,0,0.12649316713816539,0.0,1,109.0,0.1158380508422851,19.0,True Negative
Amsinckia tessellata,Bristly Fiddleneck,Plantae,0,0,0.12627234336153192,0.0,4,110.25,0.17785382270812986,26.0,True Negative
Lysurus mokusin,lantern stinkhorn,Fungi,0,0,0.12623939725130706,0.0,3,138.0,0.1378299271066983,27.0,True Negative
Chlorogalum,soap plants,Plantae,0,0,0.12623311508142548,0.0,1,234.0,0.1274126917123794,26.0,True Negative
Vachellia farnesiana,Sweet acacia,Plantae,0,0,0.1259766133920412,0.0,1,186.0,0.125718280673027,29.0,True Negative
Sterrhinae,Waves and Mochas,Insecta,0,0,0.12597375813327732,0.0,2,119.5,0.11284904554486269,27.5,True Negative
Julidae,,Animalia,0,0,0.12590783837501918,0.0,5,122.6,0.18297319412231444,28.0,True Negative
Passaloecus,Picket-boring Aphid Wasps,Insecta,0,0,0.12580323157818613,0.0,4,98.5,0.1409464851021766,22.75,True Negative
Chrysomya megacephala,Oriental Latrine Fly,Insecta,0,0,0.1255876469757849,0.0,1,95.0,0.1092043071985244,30.0,True Negative
Leprocaulaceae,,Fungi,0,0,0.12556412690008942,0.0,1,95.0,0.1341492384672165,20.0,True Negative
Chelinidea vittiger,Cactus Coreid Bug,Insecta,0,0,0.1255226234930587,0.0,1,112.0,0.1385205537080764,32.0,True Negative
Lonicerae lonicera,Honeysuckle gall midge,Insecta,0,0,0.12549558254773607,0.0,3,186.0,0.16055208941300705,26.666666666666668,True Negative
Megaceryle alcyon,Belted Kingfisher,Aves,0,0,0.1254564760527554,0.0,42,147.71428571428572,0.11051640607460976,24.357142857142858,True Negative
Aceria baccharipha,Baccharis Leaf Blister Mite,Arachnida,0,0,0.12545029240715663,0.0,1,231.0,0.1298458725214004,26.0,True Negative
Baileya pauciradiata,Laxflower,Plantae,0,0,0.12542089324216918,0.0,1,173.0,0.101278506219387,29.0,True Negative
Smerinthus ophthalmica,Western Eyed Sphinx,Insecta,0,0,0.12535772973251796,0.0,6,94.66666666666667,0.11646986256043113,31.5,True Negative
Wolffia,watermeals,Plantae,0,0,0.12533167234015777,0.0,2,95.0,0.0909379012882709,28.0,True Negative
Eristalinus taeniops,Stripe-eyed Lagoon Fly,Insecta,0,0,0.1253270041323228,0.0,5,158.8,0.11771936155855652,21.4,True Negative
Sphyrapicus ruber,Red-breasted Sapsucker,Aves,0,0,0.12527278644851503,0.0,8,134.875,0.2000005869194865,24.75,True Negative
Leptocybe invasa,Eucalyptus Stem Gall Wasp,Insecta,0,0,0.12524173323762147,0.0,2,167.0,0.07213477976620195,30.0,True Negative
Chloropinae,Grass Flies,Insecta,0,0,0.1251468444025158,0.0,2,177.0,0.1348143294453621,26.5,True Negative
Xerochares expulsus,,Insecta,0,0,0.12507080587836283,0.0,1,62.0,0.1528503000736236,22.0,True Negative
Drasteria,,Insecta,0,0,0.12507042313989447,0.0,2,188.5,0.16073901951313013,28.0,True Negative
Notocyphus dorsalis,,Insecta,0,0,0.1250476537310334,0.0,3,105.66666666666667,0.12071678539117174,25.666666666666668,True Negative
Araniella displicata,Six-spotted Orbweaver,Arachnida,0,0,0.12496942717589765,0.0,1,82.0,0.1414004564285278,21.0,True Negative
Prunus,"plums, cherries, and allies",Plantae,0,0,0.12490341303685185,0.0,3,91.0,0.15600927174091336,24.333333333333332,True Negative
Callimus ruficollis,,Insecta,0,0,0.12490181548978456,0.0,1,169.0,0.143320232629776,27.0,True Negative
Bubo virginianus pacificus,Coastal Great Horned Owl,Aves,0,0,0.12489491939885816,0.0,7,119.71428571428571,0.1638086086937359,26.0,True Negative
Serradigitus,Sawfinger Scorpions,Arachnida,0,0,0.12475555747401251,0.0,1,246.0,0.1253235638141632,27.0,True Negative
Myoporum laetum,Ngaio,Plantae,0,0,0.1247319940587123,0.0,2,114.0,0.10224185138940806,28.5,True Negative
Teloschistes chrysophthalmus,Golden-eye Lichen,Fungi,0,0,0.12471333022946379,0.0,2,238.5,0.147184494882822,29.5,True Negative
Clarkia unguiculata,Elegant Clarkia,Plantae,0,0,0.12466086771973951,0.0,3,202.33333333333334,0.16376091043154392,26.666666666666668,True Negative
Rectiostoma fernaldella,Stenomid Oak Leaf Tier,Insecta,0,0,0.12457923330557316,0.0,3,102.33333333333333,0.15238668024539945,22.333333333333332,True Negative
Galium stellatum,starry bedstraw,Plantae,0,0,0.12453998848022008,0.0,1,74.0,0.12840037047863,21.0,True Negative
Chlorophyllum,,Fungi,0,0,0.12448851559898313,0.0,3,202.0,0.13055424392223353,28.333333333333332,True Negative
Cibolacris,,Insecta,0,0,0.1243805843392655,0.0,2,233.5,0.1342513039708137,26.0,True Negative
Mephitis,Striped and Hooded Skunks,Mammalia,0,0,0.1243140356855357,0.0,1,62.0,0.1528503000736236,22.0,True Negative
Limacus,Cellar Slugs,Mollusca,0,0,0.12428477905213128,0.0,1,103.0,0.0912341177463531,30.0,True Negative
Vorticellidae,,Chromista,0,0,0.12422985069425346,0.0,2,163.0,0.0079795215278863,32.0,True Negative
Calycomyza,,Insecta,0,0,0.12416421912385879,0.0,5,118.0,0.16453712582588192,23.8,True Negative
Agnocoris,,Insecta,0,0,0.12409982812473352,0.0,2,138.5,0.1803241893649101,24.5,True Negative
Ophraella,,Insecta,0,0,0.12397101015314588,0.0,1,134.0,0.141307845711708,29.0,True Negative
Cyclosa conica,Conical Trashline Orbweaver,Arachnida,0,0,0.1239545045998628,0.0,1,224.0,0.1404057443141937,27.0,True Negative
Clitemnestra,,Insecta,0,0,0.12393069109777505,0.0,2,134.5,0.14856257289648056,26.5,True Negative
Tortula bolanderi,,Plantae,0,0,0.12388444972282843,0.0,3,82.0,0.11947561800479882,24.0,True Negative
Nemochaeta,,Insecta,0,0,0.12382818281654967,0.0,1,241.0,0.121964119374752,29.0,True Negative
Ophiomyia kwansonis,Daylily Leafminer,Insecta,0,0,0.12382818281654967,0.0,1,241.0,0.121964119374752,29.0,True Negative
Platynota,,Insecta,0,0,0.12382818281654967,0.0,1,241.0,0.121964119374752,29.0,True Negative
Theclinae,Hairstreaks,Insecta,0,0,0.12382818281654967,0.0,1,241.0,0.121964119374752,29.0,True Negative
Muscina levida,Dark-horned Muscina,Insecta,0,0,0.12373013834696524,0.0,1,179.0,0.1256254017353058,29.0,True Negative
Vireo,Vireos,Aves,0,0,0.12367746006396739,0.0,2,171.5,0.12908682087436318,30.0,True Negative
Melandrena,,Insecta,0,0,0.12365314351486066,0.0,3,176.33333333333334,0.10885665317376453,25.0,True Negative
Pholiotina rugosa,Common Conecap,Fungi,0,0,0.12364091952607581,0.0,3,179.33333333333334,0.15655217071374253,26.0,True Negative
Polycesta,,Insecta,0,0,0.12345044517151185,0.0,1,240.0,0.1096696779131889,27.0,True Negative
Nicotiana quadrivalvis,Indian tobacco,Plantae,0,0,0.1234133717128966,0.0,3,101.0,0.12251215428113933,27.666666666666668,True Negative
Isodontia,Grass-carrying Wasps,Insecta,0,0,0.1233494952813755,0.0,6,89.33333333333333,0.16100772470235822,26.166666666666668,True Negative
Neltuma odorata,western honey mesquite,Plantae,0,0,0.12332670518120466,0.0,1,143.0,0.1305427551269531,27.0,True Negative
Omorgus,Carcass Beetles,Insecta,0,0,0.1233023784093829,0.0,1,132.0,0.1329463124275207,29.0,True Negative
Texosporium sancti-jacobi,Woven-spored microlichen,Fungi,0,0,0.12324688001900927,0.0,3,243.33333333333334,0.12583610167105988,28.0,True Negative
Tortula muralis,Wall Screw-moss,Plantae,0,0,0.12321778325743374,0.0,2,69.5,0.12898811697959894,27.5,True Negative
Cryptomitrium tenerum,,Plantae,0,0,0.12311018905300623,0.0,9,108.66666666666667,0.1899709453185399,25.555555555555557,True Negative
Corynocoris,,Insecta,0,0,0.12309823852409639,0.0,1,180.0,0.1206690147519111,27.0,True Negative
Apioideae,,Plantae,0,0,0.12291984954614922,0.0,23,86.91304347826087,0.18218853227470228,27.695652173913043,True Negative
Pemphigus obesinymphae,Cherubic Poplar Petiole-gall Aphid,Insecta,0,0,0.12291911753505379,0.0,14,86.42857142857143,0.18469696066209246,27.142857142857142,True Negative
Planorbella trivolvis,Marsh Ramshorn,Mollusca,0,0,0.12284499697901306,0.0,7,118.0,0.20934147068432396,18.428571428571427,True Negative
Isophrictis magnella,,Insecta,0,0,0.12279305153372465,0.0,1,183.0,0.1564395725727081,27.0,True Negative
Philotarsus,,Insecta,0,0,0.12279305153372465,0.0,1,183.0,0.1564395725727081,27.0,True Negative
Oxalis debilis,Largeflower pink-sorrel,Plantae,0,0,0.12276562719791237,0.0,1,198.0,0.134526640176773,26.0,True Negative
Neopasites,,Insecta,0,0,0.12274961296842406,0.0,2,188.5,0.15878812968730924,27.0,True Negative
Geothlypis tolmiei,MacGillivray's Warbler,Aves,0,0,0.12269067475472878,0.0,5,160.2,0.14593762159347531,17.8,True Negative
Cochylis,,Insecta,0,0,0.12268630723159682,0.0,2,198.0,0.12168380990624425,28.5,True Negative
Weissia controversa,Green-tufted Stubble Moss,Plantae,0,0,0.12263386046611356,0.0,1,172.0,0.135502740740776,27.0,True Negative
Dasytini,,Insecta,0,0,0.12252094089041646,0.0,1,235.0,0.1297719627618789,26.0,True Negative
Convolvulus,bindweeds,Plantae,0,0,0.12248699875913623,0.0,1,152.0,0.1323495209217071,27.0,True Negative
Cylindrocopturus,,Insecta,0,0,0.12246190539473377,0.0,1,83.0,0.1443504840135574,31.0,True Negative
Clitocybaceae,,Fungi,0,0,0.12246044148629531,0.0,4,141.75,0.16335910931229586,24.0,True Negative
Gambusia affinis,Western Mosquitofish,Actinopterygii,0,0,0.12246025474098611,0.0,108,87.25,0.19891495999655925,26.064814814814813,True Negative
Lecidella,Disc Lichens,Fungi,0,0,0.12236456565585124,0.0,2,208.5,0.1442285925149917,21.0,True Negative
Phobetus,,Insecta,0,0,0.12233877417021849,0.0,1,258.0,0.1658487915992736,29.0,True Negative
Plestiodon,Toothy Skinks,Reptilia,0,0,0.12233636049893937,0.0,1,153.0,0.1218910366296768,29.0,True Negative
Brodiaea terrestris,Dwarf Brodiaea,Plantae,0,0,0.12230491251796641,0.0,2,102.5,0.1280061453580856,28.0,True Negative
Coelioxys,Sharptail Bees,Insecta,0,0,0.12223874986042707,0.0,5,112.6,0.16975094377994532,25.6,True Negative
Oxytrichidae,,Chromista,0,0,0.12219629189092326,0.0,1,163.0,0.0079795215278863,32.0,True Negative
Isophrictis,,Insecta,0,0,0.12201041787975946,0.0,1,94.0,0.1092794984579086,29.0,True Negative
Adelinae,,Insecta,0,0,0.1219737527425073,0.0,1,127.0,0.1175942718982696,28.0,True Negative
Lepidospartum squamatum,California Broomsage,Plantae,0,0,0.12193884328271082,0.0,2,158.0,0.10303566232323647,22.0,True Negative
Dictyna,,Arachnida,0,0,0.12192385023520658,0.0,3,115.0,0.15757634739081064,29.0,True Negative
Cycloneda polita,Western Polished Lady Beetle,Insecta,0,0,0.12192010502546408,0.0,4,135.5,0.1680071763694286,24.75,True Negative
Menkeleon bellulus,,Insecta,0,0,0.12187299047436824,0.0,6,157.66666666666666,0.11519392703970267,29.333333333333332,True Negative
Xanthoparmelia lineola,Tight Rock-shield,Fungi,0,0,0.12185540082901873,0.0,8,107.125,0.1665424602106213,19.875,True Negative
Hymenochaete,,Fungi,0,0,0.12183955466997974,0.0,1,96.0,0.1589854210615158,20.0,True Negative
Coleophoridae,Casebearing Moths,Insecta,0,0,0.12183595678261563,0.0,3,113.66666666666667,0.12478782484928759,27.0,True Negative
Cyclocephala,Masked Chafers,Insecta,0,0,0.12178963693501205,0.0,3,115.66666666666667,0.10999062160650885,28.666666666666668,True Negative
Aleuropteryginae,,Insecta,0,0,0.12166328195870221,0.0,2,174.5,0.1406820267438888,25.0,True Negative
Peltula obscurans,,Fungi,0,0,0.12161171126066307,0.0,1,256.0,0.1460618376731872,21.0,True Negative
Anorus,,Insecta,0,0,0.12160513837136062,0.0,2,142.0,0.16230267286300654,26.0,True Negative
Cynara cardunculus flavescens,,Plantae,0,0,0.12137284047985024,0.0,2,143.5,0.1480549648404121,29.0,True Negative
Stenochidus,,Insecta,0,0,0.121226858675425,0.0,1,84.0,0.1332520395517349,31.0,True Negative
Drosophila,Small Fruit Flies,Insecta,0,0,0.12121890216909828,0.0,2,186.5,0.0842859931290149,30.0,True Negative
Leia,,Insecta,0,0,0.12121890216909828,0.0,2,186.5,0.0842859931290149,30.0,True Negative
Androchirus,,Insecta,0,0,0.12115527472202371,0.0,1,129.0,0.1288048326969146,28.0,True Negative
Archipini,,Insecta,0,0,0.12103446621040784,0.0,3,151.33333333333334,0.11104314277569445,28.666666666666668,True Negative
Ophyiulus,,Animalia,0,0,0.12095232251866131,0.0,1,237.0,0.1262907236814499,26.0,True Negative
Helvella,Elfin Saddles,Fungi,0,0,0.12092457728682186,0.0,10,89.1,0.180609393119812,25.3,True Negative
Ponometia elegantula,Arizona Bird-dropping Moth,Insecta,0,0,0.1208895527809496,0.0,2,160.0,0.14717449620366096,28.0,True Negative
Agrocybe putaminum,Mulch Fieldcap,Fungi,0,0,0.12081159920242227,0.0,2,131.5,0.1302861645817756,21.5,True Negative
Helminthomorpha,Worm-like Millipedes,Animalia,0,0,0.12068867062317302,0.0,3,113.66666666666667,0.11532575885454806,22.666666666666668,True Negative
Corymbia maculata,Spotted Gum,Plantae,0,0,0.12063829648704585,0.0,1,169.0,0.1202497407793998,26.0,True Negative
Calathus,,Insecta,0,0,0.12052585042373631,0.0,1,360.0,0.186942771077156,22.0,True Negative
Platynus,,Insecta,0,0,0.12052585042373631,0.0,1,360.0,0.186942771077156,22.0,True Negative
Populus fremontii fremontii,Frémont cottonwood,Plantae,0,0,0.12051387265456026,0.0,1,96.0,0.115874096751213,25.0,True Negative
Disholcaspis mamillana,,Insecta,0,0,0.12028719835440548,0.0,1,176.0,0.1401646584272384,29.0,True Negative
Lasioptera,,Insecta,0,0,0.12028719835440548,0.0,1,176.0,0.1401646584272384,29.0,True Negative
Spinus,Siskins and New World Goldfinches,Aves,0,0,0.12023132896804671,0.0,3,112.0,0.1480745027462641,26.0,True Negative
Adenostoma,,Plantae,0,0,0.12022265823090265,0.0,1,137.0,0.1305581778287887,22.0,True Negative
Athysanus pusillus,common sandweed,Plantae,0,0,0.12016423622119883,0.0,1,157.0,0.1557531654834747,22.0,True Negative
Tibicininae,,Insecta,0,0,0.12010325647297306,0.0,2,110.0,0.13305037468671796,24.5,True Negative
Puccinia,Orange-Yellow Rusts,Fungi,0,0,0.12007478106814157,0.0,3,183.0,0.13792009900013602,26.333333333333332,True Negative
Xerocomellus dryophilus,oak-loving bolete,Fungi,0,0,0.11987398360296593,0.0,26,90.57692307692308,0.19240404149660695,27.076923076923077,True Negative
Homalodisca,,Insecta,0,0,0.11975657272540512,0.0,4,142.0,0.1715290956199169,27.5,True Negative
Cicindela oregona,Western Tiger Beetle,Insecta,0,0,0.11974934687991559,0.0,1,168.0,0.1166375055909156,26.0,True Negative
Scybalistodes periculosalis,,Insecta,0,0,0.11966453532501677,0.0,8,165.625,0.1005645021796226,29.375,True Negative
Ulmus parvifolia,Chinese elm,Plantae,0,0,0.11965795284984307,0.0,11,99.9090909090909,0.21813108704306858,22.0,True Negative
Samolus parviflorus,seaside brookweed,Plantae,0,0,0.11959153955074603,0.0,19,84.42105263157895,0.19143416144345934,28.210526315789473,True Negative
Saxinis deserticola,,Insecta,0,0,0.11951773352272693,0.0,2,167.0,0.16390450298786158,23.0,True Negative
Acheta domesticus,House Cricket,Insecta,0,0,0.11944657423040794,0.0,1,73.0,0.1383373886346817,20.0,True Negative
Prochoerodes,,Insecta,0,0,0.11944657423040794,0.0,1,73.0,0.1383373886346817,20.0,True Negative
Synchlora frondaria,Southern Emerald,Insecta,0,0,0.11938457258123772,0.0,2,192.0,0.11168170347809785,28.5,True Negative
Juncus ranarius,clustered toad rush,Plantae,0,0,0.11932134560966833,0.0,1,177.0,0.1365447491407394,29.0,True Negative
Aceria boycei,Ragweed Gall Mite,Arachnida,0,0,0.11931686622001007,0.0,26,97.65384615384616,0.19315015080456546,25.53846153846154,True Negative
Agrotina,,Insecta,0,0,0.11925612437383004,0.0,2,119.5,0.1349720917642116,27.5,True Negative
Dioxys,,Insecta,0,0,0.11917639783565309,0.0,1,184.0,0.1371669769287109,27.0,True Negative
Paspalum dilatatum,Dallis grass,Plantae,0,0,0.11897035386968992,0.0,14,101.07142857142857,0.1875400968960353,25.357142857142858,True Negative
Cirsium occidentale occidentale,,Plantae,0,0,0.11896782378840595,0.0,5,75.6,0.1715025931596756,25.0,True Negative
Gravenhorstiini,,Insecta,0,0,0.1189268108088365,0.0,5,87.4,0.1349389031529426,21.0,True Negative
Chlorochlamys appellaria,,Insecta,0,0,0.118762982924801,0.0,2,218.5,0.1281976848840713,30.0,True Negative
Camissoniopsis intermedia,intermediate suncup,Plantae,0,0,0.11874151959573294,0.0,1,88.0,0.095017172396183,28.0,True Negative
Pluchea,marsh fleabanes,Plantae,0,0,0.11863969183010452,0.0,1,162.0,0.1269469261169433,27.0,True Negative
Polacantha composita,,Insecta,0,0,0.118566283433614,0.0,1,184.0,0.1519178599119186,29.0,True Negative
Pseudopostega,,Insecta,0,0,0.118566283433614,0.0,1,184.0,0.1519178599119186,29.0,True Negative
Tamalia coweni,Manzanita Leafgall Aphid,Insecta,0,0,0.11855569837609208,0.0,1,161.0,0.1640930920839309,25.0,True Negative
Chromelosporium fulvum,Peat Mould,Fungi,0,0,0.11853726105845236,0.0,1,114.0,0.1316399127244949,29.0,True Negative
Acmispon junceus,Rush Broom,Plantae,0,0,0.1184498048185799,0.0,1,172.0,0.1119143441319465,29.0,True Negative
Acarospora fuscata,brown cobblestone lichen,Fungi,0,0,0.11844545481829781,0.0,1,133.0,0.1317608058452606,26.0,True Negative
Flavopunctelia soredica,Powder-edged Speckled Greenshield,Fungi,0,0,0.11840156832079533,0.0,2,132.5,0.1331127285957336,28.0,True Negative
Sophonia orientalis,Two-spotted Leafhopper,Insecta,0,0,0.118371811192626,0.0,1,233.0,0.1091185808181762,27.0,True Negative
Hypsopygia phoezalis,,Insecta,0,0,0.11830337328282624,0.0,7,191.28571428571428,0.11298812287194382,29.571428571428573,True Negative
Berberis pinnata,California barberry,Plantae,0,0,0.1182509584480677,0.0,1,209.0,0.135448470711708,29.0,True Negative
Ephuta argenticeps,,Insecta,0,0,0.11821009226009373,0.0,1,182.0,0.1507438272237777,29.0,True Negative
Colletes slevini,Slevin's Cellophane Bee,Insecta,0,0,0.11820887671859757,0.0,1,236.0,0.1099894866347312,28.0,True Negative
Eucosma,,Insecta,0,0,0.11820792523741072,0.0,2,181.5,0.11582607030868525,29.0,True Negative
Melanoplus yarrowii,Yarrow's Grasshopper,Insecta,0,0,0.11817470763581565,0.0,18,88.0,0.19708467026551563,27.0,True Negative
Anthophorini,Digger Bees,Insecta,0,0,0.11811950546036307,0.0,1,74.0,0.1344970017671585,21.0,True Negative
Apieae,,Plantae,0,0,0.11800715640807936,0.0,7,103.14285714285714,0.19473060646227425,25.571428571428573,True Negative
Uroleucon,Large Daisy Aphids,Insecta,0,0,0.11798799019321919,0.0,14,89.21428571428571,0.18714280639375955,26.714285714285715,True Negative
Lactarius rufulus,Southern Candy Cap,Fungi,0,0,0.11797226026023067,0.0,22,105.13636363636364,0.18774363195354285,26.90909090909091,True Negative
Glinus,sweetjuice,Plantae,0,0,0.11791377401896068,0.0,2,199.0,0.1683446615934372,29.0,True Negative
Glinus lotoides,Hairy Carpet Weed,Plantae,0,0,0.11791377401896068,0.0,2,199.0,0.1683446615934372,29.0,True Negative
Cryptocephalus spurcus,Foul Case-bearing Leaf Beetle,Insecta,0,0,0.11789758312279167,0.0,2,166.0,0.13148937001824373,28.5,True Negative
Chroogomphus,,Fungi,0,0,0.11789676468705343,0.0,1,228.0,0.1266872733831405,31.0,True Negative
Chrysothrix xanthina,Common Gold-dust,Fungi,0,0,0.11781303442588512,0.0,2,276.0,0.16138195991516108,22.5,True Negative
Cercocarpus betuloides,Birchleaf Mountain Mahogany,Plantae,0,0,0.11776495206525238,0.0,6,86.66666666666667,0.17160071432590482,25.833333333333332,True Negative
Peromyscus sonoriensis,Western Deer Mouse,Mammalia,0,0,0.11766524074935264,0.0,1,125.0,0.113229863345623,27.0,True Negative
Pyrocephalus rubinus,Vermilion Flycatcher,Aves,0,0,0.11766092539174478,0.0,6,170.66666666666666,0.23795319100220994,29.333333333333332,True Negative
Cakile maritima,European Searocket,Plantae,0,0,0.11740198973659448,0.0,1,101.0,0.0578885525465011,30.0,True Negative
Cupressus,cypresses,Plantae,0,0,0.11740198973659448,0.0,1,101.0,0.0578885525465011,30.0,True Negative
Delosperma,Sheepfigs,Plantae,0,0,0.11740198973659448,0.0,1,101.0,0.0578885525465011,30.0,True Negative
Pistacia atlantica,Mount Atlas mastic tree,Plantae,0,0,0.11740198973659448,0.0,1,101.0,0.0578885525465011,30.0,True Negative
Vespertilionoidea,Vespertilionoid Bats,Mammalia,0,0,0.11731841884873719,0.0,1,84.0,0.1409865915775299,19.0,True Negative
Cistus × purpureus,Purple-flowered Rock-rose,Plantae,0,0,0.1172651397101636,0.0,1,167.0,0.1022992059588432,26.0,True Negative
Malva multiflora,Cretan mallow,Plantae,0,0,0.11724937493992407,0.0,2,88.0,0.0997148416936397,30.0,True Negative
Eucalyptolyma maideni,Spotted Gum Lerp Psyllid,Insecta,0,0,0.11724574734749346,0.0,2,168.5,0.11669972538948056,28.0,True Negative
Amphissa versicolor,Variegate Amphissa,Mollusca,0,0,0.11721114495693473,0.0,1,83.0,0.1165006607770919,21.0,True Negative
Pseudosuccinea columella,Mimic Lymnaea,Mollusca,0,0,0.11716605983481573,0.0,2,149.0,0.13297952339053148,30.5,True Negative
Vicia hassei,Hasse vetch,Plantae,0,0,0.11715504961769328,0.0,2,122.5,0.1522735953330993,30.0,True Negative
Simocybe,,Fungi,0,0,0.11709363351205122,0.0,1,176.0,0.1207472681999206,25.0,True Negative
Theridiinae,,Arachnida,0,0,0.11700894086286659,0.0,1,114.0,0.1137673035264015,29.0,True Negative
Phyla,frogfruits,Plantae,0,0,0.11700450322159339,0.0,1,170.0,0.1508183032274246,31.0,True Negative
Psora,Fishscale Lichens,Fungi,0,0,0.11699753598748384,0.0,3,196.0,0.13828091820081073,23.0,True Negative
Ascalapha odorata,Black Witch,Insecta,0,0,0.11697122374869354,0.0,1,224.0,0.1367784589529037,32.0,True Negative
Annelida,Segmented Worms,Animalia,0,0,0.11672232734826463,0.0,4,102.5,0.15387574024498457,27.0,True Negative
Acarospora obnubila,,Fungi,0,0,0.11671439201923771,0.0,3,159.66666666666666,0.13428089270989096,23.0,True Negative
Phaeothallus,Subgenus Phaeothallus,Fungi,0,0,0.116677755649986,0.0,1,177.0,0.1256061643362045,23.0,True Negative
Dasymutilla magna,,Insecta,0,0,0.11663621961305919,0.0,2,134.0,0.12210635095834725,30.0,True Negative
Ethmia discostrigella,Mountain-mahogany Moth,Insecta,0,0,0.11663518350956942,0.0,5,179.6,0.10377058535814279,29.4,True Negative
Chromolepida,,Insecta,0,0,0.11663372292287903,0.0,1,166.0,0.1436602771282196,30.0,True Negative
Ethmia,,Insecta,0,0,0.1166201167613408,0.0,7,108.85714285714286,0.14242106888975412,26.857142857142858,True Negative
Cryptantha intermedia intermedia,Common Cryptantha,Plantae,0,0,0.1165980343634378,0.0,1,173.0,0.1250628530979156,30.0,True Negative
Polyporales,Shelf Fungi,Fungi,0,0,0.11646227313634509,0.0,11,109.54545454545455,0.17435882714661682,27.272727272727273,True Negative
Delphinium hesperium,Foothill Larkspur,Plantae,0,0,0.1164515511255811,0.0,1,166.0,0.1360733062028885,22.0,True Negative
Cynipidae,Gall Wasps,Insecta,0,0,0.11644675612517816,0.0,8,116.375,0.18084616959094996,27.625,True Negative
Dactylopius opuntiae,Cactus Scattered Cochineal,Insecta,0,0,0.11633449731362461,0.0,3,176.33333333333334,0.1151862467328707,18.666666666666668,True Negative
Platycheirus,Sedgesitters,Insecta,0,0,0.11632731060464098,0.0,10,112.5,0.17411529272794718,26.5,True Negative
Scolytinae,Bark and Ambrosia Beetles,Insecta,0,0,0.11631413519399451,0.0,2,125.0,0.08691446296870706,29.5,True Negative
Ploiaria reticulata,,Insecta,0,0,0.11629779870941157,0.0,3,101.33333333333333,0.15003288785616553,27.666666666666668,True Negative
Aimophila ruficeps canescens,Southern California Rufous-crowned Sparrow,Aves,0,0,0.116283290548249,0.0,1,216.0,0.1362873315811157,27.0,True Negative
Pleuridium acuminatum,Taper-leaved Earth-moss,Plantae,0,0,0.11627409258507607,0.0,1,223.0,0.154081329703331,26.0,True Negative
Leptosyne californica,California Coreopsis,Plantae,0,0,0.11616905875045822,0.0,1,158.0,0.1282877773046493,30.0,True Negative
Dicheirus,,Insecta,0,0,0.11610925129925471,0.0,1,229.0,0.1452458649873733,28.0,True Negative
Pero honestaria,Honest Pero Moth,Insecta,0,0,0.11610925129925471,0.0,1,229.0,0.1452458649873733,28.0,True Negative
Scudderia furcata,Fork-tailed Bush Katydid,Insecta,0,0,0.11610925129925471,0.0,1,229.0,0.1452458649873733,28.0,True Negative
Coliadinae,Yellows and Sulphurs,Insecta,0,0,0.11609940796367413,0.0,4,118.0,0.19446934759616846,19.25,True Negative
Arctiina,,Insecta,0,0,0.11606076400451487,0.0,1,170.0,0.1440733969211578,30.0,True Negative
Crocanthemum scoparium vulgare,,Plantae,0,0,0.11603842838179751,0.0,1,179.0,0.1334965229034423,29.0,True Negative
Dacrymyces,,Fungi,0,0,0.11598387273152105,0.0,2,139.5,0.14769671857357025,27.5,True Negative
Melitaeini,Checkerspots,Insecta,0,0,0.11598324134504272,0.0,1,161.0,0.123556949198246,30.0,True Negative
Brachymyrmex,Rover Ants,Insecta,0,0,0.11592648088720615,0.0,2,164.5,0.1112299226224422,29.5,True Negative
Teleonemia scrupulosa,Lantana Lace Bug,Insecta,0,0,0.1159199220941473,0.0,6,185.66666666666666,0.1811475257078806,27.166666666666668,True Negative
Hylephila,,Insecta,0,0,0.11589643606940687,0.0,1,221.0,0.2314366102218628,33.0,True Negative
Gymnopilus aurantiophyllus,,Fungi,0,0,0.11588409019310414,0.0,2,140.0,0.15493354201316828,30.5,True Negative
Culiseta incidens,Cold Weather Mosquito,Insecta,0,0,0.11585265599073935,0.0,3,129.33333333333334,0.16354443629582718,26.0,True Negative
Indotyphlops braminus,Brahminy Blindsnake,Reptilia,0,0,0.11582620018627078,0.0,2,170.0,0.14235030114650726,14.5,True Negative
Coleotechnites invictella,,Insecta,0,0,0.11581708672568437,0.0,1,183.0,0.1313759386539459,29.0,True Negative
Ulva lactuca,Broadleaf Sea Lettuce,Plantae,0,0,0.11574140682431201,0.0,3,162.33333333333334,0.0312835276126861,18.666666666666668,True Negative
Atherigona,Shoot Flies,Insecta,0,0,0.11573736697270616,0.0,1,172.0,0.1508779823780059,25.0,True Negative
Megachile montivaga,Silver-tailed Petalcutter,Insecta,0,0,0.11573736697270616,0.0,1,172.0,0.1508779823780059,25.0,True Negative
Scaphytopius elegans,,Insecta,0,0,0.11573736697270616,0.0,1,172.0,0.1508779823780059,25.0,True Negative
Liposcelis,Domestic Booklice,Insecta,0,0,0.11569458762803045,0.0,1,162.0,-0.0073115876875817,0.0,True Negative
Novius cardinalis,Vedalia Beetle,Insecta,0,0,0.11569458762803045,0.0,1,162.0,-0.0073850345797836,0.0,True Negative
Physella acuta,Acute Bladder Snail,Mollusca,0,0,0.11565747507454091,0.0,15,88.8,0.1907341877619425,26.4,True Negative
Nemophila,baby blue eyes and allies,Plantae,0,0,0.11565638068200014,0.0,2,125.0,0.1380421333014965,26.0,True Negative
Cistaceae,rock-rose family,Plantae,0,0,0.1156162438719627,0.0,2,168.5,0.15784108638763425,21.5,True Negative
Rosales,"Roses, Elms, Figs, and Allies",Plantae,0,0,0.11560455966993892,0.0,3,95.66666666666667,0.14996277789274848,28.0,True Negative
Dicoria canescens,Desert Twinbugs,Plantae,0,0,0.11552384172591114,0.0,1,102.0,0.1398845762014389,30.0,True Negative
Nassella cernua,nodding needle grass,Plantae,0,0,0.11552176460243298,0.0,2,218.0,0.15735493600368494,27.0,True Negative
Erynnis pacuvius,Pacuvius Duskywing,Insecta,0,0,0.11551072204489167,0.0,1,209.0,0.1676733791828155,22.0,True Negative
Hohenbuehelia mastrucata,woolly oyster,Fungi,0,0,0.11545268596025657,0.0,1,138.0,0.1403811872005462,19.0,True Negative
Polyporaceae,Bracket Fungi,Fungi,0,0,0.11536164158473984,0.0,7,115.28571428571429,0.20928799254553657,25.857142857142858,True Negative
Lithoseopsis hellmani,,Insecta,0,0,0.11533726224671127,0.0,1,93.0,0.1339284181594848,19.0,True Negative
Pacificanthia,,Insecta,0,0,0.11533726224671127,0.0,1,93.0,0.1339284181594848,19.0,True Negative
Xenox habrosus,,Insecta,0,0,0.11533726224671127,0.0,1,93.0,0.1339284181594848,19.0,True Negative
Mycenastrum corium,Corkstar Puffball,Fungi,0,0,0.1153287561859203,0.0,2,231.5,0.12877956032752985,26.0,True Negative
Aculops rhois,Poison Ivy Leaf Mite,Arachnida,0,0,0.11527697695258787,0.0,10,81.0,0.17065596953034395,25.4,True Negative
Minuartia,Sandwort,Plantae,0,0,0.11527150345182949,0.0,1,105.0,0.1590020358562469,20.0,True Negative
Stenodynerus anormis,,Insecta,0,0,0.11525212314769855,0.0,4,95.0,0.15040043555200097,26.5,True Negative
Everina,,Insecta,0,0,0.1152359632623088,0.0,1,77.0,0.1202431470155716,22.0,True Negative
Physalis crassifolia,Thickleaf Groundcherry,Plantae,0,0,0.1151540240118671,0.0,2,171.5,0.1790523007512092,28.5,True Negative
Incisitermes fruticavus,,Insecta,0,0,0.1151367081035096,0.0,3,135.0,0.09818441172440844,29.333333333333332,True Negative
Arachnophaga,,Insecta,0,0,0.11512687758572168,0.0,1,242.0,0.0705525949597358,29.0,True Negative
Cosmopterigidae,Cosmet Moths,Insecta,0,0,0.11512687758572168,0.0,1,242.0,0.0705525949597358,29.0,True Negative
Philygria debilis,,Insecta,0,0,0.11512687758572168,0.0,1,242.0,0.0705525949597358,29.0,True Negative
Larus glaucescens,Glaucous-winged Gull,Aves,0,0,0.11507709221134746,0.0,8,163.25,0.0906484993975027,24.0,True Negative
Fulica americana americana,North American Coot,Aves,0,0,0.11501950748238689,0.0,5,120.8,0.13876439332962034,21.6,True Negative
Deuteragenia caliptera nubifer,,Insecta,0,0,0.11501937075577276,0.0,5,132.6,0.18952832520008084,26.8,True Negative
Carduus pycnocephalus pycnocephalus,,Plantae,0,0,0.11488419064661365,0.0,12,100.08333333333333,0.19381246094902352,26.666666666666668,True Negative
Melecta edwardsii,,Insecta,0,0,0.1147638182465451,0.0,1,122.0,0.1333755701780319,29.0,True Negative
Lyttini,,Insecta,0,0,0.114738135226433,0.0,1,214.0,0.1251290887594223,29.0,True Negative
Scleropodium cespitans,Tufted Feather-moss,Plantae,0,0,0.11463384895885778,0.0,1,167.0,0.1503372341394424,22.0,True Negative
Sitta canadensis,Red-breasted Nuthatch,Aves,0,0,0.11460685557645042,0.0,11,167.63636363636363,0.19767024164850058,26.636363636363637,True Negative
Rallus limicola,Virginia Rail,Aves,0,0,0.11457173334485576,0.0,7,110.42857142857143,0.14094889376844674,27.857142857142858,True Negative
Frangula californica,coffeeberry,Plantae,0,0,0.11455741832103991,0.0,2,96.0,0.1289245933294296,29.0,True Negative
Botryosphaeria dothidea,Asteromyia Gall Midge Fungus,Fungi,0,0,0.11454955590962267,0.0,1,241.0,0.121964119374752,29.0,True Negative
Calinda collaris,,Insecta,0,0,0.11452673544080147,0.0,1,176.0,0.1245304942131042,27.0,True Negative
Platphalonidia plicana,,Insecta,0,0,0.11452673544080147,0.0,1,176.0,0.1245304942131042,27.0,True Negative
Coenosia,Tiger Flies,Insecta,0,0,0.1144720453058593,0.0,5,137.8,0.20160966217517848,27.0,True Negative
Steatoda,False Widow Spiders,Arachnida,0,0,0.11444532451628153,0.0,4,141.0,0.09264176152646535,19.25,True Negative
Omphalotaceae,,Fungi,0,0,0.11439469750787486,0.0,1,319.0,0.1342260688543319,22.0,True Negative
Garella nilotica,Black-olive Caterpillar Moth,Insecta,0,0,0.11430036073518626,0.0,2,187.0,0.10315761342644685,29.5,True Negative
Hofmannophila pseudospretella,Brown House Moth,Insecta,0,0,0.11430036073518626,0.0,2,187.0,0.10315761342644685,29.5,True Negative
Harmochirina,,Arachnida,0,0,0.11413739104899892,0.0,2,149.0,0.11279838904738425,27.5,True Negative
Scleropodium touretii,Glasswort Feather-moss,Plantae,0,0,0.11413150155340017,0.0,4,72.75,0.15713246539235112,25.5,True Negative
Dalytyphloplanida,,Animalia,0,0,0.11411849301722707,0.0,1,174.0,0.1307095140218734,26.0,True Negative
Targionia,,Plantae,0,0,0.11411136973262939,0.0,1,116.0,0.1425937563180923,30.0,True Negative
Melilotus,melilots and sweetclovers,Plantae,0,0,0.11409609050021935,0.0,6,80.0,0.18367844199140862,26.0,True Negative
Bartramia,,Plantae,0,0,0.11403702478475339,0.0,3,100.66666666666667,0.13301558792591092,21.0,True Negative
Micromus subanticus,Antique Brown Lacewing,Insecta,0,0,0.1140030642700975,0.0,2,165.5,0.0876642502844333,27.0,True Negative
Characeae,Stoneworts,Plantae,0,0,0.11397153218254921,0.0,1,199.0,0.1683446615934372,29.0,True Negative
Eucalyptus tereticornis,Forest red gum,Plantae,0,0,0.11396493193712497,0.0,1,163.0,0.1253222078084945,0.0,True Negative
Stuckenia,,Plantae,0,0,0.11396493193712497,0.0,1,163.0,0.1253222078084945,0.0,True Negative
Zenaida macroura marginella,Western Mourning Dove,Aves,0,0,0.11395558073708638,0.0,2,162.0,0.1294711828231811,29.0,True Negative
Catocala ilia zoe,,Insecta,0,0,0.11387387073015108,0.0,1,222.0,0.1155926883220672,30.0,True Negative
Idaea bonifata,Fortunate Wave,Insecta,0,0,0.11386977208583908,0.0,8,164.5,0.1001596245914697,28.5,True Negative
Helianthinae,,Plantae,0,0,0.1137721052528266,0.0,3,123.0,0.22504477202892303,29.666666666666668,True Negative
Cryptantha maritima,Guadalupe cryptantha,Plantae,0,0,0.1137656032496678,0.0,2,82.0,0.1327954083681106,26.0,True Negative
Veronica arvensis,corn speedwell,Plantae,0,0,0.11374201244429419,0.0,1,185.0,0.1386002749204635,30.0,True Negative
Lomamyia,Nearctic Beaded Lacewings,Insecta,0,0,0.1136515280438397,0.0,9,156.0,0.11111811382902988,28.77777777777778,True Negative
Verbascum blattaria,moth mullein,Plantae,0,0,0.11362593361008368,0.0,1,88.0,0.1429885029792785,29.0,True Negative
Gordius,,Animalia,0,0,0.1135581415098744,0.0,4,80.0,0.15975782275199885,27.0,True Negative
Planorbidae,Ramshorn snails,Mollusca,0,0,0.1134805920426884,0.0,5,150.0,0.19325212538242337,28.0,True Negative
Rhinacloa,,Insecta,0,0,0.11347804282509671,0.0,1,91.0,0.1067161709070205,31.0,True Negative
Synagelina,,Arachnida,0,0,0.1134705261807978,0.0,1,176.0,0.1268551796674728,25.0,True Negative
Linum lewisii,Lewis flax,Plantae,0,0,0.1134598411434804,0.0,1,169.0,0.1493892520666122,31.0,True Negative
Alysiinae,,Insecta,0,0,0.1133955831493293,0.0,1,238.0,0.120470143854618,30.0,True Negative
Charadrius vociferus,Killdeer,Aves,0,0,0.11339480174693309,0.0,74,164.74324324324326,0.07538839391231335,17.364864864864863,True Negative
Lolium × boucheanum,Hybrid Ryegrass,Plantae,0,0,0.11331528871750138,0.0,1,147.0,0.1434827595949173,30.0,True Negative
Hellinsia phoebus,Everlasting Plume Moth,Insecta,0,0,0.11325115261955969,0.0,1,89.0,0.1304364949464798,29.0,True Negative
Comarostaphylis,,Plantae,0,0,0.11322068658334454,0.0,1,183.0,0.1549700647592544,27.0,True Negative
Neogalea,,Insecta,0,0,0.11317907116897798,0.0,2,129.0,0.08998275175690645,30.0,True Negative
Monomorium,"Trailing, Pharaoh, and Timid Ants",Insecta,0,0,0.11312914821974608,0.0,1,113.0,0.132865160703659,21.0,True Negative
Arachnida,Arachnids,Arachnida,0,0,0.11303324428608193,0.0,1,75.0,0.1223113760352134,22.0,True Negative
Parakontikia ventrolineata,,Animalia,0,0,0.11294211400080843,0.0,3,168.33333333333334,0.11664081116517377,28.333333333333332,True Negative
Lithosiina,,Insecta,0,0,0.11292878594677279,0.0,1,175.0,0.1534878313541412,25.0,True Negative
Mesophleps adustipennis,Soybean Webworm Moth,Insecta,0,0,0.11292878594677279,0.0,1,175.0,0.1534878313541412,25.0,True Negative
Tortistilus,,Insecta,0,0,0.11292878594677279,0.0,1,175.0,0.1534878313541412,25.0,True Negative
Zacosmia maculata,Spotted Mini-digger-Cuckoo,Insecta,0,0,0.11292878594677279,0.0,1,175.0,0.1534878313541412,25.0,True Negative
Odontoscirus,,Arachnida,0,0,0.11286897821391861,0.0,1,205.0,0.1631232500076294,22.0,True Negative
Buprestidae,Jewel Beetles,Insecta,0,0,0.1128684396970205,0.0,2,77.5,0.1510243490338325,24.5,True Negative
Phobetus comatus,,Insecta,0,0,0.11281948252564869,0.0,1,78.0,0.1202431470155716,22.0,True Negative
Iowanus,,Insecta,0,0,0.11266563340813723,0.0,5,166.4,0.10250925570726388,29.2,True Negative
Flavoparmelia subcapitata,,Fungi,0,0,0.11259850064022171,0.0,3,130.33333333333334,0.15265284975369767,22.0,True Negative
Hemerobius stigma,brown pine lacewing,Insecta,0,0,0.1125774202098625,0.0,5,166.8,0.09697154909372321,29.4,True Negative
Gallinula galeata cachinnans,North American Common Gallinule,Aves,0,0,0.11246052568537311,0.0,2,126.5,0.1548780240118503,27.0,True Negative
Porzana carolina,Sora,Aves,0,0,0.11244357215844973,0.0,29,101.6896551724138,0.1692341221175317,24.93103448275862,True Negative
Dryocosmus dubiosus,Two-horned Gall Wasp,Insecta,0,0,0.11243488163537331,0.0,6,112.66666666666667,0.18471725036700562,22.666666666666668,True Negative
Acmaeodera perlanosa,,Insecta,0,0,0.11238944916120881,0.0,2,177.0,0.11697340756654735,25.0,True Negative
Dicranophorus,,Animalia,0,0,0.11236696359179021,0.0,1,163.0,0.0079795215278863,32.0,True Negative
Eucyclops,,Animalia,0,0,0.11236696359179021,0.0,1,163.0,0.0079795215278863,32.0,True Negative
Hyalella,,Animalia,0,0,0.11236696359179021,0.0,1,163.0,0.0079795215278863,32.0,True Negative
Philodina,,Animalia,0,0,0.11236696359179021,0.0,1,163.0,0.0079795215278863,32.0,True Negative
Calandrinia,,Plantae,0,0,0.1123248087265551,0.0,3,211.33333333333334,0.16851215312878284,27.666666666666668,True Negative
Setophaga aestiva,Northern Yellow Warbler,Aves,0,0,0.11232218283616717,0.0,71,101.69014084507042,0.17680188228415558,25.12676056338028,True Negative
Meleagris gallopavo,Wild Turkey,Aves,0,0,0.1122936609565761,0.0,1,131.0,0.13759446144104,30.0,True Negative
Anas platyrhynchos platyrhynchos,Holarctic Mallard,Aves,0,0,0.11227321733697468,0.0,1,166.0,0.0385354645550251,31.0,True Negative
Homaemus proteus,,Insecta,0,0,0.11222806447857936,0.0,2,95.5,0.13075308501720423,25.0,True Negative
Ostariophysi,"Carps, characins, catfishes and allies",Actinopterygii,0,0,0.11221692126357112,0.0,1,164.0,-0.0069627193734049,31.0,True Negative
Agulla adnixa,,Insecta,0,0,0.11214742261093508,0.0,2,140.5,0.12007507309317586,27.0,True Negative
Coscinoptera,,Insecta,0,0,0.11213555816792477,0.0,3,88.33333333333333,0.15351267158985132,25.666666666666668,True Negative
Ophyiulus pilosus,Furry Snake Millipede,Animalia,0,0,0.11200763470778502,0.0,3,111.66666666666667,0.11413127540921171,13.0,True Negative
Oncopeltus,,Insecta,0,0,0.11200235581895389,0.0,4,93.0,0.14194780401885504,28.0,True Negative
Bucculatrix,,Insecta,0,0,0.11199784042996602,0.0,3,80.66666666666667,0.14439621319373447,26.0,True Negative
Nomada suavis,Suave Nomad Bee,Insecta,0,0,0.11195378434018077,0.0,1,178.0,0.1333932429552078,29.0,True Negative
Labarrus,,Insecta,0,0,0.11194228611813922,0.0,3,119.66666666666667,0.10863486429055526,30.333333333333332,True Negative
Anas acuta,Northern Pintail,Aves,0,0,0.11191716584384949,0.0,16,164.5625,0.028726199474476726,23.9375,True Negative
Pleurotus ostreatus,Oyster Mushroom,Fungi,0,0,0.11191642860764207,0.0,34,92.58823529411765,0.19686051260899093,26.08823529411765,True Negative
Aedes aegypti,Yellow Fever Mosquito,Insecta,0,0,0.11189181055094899,0.0,2,158.0,0.1136575564742088,30.5,True Negative
Conophorini,,Insecta,0,0,0.11186396058891006,0.0,1,176.0,0.1268551796674728,25.0,True Negative
Lygaeus kalmii/reclivatus,Small Milkweed Bug Complex,Insecta,0,0,0.11186396058891006,0.0,1,176.0,0.1268551796674728,25.0,True Negative
Crinum,Swamplilies,Plantae,0,0,0.11173696993941237,0.0,1,178.0,0.1295204013586044,29.0,True Negative
Tinea pellionella,Case-bearing Clothes Moth,Insecta,0,0,0.11173153659976456,0.0,3,176.33333333333334,0.09481092294057203,29.333333333333332,True Negative
Asphondylia integrifoliae,Sumac Flowerbud gall midge,Insecta,0,0,0.1116902937290219,0.0,1,106.0,0.1450954675674438,31.0,True Negative
Brachycaudus cardui,Plum-thistle Aphid,Insecta,0,0,0.11164819644078766,0.0,1,169.0,0.1319490224123001,30.0,True Negative
Anacolia,,Plantae,0,0,0.11147451349295544,0.0,3,99.33333333333333,0.15502689778804776,20.0,True Negative
Polacantha,,Insecta,0,0,0.1114320183582425,0.0,2,138.5,0.122161965817213,29.5,True Negative
Leymus triticoides,Creeping wild rye,Plantae,0,0,0.11136985905063701,0.0,1,96.0,0.1321060210466385,28.0,True Negative
Agrilus felix,,Insecta,0,0,0.11132601686863175,0.0,1,173.0,0.1297754794359207,26.0,True Negative
Aphis sambuci,Elder Aphid,Insecta,0,0,0.11131449051104288,0.0,5,91.2,0.15987192392349242,24.6,True Negative
Andrenosomatini,,Insecta,0,0,0.11108731018437204,0.0,1,161.0,0.1849501430988311,35.0,True Negative
Croton,Crotons,Plantae,0,0,0.11108692356684946,0.0,1,177.0,0.1627962589263916,34.0,True Negative
Pinaceae,pine family,Plantae,0,0,0.11107045690360899,0.0,2,135.5,0.16016562655568115,28.0,True Negative
Marasmiineae,,Fungi,0,0,0.11078552123014122,0.0,3,118.33333333333333,0.1342970728874206,23.333333333333332,True Negative
Poecilognathus,,Insecta,0,0,0.11066718068575092,0.0,2,96.5,0.1323543898761272,24.0,True Negative
Leschenaultia,,Insecta,0,0,0.11061839596703812,0.0,1,227.0,0.1558191329240799,27.0,True Negative
Neoitamus,Bentbristles,Insecta,0,0,0.11059221523746542,0.0,5,113.6,0.1710468739271164,27.2,True Negative
Amsinckia spectabilis,woolly breeches,Plantae,0,0,0.11058422661994594,0.0,1,134.0,0.1363017112016677,30.0,True Negative
Lycaenidae,Gossamer-winged Butterflies,Insecta,0,0,0.11057988289860941,0.0,3,112.66666666666667,0.16216190904378888,22.0,True Negative
Tricholomataceae,,Fungi,0,0,0.11049106483225614,0.0,1,226.0,0.127386063337326,26.0,True Negative
Emericellopsis fimetaria,,Fungi,0,0,0.11048504003401599,0.0,3,214.33333333333334,0.15706154704093925,21.666666666666668,True Negative
Athallia pyracea,Flaming Firedot Lichen,Fungi,0,0,0.11039343708912483,0.0,1,135.0,0.140145406126976,26.0,True Negative
Parmotrema reticulatum,Black Sheet Lichen,Fungi,0,0,0.11035913668329361,0.0,1,367.0,0.1442248523235321,22.0,True Negative
Pterelachisus,,Insecta,0,0,0.11031979898297309,0.0,2,110.0,0.11472239717841146,29.0,True Negative
Cortaderia jubata,Purple Pampas Grass,Plantae,0,0,0.11031668899931378,0.0,1,168.0,0.1439338028430938,32.0,True Negative
Rafinesquia,Plumeseeds,Plantae,0,0,0.11019244630404607,0.0,2,142.0,0.15452614426612848,27.0,True Negative
Tiphiidae,Tiphiid Flower Wasps,Insecta,0,0,0.1101798567951027,0.0,1,139.0,0.1177266240119934,32.0,True Negative
Silini,,Insecta,0,0,0.11011479778128139,0.0,2,111.0,0.12973203510046,23.5,True Negative
Andrena oenotherae,Oenothera Miner,Insecta,0,0,0.11009800590233149,0.0,1,168.0,0.1579450666904449,27.0,True Negative
Thecabius populimonilis,Bead-like Cottonwood Gall aphid,Insecta,0,0,0.11001707263788106,0.0,8,89.75,0.15799085609614846,29.75,True Negative
Trapeliopsis,,Fungi,0,0,0.11000332876150523,0.0,2,172.5,0.1422771736979484,26.0,True Negative
Uloborus,Feather-legged Spiders,Arachnida,0,0,0.10998554039968633,0.0,1,105.0,0.0744418650865554,20.0,True Negative
Megaspilinae,,Insecta,0,0,0.10992119559116172,0.0,1,80.0,0.1205651983618736,20.0,True Negative
Mareca strepera strepera,Common Gadwall,Aves,0,0,0.10985887598088126,0.0,1,162.0,0.1294711828231811,29.0,True Negative
Physarum cinereum,,Protozoa,0,0,0.10985816645229583,0.0,1,63.0,0.1383388787508011,31.0,True Negative
Cryptoglossa,Death-feigning Beetles,Insecta,0,0,0.10984790201925454,0.0,1,88.0,0.1192390695214271,30.0,True Negative
Chrysomeloidea,Leaf Beetles and Allies,Insecta,0,0,0.10984679303653307,0.0,1,228.0,0.1307861804962158,26.0,True Negative
Solieria,,Insecta,0,0,0.10984679303653307,0.0,1,228.0,0.1307861804962158,26.0,True Negative
Xanthomendoza,,Fungi,0,0,0.10978694844808115,0.0,1,240.0,0.1257666796445846,28.0,True Negative
Iridaceae,iris family,Plantae,0,0,0.10974865735699527,0.0,1,157.0,0.1363186538219452,22.0,True Negative
Lotus tenuis,narrow-leaf bird's-foot trefoil,Plantae,0,0,0.10974865735699527,0.0,1,157.0,0.1363186538219452,22.0,True Negative
Paleacrita longiciliata,,Insecta,0,0,0.1097340776107759,0.0,1,116.0,0.1425937563180923,30.0,True Negative
Cyathus stercoreus,dung-loving bird's nest fungus,Fungi,0,0,0.1096390448166548,0.0,3,179.66666666666666,0.14355307569106415,25.666666666666668,True Negative
Sida ulmifolia,Common Fanpetals,Plantae,0,0,0.10960210119060176,0.0,1,76.0,0.1141096055507659,21.0,True Negative
Navarretia atractyloides,Hollyleaf Pincushionplant,Plantae,0,0,0.10955720638496855,0.0,1,95.0,0.1069235354661941,26.0,True Negative
Araneus nordmanni,Nordmann's Orbweaver,Arachnida,0,0,0.1095421580017536,0.0,1,177.0,0.1304860711097717,25.0,True Negative
Scymnini,Dusky Lady Beetles,Insecta,0,0,0.10951134155916982,0.0,3,78.0,0.1508048474788665,23.333333333333332,True Negative
Suillus collinitus,,Fungi,0,0,0.10949491062536822,0.0,1,217.0,0.1413493454456329,27.0,True Negative
Syrphidae,Hover Flies,Insecta,0,0,0.10943722066490653,0.0,3,152.0,0.16339599837859467,24.666666666666668,True Negative
Saproamanita,,Fungi,0,0,0.10930099396881746,0.0,2,183.5,0.1548583805561065,28.5,True Negative
Lasiopteridi,,Insecta,0,0,0.10923984163528794,0.0,6,93.66666666666667,0.1386493270595868,28.833333333333332,True Negative
Isodontia philadelphica,,Insecta,0,0,0.10918922567337719,0.0,8,115.375,0.17846948932856316,26.25,True Negative
Trichobaris,,Insecta,0,0,0.10909107539161665,0.0,1,109.0,0.1127872094511985,30.0,True Negative
Euscelis,,Insecta,0,0,0.10889444618172628,0.0,1,75.0,0.1368235498666763,21.0,True Negative
Lactocollybia,,Fungi,0,0,0.10886758734412441,0.0,1,103.0,0.1221858635544776,30.0,True Negative
Cryptocephalus castaneus,Chestnut-colored Cryptocephalus,Insecta,0,0,0.10885022460432192,0.0,7,126.42857142857143,0.18848453036376406,29.285714285714285,True Negative
Humboldtianae,,Plantae,0,0,0.10884932388373518,0.0,5,84.4,0.19402748048305507,27.6,True Negative
Trifolium incarnatum,crimson clover,Plantae,0,0,0.10879035271212315,0.0,4,104.5,0.17091331630945203,21.5,True Negative
Setophaga coronata coronata,Myrtle Warbler,Aves,0,0,0.10876375431973777,0.0,3,162.33333333333334,0.15525251378615693,17.333333333333332,True Negative
Yponomeutoidea,Ermine Moths and Allies,Insecta,0,0,0.10867790563583635,0.0,4,105.25,0.15324452891945833,25.75,True Negative
Spirogyra,,Plantae,0,0,0.10851834987354607,0.0,3,137.0,0.11239622222880523,9.333333333333334,True Negative
Cerambycinae,Round-necked Longhorn Beetles,Insecta,0,0,0.10851202539693991,0.0,1,153.0,0.1218910366296768,29.0,True Negative
Cryphia,,Insecta,0,0,0.10851202539693991,0.0,1,153.0,0.1218910366296768,29.0,True Negative
Eoreuma,,Insecta,0,0,0.10851202539693991,0.0,1,153.0,0.1218910366296768,29.0,True Negative
Hemerobiidae,Brown Lacewings,Insecta,0,0,0.10851202539693991,0.0,1,153.0,0.1218910366296768,29.0,True Negative
Icosium tomentosum,,Insecta,0,0,0.10851202539693991,0.0,1,153.0,0.1218910366296768,29.0,True Negative
Lomamyia fulva,,Insecta,0,0,0.10851202539693991,0.0,1,153.0,0.1218910366296768,29.0,True Negative
Oophorini,,Insecta,0,0,0.10851202539693991,0.0,1,153.0,0.1218910366296768,29.0,True Negative
Pintalia delicata,,Insecta,0,0,0.10851202539693991,0.0,1,153.0,0.1218910366296768,29.0,True Negative
Scoparia biplagialis,Double-striped Scoparia Moth,Insecta,0,0,0.10851202539693991,0.0,1,153.0,0.1218910366296768,29.0,True Negative
Tachystola hemisema,,Insecta,0,0,0.10851202539693991,0.0,1,153.0,0.1218910366296768,29.0,True Negative
Empidini,,Insecta,0,0,0.10848646825575069,0.0,2,81.5,0.1356077566742897,24.0,True Negative
Enicospilus purgatus,,Insecta,0,0,0.10848177985782405,0.0,3,218.33333333333334,0.1281976848840713,30.0,True Negative
Heterhelus sericans,,Insecta,0,0,0.10829540054473603,0.0,1,77.0,0.1485038250684738,21.0,True Negative
Helminthoglyptinae,,Mollusca,0,0,0.10824965584570229,0.0,1,93.0,0.1162398606538772,29.0,True Negative
Eriodictyon trichocalyx,Hairy Yerba Santa,Plantae,0,0,0.10818081714048343,0.0,1,176.0,0.1041971296072006,25.0,True Negative
Volvopluteus,,Fungi,0,0,0.10817300822811082,0.0,7,96.85714285714286,0.16121437932763774,20.857142857142858,True Negative
Pertusaria,Pore Lichens,Fungi,0,0,0.10816607359439587,0.0,1,158.0,0.129634603857994,26.0,True Negative
Ulidiidae,Picture-winged Flies,Insecta,0,0,0.10814882336560232,0.0,1,210.0,0.1547278314828872,29.0,True Negative
Stamnodes affiliata,,Insecta,0,0,0.10807479863432297,0.0,2,82.0,0.12707108631730074,24.5,True Negative
Rhopalomyia erigerontis,,Insecta,0,0,0.10806314919712554,0.0,2,174.5,0.1865419596433639,35.0,True Negative
Carpobrotus acinaciformis,Sally-my-handsome,Plantae,0,0,0.10800909447499424,0.0,1,171.0,0.1487300395965576,29.0,True Negative
Glyphonyx,,Insecta,0,0,0.10789362491752537,0.0,1,100.0,0.0705312043428421,30.0,True Negative
Mistharnophantia,,Insecta,0,0,0.10788072813656269,0.0,1,176.0,0.155442789196968,25.0,True Negative
Merocoris,,Insecta,0,0,0.10787723030067435,0.0,1,150.0,0.1488104164600372,27.0,True Negative
Cryptus,,Insecta,0,0,0.10782795090049958,0.0,1,103.0,0.1185575127601623,29.0,True Negative
Gypsophila,,Plantae,0,0,0.10778085546013405,0.0,1,89.0,0.1212467700242996,28.0,True Negative
Juncus balticus mexicanus,Mexican Rush,Plantae,0,0,0.10774678109259914,0.0,7,93.42857142857143,0.1800230869225093,28.428571428571427,True Negative
Nylanderia,,Insecta,0,0,0.10771107264556172,0.0,1,186.0,0.1460431963205337,27.0,True Negative
Stropharia coronilla,Garland Roundhead,Fungi,0,0,0.10759679920818596,0.0,2,135.0,0.1418124139308929,27.5,True Negative
Blastobasidae,Blastobasid Moths,Insecta,0,0,0.1075148460473819,0.0,2,128.0,0.1044697798788547,30.0,True Negative
Eustala anastera,Humpbacked Orbweaver,Arachnida,0,0,0.10743107240877459,0.0,5,107.4,0.12670336514711375,27.6,True Negative
Hazardia squarrosa squarrosa,,Plantae,0,0,0.10736302781667438,0.0,1,105.0,0.1378762423992157,30.0,True Negative
Pholiota velaglutinosa,,Fungi,0,0,0.10724702245716791,0.0,3,118.66666666666667,0.14504839479923246,23.0,True Negative
Lithothamnion,,Plantae,0,0,0.10724496930611195,0.0,1,162.0,0.057120643556118,0.0,True Negative
Aglaothorax morsei,Morse's Shieldback,Insecta,0,0,0.10722287642571572,0.0,3,91.0,0.15378901362419126,27.0,True Negative
Blapstinus,,Insecta,0,0,0.10709046461790078,0.0,1,162.0,0.1514508128166198,0.0,True Negative
Dermacentor,Dog Ticks,Arachnida,0,0,0.10708060821961247,0.0,5,118.8,0.1732733398675918,27.2,True Negative
Githopsis diffusa,San Gabriel bluecup,Plantae,0,0,0.10707502187925,0.0,1,185.0,0.1346518099308014,32.0,True Negative
Heliothodes,,Insecta,0,0,0.10704716193087999,0.0,1,239.0,0.1004398539662361,29.0,True Negative
Hybotidae,Hybotid Dance Flies,Insecta,0,0,0.10704716193087999,0.0,1,239.0,0.1004398539662361,29.0,True Negative
Distichlis,,Plantae,0,0,0.10681524805515437,0.0,3,94.66666666666667,0.12544456372658408,29.666666666666668,True Negative
Marrubium,Horehounds,Plantae,0,0,0.10680624832988021,0.0,1,102.0,0.1525071263313293,31.0,True Negative
Marasmius,Pinwheels and Parachute Mushrooms,Fungi,0,0,0.10669909416779945,0.0,4,176.5,0.1834212616086006,25.0,True Negative
Lasioglossum petrellum,,Insecta,0,0,0.1065824247292666,0.0,6,88.5,0.1686068773269653,24.833333333333332,True Negative
Lepomis cyanellus,Green Sunfish,Actinopterygii,0,0,0.10657907243388617,0.0,19,63.36842105263158,0.1728816773546369,30.57894736842105,True Negative
Limacoidea,,Mollusca,0,0,0.10656016032432884,0.0,4,152.75,0.0911701247096061,29.0,True Negative
Helminthoglyptini,"Shoulderband, Cactus, and Desert Snails",Mollusca,0,0,0.10654863332781318,0.0,1,153.0,0.1263059377670288,28.0,True Negative
Ectomyelois ceratoniae,Locust bean moth,Insecta,0,0,0.10654252049854836,0.0,2,185.0,0.1133350953459739,29.5,True Negative
Agrocybe molesta,Bearded Fieldcap,Fungi,0,0,0.10649340348092168,0.0,3,135.66666666666666,0.15145232280095414,26.333333333333332,True Negative
Corymbia,Bloodgums,Plantae,0,0,0.10649028121377425,0.0,2,165.0,0.061486331513151554,15.0,True Negative
Eriopygini,,Insecta,0,0,0.10647477356676438,0.0,2,124.0,0.11415490880608554,28.0,True Negative
Leucania,,Insecta,0,0,0.10647477356676438,0.0,2,124.0,0.11415490880608554,28.0,True Negative
Oedaleonotus pinctus,,Insecta,0,0,0.10644703722070584,0.0,2,171.0,0.16269032657146448,27.5,True Negative
Parasola auricoma,goldenhaired inkcap,Fungi,0,0,0.10643934870907462,0.0,2,159.5,0.1118165515363216,26.0,True Negative
Pisolithus arenarius,American Dyeball,Fungi,0,0,0.10634161710387903,0.0,1,173.0,0.0863711759448051,30.0,True Negative
Pedilus,,Insecta,0,0,0.10632216753408327,0.0,12,116.16666666666667,0.1679525046298901,28.333333333333332,True Negative
Parabacillus,Short-horn Walkingsticks,Insecta,0,0,0.10627581483029706,0.0,1,237.0,0.1227674037218093,28.0,True Negative
Filistatinella pistrix,,Arachnida,0,0,0.10620457891360198,0.0,1,147.0,0.1288323849439621,30.0,True Negative
Grimmiaceae,Rock Mosses,Plantae,0,0,0.10615536751708693,0.0,1,123.0,0.1571869850158691,29.0,True Negative
Papaveroideae,Poppy Subfamily,Plantae,0,0,0.10615536751708693,0.0,1,123.0,0.1571869850158691,29.0,True Negative
Agaricus xanthodermus,Yellow Stainer,Fungi,0,0,0.10613864732287778,0.0,4,148.25,0.17068544775247568,25.0,True Negative
Branta hutchinsii minima,Small Cackling Goose,Aves,0,0,0.10608198324095548,0.0,2,163.5,0.1373925320804119,30.5,True Negative
Argyrodes,Dewdrop Spiders,Arachnida,0,0,0.10605265156192059,0.0,2,129.0,0.13720095530152315,29.5,True Negative
Cryptoporus volvatus,Veiled Polypore,Fungi,0,0,0.10603046162708332,0.0,1,187.0,0.1497047543525695,27.0,True Negative
Crinocheta,,Animalia,0,0,0.10595796429678282,0.0,2,119.0,0.1048306748270988,29.0,True Negative
Eucalyptus prava,Orange Gum,Plantae,0,0,0.10590449860718061,0.0,1,163.0,0.0805630087852478,0.0,True Negative
Xanthomendoza hasseana,Poplar Sunburst Lichen,Fungi,0,0,0.105850437621438,0.0,1,210.0,0.1520867943763733,22.0,True Negative
Drasteria ochracea,,Insecta,0,0,0.1058300607553708,0.0,1,93.0,0.1403421759605407,27.0,True Negative
Coniopteryx,,Insecta,0,0,0.10579856313079326,0.0,1,76.0,0.1141096055507659,21.0,True Negative
Dichrooscytus,,Insecta,0,0,0.10579856313079326,0.0,1,76.0,0.1141096055507659,21.0,True Negative
Elachiptera,,Insecta,0,0,0.10579856313079326,0.0,1,76.0,0.1141096055507659,21.0,True Negative
Podagrion,,Insecta,0,0,0.10579856313079326,0.0,1,76.0,0.1141096055507659,21.0,True Negative
Proctotrupomorpha,,Insecta,0,0,0.10579856313079326,0.0,1,76.0,0.1141096055507659,21.0,True Negative
Labarrus cincticulus,,Insecta,0,0,0.10579586959783588,0.0,2,195.5,0.1046027466654777,28.5,True Negative
Euxoa auxiliaris,Army Cutworm Moth,Insecta,0,0,0.10578273559383244,0.0,1,97.0,0.1225813776254654,31.0,True Negative
Melitara,Pricklypear Borers,Insecta,0,0,0.10578273559383244,0.0,1,97.0,0.1225813776254654,31.0,True Negative
Potentilla,cinquefoils,Plantae,0,0,0.10572115120906894,0.0,1,162.0,0.0761194378137588,23.0,True Negative
Drassinella gertschi,,Arachnida,0,0,0.1057095071313149,0.0,1,90.0,0.1362054497003555,31.0,True Negative
Macrosiphum euphorbiae,Potato Aphid,Insecta,0,0,0.10568824777618298,0.0,2,167.5,0.17369829863309855,24.0,True Negative
Clypeotettix mexicanus,Mexican Pygmy Grasshopper,Insecta,0,0,0.10560520725996217,0.0,2,65.5,0.1568907164037227,23.0,True Negative
Bombylius diegoensis,,Insecta,0,0,0.10557635844268964,0.0,1,120.0,0.140448197722435,29.0,True Negative
Allocasuarina,sheoaks,Plantae,0,0,0.10557477903127054,0.0,1,162.0,-0.0073850345797836,0.0,True Negative
Bebbia,Sweetbushes,Plantae,0,0,0.10557477903127054,0.0,1,162.0,-0.0073850345797836,0.0,True Negative
Berberis,Barberries,Plantae,0,0,0.10557477903127054,0.0,1,162.0,-0.0069553656503558,0.0,True Negative
Madia elegans,Common Madia,Plantae,0,0,0.10557477903127054,0.0,1,162.0,-0.0073850345797836,0.0,True Negative
Haplorhynchites,,Insecta,0,0,0.10557064417696439,0.0,2,85.5,0.12282650172710416,30.0,True Negative
Amygdaloideae,,Plantae,0,0,0.10555989988279116,0.0,3,178.0,0.17672340571880338,30.0,True Negative
Tadarida brasiliensis,Mexican Free-tailed Bat,Mammalia,0,0,0.10552054250351814,0.0,3,143.66666666666666,0.16641560196876523,21.666666666666668,True Negative
Ruminantia,Ruminants,Mammalia,0,0,0.10550593146343344,0.0,1,170.0,0.1516745388507843,29.0,True Negative
Lycoperdon echinatum,Spiny Puffball,Fungi,0,0,0.10541896853465878,0.0,1,366.0,0.1438172608613968,20.0,True Negative
Erigeron sumatrensis,tropical horseweed,Plantae,0,0,0.10534617413333994,0.0,26,102.03846153846153,0.19561763193744877,24.46153846153846,True Negative
Symmoca signatella,,Insecta,0,0,0.1053219086467043,0.0,2,218.0,0.14011514931917185,30.0,True Negative
Ceratina nanula,Tiny Small carpenter,Insecta,0,0,0.10527330662912071,0.0,1,241.0,0.1154453009366989,28.0,True Negative
Tricholomatineae,,Fungi,0,0,0.10524856169036889,0.0,1,335.0,0.138375237584114,20.0,True Negative
Hesperapis,,Insecta,0,0,0.10524151305573914,0.0,1,298.0,0.1743101626634597,22.0,True Negative
Dryudella,,Insecta,0,0,0.1052052783176448,0.0,1,125.0,0.1538605839014053,28.0,True Negative
Centris rhodopus,Red-legged Oil-Digger,Insecta,0,0,0.10518716443278285,0.0,1,175.0,0.1457981914281845,26.0,True Negative
Stonemyia californica,,Insecta,0,0,0.10518355812810856,0.0,1,164.0,0.1529846340417862,30.0,True Negative
Gaillardia,Blanketflowers,Plantae,0,0,0.1051819114239711,0.0,1,185.0,0.1316326707601547,29.0,True Negative
Aloe,Aloes,Plantae,0,0,0.1049862956863162,0.0,1,162.0,0.1514508128166198,0.0,True Negative
Crassula ovata,jade plant,Plantae,0,0,0.1049862956863162,0.0,1,162.0,0.1514508128166198,0.0,True Negative
Tamarix gallica,French tamarisk,Plantae,0,0,0.1049862956863162,0.0,1,162.0,0.1514508128166198,0.0,True Negative
Emesinae,Thread-legged Bugs,Insecta,0,0,0.1049681700756022,0.0,3,83.33333333333333,0.13293903072675065,24.333333333333332,True Negative
Dolichopodidae,Long-legged Flies,Insecta,0,0,0.10494653098270079,0.0,2,94.0,0.1323433592915535,29.0,True Negative
Ardea alba,Great Egret,Aves,0,0,0.10493964113937286,0.0,149,138.6778523489933,0.12805734105226926,21.684563758389263,True Negative
Burnsius,New World Checkered-Skippers,Insecta,0,0,0.10493755705573721,0.0,1,127.0,0.1512062847614288,28.0,True Negative
Polistes apachus,Apache Paper Wasp,Insecta,0,0,0.10493755705573721,0.0,1,127.0,0.1512062847614288,28.0,True Negative
Amblonoxia palpalis,Dusty June Beetle,Insecta,0,0,0.10490239901904831,0.0,1,105.0,0.0744418650865554,20.0,True Negative
Dinocampus coccinellae,Ladybird Parasitoid Wasp,Insecta,0,0,0.10490239901904831,0.0,1,105.0,0.0744418650865554,20.0,True Negative
Eupelminae,,Insecta,0,0,0.10490239901904831,0.0,1,105.0,0.0744418650865554,20.0,True Negative
Heraclides,New World Giant Swallowtails and Allies,Insecta,0,0,0.10490239901904831,0.0,1,105.0,0.0744418650865554,20.0,True Negative
Melanoplus sanguinipes,Migratory Grasshopper,Insecta,0,0,0.10490239901904831,0.0,1,105.0,0.0744418650865554,20.0,True Negative
Microphthalma disjuncta,,Insecta,0,0,0.10490239901904831,0.0,1,105.0,0.0744418650865554,20.0,True Negative
Monocrepidius,,Insecta,0,0,0.10490239901904831,0.0,1,105.0,0.0744418650865554,20.0,True Negative
Nomenia duodecemlineata,,Insecta,0,0,0.10490239901904831,0.0,1,105.0,0.0744418650865554,20.0,True Negative
Pyrausta californicalis,California Pyrausta Moth,Insecta,0,0,0.10490239901904831,0.0,1,105.0,0.0744418650865554,20.0,True Negative
Leucophaeus pipixcan,Franklin's Gull,Aves,0,0,0.10482169262792246,0.0,1,162.0,0.0252573546022176,26.0,True Negative
Parancistrocerus,,Insecta,0,0,0.10480275289468985,0.0,1,155.0,0.127231478691101,27.0,True Negative
Perithemis,Amberwings,Insecta,0,0,0.10477284209158787,0.0,1,105.0,0.1381619274616241,31.0,True Negative
Thomomyini,Western Pocket Gophers,Mammalia,0,0,0.10474842702624529,0.0,3,99.0,0.14250215391318,22.0,True Negative
Systena,,Insecta,0,0,0.1047413697622206,0.0,2,118.5,0.1032865978777408,28.0,True Negative
Hypnales,Feather Mosses,Plantae,0,0,0.10471116030493144,0.0,1,62.0,0.1528503000736236,22.0,True Negative
Eleodes gracilis,,Insecta,0,0,0.10462320044657357,0.0,11,91.72727272727273,0.18861520358107303,25.545454545454547,True Negative
Malvella leprosa,alkali mallow,Plantae,0,0,0.10455807163537009,0.0,3,94.0,0.14011222620805105,21.666666666666668,True Negative
Ampullarioidea,apple snails,Mollusca,0,0,0.10448401815148449,0.0,3,166.33333333333334,0.1375446592768033,20.333333333333332,True Negative
Abutilon,Indian mallows,Plantae,0,0,0.10448163009702237,0.0,1,174.0,0.1307095140218734,26.0,True Negative
Calosoma affine,,Insecta,0,0,0.10447627736632108,0.0,1,111.0,0.1179632246494293,27.0,True Negative
Ctenoplusia oxygramma,Sharp-stigma Looper Moth,Insecta,0,0,0.10439571590054753,0.0,1,104.0,0.0874311923980712,20.0,True Negative
Pyrausta subsequalis,Mottled Pyrausta Moth,Insecta,0,0,0.10439571590054753,0.0,1,104.0,0.0874311923980712,20.0,True Negative
Opuntia cochenillifera,Cochineal Nopal Cactus,Plantae,0,0,0.10437858945273502,0.0,1,164.0,0.1305762827396392,29.0,True Negative
Eisenia,Wrigglers,Animalia,0,0,0.10435981345019947,0.0,2,152.0,0.11018177121877665,29.0,True Negative
Bibiodes,,Insecta,0,0,0.10434614788597611,0.0,1,229.0,0.132511481642723,26.0,True Negative
Encyrtidae,,Insecta,0,0,0.10434614788597611,0.0,1,229.0,0.132511481642723,26.0,True Negative
Geranium rotundifolium,Roundleaf geranium,Plantae,0,0,0.10433351308694389,0.0,1,87.0,0.1334787160158157,29.0,True Negative
Cotesia lunata,,Insecta,0,0,0.10427327507685272,0.0,1,125.0,0.1108007356524467,28.0,True Negative
Dicyphus,,Insecta,0,0,0.10427327507685272,0.0,1,125.0,0.1108007356524467,28.0,True Negative
Drosophilinae,,Insecta,0,0,0.10427327507685272,0.0,1,125.0,0.1108007356524467,28.0,True Negative
Odontoloxozus,,Insecta,0,0,0.10427327507685272,0.0,1,125.0,0.1108007356524467,28.0,True Negative
Resupinatus,,Fungi,0,0,0.10424985828355178,0.0,2,140.0,0.1474231332540512,22.0,True Negative
Vireo plumbeus,Plumbeous Vireo,Aves,0,0,0.10410912375572741,0.0,2,122.5,0.1286513060331344,29.0,True Negative
Sterninae,True Terns,Aves,0,0,0.10409413368099754,0.0,2,126.5,0.1159898366313427,29.0,True Negative
Brachymeria,,Insecta,0,0,0.10409409561761408,0.0,3,241.66666666666666,0.11124788473049796,29.0,True Negative
Leratiomyces ceres,Chip Cherries,Fungi,0,0,0.10400774478382788,0.0,3,143.33333333333334,0.11624219268560405,21.666666666666668,True Negative
Artemisia dracunculus,Tarragon,Plantae,0,0,0.10400501048562508,0.0,7,84.28571428571429,0.17522281621183664,28.0,True Negative
Filatima,,Insecta,0,0,0.10392135308836895,0.0,2,133.0,0.1363784000277519,28.0,True Negative
Sandalus,,Insecta,0,0,0.10390811398233528,0.0,2,173.5,0.12461451441049576,29.5,True Negative
Okanagana,,Insecta,0,0,0.10389132626411822,0.0,4,99.0,0.10828045755624767,27.25,True Negative
Cylindropuntieae,,Plantae,0,0,0.10382178219214307,0.0,1,111.0,0.1487637013196945,30.0,True Negative
Leucochrysa americana,,Insecta,0,0,0.10375027531087692,0.0,2,133.0,0.16904634982347483,22.5,True Negative
Ostracoda,Ostracods,Animalia,0,0,0.10366038490549281,0.0,3,118.33333333333333,0.13626539707183838,27.666666666666668,True Negative
Gymnosoma,,Insecta,0,0,0.10355030985496429,0.0,1,168.0,0.1286627054214477,24.0,True Negative
Adelphagrotis indeterminata,,Insecta,0,0,0.1034669234578976,0.0,2,92.0,0.1221271194517612,25.0,True Negative
Coreidae,Leaf-footed Bugs,Insecta,0,0,0.10336684284414847,0.0,1,87.0,0.0179954022169113,28.0,True Negative
Oncotylina,,Insecta,0,0,0.10336090820823943,0.0,1,241.0,0.0773648619651794,29.0,True Negative
Cremastocheilus,Anteater Scarabs,Insecta,0,0,0.10329345356226932,0.0,6,92.33333333333333,0.16267201676964757,27.5,True Negative
Anacardioideae,"cashews, sumacs, and allies",Plantae,0,0,0.10327173356585584,0.0,3,140.66666666666666,0.10638191659624378,19.0,True Negative
Stamnodes cassinoi,,Insecta,0,0,0.10326517560000228,0.0,2,89.0,0.14832410588860512,23.5,True Negative
Melozone crissalis senicula,Anthony’s California Towhee,Aves,0,0,0.10325954624152305,0.0,4,104.0,0.14449115656316278,27.75,True Negative
Reticularia lycoperdon,False Puffball,Protozoa,0,0,0.10316662650017948,0.0,6,111.5,0.17060775558153785,28.166666666666668,True Negative
Platynota stultana,Omnivorous Leafroller Moth,Insecta,0,0,0.10312388774154797,0.0,3,143.0,0.11793609956900274,28.333333333333332,True Negative
Calymmaria,,Arachnida,0,0,0.10297800521854755,0.0,2,188.0,0.1635620221495628,25.0,True Negative
Psora decipiens,Blushing Scale,Fungi,0,0,0.10296781214291992,0.0,2,151.5,0.1408546864986419,21.5,True Negative
Eschscholzia californica californica,,Plantae,0,0,0.10296688677627973,0.0,4,90.5,0.16285261139273638,27.5,True Negative
Xyletininae,,Insecta,0,0,0.10283780680218503,0.0,1,174.0,0.159799262881279,25.0,True Negative
Plodia interpunctella,Indian-Meal Moth,Insecta,0,0,0.10279562661406176,0.0,2,186.5,0.10315761342644685,29.5,True Negative
Anagyrus,,Insecta,0,0,0.10275923460166708,0.0,1,100.0,0.0757775232195854,22.0,True Negative
Coelopoeta glutinosi,,Insecta,0,0,0.10265991219700596,0.0,2,177.0,0.1410885602235794,25.0,True Negative
Platypalpus,,Insecta,0,0,0.10265991219700596,0.0,2,177.0,0.1410885602235794,25.0,True Negative
Penstemon spectabilis subviscosus,,Plantae,0,0,0.10262109952594904,0.0,1,149.0,0.1376214325428009,29.0,True Negative
Placidium squamulosum,Jellytot Earthscale Lichen,Fungi,0,0,0.10262079362549006,0.0,1,233.0,0.1217809543013572,26.0,True Negative
Gammarotettix genitalis,,Insecta,0,0,0.102594181855436,0.0,7,101.57142857142857,0.16519026884010857,24.0,True Negative
Passerella iliaca unalaschcensis,Aleutian Sooty Fox Sparrow,Aves,0,0,0.10258097508599127,0.0,1,101.0,0.1091733798384666,31.0,True Negative
Frankliniella occidentalis,Western Flower Thrips,Insecta,0,0,0.10255332831278682,0.0,3,98.0,0.15421363711357114,29.0,True Negative
Phidippus audax,Bold Jumping Spider,Arachnida,0,0,0.1025402065660178,0.0,3,123.66666666666667,0.10083889464537298,26.0,True Negative
Augochlorella,,Insecta,0,0,0.1025319595014169,0.0,1,170.0,0.158685952425003,30.0,True Negative
Pronotacantha annulata,,Insecta,0,0,0.1024853889025992,0.0,1,147.0,0.135402426123619,31.0,True Negative
Trifolium ciliolatum,Tree Clover,Plantae,0,0,0.10240776283740229,0.0,1,165.0,0.1501379609107971,30.0,True Negative
Cerambycidae,Longhorn Beetles,Insecta,0,0,0.10239932816387597,0.0,2,142.0,0.1616204306483268,26.5,True Negative
Aroga paraplutella,,Insecta,0,0,0.10232211973966068,0.0,4,96.75,0.1225614435970783,27.75,True Negative
Mintho,,Insecta,0,0,0.10224001990271428,0.0,1,91.0,0.1429605931043625,30.0,True Negative
Exitianus exitiosus,Gray Lawn Leafhopper,Insecta,0,0,0.1022273219450566,0.0,1,231.0,0.1298458725214004,26.0,True Negative
Oligotoma,,Insecta,0,0,0.10204646848254678,0.0,2,98.0,0.14367587119340897,25.5,True Negative
Polyommatina,,Insecta,0,0,0.10198199478402686,0.0,1,91.0,0.1186746805906295,23.0,True Negative
Canacidae,Beach Flies,Insecta,0,0,0.10183160711503018,0.0,1,162.0,0.0961253643035888,0.0,True Negative
Achradocera,,Insecta,0,0,0.10164433473268134,0.0,1,177.0,0.1304860711097717,25.0,True Negative
Chelonus,,Insecta,0,0,0.10164433473268134,0.0,1,177.0,0.1304860711097717,25.0,True Negative
Cyptocephala antiguensis,Antigua Stink Bug,Insecta,0,0,0.10164433473268134,0.0,1,177.0,0.1304860711097717,25.0,True Negative
Empoascini,,Insecta,0,0,0.10164433473268134,0.0,1,177.0,0.1304860711097717,25.0,True Negative
Polymerus basalis,Red-spotted Aster Mirid,Insecta,0,0,0.10164433473268134,0.0,1,177.0,0.1304860711097717,25.0,True Negative
Thereva fucatoides,,Insecta,0,0,0.10164433473268134,0.0,1,177.0,0.1304860711097717,25.0,True Negative
Trixoscelis punctipennis,,Insecta,0,0,0.10164433473268134,0.0,1,177.0,0.1304860711097717,25.0,True Negative
Porella,,Plantae,0,0,0.10162775727683424,0.0,1,112.0,0.1657346338033676,20.0,True Negative
Geastrum floriforme,Daisy Earthstar,Fungi,0,0,0.10161582746249471,0.0,4,148.75,0.1095353160053491,28.25,True Negative
Scomber japonicus,Pacific Chub Mackerel,Actinopterygii,0,0,0.10159783895215097,0.0,1,166.0,0.1043455451726913,29.0,True Negative
Selenops debilis,,Arachnida,0,0,0.10152541782326277,0.0,1,158.0,0.0880234465003013,29.0,True Negative
Latrodectinae,,Arachnida,0,0,0.10149327954905843,0.0,1,155.0,0.0781175419688224,29.0,True Negative
Leprocaulon,Mealy Lichens,Fungi,0,0,0.10148541101785188,0.0,1,178.0,0.1380857229232788,22.0,True Negative
Trimerotropini,,Insecta,0,0,0.10147080225602273,0.0,1,136.0,0.1479214131832122,30.0,True Negative
Rusavskia,,Fungi,0,0,0.10145195784110823,0.0,2,103.5,0.12794987857341766,25.5,True Negative
Melia azedarach,Chinaberry,Plantae,0,0,0.1014512185269343,0.0,2,109.5,0.09275429695844645,22.0,True Negative
Pipilo maculatus megalonyx,San Diego Spotted Towhee,Aves,0,0,0.10132495380126956,0.0,4,93.75,0.14866771548986432,25.0,True Negative
Habronattus coecatus,,Arachnida,0,0,0.1013181133682608,0.0,1,101.0,0.1185146644711494,31.0,True Negative
Parapholis cylindrica,Barb Grass,Plantae,0,0,0.10125771070027711,0.0,2,177.5,0.1951808333396911,28.0,True Negative
Agrostidinae,,Plantae,0,0,0.10119857794852395,0.0,1,142.0,0.1616612374782562,22.0,True Negative
Cyperus rotundus,Purple nutsedge,Plantae,0,0,0.10107771313189787,0.0,1,154.0,0.1024667099118232,28.0,True Negative
Nannopterum auritum,Double-crested Cormorant,Aves,0,0,0.10101993290522294,0.0,275,140.81454545454545,0.11244036498871121,19.167272727272728,True Negative
Hamataliwa grisea,Bark Lynx Spider,Arachnida,0,0,0.10101666781345559,0.0,6,117.66666666666667,0.1646822442611058,28.333333333333332,True Negative
Gilia capitata,bluehead gilia,Plantae,0,0,0.10100456126321189,0.0,1,219.0,0.1281976848840713,30.0,True Negative
Scytinium lichenoides,Tattered Jellyskin Lichen,Fungi,0,0,0.10099341773655796,0.0,1,114.0,0.147284984588623,30.0,True Negative
Diacrita costalis,,Insecta,0,0,0.10096766881864953,0.0,1,239.0,0.1166731491684913,28.0,True Negative
Diplopoda,Millipedes,Animalia,0,0,0.10093397507322564,0.0,1,107.0,0.1131667345762252,30.0,True Negative
Psamatodes abydata,Dot-lined Angle,Insecta,0,0,0.10071216483930133,0.0,2,92.5,0.148187480866909,20.5,True Negative
Byssomerulius corium,Netted Crust,Fungi,0,0,0.10067809533705376,0.0,3,118.33333333333333,0.1533407717943191,25.333333333333332,True Negative
Geocoridae,Big-eyed Bugs,Insecta,0,0,0.10061924327497748,0.0,1,95.0,0.1443367153406143,19.0,True Negative
Ixodidae,Hardbacked Ticks,Arachnida,0,0,0.10061611885137385,0.0,1,91.0,0.0931557044386863,29.0,True Negative
Thelomma mammosum,Rock Nipple Lichen,Fungi,0,0,0.1005892835952688,0.0,1,224.0,0.1383448541164398,22.0,True Negative
Terebrantia,,Insecta,0,0,0.10053164802582726,0.0,2,146.5,0.1582902073860168,28.5,True Negative
Enicospilus americanus,,Insecta,0,0,0.10045460716492972,0.0,2,219.0,0.1281976848840713,30.0,True Negative
Pelecanus erythrorhynchos,American White Pelican,Aves,0,0,0.10040679316453358,0.0,33,160.75757575757575,0.08530481737883139,14.454545454545455,True Negative
Empis manca,,Insecta,0,0,0.10023370141155918,0.0,1,177.0,0.1181757003068924,25.0,True Negative
Periplaneta,,Insecta,0,0,0.10016879364746734,0.0,1,96.0,0.0498800873756408,28.0,True Negative
Dittrichia,,Plantae,0,0,0.10014000960642264,0.0,2,162.0,0.0577030866406858,13.0,True Negative
Blapstinina,,Insecta,0,0,0.10011692454662785,0.0,1,125.0,0.1457908153533935,30.0,True Negative
Ehrharta erecta,panic veldtgrass,Plantae,0,0,0.10011124265553605,0.0,9,100.22222222222223,0.18879208299848763,27.22222222222222,True Negative
Poa,Meadow-grasses,Plantae,0,0,0.10004746158187267,0.0,1,100.0,0.1283457279205322,23.0,True Negative
Heliothis phloxiphaga,Darker-spotted Straw Moth,Insecta,0,0,0.10004253301711738,0.0,1,186.0,0.1599409431219101,27.0,True Negative
Staphylinidae,Rove Beetles,Insecta,0,0,0.09993761095221716,0.0,2,102.0,0.11608066409826276,28.5,True Negative
Albugo candida,White Rust,Chromista,0,0,0.09981158282750463,0.0,1,77.0,0.138715460896492,22.0,True Negative
Eusarca,,Insecta,0,0,0.09979678956305049,0.0,2,154.0,0.1000042892992496,29.0,True Negative
Thaumatopsis,,Insecta,0,0,0.09979678956305049,0.0,2,154.0,0.1000042892992496,29.0,True Negative
Scarabaeiformia,Scarabaeiform Beetles,Insecta,0,0,0.09977212024274815,0.0,1,162.0,0.13843634724617,0.0,True Negative
Eudioctria,,Insecta,0,0,0.09975162290938352,0.0,3,96.66666666666667,0.15940106411774946,22.333333333333332,True Negative
Lepomis,Common Sunfishes,Actinopterygii,0,0,0.09973121149988468,0.0,5,103.4,0.16314565837383266,17.8,True Negative
Dendroalsia abietina,dendroalsia moss,Plantae,0,0,0.09969572037738286,0.0,1,111.0,0.143929436802864,30.0,True Negative
Hoplisoides hamatus,,Insecta,0,0,0.09949697504449677,0.0,1,97.0,0.1439017802476883,30.0,True Negative
Sceliphrini,Mud-dauber Wasps,Insecta,0,0,0.0994642783575036,0.0,2,129.5,0.16605171561241144,29.5,True Negative
Boisea rubrolineata,Western Boxelder Bug,Insecta,0,0,0.09943389320499871,0.0,53,100.0377358490566,0.1945628000880187,27.132075471698112,True Negative
Merhynchites bicolor,Rose Curculio,Insecta,0,0,0.09942536194050901,0.0,1,109.0,0.1198871657252311,27.0,True Negative
Flavoplaca,,Fungi,0,0,0.09936268561430411,0.0,3,124.66666666666667,0.14374852677186326,18.666666666666668,True Negative
Bryotropha,,Insecta,0,0,0.09933516589866741,0.0,2,173.0,0.1225645244121551,29.0,True Negative
Scopariinae,Moss-eating Crambid Snout Moths,Insecta,0,0,0.09933516589866741,0.0,2,173.0,0.1225645244121551,29.0,True Negative
Bethylidae,Flat wasps,Insecta,0,0,0.09928069479798397,0.0,5,106.2,0.15513537973165506,25.4,True Negative
Cotyledon orbiculata,pig's ear,Plantae,0,0,0.09927115920790643,0.0,3,190.33333333333334,0.18467965225378666,28.333333333333332,True Negative
Asphodeloideae,Aloes and allies,Plantae,0,0,0.09925067139802235,0.0,1,109.0,0.1381490975618362,23.0,True Negative
Brodiaea elegans elegans,,Plantae,0,0,0.09925007030568479,0.0,1,102.0,0.1434470117092132,19.0,True Negative
Chyphotes,,Insecta,0,0,0.09917940645703102,0.0,2,90.5,0.14026475697755808,27.0,True Negative
Trupanea actinobola,,Insecta,0,0,0.09916868477832584,0.0,2,142.5,0.11772209778428075,28.5,True Negative
Lycomorpha,,Insecta,0,0,0.09915933186201417,0.0,1,80.0,0.1432850658893585,22.0,True Negative
Scolops pallidus,,Insecta,0,0,0.09915933186201417,0.0,1,80.0,0.1432850658893585,22.0,True Negative
Coprinus calyptratus,Star-capped Coprinus,Fungi,0,0,0.09910121458326185,0.0,2,75.0,0.1491424292325973,25.5,True Negative
Helicidae,Helix Snails,Mollusca,0,0,0.09897474430807333,0.0,1,93.0,0.1339284181594848,19.0,True Negative
Cuterebra buccata,,Insecta,0,0,0.09896777563056704,0.0,1,170.0,0.1593019217252731,30.0,True Negative
Cuterebra lepivora,,Insecta,0,0,0.09896777563056704,0.0,1,170.0,0.1593019217252731,30.0,True Negative
Pontia,,Insecta,0,0,0.09896777563056704,0.0,1,170.0,0.1593019217252731,30.0,True Negative
Leocarpus fragilis,insect-egg slime,Protozoa,0,0,0.09894035814281037,0.0,2,135.5,0.13453995436429975,25.5,True Negative
Suillellus amygdalinus,Liver Bolete,Fungi,0,0,0.09891091902963865,0.0,16,97.8125,0.18708046618849036,27.4375,True Negative
Cyphomyrmex wheeleri,Wheeler’s Fungus-farming Ant,Insecta,0,0,0.0989092037766566,0.0,3,91.0,0.12803475807110468,26.333333333333332,True Negative
Lampyrinae,typical fireflies,Insecta,0,0,0.09890289425778519,0.0,1,98.0,0.1186289116740226,31.0,True Negative
Odocoileus,White-tailed and Mule Deer,Mammalia,0,0,0.0988911025249796,0.0,1,134.0,0.1077760756015777,30.0,True Negative
Teleonemia,,Insecta,0,0,0.09888525862792309,0.0,1,128.0,0.0677261427044868,29.0,True Negative
Mergus merganser,Common Merganser,Aves,0,0,0.09882418918785486,0.0,1,162.0,0.0691262707114219,30.0,True Negative
Oxyura,Stiff-tailed Ducks,Aves,0,0,0.09882418918785486,0.0,1,162.0,0.0691262707114219,30.0,True Negative
Montagnea,,Fungi,0,0,0.09874457863732482,0.0,1,88.0,0.1303372383117675,27.0,True Negative
Physarales,,Protozoa,0,0,0.09872831638654794,0.0,1,177.0,0.1181757003068924,25.0,True Negative
Banasa euchlora,Juniper Stink Bug,Insecta,0,0,0.09869864764980389,0.0,3,136.33333333333334,0.09281266977389646,29.666666666666668,True Negative
Chloracantha,spiny Chloracanthas,Plantae,0,0,0.09857585788502769,0.0,4,70.75,0.20990790799260137,23.25,True Negative
Ceresini,Buffalo Treehoppers and allies,Insecta,0,0,0.09848885269043833,0.0,1,177.0,0.1297496855258941,25.0,True Negative
Astragalus douglasii,Douglas' milkvetch,Plantae,0,0,0.09845504806632326,0.0,1,176.0,0.1385692805051803,26.0,True Negative
Physalis grisea,Strawberry Groundcherry,Plantae,0,0,0.09845504806632326,0.0,1,176.0,0.1385692805051803,26.0,True Negative
Riparia riparia,Bank Swallow,Aves,0,0,0.098368935718168,0.0,1,93.0,0.1399292945861816,30.0,True Negative
Nyctaginaceae,four o'clock family,Plantae,0,0,0.09835898289789777,0.0,1,77.0,0.1370461285114288,22.0,True Negative
Crassula tillaea,Mossy Stonecrop,Plantae,0,0,0.0983206925065492,0.0,12,98.5,0.1769965750475724,27.5,True Negative
Vaginatae,Amanita sect. Vaginatae,Fungi,0,0,0.09826773336467066,0.0,1,99.0,0.1453028321266174,30.0,True Negative
Erythraeoidea,,Arachnida,0,0,0.09824805865106172,0.0,1,99.0,0.1196378022432327,31.0,True Negative
Tabaninae,Horse Flies,Insecta,0,0,0.09808625643625725,0.0,1,89.0,0.1367185115814209,27.0,True Negative
Aphodiinae,Small Dung Beetles,Insecta,0,0,0.09802389588487101,0.0,2,96.0,0.14550117403268809,25.0,True Negative
Acmaeodera inopinata,,Insecta,0,0,0.09792944066736804,0.0,1,176.0,0.1041971296072006,25.0,True Negative
Leptopteromyia americana,,Insecta,0,0,0.09792944066736804,0.0,1,176.0,0.1041971296072006,25.0,True Negative
Cipangopaludina chinensis,Chinese Mystery Snail,Mollusca,0,0,0.09778687893596515,0.0,14,162.78571428571428,0.0674574324116942,20.5,True Negative
Caenogastropoda,Caenogastropods,Mollusca,0,0,0.09778289081502493,0.0,3,136.33333333333334,0.14139607052008307,15.666666666666666,True Negative
Phalaropus fulicarius,Red Phalarope,Aves,0,0,0.09767805555698847,0.0,3,178.66666666666666,0.11729814857244487,8.666666666666666,True Negative
Nigma,,Arachnida,0,0,0.09754249513579333,0.0,1,103.0,0.1479485034942627,30.0,True Negative
Brachypylina,,Arachnida,0,0,0.09753848933278025,0.0,1,226.0,0.1295675337314605,27.0,True Negative
Chlorochroa sayi,Say's Stink Bug,Insecta,0,0,0.09750379301486346,0.0,1,109.0,0.0943556353449821,32.0,True Negative
Bothriochloa,Bluestems,Plantae,0,0,0.09733507379052103,0.0,2,126.5,0.16690114885568616,27.5,True Negative
Paectes declinata,,Insecta,0,0,0.09731716738592379,0.0,3,153.66666666666666,0.08490252991517377,29.0,True Negative
Paniceae,"bristle, rosette, and barnyard grasses, and allies",Plantae,0,0,0.09727484357140025,0.0,1,97.0,0.1295382380485534,30.0,True Negative
Scyphophorus acupunctatus,Sisal Weevil,Insecta,0,0,0.09715353310326717,0.0,3,107.33333333333333,0.10083856433629984,29.0,True Negative
Alconeura tricolor,,Insecta,0,0,0.09713089465513212,0.0,2,76.0,0.1141096055507659,21.0,True Negative
Rhionaeschna multicolor,Blue-eyed Darner,Insecta,0,0,0.097117153885034,0.0,25,98.08,0.17695736378431318,27.64,True Negative
Collops cribrosus,,Insecta,0,0,0.09696925616031989,0.0,1,98.0,0.1228573620319366,30.0,True Negative
Euphorbia cyathophora,painted leaf,Plantae,0,0,0.09695950547633674,0.0,1,168.0,0.0895737186074256,26.0,True Negative
Camissoniopsis robusta,,Plantae,0,0,0.09691289420569742,0.0,1,234.0,0.1577076762914657,30.0,True Negative
Stemphylium vesicarium,,Fungi,0,0,0.09678287432062707,0.0,1,197.0,0.1557632386684417,22.0,True Negative
Melanagromyza,,Insecta,0,0,0.09678228351794783,0.0,2,138.0,0.16840405017137525,25.0,True Negative
Pluteus cervinus,Deer Mushroom,Fungi,0,0,0.09677601553263282,0.0,3,123.66666666666667,0.12725834548473355,27.333333333333332,True Negative
Digrammia nubiculata,Shaded Granite Moth and Allies,Insecta,0,0,0.09674203451570641,0.0,3,154.33333333333334,0.09270870685577387,29.0,True Negative
Larus,Large White-headed Gulls,Aves,0,0,0.0967192754877411,0.0,12,163.75,0.08125461450011545,21.333333333333332,True Negative
Hylocurus hirtellus,,Insecta,0,0,0.09664174642950234,0.0,1,231.0,0.107590228319168,27.0,True Negative
Ceratonia siliqua,carob tree,Plantae,0,0,0.09658183251365642,0.0,3,147.66666666666666,0.20313720405101768,24.666666666666668,True Negative
Phacelia tanacetifolia,Lacy phacelia,Plantae,0,0,0.0965429782677379,0.0,7,96.0,0.20478731180940352,26.0,True Negative
Setophaga coronata coronata × auduboni,Myrtle × Audubon's Warbler,Aves,0,0,0.09654175816982803,0.0,1,170.0,0.1307085007429123,0.0,True Negative
Culex tarsalis,Western Encephalitis Mosquito,Insecta,0,0,0.09654113718957293,0.0,2,132.5,0.1696480326354503,29.5,True Negative
Prasiola,,Plantae,0,0,0.09647931803630976,0.0,1,89.0,0.1333401799201965,32.0,True Negative
Hirundo rustica erythrogaster,American Barn Swallow,Aves,0,0,0.09644036299594178,0.0,1,162.0,0.0057751140557229,30.0,True Negative
Larus smithsonianus × glaucescens,Cook Inlet Gull,Aves,0,0,0.09644036299594178,0.0,1,162.0,0.0363537743687629,30.0,True Negative
Podiceps nigricollis californicus,American Eared Grebe,Aves,0,0,0.09644036299594178,0.0,1,162.0,0.0351906232535839,30.0,True Negative
Callibaetis pictus,Speckled Dun,Insecta,0,0,0.09642664642175502,0.0,3,152.33333333333334,0.09168751786152514,29.0,True Negative
Neon,,Arachnida,0,0,0.09642663035739617,0.0,3,193.33333333333334,0.1675539811452229,28.0,True Negative
Yucca,Yuccas,Plantae,0,0,0.09642521593377205,0.0,2,130.0,0.06327576725743715,16.0,True Negative
Stenoptilia zophodactylus,Dowdy Plume Moth,Insecta,0,0,0.09638069239275383,0.0,2,168.0,0.18035533279180524,27.5,True Negative
Beauveria bassiana,Icing sugar fungus,Fungi,0,0,0.0963130740290372,0.0,2,210.5,0.1327489241957664,27.5,True Negative
Pheidole cerebrosior,,Insecta,0,0,0.09628875897089366,0.0,1,86.0,0.1294055879116058,28.0,True Negative
Typhoctes striolatus,,Insecta,0,0,0.09628875897089366,0.0,1,86.0,0.1294055879116058,28.0,True Negative
Dryobates pubescens,Downy Woodpecker,Aves,0,0,0.09622757156856802,0.0,101,91.63366336633663,0.18552907209124153,25.653465346534652,True Negative
Scyphophorus,,Insecta,0,0,0.09618785818924414,0.0,1,165.0,0.1071138679981231,30.0,True Negative
Pholcus,Common Cellar Spiders,Arachnida,0,0,0.09611524768212593,0.0,1,172.0,0.1453966796398162,31.0,True Negative
Branta canadensis,Canada Goose,Aves,0,0,0.09609866371451478,0.0,468,164.43162393162393,0.09518459781701624,22.521367521367523,True Negative
Enoplognatha ovata,Candy-striped Spider complex,Arachnida,0,0,0.09601830036280427,0.0,1,90.0,0.1145262345671653,29.0,True Negative
Fulica americana,American Coot,Aves,0,0,0.0960071272675643,0.0,608,134.78618421052633,0.12034800298610397,22.20394736842105,True Negative
Rhamphomyia,,Insecta,0,0,0.09586354050531948,0.0,9,110.77777777777777,0.16734316282802156,23.88888888888889,True Negative
Chrysochus cobaltinus,Cobalt Milkweed Beetle,Insecta,0,0,0.09585973522390333,0.0,1,190.0,0.1040516048669815,28.0,True Negative
Nomophila,,Insecta,0,0,0.09582321571820267,0.0,1,171.0,0.1286870688199997,27.0,True Negative
Rhinophoridae,Woodlouse Flies,Insecta,0,0,0.09582321571820267,0.0,1,171.0,0.1286870688199997,27.0,True Negative
Ceuthophilus,Camel Crickets,Insecta,0,0,0.09570810274711378,0.0,3,106.33333333333333,0.14396815001964566,28.333333333333332,True Negative
Caprifoliaceae,honeysuckle family,Plantae,0,0,0.09568935089091807,0.0,1,210.0,0.1598555594682693,29.0,True Negative
Gymnopus,,Fungi,0,0,0.09563086113149072,0.0,3,152.0,0.16052552064259842,27.0,True Negative
Laennecia coulteri,Coulter's horseweed,Plantae,0,0,0.09562674455787243,0.0,2,145.5,0.17003077268600458,30.0,True Negative
Leiothlypis ruficapilla,Nashville Warbler,Aves,0,0,0.0955892125598068,0.0,27,102.62962962962963,0.18448379647883548,25.555555555555557,True Negative
Physconia,Frosted Lichens,Fungi,0,0,0.0954938391133676,0.0,1,74.0,0.12840037047863,21.0,True Negative
Geometrinae,Emerald Moths,Insecta,0,0,0.09549288858815516,0.0,2,74.5,0.15328256040811536,21.5,True Negative
Cochlorhinina,,Insecta,0,0,0.09548396932299748,0.0,1,178.0,0.1257813423871994,25.0,True Negative
Estheria,,Insecta,0,0,0.09548396932299748,0.0,1,178.0,0.1257813423871994,25.0,True Negative
Schinia,,Insecta,0,0,0.09546412228995224,0.0,1,90.0,0.1293859332799911,27.0,True Negative
Digrammia neptaria,Dark-bordered Granite,Insecta,0,0,0.0953800466820664,0.0,4,125.75,0.20545966923236844,29.0,True Negative
Villa agrippina,,Insecta,0,0,0.09531564153007395,0.0,2,134.0,0.1254166811704635,27.0,True Negative
Polycauliona impolita,,Fungi,0,0,0.095112549063159,0.0,1,157.0,0.1557531654834747,22.0,True Negative
Marasmiaceae,Pinwheel Family,Fungi,0,0,0.0951080945231018,0.0,2,111.0,0.15697063505649564,24.5,True Negative
Trapelia coarctata,,Fungi,0,0,0.09508339964107905,0.0,1,174.0,0.135502740740776,27.0,True Negative
Melopsittacus undulatus domesticus,Domestic Budgerigar,Aves,0,0,0.09492150841306195,0.0,1,103.0,0.1278222352266311,31.0,True Negative
Zygnemataceae,,Plantae,0,0,0.09487194379042166,0.0,2,106.5,0.09053706913255155,15.5,True Negative
Drosophilidae,Vinegar and Fruit Flies,Insecta,0,0,0.09468075962768385,0.0,1,100.0,0.0768375247716903,28.0,True Negative
Pheidole pilifera,Pilifera-group Big-headed Ants,Insecta,0,0,0.09463263687694964,0.0,5,99.8,0.14272946715354914,28.2,True Negative
Anser cygnoides × branta canadensis,Swan × Canada Goose,Aves,0,0,0.09461691818627571,0.0,1,170.0,0.1299671828746795,31.0,True Negative
Bucephala albeola,Bufflehead,Aves,0,0,0.0945952355572752,0.0,117,165.33333333333334,0.07071432103049685,18.11111111111111,True Negative
Allium vineale,wild garlic,Plantae,0,0,0.09459377772774942,0.0,1,168.0,0.1316186189651489,0.0,True Negative
Delphacoidea,,Insecta,0,0,0.09458689684932382,0.0,1,90.0,0.1362054497003555,31.0,True Negative
Arachnospila,,Insecta,0,0,0.09447002098223103,0.0,1,115.0,0.1402771919965744,29.0,True Negative
Camissonia strigulosa,sandysoil suncup,Plantae,0,0,0.09439213370446548,0.0,6,91.5,0.17212925727168715,27.0,True Negative
Setophaga palmarum,Palm Warbler,Aves,0,0,0.09433673288574917,0.0,2,164.5,0.11415320262312885,26.0,True Negative
Phycomyces,,Fungi,0,0,0.09430410287261894,0.0,3,199.0,0.1608642141024271,23.0,True Negative
Chrysobothris beyeri,,Insecta,0,0,0.09411645166708782,0.0,1,95.0,0.186379849910736,19.0,True Negative
Megachile fidelis,,Insecta,0,0,0.09409338696566877,0.0,2,168.0,0.16102766990661616,27.5,True Negative
Isocoma menziesii menziesii,Menzies' Goldenbush,Plantae,0,0,0.09408951681944275,0.0,2,147.5,0.17494684457778925,28.5,True Negative
Mutillidae,Velvet Ants,Insecta,0,0,0.09403898572454576,0.0,1,101.0,0.1211853772401809,29.0,True Negative
Rhinocyllus conicus,Nodding Thistle Receptacle Weevil,Insecta,0,0,0.0940237840831848,0.0,10,102.9,0.17714142799377436,25.0,True Negative
Vidua macroura,Pin-tailed Whydah,Aves,0,0,0.09398772517260445,0.0,5,171.2,0.10775087941437958,22.4,True Negative
Zarhipis integripennis,Western Banded Glowworm,Insecta,0,0,0.09396369715406998,0.0,9,96.44444444444444,0.16642769508891636,27.88888888888889,True Negative
Polygyra cereolus,Southern Flatcoil,Mollusca,0,0,0.09383897079483436,0.0,3,149.66666666666666,0.09520800908406567,29.0,True Negative
Eriocoma,Western Needlegrasses,Plantae,0,0,0.09376163897534727,0.0,1,93.0,0.1293859332799911,27.0,True Negative
Scaphinotus interruptus,Menetries' Snail-eating Beetle,Insecta,0,0,0.09368001820897547,0.0,2,91.5,0.14257203042507166,26.5,True Negative
Lepidium lasiocarpum,Hairypod Pepperweed,Plantae,0,0,0.09366920668327706,0.0,1,101.0,0.1427320390939712,30.0,True Negative
Lanius ludovicianus,Loggerhead Shrike,Aves,0,0,0.0935954590453786,0.0,1,87.0,0.1164439469575882,29.0,True Negative
Charops,,Insecta,0,0,0.09351565342801149,0.0,1,93.0,0.1287524104118347,19.0,True Negative
Ptenothrix,,Animalia,0,0,0.09342970887201002,0.0,1,175.0,0.1534878313541412,25.0,True Negative
Cupressaceae,cypress family,Plantae,0,0,0.09342070063522939,0.0,1,103.0,0.1523009538650512,30.0,True Negative
Cistus creticus creticus,,Plantae,0,0,0.0934202823887829,0.0,1,172.0,0.1508779823780059,25.0,True Negative
Neobernaya spadicea,Chestnut Cowry,Mollusca,0,0,0.09328221381861909,0.0,1,92.0,0.0972314998507499,29.0,True Negative
Genista,Brooms,Plantae,0,0,0.0932127968921956,0.0,1,167.0,0.0797116309404373,26.0,True Negative
Ceroplastes sinensis,Chinese Wax Scale,Insecta,0,0,0.09320737486997277,0.0,1,179.0,0.1148294880986213,25.0,True Negative
Cyclotelini,,Insecta,0,0,0.09320737486997277,0.0,1,179.0,0.1148294880986213,25.0,True Negative
Anthicidae,Ant-like Flower Beetles,Insecta,0,0,0.09313717996211231,0.0,1,91.0,0.1139496117830276,29.0,True Negative
Melampsora,,Fungi,0,0,0.0930292947778445,0.0,7,91.57142857142857,0.16309755189078193,28.285714285714285,True Negative
Harpalus,,Insecta,0,0,0.09297791414645895,0.0,1,172.0,0.0810078084468841,27.0,True Negative
Xantholinini,,Insecta,0,0,0.09297791414645895,0.0,1,172.0,0.0810078084468841,27.0,True Negative
Crocidosema plebejana,Cotton Tipworm Moth,Insecta,0,0,0.09293168440098407,0.0,1,173.0,0.1313343346118927,27.0,True Negative
Metacosmus,,Insecta,0,0,0.09293168440098407,0.0,1,173.0,0.1313343346118927,27.0,True Negative
Torilis,hedge parslies,Plantae,0,0,0.0928600213876916,0.0,5,104.0,0.20447521209716793,26.0,True Negative
Digitaria ischaemum,smooth crabgrass,Plantae,0,0,0.09282712850019946,0.0,1,113.0,0.1055594384670257,27.0,True Negative
Astrotischeria,,Insecta,0,0,0.0928236979850719,0.0,1,173.0,0.1225645244121551,29.0,True Negative
Tallula fieldi,,Insecta,0,0,0.0928236979850719,0.0,1,173.0,0.1225645244121551,29.0,True Negative
Ptychostomum,,Plantae,0,0,0.09281424053452793,0.0,2,124.0,0.1706874817609787,20.0,True Negative
Sphecius grandis,Western Cicada-killer Wasp,Insecta,0,0,0.0926711417282862,0.0,1,110.0,0.0729929506778717,28.0,True Negative
Myrmosula,,Insecta,0,0,0.09266533774003102,0.0,1,178.0,0.1297496855258941,25.0,True Negative
Spergularia marina,Saltmarsh Sand Spurry,Plantae,0,0,0.09260472408419601,0.0,2,170.0,0.0547763330396265,13.5,True Negative
Chloridea,,Insecta,0,0,0.09253098408783163,0.0,2,127.0,0.0645862072706222,29.0,True Negative
Malacothrix,desert dandelions,Plantae,0,0,0.09251163707385393,0.0,1,75.0,0.1368235498666763,21.0,True Negative
Polydesmidea,,Animalia,0,0,0.09250416837664144,0.0,1,156.0,0.1521716862916946,30.0,True Negative
Tetanolita palligera,,Insecta,0,0,0.09246911906689467,0.0,2,156.5,0.08307049423456185,29.0,True Negative
Buteo,Buteos,Aves,0,0,0.0924545842292725,0.0,2,134.0,0.15879168733954424,28.0,True Negative
Dionycha,Dionycha clade spiders,Arachnida,0,0,0.0924243187128799,0.0,2,222.5,0.17465886473655695,24.5,True Negative
Ambrosia artemisiifolia,common ragweed,Plantae,0,0,0.09241519319850272,0.0,2,127.0,0.07667208090424535,14.0,True Negative
Empidonax,Empidonax Flycatchers,Aves,0,0,0.09236285122234843,0.0,4,151.75,0.21795692667365069,27.0,True Negative
Megachile sidalceae,,Insecta,0,0,0.09235884318538813,0.0,1,178.0,0.1151699349284172,27.0,True Negative
Osbornellus scalaris,,Insecta,0,0,0.09235884318538813,0.0,1,178.0,0.1151699349284172,27.0,True Negative
Heterotheca,False Goldenasters,Plantae,0,0,0.0922679952722057,0.0,2,95.0,0.056591760367155054,25.0,True Negative
Trombidiidae,True Velvet Mites,Arachnida,0,0,0.09221203411407079,0.0,2,173.0,0.16374112665653226,23.0,True Negative
Pappostipa speciosa,Desert Needlegrass,Plantae,0,0,0.09218325573097556,0.0,1,92.0,0.1334490925073623,30.0,True Negative
Bolboschoenus glaucus,tuberous bulrush,Plantae,0,0,0.09217676257261007,0.0,3,201.0,0.17311720053354895,29.333333333333332,True Negative
Pomoxis nigromaculatus,Black Crappie,Actinopterygii,0,0,0.09214847655852657,0.0,1,166.0,0.1400971561670303,31.0,True Negative
Harknessia rhoina,,Fungi,0,0,0.09211567450264962,0.0,1,172.0,0.135502740740776,27.0,True Negative
Lonicera japonica,Japanese honeysuckle,Plantae,0,0,0.09204847860846534,0.0,1,117.0,0.1530348509550094,27.0,True Negative
Cardellina canadensis,Canada Warbler,Aves,0,0,0.09204483153961694,0.0,5,169.6,0.2595703274011612,27.8,True Negative
Recurvirostra americana,American Avocet,Aves,0,0,0.09201000547466115,0.0,1,163.0,0.0941620245575904,26.0,True Negative
Megachile prosopidis,,Insecta,0,0,0.09195821158584437,0.0,1,162.0,0.1219239011406898,30.0,True Negative
Bidens,Beggarticks,Plantae,0,0,0.09191587181875636,0.0,1,146.0,0.1528287529945373,30.0,True Negative
Carex divulsa,Grey Sedge,Plantae,0,0,0.09187322496112033,0.0,1,97.0,0.1348713189363479,27.0,True Negative
Conocybe aurea,Golden Conecap,Fungi,0,0,0.09186036655548067,0.0,3,102.66666666666667,0.1535554428895314,28.333333333333332,True Negative
Euphagus carolinus,Rusty Blackbird,Aves,0,0,0.09186034669857214,0.0,9,164.33333333333334,0.0891629249995781,23.555555555555557,True Negative
Polydesmus,,Animalia,0,0,0.09185161713408257,0.0,4,95.0,0.15203944221138954,30.0,True Negative
Leiothlypis virginiae,Virginia's Warbler,Aves,0,0,0.09183090649893909,0.0,2,170.5,0.15818132460117335,31.0,True Negative
Conchylodes octonalis,Eight-barred Lygropia Moth,Insecta,0,0,0.0918265379867271,0.0,9,107.11111111111111,0.16404738649725906,26.77777777777778,True Negative
Corvus corax sinuatus,Southwestern Common Raven,Aves,0,0,0.09179849091914968,0.0,1,93.0,0.1480408757925033,21.0,True Negative
Polydesmidae,,Animalia,0,0,0.09168911209934501,0.0,1,97.0,0.1225813776254654,31.0,True Negative
Acmaeodera vernalis,,Insecta,0,0,0.09168825588369267,0.0,1,176.0,0.1235500574111938,25.0,True Negative
Hoplosphyrum,,Insecta,0,0,0.09158688992596253,0.0,1,110.0,0.1249032393097877,26.0,True Negative
Ploiaria denticauda,,Insecta,0,0,0.09158688992596253,0.0,1,110.0,0.1249032393097877,26.0,True Negative
Hirundinidae,Swallows and Martins,Aves,0,0,0.09157889029087397,0.0,5,111.8,0.1544995098374784,23.2,True Negative
Nepticulidae,Pygmy Eye-capped Moths,Insecta,0,0,0.09153805486610696,0.0,1,172.0,0.1188884451985359,25.0,True Negative
Limacinae,,Mollusca,0,0,0.09151934072228889,0.0,1,151.0,0.0984725058078765,29.0,True Negative
Ficus carica,common fig,Plantae,0,0,0.09144983883388956,0.0,8,94.875,0.1961221788078546,25.75,True Negative
Pluteus,Shields,Fungi,0,0,0.09135754793534749,0.0,3,107.33333333333333,0.1497865517934163,21.666666666666668,True Negative
Xerophloea,,Insecta,0,0,0.09106939702173689,0.0,2,106.5,0.1402894183993339,24.0,True Negative
Picidae,Woodpeckers,Aves,0,0,0.09102867694300465,0.0,1,80.0,0.1205651983618736,20.0,True Negative
Peniophoraceae,,Fungi,0,0,0.0909972471107654,0.0,1,92.0,0.0972314998507499,29.0,True Negative
Bipalium kewense,Shovel-headed Garden Worm,Animalia,0,0,0.09099387739116768,0.0,4,126.5,0.17700949311256406,27.5,True Negative
Hebeloma crustuliniforme,Poison Pie,Fungi,0,0,0.0909446130372412,0.0,6,88.33333333333333,0.16450050845742223,25.833333333333332,True Negative
Polites sabuleti,Sandhill Skipper,Insecta,0,0,0.09089987215022624,0.0,2,155.0,0.17009003460407252,26.5,True Negative
Phanias,,Arachnida,0,0,0.09089401876500647,0.0,1,154.0,0.0965237617492675,25.0,True Negative
Allacrotelsa,,Insecta,0,0,0.09086229329146701,0.0,2,218.5,0.18691756576299662,20.5,True Negative
Amaranthus fimbriatus,Fringed Amaranth,Plantae,0,0,0.09084576794524883,0.0,2,177.5,0.16166076064109797,25.5,True Negative
Nicrophorus,Burying Beetles,Insecta,0,0,0.09083922811090363,0.0,1,92.0,0.1208950951695442,26.0,True Negative
Neodiplocampta,,Insecta,0,0,0.09079548338021888,0.0,5,106.0,0.15667192041873929,25.4,True Negative
Cardueae,,Plantae,0,0,0.09074556592797421,0.0,2,93.0,0.12974818050861353,27.5,True Negative
Paspalum distichum,knot grass,Plantae,0,0,0.09062103226092143,0.0,4,54.75,0.23049640655517573,28.25,True Negative
Xylocopa tabaniformis orpifex,Foothill Carpenter Bee,Insecta,0,0,0.09047738972687579,0.0,3,150.0,0.1833086013793945,23.333333333333332,True Negative
Chaoborus punctipennis,,Insecta,0,0,0.09043170856077355,0.0,1,105.0,0.1255841255187988,31.0,True Negative
Nemapogon,,Insecta,0,0,0.09043170856077355,0.0,1,105.0,0.1255841255187988,31.0,True Negative
Ipochus fasciatus,Hairy Borer,Insecta,0,0,0.0903847425689504,0.0,3,202.0,0.17105448246002194,24.666666666666668,True Negative
Ambrosiinae,"Cockleburs, Ragweeds, and Wild Quinines",Plantae,0,0,0.0903726870082325,0.0,2,91.0,0.14054019749164576,27.0,True Negative
Aporus luxus,,Insecta,0,0,0.09035328711659382,0.0,2,88.0,0.1429491192102432,20.0,True Negative
Plagiobothrys arizonicus,Arizona popcornflower,Plantae,0,0,0.09030513634852301,0.0,1,228.0,0.130332350730896,27.0,True Negative
Orothrips,,Insecta,0,0,0.090288088614702,0.0,1,226.0,0.1274826973676681,28.0,True Negative
Schoenoplectus pungens longispicatus,common three-square bulrush,Plantae,0,0,0.09024488426539556,0.0,10,82.6,0.21423768848180766,26.8,True Negative
Plantago virginica,dwarf plantain,Plantae,0,0,0.09018939535518906,0.0,1,92.0,0.1466252356767654,26.0,True Negative
Rosoideae,"brambles, roses, strawberries, and allies",Plantae,0,0,0.09018939535518906,0.0,1,92.0,0.1466252356767654,26.0,True Negative
Ardea alba egretta,American Great Egret,Aves,0,0,0.09016126693491833,0.0,2,164.5,0.11215985938906664,26.0,True Negative
Setophaga occidentalis,Hermit Warbler,Aves,0,0,0.0900879244929585,0.0,9,119.66666666666667,0.201932484904925,26.0,True Negative
Eremocoris,,Insecta,0,0,0.08993422106063925,0.0,1,206.0,0.2046878337860107,29.0,True Negative
Ptinus,,Insecta,0,0,0.08992690938588639,0.0,3,93.33333333333333,0.1406321177879969,29.333333333333332,True Negative
Erythrostemon mexicanus,Mexican holdback,Plantae,0,0,0.08987677515296456,0.0,2,104.0,0.09476322308182715,25.5,True Negative
Oryzaephilus surinamensis,Sawtoothed Grain Beetle,Insecta,0,0,0.08981821041711907,0.0,1,203.0,0.1529774218797683,27.0,True Negative
Ozognathus cornutus,,Insecta,0,0,0.08980190439789719,0.0,2,87.5,0.1506544426083564,25.5,True Negative
Tinea occidentella,Western Clothes Moth,Insecta,0,0,0.08979203148418279,0.0,2,153.0,0.08829502388834945,29.0,True Negative
Toxonprucha volucris,Bird Toxonprucha,Insecta,0,0,0.08979203148418279,0.0,2,153.0,0.08829502388834945,29.0,True Negative
Zootermopsis,,Insecta,0,0,0.08979203148418279,0.0,2,153.0,0.08829502388834945,29.0,True Negative
Deirochelyinae,Deirochelyine Turtles,Reptilia,0,0,0.08978594125251892,0.0,5,133.2,0.10485406843945382,20.8,True Negative
Haploembia solieri,,Insecta,0,0,0.0897672252766922,0.0,1,173.0,0.1362051367759704,25.0,True Negative
Metapogon,,Insecta,0,0,0.0897128002569716,0.0,1,231.0,0.1603974103927612,28.0,True Negative
Sterna forsteri,Forster's Tern,Aves,0,0,0.08968864018619968,0.0,29,163.13793103448276,0.07747034916999461,11.448275862068966,True Negative
Asphondylia atriplicis,Tumor Stem Gall Midge,Insecta,0,0,0.08968823188314277,0.0,1,236.0,0.0910983458161354,29.0,True Negative
Clubionidae,Sac Spiders,Arachnida,0,0,0.08967184531607884,0.0,1,125.0,0.0958430394530296,28.0,True Negative
Lasiosphaeria,,Fungi,0,0,0.08966357674474627,0.0,2,156.0,0.142123281955719,22.0,True Negative
Xylaria,,Fungi,0,0,0.08966357674474627,0.0,2,156.0,0.142123281955719,22.0,True Negative
Zenophleps,Zenophleps,Insecta,0,0,0.08961193862636678,0.0,1,90.0,0.1534540355205536,28.0,True Negative
Zenaida asiatica,White-winged Dove,Aves,0,0,0.08958411056851764,0.0,2,90.5,0.12285561114549635,19.0,True Negative
Egretta,Small Egrets and Herons,Aves,0,0,0.08954394479081391,0.0,1,162.0,0.1368082016706466,26.0,True Negative
Plegadis,Plegadis Ibises,Aves,0,0,0.08954394479081391,0.0,1,162.0,0.1368082016706466,26.0,True Negative
Melampsora epitea,,Fungi,0,0,0.08946158268324723,0.0,6,111.83333333333333,0.18027419100205097,26.0,True Negative
Xylocopa californica,Western Carpenter Bee,Insecta,0,0,0.08933408918696199,0.0,1,112.0,0.1648977100849151,30.0,True Negative
Candelariella aurella,Hidden Goldspeck Lichen,Fungi,0,0,0.08930647391885169,0.0,4,109.75,0.12724614888429636,28.25,True Negative
Tamalia cruzensis,,Insecta,0,0,0.08923081416710424,0.0,3,190.0,0.1714544196923573,27.0,True Negative
Milichiinae,,Insecta,0,0,0.08911435860212662,0.0,1,93.0,0.1293859332799911,27.0,True Negative
Neogale frenata latirostra,San Diego Long-tailed Weasel,Mammalia,0,0,0.0891007143825627,0.0,1,93.0,0.1553624272346496,19.0,True Negative
Coccidae,Soft scales,Insecta,0,0,0.08904159532989517,0.0,2,136.0,0.16072492301464075,31.0,True Negative
Atricholeon,,Insecta,0,0,0.08903842734938724,0.0,1,151.0,0.0984725058078765,29.0,True Negative
Cobubatha dividua,,Insecta,0,0,0.08903842734938724,0.0,1,151.0,0.0984725058078765,29.0,True Negative
Dolocucullia poolei,,Insecta,0,0,0.08903842734938724,0.0,1,151.0,0.0984725058078765,29.0,True Negative
Eucrossus villicornis,,Insecta,0,0,0.08903842734938724,0.0,1,151.0,0.0984725058078765,29.0,True Negative
Oegoconia novimundi,Four-spotted Yellowneck Moth,Insecta,0,0,0.08903842734938724,0.0,1,151.0,0.0984725058078765,29.0,True Negative
Oidaematophorini,,Insecta,0,0,0.08903842734938724,0.0,1,151.0,0.0984725058078765,29.0,True Negative
Pyrausta pseudonythesalis,,Insecta,0,0,0.08903842734938724,0.0,1,151.0,0.0984725058078765,29.0,True Negative
Tineola bisselliella,Webbing Clothes Moth,Insecta,0,0,0.08903842734938724,0.0,1,151.0,0.0984725058078765,29.0,True Negative
Barce,,Insecta,0,0,0.08902435166668608,0.0,5,107.2,0.1384892791509628,29.6,True Negative
Aythya affinis,Lesser Scaup,Aves,0,0,0.08900676023148205,0.0,239,164.11297071129707,0.06904522537070648,17.552301255230127,True Negative
Erysiphe trifoliorum,Clover Powdery Mildew,Fungi,0,0,0.08896026552524226,0.0,1,185.0,0.1386002749204635,30.0,True Negative
Saropogon,,Insecta,0,0,0.08895060086518307,0.0,1,130.0,0.1685036867856979,22.0,True Negative
Arthonia brucei,,Fungi,0,0,0.08891053050586957,0.0,1,166.0,0.1360733062028885,22.0,True Negative
Buellia dispersa,,Fungi,0,0,0.08891053050586957,0.0,1,167.0,0.1354051232337951,22.0,True Negative
Rubus,brambles,Plantae,0,0,0.08890196065930912,0.0,37,89.08108108108108,0.20162016515796247,26.18918918918919,True Negative
Marsupella bolanderi,,Plantae,0,0,0.0888876174963442,0.0,1,108.0,0.1255857348442077,23.0,True Negative
Plasmopara viticola,Grape Downy Mildew,Chromista,0,0,0.08888008033871046,0.0,1,75.0,0.1368235498666763,21.0,True Negative
Xylella fastidiosa,,,0,0,0.08888008033871046,0.0,1,75.0,0.1368235498666763,21.0,True Negative
Carex barbarae,Santa Barbara sedge,Plantae,0,0,0.08885483877131847,0.0,1,188.0,0.1623683273792266,22.0,True Negative
Branta hutchinsii,Cackling Goose,Aves,0,0,0.08881255422367931,0.0,67,164.55223880597015,0.09483618066739984,23.19402985074627,True Negative
Psychodidae,Moth Flies and Sand Flies,Insecta,0,0,0.08866406449263294,0.0,1,170.0,0.1564705818891525,31.0,True Negative
Diabrotica balteata,Banded Cucumber Beetle,Insecta,0,0,0.08864456301504457,0.0,1,127.0,0.0645862072706222,29.0,True Negative
Lepisma saccharinum,Common Silverfish,Insecta,0,0,0.08864456301504457,0.0,1,127.0,0.0505870915949344,29.0,True Negative
Rhopalinae,,Insecta,0,0,0.08864456301504457,0.0,1,127.0,0.0645862072706222,29.0,True Negative
Sphingidae,Sphinx Moths,Insecta,0,0,0.08864456301504457,0.0,1,127.0,0.0505870915949344,29.0,True Negative
Delphinium patens,Zigzag Larkspur,Plantae,0,0,0.08862022475112587,0.0,2,110.0,0.1382320821285247,27.0,True Negative
Oestrophasia calva,,Insecta,0,0,0.0885613698819989,0.0,1,104.0,0.1097871139645576,32.0,True Negative
Dioctria,,Insecta,0,0,0.0885585379455726,0.0,2,141.0,0.16664931923151016,29.5,True Negative
Manduca,,Insecta,0,0,0.08855559058044862,0.0,3,111.0,0.12194151679674776,28.333333333333332,True Negative
Pristoceuthophilus pacificus,,Insecta,0,0,0.0884859255330249,0.0,1,101.0,0.141946867108345,26.0,True Negative
Tetranychidae,Spider Mites,Arachnida,0,0,0.08846304764553542,0.0,2,108.0,0.11505055055022234,28.0,True Negative
Stamnodes,,Insecta,0,0,0.08843835454867585,0.0,1,92.0,0.1645623296499252,22.0,True Negative
Saldula,,Insecta,0,0,0.08840434243807851,0.0,1,94.0,0.1230213269591331,26.0,True Negative
Anaxyrus,North American Toads,Amphibia,0,0,0.08832634652248374,0.0,1,108.0,0.124725341796875,27.0,True Negative
Dexiinae,,Insecta,0,0,0.08828301620103164,0.0,2,133.0,0.16300842165946955,30.0,True Negative
Xylocopa,Large Carpenter Bees,Insecta,0,0,0.08828054745457714,0.0,3,181.33333333333334,0.17558023581902182,28.0,True Negative
Dipalta serpentina,,Insecta,0,0,0.08823591677228554,0.0,2,137.0,0.16587300598621363,27.0,True Negative
Monopis,,Insecta,0,0,0.0882267147873313,0.0,4,100.0,0.10701947286725041,29.75,True Negative
Hennediella stanfordensis,Stanford Screw-moss,Plantae,0,0,0.08821720416185365,0.0,1,181.0,0.1607992500066757,22.0,True Negative
Gerroidea,Water Striders and Ripple Bugs,Insecta,0,0,0.08819579731575486,0.0,1,113.0,0.110817939043045,29.0,True Negative
Marah fabacea,California manroot,Plantae,0,0,0.08815558980546664,0.0,1,86.0,0.1351588815450668,28.0,True Negative
Alconeura,,Insecta,0,0,0.08814520601595638,0.0,1,90.0,0.1191607192158699,23.0,True Negative
Phaeophyceae,brown algae,Chromista,0,0,0.08807716370945635,0.0,2,131.5,0.025251758983358748,15.0,True Negative
Papavereae,,Plantae,0,0,0.08795455907922349,0.0,1,94.0,0.1316694319248199,23.0,True Negative
Cheloninae,,Insecta,0,0,0.08793507744081756,0.0,1,238.0,0.1160382330417633,29.0,True Negative
Tuxedo,,Insecta,0,0,0.08793507744081756,0.0,1,238.0,0.1160382330417633,29.0,True Negative
Cerastipsocus,,Insecta,0,0,0.08793106527921465,0.0,1,157.0,0.0755240693688392,27.0,True Negative
Haltichellinae,,Insecta,0,0,0.08786142768302649,0.0,2,88.0,0.12474461272358889,28.0,True Negative
Flavoplaca citrina,Mealy Firedot Lichen,Fungi,0,0,0.08783954952345509,0.0,2,173.0,0.1074646040797233,26.0,True Negative
Dicranum,Forkmosses,Plantae,0,0,0.08781519978607748,0.0,1,93.0,0.1533644795417785,26.0,True Negative
Polytrichum,haircap mosses,Plantae,0,0,0.08781519978607748,0.0,1,93.0,0.1533644795417785,26.0,True Negative
Exitianus,,Insecta,0,0,0.08753953953291665,0.0,1,171.0,0.1616729944944381,27.0,True Negative
Oligochaeta,Earthworms and Allies,Animalia,0,0,0.08743892311241322,0.0,3,96.0,0.14634993672370908,29.0,True Negative
Closterotomus,,Insecta,0,0,0.08742427762224551,0.0,3,168.0,0.17771787941455833,26.333333333333332,True Negative
Quercus agrifolia agrifolia,California Live Oak,Plantae,0,0,0.08734147712162844,0.0,23,93.08695652173913,0.19234969952832093,25.91304347826087,True Negative
Condylostylus caudatus,,Insecta,0,0,0.08732095378419065,0.0,1,90.0,0.1498220711946487,27.0,True Negative
Eutreta noveboracensis,,Insecta,0,0,0.08732095378419065,0.0,1,90.0,0.1498220711946487,27.0,True Negative
Lineostriastiria olivalis,,Insecta,0,0,0.08732095378419065,0.0,1,90.0,0.1498220711946487,27.0,True Negative
Ogcodes,,Insecta,0,0,0.08732095378419065,0.0,1,90.0,0.1498220711946487,27.0,True Negative
Acrobasis,,Insecta,0,0,0.08730486124474375,0.0,1,103.0,0.1018479615449905,31.0,True Negative
Aspila,,Insecta,0,0,0.08730486124474375,0.0,1,103.0,0.1018479615449905,31.0,True Negative
Banasa,,Insecta,0,0,0.08730486124474375,0.0,1,103.0,0.1018479615449905,31.0,True Negative
Battaristis,,Insecta,0,0,0.08730486124474375,0.0,1,103.0,0.1018479615449905,31.0,True Negative
Chaoboridae,Phantom Midges,Insecta,0,0,0.08730486124474375,0.0,1,103.0,0.1018479615449905,31.0,True Negative
Coniatus splendidulus,Splendid Tamarisk Weevil,Insecta,0,0,0.08730486124474375,0.0,1,103.0,0.1018479615449905,31.0,True Negative
Cydia,,Insecta,0,0,0.08730486124474375,0.0,1,103.0,0.1018479615449905,31.0,True Negative
Eriosomatinae,Woolly Aphids and Gall-making Aphids,Insecta,0,0,0.08730486124474375,0.0,1,103.0,0.1018479615449905,31.0,True Negative
Givira marga,,Insecta,0,0,0.08730486124474375,0.0,1,103.0,0.1018479615449905,31.0,True Negative
Notiobia purpurascens,,Insecta,0,0,0.08730486124474375,0.0,1,103.0,0.1018479615449905,31.0,True Negative
Phycitodes,,Insecta,0,0,0.08730486124474375,0.0,1,103.0,0.1018479615449905,31.0,True Negative
Temnothorax,Acorn Ants and Allies,Insecta,0,0,0.08730486124474375,0.0,1,103.0,0.1018479615449905,31.0,True Negative
Toripalpus,,Insecta,0,0,0.08730486124474375,0.0,1,103.0,0.1018479615449905,31.0,True Negative
Belytinae,,Insecta,0,0,0.08728563051403268,0.0,1,102.0,0.1345873475074768,30.0,True Negative
Scleropodium occidentale,,Plantae,0,0,0.0872823139181591,0.0,1,124.0,0.1706874817609787,20.0,True Negative
Agabus disintegratus,Disintegrated Diving Beetle,Insecta,0,0,0.08717742115717225,0.0,1,195.0,0.1611807346343994,29.0,True Negative
Anthomyia obscuripennis,,Insecta,0,0,0.08709957598190611,0.0,1,177.0,0.1410885602235794,25.0,True Negative
Arenigena,,Insecta,0,0,0.08709957598190611,0.0,1,177.0,0.1410885602235794,25.0,True Negative
Brooksetta,,Insecta,0,0,0.08709957598190611,0.0,1,177.0,0.1410885602235794,25.0,True Negative
Calinda,,Insecta,0,0,0.08709957598190611,0.0,1,177.0,0.1410885602235794,25.0,True Negative
Chrysopilus tomentosus,,Insecta,0,0,0.08709957598190611,0.0,1,177.0,0.1410885602235794,25.0,True Negative
Corythucha marmorata,Chrysanthemum Lace Bug,Insecta,0,0,0.08709957598190611,0.0,1,177.0,0.1410885602235794,25.0,True Negative
Lampropagasa,,Insecta,0,0,0.08709957598190611,0.0,1,177.0,0.1410885602235794,25.0,True Negative
Mycomya,,Insecta,0,0,0.08709957598190611,0.0,1,177.0,0.1410885602235794,25.0,True Negative
Orgeriinae,,Insecta,0,0,0.08709957598190611,0.0,1,177.0,0.1410885602235794,25.0,True Negative
Rhagioninae,,Insecta,0,0,0.08709957598190611,0.0,1,177.0,0.1410885602235794,25.0,True Negative
Menemerus bivittatus,Gray Wall Jumping Spider,Arachnida,0,0,0.08707302183217652,0.0,3,162.0,0.11784697075684859,10.666666666666666,True Negative
Boletales,boletes and allies,Fungi,0,0,0.08699366510767,0.0,3,100.66666666666667,0.15386010209719336,28.333333333333332,True Negative
Gastridium,,Plantae,0,0,0.08694290965866672,0.0,1,90.0,0.1498220711946487,27.0,True Negative
Chlosyne gabbii gabbii,,Insecta,0,0,0.08683434901903822,0.0,1,179.0,0.1120741516351699,27.0,True Negative
Schinia scarletina,,Insecta,0,0,0.08683434901903822,0.0,1,179.0,0.1120741516351699,27.0,True Negative
Geococcyx,Roadrunners,Aves,0,0,0.08682493482513787,0.0,1,97.0,0.1439017802476883,30.0,True Negative
Duponchelia fovealis,European Pepper Moth,Insecta,0,0,0.08681860643939975,0.0,2,117.5,0.1033173613250255,27.0,True Negative
Gryllus veletis,Spring Field Cricket,Insecta,0,0,0.08681447031833471,0.0,2,114.0,0.13910386711359018,28.0,True Negative
Entolomataceae,,Fungi,0,0,0.08677550417884929,0.0,1,277.0,0.1643477976322174,23.0,True Negative
Sminthuridae,,Animalia,0,0,0.08671462180589785,0.0,2,144.0,0.1045925617218017,28.5,True Negative
Icaricia lupini,Lupine Blue,Insecta,0,0,0.08664854456280012,0.0,5,92.6,0.16278356015682216,28.4,True Negative
Blaptinae,,Insecta,0,0,0.08658221252517612,0.0,1,108.0,0.124725341796875,27.0,True Negative
Culex erythrothorax,Tule Mosquito,Insecta,0,0,0.08656953174069255,0.0,2,93.0,0.14437459036707875,26.5,True Negative
Gelechia,,Insecta,0,0,0.08656188552499938,0.0,2,155.0,0.0781175419688224,29.0,True Negative
Cyanus,"knapweeds, bluets, loggerheads, and allies",Plantae,0,0,0.08654090028392822,0.0,1,101.0,0.133921131491661,26.0,True Negative
Aspila prunivora,Lesser Appleworm Moth,Insecta,0,0,0.08652378041709993,0.0,1,87.0,0.1275365054607391,29.0,True Negative
Boreocanthon simplex,,Insecta,0,0,0.08643365867791747,0.0,2,93.5,0.1537246778607368,28.0,True Negative
Phenacoccus peruvianus,Bougainvillea mealybug,Insecta,0,0,0.08640665460729899,0.0,1,93.0,0.1188731491565704,26.0,True Negative
Trichostema parishii,Parish's bluecurls,Plantae,0,0,0.08637393339939461,0.0,1,108.0,0.1569220274686813,30.0,True Negative
Centrochelys sulcata,African Spurred Tortoise,Reptilia,0,0,0.08624881273295347,0.0,1,96.0,0.1318445950746536,28.0,True Negative
Rumex pulcher,fiddle dock,Plantae,0,0,0.08623507950944773,0.0,3,90.0,0.15476418534914652,28.666666666666668,True Negative
Levipedes,Gymnopus sect. Levipedes,Fungi,0,0,0.0861949804926498,0.0,1,179.0,0.1548217087984085,22.0,True Negative
Tibicinoides utahensis,,Insecta,0,0,0.08617404564968738,0.0,3,92.33333333333333,0.1548441275954246,29.666666666666668,True Negative
Eusandalinae,,Insecta,0,0,0.0861677564478823,0.0,1,167.0,0.1603034883737564,27.0,True Negative
Dufourea mulleri,Phacelia Shortface,Insecta,0,0,0.08611438870920836,0.0,2,90.5,0.14990324154496185,22.0,True Negative
Theba pisana pisana,,Mollusca,0,0,0.08604886880417943,0.0,1,102.0,0.1412190645933151,31.0,True Negative
Phenacoccus,,Insecta,0,0,0.08599910674308058,0.0,1,90.0,0.1476977616548538,26.0,True Negative
Herpyllus propinquus,Western Parson Spider,Arachnida,0,0,0.08597057810742705,0.0,4,92.5,0.15295507013797754,26.75,True Negative
Acrolophus occidens,,Insecta,0,0,0.08596257728726385,0.0,1,155.0,0.0781175419688224,29.0,True Negative
Agalliopsis,,Insecta,0,0,0.08596257728726385,0.0,1,155.0,0.0781175419688224,29.0,True Negative
Alpheias,,Insecta,0,0,0.08596257728726385,0.0,1,155.0,0.0781175419688224,29.0,True Negative
Apsilocephala longistyla,,Insecta,0,0,0.08596257728726385,0.0,1,155.0,0.0781175419688224,29.0,True Negative
Brachynemurus,,Insecta,0,0,0.08596257728726385,0.0,1,155.0,0.0781175419688224,29.0,True Negative
Centrodera spurca,Yellow Douglas-fir Borer,Insecta,0,0,0.08596257728726385,0.0,1,155.0,0.0781175419688224,29.0,True Negative
Crambidia,,Insecta,0,0,0.08596257728726385,0.0,1,155.0,0.0781175419688224,29.0,True Negative
Deraeocoris,,Insecta,0,0,0.08596257728726385,0.0,1,155.0,0.0781175419688224,29.0,True Negative
Drosophila repleta,,Insecta,0,0,0.08596257728726385,0.0,1,155.0,0.0781175419688224,29.0,True Negative
Euacidalia,,Insecta,0,0,0.08596257728726385,0.0,1,155.0,0.0781175419688224,29.0,True Negative
Eulachnus,Pine Needle Aphids,Insecta,0,0,0.08596257728726385,0.0,1,155.0,0.0781175419688224,29.0,True Negative
Fergusonix januaris,,Insecta,0,0,0.08596257728726385,0.0,1,155.0,0.0781175419688224,29.0,True Negative
Hemerobiinae,,Insecta,0,0,0.08596257728726385,0.0,1,155.0,0.0781175419688224,29.0,True Negative
Idaea gemmata,,Insecta,0,0,0.08596257728726385,0.0,1,155.0,0.0781175419688224,29.0,True Negative
Niditinea fuscella,European House Moth,Insecta,0,0,0.08596257728726385,0.0,1,155.0,0.0781175419688224,29.0,True Negative
Paraproba,,Insecta,0,0,0.08596257728726385,0.0,1,155.0,0.0781175419688224,29.0,True Negative
Reesa vespulae,Undertaker Carpet Beetle,Insecta,0,0,0.08596257728726385,0.0,1,155.0,0.0781175419688224,29.0,True Negative
Spangbergiella,,Insecta,0,0,0.08596257728726385,0.0,1,155.0,0.0781175419688224,29.0,True Negative
Synthesiomyia nudiseta,,Insecta,0,0,0.08596257728726385,0.0,1,155.0,0.0781175419688224,29.0,True Negative
Syrphinae,Typical Hover Flies,Insecta,0,0,0.08596257728726385,0.0,1,155.0,0.0781175419688224,29.0,True Negative
Tinea apicimaculella,Dark-collared Tinea Moth,Insecta,0,0,0.08596257728726385,0.0,1,155.0,0.0781175419688224,29.0,True Negative
Zygentoma,Silverfishes,Insecta,0,0,0.08596257728726385,0.0,1,155.0,0.0781175419688224,29.0,True Negative
Omalus,,Insecta,0,0,0.0858561391704477,0.0,1,101.0,0.1091733798384666,31.0,True Negative
Diplazon laetatorius,Common Hover Fly Parasitoid Wasp,Insecta,0,0,0.08577693469076791,0.0,4,90.5,0.16667851246893403,26.5,True Negative
Ludwigia,Primrose-willows,Plantae,0,0,0.08558445689711176,0.0,65,86.16923076923077,0.200797888636589,27.246153846153845,True Negative
Pseudomethoca anthracina,,Insecta,0,0,0.08550619480856285,0.0,1,91.0,0.1468788087368011,27.0,True Negative
Scytodinae,,Arachnida,0,0,0.08539763133410587,0.0,1,102.0,0.1412190645933151,31.0,True Negative
Agabini,,Insecta,0,0,0.08539375846998212,0.0,1,227.0,0.1847689896821975,23.0,True Negative
Mesogona olivata,,Insecta,0,0,0.08537806932792848,0.0,1,120.0,0.1517537981271743,30.0,True Negative
Tibellus oblongus,Oblong Running Spider,Arachnida,0,0,0.08532158603465254,0.0,1,127.0,0.0505870915949344,29.0,True Negative
Microdonia,,Insecta,0,0,0.08520747407386085,0.0,2,95.5,0.14545638859272,29.0,True Negative
Papilionoidea,Butterflies,Insecta,0,0,0.08520148457017448,0.0,2,155.0,0.1763130016624927,23.5,True Negative
Aechmophorus clarkii,Clark's Grebe,Aves,0,0,0.08515079771642353,0.0,59,162.79661016949152,0.06544483717140283,7.627118644067797,True Negative
Eisenia fetida,Redworm,Animalia,0,0,0.08514976813237421,0.0,2,151.0,0.0984725058078765,29.0,True Negative
Tubaria,Twiglets,Fungi,0,0,0.08514826011083333,0.0,2,125.0,0.160610020160675,24.5,True Negative
Entiminae,Broad-nosed Weevils,Insecta,0,0,0.08514475973224545,0.0,4,89.25,0.16316138580441472,27.75,True Negative
Centranthus,Valerian,Plantae,0,0,0.08502407889503431,0.0,1,163.0,0.1688855141401291,28.0,True Negative
Melanoides,,Mollusca,0,0,0.08500876361830999,0.0,3,167.33333333333334,0.05691212710614003,21.0,True Negative
Anicla infecta,Green Cutworm Moth,Insecta,0,0,0.0849698242415016,0.0,2,219.0,0.1281976848840713,30.0,True Negative
Pterotaea,,Insecta,0,0,0.0849698242415016,0.0,2,219.0,0.1281976848840713,30.0,True Negative
Aerophilus,,Insecta,0,0,0.08494811428675218,0.0,1,123.0,0.1571869850158691,29.0,True Negative
Morsea,,Insecta,0,0,0.08494811428675218,0.0,1,123.0,0.1571869850158691,29.0,True Negative
Pepsis pallidolimbata,,Insecta,0,0,0.08494811428675218,0.0,1,123.0,0.1571869850158691,29.0,True Negative
Amara aenea,Common Sun Beetle,Insecta,0,0,0.08486471766522208,0.0,1,164.0,0.1650139689445495,30.0,True Negative
Polioptila,Gnatcatchers,Aves,0,0,0.08483844690064225,0.0,7,149.85714285714286,0.09539551168148007,19.285714285714285,True Negative
Dorymyrmex,Pyramid Ants,Insecta,0,0,0.08480012822340807,0.0,2,95.0,0.09776792302727695,27.5,True Negative
Eristalinus aeneus,Common Lagoon Fly,Insecta,0,0,0.08477755573570618,0.0,2,99.5,0.13152227923274035,31.0,True Negative
Belonuchus,,Insecta,0,0,0.08475350791649876,0.0,1,230.0,0.1458135545253753,30.0,True Negative
Thiarinae,,Mollusca,0,0,0.08467711987566857,0.0,1,163.0,0.0979983508586883,30.0,True Negative
Aphis coreopsidis,Tupelo-blackjack Aphid,Insecta,0,0,0.08463383325428916,0.0,1,163.0,0.1643843203783035,32.0,True Negative
Sitophilus,Grain Weevils,Insecta,0,0,0.08462372162547288,0.0,1,241.0,0.0945790484547615,29.0,True Negative
Panicoideae,"Panicums, Bluestems, Paspalums, and Allies",Plantae,0,0,0.08459181018487838,0.0,1,99.0,0.131913810968399,21.0,True Negative
Nicocles,,Insecta,0,0,0.08456155805429878,0.0,1,173.0,0.1154248043894767,27.0,True Negative
Paralimnina,,Insecta,0,0,0.08456155805429878,0.0,1,173.0,0.1154248043894767,27.0,True Negative
Limacoidei,,Mollusca,0,0,0.08455824740775444,0.0,1,154.0,0.0921355783939361,29.0,True Negative
Pierini,,Insecta,0,0,0.08450495040684809,0.0,1,93.0,0.1276850402355194,29.0,True Negative
Aphidius,,Insecta,0,0,0.08443846674589442,0.0,3,99.0,0.12410830458005263,26.333333333333332,True Negative
Protoparmeliopsis sierrae,,Fungi,0,0,0.08438842942475994,0.0,1,78.0,0.1361586451530456,21.0,True Negative
Mareca strepera,Gadwall,Aves,0,0,0.08432470572906178,0.0,316,130.64240506329114,0.11977073486513623,21.901898734177216,True Negative
Aphrophora quadrinotata,Four-spotted Spittlebug,Insecta,0,0,0.0843014920958136,0.0,1,109.0,0.1109459474682807,21.0,True Negative
Eurytomidae,,Insecta,0,0,0.0843014920958136,0.0,1,109.0,0.1109459474682807,21.0,True Negative
Platycleidini,,Insecta,0,0,0.0843014920958136,0.0,1,109.0,0.1109459474682807,21.0,True Negative
Condylostylus,,Insecta,0,0,0.08428154918434377,0.0,1,116.0,0.0881772488355636,28.0,True Negative
Stenolophini,,Insecta,0,0,0.08427596119406243,0.0,1,83.0,0.1311376541852951,27.0,True Negative
Stenolophus comma,Comma Harp Ground Beetle,Insecta,0,0,0.08427596119406243,0.0,1,83.0,0.1311376541852951,27.0,True Negative
Taphrina populi-salicis,,Fungi,0,0,0.08421580774407059,0.0,11,91.36363636363636,0.17956589704210105,26.454545454545453,True Negative
Alchemilla,Lady's-mantles,Plantae,0,0,0.08415925799387115,0.0,1,89.0,0.1356222480535507,27.0,True Negative
Stegea salutalis,,Insecta,0,0,0.08408268995219294,0.0,2,98.0,0.11556845903396604,28.5,True Negative
Cerithioidea,Cerith Snails and Allies,Mollusca,0,0,0.08405162256453214,0.0,1,163.0,0.0924455672502517,26.0,True Negative
Clepsis,,Insecta,0,0,0.08397227850848651,0.0,2,104.0,0.08814491331577295,25.5,True Negative
Hylidae,Hyline Tree Frogs,Amphibia,0,0,0.0839683318166818,0.0,1,88.0,0.1477938592433929,26.0,True Negative
Trichopsocus clarus,,Insecta,0,0,0.08396540594289932,0.0,1,91.0,0.153342604637146,19.0,True Negative
Imbribryum torenii,,Plantae,0,0,0.08391557304661393,0.0,1,122.0,0.1707926839590072,20.0,True Negative
Lepidium latifolium,broadleaved pepperweed,Plantae,0,0,0.08391177132852931,0.0,14,103.07142857142857,0.20722268441958083,27.714285714285715,True Negative
Nuttallia nuttallii,Purple Clam,Mollusca,0,0,0.08390322254782481,0.0,1,95.0,0.1408100724220276,19.0,True Negative
Tulostoma brumale,Winter Stalk-puffball,Fungi,0,0,0.08380379555050838,0.0,1,77.0,0.1202431470155716,22.0,True Negative
Caradrina,,Insecta,0,0,0.083803620255685,0.0,1,89.0,0.1356222480535507,27.0,True Negative
Burnettweldia washingtonensis,,Insecta,0,0,0.08379198721461412,0.0,3,174.66666666666666,0.16291216512521103,28.0,True Negative
Neuroptera,"Antlions, Lacewings, and Allies",Insecta,0,0,0.08377925926671494,0.0,2,97.0,0.1400977149605751,28.5,True Negative
Pterostichini,Woodland Ground Beetles,Insecta,0,0,0.08371327080743725,0.0,3,88.66666666666667,0.162501186132431,23.666666666666668,True Negative
Chrysobothris femorata,,Insecta,0,0,0.08356441094098238,0.0,2,79.0,0.16521953418850896,24.0,True Negative
Aeolothripidae,Banded Thrips,Insecta,0,0,0.08349657559963171,0.0,1,84.0,0.133511945605278,30.0,True Negative
Draeculacephala,,Insecta,0,0,0.08349657559963171,0.0,1,84.0,0.133511945605278,30.0,True Negative
Spatula clypeata,Northern Shoveler,Aves,0,0,0.08348823649747124,0.0,66,141.92424242424244,0.10747800809181308,19.515151515151516,True Negative
Cucurbita,gourds,Plantae,0,0,0.08346875856481195,0.0,2,92.5,0.1248299181461334,26.0,True Negative
Helicosmia,,Insecta,0,0,0.08340442154621577,0.0,1,85.0,0.1533278226852417,31.0,True Negative
Macaria varadaria,Southern Angle and Allies,Insecta,0,0,0.08340442154621577,0.0,1,85.0,0.1533278226852417,31.0,True Negative
Quiscalus mexicanus,Great-tailed Grackle,Aves,0,0,0.08340320372114766,0.0,454,162.2202643171806,0.10047843779450319,20.848017621145374,True Negative
Passerella iliaca stephensi,Stephen’s Thick-billed Fox Sparrow,Aves,0,0,0.0833363399679895,0.0,1,173.0,0.1313343346118927,27.0,True Negative
Haploembia,,Insecta,0,0,0.0833072857747522,0.0,1,88.0,0.1548332571983337,31.0,True Negative
Psathyrella longipes,Tall Psathyrella,Fungi,0,0,0.08315013518186921,0.0,2,110.0,0.10177469998598095,25.0,True Negative
Ludwigia peploides,floating primrose-willow,Plantae,0,0,0.08310866064169523,0.0,73,88.6986301369863,0.19662998938193055,27.356164383561644,True Negative
Fringillidae,"Finches, Euphonias, and Allies",Aves,0,0,0.08306028823774421,0.0,1,162.0,-0.006403874605894,30.0,True Negative
Progne subis,Purple Martin,Aves,0,0,0.08306028823774421,0.0,1,162.0,0.0106879444792866,30.0,True Negative
Caradrinini,,Insecta,0,0,0.08305989559835636,0.0,1,128.0,0.0866860300302505,29.0,True Negative
Argiope aurantia,Yellow Garden Spider,Arachnida,0,0,0.08304559687831914,0.0,14,108.07142857142857,0.18987968723688803,26.214285714285715,True Negative
Parabuteo unicinctus,Harris's Hawk,Aves,0,0,0.08304558716020542,0.0,1,115.0,0.0945236682891845,28.0,True Negative
Ponometia fasciatella,Speckled Bird-dropping Moth,Insecta,0,0,0.08303379982853908,0.0,1,173.0,0.1129868105053901,27.0,True Negative
Siphanta acuta,Torpedo Bug,Insecta,0,0,0.08301367588167055,0.0,2,202.0,0.1730534210801124,27.0,True Negative
Euura proxima,Willow Redgall Sawfly,Insecta,0,0,0.08295416645587382,0.0,1,88.0,0.1360983997583389,27.0,True Negative
Hexorthodes nipana,Hexorthodes nipana,Insecta,0,0,0.08295416645587382,0.0,1,88.0,0.1360983997583389,27.0,True Negative
Paratiphia robusta,,Insecta,0,0,0.08295416645587382,0.0,1,88.0,0.1360983997583389,27.0,True Negative
Acer negundo,box elder,Plantae,0,0,0.0829519768019639,0.0,100,90.46,0.22238844282925124,25.73,True Negative
Panoquina errans,Wandering Skipper,Insecta,0,0,0.08291942109470662,0.0,1,92.0,0.1299641728401184,30.0,True Negative
Acanthoscelides,,Insecta,0,0,0.08288101509931317,0.0,1,107.0,0.1301247477531433,27.0,True Negative
Embola powelli,,Insecta,0,0,0.08288101509931317,0.0,1,107.0,0.1301247477531433,27.0,True Negative
Trichobaris mucorea,Tobacco Stalk Borer,Insecta,0,0,0.08286197010915304,0.0,5,139.2,0.17761852741241452,25.2,True Negative
Anser anser domesticus,Domestic Greylag Goose,Aves,0,0,0.08276183241277862,0.0,4,162.75,0.10620345051574985,22.0,True Negative
Harpactorini,,Insecta,0,0,0.08274179390327487,0.0,2,108.5,0.09316548146307466,27.5,True Negative
Microtus californicus,California Vole,Mammalia,0,0,0.08265141477797107,0.0,2,90.0,0.0947182402014732,23.5,True Negative
Battarrea phalloides,Sandy Stilt-puffball,Fungi,0,0,0.08264077645146213,0.0,2,167.5,0.13362273573875427,27.0,True Negative
Rhagidiidae,,Arachnida,0,0,0.08263007143838719,0.0,2,76.5,0.15566485375165934,31.0,True Negative
Leucoinocybe,,Fungi,0,0,0.08259611644053598,0.0,1,175.0,0.151428684592247,27.0,True Negative
Anuroctonus pococki pococki,,Arachnida,0,0,0.0825550639872306,0.0,7,95.57142857142857,0.15673727009977606,27.714285714285715,True Negative
Alydidae,Broad-headed Bugs,Insecta,0,0,0.08242310859491542,0.0,3,137.0,0.19934548437595365,23.0,True Negative
Epirrhoe plebeculata,Orange-winged Carpet,Insecta,0,0,0.08237732037206197,0.0,1,96.0,0.1254234910011291,26.0,True Negative
Ponometia acutus,,Insecta,0,0,0.0823351348945465,0.0,3,99.66666666666667,0.12937312076489127,25.0,True Negative
Dendrobaena veneta,Compost Worm,Animalia,0,0,0.08221196866611717,0.0,1,218.0,0.1281976848840713,30.0,True Negative
Lepomis macrochirus purpurascens,Coppernose Bluegill,Actinopterygii,0,0,0.08220543085537524,0.0,3,163.33333333333334,0.017166744762410736,19.333333333333332,True Negative
Crotalus,Rattlesnakes,Reptilia,0,0,0.08219018112734416,0.0,1,95.0,0.1906200051307678,19.0,True Negative
Ectopsocus californicus,,Insecta,0,0,0.08208505039025696,0.0,1,217.0,0.1520326137542724,30.0,True Negative
Amphigerontia,,Insecta,0,0,0.08206446984737872,0.0,1,125.0,0.0958430394530296,28.0,True Negative
Blapstinus fortis,,Insecta,0,0,0.08206446984737872,0.0,1,125.0,0.0958430394530296,28.0,True Negative
Chironomus group,Chironomus Group,Insecta,0,0,0.08206446984737872,0.0,1,125.0,0.0958430394530296,28.0,True Negative
Pseudolimnophila,,Insecta,0,0,0.08206446984737872,0.0,1,125.0,0.0958430394530296,28.0,True Negative
Collinsia,Blue-eyed Marys,Plantae,0,0,0.08203128714401073,0.0,1,134.0,0.1606177538633346,30.0,True Negative
Anthonomini,,Insecta,0,0,0.08198653949680067,0.0,2,134.5,0.17799937725067136,22.5,True Negative
Grammica,Cuscuta subgen. Grammica,Plantae,0,0,0.08195115486672688,0.0,2,85.0,0.12960817292332644,25.5,True Negative
Keckiella antirrhinoides,chaparral beardtongue,Plantae,0,0,0.08190030243263627,0.0,3,234.33333333333334,0.18469207485516861,25.333333333333332,True Negative
Xylodon paradoxus,split porecrust,Fungi,0,0,0.08187824451571493,0.0,2,173.0,0.1395107582211494,26.0,True Negative
Podiceps auritus,Horned Grebe,Aves,0,0,0.08182009275791037,0.0,14,163.35714285714286,0.09291382957183354,13.928571428571429,True Negative
Phytocoris roseus,,Insecta,0,0,0.0816489220265803,0.0,1,101.0,0.130313366651535,26.0,True Negative
Trypoxylon,,Insecta,0,0,0.08156747336422322,0.0,3,150.66666666666666,0.17898242175579068,27.333333333333332,True Negative
Chrysopa coloradensis,,Insecta,0,0,0.08155822167270767,0.0,2,229.0,0.19168967008590695,25.0,True Negative
Oxychilidae,Glass Snails,Mollusca,0,0,0.08153973047487457,0.0,1,91.0,0.132829412817955,28.0,True Negative
Homalothecium,homalothecium mosses,Plantae,0,0,0.08151121936359022,0.0,3,104.66666666666667,0.16026533643404636,22.666666666666668,True Negative
Pleuroflammula,,Fungi,0,0,0.08143702863633233,0.0,1,156.0,0.142123281955719,22.0,True Negative
Tubeufiales,,Fungi,0,0,0.08143702863633233,0.0,1,156.0,0.142123281955719,22.0,True Negative
Chlorophyllum brunneum,Shaggy Parasol,Fungi,0,0,0.08138237609895474,0.0,2,89.0,0.1424084194004535,29.0,True Negative
Dorymyrmex bicolor,Bicolored Pyramid Ant,Insecta,0,0,0.08132205813503934,0.0,3,206.66666666666666,0.18092186748981468,22.666666666666668,True Negative
Mythimna,,Insecta,0,0,0.08128855658126229,0.0,2,96.5,0.14163072407245636,28.0,True Negative
Hoplitis fulgida platyura,Pacific Green Small-Mason,Insecta,0,0,0.08122134445648624,0.0,2,108.0,0.13261630386114115,30.0,True Negative
Campylorhynchus brunneicapillus,Cactus Wren,Aves,0,0,0.08117738087729771,0.0,2,189.5,0.1703015901148319,30.5,True Negative
Lipocosma albinibasalis,,Insecta,0,0,0.0810400580497224,0.0,3,97.0,0.12995124359925583,29.333333333333332,True Negative
Cortinarius ohlone,,Fungi,0,0,0.0810015541658679,0.0,1,185.0,0.1588848829269409,28.0,True Negative
Tachytrechus,,Insecta,0,0,0.08097706691243652,0.0,2,158.5,0.17791323363780975,30.0,True Negative
Chione californiensis,California Venus,Mollusca,0,0,0.08097535321455021,0.0,1,89.0,0.1356222480535507,27.0,True Negative
Venerida,,Mollusca,0,0,0.08097535321455021,0.0,1,89.0,0.1356222480535507,27.0,True Negative
Aspicilia phaea,,Fungi,0,0,0.08097439967325439,0.0,1,74.0,0.1344970017671585,21.0,True Negative
Conocybe tenera,common conecap,Fungi,0,0,0.08086006672085863,0.0,2,105.0,0.13910520076751703,22.0,True Negative
Mucor,,Fungi,0,0,0.08079159749596947,0.0,1,89.0,0.1356222480535507,27.0,True Negative
Platphalonidia magdalenae,,Insecta,0,0,0.08074786693540056,0.0,1,173.0,0.1098092943429946,27.0,True Negative
Acrocercops,,Insecta,0,0,0.08074675013793631,0.0,1,56.0,0.1820220053195953,24.0,True Negative
Malachiina,,Insecta,0,0,0.08064097854665246,0.0,2,131.5,0.18886121362447733,24.5,True Negative
Marasmius oreades,fairy ring marasmius,Fungi,0,0,0.08056849691272953,0.0,3,90.33333333333333,0.13365706801414487,26.333333333333332,True Negative
Astenus,,Insecta,0,0,0.08049824627712711,0.0,1,228.0,0.130332350730896,27.0,True Negative
Physocephala,,Insecta,0,0,0.08049824627712711,0.0,1,228.0,0.130332350730896,27.0,True Negative
Orthotylus flavosparsus,,Insecta,0,0,0.08041116986993399,0.0,1,226.0,0.1557614803314209,27.0,True Negative
Ebo,,Arachnida,0,0,0.08040131686623221,0.0,1,173.0,0.1122217029333114,27.0,True Negative
Melampsora occidentalis,,Fungi,0,0,0.08021321069605687,0.0,2,74.5,0.13833262026309961,28.5,True Negative
Phasiinae,,Insecta,0,0,0.08012425122217132,0.0,2,125.0,0.16539810597896576,26.0,True Negative
Callitriche stagnalis,Pond water-starwort,Plantae,0,0,0.08011096580493371,0.0,2,126.0,0.16677222400903696,28.5,True Negative
Xylotrechus nauticus,,Insecta,0,0,0.08008969848241769,0.0,3,140.66666666666666,0.17430271208286277,26.0,True Negative
Clistopyga,,Insecta,0,0,0.0800809357546106,0.0,1,218.0,0.1281976848840713,30.0,True Negative
Listroderes costirostris,Vegetable Weevil,Insecta,0,0,0.0800809357546106,0.0,1,218.0,0.1281976848840713,30.0,True Negative
Myrmeleon exitialis,,Insecta,0,0,0.0800809357546106,0.0,1,218.0,0.1281976848840713,30.0,True Negative
Oxyethira,,Insecta,0,0,0.0800809357546106,0.0,1,218.0,0.1281976848840713,30.0,True Negative
Pyralis farinalis,Meal moth,Insecta,0,0,0.0800809357546106,0.0,1,218.0,0.1281976848840713,30.0,True Negative
Coenosia attenuata,,Insecta,0,0,0.08004416222660717,0.0,1,206.0,0.1605563461780548,29.0,True Negative
Hedera helix,common ivy,Plantae,0,0,0.08000974134645772,0.0,2,126.5,0.1977737620472908,25.0,True Negative
Euptilon,,Insecta,0,0,0.07990439772454506,0.0,1,231.0,0.1329569965600967,30.0,True Negative
Chaitophorus eoessigi,,Insecta,0,0,0.07984833641679039,0.0,3,135.66666666666666,0.17248702049255368,22.333333333333332,True Negative
Jungermanniopsida,leafy and simple thalloid liverworts,Plantae,0,0,0.07982182461636599,0.0,1,112.0,0.1878454387187957,20.0,True Negative
Nannopterum brasilianum,Neotropic Cormorant,Aves,0,0,0.07980864470812768,0.0,25,164.08,0.0710173625219613,14.88,True Negative
Evaniidae,Ensign Wasps,Insecta,0,0,0.07980606649510262,0.0,1,100.0,0.0933101326227188,32.0,True Negative
Cryptoglossa spiculifera,,Insecta,0,0,0.0796862917368236,0.0,1,111.0,0.143929436802864,30.0,True Negative
Athene cunicularia,Burrowing Owl,Aves,0,0,0.0796847934367284,0.0,1,101.0,0.0578885525465011,30.0,True Negative
Furcula cinereoides,,Insecta,0,0,0.0796577448177298,0.0,1,99.0,0.0976143851876258,32.0,True Negative
Rhopalomyia salviae,,Insecta,0,0,0.0796577448177298,0.0,1,99.0,0.0976143851876258,32.0,True Negative
Larus occidentalis,Western Gull,Aves,0,0,0.07953141643781553,0.0,155,164.43225806451613,0.07019425014845063,19.496774193548386,True Negative
Galerina semilanceata,,Fungi,0,0,0.07953036365967146,0.0,1,88.0,0.1360983997583389,27.0,True Negative
Mollisia,,Fungi,0,0,0.07953036365967146,0.0,1,88.0,0.1360983997583389,27.0,True Negative
Myomorpha,"Mice, Rats, and Hamsters",Mammalia,0,0,0.07949386501387065,0.0,2,88.5,0.12273692712187759,27.5,True Negative
Metaltella,,Arachnida,0,0,0.07933875247923595,0.0,1,170.0,0.0992378145456314,30.0,True Negative
Hypogastrura,,Animalia,0,0,0.07923477888158083,0.0,1,89.0,0.1356222480535507,27.0,True Negative
Synchlora,,Insecta,0,0,0.0792284616145042,0.0,1,93.0,0.1261843144893646,30.0,True Negative
Heterotrichia obvelata,Yellow Carnival Candy Slime,Protozoa,0,0,0.0791757613200035,0.0,2,90.0,0.11172075942158695,28.0,True Negative
Batoidea,Rays,Animalia,0,0,0.07915157333564268,0.0,1,162.0,-0.0073850345797836,0.0,True Negative
Ophiuroidea,Brittle Stars,Animalia,0,0,0.07915157333564268,0.0,1,162.0,-0.0073850345797836,0.0,True Negative
Hydrophilus triangularis,Giant Water Scavenger Beetle,Insecta,0,0,0.07912702632899352,0.0,2,103.0,0.1304635219275951,26.5,True Negative
Lemnoideae,duckweeds,Plantae,0,0,0.07912108579605544,0.0,4,86.75,0.19524664804339403,28.25,True Negative
Pheucticus ludovicianus,Rose-breasted Grosbeak,Aves,0,0,0.07905115287957326,0.0,3,166.66666666666666,0.12427137155706686,18.333333333333332,True Negative
Elsinoe ampelina,Grape Anthracnose,Fungi,0,0,0.07898274834216301,0.0,1,75.0,0.1368235498666763,21.0,True Negative
Systena californica,,Insecta,0,0,0.07889612639588377,0.0,6,85.83333333333333,0.1606289682288964,26.833333333333332,True Negative
Gymnopilus palmicola,,Fungi,0,0,0.07887107230503758,0.0,1,173.0,0.1197229772806167,30.0,True Negative
Mycena epipterygia,Yellowleg Bonnet,Fungi,0,0,0.07881853443226032,0.0,1,107.0,0.1277234256267547,31.0,True Negative
Bellardina,,Insecta,0,0,0.07881266799526655,0.0,2,131.0,0.18300427496433253,26.0,True Negative
Dicyphini,,Insecta,0,0,0.07879515950329488,0.0,3,91.66666666666667,0.1323359906673431,26.666666666666668,True Negative
Passerella iliaca megarhyncha,Northern Thick-billed Fox Sparrow,Aves,0,0,0.07874395150530149,0.0,1,110.0,0.1382320821285247,27.0,True Negative
Scoliciosporum,,Fungi,0,0,0.07867498630379956,0.0,1,181.0,0.1246287897229194,26.0,True Negative
Acacia pycnantha,Golden Wattle,Plantae,0,0,0.07852901151533268,0.0,1,108.0,0.1954358518123626,29.0,True Negative
Ganoderma brownii,Artist's Conk,Fungi,0,0,0.07844511785728986,0.0,1,173.0,0.1254490613937378,28.0,True Negative
Dendroctonus valens,Red Turpentine Beetle,Insecta,0,0,0.07839316272504544,0.0,2,158.0,0.0880234465003013,29.0,True Negative
Limnodromus,Dowitchers,Aves,0,0,0.07838543972024557,0.0,1,162.0,0.0860006809234619,26.0,True Negative
Chamaemyiidae,Aphid Flies,Insecta,0,0,0.07820688788718407,0.0,2,127.0,0.17923391610383985,28.0,True Negative
Callitriche marginata,Winged Water-starwort,Plantae,0,0,0.07814612283406593,0.0,1,149.0,0.1619485914707183,29.0,True Negative
Cerastes,,Plantae,0,0,0.07810826422617032,0.0,1,99.0,0.1570739299058914,31.0,True Negative
Aphidiinae,Aphid Mummy Wasps,Insecta,0,0,0.07807891099786884,0.0,1,152.0,0.1818716078996658,22.0,True Negative
Listrini,,Insecta,0,0,0.07806673336040265,0.0,2,138.0,0.16892403364181513,28.0,True Negative
Carassius auratus,Goldfish,Actinopterygii,0,0,0.07800423849556998,0.0,1,162.0,-0.004392372444272,0.0,True Negative
Ictalurus punctatus,Channel Catfish,Actinopterygii,0,0,0.07800423849556998,0.0,1,162.0,-0.0073850345797836,0.0,True Negative
Cirrospilini,,Insecta,0,0,0.07790497974525128,0.0,1,226.0,0.1295675337314605,27.0,True Negative
Lonicera subspicata johnstonii,,Plantae,0,0,0.07788102087083579,0.0,1,167.0,0.1603034883737564,27.0,True Negative
Diplachne fusca,sprangletop,Plantae,0,0,0.0777768968519213,0.0,2,181.0,0.2370776534080505,28.0,True Negative
Pterophoridae,Plume Moths,Insecta,0,0,0.07776070346428171,0.0,5,110.0,0.16453631222248072,27.0,True Negative
Hogna,,Arachnida,0,0,0.0776420356838915,0.0,1,95.0,0.1222575306892395,30.0,True Negative
Pulvinaria,,Insecta,0,0,0.0775747906254157,0.0,1,89.0,0.1239872500300407,26.0,True Negative
Phlox,phloxes,Plantae,0,0,0.07755868157200502,0.0,1,171.0,0.1662819236516952,30.0,True Negative
Cryptomitrium,,Plantae,0,0,0.07742338955457176,0.0,1,126.0,0.1631869971752166,30.0,True Negative
Pontederia crassipes,common water hyacinth,Plantae,0,0,0.07742338955457176,0.0,1,126.0,0.1631869971752166,30.0,True Negative
Collybiopsis quercophila,Oak-leaf Pinwheel,Fungi,0,0,0.07741946184386163,0.0,1,177.0,0.1181757003068924,25.0,True Negative
Macropsis,,Insecta,0,0,0.07740617115309355,0.0,1,92.0,0.147844597697258,23.0,True Negative
Platycheirus trichopus,Western Forest Sedgesitter,Insecta,0,0,0.07740617115309355,0.0,1,92.0,0.147844597697258,23.0,True Negative
Senticaudata,,Animalia,0,0,0.07739413427446913,0.0,2,162.0,-0.0073850345797836,0.0,True Negative
Lachesilla,,Insecta,0,0,0.07724585447241038,0.0,1,173.0,0.1122217029333114,27.0,True Negative
Phycitodes mucidella,White-edged Phycitodes Moth,Insecta,0,0,0.07724585447241038,0.0,1,173.0,0.1122217029333114,27.0,True Negative
Tarentola mauritanica,Moorish Gecko,Reptilia,0,0,0.07724234345524622,0.0,2,122.5,0.0871740579605102,28.0,True Negative
Tabanus punctifer,Western Black Horse Fly,Insecta,0,0,0.07707969816539757,0.0,2,96.0,0.1309033408761024,24.5,True Negative
Fraxinus angustifolia,Narrow-leaved Ash,Plantae,0,0,0.0769857469308027,0.0,2,143.0,0.21775399148464195,28.0,True Negative
Hydroprogne caspia,Caspian Tern,Aves,0,0,0.07698376647355472,0.0,38,155.76315789473685,0.08543040034036445,16.18421052631579,True Negative
Mycetozoa,slime molds,Protozoa,0,0,0.07696175919374589,0.0,4,95.25,0.1855187881737947,28.75,True Negative
Scrophularia,figworts,Plantae,0,0,0.07691861126614558,0.0,1,69.0,0.1618991047143936,21.0,True Negative
Bolboschoenus,Clubrushes,Plantae,0,0,0.07684429228706582,0.0,1,167.0,0.1519112884998321,26.0,True Negative
Coelioxys octodentatus,Eight-toothed Cuckoo Leaf-cutter Bee,Insecta,0,0,0.0768152780971949,0.0,1,101.0,0.0578885525465011,30.0,True Negative
Vitis californica,California wild grape,Plantae,0,0,0.07679776760859554,0.0,7,101.85714285714286,0.2168363481760025,29.857142857142858,True Negative
Paradidyma,,Insecta,0,0,0.07676708865588316,0.0,1,84.0,0.2024366557598114,18.0,True Negative
Salticidae,Jumping Spiders,Arachnida,0,0,0.07670584970448692,0.0,3,147.33333333333334,0.17223970592021934,28.333333333333332,True Negative
Eucera tricinctella,,Insecta,0,0,0.07668479122191357,0.0,1,177.0,0.1668360382318496,27.0,True Negative
Rubieae,,Plantae,0,0,0.07667926742889596,0.0,2,103.0,0.1414288058876991,23.0,True Negative
Marchantiidae,,Plantae,0,0,0.07663722156696885,0.0,1,205.0,0.1631232500076294,22.0,True Negative
Eriophyes emarginatae,Plum Finger Gall Mite,Arachnida,0,0,0.07663283884032723,0.0,1,102.0,0.1397629827260971,30.0,True Negative
Aristotelia fungivorella,,Insecta,0,0,0.07662620936330936,0.0,1,111.0,0.0940278172492981,24.0,True Negative
Zodarion,Ant Spiders,Arachnida,0,0,0.07659974911969067,0.0,3,99.33333333333333,0.12884264936049775,29.666666666666668,True Negative
Marasmius albogriseus,,Fungi,0,0,0.0765429250222398,0.0,3,108.66666666666667,0.15372780462106064,26.333333333333332,True Negative
Collops punctulatus,,Insecta,0,0,0.0765382419713225,0.0,1,116.0,0.1305138319730758,28.0,True Negative
Eugnoriste occidentalis,,Insecta,0,0,0.0765382419713225,0.0,1,116.0,0.1305138319730758,28.0,True Negative
Ophraella communa,ragweed leaf beetle,Insecta,0,0,0.07646395774642732,0.0,12,91.66666666666667,0.1581300633649031,25.416666666666668,True Negative
Alnus rhombifolia,white alder,Plantae,0,0,0.07632720398663913,0.0,2,190.0,0.191328227519989,27.0,True Negative
Bembix americana,American Sand Wasp,Insecta,0,0,0.07632397397922874,0.0,12,110.91666666666667,0.17968950048089025,26.833333333333332,True Negative
Orchidoideae,Orchidoid Orchids,Plantae,0,0,0.07630669596591942,0.0,1,209.0,0.1676733791828155,22.0,True Negative
Ehrharta,Veldtgrasses,Plantae,0,0,0.07598281230634645,0.0,2,111.0,0.1596487201750278,29.0,True Negative
Urozelotes rusticus,,Arachnida,0,0,0.07595994504593602,0.0,1,94.0,0.1309227496385574,31.0,True Negative
Foxia,,Insecta,0,0,0.07594705868110944,0.0,1,88.0,0.1286395937204361,26.0,True Negative
Gloveria arizonensis,,Insecta,0,0,0.07594705868110944,0.0,1,88.0,0.1286395937204361,26.0,True Negative
Lachnagrostis filiformis,blown grass,Plantae,0,0,0.07590799730824066,0.0,1,202.0,0.1959754079580307,25.0,True Negative
Orthorrhapha,Orthorrhaphan Flies,Insecta,0,0,0.0758247739931746,0.0,1,170.0,0.1316095292568206,30.0,True Negative
Plaumannimyia flava,,Insecta,0,0,0.07563636212581852,0.0,1,98.0,0.1339365690946579,32.0,True Negative
Opatroides punctulatus,,Insecta,0,0,0.07561781458731726,0.0,1,102.0,0.1244370490312576,28.0,True Negative
Aythya,"Scaups, Pochards, and Allies",Aves,0,0,0.0755952549629825,0.0,8,164.875,0.0795874864561483,21.75,True Negative
Vitis girdiana,desert wild grape,Plantae,0,0,0.07559432427037871,0.0,74,90.27027027027027,0.2256694430032292,27.66216216216216,True Negative
Palaemon,Glass Shrimps,Animalia,0,0,0.07556244664936958,0.0,1,183.0,0.0874959826469421,30.0,True Negative
Egira,,Insecta,0,0,0.07554169543867233,0.0,1,99.0,0.1237572506070137,30.0,True Negative
Malacopterus tenellus,,Insecta,0,0,0.07549431057948872,0.0,2,86.5,0.10277547687292095,27.0,True Negative
Aythya collaris,Ring-necked Duck,Aves,0,0,0.07529607900007891,0.0,47,156.2127659574468,0.0866201616479381,18.51063829787234,True Negative
Archilestes,Stream Spreadwings,Insecta,0,0,0.07528538987911179,0.0,2,80.5,0.1431033462285995,28.5,True Negative
Arundo donax,giant reed,Plantae,0,0,0.07524085158280265,0.0,16,97.4375,0.20380212925374502,26.25,True Negative
Cosmobaris scolopacea,beet petiole borer,Insecta,0,0,0.07515463694679472,0.0,1,98.0,0.1259825080633163,31.0,True Negative
Dilophus occipitalis,,Insecta,0,0,0.07515463694679472,0.0,1,98.0,0.1259825080633163,31.0,True Negative
Pteromalus,,Insecta,0,0,0.07515463694679472,0.0,1,98.0,0.1259825080633163,31.0,True Negative
Stigmella anomalella,Rose Leaf Miner,Insecta,0,0,0.07515463694679472,0.0,1,98.0,0.1259825080633163,31.0,True Negative
Sisymbrium officinale,Hedge mustard,Plantae,0,0,0.07495823783523199,0.0,13,101.15384615384616,0.20149977333270583,28.23076923076923,True Negative
Neivamyrmex leonardi,,Insecta,0,0,0.07494085110095598,0.0,1,97.0,0.1295382380485534,30.0,True Negative
Casuarina equisetifolia,Beach Sheoak,Plantae,0,0,0.07493786035379287,0.0,2,187.0,0.2472552061080932,29.5,True Negative
Lycoperdon utriforme,Mosaic puffball,Fungi,0,0,0.07492714394859698,0.0,1,227.0,0.1558191329240799,27.0,True Negative
Aristotelia calens,,Insecta,0,0,0.07486311035332814,0.0,2,97.0,0.1290241442620754,28.5,True Negative
Pezizales,,Fungi,0,0,0.07484111557881233,0.0,1,193.0,0.1651416420936584,21.0,True Negative
Fumaria capreolata,white ramping-fumitory,Plantae,0,0,0.07481376199067126,0.0,4,90.75,0.21901703253388402,28.25,True Negative
Aglossa caprealis,Stored grain moth,Insecta,0,0,0.0747830019106587,0.0,1,219.0,0.1281976848840713,30.0,True Negative
Atherigona reversura,Bermudagrass Stem Maggot,Insecta,0,0,0.0747830019106587,0.0,1,219.0,0.1281976848840713,30.0,True Negative
Blastobasis glandulella,Acorn Moth,Insecta,0,0,0.0747830019106587,0.0,1,219.0,0.1281976848840713,30.0,True Negative
Caloptilia azaleella,Azalea Leafminer Moth,Insecta,0,0,0.0747830019106587,0.0,1,219.0,0.1281976848840713,30.0,True Negative
Chrysodeixis includens,Soybean Looper Moth,Insecta,0,0,0.0747830019106587,0.0,1,219.0,0.1281976848840713,30.0,True Negative
Culicinae,Culicine Mosquitoes,Insecta,0,0,0.0747830019106587,0.0,1,219.0,0.1281976848840713,30.0,True Negative
Epiphyas postvittana,Light Brown Apple Moth,Insecta,0,0,0.0747830019106587,0.0,1,219.0,0.1281976848840713,30.0,True Negative
Geocoris pallens,Western Big-eyed Bug,Insecta,0,0,0.0747830019106587,0.0,1,219.0,0.1281976848840713,30.0,True Negative
Mesocoelopus,,Insecta,0,0,0.0747830019106587,0.0,1,219.0,0.1281976848840713,30.0,True Negative
Meteorus pulchricornis,basket-cocoon parasitoid,Insecta,0,0,0.0747830019106587,0.0,1,219.0,0.1281976848840713,30.0,True Negative
Mompha albocapitella,White-based Mompha,Insecta,0,0,0.0747830019106587,0.0,1,219.0,0.1281976848840713,30.0,True Negative
Neoalcis californiaria,Brown-lined Looper,Insecta,0,0,0.0747830019106587,0.0,1,219.0,0.1281976848840713,30.0,True Negative
Pediasia trisecta,Sod Webworm Moth,Insecta,0,0,0.0747830019106587,0.0,1,219.0,0.1281976848840713,30.0,True Negative
Phanerotoma,,Insecta,0,0,0.0747830019106587,0.0,1,219.0,0.1281976848840713,30.0,True Negative
Priobium,,Insecta,0,0,0.0747830019106587,0.0,1,219.0,0.1281976848840713,30.0,True Negative
Rachispoda,,Insecta,0,0,0.0747830019106587,0.0,1,219.0,0.1281976848840713,30.0,True Negative
Stomoxys calcitrans,Stable Fly,Insecta,0,0,0.0747830019106587,0.0,1,219.0,0.1281976848840713,30.0,True Negative
Triplicitipula,,Insecta,0,0,0.0747830019106587,0.0,1,219.0,0.1281976848840713,30.0,True Negative
Ypsolopha sp-sw,,Insecta,0,0,0.0747830019106587,0.0,1,219.0,0.1281976848840713,30.0,True Negative
Sphaeropthalma,,Insecta,0,0,0.07477179613449758,0.0,2,97.0,0.1352380365133285,29.0,True Negative
Platyptiliini,,Insecta,0,0,0.07474309431044421,0.0,1,98.0,0.1047048866748809,30.0,True Negative
Aculops,,Arachnida,0,0,0.07470502565962997,0.0,2,87.0,0.1560375243425369,27.0,True Negative
Caenurgia,,Insecta,0,0,0.07457349940749014,0.0,1,101.0,0.1325404047966003,31.0,True Negative
Gammarotettix,,Insecta,0,0,0.07457349940749014,0.0,1,101.0,0.1325404047966003,31.0,True Negative
Peridroma,,Insecta,0,0,0.07457349940749014,0.0,1,101.0,0.1325404047966003,31.0,True Negative
Sericoderus,,Insecta,0,0,0.07457349940749014,0.0,1,101.0,0.1325404047966003,31.0,True Negative
Kateretidae,Short-winged Flower Beetles,Insecta,0,0,0.0744647475529487,0.0,4,113.0,0.20005059987306592,27.25,True Negative
Porcellionides floria,Flowery Blue Isopod,Animalia,0,0,0.0742583655817807,0.0,1,97.0,0.1362525820732116,26.0,True Negative
Amaryllis belladonna,Belladonna Lily,Plantae,0,0,0.07424325232391547,0.0,3,149.0,0.17612627148628227,26.0,True Negative
Dinomus confluens,,Insecta,0,0,0.07411874473702577,0.0,4,109.0,0.16581169888377187,26.75,True Negative
Myrmeleon,,Insecta,0,0,0.07403272709803814,0.0,6,108.33333333333333,0.1647973482807477,27.666666666666668,True Negative
Myxomycetes,true slime molds,Protozoa,0,0,0.07397855533039073,0.0,2,76.0,0.14828445017337794,28.5,True Negative
Misumessus dicaprioi,,Arachnida,0,0,0.07395861382241681,0.0,3,113.0,0.15968270103136697,26.666666666666668,True Negative
Lathyrus odoratus,Sweet pea,Plantae,0,0,0.07395750613464852,0.0,3,114.0,0.16442697246869403,29.333333333333332,True Negative
Galerina vittiformis,hairy leg bell,Fungi,0,0,0.07391699431450187,0.0,1,123.0,0.1571869850158691,29.0,True Negative
Parmelina tiliacea,Linden shield lichen,Fungi,0,0,0.07391699431450187,0.0,1,123.0,0.1571869850158691,29.0,True Negative
Epiphyas,,Insecta,0,0,0.07390146658892469,0.0,1,101.0,0.130822017788887,31.0,True Negative
Parthenocissus quinquefolia,Virginia creeper,Plantae,0,0,0.07384835867708521,0.0,3,114.66666666666667,0.21777579188346854,20.666666666666668,True Negative
Symplecta pilipes,,Insecta,0,0,0.07381147748518294,0.0,2,126.5,0.2139216288924217,28.0,True Negative
Melissodes communis,Common Longhorn Bee,Insecta,0,0,0.07378647830022782,0.0,1,239.0,0.1607542484998703,31.0,True Negative
Hypomyces microspermus,,Fungi,0,0,0.07377585475557218,0.0,4,99.75,0.16792065650224683,27.75,True Negative
Botaurus exilis,Least Bittern,Aves,0,0,0.0737015175220596,0.0,11,128.72727272727272,0.1174013099887154,20.09090909090909,True Negative
Celia,,Insecta,0,0,0.07367814372403624,0.0,1,96.0,0.1277994364500045,23.0,True Negative
Prionoxystus robiniae,Carpenterworm Moth,Insecta,0,0,0.07367647825811391,0.0,6,103.16666666666667,0.1632477343082428,28.0,True Negative
Sphaeropthalma arota,,Insecta,0,0,0.07365765801803366,0.0,1,92.0,0.1299641728401184,30.0,True Negative
Plantago major,greater plantain,Plantae,0,0,0.07363653827485131,0.0,86,92.37209302325581,0.20841347287560613,27.74418604651163,True Negative
Gardena elkinsi,,Insecta,0,0,0.07362606124953208,0.0,1,104.0,0.1378137618303299,30.0,True Negative
Acarospora badiofusca,,Fungi,0,0,0.07362037012482554,0.0,1,122.0,0.1594275534152984,29.0,True Negative
Cardellina pusilla,Wilson's Warbler,Aves,0,0,0.07356922243446193,0.0,53,98.39622641509433,0.19311470735185549,26.0188679245283,True Negative
Plectreurys,,Arachnida,0,0,0.07353532030530825,0.0,3,149.33333333333334,0.17502533892790473,26.666666666666668,True Negative
Frontinella,,Arachnida,0,0,0.0734958855470289,0.0,1,93.0,0.121401235461235,26.0,True Negative
Eteodermaptera,,Insecta,0,0,0.07344420790581871,0.0,1,113.0,0.1055594384670257,27.0,True Negative
Lemna minor,Common Duckweed,Plantae,0,0,0.07339414253579996,0.0,32,89.34375,0.19863992137834427,26.71875,True Negative
Heterodermia,Fringe Lichens,Fungi,0,0,0.07338653715847838,0.0,1,92.0,0.1254047900438308,27.0,True Negative
Iva,Marsh elders,Plantae,0,0,0.07335163182290229,0.0,1,94.0,0.142529159784317,27.0,True Negative
Callirhytis quercussuttoni,Gouty Stem Gall Wasp,Insecta,0,0,0.07333717506978683,0.0,10,91.0,0.18728348240256304,27.5,True Negative
Bucephala clangula,Common Goldeneye,Aves,0,0,0.0731767555980512,0.0,19,161.68421052631578,0.10736780255836874,15.0,True Negative
Polypogon interruptus,ditch beard grass,Plantae,0,0,0.07293926777840792,0.0,3,112.0,0.18130143483479813,29.666666666666668,True Negative
Pissonotus,,Insecta,0,0,0.0729321728116382,0.0,4,118.25,0.1861390229314565,26.0,True Negative
Cleomella,stinkweed,Plantae,0,0,0.07290313470092398,0.0,1,172.0,0.1682664453983307,27.0,True Negative
Papaver,Poppies,Plantae,0,0,0.07281865133492264,0.0,1,103.0,0.1619732528924942,20.0,True Negative
Micropterus,Black Basses,Actinopterygii,0,0,0.07266082792311676,0.0,11,90.36363636363636,0.19046411731026386,26.454545454545453,True Negative
Elachista,Typical Grass Miner Moths,Insecta,0,0,0.07256841907069117,0.0,1,104.0,0.1190094649791717,27.0,True Negative
Larus smithsonianus,American Herring Gull,Aves,0,0,0.07247428388340146,0.0,13,163.23076923076923,0.05412801220350397,12.307692307692308,True Negative
Mycetophilidae,Fungus Gnats,Insecta,0,0,0.07244445679938162,0.0,2,98.0,0.10988480225205416,24.5,True Negative
Urocyon cinereoargenteus californicus,California Gray Fox,Mammalia,0,0,0.07233744027867679,0.0,1,188.0,0.1817108690738678,27.0,True Negative
Aythya marila,Greater Scaup,Aves,0,0,0.07226884828303595,0.0,21,163.66666666666666,0.04802171846053429,18.571428571428573,True Negative
Gerrini,,Insecta,0,0,0.07224027013863733,0.0,10,93.0,0.21015917658805844,28.4,True Negative
Bidigitus platani,western sycamore sawfly,Insecta,0,0,0.07217027128875776,0.0,3,127.66666666666667,0.18697256843249,26.333333333333332,True Negative
Euthamia occidentalis,western goldenrod,Plantae,0,0,0.07210998427267322,0.0,16,67.5,0.18713837955147025,28.8125,True Negative
Columba livia,Rock Pigeon,Aves,0,0,0.07201931734173707,0.0,4,163.25,0.056368169956840575,13.0,True Negative
Gryllus saxatilis,Western Rock-loving Field Cricket,Insecta,0,0,0.07196278149823288,0.0,1,85.0,0.1400137841701507,27.0,True Negative
Antheminia sulcata,,Insecta,0,0,0.07189749018789977,0.0,3,141.66666666666666,0.17806733151276907,22.0,True Negative
Xanthodermatei,Agaricus sect. Xanthodermatei,Fungi,0,0,0.07189010161304742,0.0,2,96.5,0.1410613730549812,26.0,True Negative
Neoerysiphe baccharidis,,Fungi,0,0,0.07185677867913061,0.0,1,92.0,0.147844597697258,23.0,True Negative
Crematogaster coarctata,,Insecta,0,0,0.07184903229392356,0.0,2,98.5,0.1331639662384987,29.0,True Negative
Ophiomyia camarae,Herring-bone Leafminer,Insecta,0,0,0.07182421438182195,0.0,1,161.0,0.0980854332447052,26.0,True Negative
Vireo bellii,Bell's Vireo,Aves,0,0,0.07181005699598081,0.0,13,90.15384615384616,0.2019137510886559,26.615384615384617,True Negative
Acmaeodera holsteni,Holsten's Flower Buprestid Beetle,Insecta,0,0,0.0717925637295341,0.0,1,94.0,0.1309227496385574,31.0,True Negative
Ganoderma polychromum,,Fungi,0,0,0.07179036661516584,0.0,4,105.0,0.18221689760684964,21.25,True Negative
Scenopinus,,Insecta,0,0,0.07177073010815116,0.0,1,105.0,0.1378762423992157,30.0,True Negative
Phyciodes,Crescents,Insecta,0,0,0.0717442134459259,0.0,2,88.5,0.1566154807806015,26.0,True Negative
Alternaria alternata,,Fungi,0,0,0.07171889677934067,0.0,2,176.5,0.14121136814355845,28.5,True Negative
Solidagininae,,Plantae,0,0,0.07166100796083623,0.0,2,95.0,0.1409787163138389,26.0,True Negative
Escaphiella,,Arachnida,0,0,0.0715718785707023,0.0,3,100.33333333333333,0.1316212713718414,27.666666666666668,True Negative
Eleocharis compressa,Flat-stem Spikerush,Plantae,0,0,0.07149607240840453,0.0,2,177.0,0.1675610616803169,28.5,True Negative
Gosibius paucidens,,Animalia,0,0,0.07147697543046923,0.0,2,142.0,0.1940880268812179,24.0,True Negative
Atriplex prostrata,Creeping Saltbush,Plantae,0,0,0.07140607644870596,0.0,6,88.0,0.20345446219046906,28.5,True Negative
Eucalyptus rudis,Flooded Gum,Plantae,0,0,0.07128227715573046,0.0,1,171.0,0.2123924195766449,28.0,True Negative
Gryllus multipulsator,Long-chirp Field Cricket,Insecta,0,0,0.07122258297970846,0.0,1,76.0,0.1623006016016006,31.0,True Negative
Larus delawarensis,Ring-billed Gull,Aves,0,0,0.07111635738823309,0.0,164,164.47560975609755,0.06356290057933285,21.554878048780488,True Negative
Acinopterus angulatus,Angulate Leafhopper,Insecta,0,0,0.07104945730121802,0.0,1,95.0,0.1410240679979324,27.0,True Negative
Crotalus pyrrhus,Southwestern Speckled Rattlesnake,Reptilia,0,0,0.07104699018502422,0.0,4,92.5,0.16835849359631538,24.0,True Negative
Pheidole,Big-headed Ants,Insecta,0,0,0.07077804979371109,0.0,2,94.5,0.12752714380621905,26.5,True Negative
Aphidini,,Insecta,0,0,0.07074459835067042,0.0,1,90.0,0.2036093473434448,20.0,True Negative
Orussus,,Insecta,0,0,0.07067373031241643,0.0,1,118.0,0.1749727576971054,20.0,True Negative
Tegeticula maculata,Chaparral yucca moth,Insecta,0,0,0.07065983683116316,0.0,1,172.0,0.1682664453983307,27.0,True Negative
Agelaius,Agelaius Blackbirds,Aves,0,0,0.0705763517624877,0.0,5,136.6,0.11009786194190382,22.4,True Negative
Opuntia leucotricha,Arborescent Pricklypear,Plantae,0,0,0.07055673520630121,0.0,1,118.0,0.1814524233341217,20.0,True Negative
Opuntia tomentosa,Woollyjoint Pricklypear,Plantae,0,0,0.07055673520630121,0.0,1,118.0,0.1814524233341217,20.0,True Negative
Anchomenus funebris,,Insecta,0,0,0.07049005864147613,0.0,1,87.0,0.1560375243425369,27.0,True Negative
Dichelonyx pusillus,,Insecta,0,0,0.07049005864147613,0.0,1,87.0,0.1560375243425369,27.0,True Negative
Drasteria edwardsii,,Insecta,0,0,0.07049005864147613,0.0,1,87.0,0.1560375243425369,27.0,True Negative
Neobisnius gratus,,Insecta,0,0,0.07049005864147613,0.0,1,87.0,0.1560375243425369,27.0,True Negative
Neonemobius mormonius,Collared Ground Cricket,Insecta,0,0,0.07049005864147613,0.0,1,87.0,0.1560375243425369,27.0,True Negative
Trichoptera,Caddisflies,Insecta,0,0,0.07049005864147613,0.0,1,87.0,0.1560375243425369,27.0,True Negative
Acarospora chrysops,,Fungi,0,0,0.07045363193713369,0.0,1,97.0,0.1295382380485534,30.0,True Negative
Dictyssa obliqua,,Insecta,0,0,0.07044624147881368,0.0,2,79.0,0.16169270128011698,25.0,True Negative
Chrysobothris lucana,,Insecta,0,0,0.07042263040489466,0.0,2,93.5,0.1352199167013168,29.5,True Negative
Nicrophorus marginatus,Margined Burying Beetle,Insecta,0,0,0.07037577141857844,0.0,1,88.0,0.1516405493021011,31.0,True Negative
Geranium dissectum,Cut-leaved crane's-bill,Plantae,0,0,0.07036692723732153,0.0,16,92.125,0.22253920603543517,25.875,True Negative
Ceratopogonidae,Biting Midges,Insecta,0,0,0.07032413397245244,0.0,5,103.8,0.1706587821245193,25.0,True Negative
Solanum americanum,American black nightshade,Plantae,0,0,0.07031800687743205,0.0,26,108.15384615384616,0.20089687650593424,27.153846153846153,True Negative
Icterus,New World Orioles,Aves,0,0,0.07029545363496405,0.0,1,105.0,0.1588675528764724,20.0,True Negative
Trichoderma viride,,Fungi,0,0,0.07028016859746913,0.0,5,97.4,0.1561158567667007,27.4,True Negative
Toxicoscordion venenosum,Meadow Deathcamas,Plantae,0,0,0.0702687041913211,0.0,1,104.0,0.1552579551935196,28.0,True Negative
Bacillaria paxillifera,carpenter's rule diatom,Chromista,0,0,0.07025105732784534,0.0,1,85.0,0.1400137841701507,27.0,True Negative
Setophaga caerulescens,Black-throated Blue Warbler,Aves,0,0,0.07023138480991496,0.0,1,206.0,0.1968602240085601,26.0,True Negative
Dreissena bugensis,Quagga Mussel,Mollusca,0,0,0.07022045284532874,0.0,2,162.5,0.0773348808288574,13.0,True Negative
Micaria,,Arachnida,0,0,0.07010274983178112,0.0,2,158.0,0.17360767722129816,29.0,True Negative
Delphacidae,Delphacid Planthoppers,Insecta,0,0,0.07009141982529611,0.0,7,109.42857142857143,0.1763613117592675,25.714285714285715,True Negative
Eremochelis andreasana,,Arachnida,0,0,0.07003923154956182,0.0,1,101.0,0.130313366651535,26.0,True Negative
Kibramoa,,Arachnida,0,0,0.07003923154956182,0.0,1,101.0,0.130313366651535,26.0,True Negative
Cyrtomium falcatum,house holly-fern,Plantae,0,0,0.06997288298268127,0.0,1,84.0,0.1918266415596008,26.0,True Negative
Aechmophorus occidentalis,Western Grebe,Aves,0,0,0.06986557344947782,0.0,117,163.98290598290598,0.0697395330621825,11.487179487179487,True Negative
Geomyidae,Pocket Gophers,Mammalia,0,0,0.06979291653671472,0.0,1,93.0,0.1568773239850998,30.0,True Negative
Andrenosoma hesperium,Golden-horned Chiselmouth,Insecta,0,0,0.06972677595502513,0.0,1,88.0,0.1893538981676101,18.0,True Negative
Cupaniopsis anacardioides,Tuckeroo,Plantae,0,0,0.0696767218592638,0.0,2,168.0,0.2051821500062942,30.0,True Negative
Timulla,,Insecta,0,0,0.06962893367435358,0.0,2,95.5,0.13333485275506968,29.5,True Negative
Tachinini,,Insecta,0,0,0.0695606467695026,0.0,2,93.5,0.12743502110242838,20.5,True Negative
Acmaeodera rubrocuprea,,Insecta,0,0,0.06934069459872398,0.0,1,87.0,0.1552423536777496,27.0,True Negative
Catharus,Brown Thrushes and Nightingale-Thrushes,Aves,0,0,0.06928432555054698,0.0,1,167.0,0.1038845032453537,27.0,True Negative
Spatula discors,Blue-winged Teal,Aves,0,0,0.06926796024983416,0.0,4,162.0,0.09069981332868333,20.5,True Negative
Armillaria,honey mushrooms,Fungi,0,0,0.0692613853508816,0.0,2,97.5,0.13414001464843744,31.0,True Negative
Alpheias transferens,,Insecta,0,0,0.06924072546055444,0.0,2,102.5,0.11366103962063785,24.0,True Negative
Gelechia desiliens,,Insecta,0,0,0.06924072546055444,0.0,2,102.5,0.11366103962063785,24.0,True Negative
Glaucina epiphysaria,,Insecta,0,0,0.06924072546055444,0.0,2,102.5,0.11366103962063785,24.0,True Negative
Idaea eremiata,Straw Wave,Insecta,0,0,0.06924072546055444,0.0,2,102.5,0.11366103962063785,24.0,True Negative
Pelochrista galenapunctana,,Insecta,0,0,0.06924072546055444,0.0,2,102.5,0.11366103962063785,24.0,True Negative
Alydinae,,Insecta,0,0,0.06923938737780808,0.0,1,103.0,0.1424923837184906,29.0,True Negative
Culicidae,Mosquitoes,Insecta,0,0,0.06923441597463906,0.0,5,78.4,0.17648772001266474,24.0,True Negative
Lasiocampidae,Lappet Moths,Insecta,0,0,0.06921776765381991,0.0,1,98.0,0.122718371450901,30.0,True Negative
Nemomydas pantherinus,,Insecta,0,0,0.06921776765381991,0.0,1,98.0,0.122718371450901,30.0,True Negative
Linyphiinae,Sheet-weavers,Arachnida,0,0,0.06916974930912856,0.0,1,95.0,0.1069235354661941,26.0,True Negative
Trichopolia rufula,Rufous Quaker,Insecta,0,0,0.06915691165239748,0.0,1,89.0,0.1357438713312149,26.0,True Negative
Acrolophus griseus,,Insecta,0,0,0.06915339309978027,0.0,3,99.33333333333333,0.10943214595317836,25.0,True Negative
Delia,,Insecta,0,0,0.06915160611270327,0.0,1,91.0,0.1434984654188156,26.0,True Negative
Schizomyia umbellicola,Elderberry Gall Midge,Insecta,0,0,0.06915160611270327,0.0,1,91.0,0.1434984654188156,26.0,True Negative
Trogoderma sternale,Tricolored Carpet Beetle,Insecta,0,0,0.06915160611270327,0.0,1,91.0,0.1434984654188156,26.0,True Negative
Ceroplastes,Wax Scales,Insecta,0,0,0.06914914440824448,0.0,4,101.25,0.16560606844723222,26.75,True Negative
Holorusia hespera,Giant Western Crane Fly,Insecta,0,0,0.06909537752272131,0.0,3,133.66666666666666,0.18309386074542996,29.666666666666668,True Negative
Poecilognathus loewi,,Insecta,0,0,0.06905527629036182,0.0,2,87.0,0.14444643259048462,29.0,True Negative
Cucurbita foetidissima,Buffalo Gourd,Plantae,0,0,0.0690387176393635,0.0,2,92.0,0.1551132127642631,28.5,True Negative
Prunus caroliniana,Carolina laurelcherry,Plantae,0,0,0.06896289757334645,0.0,2,137.0,0.18549699336290354,24.5,True Negative
Thyreocoridae,Ebony Bugs,Insecta,0,0,0.06881487034376273,0.0,1,90.0,0.1536739915609359,28.0,True Negative
Reseda,mignonettes,Plantae,0,0,0.06867848185941025,0.0,2,130.5,0.16935496032238,30.5,True Negative
Gavia immer,Common Loon,Aves,0,0,0.06865504296532308,0.0,2,165.0,0.06477278223610484,15.0,True Negative
Alopochen aegyptiaca,Egyptian Goose,Aves,0,0,0.06860043012206855,0.0,1,196.0,0.2417574971914291,25.0,True Negative
Gerridae,Water Striders,Insecta,0,0,0.06852716017076392,0.0,6,91.83333333333333,0.17356926202774045,28.5,True Negative
Ludwigia hexapetala,water primrose,Plantae,0,0,0.06851016224982882,0.0,52,86.86538461538461,0.2043121098898924,27.192307692307693,True Negative
Anisodactylus similis,,Insecta,0,0,0.06848861503725348,0.0,2,87.5,0.13008723407983774,29.5,True Negative
Dermacentor variabilis,American Dog Tick,Arachnida,0,0,0.06844008263276444,0.0,3,91.66666666666667,0.16114501655101773,24.666666666666668,True Negative
Limonium ramosissimum,Algerian sea lavender,Plantae,0,0,0.0684373614151837,0.0,2,163.5,0.1760191768407821,29.0,True Negative
Aechmophorus,Western and Clark's Grebes,Aves,0,0,0.06819969797535325,0.0,7,162.14285714285714,0.06141237502119369,8.571428571428571,True Negative
Tornos erectarius,,Insecta,0,0,0.06817453688012995,0.0,1,101.0,0.1211846694350242,30.0,True Negative
Hydrophorinae,,Insecta,0,0,0.06810656564456272,0.0,1,90.0,0.13484588265419,27.0,True Negative
Axion plagiatum,Twice-struck Lady Beetle,Insecta,0,0,0.06809959852084461,0.0,8,102.625,0.17647465318441388,21.0,True Negative
Pterygosomatoidea,,Arachnida,0,0,0.06809641152319354,0.0,1,91.0,0.1427864283323288,27.0,True Negative
Aedes sierrensis,Western Treehole Mosquito,Insecta,0,0,0.06807531224584816,0.0,1,59.0,0.2004687190055847,22.0,True Negative
Miomantis caffra,South African Mantis,Insecta,0,0,0.06807531224584816,0.0,1,59.0,0.2004687190055847,22.0,True Negative
Dalmannia,,Insecta,0,0,0.06802310710102438,0.0,1,97.0,0.1484751850366592,27.0,True Negative
Chrysopinae,Typical Green Lacewings,Insecta,0,0,0.06795629763505842,0.0,1,89.0,0.1458418816328048,28.0,True Negative
Rhizopogon,Bearded Truffle,Fungi,0,0,0.06792724259579924,0.0,1,101.0,0.1211846694350242,30.0,True Negative
Dielis,,Insecta,0,0,0.06778018741393155,0.0,2,87.5,0.13389945775270462,23.0,True Negative
Cynodon,Bermuda Grasses,Plantae,0,0,0.06777785955384952,0.0,1,96.0,0.153907760977745,30.0,True Negative
Tubifex tubifex,Sludge Worm,Animalia,0,0,0.06774481219978797,0.0,1,202.0,0.2152446210384369,30.0,True Negative
Eulobus,,Plantae,0,0,0.06771800571489398,0.0,1,95.0,0.186379849910736,19.0,True Negative
Crepidotus,Oysterlings,Fungi,0,0,0.0676954817002801,0.0,2,129.5,0.16655480116605753,26.5,True Negative
Mareca americana,American Wigeon,Aves,0,0,0.06766788964589672,0.0,145,162.2551724137931,0.06926151415301035,23.282758620689656,True Negative
Ataenius,,Insecta,0,0,0.06763914529637685,0.0,2,99.0,0.11231707036495205,23.5,True Negative
Tetracis,Slant-Lines,Insecta,0,0,0.06754073878150331,0.0,3,91.0,0.15093331535657242,28.0,True Negative
Rhopalini,,Insecta,0,0,0.06754070357778119,0.0,1,93.0,0.1533644795417785,26.0,True Negative
Melampsora euphorbiae,Euphorbia Rust,Fungi,0,0,0.06751635505577502,0.0,1,177.0,0.1304860711097717,25.0,True Negative
Lithobius,Typical Stone Centipedes,Animalia,0,0,0.06751574884345138,0.0,1,91.0,0.1434984654188156,26.0,True Negative
Anyphaena,,Arachnida,0,0,0.06747062922037668,0.0,6,104.0,0.1680019746224085,27.5,True Negative
Ephemeroptera,Mayflies,Insecta,0,0,0.06746916571983118,0.0,5,98.4,0.1896085977554321,25.0,True Negative
Haemaphysalis leporispalustris,Rabbit Tick,Arachnida,0,0,0.0674623824557242,0.0,1,87.0,0.1552423536777496,27.0,True Negative
Haliaeetus leucocephalus,Bald Eagle,Aves,0,0,0.06736113209340175,0.0,7,166.57142857142858,0.09117861418053505,20.714285714285715,True Negative
Culicomorpha,Mosquitoes and Midges,Insecta,0,0,0.06735985946425445,0.0,3,98.33333333333333,0.15662738929192221,28.666666666666668,True Negative
Cylindroiulus,Barrel Millipedes,Animalia,0,0,0.06735962639772158,0.0,1,95.0,0.1069235354661941,26.0,True Negative
Hyperaspis trifurcata,Trident Lady Beetle,Insecta,0,0,0.0673167610029283,0.0,1,151.0,0.1622377038002014,27.0,True Negative
Antitrichia californica,California antitrichia moss,Plantae,0,0,0.06727590325479497,0.0,2,108.5,0.15330439805984494,22.0,True Negative
Coprinopsis,Inkcaps,Fungi,0,0,0.06727555677388995,0.0,8,98.625,0.17925471160560844,22.125,True Negative
Psoa maculata,,Insecta,0,0,0.06724630291445016,0.0,1,93.0,0.1311557590961456,25.0,True Negative
Leptomyrmecini,,Insecta,0,0,0.06721986846895563,0.0,2,136.0,0.16997636109590525,28.0,True Negative
Megaselia,,Insecta,0,0,0.06720628231827903,0.0,1,101.0,0.0768375247716903,28.0,True Negative
Harpalinae,,Insecta,0,0,0.06719598905294642,0.0,2,94.0,0.1296897493302822,28.5,True Negative
Oenothera elata hookeri,Hooker's evening primrose,Plantae,0,0,0.06709877044149026,0.0,10,90.7,0.18945304602384563,28.1,True Negative
Lactarius argillaceifolius megacarpus,Giant Gray Milk Cap,Fungi,0,0,0.06700340880232471,0.0,1,101.0,0.1325404047966003,31.0,True Negative
Tetragnatha versicolor,,Arachnida,0,0,0.06695522370634371,0.0,3,136.0,0.19821885228157043,25.666666666666668,True Negative
Tetranychus,,Arachnida,0,0,0.06695178773927697,0.0,1,102.0,0.1487232744693756,30.0,True Negative
Geastrum triplex,Collared Earthstar,Fungi,0,0,0.06694320236319067,0.0,1,107.0,0.0999800935387611,32.0,True Negative
Pterostichus,Blackclock Ground Beetles,Insecta,0,0,0.06690177217587777,0.0,2,87.5,0.14553950726985931,26.0,True Negative
Diploschistes actinostomus,Cracked Granite Crater,Fungi,0,0,0.06685132982294371,0.0,1,175.0,0.1457981914281845,26.0,True Negative
Ageratina adenophora,Crofton Weed,Plantae,0,0,0.06679145409365007,0.0,5,90.4,0.2535000562667846,28.2,True Negative
Nannopterum,American Cormorants,Aves,0,0,0.06665949277176694,0.0,2,126.0,0.13959958404302594,13.0,True Negative
Zonitoides nitidus,Black Gloss Snail,Mollusca,0,0,0.0666025448980357,0.0,1,87.0,0.1552423536777496,27.0,True Negative
Calvatia cyathiformis,Purple-spored Puffball,Fungi,0,0,0.06656535972414938,0.0,1,458.0,0.164795771241188,20.0,True Negative
Hydrophorus,,Insecta,0,0,0.06652043220212436,0.0,1,98.0,0.1345602571964264,25.0,True Negative
Aechmophorus occidentalis × clarkii,Western × Clark's Grebe,Aves,0,0,0.06651653435330283,0.0,4,163.25,0.06400997278979047,8.0,True Negative
Pelochrista,Pelochrista Moths,Insecta,0,0,0.06643164685766424,0.0,2,98.0,0.1260201185941696,29.0,True Negative
Ponometia,,Insecta,0,0,0.06643164685766424,0.0,2,98.0,0.1260201185941696,29.0,True Negative
Suleima,,Insecta,0,0,0.06643164685766424,0.0,2,98.0,0.1260201185941696,29.0,True Negative
Disholcaspis,,Insecta,0,0,0.06642787786496063,0.0,2,186.0,0.17071441560983655,28.0,True Negative
Stenomorpha,,Insecta,0,0,0.06641599746012837,0.0,1,97.0,0.1334829479455948,30.0,True Negative
Trupanea signata,,Insecta,0,0,0.06641599746012837,0.0,1,97.0,0.1334829479455948,30.0,True Negative
Armillaria mellea,Honey Mushroom,Fungi,0,0,0.06633105886671804,0.0,3,95.66666666666667,0.1517404268185297,30.0,True Negative
Otospermophilus beecheyi nudipes,Sierra Juarez Ground Squirrel,Mammalia,0,0,0.06631344590726454,0.0,1,93.0,0.1533644795417785,26.0,True Negative
Paruroctonus,,Arachnida,0,0,0.06629484902294598,0.0,1,99.0,0.1237572506070137,30.0,True Negative
Abagrotis,,Insecta,0,0,0.06621675168347436,0.0,2,98.5,0.14785818010568616,26.0,True Negative
Tricholoma,Knights,Fungi,0,0,0.06619065841163776,0.0,4,72.0,0.17729108966886997,24.25,True Negative
Aythya valisineria,Canvasback,Aves,0,0,0.06614926105562156,0.0,12,164.08333333333334,0.07513913844013585,15.833333333333334,True Negative
Halyini,,Insecta,0,0,0.0661042552855834,0.0,1,133.0,0.1922865658998489,21.0,True Negative
Vulpes,Typical Foxes,Mammalia,0,0,0.06610048810198413,0.0,1,83.0,0.1686293929815292,31.0,True Negative
Suillus bellinii,Champagne Bolete,Fungi,0,0,0.06596205663600184,0.0,1,151.0,0.0984725058078765,29.0,True Negative
Libytheana carinenta,American Snout,Insecta,0,0,0.06583683005002652,0.0,1,102.0,0.1033834367990493,30.0,True Negative
Phalaropus lobatus,Red-necked Phalarope,Aves,0,0,0.06569443223660609,0.0,7,88.71428571428571,0.16540814616850444,28.0,True Negative
Heraeus coquilletti,,Insecta,0,0,0.06568256691692548,0.0,1,104.0,0.1515357792377472,31.0,True Negative
Pigritia,,Insecta,0,0,0.06568256691692548,0.0,1,104.0,0.1515357792377472,31.0,True Negative
Stratiomys,,Insecta,0,0,0.0656770334587178,0.0,2,133.0,0.1632453948259353,27.5,True Negative
Calliphoridae,Blow Flies,Insecta,0,0,0.06567547802094059,0.0,12,103.66666666666667,0.17059319776793316,27.833333333333332,True Negative
Nezara viridula,Southern Green Stink Bug,Insecta,0,0,0.06563126640391777,0.0,4,88.75,0.17471934482455254,25.25,True Negative
Vinca major,greater periwinkle,Plantae,0,0,0.06560399515743978,0.0,1,128.0,0.1971427649259567,22.0,True Negative
Larus glaucoides thayeri,Thayer's Gull,Aves,0,0,0.06560102700982211,0.0,2,162.5,0.0442536475602537,13.0,True Negative
Salix exigua hindsiana,hinds' willow,Plantae,0,0,0.06559253980241858,0.0,25,88.84,0.19597090750932689,28.36,True Negative
Oncopeltus sanguineolentus,Blood-colored Milkweed Bug,Insecta,0,0,0.0655721974537504,0.0,1,95.0,0.1260286271572113,30.0,True Negative
Harmonia axyridis succinea,,Insecta,0,0,0.06556601121140931,0.0,3,140.66666666666666,0.16897059728701902,27.666666666666668,True Negative
Scaphinotus,Snail-eating Beetles,Insecta,0,0,0.06553661713262655,0.0,6,108.16666666666667,0.17476350069046018,24.833333333333332,True Negative
Yorima angelica,,Arachnida,0,0,0.06553016767461768,0.0,2,96.5,0.15367593616247177,28.5,True Negative
Botaurus lentiginosus,American Bittern,Aves,0,0,0.06552307789926166,0.0,26,90.65384615384616,0.1982505954802036,26.923076923076923,True Negative
Gryllidea,Crickets,Insecta,0,0,0.06544346167280377,0.0,3,102.66666666666667,0.13592515885829923,27.666666666666668,True Negative
Curculio occidentis,California Acorn Weevil,Insecta,0,0,0.06542393484192131,0.0,1,93.0,0.1246435418725013,26.0,True Negative
Cyperus odoratus,Fragrant flatsedge,Plantae,0,0,0.06540005350350937,0.0,2,175.5,0.175293818116188,29.5,True Negative
Nemotelus,,Insecta,0,0,0.06534681291955534,0.0,1,97.0,0.1253934204578399,28.0,True Negative
Agelaius tricolor,Tricolored Blackbird,Aves,0,0,0.06524446595715971,0.0,6,137.5,0.08468845626339316,17.166666666666668,True Negative
Araneus gemmoides,Cat-faced Orbweaver,Arachnida,0,0,0.06520933135380096,0.0,5,85.8,0.16442960947751994,21.6,True Negative
Tricholathys,,Arachnida,0,0,0.06512116013876368,0.0,1,87.0,0.1560375243425369,27.0,True Negative
Whitlaviae,,Plantae,0,0,0.06506026995592987,0.0,1,121.0,0.1663118302822113,30.0,True Negative
Carex praegracilis,field sedge,Plantae,0,0,0.06493145525443371,0.0,3,99.0,0.17934254308541608,30.666666666666668,True Negative
Microtus,Meadow Voles,Mammalia,0,0,0.06483121458745139,0.0,1,101.0,0.1568430215120315,27.0,True Negative
Coprinellus micaceus,mica cap,Fungi,0,0,0.06474148384944327,0.0,4,78.0,0.20265169814229006,24.5,True Negative
Limnichidae,Minute Marsh-loving Beetles,Insecta,0,0,0.06472622862257325,0.0,1,51.0,0.2035715728998184,31.0,True Negative
Phalaris canariensis,canary grass,Plantae,0,0,0.06471668725061744,0.0,1,143.0,0.1677761375904083,31.0,True Negative
Silene,Catchflies,Plantae,0,0,0.0646405217994624,0.0,1,225.0,0.1728998571634292,28.0,True Negative
Notemigonus crysoleucas,Golden Shiner,Actinopterygii,0,0,0.06463437523695094,0.0,1,101.0,0.0929290428757667,28.0,True Negative
Rhus,sumacs,Plantae,0,0,0.06454749164574732,0.0,1,225.0,0.1729490309953689,23.0,True Negative
Melanoleuca,Cavaliers,Fungi,0,0,0.06453236185965076,0.0,1,185.0,0.0967760980129242,30.0,True Negative
Calogaya saxicola,Rock Jewel Lichen,Fungi,0,0,0.06445547946780918,0.0,1,97.0,0.1334829479455948,30.0,True Negative
Scytinium palmatum,Antlered Jellyskin Lichen,Fungi,0,0,0.06442983806240518,0.0,1,124.0,0.1706874817609787,20.0,True Negative
Macrosteles,,Insecta,0,0,0.06429017965209728,0.0,1,89.0,0.143036663532257,27.0,True Negative
Scythris interrupta,,Insecta,0,0,0.06417086745985688,0.0,1,220.0,0.1673277765512466,28.0,True Negative
Tanacetum parthenium,feverfew,Plantae,0,0,0.0641313629115798,0.0,8,81.25,0.2345403097569942,29.375,True Negative
Thysanocarpus curvipes curvipes,,Plantae,0,0,0.06412464768276119,0.0,1,159.0,0.1731606274843216,30.0,True Negative
Schistocerca,Bird Grasshoppers,Insecta,0,0,0.06401049769177537,0.0,4,78.5,0.20803676918148994,23.25,True Negative
Neodiplocampta mira,,Insecta,0,0,0.06400755998641396,0.0,2,168.5,0.16360148787498474,26.0,True Negative
Myxarium nucleatum,Crystal Brain Fungus,Fungi,0,0,0.06393020826427859,0.0,10,95.8,0.18966956734657284,27.7,True Negative
Lavandula dentata,French lavender,Plantae,0,0,0.06391992749715752,0.0,1,54.0,0.1651153713464737,31.0,True Negative
Architaenioglossa,"apple snails, river snails, and allies",Mollusca,0,0,0.06389837821244457,0.0,2,161.5,0.1040411330759525,13.0,True Negative
Colaptes auratus cafer,Northern Red-shafted Flicker,Aves,0,0,0.0637895005231074,0.0,1,94.0,0.0975217968225479,26.0,True Negative
Phyllocnistis citrella,Citrus Leafminer,Insecta,0,0,0.06370921420175703,0.0,1,45.0,0.1976167559623718,31.0,True Negative
Cicadoidea,Cicadas,Insecta,0,0,0.06351085833294154,0.0,1,164.0,0.1633326411247253,32.0,True Negative
Phalaris angusta,Timothy Canarygrass,Plantae,0,0,0.06349922986711799,0.0,1,141.0,0.1659934520721435,30.0,True Negative
Pemphredon,Typical Aphid Wasps,Insecta,0,0,0.06349487165691217,0.0,3,115.33333333333333,0.20571265618006385,26.333333333333332,True Negative
Hippodamia,Oblong Lady Beetles,Insecta,0,0,0.06341135290233108,0.0,1,232.0,0.2013030499219894,27.0,True Negative
Parcoblatta,North American Wood Cockroaches,Insecta,0,0,0.06341135290233108,0.0,1,232.0,0.2013030499219894,27.0,True Negative
Pseudococcus longispinus,long-tailed mealybug,Insecta,0,0,0.06341135290233108,0.0,1,232.0,0.2013030499219894,27.0,True Negative
Triatomini,,Insecta,0,0,0.06341135290233108,0.0,1,232.0,0.2013030499219894,27.0,True Negative
Pelecanus occidentalis,Brown Pelican,Aves,0,0,0.06340153707812637,0.0,3,164.0,0.03710977071508143,17.333333333333332,True Negative
Lepraria finkii,Fluffy Dust Lichen,Fungi,0,0,0.0632977033054242,0.0,2,116.5,0.1686238273978233,21.5,True Negative
Cryptolaemus montrouzieri,Mealybug Destroyer,Insecta,0,0,0.0632901690136628,0.0,4,96.25,0.16677875351160765,30.0,True Negative
Chlosyne californica,California Patch,Insecta,0,0,0.06323454356532185,0.0,1,94.0,0.1273004412651062,23.0,True Negative
Metatrichia bulbosa,,Insecta,0,0,0.06320248539118957,0.0,3,113.66666666666667,0.17348673939704887,24.666666666666668,True Negative
Amara insignis,,Insecta,0,0,0.06319154769438053,0.0,2,92.0,0.13050972670316696,29.5,True Negative
Larus glaucoides,Iceland Gull,Aves,0,0,0.06318090468839792,0.0,1,162.0,0.003233743365854,0.0,True Negative
Candelariella rosulans,Sagebrush Goldspeck Lichen,Fungi,0,0,0.06318024106177424,0.0,4,104.5,0.1619469821453094,24.25,True Negative
Rumex acetosella,Sheep's sorrel,Plantae,0,0,0.06288299105500542,0.0,1,87.0,0.1560375243425369,27.0,True Negative
Taphrina deformans,Peach Leaf Curl,Fungi,0,0,0.06284530250372312,0.0,2,102.0,0.14424312859773636,30.0,True Negative
Apium,Celery and Marshwort,Plantae,0,0,0.06281162243888379,0.0,19,107.57894736842105,0.1886868559216198,28.0,True Negative
Podiceps nigricollis,Eared Grebe,Aves,0,0,0.06266931644311154,0.0,105,162.02857142857144,0.06334668128609855,15.790476190476191,True Negative
Xanthocephalus xanthocephalus,Yellow-headed Blackbird,Aves,0,0,0.06264212976981033,0.0,2,162.0,0.050597181310877204,16.0,True Negative
Schizocosa maxima,,Arachnida,0,0,0.06254828435816645,0.0,1,97.0,0.1334829479455948,30.0,True Negative
Coccoidea,Scale Insects,Insecta,0,0,0.06243944168806345,0.0,4,104.75,0.1798079758882522,30.25,True Negative
Pimephales promelas,Fathead Minnow,Actinopterygii,0,0,0.0623556428329963,0.0,2,142.0,0.1802149713039398,22.0,True Negative
Gavia stellata,Red-throated Loon,Aves,0,0,0.06232959648591766,0.0,1,162.0,0.0570352189242839,0.0,True Negative
Xylodon,,Fungi,0,0,0.06224906123149205,0.0,1,172.0,0.1253516674041748,25.0,True Negative
Lotus corniculatus,bird's-foot trefoil,Plantae,0,0,0.0621865277152654,0.0,2,181.0,0.2370776534080505,28.0,True Negative
Mycenaceae,,Fungi,0,0,0.062135231481534076,0.0,5,89.8,0.1952504992485046,22.4,True Negative
Baeolophus inornatus,Oak Titmouse,Aves,0,0,0.06213132988379762,0.0,3,132.33333333333334,0.18271973232428232,27.333333333333332,True Negative
Coprinus comatus,Shaggy Mane,Fungi,0,0,0.06207095180103819,0.0,1,170.0,0.1299671828746795,31.0,True Negative
Corynorhinus townsendii,Townsend's Big-eared Bat,Mammalia,0,0,0.06201445932517453,0.0,1,65.0,0.2022770345211029,28.0,True Negative
Cibdelis,,Insecta,0,0,0.06196778343567029,0.0,4,79.0,0.17216355726122856,20.75,True Negative
Dermestidae,Skin Beetles,Insecta,0,0,0.061963051701991935,0.0,1,100.0,0.1352311223745346,29.0,True Negative
Pinoideae,"pines, spruces, larches, and allies",Plantae,0,0,0.06189654669620206,0.0,1,98.0,0.1871667206287384,30.0,True Negative
Gymnopilus dilepis,magenta rustgill,Fungi,0,0,0.06189573824241478,0.0,1,105.0,0.1130618527531623,32.0,True Negative
Stenodynerus propinquus,,Insecta,0,0,0.06187448267752617,0.0,2,194.0,0.2099596634507179,28.0,True Negative
Oxycarenus hyalinipennis,Cotton Seed Bug,Insecta,0,0,0.061834055317815204,0.0,1,108.0,0.1569220274686813,30.0,True Negative
Melanitta perspicillata,Surf Scoter,Aves,0,0,0.06180079588811984,0.0,2,162.0,0.1315524838864803,0.0,True Negative
Oxalis dillenii,slender yellow woodsorrel,Plantae,0,0,0.061792823908476,0.0,1,185.0,0.1606733649969101,27.0,True Negative
Sergiolus montanus,Common Patterned Ant-mimic Ground Spider,Arachnida,0,0,0.061784351585936696,0.0,1,138.0,0.2015538960695266,24.0,True Negative
Brassicogethes aeneus,Common Pollen Beetle,Insecta,0,0,0.061774039067355534,0.0,1,94.0,0.1420582383871078,26.0,True Negative
Leucoinocybe lenta,,Fungi,0,0,0.06161374953344537,0.0,1,108.0,0.0943556353449821,32.0,True Negative
Villa molitor,,Insecta,0,0,0.06160959046446865,0.0,1,94.0,0.1302004158496856,30.0,True Negative
Zabrotes,,Insecta,0,0,0.06160959046446865,0.0,1,94.0,0.1302004158496856,30.0,True Negative
Orthotrichum,Bristle mosses,Plantae,0,0,0.06157700913518725,0.0,2,93.5,0.16096174716949455,24.0,True Negative
Hebeloma,Poisonpies,Fungi,0,0,0.061518769711519636,0.0,1,102.0,0.1487232744693756,30.0,True Negative
Branta bernicla,Brant,Aves,0,0,0.061510714413556496,0.0,1,162.0,-0.0073850345797836,0.0,True Negative
Mergus merganser americanus,American Common Merganser,Aves,0,0,0.061510714413556496,0.0,1,162.0,-0.0076139676384627,0.0,True Negative
Podilymbus,Pied-billed and Atitlán Grebes,Aves,0,0,0.061510714413556496,0.0,1,162.0,-0.0073850345797836,0.0,True Negative
Schizophora,Schizophoran Flies,Insecta,0,0,0.061443854952768114,0.0,7,110.42857142857143,0.17326560829366952,28.571428571428573,True Negative
Tyrannidae,Tyrant Flycatchers,Aves,0,0,0.0614144171134247,0.0,4,94.0,0.20279629528522486,26.0,True Negative
Apollophanes,,Arachnida,0,0,0.061355553937080906,0.0,3,111.33333333333333,0.10691300888235371,18.666666666666668,True Negative
Azolla filiculoides,water fern,Plantae,0,0,0.06131662644808335,0.0,23,73.91304347826087,0.18759514261846952,28.347826086956523,True Negative
Erythrina,Coral trees,Plantae,0,0,0.06130360760302825,0.0,1,179.0,0.2711760699748993,28.0,True Negative
Acarosporaceae,cobblestone lichen family,Fungi,0,0,0.06123087347251649,0.0,5,136.0,0.1743913114070892,25.4,True Negative
Copestylum satur,Spotted-wing Bromeliad Fly,Insecta,0,0,0.061207817847622706,0.0,2,164.0,0.16691058501601214,27.5,True Negative
Melanitta deglandi,White-winged Scoter,Aves,0,0,0.06114967244733021,0.0,2,164.0,0.0963344685733318,0.0,True Negative
Sapindales,"Soapberries, Cashews, Mahoganies, and Allies",Plantae,0,0,0.06114610884048174,0.0,1,175.0,0.2932252585887909,28.0,True Negative
Anas,"Mallards, Pintails, and Allies",Aves,0,0,0.061113026413454265,0.0,5,135.0,0.10767818242311473,16.0,True Negative
Gallinago delicata,Wilson's Snipe,Aves,0,0,0.06106935577353738,0.0,2,165.0,0.03973503946326675,0.0,True Negative
Helenium puberulum,Rosilla,Plantae,0,0,0.061052817087683856,0.0,7,51.57142857142857,0.22609067176069525,30.714285714285715,True Negative
Calidris minutilla,Least Sandpiper,Aves,0,0,0.06092004928982265,0.0,4,89.5,0.1487001199275255,28.0,True Negative
Megalostomina,,Insecta,0,0,0.060915580852316846,0.0,1,103.0,0.1365514695644378,27.0,True Negative
Phaeomarasmius erinaceus,hedgehog scalycap,Fungi,0,0,0.0607888263331248,0.0,3,127.0,0.16834245622158048,27.666666666666668,True Negative
Spilomyia interrupta,Interrupted Hornet Fly,Insecta,0,0,0.060718055267460457,0.0,1,90.0,0.1455801874399185,23.0,True Negative
Coccinae,,Insecta,0,0,0.06071140489206351,0.0,1,163.0,0.1681110858917236,32.0,True Negative
Cercospora,,Fungi,0,0,0.06068285814564708,0.0,1,99.0,0.0976143851876258,32.0,True Negative
Malezonotus barberi,,Insecta,0,0,0.06064994687881567,0.0,1,82.0,0.1687809526920318,29.0,True Negative
Anser caerulescens,Snow Goose,Aves,0,0,0.060554729052188526,0.0,3,137.33333333333334,0.0310648987069726,9.333333333333334,True Negative
Anyphaenidae,Ghost Spiders,Arachnida,0,0,0.060536186616477417,0.0,2,156.5,0.18210554122924805,28.0,True Negative
Brassicodae,,Plantae,0,0,0.06047638642799878,0.0,3,118.33333333333333,0.19246172904968253,21.666666666666668,True Negative
Monomorium minimum,Little Black Ants,Insecta,0,0,0.06045511185830249,0.0,4,96.5,0.17115405946969983,26.5,True Negative
Hydra,Hydras,Animalia,0,0,0.060401624718101135,0.0,1,88.0,0.1466332972049713,28.0,True Negative
Dysdera,,Arachnida,0,0,0.06038711909170025,0.0,1,89.0,0.1263144463300705,30.0,True Negative
Periplaneta lateralis,Turkestan Cockroach,Insecta,0,0,0.06029883754866457,0.0,2,227.0,0.20037600398063654,27.0,True Negative
Myxosargus knowltoni,,Insecta,0,0,0.06026892023291939,0.0,11,86.27272727272727,0.2163231494751843,25.272727272727273,True Negative
Paraphanolophus,,Arachnida,0,0,0.06026269187803983,0.0,1,98.0,0.122718371450901,30.0,True Negative
Parateneriffia,,Arachnida,0,0,0.06026269187803983,0.0,1,98.0,0.122718371450901,30.0,True Negative
Teneriffiidae,,Arachnida,0,0,0.06026269187803983,0.0,1,98.0,0.122718371450901,30.0,True Negative
Arrhenia retiruga,Small Moss Oysterling,Fungi,0,0,0.06025574411150578,0.0,5,88.0,0.16013057529926294,24.8,True Negative
Pemphredonini,,Insecta,0,0,0.06020417928455537,0.0,2,161.5,0.17933315783739084,28.5,True Negative
Melosira,,Chromista,0,0,0.06011943839091675,0.0,1,60.0,0.2431980073451995,28.0,True Negative
Anatidae,"Ducks, Geese, and Swans",Aves,0,0,0.06007077781806314,0.0,19,149.26315789473685,0.1162222483881602,22.0,True Negative
Piranga rubra,Summer Tanager,Aves,0,0,0.060041610496687076,0.0,2,116.5,0.2818008512258529,24.5,True Negative
Trametopsis cervina,Deer-colored Trametes,Fungi,0,0,0.05972863512774861,0.0,2,166.0,0.16273488849401468,31.5,True Negative
Anthidium edwardsii,Edwards' Woolcarder,Insecta,0,0,0.05969479286395112,0.0,1,86.0,0.1603116393089294,29.0,True Negative
Trichadenotecnum,,Insecta,0,0,0.05969479286395112,0.0,1,86.0,0.1603116393089294,29.0,True Negative
Perenniporia subcorticola,,Fungi,0,0,0.0595902503244921,0.0,1,95.0,0.1277399063110351,30.0,True Negative
Entoloma ferruginans,Bleachy Entoloma,Fungi,0,0,0.05950091693151189,0.0,11,104.63636363636364,0.20664594390175556,26.90909090909091,True Negative
Sporobolus spartinae,Gulf Cordgrass,Plantae,0,0,0.059143125298884235,0.0,1,130.0,0.1628938615322113,27.0,True Negative
Syzygium,Waterberries,Plantae,0,0,0.05913252386644394,0.0,1,189.0,0.1599439829587936,27.0,True Negative
Ranunculaceae,buttercup family,Plantae,0,0,0.059099977688135505,0.0,1,59.0,0.2104534208774566,22.0,True Negative
Camponotus clarithorax,,Insecta,0,0,0.05904771010942692,0.0,5,89.0,0.1608588576316833,26.6,True Negative
Dichondra micrantha,Asian ponysfoot,Plantae,0,0,0.05904290892710462,0.0,1,132.0,0.225118800997734,22.0,True Negative
Geastraceae,,Fungi,0,0,0.05901244983135829,0.0,1,173.0,0.1313343346118927,27.0,True Negative
Phoebis sennae marcellina,Marcellina Sulphur,Insecta,0,0,0.05890386540927551,0.0,1,175.0,0.2064894139766693,28.0,True Negative
Clitocybe fragrans,Fragrant Funnel,Fungi,0,0,0.05878678756052155,0.0,3,104.0,0.16928341488043464,23.666666666666668,True Negative
Schistocerca lineata,Spotted Bird Grasshopper,Insecta,0,0,0.058724905293640384,0.0,7,86.0,0.17373142497880115,24.428571428571427,True Negative
Paltothemis,Rock Skimmers,Insecta,0,0,0.058664156000698735,0.0,1,124.0,0.1654720902442932,30.0,True Negative
Bucephala islandica,Barrow's Goldeneye,Aves,0,0,0.05862962094559216,0.0,1,87.0,0.1227598115801811,28.0,True Negative
Tringa melanoleuca,Greater Yellowlegs,Aves,0,0,0.05856120799317619,0.0,3,142.66666666666666,0.097378651301066,17.333333333333332,True Negative
Ardea,Great Herons and Egrets,Aves,0,0,0.05855516894733353,0.0,1,162.0,0.0961253643035888,0.0,True Negative
Larinae,Gulls,Aves,0,0,0.05855516894733353,0.0,1,162.0,0.0961253643035888,0.0,True Negative
Miscophini,,Insecta,0,0,0.05855335596030838,0.0,3,89.0,0.1357074677944183,28.0,True Negative
Satyrium sylvinus desertorum,Desert Hairstreak,Insecta,0,0,0.05843945765567397,0.0,7,101.14285714285714,0.17212401224034166,25.428571428571427,True Negative
Canis latrans clepticus,San Pedro Martir Coyote,Mammalia,0,0,0.05842032383963898,0.0,1,184.0,0.2031860500574112,29.0,True Negative
Verbascum,mulleins,Plantae,0,0,0.05830974526807085,0.0,1,109.0,0.1576910763978958,30.0,True Negative
Neospintharus,,Arachnida,0,0,0.058274563142334077,0.0,1,100.0,0.1558219939470291,26.0,True Negative
Pepsinae,,Insecta,0,0,0.05827229147662438,0.0,2,96.0,0.15815094858407974,27.5,True Negative
Nematomorpha,Horsehair Worms,Animalia,0,0,0.05826120869288462,0.0,3,113.66666666666667,0.1726886431376139,29.0,True Negative
Tettigoniidea,"Katydids, wētā, and allies",Insecta,0,0,0.05806614798707462,0.0,1,98.0,0.1002290025353431,27.0,True Negative
Sympetrum illotum,Cardinal Meadowhawk,Insecta,0,0,0.05797650307760826,0.0,4,76.5,0.23547436669468877,29.5,True Negative
Phasianus colchicus,Ring-necked Pheasant,Aves,0,0,0.057975434081274896,0.0,1,90.0,0.1587913781404495,19.0,True Negative
Amphichroum floribundum,,Insecta,0,0,0.057970005883343334,0.0,1,94.0,0.1316694319248199,23.0,True Negative
Protonotaria citrea,Prothonotary Warbler,Aves,0,0,0.05796946733680265,0.0,2,188.0,0.21273276582360268,26.0,True Negative
Microbembex,,Insecta,0,0,0.057901698942936314,0.0,3,117.33333333333333,0.19468111296494794,26.0,True Negative
Phaeophyscia hirsuta,Hairy Shadow Lichen,Fungi,0,0,0.05788895226787275,0.0,1,95.0,0.1069235354661941,26.0,True Negative
Ficus,Figs,Plantae,0,0,0.05777688092524942,0.0,1,117.0,0.2146394550800323,20.0,True Negative
Cortinariaceae,,Fungi,0,0,0.05767930030366037,0.0,3,204.33333333333334,0.19263131419817603,28.333333333333332,True Negative
Populus deltoides,Eastern Cottonwood,Plantae,0,0,0.05765661271275137,0.0,2,92.0,0.16239184141159055,19.0,True Negative
Asterellopsis,,Plantae,0,0,0.057515645417084815,0.0,2,107.0,0.1793006807565689,28.0,True Negative
Arogochila,,Insecta,0,0,0.05750823024197871,0.0,3,88.33333333333333,0.15803568561871842,27.0,True Negative
Crassulaceae,stonecrop family,Plantae,0,0,0.057500154310178915,0.0,1,92.0,0.1570837944746017,26.0,True Negative
Nematoda,Nematodes,Animalia,0,0,0.057433146198680375,0.0,1,160.0,0.163330391049385,28.0,True Negative
Epilobium ciliatum ciliatum,fringed willowherb,Plantae,0,0,0.05735063203099571,0.0,1,105.0,0.1737361699342727,20.0,True Negative
Digrammia irrorata,Pale-lined Angle,Insecta,0,0,0.05730546100573678,0.0,12,99.75,0.19156515598297116,25.75,True Negative
Solidago velutina,velvety goldenrod,Plantae,0,0,0.05724457630298896,0.0,3,118.33333333333333,0.18910624583562208,22.333333333333332,True Negative
Cystotheca lanestris,Live Oak Witches' Broom Fungus,Fungi,0,0,0.05719590382323441,0.0,1,102.0,0.1525071263313293,31.0,True Negative
Monoxia,,Insecta,0,0,0.05717051445419453,0.0,3,96.66666666666667,0.16010204454263047,30.0,True Negative
Colubridae,Colubrid Snakes,Reptilia,0,0,0.057100504921537155,0.0,2,98.0,0.09320551902055739,25.5,True Negative
Madia gracilis,grassy tarweed,Plantae,0,0,0.057065534703064955,0.0,5,81.6,0.17020635902881623,19.6,True Negative
Cardamineae,,Plantae,0,0,0.057052660312282066,0.0,1,50.0,0.2063745707273483,30.0,True Negative
Pectinatinae,,Fungi,0,0,0.05690703769330689,0.0,1,217.0,0.1643585413694381,27.0,True Negative
Pelastoneurus,,Insecta,0,0,0.05688795024383936,0.0,2,88.0,0.1573073491454124,27.5,True Negative
Emesaya,,Insecta,0,0,0.056767432101015584,0.0,4,96.25,0.19506905600428578,28.75,True Negative
Peleteria,,Insecta,0,0,0.05676456518259645,0.0,5,105.2,0.16651452183723445,27.4,True Negative
Aleuroparadoxus,,Insecta,0,0,0.05676304661860582,0.0,1,94.0,0.1597203910350799,19.0,True Negative
Corythucha incurvata,Toyon Lace Bug,Insecta,0,0,0.05676304661860582,0.0,1,94.0,0.1597203910350799,19.0,True Negative
Flatidae,Flatid Planthoppers,Insecta,0,0,0.05676304661860582,0.0,1,94.0,0.1597203910350799,19.0,True Negative
Tanypus,,Insecta,0,0,0.05676304661860582,0.0,1,94.0,0.1597203910350799,19.0,True Negative
Ammodramus savannarum perpallidus,Western Grasshopper Sparrow,Aves,0,0,0.056703288788946295,0.0,1,97.0,0.1341412812471389,30.0,True Negative
Xerotricha conspurcata,European Snail,Mollusca,0,0,0.05658665999055413,0.0,1,100.0,0.1558219939470291,26.0,True Negative
Dicheirus piceus,,Insecta,0,0,0.056584559283413126,0.0,4,106.25,0.16124355420470235,28.25,True Negative
Eusphyrus,,Insecta,0,0,0.05656229528988473,0.0,1,50.0,0.2294553518295288,31.0,True Negative
Empidonax hammondii,Hammond's Flycatcher,Aves,0,0,0.05655228596679118,0.0,4,74.75,0.23957564309239388,24.75,True Negative
Plantago ovata,Desert Plantain,Plantae,0,0,0.056549865279159034,0.0,1,49.0,0.2573425471782684,30.0,True Negative
Eriogonum gracile,Slender Woolly Buckwheat,Plantae,0,0,0.05653523687190268,0.0,7,102.28571428571429,0.17488214480025424,30.142857142857142,True Negative
Chara vulgaris,common stonewort,Plantae,0,0,0.05637051834421635,0.0,1,177.0,0.2179738879203796,30.0,True Negative
Paralimna thomae,,Insecta,0,0,0.05635442295339871,0.0,2,192.5,0.20620960742235178,27.0,True Negative
Melissa officinalis officinalis,,Plantae,0,0,0.05628922957754186,0.0,1,172.0,0.1930072456598281,28.0,True Negative
Macrorhoptus,,Insecta,0,0,0.05627279755675605,0.0,1,105.0,0.1600061058998108,31.0,True Negative
Anser anser domesticus × cygnoides domesticus,Domestic Greylag × Domestic Swan Goose,Aves,0,0,0.05619517213935271,0.0,58,164.27586206896552,0.08340127250392405,22.46551724137931,True Negative
Leiothlypis luciae,Lucy's Warbler,Aves,0,0,0.05610557194133507,0.0,2,162.0,-0.0073850345797836,0.0,True Negative
Bacillaria,,Chromista,0,0,0.055743322388007145,0.0,1,61.0,0.2529889345169067,24.0,True Negative
Euphagus cyanocephalus,Brewer's Blackbird,Aves,0,0,0.05571433821055136,0.0,136,164.02205882352942,0.08934447972740811,22.86764705882353,True Negative
Phalaris paradoxa,Awned Canary-grass,Plantae,0,0,0.055685186080739676,0.0,2,105.5,0.19685946404933924,30.5,True Negative
Apiocera,Flower-loving Flies,Insecta,0,0,0.05566019380193529,0.0,5,74.8,0.19034377932548519,22.2,True Negative
Polycauliona ignea,Flame Firedot Lichen,Fungi,0,0,0.05549663493173912,0.0,2,95.5,0.14374513179063791,30.0,True Negative
Attalina,,Insecta,0,0,0.0554628630268761,0.0,5,105.0,0.1671895891427993,27.0,True Negative
Narcissus pseudonarcissus,wild daffodil,Plantae,0,0,0.05541215425539148,0.0,1,59.0,0.1968128383159637,22.0,True Negative
Stephanomeria virgata pleurocarpa,,Plantae,0,0,0.0552514416801579,0.0,1,186.0,0.1738212406635284,25.0,True Negative
Tempyra biguttula,Large-spotted Seed Bug,Insecta,0,0,0.05524225811707462,0.0,1,100.0,0.1546764820814132,26.0,True Negative
Ephemerocybe impatiens,,Fungi,0,0,0.05515271389079446,0.0,1,179.0,0.1367153227329254,30.0,True Negative
Neoterpes edwardsata,,Insecta,0,0,0.05514526975742163,0.0,1,98.0,0.1329325288534164,30.0,True Negative
Galgula partita,Wedgling Moth,Insecta,0,0,0.05507552075569174,0.0,1,94.0,0.1579520255327224,30.0,True Negative
Aythya americana,Redhead,Aves,0,0,0.05503619650597307,0.0,120,163.275,0.05639151153154669,20.641666666666666,True Negative
Pseudosperma sororium,Corn-silk Fiberhead,Fungi,0,0,0.05501203770828674,0.0,1,95.0,0.1779378354549408,23.0,True Negative
Prodoxus marginatus,,Insecta,0,0,0.05499675807559161,0.0,3,79.33333333333333,0.1672645956277847,24.666666666666668,True Negative
Ramaria,Coral Fungi,Fungi,0,0,0.05495466375085601,0.0,1,162.0,0.1527498215436935,26.0,True Negative
Euandrena,,Insecta,0,0,0.05492650581196274,0.0,1,165.0,0.1680243462324142,25.0,True Negative
Stachys bullata,California Hedge Nettle,Plantae,0,0,0.054895554317786296,0.0,1,127.0,0.1965796500444412,30.0,True Negative
Mesovelia mulsanti,Mulsant's Water Treader,Insecta,0,0,0.05471788561594309,0.0,1,164.0,0.1676268130540847,27.0,True Negative
Eragrostis barrelieri,Mediterranean lovegrass,Plantae,0,0,0.054640217875486244,0.0,1,94.0,0.1579520255327224,30.0,True Negative
Ailanthus altissima,tree-of-heaven,Plantae,0,0,0.05463956016073078,0.0,25,94.2,0.1940032434463501,26.56,True Negative
Cambaridae,Cambarid Crayfishes,Animalia,0,0,0.054629684403225943,0.0,8,95.625,0.19232717342674727,27.125,True Negative
Xylocopinae,Carpenter Bees,Insecta,0,0,0.054564861462203046,0.0,1,198.0,0.1727459281682968,31.0,True Negative
Phoenix,date palms,Plantae,0,0,0.054550435042359326,0.0,2,125.0,0.1847141906619072,28.0,True Negative
Greya,,Insecta,0,0,0.05441406210349009,0.0,1,80.0,0.1645796149969101,19.0,True Negative
Lampyridae,Fireflies,Insecta,0,0,0.05439939752350247,0.0,1,66.0,0.162092849612236,31.0,True Negative
Calystegia macrostegia intermedia,,Plantae,0,0,0.05439344627211506,0.0,2,123.5,0.19199917465448374,25.5,True Negative
Epitragini,,Insecta,0,0,0.05436201232875912,0.0,2,93.0,0.134174533188343,27.0,True Negative
Neotoma bryanti,Bryant's Woodrat,Mammalia,0,0,0.05435003774688293,0.0,3,100.0,0.1656357298294703,24.666666666666668,True Negative
Phenacoccus artemisiae,,Insecta,0,0,0.05430858331074761,0.0,1,190.0,0.1751246154308319,29.0,True Negative
Sphyrapicus,Sapsuckers,Aves,0,0,0.0542834778708064,0.0,3,124.33333333333333,0.20517171422640476,27.333333333333332,True Negative
Centrarchidae,Freshwater Sunfishes,Actinopterygii,0,0,0.05425816168629003,0.0,1,58.0,0.2423871159553527,22.0,True Negative
Bostrichidae,Auger Beetles,Insecta,0,0,0.054215094762362324,0.0,3,99.66666666666667,0.1570739299058914,30.666666666666668,True Negative
Aglaothorax nesiazo,Peninsular Shieldback,Insecta,0,0,0.05409554565881026,0.0,4,91.75,0.1617551483213901,26.5,True Negative
Hypera postica,Alfalfa Weevil,Insecta,0,0,0.05406815698791039,0.0,2,227.0,0.17777201533317566,27.0,True Negative
Argia sedula,Blue-ringed Dancer,Insecta,0,0,0.054050116210562014,0.0,4,79.5,0.23365624621510503,29.5,True Negative
Inocybe insinuata,,Fungi,0,0,0.054035859856705656,0.0,6,96.66666666666667,0.19112262129783622,28.333333333333332,True Negative
Acrolophus pyramellus,,Insecta,0,0,0.05398278993532292,0.0,1,93.0,0.1009743586182594,27.0,True Negative
Acrolophus quadrellus,,Insecta,0,0,0.05398278993532292,0.0,1,93.0,0.1009743586182594,27.0,True Negative
Amydria curvistrigella,,Insecta,0,0,0.05398278993532292,0.0,1,93.0,0.1009743586182594,27.0,True Negative
Chionodes,,Insecta,0,0,0.05398278993532292,0.0,1,93.0,0.1009743586182594,27.0,True Negative
Chionodes dentella,,Insecta,0,0,0.05398278993532292,0.0,1,93.0,0.1009743586182594,27.0,True Negative
Coleophora cratipennella,Streaked Coleophora Moth,Insecta,0,0,0.05398278993532292,0.0,1,93.0,0.1009743586182594,27.0,True Negative
Culiseta inornata,Winter Marsh Mosquito,Insecta,0,0,0.05398278993532292,0.0,1,93.0,0.1009743586182594,27.0,True Negative
Edrotini,,Insecta,0,0,0.05398278993532292,0.0,1,93.0,0.1009743586182594,27.0,True Negative
Oegoconia,,Insecta,0,0,0.05398278993532292,0.0,1,93.0,0.1009743586182594,27.0,True Negative
Olethreutini,,Insecta,0,0,0.05398278993532292,0.0,1,93.0,0.1009743586182594,27.0,True Negative
Trioza bakeri,,Insecta,0,0,0.05398278993532292,0.0,1,93.0,0.1009743586182594,27.0,True Negative
Verpa bohemica,wrinkled thimble morel,Fungi,0,0,0.05381953411411678,0.0,1,109.0,0.1333453357219696,28.0,True Negative
Eumorpha achemon,Achemon Sphinx,Insecta,0,0,0.05371947992160128,0.0,5,98.8,0.1570446357131004,28.2,True Negative
Lauxaniidae,Lauxaniid Flies,Insecta,0,0,0.053714981972192204,0.0,5,114.6,0.19288524389266964,30.0,True Negative
Parasitinae,,Arachnida,0,0,0.053705617652711375,0.0,1,148.0,0.220118910074234,28.0,True Negative
Berula erecta,cutleaf water parsnip,Plantae,0,0,0.05368855612193835,0.0,1,169.0,0.1923346668481826,27.0,True Negative
Cladonia firma,Firm Cup Lichen,Fungi,0,0,0.05362784378706998,0.0,1,266.0,0.172259584069252,29.0,True Negative
Anax walsinghami,Giant Darner,Insecta,0,0,0.05361606071311226,0.0,6,102.83333333333333,0.16940636436144507,26.333333333333332,True Negative
Ericameria palmeri,Palmer's goldenbush,Plantae,0,0,0.05359082329197156,0.0,3,110.33333333333333,0.17817375560601548,24.666666666666668,True Negative
Mentha pulegium,Pennyroyal,Plantae,0,0,0.05339399238548249,0.0,1,165.0,0.1773976236581802,32.0,True Negative
Spizella breweri,Brewer's Sparrow,Aves,0,0,0.05337342146475007,0.0,1,181.0,0.299631655216217,28.0,True Negative
Coprinus,inky caps,Fungi,0,0,0.05318945726388939,0.0,1,162.0,0.13843634724617,0.0,True Negative
Dimorphotheca ecklonis,blue-and-white daisybush,Plantae,0,0,0.053161926832042725,0.0,2,167.0,0.2000582218170166,26.0,True Negative
Ganoderma,"Artist's Brackets, Reishi, and Allies",Fungi,0,0,0.05293612819533557,0.0,4,83.25,0.18141817860305307,27.75,True Negative
Coprinellus flocculosus,flocculose inkcap,Fungi,0,0,0.05289434213787534,0.0,1,174.0,0.1045121252536773,27.0,True Negative
Rhynchophorini,,Insecta,0,0,0.052863784726362856,0.0,1,169.0,0.1740160882472992,26.0,True Negative
Ceutorhynchus obstrictus,Cabbage seed Weevil,Insecta,0,0,0.05280638705175197,0.0,1,92.0,0.1617161482572555,19.0,True Negative
Smerinthus,Eyed Hawkmoths,Insecta,0,0,0.052776365580269394,0.0,2,101.0,0.1570739299058914,30.0,True Negative
Tarzetta,,Fungi,0,0,0.05273353718381471,0.0,1,173.0,0.1362051367759704,25.0,True Negative
Thelephora,,Fungi,0,0,0.05245424014468322,0.0,2,105.5,0.09431545250117775,23.5,True Negative
Ponometia candefacta,Olive-shaded Bird-dropping Moth,Insecta,0,0,0.05242884933882336,0.0,9,99.66666666666667,0.18047822680738235,27.666666666666668,True Negative
Peromyscus eremicus,Cactus Deermouse,Mammalia,0,0,0.05236146349509867,0.0,2,133.5,0.17643452435731885,28.5,True Negative
Niditinea,,Insecta,0,0,0.052271714791477276,0.0,2,93.0,0.1009743586182594,27.0,True Negative
Tersilochinae,,Insecta,0,0,0.052234210201353444,0.0,1,60.0,0.2254670709371566,22.0,True Negative
Rabdophaga,Willow Gall Midges,Insecta,0,0,0.05208623212706305,0.0,4,93.25,0.20000305399298665,24.0,True Negative
Corvidae,"Crows, Jays, and Magpies",Aves,0,0,0.052046024800771196,0.0,1,171.0,0.1899416297674179,32.0,True Negative
Poecile gambeli,Mountain Chickadee,Aves,0,0,0.0520058516169855,0.0,1,153.0,0.1975805163383484,25.0,True Negative
Lygaeinae,,Insecta,0,0,0.051990406457242726,0.0,2,123.5,0.192144937813282,27.0,True Negative
Aspicilia cinerea,cinder lichen,Fungi,0,0,0.05192771779664257,0.0,3,152.33333333333334,0.17605821788311005,26.0,True Negative
Aphis gossypii,Melon Aphid,Insecta,0,0,0.051890665406007605,0.0,3,134.66666666666666,0.2218596562743187,28.666666666666668,True Negative
Rosa,roses,Plantae,0,0,0.05188323784270839,0.0,25,87.52,0.1927190119028091,26.36,True Negative
Symphyotrichum,American asters,Plantae,0,0,0.0518577868438292,0.0,1,172.0,0.2468222379684448,27.0,True Negative
Russula maculata,,Fungi,0,0,0.05179663670733414,0.0,3,142.0,0.1814338117837905,29.666666666666668,True Negative
Ameiurus natalis,Yellow Bullhead,Actinopterygii,0,0,0.05177559439425345,0.0,4,72.75,0.22067688405513758,27.25,True Negative
Glaphyridae,Bumble Bee Scarab Beetles,Insecta,0,0,0.05175909977077884,0.0,1,93.0,0.1626973897218704,27.0,True Negative
Leucospidae,,Insecta,0,0,0.051723177288526545,0.0,1,182.0,0.1953189074993133,29.0,True Negative
Toxomerus politus,Maize Calligrapher,Insecta,0,0,0.051723177288526545,0.0,1,182.0,0.1953189074993133,29.0,True Negative
Tinea,,Insecta,0,0,0.05161403285724676,0.0,3,93.0,0.13378630330165228,27.0,True Negative
Psora cerebriformis,Cerebral Fishscale Lichen,Fungi,0,0,0.05145861286237987,0.0,2,222.5,0.16622253507375714,26.5,True Negative
Dysphania ambrosioides,Mexican tea,Plantae,0,0,0.051452817046464615,0.0,7,91.57142857142857,0.1906029496874128,28.142857142857142,True Negative
Diplachne fusca uninervia,mexican sprangletop,Plantae,0,0,0.05128398138130036,0.0,1,171.0,0.1634690463542938,30.0,True Negative
Hesperotettix,,Insecta,0,0,0.051251011897851646,0.0,1,94.0,0.1364107280969619,27.0,True Negative
Nathalis iole iole,,Insecta,0,0,0.051251011897851646,0.0,1,94.0,0.1364107280969619,27.0,True Negative
Temnoscheila chlorodia,Pine Trogossitid Beetle,Insecta,0,0,0.051251011897851646,0.0,1,94.0,0.1364107280969619,27.0,True Negative
Corixinae,,Insecta,0,0,0.05121716428283929,0.0,4,73.0,0.2395623587071895,24.5,True Negative
Helianthus californicus,California sunflower,Plantae,0,0,0.051141502422130884,0.0,2,126.5,0.2126246243715286,26.5,True Negative
Petrochelidon pyrrhonota,Cliff Swallow,Aves,0,0,0.05111148958819874,0.0,57,142.94736842105263,0.11303783411552244,23.07017543859649,True Negative
Lactarius rubidus,Candy Cap,Fungi,0,0,0.05109211397204627,0.0,5,100.6,0.2110812127590179,28.4,True Negative
Aphis,,Insecta,0,0,0.05101933102417214,0.0,5,104.2,0.17872689962387084,24.4,True Negative
Romneya coulteri × trichocalyx,,Plantae,0,0,0.050931457269450246,0.0,19,92.73684210526316,0.19368010602499308,26.105263157894736,True Negative
Hololepta,,Insecta,0,0,0.05072660405104722,0.0,1,145.0,0.217477262020111,28.0,True Negative
Lygaeus,,Insecta,0,0,0.05060763032115355,0.0,1,131.0,0.1758192032575607,29.0,True Negative
Litaneutria ocularis,Obscure Ground Mantis,Insecta,0,0,0.05058602178316663,0.0,2,139.0,0.18012076616287231,28.5,True Negative
Exidia glandulosa,Black Witches' Butter,Fungi,0,0,0.05056408328242157,0.0,9,96.88888888888889,0.17883064183923927,26.0,True Negative
Liliaceae,lily family,Plantae,0,0,0.05055041185853259,0.0,1,199.0,0.2036872804164886,27.0,True Negative
Schizophyllum amplum,poplar bells,Fungi,0,0,0.05048738773090895,0.0,2,88.5,0.1100703105330467,23.5,True Negative
Scutelleridae,Jewel Bugs,Insecta,0,0,0.05044369374135155,0.0,2,107.5,0.157825581729412,29.5,True Negative
Alismatales,"Aroids, Water Plantains, Seagrass, and allies",Plantae,0,0,0.05034723763673221,0.0,2,85.0,0.16756805032491678,26.0,True Negative
Dolichopus,,Insecta,0,0,0.05030117910967013,0.0,1,193.0,0.2096334993839264,27.0,True Negative
Hemerobiiformia,Lacewings and Allies,Insecta,0,0,0.0502957067557013,0.0,1,165.0,0.1622832864522934,31.0,True Negative
Ustilago bullata,brome smut fungus,Fungi,0,0,0.05021047310268294,0.0,1,52.0,0.1812254041433334,31.0,True Negative
Eleocharis parishii,Parish's spikerush,Plantae,0,0,0.05012777916163387,0.0,3,85.66666666666667,0.19553498427073157,30.0,True Negative
Phasmida,Stick Insects,Insecta,0,0,0.05010550341903803,0.0,2,91.0,0.1598558165132999,25.5,True Negative
Oxyura jamaicensis,Ruddy Duck,Aves,0,0,0.05008841399130257,0.0,240,140.80833333333334,0.09685803249230956,22.804166666666667,True Negative
Selasphorus calliope,Calliope Hummingbird,Aves,0,0,0.050057863517299406,0.0,1,119.0,0.1932240724563598,20.0,True Negative
Sciuridae,Squirrels,Mammalia,0,0,0.05000586415234477,0.0,2,129.5,0.21966036409139628,30.0,True Negative
Boarmiini,,Insecta,0,0,0.04975247512650624,0.0,4,107.5,0.17579553462564942,21.75,True Negative
Isolepis cernua,Slender Clubrush,Plantae,0,0,0.049530936494948614,0.0,2,120.5,0.21869944781064984,31.0,True Negative
Megastigmus transvaalensis,Peppertree Seed Chalcid,Insecta,0,0,0.049356932994715975,0.0,1,166.0,0.1824396103620529,32.0,True Negative
Mosillus tibialis,,Insecta,0,0,0.049356932994715975,0.0,1,166.0,0.1824396103620529,32.0,True Negative
Empidonax wrightii,Gray Flycatcher,Aves,0,0,0.04933816366198397,0.0,2,117.5,0.198045939207077,20.0,True Negative
Bryolymnia viridata,,Insecta,0,0,0.04923141968568681,0.0,2,100.0,0.1570739299058914,30.5,True Negative
Laetilia dilatifasciella,,Insecta,0,0,0.04923141968568681,0.0,2,100.0,0.1570739299058914,30.5,True Negative
Tehama bonifatella,Western Lawn Moth,Insecta,0,0,0.04923141968568681,0.0,2,100.0,0.1570739299058914,30.5,True Negative
Parasola conopilea,conical brittlestem,Fungi,0,0,0.049154918909423306,0.0,9,94.55555555555556,0.17241568697823415,28.333333333333332,True Negative
Ludwigia grandiflora,large-flowered primrose-willow,Plantae,0,0,0.04909153500179076,0.0,2,87.5,0.1595843322575092,28.0,True Negative
Cactophagus spinolae validus,,Insecta,0,0,0.04904445521541881,0.0,2,166.0,0.173472486436367,28.5,True Negative
Scraptiidae,False Flower Beetles,Insecta,0,0,0.048984858954434274,0.0,2,127.0,0.20682134479284286,27.5,True Negative
Pulchroboletus,,Fungi,0,0,0.04893240574492519,0.0,1,95.0,0.1769675016403198,28.0,True Negative
Placidium acarosporoides,,Fungi,0,0,0.04874070930405099,0.0,1,251.0,0.1707854866981506,29.0,True Negative
Phytoplasma,,,0,0,0.04866381398276103,0.0,1,66.0,0.162092849612236,31.0,True Negative
Alyssontini,,Insecta,0,0,0.048555326795433305,0.0,1,163.0,0.2012988626956939,27.0,True Negative
Brachystoma occidentale,,Insecta,0,0,0.048555326795433305,0.0,1,163.0,0.2012988626956939,27.0,True Negative
Cydninae,,Insecta,0,0,0.048555326795433305,0.0,1,163.0,0.2012988626956939,27.0,True Negative
Ichneumonini,,Insecta,0,0,0.048555326795433305,0.0,1,163.0,0.2012988626956939,27.0,True Negative
Toxophora virgata,,Insecta,0,0,0.048555326795433305,0.0,1,163.0,0.2012988626956939,27.0,True Negative
Tectipleura,,Mollusca,0,0,0.04853665992309777,0.0,1,64.0,0.1655327081680297,22.0,True Negative
Psyllobora,Fungus-eating Lady Beetles,Insecta,0,0,0.048511153588753096,0.0,1,94.0,0.1451135426759719,27.0,True Negative
Anthocharis,Orangetips,Insecta,0,0,0.048490526552156785,0.0,2,79.5,0.18090522289276117,24.5,True Negative
Hyphantria cunea,Fall Webworm Moth,Insecta,0,0,0.048316597460222446,0.0,1,81.0,0.227133497595787,29.0,True Negative
Leucochrysa,,Insecta,0,0,0.048316597460222446,0.0,1,81.0,0.227133497595787,29.0,True Negative
Paraphlepsius,,Insecta,0,0,0.04822073330901873,0.0,3,96.33333333333333,0.13407750427722928,28.333333333333332,True Negative
Cuscuta californica californica,,Plantae,0,0,0.04819144270814511,0.0,3,101.66666666666667,0.17372992386420563,26.666666666666668,True Negative
Paranthrene robiniae,Western Poplar Clearwing Moth,Insecta,0,0,0.048069195758134835,0.0,6,102.16666666666667,0.17821896697084105,26.166666666666668,True Negative
Helminthotheca,,Plantae,0,0,0.048045071053805996,0.0,3,93.66666666666667,0.192688708504041,29.333333333333332,True Negative
Urtica gracilis,slender stinging nettle,Plantae,0,0,0.04798535978383851,0.0,3,115.33333333333333,0.23524909218152357,27.0,True Negative
Callophrys augustinus iroides,Western Brown Elfin,Insecta,0,0,0.04793216784535581,0.0,1,107.0,0.1518051773309707,28.0,True Negative
Melampsora medusae,,Fungi,0,0,0.04789858348995193,0.0,4,89.25,0.20151642337441442,28.5,True Negative
Neriene,,Arachnida,0,0,0.04756599647489728,0.0,1,61.0,0.2423871159553527,22.0,True Negative
Zonotrichia albicollis,White-throated Sparrow,Aves,0,0,0.04754570405077241,0.0,1,201.0,0.2556959986686706,27.0,True Negative
Rattus,Old World Rats,Mammalia,0,0,0.04750595360503253,0.0,1,98.0,0.3077359795570373,30.0,True Negative
Navicula,,Chromista,0,0,0.04750593054292735,0.0,1,59.0,0.1862237155437469,22.0,True Negative
Olios giganteus,Giant Crab Spider,Arachnida,0,0,0.04742296795493642,0.0,1,99.0,0.1570739299058914,31.0,True Negative
Pholiota highlandensis,Bonfire Scalycap,Fungi,0,0,0.047338492807665764,0.0,1,171.0,0.1662819236516952,30.0,True Negative
Anas platyrhynchos × cairina moschata,Mallard × Muscovy Duck,Aves,0,0,0.04730476856198778,0.0,34,163.2058823529412,0.08010665278005247,22.11764705882353,True Negative
Argia hinei,Lavender Dancer,Insecta,0,0,0.047273037524108476,0.0,6,98.33333333333333,0.18883610765139255,28.166666666666668,True Negative
Neokolla,,Insecta,0,0,0.04723444618573997,0.0,2,89.5,0.16878293827176089,23.0,True Negative
Polydesmida,Flat-backed Millipedes,Animalia,0,0,0.04721614499913399,0.0,4,92.75,0.19494350627064705,25.0,True Negative
Pterophorinae,,Insecta,0,0,0.04719143755049101,0.0,1,91.0,0.2108102142810821,19.0,True Negative
Sphyrapicus nuchalis,Red-naped Sapsucker,Aves,0,0,0.04711823543103426,0.0,2,128.5,0.1940753385424614,30.5,True Negative
Torilidinae,,Plantae,0,0,0.04700851815040395,0.0,1,115.0,0.2055062502622604,30.0,True Negative
Trachelas,,Arachnida,0,0,0.046960436603693166,0.0,2,87.5,0.16058316826820368,23.0,True Negative
Menemerus,Wall Jumping Spiders,Arachnida,0,0,0.04691958430346354,0.0,1,167.0,0.1784447580575943,31.0,True Negative
Auplopus,,Insecta,0,0,0.04686297057968589,0.0,2,162.5,0.20266303420066828,27.0,True Negative
Thripidae,Common Thrips,Insecta,0,0,0.04683855689278022,0.0,1,185.0,0.1606733649969101,27.0,True Negative
Spilosoma vestalis,Vestal Tiger Moth,Insecta,0,0,0.046808545820651644,0.0,1,125.0,0.1817753911018371,30.0,True Negative
Pogona vitticeps,Central Bearded Dragon,Reptilia,0,0,0.04679287729672328,0.0,1,166.0,0.1675784140825271,30.0,True Negative
Cynodonteae,,Plantae,0,0,0.046781221287042186,0.0,3,89.66666666666667,0.1814679304758707,29.333333333333332,True Negative
Schoenoplectus pungens,three-square bulrush,Plantae,0,0,0.04672526488772809,0.0,24,89.83333333333333,0.19443940433363116,26.625,True Negative
Anastatus,,Insecta,0,0,0.04672320186601406,0.0,2,227.0,0.17777201533317566,27.0,True Negative
Trachemys scripta,Pond Slider,Reptilia,0,0,0.046668923170153934,0.0,24,104.16666666666667,0.1853483232359091,26.916666666666668,True Negative
Amphibolips,,Insecta,0,0,0.04662992647541253,0.0,6,94.33333333333333,0.1874735578894615,28.5,True Negative
Renardia,,Insecta,0,0,0.04654497030637978,0.0,1,59.0,0.1968128383159637,22.0,True Negative
Fuscoporia gilva,Mustard Yellow Polypore,Fungi,0,0,0.046488126007067934,0.0,4,94.75,0.22485274076461792,27.0,True Negative
Bibio albipennis,White-winged March Fly,Insecta,0,0,0.04635689856821578,0.0,2,88.5,0.1675784848630428,26.5,True Negative
Andropolia theodori,,Insecta,0,0,0.04632447738006368,0.0,1,88.0,0.1623749583959579,27.0,True Negative
Paramacronychiinae,,Insecta,0,0,0.04632447738006368,0.0,1,88.0,0.1623749583959579,27.0,True Negative
Stereum ochraceoflavum,,Fungi,0,0,0.046312119336229904,0.0,1,88.0,0.1623749583959579,27.0,True Negative
Parasola plicatilis,pleated inkcap,Fungi,0,0,0.04629661515738375,0.0,6,84.0,0.18346189955870307,25.0,True Negative
Linum usitatissimum,common flax,Plantae,0,0,0.04626692513855283,0.0,1,166.0,0.1824396103620529,32.0,True Negative
Bartramia laevisphaera,,Plantae,0,0,0.0460702356362581,0.0,1,80.0,0.1645796149969101,19.0,True Negative
Phalacrocoracidae,Cormorants and Shags,Aves,0,0,0.045961620130322844,0.0,3,111.66666666666667,0.18119110415379203,18.666666666666668,True Negative
Cleomella arborea globosa,Valley Bladderpod,Plantae,0,0,0.045953004181169155,0.0,1,215.0,0.1687408238649368,27.0,True Negative
Inocybaceae,Fibercaps and Allies,Fungi,0,0,0.0458683779793484,0.0,2,126.0,0.20593872666358945,26.5,True Negative
Geastrum fornicatum,Arched Earthstar,Fungi,0,0,0.045846215010961595,0.0,1,95.0,0.1558219939470291,26.0,True Negative
Mycetinis copelandii,garlic mushroom,Fungi,0,0,0.045846215010961595,0.0,1,95.0,0.1558219939470291,26.0,True Negative
Pseudolaccaria,,Fungi,0,0,0.045846215010961595,0.0,1,95.0,0.1558219939470291,26.0,True Negative
Hericium coralloides,Coral tooth fungus,Fungi,0,0,0.045800897464864376,0.0,3,134.66666666666666,0.18648048490285873,27.666666666666668,True Negative
Lemna minuta,Least Duckweed,Plantae,0,0,0.04573714372154548,0.0,17,91.11764705882354,0.18712516085189929,27.529411764705884,True Negative
Astacoidea,Northern Hemisphere Crayfishes,Animalia,0,0,0.04569473481083152,0.0,1,61.0,0.2423871159553527,22.0,True Negative
Larus californicus,California Gull,Aves,0,0,0.04567063116718931,0.0,87,163.72413793103448,0.07797761017074618,22.183908045977013,True Negative
Tragopogon,Salsifies,Plantae,0,0,0.045598288130283264,0.0,1,165.0,0.1764347702264785,29.0,True Negative
Suillelloideae,,Fungi,0,0,0.045584661190614786,0.0,2,132.5,0.1937545463442802,27.5,True Negative
Polygonum arenastrum,Oval Leaf Knotweed,Plantae,0,0,0.04557251258073988,0.0,1,51.0,0.2035715728998184,31.0,True Negative
Pieridae,"Whites, Yellows, and Sulphurs",Insecta,0,0,0.04548842435123425,0.0,2,137.0,0.1771667450666427,27.5,True Negative
Cenchrus clandestinus,Kikuyu Grass,Plantae,0,0,0.045333023813571315,0.0,1,61.0,0.2423871159553527,22.0,True Negative
Oreochromis,Tilapias,Actinopterygii,0,0,0.04523018736129327,0.0,1,50.0,0.2294553518295288,31.0,True Negative
Mordellistena,,Insecta,0,0,0.04515475100751236,0.0,2,134.0,0.1708233430981636,26.0,True Negative
Apiognomonia errabunda,Oak Anthracnose,Fungi,0,0,0.04508397172521347,0.0,2,92.0,0.1614233776926994,19.0,True Negative
Spizella atrogularis,Black-chinned Sparrow,Aves,0,0,0.04505659057143998,0.0,2,130.0,0.18223910033702845,26.0,True Negative
Polyporus,,Fungi,0,0,0.044955866227600845,0.0,3,148.0,0.19891303280989325,27.333333333333332,True Negative
Brackenridgia,,Animalia,0,0,0.04493563314543114,0.0,1,89.0,0.1666150689125061,28.0,True Negative
Platanus occidentalis,American sycamore,Plantae,0,0,0.044926878506300866,0.0,3,90.66666666666667,0.21995716293652845,24.333333333333332,True Negative
Scenopinidae,Window Flies,Insecta,0,0,0.044845397584211064,0.0,2,95.5,0.16711749136447906,29.0,True Negative
Sempervivoideae,,Plantae,0,0,0.04478392081797135,0.0,1,86.0,0.1948729306459427,26.0,True Negative
Peziza,Cups,Fungi,0,0,0.044667444455986735,0.0,3,128.0,0.18612826367219285,28.666666666666668,True Negative
Sphaerulina westendorpii,,Fungi,0,0,0.04463515875148167,0.0,1,94.0,0.1579520255327224,30.0,True Negative
Acrolophus kearfotti,,Insecta,0,0,0.04457822296359213,0.0,1,94.0,0.142529159784317,27.0,True Negative
Enoclerus quadrisignatus,White-belted Enoclerus,Insecta,0,0,0.044509627996198425,0.0,1,97.0,0.2015182822942733,20.0,True Negative
Prionychini,,Insecta,0,0,0.044509627996198425,0.0,1,97.0,0.2015182822942733,20.0,True Negative
Xerocomellus,,Fungi,0,0,0.04449246527356133,0.0,2,57.5,0.17559437453746796,23.0,True Negative
Digrammia pictipennata,,Insecta,0,0,0.044309432978204104,0.0,1,133.0,0.1816489845514297,29.0,True Negative
Rumex obtusifolius,broad-leaved dock,Plantae,0,0,0.04429092508308835,0.0,1,165.0,0.1912002563476562,32.0,True Negative
Lemna gibba,Fat Duckweed,Plantae,0,0,0.04418893149704348,0.0,1,182.0,0.1882278770208358,28.0,True Negative
Scobicia,,Insecta,0,0,0.044104636746153024,0.0,1,85.0,0.1720865368843078,29.0,True Negative
Colactidinae,,Animalia,0,0,0.044098305527607934,0.0,3,120.0,0.1710950930913289,26.666666666666668,True Negative
Ramularia rubella,,Fungi,0,0,0.04398530199006663,0.0,1,97.0,0.1499891430139541,27.0,True Negative
Echinothrips,,Insecta,0,0,0.04390927316900637,0.0,1,114.0,0.1634830385446548,28.0,True Negative
Hesperiini,,Insecta,0,0,0.04390927316900637,0.0,1,114.0,0.1634830385446548,28.0,True Negative
Polystepha,,Insecta,0,0,0.04390927316900637,0.0,1,114.0,0.1634830385446548,28.0,True Negative
Ageniella coronata,,Insecta,0,0,0.04380751520402037,0.0,4,98.0,0.2060155533254146,19.25,True Negative
Lecanora,Rim Lichens,Fungi,0,0,0.043801475634984204,0.0,2,129.5,0.19763248413801188,25.0,True Negative
Callirhytis quercusagrifoliae,Bud Gall Wasp,Insecta,0,0,0.04374071579307249,0.0,3,77.0,0.16403334836165104,27.666666666666668,True Negative
Brachydeutera sturtevanti,,Insecta,0,0,0.0437040441486046,0.0,2,120.0,0.19843204319477076,29.0,True Negative
Scirpus microcarpus,Panicled Bulrush,Plantae,0,0,0.043657456801649466,0.0,1,86.0,0.2293395400047302,26.0,True Negative
Clitopilus hobsonii,Miller's oysterling,Fungi,0,0,0.043382320546821694,0.0,3,146.66666666666666,0.18666784962018326,28.333333333333332,True Negative
Araneus diadematus,Cross Orbweaver,Arachnida,0,0,0.043360949610098135,0.0,2,81.5,0.1979572251439094,29.0,True Negative
Microplaninae,,Animalia,0,0,0.04326895761290543,0.0,2,101.0,0.1627661734819412,28.0,True Negative
Megaphorus megachile,,Insecta,0,0,0.04318136712858184,0.0,2,94.5,0.1670479699969291,28.5,True Negative
Florideophyceae,Florideophycean algae,Plantae,0,0,0.04313587683377071,0.0,1,103.0,0.2090554684400558,28.0,True Negative
Feltia,,Insecta,0,0,0.04308300779969448,0.0,1,88.0,0.1747820377349853,31.0,True Negative
Allocosa subparva,,Arachnida,0,0,0.04307574401028198,0.0,5,100.0,0.1787082970142364,25.0,True Negative
Anyphaena californica,,Arachnida,0,0,0.043006278320476286,0.0,1,87.0,0.1688441932201385,31.0,True Negative
Acusana,,Insecta,0,0,0.04294336806153377,0.0,1,184.0,0.2273882031440735,28.0,True Negative
Marasmius calhouniae,Calhoun's pinwheel,Fungi,0,0,0.04287445835295731,0.0,1,113.0,0.2559479773044586,28.0,True Negative
Abortiporus,,Fungi,0,0,0.042840093851057394,0.0,1,167.0,0.163186490535736,32.0,True Negative
Columba livia domestica,Feral Pigeon,Aves,0,0,0.04283853936799672,0.0,182,160.77472527472528,0.08090879233230343,22.346153846153847,True Negative
Pleurotus,Oyster Mushrooms,Fungi,0,0,0.04279983179597699,0.0,23,89.30434782608695,0.19168595661935595,27.130434782608695,True Negative
Atypoidea,,Arachnida,0,0,0.04269766004427324,0.0,1,165.0,0.1869482994079589,27.0,True Negative
Idiocerus cingulatus,,Insecta,0,0,0.0426390356109865,0.0,1,99.0,0.1570739299058914,31.0,True Negative
Metopoloba pruinosa,,Insecta,0,0,0.0426390356109865,0.0,1,99.0,0.1570739299058914,31.0,True Negative
Epeolus,Cellophane-cuckoo Bees,Insecta,0,0,0.042603948120613924,0.0,2,102.0,0.19264575093984598,30.5,True Negative
Chlaenius,Vivid Metallic Ground Beetles,Insecta,0,0,0.04256836132156416,0.0,6,96.33333333333333,0.20808741201957068,25.666666666666668,True Negative
Anticlea switzeraria,,Insecta,0,0,0.04253459302453615,0.0,1,165.0,0.1869482994079589,27.0,True Negative
Ululodes mexicanus,,Insecta,0,0,0.04253459302453615,0.0,1,165.0,0.1869482994079589,27.0,True Negative
Hoplitis grinnelli,Grinnell's Small-Mason,Insecta,0,0,0.04249890905171898,0.0,2,98.0,0.18891024962067599,25.0,True Negative
Corythucha confraterna,Western Sycamore Lace Bug,Insecta,0,0,0.042483210769604644,0.0,2,87.5,0.16158889979124064,26.5,True Negative
Scymninae,,Insecta,0,0,0.04237628906259583,0.0,1,87.0,0.1688441932201385,31.0,True Negative
Tephritis baccharis,,Insecta,0,0,0.04237628906259583,0.0,1,87.0,0.1688441932201385,31.0,True Negative
Thysanoptera,Thrips,Insecta,0,0,0.04237628906259583,0.0,1,87.0,0.1688441932201385,31.0,True Negative
Solidago velutina californica,California goldenrod,Plantae,0,0,0.04231862110035926,0.0,2,131.5,0.2068909481167793,25.5,True Negative
Physidae,Bladder Snails,Mollusca,0,0,0.0422821011273228,0.0,4,78.0,0.18028376623988146,27.5,True Negative
Cameraria,,Insecta,0,0,0.04226923381901376,0.0,1,89.0,0.1666150689125061,28.0,True Negative
Neandra marginicollis,,Insecta,0,0,0.04226923381901376,0.0,1,89.0,0.1666150689125061,28.0,True Negative
Taeniopterygidae,Winter Stoneflies,Insecta,0,0,0.04226923381901376,0.0,1,89.0,0.1666150689125061,28.0,True Negative
Xoridinae,,Insecta,0,0,0.04226923381901376,0.0,1,89.0,0.1666150689125061,28.0,True Negative
Eriopterini,,Insecta,0,0,0.042223976219311614,0.0,1,85.0,0.1623749583959579,27.0,True Negative
Sparganothis,,Insecta,0,0,0.042223976219311614,0.0,1,85.0,0.1623749583959579,27.0,True Negative
Corbicula,,Mollusca,0,0,0.04216694891448705,0.0,1,61.0,0.2423871159553527,22.0,True Negative
Yucca gloriosa,moundlily yucca,Plantae,0,0,0.0421155331108504,0.0,1,156.0,0.212121769785881,27.0,True Negative
Actitis macularius,Spotted Sandpiper,Aves,0,0,0.04209925742839768,0.0,53,158.35849056603774,0.0864560303524277,22.830188679245282,True Negative
Drassinella,,Arachnida,0,0,0.042069786879457505,0.0,1,100.0,0.1546764820814132,26.0,True Negative
Scotinella,,Arachnida,0,0,0.042069786879457505,0.0,1,100.0,0.1546764820814132,26.0,True Negative
Netelia,,Insecta,0,0,0.04198226473402645,0.0,2,99.0,0.1635503247380256,23.0,True Negative
Chilocorus,Twice-stabbed Lady Beetles,Insecta,0,0,0.04198179320248725,0.0,2,96.5,0.157413974404335,28.5,True Negative
Proctacanthus,Marauders,Insecta,0,0,0.04197397183799398,0.0,4,88.0,0.17427636310458178,27.25,True Negative
Aleyrodinae,,Insecta,0,0,0.04197139072025285,0.0,1,66.0,0.1808019280433654,21.0,True Negative
Lemna,Duckweeds,Plantae,0,0,0.0419595761907363,0.0,23,102.65217391304348,0.19833790737649665,26.73913043478261,True Negative
Colletotrichum,,Fungi,0,0,0.04195453604399233,0.0,1,93.0,0.1533644795417785,26.0,True Negative
Rallidae,"Rails, Gallinules, and Coots",Aves,0,0,0.04194734855306756,0.0,2,125.5,0.1741531640291214,29.0,True Negative
Acacia podalyriifolia,Queensland silver wattle,Plantae,0,0,0.04183665081541191,0.0,1,114.0,0.2160618901252746,20.0,True Negative
Euhexomyza schineri,Poplar Twiggall Fly,Insecta,0,0,0.04179938827223207,0.0,1,92.0,0.1686214506626129,19.0,True Negative
Machiloides,,Insecta,0,0,0.0417829946734882,0.0,1,92.0,0.155038297176361,28.0,True Negative
Agaricus subrutilescens,Wine-colored Agaricus,Fungi,0,0,0.041644276804177045,0.0,1,85.0,0.1623749583959579,27.0,True Negative
Geoplanidae,Land Planarians,Animalia,0,0,0.041631361364446146,0.0,4,102.5,0.21644348651170728,30.25,True Negative
Loxia curvirostra,Red Crossbill,Aves,0,0,0.04144692469270945,0.0,2,163.0,0.20743402838706965,26.5,True Negative
Orthotylus,,Insecta,0,0,0.04133326009137222,0.0,6,91.83333333333333,0.1623400809864203,26.833333333333332,True Negative
Phacelia ramosissima latifolia,,Plantae,0,0,0.041251442489895096,0.0,1,88.0,0.1663167774677276,23.0,True Negative
Liometopum occidentale,Western Velvety Tree Ant,Insecta,0,0,0.04121144858651146,0.0,1,118.0,0.220869243144989,30.0,True Negative
Melacoryphus admirabilis,,Insecta,0,0,0.04113520215779576,0.0,1,90.0,0.1502498835325241,28.0,True Negative
Chloridoideae,,Plantae,0,0,0.04112271838723385,0.0,1,93.0,0.1881922930479049,28.0,True Negative
Asiloidea,,Insecta,0,0,0.040974769938402336,0.0,1,167.0,0.1784447580575943,31.0,True Negative
Parmotrema,Ruffle Lichens,Fungi,0,0,0.040974081766578505,0.0,2,230.0,0.19748073071241373,23.5,True Negative
Ponometia nigra,,Insecta,0,0,0.040973965257618136,0.0,3,82.66666666666667,0.16371792554855338,26.666666666666668,True Negative
Graphocephala atropunctata,Blue-green Sharpshooter,Insecta,0,0,0.04084641567488419,0.0,10,93.5,0.1941466704010963,26.3,True Negative
Hyperaspis,Sigil Lady Beetles,Insecta,0,0,0.040662693704574523,0.0,1,146.0,0.2162368446588516,27.0,True Negative
Grylloidea,True Crickets and Allies,Insecta,0,0,0.04065679301670231,0.0,2,95.5,0.158255398273468,29.5,True Negative
Psocomorpha,,Insecta,0,0,0.04063376379409698,0.0,1,112.0,0.1651352494955063,30.0,True Negative
Stevenia deceptoria,Grizzled Woodlouse-fly,Insecta,0,0,0.04063376379409698,0.0,1,112.0,0.1651352494955063,30.0,True Negative
Heteromeles,,Plantae,0,0,0.04057551596986912,0.0,1,61.0,0.1986782103776931,22.0,True Negative
Meganoplium imbelle,,Insecta,0,0,0.04051865074231978,0.0,1,66.0,0.2057801485061645,21.0,True Negative
Santalaceae,sandalwood family,Plantae,0,0,0.04051431450617591,0.0,1,74.0,0.1704677641391754,29.0,True Negative
Corniculatae,Common Yellow Woodsorrels,Plantae,0,0,0.04041509258295211,0.0,1,95.0,0.1769675016403198,28.0,True Negative
Apatides fortis,,Insecta,0,0,0.04023266117449729,0.0,1,101.0,0.1570739299058914,30.0,True Negative
Aphodius,,Insecta,0,0,0.04023266117449729,0.0,1,101.0,0.1570739299058914,30.0,True Negative
Coleophora discostriata,,Insecta,0,0,0.04023266117449729,0.0,1,101.0,0.1570739299058914,30.0,True Negative
Nemapogon granella,European grain moth,Insecta,0,0,0.04023266117449729,0.0,1,101.0,0.1570739299058914,30.0,True Negative
Xestocephalus,,Insecta,0,0,0.04023266117449729,0.0,1,101.0,0.1570739299058914,30.0,True Negative
Eupteryx decemnotata,Ligurian Leafhopper,Insecta,0,0,0.04009739865066598,0.0,2,167.5,0.18964727967977518,26.5,True Negative
Polygonum aviculare,Prostrate Knotweed,Plantae,0,0,0.03998399896045794,0.0,2,73.0,0.17389191687107086,28.5,True Negative
Ulota,,Plantae,0,0,0.039969581017483595,0.0,1,118.0,0.1819903701543808,30.0,True Negative
Phytophthora ramorum,Sudden oak death,Chromista,0,0,0.03984702181517729,0.0,2,123.0,0.17978633195161814,27.0,True Negative
Vitis,grapevines,Plantae,0,0,0.039811069001745074,0.0,18,89.72222222222223,0.22190770506858823,26.666666666666668,True Negative
Hedera canariensis,Canary Islands Ivy,Plantae,0,0,0.039772132875389596,0.0,1,157.0,0.1881825923919677,27.0,True Negative
Poecilocapsus,,Insecta,0,0,0.03964380915244911,0.0,2,88.5,0.1628775298595428,22.5,True Negative
Chalcosyrphus,Leafwalkers,Insecta,0,0,0.039637937806828887,0.0,10,87.7,0.19664823263883588,26.2,True Negative
Marchantia polymorpha,Common Liverwort,Plantae,0,0,0.039626375380657185,0.0,1,107.0,0.1793006807565689,28.0,True Negative
Sidalcea malviflora californica,chaparral checkerbloom,Plantae,0,0,0.039626375380657185,0.0,1,107.0,0.1793006807565689,28.0,True Negative
Borago officinalis,Borage,Plantae,0,0,0.03957059763307041,0.0,17,101.94117647058823,0.2388806601657587,27.88235294117647,True Negative
Copestylum sexmaculatum,Six-spotted Bromeliad Fly,Insecta,0,0,0.03955646532545006,0.0,8,89.625,0.2006340706720948,25.0,True Negative
Apalone spinifera,Spiny Softshell,Reptilia,0,0,0.03946515627087801,0.0,1,157.0,0.1696707755327224,27.0,True Negative
Troglodytidae,Wrens,Aves,0,0,0.03941901662192457,0.0,4,103.0,0.17862790822982783,27.0,True Negative
Minettia,,Insecta,0,0,0.03935778528446341,0.0,2,125.5,0.20400737226009363,27.5,True Negative
Tiphiinae,,Insecta,0,0,0.03933925661587237,0.0,4,106.75,0.18078550323843956,22.0,True Negative
Heteropogon,,Insecta,0,0,0.0392022649721158,0.0,1,129.0,0.2067823708057403,30.0,True Negative
Hydrocotyle ranunculoides,floating marsh pennywort,Plantae,0,0,0.039154819724710244,0.0,1,171.0,0.2320447862148285,26.0,True Negative
Mycena pura,Lilac Bonnet,Fungi,0,0,0.039079899727158834,0.0,2,97.5,0.15918025374412534,28.5,True Negative
Cladonia ochrochlora,Smooth-footed Powderhorn,Fungi,0,0,0.038920906480623504,0.0,1,159.0,0.1731606274843216,30.0,True Negative
Stachys rigida rigida,rough hedgenettle,Plantae,0,0,0.038913377328293135,0.0,1,101.0,0.1765648275613784,29.0,True Negative
Agrilus quadriguttatus niveiventris,,Insecta,0,0,0.038859300108337526,0.0,8,90.75,0.22252529114484787,20.375,True Negative
Rosaceae,rose family,Plantae,0,0,0.038828963885827836,0.0,1,93.0,0.1714410781860351,19.0,True Negative
Elampini,,Insecta,0,0,0.03868571845069484,0.0,2,105.5,0.19604233652353284,23.0,True Negative
Emesini,,Insecta,0,0,0.03865060292067841,0.0,2,91.5,0.1930844634771347,24.5,True Negative
Ictaluridae,North American Freshwater Catfishes,Actinopterygii,0,0,0.038607633190292194,0.0,1,168.0,0.1722438335418701,31.0,True Negative
Apristus,,Insecta,0,0,0.03857724219726639,0.0,1,66.0,0.2355667501688003,22.0,True Negative
Diapriini,,Insecta,0,0,0.03857724219726639,0.0,1,66.0,0.1964076608419418,22.0,True Negative
Geotomini,,Insecta,0,0,0.03857724219726639,0.0,1,66.0,0.1964076608419418,22.0,True Negative
Heterocerus,,Insecta,0,0,0.03857724219726639,0.0,1,66.0,0.2355667501688003,22.0,True Negative
Tachyura,,Insecta,0,0,0.03857724219726639,0.0,1,66.0,0.2355667501688003,22.0,True Negative
Porotheleaceae,,Fungi,0,0,0.03844096140507925,0.0,1,78.0,0.1851466298103332,29.0,True Negative
Russula sanguinea,bloody brittlegill,Fungi,0,0,0.03844096140507925,0.0,1,78.0,0.1851466298103332,29.0,True Negative
Peziza ellipsospora,,Fungi,0,0,0.03834493250431108,0.0,1,110.0,0.1685183942317962,31.0,True Negative
Acarospora nicolai,,Fungi,0,0,0.03829101076288788,0.0,1,96.0,0.1611195802688598,28.0,True Negative
Geomyinae,,Mammalia,0,0,0.03828217619423248,0.0,2,99.5,0.1668972223997116,22.5,True Negative
Hyptiotes gertschi,Gertsch's Triangleweaver,Arachnida,0,0,0.038264316476536185,0.0,1,112.0,0.2439824491739273,30.0,True Negative
Cytospora,Cytospora Cankers,Fungi,0,0,0.03822570771062702,0.0,13,90.15384615384616,0.20510858411972335,27.153846153846153,True Negative
Myodochini,,Insecta,0,0,0.03815828162666554,0.0,1,112.0,0.2416154742240905,23.0,True Negative
Microvelia,,Insecta,0,0,0.03802348126362371,0.0,3,77.33333333333333,0.17559566597143803,29.0,True Negative
Passerella iliaca schistacea,Interior Slate-colored Fox Sparrow,Aves,0,0,0.03794473474045621,0.0,1,127.0,0.2013421356678009,28.0,True Negative
Polyporus tuberaster,tuberous polypore,Fungi,0,0,0.03787159663401149,0.0,3,139.0,0.1827477514743804,27.0,True Negative
Phyllodesma americana,American Lappet Moth,Insecta,0,0,0.03784527512275174,0.0,3,92.0,0.17075762649377182,22.0,True Negative
Parhelophilus laetus,Common Bog Fly,Insecta,0,0,0.0377968101386889,0.0,3,87.66666666666667,0.19523401061693824,31.0,True Negative
Galleria mellonella,Greater Wax Moth,Insecta,0,0,0.03773428641680364,0.0,3,92.33333333333333,0.163770909110705,28.0,True Negative
Agaricomycotina,Higher Basidiomycetes,Fungi,0,0,0.03769000941006671,0.0,3,88.33333333333333,0.16178229451179502,28.0,True Negative
Lagomorpha,Lagomorphs,Mammalia,0,0,0.037631831539812415,0.0,1,103.0,0.2093424201011657,28.0,True Negative
Callirhytis serricornis,Kernel Flower Gall Wasp,Insecta,0,0,0.03750862058254878,0.0,5,98.6,0.1891232460737228,26.6,True Negative
Verbena lasiostachys,western vervain,Plantae,0,0,0.03741206394958122,0.0,1,157.0,0.2175392061471939,27.0,True Negative
Cistothorus palustris,Marsh Wren,Aves,0,0,0.03737426767961292,0.0,6,100.83333333333333,0.20487077410022414,28.166666666666668,True Negative
Cyprididae,Cypridids,Animalia,0,0,0.03736484671782849,0.0,1,61.0,0.2524857223033905,22.0,True Negative
Pirata piraticus,Pirate Otter Spider,Arachnida,0,0,0.03728266324791891,0.0,1,61.0,0.2592329084873199,22.0,True Negative
Phalaris minor,Lesser Canary Grass,Plantae,0,0,0.037263533915571294,0.0,1,95.0,0.1678518205881118,28.0,True Negative
Larus heermanni,Heermann's Gull,Aves,0,0,0.03714385790021433,0.0,2,125.0,0.19150860607624048,14.0,True Negative
Liothrips ilex,toyon gall thrips,Insecta,0,0,0.03698361106261865,0.0,3,104.33333333333333,0.17132114370663962,22.666666666666668,True Negative
Cylas formicarius,Sweet Potato Weevil,Insecta,0,0,0.03690806643360078,0.0,1,93.0,0.1526998877525329,27.0,True Negative
Neonemobius,Small Ground Crickets,Insecta,0,0,0.03690806643360078,0.0,1,93.0,0.1526998877525329,27.0,True Negative
Lepomis macrochirus × cyanellus,Greengill Sunfish,Actinopterygii,0,0,0.036694766331380475,0.0,3,90.0,0.1608366146683692,28.0,True Negative
Urtica gracilis holosericea,hoary nettle,Plantae,0,0,0.03653051188221039,0.0,1,116.0,0.2415955960750579,27.0,True Negative
Sphyrapicus ruber daggetti,Southwestern Red-breasted Sapsucker,Aves,0,0,0.03641085839574886,0.0,1,227.0,0.1951522380113601,27.0,True Negative
Leucocoprinus leucothites,White Dapperling,Fungi,0,0,0.0363695804150077,0.0,1,102.0,0.1610631942749023,31.0,True Negative
Episyron conterminus,,Insecta,0,0,0.0363689347720243,0.0,3,90.33333333333333,0.17753859857718146,24.333333333333332,True Negative
Pherne,,Insecta,0,0,0.03626347622153134,0.0,3,87.33333333333333,0.1924067338307698,20.333333333333332,True Negative
Traskorchestia traskiana,Pacific beach hopper,Animalia,0,0,0.036180458207665626,0.0,5,87.4,0.18045890033245082,28.2,True Negative
Euschistus,Brown Stink Bugs,Insecta,0,0,0.03616214544643265,0.0,5,110.6,0.18907871842384333,27.0,True Negative
Schizophyllum,,Fungi,0,0,0.03614464800633142,0.0,3,89.33333333333333,0.16232009728749586,27.333333333333332,True Negative
Samolus,,Plantae,0,0,0.03601663300742768,0.0,1,108.0,0.2336309254169464,30.0,True Negative
Telimena rhoina,Sumac Silvering,Fungi,0,0,0.036007439423745735,0.0,2,81.5,0.16567043215036392,26.5,True Negative
Typhlocybinae,Microleafhoppers,Insecta,0,0,0.03600543266771859,0.0,1,99.0,0.1595202684402465,31.0,True Negative
Hemerotrecha,,Arachnida,0,0,0.03600125969047546,0.0,2,75.0,0.180774413049221,29.0,True Negative
Juncus phaeocephalus paniculatus,panicled rush,Plantae,0,0,0.03597013913505023,0.0,1,51.0,0.1943031698465347,31.0,True Negative
Eudrepanulatrix rectifascia,,Insecta,0,0,0.03576896086954445,0.0,2,90.5,0.1697730869054794,22.5,True Negative
Parthenocissus,Virginia Creepers,Plantae,0,0,0.03574387067360801,0.0,2,104.5,0.2200011610984802,23.5,True Negative
Bivalvia,Bivalves,Mollusca,0,0,0.035705110791104964,0.0,1,84.0,0.1918266415596008,26.0,True Negative
Glossaulax reclusiana,Recluz's Moon Snail,Mollusca,0,0,0.035705110791104964,0.0,1,84.0,0.1918266415596008,26.0,True Negative
Phloeomana speirea,Bark Bonnet,Fungi,0,0,0.03563039558299838,0.0,1,99.0,0.1595202684402465,31.0,True Negative
Ectoedemia platanella group,,Insecta,0,0,0.0353925612651919,0.0,1,97.0,0.1863469928503036,30.0,True Negative
Burnettweldia,,Insecta,0,0,0.035381558968355604,0.0,1,164.0,0.1810580492019653,27.0,True Negative
Lepominae,,Actinopterygii,0,0,0.035352918838353294,0.0,1,162.0,0.1811910718679428,28.0,True Negative
Alconeura unipuncta,,Insecta,0,0,0.03535164071626785,0.0,2,86.5,0.19608298689126963,31.0,True Negative
Sinapis alba,White Mustard,Plantae,0,0,0.035241066750106784,0.0,1,166.0,0.190174400806427,26.0,True Negative
Juncus balticus,Baltic Rush,Plantae,0,0,0.035235151574639266,0.0,3,90.66666666666667,0.17724571128686262,25.0,True Negative
Chrysomyinae,,Insecta,0,0,0.03521549242113795,0.0,1,166.0,0.1719325482845306,26.0,True Negative
Corixidae,Water Boatmen,Insecta,0,0,0.035082582880138886,0.0,5,85.2,0.21232314109802242,26.8,True Negative
Dryobates,Dryobates Woodpeckers,Aves,0,0,0.03505393354914977,0.0,1,190.0,0.1909149438142776,27.0,True Negative
Diplocarpon,,Fungi,0,0,0.03504144772262064,0.0,1,112.0,0.195680171251297,20.0,True Negative
Ixodes pacificus,Western Black-legged Tick,Arachnida,0,0,0.03497595899102728,0.0,2,93.0,0.20918777585029602,25.5,True Negative
Pleurosigma,,Chromista,0,0,0.03493991796571693,0.0,1,61.0,0.2524857223033905,22.0,True Negative
Trentepohlia,,Plantae,0,0,0.03486854697937761,0.0,1,91.0,0.1645774394273758,28.0,True Negative
Amorpha,False Indigos,Plantae,0,0,0.0347466721640856,0.0,2,77.0,0.1868923604488372,19.0,True Negative
Coprinopsis uliginicola,,Fungi,0,0,0.03473239894324167,0.0,5,108.6,0.20842272937297818,26.8,True Negative
Lythrum californicum,California loosestrife,Plantae,0,0,0.0345327402689703,0.0,1,53.0,0.2265753597021103,31.0,True Negative
Narcissus papyraceus,Paperwhite,Plantae,0,0,0.03441571991944405,0.0,1,61.0,0.2524857223033905,22.0,True Negative
Xylotina,,Insecta,0,0,0.03441571960911364,0.0,5,89.4,0.21698257327079767,22.6,True Negative
Melanerpes formicivorus bairdi,Pacific Acorn Woodpecker,Aves,0,0,0.03435541287792627,0.0,25,94.56,0.20458647638559338,27.2,True Negative
Ancistrocerus bustamente,,Insecta,0,0,0.034292524388117994,0.0,1,192.0,0.2027857154607772,27.0,True Negative
Euura,,Insecta,0,0,0.034292524388117994,0.0,1,192.0,0.2027857154607772,27.0,True Negative
Lestes,Pond Spreadwings,Insecta,0,0,0.034292524388117994,0.0,1,192.0,0.2027857154607772,27.0,True Negative
Suillus pseudobrevipes,,Fungi,0,0,0.03420631409218111,0.0,1,96.0,0.1361619681119918,27.0,True Negative
Thrombium epigaeum,,Fungi,0,0,0.03388448850016735,0.0,1,112.0,0.1651352494955063,30.0,True Negative
Omphalotus subilludens,southern jack-o'-lantern,Fungi,0,0,0.033774360150369685,0.0,1,114.0,0.2303856462240219,28.0,True Negative
Cerastium,Mouse-ear Chickweeds,Plantae,0,0,0.03373474859761177,0.0,2,99.5,0.1912307292222976,28.0,True Negative
Macrotylus tristis,,Insecta,0,0,0.03367214328398077,0.0,1,95.0,0.213919535279274,20.0,True Negative
Oedemasia salicis,Western Red-Humped Caterpillar Moth,Insecta,0,0,0.03365983378888834,0.0,3,110.0,0.1825050165255864,25.333333333333332,True Negative
Crepidotus variabilis,Variable Oysterling,Fungi,0,0,0.033602373769233994,0.0,3,115.66666666666667,0.19040115177631378,24.0,True Negative
Spodoptera praefica,Western Yellow-striped Armyworm Moth,Insecta,0,0,0.033601769048119345,0.0,1,176.0,0.1822992861270904,28.0,True Negative
Chlaenius tricolor vigilans,,Insecta,0,0,0.03359210518227238,0.0,2,92.0,0.16373398154973978,26.5,True Negative
Filistatinella,,Arachnida,0,0,0.03356291922416323,0.0,1,95.0,0.1769675016403198,28.0,True Negative
Boletaceae,boletes,Fungi,0,0,0.03353475460212488,0.0,7,95.71428571428571,0.17293421924114225,27.142857142857142,True Negative
Claytonia perfoliata perfoliata,,Plantae,0,0,0.03352886000017732,0.0,1,89.0,0.2174035459756851,26.0,True Negative
Myriophyllum,Milfoils,Plantae,0,0,0.0335017933794645,0.0,1,86.0,0.2300435453653335,27.0,True Negative
Coleus barbatus,Woolly Plectranthus,Plantae,0,0,0.033470579151983225,0.0,1,85.0,0.1861578077077865,26.0,True Negative
Sambucus,elders,Plantae,0,0,0.033470579151983225,0.0,1,85.0,0.1861578077077865,26.0,True Negative
Glaucopsyche,,Insecta,0,0,0.03340459776309582,0.0,1,95.0,0.1769675016403198,28.0,True Negative
Cheloneae,Penstemon and allies,Plantae,0,0,0.03329172759096017,0.0,1,64.0,0.1723266988992691,22.0,True Negative
Phoenix reclinata,Reclining Date Palm,Plantae,0,0,0.03329172759096017,0.0,1,64.0,0.1723266988992691,22.0,True Negative
Pteridaceae,brake family,Plantae,0,0,0.03329172759096017,0.0,1,64.0,0.1723266988992691,22.0,True Negative
Spodocybe,,Fungi,0,0,0.03323904990420966,0.0,1,132.0,0.236762449145317,22.0,True Negative
Myoporum,Ngaios,Plantae,0,0,0.03314163733500119,0.0,1,161.0,0.2161004096269607,29.0,True Negative
Raphanus rostratus,Beaked Radish,Plantae,0,0,0.03313619257152233,0.0,2,73.5,0.20419610291719434,20.5,True Negative
Pleurotus populinus,aspen oyster mushroom,Fungi,0,0,0.03302569049304949,0.0,3,75.0,0.19198940197626743,30.0,True Negative
Tanaops longiceps,,Insecta,0,0,0.03289520407812407,0.0,2,79.5,0.1815633326768875,24.0,True Negative
Stratiomyidae,Soldier Flies,Insecta,0,0,0.03285729157761137,0.0,2,74.0,0.1971082836389541,27.0,True Negative
Carex spissa,San Diego sedge,Plantae,0,0,0.03283665512167379,0.0,2,52.0,0.22887932509183878,31.0,True Negative
Vireo cassinii,Cassin's Vireo,Aves,0,0,0.032716520349042,0.0,3,103.0,0.1937701950470606,25.0,True Negative
Pholistoma membranaceum,white fiesta flower,Plantae,0,0,0.03269487875283686,0.0,1,79.0,0.2222889959812164,19.0,True Negative
Ceratopogoninae,,Insecta,0,0,0.03256717777928666,0.0,2,93.5,0.2099994271993637,23.5,True Negative
Hypomyces chrysospermus,bolete mould,Fungi,0,0,0.03233533526296713,0.0,3,86.0,0.168712705373764,27.0,True Negative
Rubus armeniacus,Armenian Blackberry,Plantae,0,0,0.03231513969196277,0.0,6,91.16666666666667,0.2565643936395645,29.666666666666668,True Negative
Triticeae,,Plantae,0,0,0.03222556006628395,0.0,1,89.0,0.2215781211853027,19.0,True Negative
Glyptoscelis,,Insecta,0,0,0.032207643392983355,0.0,4,87.25,0.18068165704607958,23.75,True Negative
Chenopodiastrum,maple and nettle-leaved goosefoots,Plantae,0,0,0.03219183414476935,0.0,1,86.0,0.2159926295280456,19.0,True Negative
Bromus catharticus,Rescue Brome,Plantae,0,0,0.03215476865413847,0.0,1,92.0,0.2220481038093567,19.0,True Negative
Pemphigus,Poplar Leaf-stem Gall Aphids,Insecta,0,0,0.03204675333584179,0.0,3,92.66666666666667,0.16701157639424002,29.0,True Negative
Neanuridae,Short-legged Springtails,Animalia,0,0,0.03195806967929907,0.0,1,192.0,0.2027857154607772,27.0,True Negative
Hoplistoscelis,,Insecta,0,0,0.031949367724392365,0.0,6,104.66666666666667,0.18075113743543622,25.833333333333332,True Negative
Gonipterus platensis,,Insecta,0,0,0.031845609809590586,0.0,1,171.0,0.2559631764888763,26.0,True Negative
Metophthalmus,,Insecta,0,0,0.031795901739116686,0.0,1,166.0,0.1690618246793747,27.0,True Negative
Megascapheus nigricans,Southern California Pocket Gopher,Mammalia,0,0,0.03177153029918216,0.0,2,85.0,0.21272523701190946,28.0,True Negative
Setophaga americana,Northern Parula,Aves,0,0,0.031687348567452055,0.0,6,98.16666666666667,0.18645146737496054,24.5,True Negative
Fagales,"beeches, oaks, walnuts, and allies",Plantae,0,0,0.03164016072625347,0.0,2,72.5,0.21644186973571775,26.0,True Negative
Chrysauginae,Scaly-legged Pyralids,Insecta,0,0,0.0316357317208653,0.0,2,93.0,0.1501922756433487,27.0,True Negative
Acyrthosiphon,,Insecta,0,0,0.031611695360677865,0.0,1,170.0,0.1891883313655853,31.0,True Negative
Belostoma,,Insecta,0,0,0.03154792658240176,0.0,1,107.0,0.2200458347797393,30.0,True Negative
Cydnidae,Burrowing Bugs,Insecta,0,0,0.03154792658240176,0.0,1,107.0,0.2200458347797393,30.0,True Negative
Hyperomyzus,Currant-Daisy Aphids,Insecta,0,0,0.031469872334396506,0.0,2,106.0,0.20476634800434104,24.5,True Negative
Physciaceae,"rosette lichens, frost lichens, and allies",Fungi,0,0,0.03143605471545449,0.0,1,117.0,0.1782360523939132,30.0,True Negative
Limnophora,,Insecta,0,0,0.031335391327263866,0.0,9,87.88888888888889,0.2288865380816989,29.666666666666668,True Negative
Crepidodera,Studded Flea Beetles,Insecta,0,0,0.03133406241090379,0.0,5,88.4,0.21830685138702388,23.0,True Negative
Conocybe apala,milky conecap,Fungi,0,0,0.031164680568423857,0.0,2,168.0,0.31533055007457733,29.5,True Negative
Progomphus borealis,Gray Sanddragon,Insecta,0,0,0.031116229021197508,0.0,1,75.0,0.2208908498287201,22.0,True Negative
Alleculinae,Comb-clawed Darkling Beetles,Insecta,0,0,0.031011189384363334,0.0,1,93.0,0.1501922756433487,27.0,True Negative
Ampedus longicornis,,Insecta,0,0,0.031011189384363334,0.0,1,93.0,0.1501922756433487,27.0,True Negative
Amphicerus,,Insecta,0,0,0.031011189384363334,0.0,1,93.0,0.1501922756433487,27.0,True Negative
Aproaerema,,Insecta,0,0,0.031011189384363334,0.0,1,93.0,0.1501922756433487,27.0,True Negative
Arta,,Insecta,0,0,0.031011189384363334,0.0,1,93.0,0.1501922756433487,27.0,True Negative
Caloptilia,,Insecta,0,0,0.031011189384363334,0.0,1,93.0,0.1501922756433487,27.0,True Negative
Chlorochlamys,,Insecta,0,0,0.031011189384363334,0.0,1,93.0,0.1501922756433487,27.0,True Negative
Cochylina,,Insecta,0,0,0.031011189384363334,0.0,1,93.0,0.1501922756433487,27.0,True Negative
Cryphia nana,,Insecta,0,0,0.031011189384363334,0.0,1,93.0,0.1501922756433487,27.0,True Negative
Eteobalea,,Insecta,0,0,0.031011189384363334,0.0,1,93.0,0.1501922756433487,27.0,True Negative
Faculta,,Insecta,0,0,0.031011189384363334,0.0,1,93.0,0.1501922756433487,27.0,True Negative
Glaucina magnifica,,Insecta,0,0,0.031011189384363334,0.0,1,93.0,0.1501922756433487,27.0,True Negative
Heteroderes amplicollis,Gulf Wireworm,Insecta,0,0,0.031011189384363334,0.0,1,93.0,0.1501922756433487,27.0,True Negative
Lebia cyanipennis,,Insecta,0,0,0.031011189384363334,0.0,1,93.0,0.1501922756433487,27.0,True Negative
Litini,,Insecta,0,0,0.031011189384363334,0.0,1,93.0,0.1501922756433487,27.0,True Negative
Metopleura potosi,,Insecta,0,0,0.031011189384363334,0.0,1,93.0,0.1501922756433487,27.0,True Negative
Nola,,Insecta,0,0,0.031011189384363334,0.0,1,93.0,0.1501922756433487,27.0,True Negative
Ornativalva,,Insecta,0,0,0.031011189384363334,0.0,1,93.0,0.1501922756433487,27.0,True Negative
Pegomya,,Insecta,0,0,0.031011189384363334,0.0,1,93.0,0.1501922756433487,27.0,True Negative
Rhopalosiphum,Cherry-Grass Aphids,Insecta,0,0,0.031011189384363334,0.0,1,93.0,0.1501922756433487,27.0,True Negative
Rudenia,,Insecta,0,0,0.031011189384363334,0.0,1,93.0,0.1501922756433487,27.0,True Negative
Walshia,,Insecta,0,0,0.031011189384363334,0.0,1,93.0,0.1501922756433487,27.0,True Negative
Xylesthia,,Insecta,0,0,0.031011189384363334,0.0,1,93.0,0.1501922756433487,27.0,True Negative
Xylobiops,,Insecta,0,0,0.031011189384363334,0.0,1,93.0,0.1501922756433487,27.0,True Negative
Hordeum vulgare,Common Barley,Plantae,0,0,0.0309107250988959,0.0,2,79.0,0.18047926574945444,22.0,True Negative
Catorhintha texana,,Insecta,0,0,0.030904214713279702,0.0,1,73.0,0.1899393647909164,22.0,True Negative
Malvales,"Mallows, Rock Roses, and Allies",Plantae,0,0,0.03088748370808571,0.0,1,177.0,0.1793065220117569,26.0,True Negative
Dysphania,,Plantae,0,0,0.030881415472864226,0.0,1,94.0,0.2659243941307068,29.0,True Negative
Milesiini,,Insecta,0,0,0.030820657603024552,0.0,3,88.66666666666667,0.2177974432706833,24.666666666666668,True Negative
Steatoda triangulosa,Triangulate Combfoot,Arachnida,0,0,0.030803168608212306,0.0,3,110.66666666666667,0.176332709689935,22.666666666666668,True Negative
Eriogonum gracile gracile,slender woolly wild buckwheat,Plantae,0,0,0.0307911344653114,0.0,4,94.5,0.1891435384750366,30.0,True Negative
Stereaceae,,Fungi,0,0,0.030787910273132914,0.0,1,121.0,0.2131966352462768,30.0,True Negative
Pleurotaceae,,Fungi,0,0,0.030651069906942965,0.0,1,93.0,0.1695041507482528,19.0,True Negative
Eutreta,,Insecta,0,0,0.03051111750541682,0.0,5,103.2,0.22597572505474087,28.2,True Negative
Octinodes,,Insecta,0,0,0.030448604503669503,0.0,2,100.0,0.17714390158653254,21.5,True Negative
Callitriche terrestris,Terrestrial Water-starwort,Plantae,0,0,0.03039201351455636,0.0,1,89.0,0.1753535866737365,26.0,True Negative
Chaetopsis,Banded-wing Flies,Insecta,0,0,0.030304903913108822,0.0,5,104.2,0.20005664825439448,27.0,True Negative
Eupithecia rotundopuncta,,Insecta,0,0,0.030271595651780128,0.0,1,79.0,0.1728869080543518,19.0,True Negative
Leiodidae,Round Fungus Beetles,Insecta,0,0,0.030271595651780128,0.0,1,79.0,0.1728869080543518,19.0,True Negative
Odontophotopsis,,Insecta,0,0,0.030204768815402926,0.0,1,94.0,0.1722894012928009,19.0,True Negative
Callirhytis,,Insecta,0,0,0.030204585648597224,0.0,2,81.0,0.2049055695533752,25.0,True Negative
Anthaxia,,Insecta,0,0,0.030175279444018082,0.0,4,78.5,0.21117540448904032,26.75,True Negative
Larrina,,Insecta,0,0,0.030157038949873368,0.0,2,74.5,0.20128024369478226,25.0,True Negative
Goedenia setosa,,Insecta,0,0,0.030128860713820652,0.0,1,164.0,0.1817878186702728,27.0,True Negative
Platyptilia carduidactylus,Artichoke Plume Moth,Insecta,0,0,0.030128860713820652,0.0,1,164.0,0.1817878186702728,27.0,True Negative
Canis familiaris,Domestic Dog,Mammalia,0,0,0.030122551652101835,0.0,1,108.0,0.1989971250295639,26.0,True Negative
Calandrinia breweri,Brewer's redmaids,Plantae,0,0,0.030103256254754112,0.0,1,95.0,0.1891435384750366,30.0,True Negative
Califorenigma linsdalei,,Arachnida,0,0,0.030074614495355145,0.0,2,98.5,0.1820337101817131,29.5,True Negative
Dictya,,Insecta,0,0,0.030024902441923088,0.0,5,84.0,0.2001352250576019,27.4,True Negative
Abortiporus biennis,Blushing Rosette,Fungi,0,0,0.02979904957520978,0.0,3,97.33333333333333,0.2059827496608098,26.0,True Negative
Mirinae,,Insecta,0,0,0.029591322873744937,0.0,3,91.33333333333333,0.1651302874088287,28.0,True Negative
Hydrocotyle,water pennyworts,Plantae,0,0,0.029510721837390393,0.0,2,105.0,0.2033895701169967,29.0,True Negative
Aleocharinae,,Insecta,0,0,0.029504478290865766,0.0,2,97.0,0.1887599304318428,30.5,True Negative
Galium spurium,False Cleavers,Plantae,0,0,0.029474800015466585,0.0,1,90.0,0.1737974435091018,28.0,True Negative
Hemileuca nevadensis,Nevada Buck Moth,Insecta,0,0,0.02943626370811418,0.0,4,88.25,0.20165586099028587,28.0,True Negative
Leskiini,,Insecta,0,0,0.02916025505213602,0.0,2,106.0,0.16708128154277796,28.0,True Negative
Amanita calyptratoides,Candlestick Amanita,Fungi,0,0,0.0291454923715985,0.0,3,103.33333333333333,0.18671260277430213,27.666666666666668,True Negative
Pseudosperma,,Fungi,0,0,0.0289849310562601,0.0,1,184.0,0.1799474656581878,28.0,True Negative
Gloeophyllum trabeum,Timber Mazegill,Fungi,0,0,0.028925546857433607,0.0,2,168.0,0.2209186851978302,26.0,True Negative
Chelydra serpentina,Common Snapping Turtle,Reptilia,0,0,0.02888729979674709,0.0,9,88.11111111111111,0.19871456755532158,27.11111111111111,True Negative
Thelephora caryophyllea,,Fungi,0,0,0.028879526151951287,0.0,1,94.0,0.1722894012928009,19.0,True Negative
Thelephora terrestris,Common Fiber Vase,Fungi,0,0,0.028879526151951287,0.0,1,94.0,0.1722894012928009,19.0,True Negative
Syrphus opinator,Black-margined Flower Fly,Insecta,0,0,0.028869779850597185,0.0,2,81.5,0.18967225402593604,20.0,True Negative
Harmonia,Greater Lady Beetles,Insecta,0,0,0.028747022196069522,0.0,1,84.0,0.1918266415596008,26.0,True Negative
Trichocorixa,,Insecta,0,0,0.028747022196069522,0.0,1,84.0,0.1918266415596008,26.0,True Negative
Apium graveolens graveolens,Wild Celery,Plantae,0,0,0.02864593488430415,0.0,2,62.0,0.18575163185596466,31.0,True Negative
Orchestina moaba,,Arachnida,0,0,0.028638283024464944,0.0,1,106.0,0.2418051958084106,30.0,True Negative
Choreutis sexfasciella,,Insecta,0,0,0.02859701319957799,0.0,4,94.25,0.19823972880840302,26.5,True Negative
Heterotrichia oerstedii,,Protozoa,0,0,0.028348254490575927,0.0,1,167.0,0.223260760307312,26.0,True Negative
Graphomya,,Insecta,0,0,0.02833304165131717,0.0,6,91.33333333333333,0.21017920225858686,27.833333333333332,True Negative
Prunus ilicifolia lyonii,Catalina Cherry,Plantae,0,0,0.02831775455841839,0.0,2,93.0,0.1714410781860351,19.0,True Negative
Physcia millegrana,rosette lichen,Fungi,0,0,0.028229138013923353,0.0,1,63.0,0.2311707586050033,21.0,True Negative
Amanita magniverrucata,Pinecone Amanita,Fungi,0,0,0.028157349786317815,0.0,3,95.66666666666667,0.21429366866747537,25.0,True Negative
Bembix americana comata,Western Sand Wasp,Insecta,0,0,0.028151922186264416,0.0,1,110.0,0.1868637651205063,30.0,True Negative
Ceroxys latiusculus,Narrow-Banded Picture-Winged Fly,Insecta,0,0,0.028146637657164793,0.0,8,86.25,0.18550582043826574,27.125,True Negative
Trametes,Turkey-tails and allies,Fungi,0,0,0.028092129202278448,0.0,2,107.0,0.19782334566116327,25.0,True Negative
Anopheles,,Insecta,0,0,0.02789818866458549,0.0,1,87.0,0.1618623882532119,27.0,True Negative
Pistacia chinensis,Chinese pistache,Plantae,0,0,0.027797068009225167,0.0,1,89.0,0.2543844580650329,26.0,True Negative
Eruca vesicaria,rocketsalad,Plantae,0,0,0.027780967662836064,0.0,1,84.0,0.2651388347148895,27.0,True Negative
Bostrichoidea,"Carpet, Powderpost, and Deathwatch Beetles",Insecta,0,0,0.027738528369577048,0.0,1,93.0,0.1714410781860351,19.0,True Negative
Clostera apicalis,Apical Prominent,Insecta,0,0,0.027738528369577048,0.0,1,93.0,0.1714410781860351,19.0,True Negative
Culiseta particeps,,Insecta,0,0,0.027738528369577048,0.0,1,93.0,0.1714410781860351,19.0,True Negative
Coccinelloidea,"Lady, Fungus, Scavenger, and Bark Beetles",Insecta,0,0,0.02770555786696723,0.0,1,79.0,0.1792943924665451,20.0,True Negative
Opuntia orbiculata,Western Pricklypear,Plantae,0,0,0.027701533562968582,0.0,1,86.0,0.1875555515289306,26.0,True Negative
Opuntia × vaseyi,Vasey's Pricklypear,Plantae,0,0,0.027690187822560334,0.0,3,90.66666666666667,0.17072924971580505,28.0,True Negative
Pluteus nanus,dwarf shield,Fungi,0,0,0.02755261771283417,0.0,1,113.0,0.1930038779973983,30.0,True Negative
Geheebia ferruginea,Rusty Beard-moss,Plantae,0,0,0.027518593472685825,0.0,1,92.0,0.1801566034555435,23.0,True Negative
Collybia,,Fungi,0,0,0.027518151435099978,0.0,2,80.5,0.21461288630962366,26.0,True Negative
Protitame subalbaria,,Insecta,0,0,0.027499070406997252,0.0,5,82.6,0.195171308517456,26.4,True Negative
Cyphoderus,,Animalia,0,0,0.02735857147308888,0.0,1,112.0,0.2439824491739273,30.0,True Negative
Evalljapyx,,Animalia,0,0,0.02735857147308888,0.0,1,112.0,0.2439824491739273,30.0,True Negative
Oenanthe sarmentosa,water parsley,Plantae,0,0,0.02719114138919761,0.0,3,89.33333333333333,0.2324203352133433,29.0,True Negative
Corixini,,Insecta,0,0,0.02716278122140197,0.0,3,64.33333333333333,0.20755764345328007,26.333333333333332,True Negative
Dacrymyces capitatus,Yellow Hat Jelly,Fungi,0,0,0.02706056773581869,0.0,1,103.0,0.2093424201011657,28.0,True Negative
Phaeotremella foliacea,Leafy Brain,Fungi,0,0,0.02706056773581869,0.0,1,103.0,0.2093424201011657,28.0,True Negative
Agaricus bitorquis,Pavement Mushroom,Fungi,0,0,0.0269980206711367,0.0,3,100.33333333333333,0.16806704799334207,26.333333333333332,True Negative
Coprinellus bipellis,,Fungi,0,0,0.0269798236622637,0.0,1,66.0,0.1808019280433654,21.0,True Negative
Dacrymyces stillatus,Jelly Spot Fungus,Fungi,0,0,0.0269798236622637,0.0,1,66.0,0.1808019280433654,21.0,True Negative
Epipactis gigantea,Stream Orchid,Plantae,0,0,0.026972308143200254,0.0,3,88.0,0.19136064251263932,22.333333333333332,True Negative
Phlebia subceracea,,Fungi,0,0,0.02694462202859662,0.0,1,163.0,0.2012988626956939,27.0,True Negative
Erysiphe,,Fungi,0,0,0.026905916121899458,0.0,1,166.0,0.1794393807649612,26.0,True Negative
Graphocephala confluens,Willow Leafhopper,Insecta,0,0,0.026896083841065465,0.0,4,89.75,0.22728068381547928,25.5,True Negative
Baridinae,Flower Weevils,Insecta,0,0,0.026856703527595373,0.0,3,88.66666666666667,0.1961047202348709,21.666666666666668,True Negative
Hellinsia,,Insecta,0,0,0.026854495484664457,0.0,2,93.0,0.1714410781860351,19.0,True Negative
Funastrum,,Plantae,0,0,0.026835861969982104,0.0,1,95.0,0.213919535279274,20.0,True Negative
Tenageia,,Plantae,0,0,0.02677985986695666,0.0,2,105.0,0.2157661989331245,27.5,True Negative
Pinodytes,,Insecta,0,0,0.02675451865983441,0.0,1,98.0,0.2622545063495636,28.0,True Negative
Oloptum,,Plantae,0,0,0.026736149134194503,0.0,2,84.0,0.1815723106265068,29.0,True Negative
Fraxinus dipetala,California Ash,Plantae,0,0,0.026654829714815732,0.0,1,91.0,0.2125083804130554,20.0,True Negative
Anthonomus,,Insecta,0,0,0.02656182360899588,0.0,1,91.0,0.1605385988950729,28.0,True Negative
Cryptocephalinae,Case-bearing Leaf Beetles,Insecta,0,0,0.02656182360899588,0.0,1,91.0,0.1605385988950729,28.0,True Negative
Stereum gausapatum,Bleeding Oak Crust,Fungi,0,0,0.02655287679757631,0.0,2,83.0,0.1996100172400474,29.0,True Negative
Siphoninus phillyreae,ash whitefly,Insecta,0,0,0.026362631608058282,0.0,2,108.5,0.21478379517793655,30.0,True Negative
Nasturtium,Watercresses,Plantae,0,0,0.02630558448622975,0.0,2,67.0,0.17697755992412564,28.0,True Negative
Petroselinum crispum,garden parsley,Plantae,0,0,0.026285694288396614,0.0,1,189.0,0.2084049135446548,27.0,True Negative
Acinia picturata,Sourbush Seed Fly,Insecta,0,0,0.026245302368437223,0.0,4,87.25,0.2071441411972046,28.75,True Negative
Cirsium occidentale californicum,California thistle,Plantae,0,0,0.026224574365259046,0.0,2,62.5,0.19331129640340805,22.0,True Negative
Camissoniopsis pallida,pale yellow suncup,Plantae,0,0,0.026195258241652527,0.0,1,87.0,0.1861578077077865,26.0,True Negative
Platyptilia,,Insecta,0,0,0.026159627729896714,0.0,2,86.5,0.2045181021094322,27.0,True Negative
Megascapheus,,Mammalia,0,0,0.02607401395077472,0.0,2,92.0,0.2065804302692413,30.0,True Negative
Myrmecina americana,American Mite-eating Ant,Insecta,0,0,0.026069249265775748,0.0,1,112.0,0.2439824491739273,30.0,True Negative
Cladophora,,Plantae,0,0,0.025987648707039897,0.0,1,66.0,0.1964076608419418,22.0,True Negative
Isolepis digitata,Waterfall Sedge,Plantae,0,0,0.025983851928493496,0.0,1,88.0,0.2520972788333893,30.0,True Negative
Juglandaceae,walnut family,Plantae,0,0,0.025983851928493496,0.0,1,88.0,0.2520972788333893,30.0,True Negative
Galerita lecontei,,Insecta,0,0,0.025950034719112103,0.0,2,76.5,0.22346272319555283,25.0,True Negative
Vitis vinifera,wine grape,Plantae,0,0,0.025873037273301595,0.0,3,86.66666666666667,0.2142605036497116,28.666666666666668,True Negative
Chrysobothris mali,Pacific Flat-Headed Borer,Insecta,0,0,0.025861531026489193,0.0,1,93.0,0.2243188321590423,30.0,True Negative
Acanalonia,,Insecta,0,0,0.025812815431099246,0.0,1,91.0,0.2125083804130554,20.0,True Negative
Anoplius,Blue-black Spider Wasps,Insecta,0,0,0.025812815431099246,0.0,1,91.0,0.2125083804130554,20.0,True Negative
Ramalinaceae,"bushy lichens, sea-fog lichens, and allies",Fungi,0,0,0.025801519364371115,0.0,1,135.0,0.185084655880928,30.0,True Negative
Ephialtini,,Insecta,0,0,0.02573160617392336,0.0,1,86.0,0.2215781211853027,19.0,True Negative
Phloeodes,,Insecta,0,0,0.02573160617392336,0.0,1,86.0,0.2215781211853027,19.0,True Negative
Zicrona americana,,Insecta,0,0,0.02569536662900181,0.0,1,105.0,0.1737361699342727,20.0,True Negative
Notiphila,,Insecta,0,0,0.025687735187481915,0.0,4,92.25,0.2044337093830108,29.0,True Negative
Furcula,,Insecta,0,0,0.025647840821416617,0.0,2,87.5,0.2215781211853027,19.0,True Negative
Juglans californica,Southern California Walnut,Plantae,0,0,0.025329689671181533,0.0,2,90.0,0.2421886250376701,27.5,True Negative
Pauropodoidea,,Animalia,0,0,0.025311280610464202,0.0,1,103.0,0.2090554684400558,28.0,True Negative
Iurida,,Arachnida,0,0,0.02527513984845392,0.0,3,85.0,0.16527015467484785,28.666666666666668,True Negative
Laurasiatheria,"Ungulates, Carnivorans, and Allies",Mammalia,0,0,0.025218110957089385,0.0,2,79.0,0.17679104208946225,24.5,True Negative
Butorides virescens anthonyi,Western Green Heron,Aves,0,0,0.025191141604596446,0.0,5,89.8,0.22372734546661371,27.8,True Negative
Tidesmus,,Animalia,0,0,0.024865887442406955,0.0,2,100.5,0.1664106026291847,28.5,True Negative
Juncus articulatus,Jointed rush,Plantae,0,0,0.024841051737490853,0.0,2,109.0,0.17592727392911905,28.0,True Negative
Uredinineae,,Fungi,0,0,0.02483900465589311,0.0,1,92.0,0.1528403162956237,27.0,True Negative
Naematelia aurantia,golden ear,Fungi,0,0,0.024778972375718387,0.0,1,112.0,0.2439824491739273,30.0,True Negative
Rabdophaga rigidae,willow beaked-gall midge,Insecta,0,0,0.02476737914430152,0.0,1,94.0,0.1891435384750366,30.0,True Negative
Chaenactis carphoclinia,pebble pincushion,Plantae,0,0,0.024766180406009294,0.0,1,99.0,0.2337980270385742,28.0,True Negative
Aptostichus icenoglei,Icenogle Trapdoor Spider,Arachnida,0,0,0.024762145700328086,0.0,1,110.0,0.2611785233020782,30.0,True Negative
Archoleptoneta,,Arachnida,0,0,0.024762145700328086,0.0,1,110.0,0.2611785233020782,30.0,True Negative
Dipoena,,Arachnida,0,0,0.024762145700328086,0.0,1,110.0,0.2611785233020782,30.0,True Negative
Stemodia,,Plantae,0,0,0.024742100856464423,0.0,2,100.0,0.1728318780660629,27.5,True Negative
Reithrodontomyini,Harvest and Deer Mice,Mammalia,0,0,0.02471864595187321,0.0,2,89.5,0.21679691225290293,23.0,True Negative
Entomobryidae,Slender Springtails,Animalia,0,0,0.02466376303081307,0.0,1,164.0,0.1817878186702728,27.0,True Negative
Myadestes townsendi,Townsend's Solitaire,Aves,0,0,0.024628549464222053,0.0,5,89.6,0.17986143380403513,26.4,True Negative
Cryptophagini,,Insecta,0,0,0.024573116754075152,0.0,1,99.0,0.2337980270385742,28.0,True Negative
Xanthoparmelia conspersa,Peppered Rock-shield,Fungi,0,0,0.024503713518672417,0.0,3,103.0,0.17002754410107923,28.0,True Negative
Scaphoideus,,Insecta,0,0,0.024469839859001512,0.0,2,89.0,0.22889155149459833,23.5,True Negative
Dugesiidae,,Animalia,0,0,0.02444512583335168,0.0,1,77.0,0.1916485428810119,24.0,True Negative
Anthocharis sara sara,,Insecta,0,0,0.024296578779139974,0.0,2,81.0,0.1796426698565483,25.5,True Negative
Cyclocephala longula,,Insecta,0,0,0.02426734152835728,0.0,2,85.0,0.1747672855854034,28.0,True Negative
Phyllospadix torreyi,Torrey's Surfgrass,Plantae,0,0,0.02426299007189436,0.0,2,87.0,0.18096053600311274,27.5,True Negative
Symphyta,"Sawflies, Horntails, and Wood Wasps",Insecta,0,0,0.02417740946457437,0.0,2,89.0,0.18638001009821892,29.5,True Negative
Nabidae,Damsel Bugs,Insecta,0,0,0.02415094179919603,0.0,4,86.5,0.18726459145545954,27.75,True Negative
Lasiurus frantzii,Western red bat,Mammalia,0,0,0.024140458189181587,0.0,2,87.0,0.16543000191450113,24.5,True Negative
Hygrophorus roseobrunneus,Rosy Brown Waxy Cap,Fungi,0,0,0.024116573846282508,0.0,3,92.33333333333333,0.20842206974824265,25.0,True Negative
Ageniellini,Mud-nesting Spider Wasps,Insecta,0,0,0.0241160971725709,0.0,4,106.5,0.1860965117812156,27.0,True Negative
Juglans hindsii,northern California black walnut,Plantae,0,0,0.024111758724771667,0.0,1,88.0,0.2403024286031723,28.0,True Negative
Aleyrodidae,Whiteflies,Insecta,0,0,0.024029702626414278,0.0,3,90.0,0.18259242177009574,27.0,True Negative
Epalpus signifer,Early Tachinid Fly,Insecta,0,0,0.0239576278623459,0.0,1,93.0,0.2118667215108871,19.0,True Negative
Manduca quinquemaculatus,Five-spotted Hawk Moth,Insecta,0,0,0.0239576278623459,0.0,1,93.0,0.2118667215108871,19.0,True Negative
Sphenophorus australis,Tule Billbug,Insecta,0,0,0.02385659327637463,0.0,3,76.33333333333333,0.22582952181498206,25.333333333333332,True Negative
Linopodes,,Arachnida,0,0,0.02369151980373466,0.0,2,104.0,0.21091160923242566,29.0,True Negative
Tipula schizomera,,Insecta,0,0,0.023658638389627073,0.0,1,93.0,0.1667190045118332,26.0,True Negative
Eutrichota,,Insecta,0,0,0.023648829707921846,0.0,4,90.0,0.1868222840130329,27.25,True Negative
Eremochelis,,Arachnida,0,0,0.023622507991291276,0.0,1,101.0,0.2037587016820907,30.0,True Negative
Ribes viburnifolium,santa catalina island currant,Plantae,0,0,0.02353154412900131,0.0,2,92.0,0.1783575713634491,23.0,True Negative
Peziza varia,layered cup,Fungi,0,0,0.02350329958994176,0.0,3,90.33333333333333,0.18822372456391653,26.333333333333332,True Negative
Phycomyces blakesleeanus,,Fungi,0,0,0.023488538739291354,0.0,1,92.0,0.1570837944746017,26.0,True Negative
Psathyrella bipellis,Maroon Brittlestem,Fungi,0,0,0.023485883058413513,0.0,3,91.33333333333333,0.18159876763820645,21.666666666666668,True Negative
Bdellidae,Snout Mites,Arachnida,0,0,0.023383293263542253,0.0,3,108.33333333333333,0.17854756116867065,25.333333333333332,True Negative
Reticulariaceae,reticulate slime mold family,Protozoa,0,0,0.02337774379441891,0.0,1,87.0,0.2686144411563873,31.0,True Negative
Parulidae,New World Warblers,Aves,0,0,0.023369288258302038,0.0,2,71.0,0.1889299601316452,25.0,True Negative
Diapheromeridae,Common Walking Stick Insects,Insecta,0,0,0.023304997875525764,0.0,1,105.0,0.1760232746601104,20.0,True Negative
Boisea,Boxelder Bugs,Insecta,0,0,0.023280110720597578,0.0,1,92.0,0.2721437215805053,30.0,True Negative
Eristalis hirta,Black-footed Drone Fly,Insecta,0,0,0.023172443513634833,0.0,1,90.0,0.2021452188491821,19.0,True Negative
Mordellina pustulata,Blistered Tumbling Flower Beetle,Insecta,0,0,0.023172443513634833,0.0,1,88.0,0.1963531970977783,19.0,True Negative
Myxosargus,,Insecta,0,0,0.023172443513634833,0.0,1,90.0,0.2021452188491821,19.0,True Negative
Pseudococcus,,Insecta,0,0,0.023172443513634833,0.0,1,88.0,0.1963531970977783,19.0,True Negative
Eleocharis geniculata,Canada Spikesedge,Plantae,0,0,0.023111024008129106,0.0,2,86.0,0.2543686181306839,28.5,True Negative
Synanthedon resplendens,Sycamore Borer Moth,Insecta,0,0,0.023096390328935453,0.0,3,110.66666666666667,0.1691477373242378,28.333333333333332,True Negative
Cerastium nutans,nodding chickweed,Plantae,0,0,0.02303184657472776,0.0,1,87.0,0.1692621707916259,27.0,True Negative
Diplolepis,,Insecta,0,0,0.023005652408733885,0.0,1,94.0,0.2291203290224075,19.0,True Negative
Corinnidae,Ground and Ant-mimic Sac Spiders,Arachnida,0,0,0.022874954083488254,0.0,1,103.0,0.2090554684400558,28.0,True Negative
Gamasina,,Arachnida,0,0,0.022874954083488254,0.0,1,103.0,0.2090554684400558,28.0,True Negative
Phanias harfordi,,Arachnida,0,0,0.022832154023675874,0.0,1,109.0,0.1959366649389267,30.0,True Negative
Iteomyia,,Insecta,0,0,0.022826244623914527,0.0,2,99.5,0.2201763540506363,29.0,True Negative
Aporina,,Insecta,0,0,0.022814562031141548,0.0,1,99.0,0.2337980270385742,28.0,True Negative
Trentepohlia aurea,Orange Rock Hair,Plantae,0,0,0.02268059483870818,0.0,1,88.0,0.244580864906311,28.0,True Negative
Hemileuca,Sheepmoths,Insecta,0,0,0.022576681749361973,0.0,2,93.5,0.172199722379446,30.0,True Negative
Hiltonius pulchrus,,Animalia,0,0,0.022449550333186075,0.0,3,110.33333333333333,0.1820206493139266,29.0,True Negative
Coenosiinae,,Insecta,0,0,0.022432718540250748,0.0,2,79.0,0.20268134772777555,25.0,True Negative
Amara conflata,,Insecta,0,0,0.022428270554786193,0.0,1,82.0,0.1909675896167755,22.0,True Negative
Lycomorpha regulus,,Insecta,0,0,0.022428270554786193,0.0,1,82.0,0.1909675896167755,22.0,True Negative
Sorex ornatus,Ornate Shrew,Mammalia,0,0,0.02241131174258211,0.0,3,94.33333333333333,0.19724337756633759,26.0,True Negative
Plantago,plantains,Plantae,0,0,0.022387213526624566,0.0,1,100.0,0.1862784624099731,22.0,True Negative
Pipunculidae,Big-headed Flies,Insecta,0,0,0.02231200906354351,0.0,2,92.5,0.17402234673500055,27.0,True Negative
Zannichellia palustris,Horned Pondweed,Plantae,0,0,0.022300011117131105,0.0,1,89.0,0.178190529346466,28.0,True Negative
Diaea livens,,Arachnida,0,0,0.022280863284304776,0.0,4,87.25,0.20508649200201035,26.5,True Negative
Agrifoliae,,Plantae,0,0,0.02224081118334348,0.0,2,92.5,0.17321984469890594,29.0,True Negative
Vetrix,sallows and osiers,Plantae,0,0,0.021996205214380192,0.0,3,92.66666666666667,0.20302148660024,25.666666666666668,True Negative
Druon fullawayi,Yellow Wig Gall Wasp,Insecta,0,0,0.02192114839685364,0.0,1,101.0,0.2037587016820907,30.0,True Negative
Pseudoleria,,Insecta,0,0,0.02192114839685364,0.0,1,101.0,0.2037587016820907,30.0,True Negative
Tetracis cervinaria,,Insecta,0,0,0.02190106799000834,0.0,1,88.0,0.1663167774677276,23.0,True Negative
Deuterageniini,,Insecta,0,0,0.021785182864269538,0.0,1,88.0,0.226632684469223,31.0,True Negative
Euparyphus cinctus,Crowned Euparyphus,Insecta,0,0,0.021785182864269538,0.0,1,88.0,0.226632684469223,31.0,True Negative
Ozophorini,,Insecta,0,0,0.021785182864269538,0.0,1,88.0,0.226632684469223,31.0,True Negative
Stomoxys,,Insecta,0,0,0.021785182864269538,0.0,1,88.0,0.2084289193153381,31.0,True Negative
Tetanocerini,,Insecta,0,0,0.021785182864269538,0.0,1,88.0,0.2084289193153381,31.0,True Negative
Laemostenus,,Insecta,0,0,0.021755652640342554,0.0,1,88.0,0.2143358737230301,30.0,True Negative
Baccharis pilularis consanguinea,Chaparral Coyote Brush,Plantae,0,0,0.021744039433480033,0.0,1,89.0,0.2146628350019455,28.0,True Negative
Chrysoplatycerus,,Insecta,0,0,0.021724351227619645,0.0,1,89.0,0.2144137769937515,19.0,True Negative
Magdalis,,Insecta,0,0,0.021724351227619645,0.0,1,90.0,0.2144137769937515,19.0,True Negative
Micrurapteryx salicifoliella,Willow Leaf Blotch Miner Moth,Insecta,0,0,0.021724351227619645,0.0,1,89.0,0.2215781211853027,19.0,True Negative
Phyllonorycter,,Insecta,0,0,0.021724351227619645,0.0,1,89.0,0.2144137769937515,19.0,True Negative
Hypomyces cervinigenus,,Fungi,0,0,0.021700809804040478,0.0,1,101.0,0.2047168314456939,28.0,True Negative
Megachilidae,"Mason, Leafcutter, Carder, and Resin Bees",Insecta,0,0,0.021660902983851253,0.0,3,96.0,0.1811191042264302,25.0,True Negative
Empidonax traillii,Willow Flycatcher,Aves,0,0,0.02161321886987769,0.0,5,83.8,0.22267273664474482,26.6,True Negative
Furcula scolopendrina,Zigzag Furcula Moth,Insecta,0,0,0.02155077384361783,0.0,2,100.0,0.17802117764949793,28.5,True Negative
Tropidia quadrata,Common Thick-leg Fly,Insecta,0,0,0.021522101707119677,0.0,11,89.0,0.20410028641874137,27.272727272727273,True Negative
Socalchemmis,,Arachnida,0,0,0.02147523102201974,0.0,2,84.0,0.19204962998628616,24.5,True Negative
Lindneromyia,,Insecta,0,0,0.021451757837530113,0.0,1,94.0,0.1913264840841293,19.0,True Negative
Phaonia,,Insecta,0,0,0.021451757837530113,0.0,1,94.0,0.1913264840841293,19.0,True Negative
Helianthus,sunflowers,Plantae,0,0,0.02142483893057684,0.0,1,93.0,0.1979939639568328,28.0,True Negative
Juncus patens,Spreading Rush,Plantae,0,0,0.021399636850213625,0.0,3,95.0,0.17046088476975751,28.666666666666668,True Negative
Coriolopsis,,Fungi,0,0,0.02136887498023918,0.0,2,97.5,0.2219121381640434,24.0,True Negative
Botryobasidium aureum,,Fungi,0,0,0.021331031703823552,0.0,1,110.0,0.1882385164499282,30.0,True Negative
Carduoideae,Thistles and Allies,Plantae,0,0,0.021330972272031526,0.0,1,87.0,0.1851371228694915,27.0,True Negative
Uropappus,,Plantae,0,0,0.021330972272031526,0.0,1,87.0,0.1851371228694915,27.0,True Negative
Solanoideae,nightshades and allies,Plantae,0,0,0.02129747391639157,0.0,3,95.33333333333333,0.19114490846792853,28.666666666666668,True Negative
Lasionycteris noctivagans,Silver-haired Bat,Mammalia,0,0,0.021097396118505835,0.0,1,93.0,0.1667190045118332,26.0,True Negative
Amorpha fruticosa,false indigo bush,Plantae,0,0,0.02107842303313641,0.0,2,93.5,0.17597343027591705,28.0,True Negative
Exidia,,Fungi,0,0,0.021067402554745544,0.0,3,89.66666666666667,0.18920037647088364,26.666666666666668,True Negative
Entodon,Entodon mosses,Plantae,0,0,0.021046753335149822,0.0,1,94.0,0.1932154148817062,26.0,True Negative
Dolichoderinae,Odorous Ants,Insecta,0,0,0.021034993535254967,0.0,2,106.0,0.1867635697126388,28.5,True Negative
Schistocerca alutacea,,Insecta,0,0,0.020951408480752384,0.0,2,91.5,0.22211909294128415,19.5,True Negative
Telebasis salva,Desert Firetail,Insecta,0,0,0.020935669334696552,0.0,3,86.66666666666667,0.19073204696178434,21.333333333333332,True Negative
Pogonomyrmex subnitidus,,Insecta,0,0,0.020865587342689215,0.0,1,104.0,0.1798708885908126,20.0,True Negative
Xestia c-nigrum,Setaceous Hebrew Character,Insecta,0,0,0.020865587342689215,0.0,1,104.0,0.1798708885908126,20.0,True Negative
Carya illinoinensis,pecan,Plantae,0,0,0.02081132068084309,0.0,3,88.66666666666667,0.22577873865763343,30.0,True Negative
Brevicoryne,,Insecta,0,0,0.02077239101084738,0.0,1,87.0,0.1851371228694915,27.0,True Negative
Lixus perforatus,,Insecta,0,0,0.02077239101084738,0.0,1,87.0,0.1851371228694915,27.0,True Negative
Aristotelia rubidella,Ruby Aristotelia Moth,Insecta,0,0,0.020751312691106735,0.0,1,94.0,0.1607972830533981,27.0,True Negative
Ligyrus gibbosus,Carrot Beetle,Insecta,0,0,0.020751312691106735,0.0,1,94.0,0.1607972830533981,27.0,True Negative
Bolbitius titubans olivaceus,,Fungi,0,0,0.020655383981049748,0.0,1,87.0,0.1826992034912109,27.0,True Negative
Inocybe fraudans,pear fibrecap,Fungi,0,0,0.02062497356831344,0.0,1,101.0,0.2232639044523239,28.0,True Negative
Leotiomycetes,,Fungi,0,0,0.02062497356831344,0.0,1,101.0,0.2232639044523239,28.0,True Negative
Rabdophaga rosaria,Willow Rose Gall Midge,Insecta,0,0,0.020576353117980138,0.0,1,87.0,0.2307304292917251,19.0,True Negative
Datura stramonium,jimsonweed,Plantae,0,0,0.020564955341640725,0.0,1,91.0,0.1893223971128463,26.0,True Negative
Noctua pronuba,Large Yellow Underwing,Insecta,0,0,0.0205214233808525,0.0,2,90.0,0.17965332418680185,24.5,True Negative
Conanthalictus bakeri,Baker's Phacelia-Shortface,Insecta,0,0,0.020408058857868366,0.0,1,90.0,0.1707945764064788,27.0,True Negative
Contarinia zauschneriae,California fuchsia gall midge,Insecta,0,0,0.020408058857868366,0.0,1,90.0,0.1707945764064788,27.0,True Negative
Gypsonoma salicicolana,Small Gypsonoma Moth,Insecta,0,0,0.020408058857868366,0.0,1,90.0,0.1707945764064788,27.0,True Negative
Clavascidium lacinulatum,Brown Stipplescale Lichen,Fungi,0,0,0.02040346355796012,0.0,1,226.0,0.1908625811338424,27.0,True Negative
Trametes versicolor,turkey-tail,Fungi,0,0,0.02039302680222178,0.0,1,115.0,0.2221014648675918,29.0,True Negative
Hibana,,Arachnida,0,0,0.02031018960630734,0.0,1,86.0,0.2293395400047302,26.0,True Negative
Pyropyga,,Insecta,0,0,0.02029901206838495,0.0,4,108.5,0.2452686764299869,28.0,True Negative
Acer,maples,Plantae,0,0,0.02021164656257123,0.0,1,89.0,0.2378417700529098,23.0,True Negative
Dermaptera,Earwigs,Insecta,0,0,0.02014470727794611,0.0,3,95.33333333333333,0.18036741763353348,27.0,True Negative
Psaltriparus minimus minimus,Coastal Pacific Bushtit,Aves,0,0,0.02010280821845473,0.0,2,80.0,0.17000075057148925,27.0,True Negative
Atrichopogon,,Insecta,0,0,0.02008061025682389,0.0,1,88.0,0.2466612458229065,27.0,True Negative
Bibio,,Insecta,0,0,0.02008061025682389,0.0,1,88.0,0.2111697196960449,27.0,True Negative
Blaberoidea,Giant and Wood Cockroaches,Insecta,0,0,0.02008061025682389,0.0,1,88.0,0.2111697196960449,27.0,True Negative
Micrutalis,,Insecta,0,0,0.02008061025682389,0.0,1,88.0,0.2111697196960449,27.0,True Negative
Spinus tristis,American Goldfinch,Aves,0,0,0.02000689301305222,0.0,3,94.33333333333333,0.2316925426324208,23.666666666666668,True Negative
Xylotrechus insignis,Willow Borer,Insecta,0,0,0.019948154767658797,0.0,3,79.33333333333333,0.21725837389628092,26.0,True Negative
Acarosporales,"cobblestone lichens, eiglera lichens, and allies",Fungi,0,0,0.019871829121827424,0.0,2,88.0,0.18119972199201578,22.5,True Negative
Crabronini,,Insecta,0,0,0.01985385900244901,0.0,1,88.0,0.2363310903310775,28.0,True Negative
Tupiocoris,,Insecta,0,0,0.01985385900244901,0.0,1,88.0,0.2363310903310775,28.0,True Negative
Axion,,Insecta,0,0,0.01984865296610377,0.0,1,90.0,0.2318084388971328,19.0,True Negative
Coccinellinae,Common Lady Beetles,Insecta,0,0,0.01984865296610377,0.0,1,90.0,0.2318084388971328,19.0,True Negative
Nemoria pistaciaria,,Insecta,0,0,0.01984865296610377,0.0,1,90.0,0.2318084388971328,19.0,True Negative
Palpada furcata,Tropical Plushback,Insecta,0,0,0.01984865296610377,0.0,1,90.0,0.2318084388971328,19.0,True Negative
Phoridae,Humpbacked Flies,Insecta,0,0,0.01984865296610377,0.0,1,90.0,0.2318084388971328,19.0,True Negative
Tricholita fistula,,Insecta,0,0,0.01984865296610377,0.0,1,90.0,0.2318084388971328,19.0,True Negative
Equisetum hyemale,rough horsetail,Plantae,0,0,0.019778711710260063,0.0,1,87.0,0.2184365391731262,28.0,True Negative
Hygrophorus,Woodwaxes,Fungi,0,0,0.01966677977686794,0.0,2,109.0,0.22794742882251734,30.0,True Negative
Eucerceris,,Insecta,0,0,0.019544777408291577,0.0,1,87.0,0.1826992034912109,27.0,True Negative
Pimplini,,Insecta,0,0,0.019544777408291577,0.0,1,85.0,0.1846582591533661,27.0,True Negative
Holocarpha,,Plantae,0,0,0.019450441584181664,0.0,1,88.0,0.2111697196960449,27.0,True Negative
Cimicomorpha,Cimicomorph Bugs,Insecta,0,0,0.019409326733073846,0.0,2,89.5,0.1718065738677978,25.0,True Negative
Inosperma maximum,Blueing Fishy Fiberhead,Fungi,0,0,0.01934529649847497,0.0,1,167.0,0.223260760307312,26.0,True Negative
Parthenocissus inserta,thicket creeper,Plantae,0,0,0.019331297128339392,0.0,1,109.0,0.2716334760189056,22.0,True Negative
Ramalina subleptocarpha,Slit-rimmed ramalina,Fungi,0,0,0.019311219009682166,0.0,1,61.0,0.2142498791217804,22.0,True Negative
Kirkaldya,,Insecta,0,0,0.01921646948357238,0.0,3,81.33333333333333,0.17952652772267652,28.0,True Negative
Artemisia ludoviciana,Silver Wormwood,Plantae,0,0,0.019215459071950904,0.0,2,89.5,0.20361658930778498,28.0,True Negative
Philodromus,Running Crab Spiders,Arachnida,0,0,0.019192900697364658,0.0,2,105.5,0.1775788143277168,29.0,True Negative
Ephippiochthonius,,Arachnida,0,0,0.01915745242682499,0.0,1,108.0,0.2336309254169464,30.0,True Negative
Opatrini,,Insecta,0,0,0.019134820511440956,0.0,1,89.0,0.1846582591533661,27.0,True Negative
Diplolepis californica,,Insecta,0,0,0.019076674278686225,0.0,7,92.28571428571429,0.20587321903024397,28.428571428571427,True Negative
Lactarius argillaceifolius,Clay-gilled Milkcap,Fungi,0,0,0.018902113417220867,0.0,3,92.0,0.17932371795177451,26.333333333333332,True Negative
Juglans,Walnuts,Plantae,0,0,0.0188518807349644,0.0,1,89.0,0.2709977328777313,28.0,True Negative
Malpighiales,"Nances, Willows, and Allies",Plantae,0,0,0.018770837353881176,0.0,1,89.0,0.199166253209114,27.0,True Negative
Ozophora occidentalis,,Insecta,0,0,0.018632960985740746,0.0,3,78.33333333333333,0.21104721724987027,28.0,True Negative
Cyanobacteria,,,0,0,0.01861644143777302,0.0,2,94.0,0.17762463539838785,27.5,True Negative
Chilocorinae,Scale-feeding Lady Beetles,Insecta,0,0,0.01859005852160285,0.0,2,91.5,0.20162475854158396,19.0,True Negative
Hypomyces,,Fungi,0,0,0.01854419416308077,0.0,3,92.33333333333333,0.20460813244183854,22.666666666666668,True Negative
Closterocoris,,Insecta,0,0,0.018540224142029688,0.0,2,96.0,0.17061260342597956,26.5,True Negative
Goodenia lanata,trailing Goodenia,Plantae,0,0,0.018490990084662436,0.0,1,89.0,0.2144552022218704,28.0,True Negative
Scleroderma,earthballs,Fungi,0,0,0.018446760052767304,0.0,1,99.0,0.2337980270385742,28.0,True Negative
Alticina,,Insecta,0,0,0.018362879843847373,0.0,1,86.0,0.2155940234661102,28.0,True Negative
Delphacini,,Insecta,0,0,0.018362879843847373,0.0,1,86.0,0.2155940234661102,28.0,True Negative
Pierinae,Whites,Insecta,0,0,0.018362879843847373,0.0,1,86.0,0.2155940234661102,28.0,True Negative
Rhionaeschna,Neotropical Darners,Insecta,0,0,0.018362879843847373,0.0,1,86.0,0.2155940234661102,28.0,True Negative
Usnea,beard lichens,Fungi,0,0,0.018306525008979953,0.0,1,166.0,0.1833970993757248,27.0,True Negative
Thomisidae,Crab Spiders,Arachnida,0,0,0.018240852396372614,0.0,3,84.66666666666667,0.17669326066970822,27.0,True Negative
Colaptes auratus luteus × cafer,Yellow-shafted × Red-shafted Flicker,Aves,0,0,0.018194283080524072,0.0,1,79.0,0.2669478058815002,19.0,True Negative
Dryudella caerulea,,Insecta,0,0,0.018189008135704184,0.0,2,102.0,0.2000082731246948,30.0,True Negative
Uropodina,,Arachnida,0,0,0.018151016960586137,0.0,1,99.0,0.2337980270385742,28.0,True Negative
Amazona,Amazon Parrots,Aves,0,0,0.01808786208766632,0.0,1,110.0,0.2416154742240905,23.0,True Negative
Idiocerus,,Insecta,0,0,0.01808407549569599,0.0,2,92.5,0.19516938179731366,24.5,True Negative
Aeshnidae,Darners,Insecta,0,0,0.018049919563037534,0.0,1,89.0,0.1753535866737365,26.0,True Negative
Catharus ustulatus,Swainson's Thrush,Aves,0,0,0.01798273170092001,0.0,2,89.0,0.21014066040515894,27.0,True Negative
Buteo swainsoni,Swainson's Hawk,Aves,0,0,0.017957121778476186,0.0,1,87.0,0.1851371228694915,27.0,True Negative
Camponotus yogi,Yogi Carpenter Ant,Insecta,0,0,0.017908571565254005,0.0,2,89.5,0.1636997759342193,28.0,True Negative
Salticus,,Arachnida,0,0,0.017895427922411167,0.0,1,89.0,0.1753535866737365,26.0,True Negative
Phragmidium,,Fungi,0,0,0.017890499662577344,0.0,3,91.66666666666667,0.18530269463857008,22.666666666666668,True Negative
Agrilus,,Insecta,0,0,0.01783667206989662,0.0,2,90.0,0.1956631615757942,25.0,True Negative
Eleodes gracilis distans,,Insecta,0,0,0.017675951916558942,0.0,8,92.625,0.19731812737882132,28.125,True Negative
Amphipoda,Amphipods,Animalia,0,0,0.01766070726992689,0.0,1,86.0,0.2300435453653335,27.0,True Negative
Cyrtolobus vanduzii,,Insecta,0,0,0.017584812583569503,0.0,3,76.66666666666667,0.20105218887329102,26.666666666666668,True Negative
Fuscoporia contigua,,Fungi,0,0,0.01758214132793997,0.0,1,164.0,0.1817878186702728,27.0,True Negative
Puccinia baccharidis,Mulefat Rust,Fungi,0,0,0.01758214132793997,0.0,1,164.0,0.1817878186702728,27.0,True Negative
Psathyrella corrugis,red edge brittlestem,Fungi,0,0,0.017437781864767847,0.0,3,91.33333333333333,0.20856850842634833,25.666666666666668,True Negative
Isotomurus,,Animalia,0,0,0.01741208914631206,0.0,1,109.0,0.1959366649389267,30.0,True Negative
Styloniscidae,,Animalia,0,0,0.01741208914631206,0.0,1,109.0,0.1959366649389267,30.0,True Negative
Segestria pacifica,,Arachnida,0,0,0.01725997202218188,0.0,2,76.5,0.19476901739835734,25.0,True Negative
Melipotis,,Insecta,0,0,0.017184709330223372,0.0,1,88.0,0.2403024286031723,28.0,True Negative
Conium,,Plantae,0,0,0.017156992602630206,0.0,2,85.5,0.19632426649332047,30.5,True Negative
Juncus effusus,Soft Rush,Plantae,0,0,0.017156992602630206,0.0,2,88.0,0.2302630990743637,30.5,True Negative
Colpa,,Insecta,0,0,0.01704172373886881,0.0,1,93.0,0.1792002916336059,28.0,True Negative
Eristalinae,Drone Flies and Allies,Insecta,0,0,0.016854849175123005,0.0,3,96.33333333333333,0.1998716443777084,26.333333333333332,True Negative
Dicerca hornii,,Insecta,0,0,0.016847004023972243,0.0,2,90.0,0.18407654762268066,28.5,True Negative
Pleurotus pulmonarius,pale oyster,Fungi,0,0,0.016757054998209956,0.0,1,93.0,0.1667190045118332,26.0,True Negative
Chthoniidae,chthoniid pseudoscorpions,Arachnida,0,0,0.016717629171257686,0.0,3,94.66666666666667,0.19472439835468927,26.0,True Negative
Lepiota spheniscispora,Penguin-spored Lepiota,Fungi,0,0,0.01669734130205988,0.0,2,86.0,0.1725370809435844,27.0,True Negative
Diplocarpon rosae,Rose Black Spot,Fungi,0,0,0.016672444690452773,0.0,3,92.33333333333333,0.1748982071876526,28.666666666666668,True Negative
Homalonychus,,Arachnida,0,0,0.016600402788189365,0.0,1,87.0,0.1692621707916259,27.0,True Negative
Toxomerus dispar,Dark-sided Calligrapher,Insecta,0,0,0.01658630815556479,0.0,1,91.0,0.1645774394273758,28.0,True Negative
Phyllocnistis,,Insecta,0,0,0.01657127020300452,0.0,3,84.33333333333333,0.20471626023451486,30.333333333333332,True Negative
Wamba crispulus,,Arachnida,0,0,0.01656181430414935,0.0,1,99.0,0.2337980270385742,28.0,True Negative
Asteiidae,Fine Flies,Insecta,0,0,0.016465018145149054,0.0,2,89.0,0.2224350720643997,29.5,True Negative
Quercus berberidifolia × engelmannii,,Plantae,0,0,0.016404250675239724,0.0,1,91.0,0.1758313626050949,27.0,True Negative
Brechmorhoga mendax,Pale-faced Clubskimmer,Insecta,0,0,0.016358418195786182,0.0,3,88.66666666666667,0.19659522672494253,26.333333333333332,True Negative
Pemphigini,,Insecta,0,0,0.01629400332798586,0.0,1,91.0,0.1667310446500778,28.0,True Negative
Semidalis,,Insecta,0,0,0.01629400332798586,0.0,1,91.0,0.1667310446500778,28.0,True Negative
Castianeira athena,,Arachnida,0,0,0.0161587533552167,0.0,3,97.33333333333333,0.2155525833368301,28.666666666666668,True Negative
Dryocosmus,,Insecta,0,0,0.016148462637646455,0.0,2,83.5,0.2448638156056404,26.0,True Negative
Papilio,,Insecta,0,0,0.016126326149128564,0.0,2,84.5,0.1926862820982933,26.5,True Negative
Chilocorus stigma,Twice-stabbed Lady Beetle,Insecta,0,0,0.016080876844314154,0.0,1,93.0,0.1877748221158981,26.0,True Negative
Geastrales,Geastrales,Fungi,0,0,0.016035227904454004,0.0,2,96.5,0.18555425107479095,25.5,True Negative
Trichocorixa reticulata,,Insecta,0,0,0.016032441520819042,0.0,1,84.0,0.2651388347148895,27.0,True Negative
Battarrea,,Fungi,0,0,0.015989329196107002,0.0,1,89.0,0.1753535866737365,26.0,True Negative
Crabroninae,,Insecta,0,0,0.01597801506542807,0.0,1,83.0,0.2098167985677719,27.0,True Negative
Russula brevipes,Short-stemmed Russula,Fungi,0,0,0.015948547739514356,0.0,2,93.0,0.17257191985845566,26.0,True Negative
Rhopalomyia sulcata,,Insecta,0,0,0.015915900455080213,0.0,1,86.0,0.2293395400047302,26.0,True Negative
Blattella vaga,Field Cockroach,Insecta,0,0,0.015893619509529423,0.0,1,94.0,0.1932154148817062,26.0,True Negative
Rabdophaga salicisbatatus,Potato Gall Midge,Insecta,0,0,0.015862412395398373,0.0,2,91.0,0.2332320734858513,23.5,True Negative
Pezizaceae,"Pezizas, Desert Truffles, and Allies",Fungi,0,0,0.015826563095592744,0.0,2,94.5,0.18325988203287125,25.0,True Negative
Profenusa,,Insecta,0,0,0.015810943280048204,0.0,1,89.0,0.1713900715112686,27.0,True Negative
Dendryphantini,,Arachnida,0,0,0.015803726581943327,0.0,1,86.0,0.1948729306459427,26.0,True Negative
Quercus agrifolia oxyadenia,Southern Coast Live Oak,Plantae,0,0,0.015796998178509093,0.0,2,92.5,0.21788351237773895,27.0,True Negative
Tachysphex terminatus,,Insecta,0,0,0.015753015054215457,0.0,2,87.5,0.1816083565354347,26.5,True Negative
Haplaxius,,Insecta,0,0,0.015655451255380304,0.0,2,89.5,0.2422509416937828,23.5,True Negative
Rhabditophora,,Animalia,0,0,0.015414383607798857,0.0,1,84.0,0.2566399574279785,27.0,True Negative
Bacteria,,,0,0,0.015309125204764958,0.0,1,86.0,0.2651388347148895,27.0,True Negative
Varacosa,,Arachnida,0,0,0.014874892423169313,0.0,1,94.0,0.1932154148817062,26.0,True Negative
Oniscidea,"Woodlice, Pillbugs, and Rock Slaters",Animalia,0,0,0.014865213106772118,0.0,2,87.0,0.22572616487741465,29.5,True Negative
Coriolopsis trogii,,Fungi,0,0,0.01486215087997385,0.0,1,89.0,0.2215781211853027,19.0,True Negative
Fomitiporia robusta,Robust Bracket,Fungi,0,0,0.014644038835630235,0.0,1,83.0,0.2025020569562912,27.0,True Negative
Pachysphinx occidentalis,Western Poplar Sphinx,Insecta,0,0,0.014607071268634846,0.0,2,92.0,0.20750671625137324,22.5,True Negative
Eriophyidae,Gall and Rust Mites,Arachnida,0,0,0.014515416077506777,0.0,1,91.0,0.1667310446500778,28.0,True Negative
Hydrophilini,,Insecta,0,0,0.014480369027058598,0.0,1,96.0,0.1717853546142578,28.0,True Negative
Catocala,Underwing Moths,Insecta,0,0,0.014462714144128664,0.0,1,88.0,0.2192869931459427,26.0,True Negative
Nemoleontinae,,Insecta,0,0,0.014462714144128664,0.0,1,88.0,0.2192869931459427,26.0,True Negative
Polistes palmarum,Palm Paper Wasp,Insecta,0,0,0.014462714144128664,0.0,1,88.0,0.2192869931459427,26.0,True Negative
Rhyacophila,,Insecta,0,0,0.014454354073425095,0.0,1,87.0,0.1692621707916259,27.0,True Negative
Homaemus,,Insecta,0,0,0.014362551169387923,0.0,1,94.0,0.1804786622524261,28.0,True Negative
Parmotrema arnoldii,Arnold's Parmotrema Lichen,Fungi,0,0,0.014310238052828762,0.0,1,89.0,0.1658462882041931,28.0,True Negative
Microphotus,,Insecta,0,0,0.014190138084270698,0.0,1,89.0,0.1966694742441177,27.0,True Negative
Cyanocorax colliei,Black-throated Magpie-Jay,Aves,0,0,0.014056623939884527,0.0,2,72.0,0.2151023596525192,22.0,True Negative
Pseudopsallus,,Insecta,0,0,0.014041556673437048,0.0,1,94.0,0.1798112541437149,26.0,True Negative
Euura exiguae,Willow Stem Sawfly,Insecta,0,0,0.01394563875092337,0.0,3,81.66666666666667,0.21451186637083686,26.666666666666668,True Negative
Danaus gilippus thersippus,Striated Queen,Insecta,0,0,0.013879817613289065,0.0,2,86.0,0.21777288615703577,27.0,True Negative
Culex,,Insecta,0,0,0.013793708059508821,0.0,1,86.0,0.1834840923547744,27.0,True Negative
Sayornis,Phoebes,Aves,0,0,0.013744603719832616,0.0,1,109.0,0.2716334760189056,22.0,True Negative
Agaricus bernardii,Salt-loving Agaricus,Fungi,0,0,0.013689304371396762,0.0,2,94.0,0.1643473878502845,28.5,True Negative
Deroceras invadens,Chestnut Slug,Mollusca,0,0,0.013618475930547236,0.0,1,88.0,0.2143358737230301,30.0,True Negative
Aureoboletus flaviporus,viscid bolete,Fungi,0,0,0.013617369819496638,0.0,2,97.0,0.20989048480987546,28.0,True Negative
Inocybe geophylla,,Fungi,0,0,0.013609566155592244,0.0,2,90.0,0.19207588583230967,27.0,True Negative
Pluteus petasatus,scaly shield,Fungi,0,0,0.01346378323733546,0.0,2,89.5,0.1814279034733772,25.0,True Negative
Planorbella,,Mollusca,0,0,0.013322742812547295,0.0,1,85.0,0.2636275887489319,27.0,True Negative
Aculus laevigatae,Western Red Willow Mite,Arachnida,0,0,0.013318553930251746,0.0,1,86.0,0.1875555515289306,26.0,True Negative
Melanactes,,Insecta,0,0,0.013290947247881997,0.0,1,92.0,0.1929898709058761,26.0,True Negative
Spongillida,Freshwater sponges,Animalia,0,0,0.01323116155948855,0.0,1,86.0,0.2651388347148895,27.0,True Negative
Aradus,,Insecta,0,0,0.013193016809479124,0.0,1,108.0,0.2336309254169464,30.0,True Negative
Bactrothrips hesperus,,Insecta,0,0,0.013193016809479124,0.0,1,108.0,0.2336309254169464,30.0,True Negative
Hypomedon debilicornis,,Insecta,0,0,0.013193016809479124,0.0,1,108.0,0.2336309254169464,30.0,True Negative
Hypoponera punctatissima,Roger's Crypt Ant,Insecta,0,0,0.013193016809479124,0.0,1,108.0,0.2336309254169464,30.0,True Negative
Schoenomyza,,Insecta,0,0,0.013193016809479124,0.0,1,108.0,0.2336309254169464,30.0,True Negative
Scutigerellidae,,Animalia,0,0,0.013170966140060813,0.0,1,108.0,0.1760631650686264,30.0,True Negative
Hygrophila,,Mollusca,0,0,0.013141743898726159,0.0,1,86.0,0.1834840923547744,27.0,True Negative
Periclistus,,Insecta,0,0,0.013072325254713444,0.0,1,92.0,0.1749754846096038,27.0,True Negative
Hypselonotini,,Insecta,0,0,0.013044958065811806,0.0,1,90.0,0.2260574102401733,23.0,True Negative
Quedius,,Insecta,0,0,0.013044958065811806,0.0,1,90.0,0.2260574102401733,23.0,True Negative
Calephelis nemesis dammersi,,Insecta,0,0,0.01302803314335282,0.0,1,85.0,0.2504086494445801,27.0,True Negative
Epirrhoe,,Insecta,0,0,0.01302803314335282,0.0,1,85.0,0.2504086494445801,27.0,True Negative
Tachyempis,,Insecta,0,0,0.01302803314335282,0.0,1,85.0,0.2504086494445801,27.0,True Negative
Helophilus fasciatus,Narrow-headed Marsh Fly,Insecta,0,0,0.0130051904001957,0.0,2,90.0,0.19102916121482844,23.5,True Negative
Doryctinae,,Insecta,0,0,0.012945069531250707,0.0,1,100.0,0.2698723673820495,30.0,True Negative
Stilbosis,,Insecta,0,0,0.012924808643124246,0.0,1,100.0,0.1793984025716781,28.0,True Negative
Eublemma minima,Everlasting Bud Moth,Insecta,0,0,0.012888689773354403,0.0,1,88.0,0.1826587319374084,28.0,True Negative
Lentinellus ursinus,bear lentinus,Fungi,0,0,0.012871099891466169,0.0,1,94.0,0.1804786622524261,28.0,True Negative
Paralaoma,,Mollusca,0,0,0.012826769151138728,0.0,1,108.0,0.1760631650686264,30.0,True Negative
Neanurinae,,Animalia,0,0,0.012746042670886047,0.0,1,108.0,0.2336309254169464,30.0,True Negative
Ptenothrix californica,,Animalia,0,0,0.012746042670886047,0.0,1,108.0,0.2336309254169464,30.0,True Negative
Vitronura giselae,,Animalia,0,0,0.012746042670886047,0.0,1,108.0,0.2336309254169464,30.0,True Negative
Talitridira,,Animalia,0,0,0.01273754141908035,0.0,1,84.0,0.2479217648506164,27.0,True Negative
Neanuroidea,,Animalia,0,0,0.01271150715973406,0.0,1,87.0,0.1861578077077865,26.0,True Negative
Curculioninae,,Insecta,0,0,0.012661037188488976,0.0,1,92.0,0.1789494454860687,28.0,True Negative
Dolerus,,Insecta,0,0,0.012661037188488976,0.0,1,92.0,0.1789494454860687,28.0,True Negative
Ischnura perparva,Western Forktail,Insecta,0,0,0.012655055551941604,0.0,2,85.5,0.21127853542566294,22.5,True Negative
Cryptorhopalum quadripunctatum,,Insecta,0,0,0.012578018701392111,0.0,3,88.66666666666667,0.2010755091905594,29.0,True Negative
Callirhytis perfoveata,,Insecta,0,0,0.012535731490915024,0.0,2,89.0,0.2026690319180488,26.0,True Negative
Brachycistis,,Insecta,0,0,0.012504796616173132,0.0,1,87.0,0.1861578077077865,26.0,True Negative
Chilocorus orbus,,Insecta,0,0,0.012504796616173132,0.0,1,87.0,0.1861578077077865,26.0,True Negative
Phaonia californiensis,,Insecta,0,0,0.012504796616173132,0.0,1,87.0,0.1861578077077865,26.0,True Negative
Taphrina,leaf curl fungi,Fungi,0,0,0.01240257414992762,0.0,1,88.0,0.2192869931459427,26.0,True Negative
Peziza vesiculosa,blistered cup,Fungi,0,0,0.012244086999301648,0.0,2,88.5,0.2086275964975357,29.0,True Negative
Leiothlypis celata lutescens,Pacific Orange-crowned Warbler,Aves,0,0,0.01223359970438559,0.0,1,89.0,0.2299844771623611,26.0,True Negative
Kyboasca,,Insecta,0,0,0.01198199460408073,0.0,3,86.33333333333333,0.18708963692188255,26.0,True Negative
Eurema nicippe,Sleepy Orange,Insecta,0,0,0.011806276387938817,0.0,3,88.0,0.20512397587299344,27.0,True Negative
Protozoa,protozoans,Protozoa,0,0,0.011745625332562456,0.0,1,89.0,0.1831080019474029,30.0,True Negative
Nymphalinae,"Checkerspots, Anglewings, Peacocks, and Allies",Insecta,0,0,0.011713110983223644,0.0,2,89.5,0.20363339781761164,28.0,True Negative
Eristalis nemorum,Orange-spined Drone Fly,Insecta,0,0,0.011697484190799048,0.0,1,87.0,0.2067158818244934,28.0,True Negative
Megasternini,,Insecta,0,0,0.011697484190799048,0.0,1,87.0,0.2067158818244934,28.0,True Negative
Parochrimnus,,Insecta,0,0,0.011697484190799048,0.0,1,87.0,0.2067158818244934,28.0,True Negative
Ptiliidae,Feather-winged Beetles,Insecta,0,0,0.011697484190799048,0.0,1,87.0,0.2067158818244934,28.0,True Negative
Alconeura quadrimaculata,Sycamore Leafhopper,Insecta,0,0,0.011632519627262687,0.0,1,105.0,0.1889418065547943,26.0,True Negative
Pachybrachis bivittatus,Say's Two-striped Pachy,Insecta,0,0,0.011627659914163889,0.0,2,88.5,0.2113856971263885,28.0,True Negative
Porcellio dilatatus,Giant Canyon Woodlouse,Animalia,0,0,0.011623612845030594,0.0,3,103.66666666666667,0.1712132667501767,28.333333333333332,True Negative
Ceriana tridens,Western Wasp Fly,Insecta,0,0,0.011606203908469732,0.0,1,92.0,0.1801566034555435,23.0,True Negative
Entomobryoidea,,Animalia,0,0,0.01139739570598883,0.0,1,86.0,0.1875555515289306,26.0,True Negative
Apelopia,,Insecta,0,0,0.011344100830981554,0.0,1,86.0,0.1918266415596008,26.0,True Negative
Plathemis lydia,Common Whitetail,Insecta,0,0,0.011344100830981554,0.0,1,86.0,0.1918266415596008,26.0,True Negative
Peloropeodes cornutus,,Insecta,0,0,0.011320305780289792,0.0,2,85.5,0.21137582510709757,27.0,True Negative
Mollusca,Molluscs,Mollusca,0,0,0.011297411152006475,0.0,1,85.0,0.1928440332412719,26.0,True Negative
Pseudoinonotus dryadeus,oak bracket,Fungi,0,0,0.011280557278196589,0.0,1,89.0,0.2203586101531982,30.0,True Negative
Nemomydas,,Insecta,0,0,0.0111906851624279,0.0,1,86.0,0.1875555515289306,26.0,True Negative
Teleasinae,,Insecta,0,0,0.0111906851624279,0.0,1,86.0,0.1875555515289306,26.0,True Negative
Chamaea fasciata henshawi,Pallid Wrentit,Aves,0,0,0.01118906487614279,0.0,1,90.0,0.2279117703437805,26.0,True Negative
Chrysemys picta bellii,Western Painted Turtle,Reptilia,0,0,0.01115567605286168,0.0,1,88.0,0.1820410937070846,28.0,True Negative
Girardia,,Animalia,0,0,0.011143739159398617,0.0,2,85.0,0.243341751396656,27.0,True Negative
Corythucha morrilli,Morrill Lace Bug,Insecta,0,0,0.01112123352048842,0.0,2,87.0,0.21744704246520996,27.5,True Negative
Siluriformes,Catfishes,Actinopterygii,0,0,0.010996206369416792,0.0,1,88.0,0.2520972788333893,30.0,True Negative
Dalopius,,Insecta,0,0,0.010933572100117705,0.0,1,85.0,0.1861578077077865,26.0,True Negative
Cacopsylla,,Insecta,0,0,0.010926946004603031,0.0,1,92.0,0.1929898709058761,26.0,True Negative
Dryobates pubescens turati,Downy Woodpecker (Willow),Aves,0,0,0.010854906238147843,0.0,1,93.0,0.1706262379884719,28.0,True Negative
Coprinopsis atramentaria,Common Ink Cap,Fungi,0,0,0.010839016262656256,0.0,1,107.0,0.2058500796556472,30.0,True Negative
Blattella germanica,German Cockroach,Insecta,0,0,0.010804957597900011,0.0,1,89.0,0.1883106082677841,28.0,True Negative
Poecilus lucublandus,Woodland Ground Beetle,Insecta,0,0,0.010804957597900011,0.0,1,89.0,0.2449277341365814,28.0,True Negative
Rabdophaga strobiloides,Willow Pinecone Gall Midge,Insecta,0,0,0.010758283335977503,0.0,3,88.0,0.24116051693757376,28.666666666666668,True Negative
Phlebia radiata,Wrinkled Crust,Fungi,0,0,0.010742025724144793,0.0,1,110.0,0.2222639322280883,30.0,True Negative
Carpocorini,,Insecta,0,0,0.010682048525050107,0.0,1,87.0,0.252194881439209,28.0,True Negative
Pyropyga nigricans,Dark Firefly,Insecta,0,0,0.010682048525050107,0.0,1,87.0,0.252194881439209,28.0,True Negative
Symmorphus,,Insecta,0,0,0.010682048525050107,0.0,1,88.0,0.244580864906311,28.0,True Negative
Voria,,Insecta,0,0,0.010682048525050107,0.0,1,87.0,0.252194881439209,28.0,True Negative
Verpa,thimble morels,Fungi,0,0,0.010668907193559516,0.0,1,85.0,0.1861578077077865,26.0,True Negative
Arcyria stipata,,Protozoa,0,0,0.010668203937462312,0.0,1,86.0,0.1963646858930587,26.0,True Negative
Metaphidippus siticulosus,,Arachnida,0,0,0.010661059150686669,0.0,1,87.0,0.252194881439209,28.0,True Negative
Nysson,,Insecta,0,0,0.010587675759623367,0.0,1,88.0,0.2433693259954452,28.0,True Negative
Dorytomus,Willow Weevils,Insecta,0,0,0.010451378767275225,0.0,2,87.5,0.18937434256076813,26.5,True Negative
Trachelidae,Broad-Faced Sac Spiders,Arachnida,0,0,0.010372832401734018,0.0,2,89.0,0.17643840610980985,26.0,True Negative
Entomobryomorpha,Elongate Springtails,Animalia,0,0,0.010329189347672737,0.0,2,88.5,0.23840199410915375,28.0,True Negative
Neospintharus furcatus,,Arachnida,0,0,0.010199834902858093,0.0,3,85.66666666666667,0.23795738319555912,28.333333333333332,True Negative
Amanita protecta,Protected Ringless Amanita,Fungi,0,0,0.010142686982680829,0.0,3,91.0,0.19102360804875693,27.333333333333332,True Negative
Patagioenas fasciata,Band-tailed Pigeon,Aves,0,0,0.010061601749788656,0.0,1,92.0,0.1929898709058761,26.0,True Negative
Andropolia,,Insecta,0,0,0.009935613080117846,0.0,1,90.0,0.1832794547080993,23.0,True Negative
Orthosia,,Insecta,0,0,0.009935613080117846,0.0,1,92.0,0.1801566034555435,23.0,True Negative
Rhopalomyia medusirrasa,Woolly Bud Gall Midge,Insecta,0,0,0.009935613080117846,0.0,1,92.0,0.1801566034555435,23.0,True Negative
Batrachedra,,Insecta,0,0,0.00990954220945906,0.0,2,91.0,0.19756000488996506,27.5,True Negative
Laphria,Bee-mimic Robber Flies,Insecta,0,0,0.009835907538879798,0.0,3,88.33333333333333,0.24076331655184427,26.333333333333332,True Negative
Cypriniformes,"Minnows, Suckers, Carps, and Loaches",Actinopterygii,0,0,0.009780672297404187,0.0,2,84.5,0.18899222463369364,26.0,True Negative
Anaspis,,Insecta,0,0,0.009771272918750478,0.0,2,87.0,0.252194881439209,28.0,True Negative
Haemaphysalis,,Arachnida,0,0,0.009676592294142259,0.0,1,87.0,0.2184365391731262,28.0,True Negative
Ballana,,Insecta,0,0,0.009675182597992282,0.0,1,90.0,0.185893103480339,26.0,True Negative
Diachea leucopodia,White-footed Slime,Protozoa,0,0,0.009623565981908376,0.0,1,92.0,0.1801566034555435,23.0,True Negative
Hemerobius,,Insecta,0,0,0.009569940573256023,0.0,1,89.0,0.2144552022218704,28.0,True Negative
Gloeoporus dichrous,bicoloured bracket,Fungi,0,0,0.009449229047341284,0.0,1,88.0,0.202821210026741,26.0,True Negative
Mesochorinae,,Insecta,0,0,0.009358440137824152,0.0,1,90.0,0.1987125277519226,27.0,True Negative
Dilophus tibialis,,Insecta,0,0,0.00924364227719814,0.0,1,89.0,0.2320134788751602,23.0,True Negative
Gelechiinae,,Insecta,0,0,0.00924364227719814,0.0,1,89.0,0.2320134788751602,23.0,True Negative
Orphilus subnitidus,Dark Carpet Beetle,Insecta,0,0,0.009169363501952245,0.0,1,91.0,0.2005581259727478,27.0,True Negative
Dromius piceus,,Insecta,0,0,0.009161144968721405,0.0,1,92.0,0.2165125459432602,26.0,True Negative
Melipotis jucunda,Merry Graphic Moth,Insecta,0,0,0.009161144968721405,0.0,1,92.0,0.2165125459432602,26.0,True Negative
Osmia lignaria propinqua,Western Blue Orchard Bee,Insecta,0,0,0.009161144968721405,0.0,1,92.0,0.2165125459432602,26.0,True Negative
Epalpus,,Insecta,0,0,0.009128153953846328,0.0,1,90.0,0.2700881063938141,28.0,True Negative
Erioptera distincta,,Insecta,0,0,0.009128153953846328,0.0,1,90.0,0.2700881063938141,28.0,True Negative
Gypsonoma,,Insecta,0,0,0.009128153953846328,0.0,1,90.0,0.2700881063938141,28.0,True Negative
Stigmina,,Insecta,0,0,0.009128153953846328,0.0,1,90.0,0.2700881063938141,28.0,True Negative
Syntormon,,Insecta,0,0,0.009128153953846328,0.0,1,90.0,0.2700881063938141,28.0,True Negative
Hymenochaetaceae,,Fungi,0,0,0.00910800897154245,0.0,2,104.0,0.18555486947298044,27.5,True Negative
Leuciscidae,True Minnows,Actinopterygii,0,0,0.009053918783733555,0.0,1,87.0,0.2067158818244934,28.0,True Negative
Liriomyza eupatorii,,Insecta,0,0,0.009027893281304874,0.0,1,87.0,0.212503120303154,26.0,True Negative
Rhizocarpon geographicum,yellow map lichen,Fungi,0,0,0.00902353393474626,0.0,2,86.0,0.19840678572654724,25.5,True Negative
Cultellunguis perpallens,,Insecta,0,0,0.008980670998614921,0.0,2,90.0,0.2219031453132629,26.5,True Negative
Agrobacterium radiobacter,,,0,0,0.008979188747747979,0.0,1,88.0,0.2241514921188354,28.0,True Negative
Anopheles franciscanus,,Insecta,0,0,0.008956957165424863,0.0,1,88.0,0.2136955112218856,26.0,True Negative
Ptilinus,Death-watch Beetles,Insecta,0,0,0.008948977090688004,0.0,2,88.5,0.24830546230077744,28.0,True Negative
Copestylum victoria,Victoria's Bromeliad Fly,Insecta,0,0,0.008880383608365435,0.0,1,92.0,0.1749567538499832,28.0,True Negative
Vireo philadelphicus,Philadelphia Vireo,Aves,0,0,0.008832216665509207,0.0,1,87.0,0.1789924502372741,28.0,True Negative
Symmorphus projectus,,Insecta,0,0,0.008824634138624015,0.0,1,87.0,0.1789924502372741,28.0,True Negative
Sympycninae,,Insecta,0,0,0.008824634138624015,0.0,1,87.0,0.1789924502372741,28.0,True Negative
Dikrella,,Insecta,0,0,0.008771360948212528,0.0,1,90.0,0.2444160431623459,28.0,True Negative
Kalotermitidae,Drywood Termites,Insecta,0,0,0.008771360948212528,0.0,1,90.0,0.2444160431623459,28.0,True Negative
Cuterebra fontinella,Mouse Bot Fly,Insecta,0,0,0.008750022376672656,0.0,1,89.0,0.2174035459756851,26.0,True Negative
Molophilus,,Insecta,0,0,0.008721324505822577,0.0,2,90.0,0.25725207477808,28.0,True Negative
Ceutorhynchus,,Insecta,0,0,0.008677022596154797,0.0,3,90.66666666666667,0.20146168768405912,27.333333333333332,True Negative
Aculops aenigma,,Arachnida,0,0,0.008639645353088532,0.0,1,89.0,0.199166253209114,27.0,True Negative
Elateriformia,Elateriform Beetles,Insecta,0,0,0.008586013728807499,0.0,1,86.0,0.1963646858930587,26.0,True Negative
Macrosiphoniella ludovicianae,White Sage Aphid,Insecta,0,0,0.008586013728807499,0.0,1,86.0,0.1963646858930587,26.0,True Negative
Podilymbus podiceps podiceps,Northern Pied-billed Grebe,Aves,0,0,0.008575242691681485,0.0,1,88.0,0.2433157861232757,28.0,True Negative
Haplodrassus,,Arachnida,0,0,0.008566314626998523,0.0,1,90.0,0.1987125277519226,27.0,True Negative
Hydra viridissima,Green Hydra,Animalia,0,0,0.008565368803865991,0.0,1,89.0,0.1883106082677841,28.0,True Negative
Fannia canicularis,Lesser House Fly,Insecta,0,0,0.008526922160005756,0.0,2,89.0,0.18615265190601343,27.0,True Negative
Catocala irene,,Insecta,0,0,0.008512333584431295,0.0,2,89.0,0.2438659146428108,28.0,True Negative
Cerastipsocus venosus,Tree Cattle,Insecta,0,0,0.008512333584431295,0.0,2,90.0,0.25725207477808,28.0,True Negative
Caloboletus marshii,Ben's Bitter Bolete,Fungi,0,0,0.00841482946624656,0.0,2,106.5,0.22268268465995786,28.5,True Negative
Lycogala flavofuscum,,Protozoa,0,0,0.00833360841183437,0.0,1,87.0,0.2241514921188354,28.0,True Negative
Myotis,Mouse-eared Bats,Mammalia,0,0,0.00832679498230254,0.0,2,88.0,0.21823373436927795,27.0,True Negative
Araneus illaudatus,Texas Orbweaver,Arachnida,0,0,0.008181650175589352,0.0,2,88.5,0.21640284359455103,26.0,True Negative
Chaetocnema,Stout Flea Beetles,Insecta,0,0,0.008059858729759919,0.0,3,88.33333333333333,0.2453261663516362,27.333333333333332,True Negative
Psaltriparus,,Aves,0,0,0.008050879770526343,0.0,1,89.0,0.2146628350019455,28.0,True Negative
Platyhelminthes,Flatworms,Animalia,0,0,0.008047890970580281,0.0,1,89.0,0.2378417700529098,23.0,True Negative
Socalchemmis kastoni,,Arachnida,0,0,0.007825393419501902,0.0,1,90.0,0.2297126501798629,26.0,True Negative
Ardeinae,Typical Herons and Egrets,Aves,0,0,0.007798748729674228,0.0,2,87.0,0.2241514921188354,28.0,True Negative
Sminthurides,,Animalia,0,0,0.00777251649754166,0.0,1,89.0,0.2320134788751602,23.0,True Negative
Gloeophyllum sepiarium,Conifer Mazegill,Fungi,0,0,0.00774862791111062,0.0,2,89.5,0.1750408038496971,28.5,True Negative
Thereva,,Insecta,0,0,0.007534356830609095,0.0,2,88.0,0.2441778481006622,26.5,True Negative
Helvella compressa,,Fungi,0,0,0.007294077316372853,0.0,2,87.0,0.20177000015974045,28.5,True Negative
Polycauliona luteominia,Red Firedot Lichen,Fungi,0,0,0.0071687372085930505,0.0,1,86.0,0.1963646858930587,26.0,True Negative
Tetragnathidae,Long-jawed Orbweavers,Arachnida,0,0,0.007101321877361981,0.0,1,90.0,0.2444160431623459,28.0,True Negative
Erysiphe pisi,legume powdery mildew group,Fungi,0,0,0.006956114276482374,0.0,2,88.5,0.2399673908948898,29.0,True Negative
Puccinia malvacearum,Hollyhock Rust,Fungi,0,0,0.00652796037137244,0.0,2,90.0,0.19363563507795328,25.5,True Negative
Phragmidium violaceum,Rubus rust,Fungi,0,0,0.005990709401171316,0.0,1,90.0,0.1987125277519226,27.0,True Negative
Lactarius pubescens,Downy milk cap,Fungi,0,0,0.005260571777733346,0.0,1,92.0,0.1801566034555435,23.0,True Negative
Leptoporus mollis,Pink Sherbet Polypore,Fungi,0,0,0.005260571777733346,0.0,1,92.0,0.1801566034555435,23.0,True Negative
Mycena citrinomarginata,Yellow-edged Bonnet,Fungi,0,0,0.005260571777733346,0.0,1,92.0,0.1801566034555435,23.0,True Negative
Phragmidium mucronatum,,Fungi,0,0,0.005260571777733346,0.0,1,92.0,0.1783575713634491,23.0,True Negative
Puccinia oenotherae,,Fungi,0,0,0.005260571777733346,0.0,1,92.0,0.1801566034555435,23.0,True Negative
Vireo flavifrons,Yellow-throated Vireo,Aves,0,0,0.0046554615665667645,0.0,2,90.0,0.19935018569231028,27.0,True Negative
Arctostaphylos,bearberries and manzanitas,Plantae,0,0,0.676449670443569,0.0,9,252.11111111111111,0.1301172723372777,25.11111111111111,True Negative (Filtered)
Riccia lamellosa,Lamellose Crystalwort,Plantae,0,0,0.5975665140187614,0.0,8,238.75,0.12515257857739923,25.0,True Negative (Filtered)
Stephanomeria exigua,Small Wirelettuce,Plantae,0,0,0.5969230178974992,0.0,8,166.5,0.14316253922879693,26.0,True Negative (Filtered)
Scyphophorus yuccae,Yucca Weevil,Insecta,0,0,0.5904725417466318,0.0,8,242.75,0.1443133726716041,25.125,True Negative (Filtered)
Ramosissimae,,Plantae,0,0,0.5873018249035986,0.0,8,217.625,0.14274712651968,26.5,True Negative (Filtered)
Camponotus,"Carpenter Ants, Typical Sugar Ants and Allies",Insecta,0,0,0.5862875297432365,0.0,9,193.22222222222223,0.129288214776251,23.444444444444443,True Negative (Filtered)
Logfia filaginoides,California cottonrose,Plantae,0,0,0.5853064800301004,0.0,8,171.0,0.1356905912980437,27.5,True Negative (Filtered)
Antirrhineae,Toadflaxes and Allies,Plantae,0,0,0.5780149601100361,0.0,4,159.25,0.15237389504909513,26.5,True Negative (Filtered)
Helianthus gracilentus,slender sunflower,Plantae,0,0,0.5774759638129823,0.0,6,259.6666666666667,0.15538861602544782,28.333333333333332,True Negative (Filtered)
Bromus carinatus,California brome,Plantae,0,0,0.5761234079030263,0.0,6,163.16666666666666,0.13937710473934806,27.5,True Negative (Filtered)
Cleomella arborea arborea,,Plantae,0,0,0.5679222052648999,0.0,6,168.66666666666666,0.14710841203729308,27.5,True Negative (Filtered)
Rumex spinosus,Devil's Thorn,Plantae,0,0,0.5637750479313745,0.0,6,153.66666666666666,0.13595387587944663,28.333333333333332,True Negative (Filtered)
Hazardia squarrosa grindelioides,,Plantae,0,0,0.5582134347377797,0.0,6,176.33333333333334,0.1500210712353388,26.0,True Negative (Filtered)
Eschscholzia caespitosa,Tufted Poppy,Plantae,0,0,0.5573825338265977,0.0,5,287.6,0.1443076387047767,24.6,True Negative (Filtered)
Solstitiaria,,Plantae,0,0,0.5560275464134656,0.0,5,164.8,0.14303765296936033,28.8,True Negative (Filtered)
Logfia,cottonroses,Plantae,0,0,0.5554765215550865,0.0,8,160.0,0.13877771841362116,28.875,True Negative (Filtered)
Oncosiphon pilulifer,stinknet,Plantae,0,0,0.5549888035059497,0.0,5,190.4,0.13651300519704818,27.2,True Negative (Filtered)
Johnstonella angustifolia,narrow-leaved cryptantha,Plantae,0,0,0.5547550002466103,0.0,8,203.625,0.12930904235690827,27.375,True Negative (Filtered)
Castilleja densiflora densiflora,,Plantae,0,0,0.5539824939601166,0.0,6,172.5,0.1411917135119438,26.166666666666668,True Negative (Filtered)
Calystegia macrostegia arida,,Plantae,0,0,0.5505233234986163,0.0,6,177.5,0.13450728729367253,27.166666666666668,True Negative (Filtered)
Malveae,,Plantae,0,0,0.5502788128039218,0.0,8,152.625,0.12872778717428443,25.75,True Negative (Filtered)
Hyalophora euryalus,Ceanothus Silk Moth,Insecta,0,0,0.550145348002244,0.0,9,187.44444444444446,0.1426903539233737,26.22222222222222,True Negative (Filtered)
Ribes malvaceum,Chaparral Currant,Plantae,0,0,0.5479600613198377,0.0,5,235.2,0.13644540160894386,25.2,True Negative (Filtered)
Convolvuloideae,"Bindweeds, Morning-glories and Allies",Plantae,0,0,0.5461764361717618,0.0,6,206.0,0.13729826857646302,26.166666666666668,True Negative (Filtered)
Hypericum canariense,Canary Islands St. John's Wort,Plantae,0,0,0.5460809624475222,0.0,5,181.6,0.13248288780450818,28.0,True Negative (Filtered)
Ceanothus leucodermis,chaparral whitethorn,Plantae,0,0,0.5449877272302679,0.0,5,167.0,0.13197411000728604,27.2,True Negative (Filtered)
Eucrypta,,Plantae,0,0,0.5442419695766354,0.0,4,137.5,0.153252650052309,26.5,True Negative (Filtered)
Opuntioideae,,Plantae,0,0,0.5430554374349063,0.0,8,145.125,0.14560630358755583,25.875,True Negative (Filtered)
Elatine brachysperma,Shortseed Waterwort,Plantae,0,0,0.5417059498749145,0.0,6,211.0,0.13457002614935235,28.0,True Negative (Filtered)
Dimorphotheca sinuata,Cape marigold,Plantae,0,0,0.5387043574410274,0.0,7,185.0,0.13640560954809183,26.714285714285715,True Negative (Filtered)
Mirabilis,four o'clocks,Plantae,0,0,0.5383204528266959,0.0,9,167.55555555555554,0.14655687494410405,26.666666666666668,True Negative (Filtered)
Acacia retinodes,Silver Wattle,Plantae,0,0,0.5381943631837044,0.0,8,207.375,0.15277577098459003,26.875,True Negative (Filtered)
Cicadidae,Typical Cicadas,Insecta,0,0,0.5381590663649509,0.0,9,164.33333333333334,0.13343827923138935,27.444444444444443,True Negative (Filtered)
Spergularia macrotheca,Sticky Sand-Spurrey,Plantae,0,0,0.5379439426544479,0.0,5,169.2,0.1548947468400001,29.0,True Negative (Filtered)
Amaranthus,amaranths,Plantae,0,0,0.53745953442595,0.0,4,197.75,0.125939130783081,28.75,True Negative (Filtered)
Atriplex pacifica,south coast saltscale,Plantae,0,0,0.5370086783874574,0.0,7,162.85714285714286,0.1450904309749603,26.857142857142858,True Negative (Filtered)
Thysanocarpus curvipes,sand fringepod,Plantae,0,0,0.5365379395347147,0.0,6,141.0,0.13627026975154874,25.166666666666668,True Negative (Filtered)
Lathyrus,sweet peas and vetchlings,Plantae,0,0,0.5353059407899432,0.0,5,179.4,0.15289953947067256,26.8,True Negative (Filtered)
Platystemon californicus,creamcups,Plantae,0,0,0.5339859079269412,0.0,5,179.8,0.13771355748176572,26.6,True Negative (Filtered)
Galium nuttallii nuttallii,Nuttall's climbing bedstraw,Plantae,0,0,0.5299698505996057,0.0,6,172.66666666666666,0.14708408340811727,25.166666666666668,True Negative (Filtered)
Bloomeria,goldenstar,Plantae,0,0,0.5293290244265334,0.0,8,179.125,0.1342327026650309,28.125,True Negative (Filtered)
Funaria hygrometrica,Bonfire moss,Plantae,0,0,0.5274992055111616,0.0,5,152.4,0.14789261817932126,25.0,True Negative (Filtered)
Cladonia scabriuscula,Mealy Forked Cladonia,Fungi,0,0,0.5264293892376918,0.0,9,212.11111111111111,0.14802251052525306,24.333333333333332,True Negative (Filtered)
Cyclospermum leptophyllum,Marsh parsley,Plantae,0,0,0.525301438556768,0.0,4,159.0,0.15696237981319422,26.5,True Negative (Filtered)
Anasa tristis,Squash Bug,Insecta,0,0,0.5236350791102885,0.0,9,144.33333333333334,0.14719483918613852,24.0,True Negative (Filtered)
Festuca,Fescues,Plantae,0,0,0.5228730277692837,0.0,7,193.57142857142858,0.1375234755022185,28.428571428571427,True Negative (Filtered)
Caryophyllales,"pinks, cactuses, and allies",Plantae,0,0,0.5222623042309645,0.0,9,153.22222222222223,0.12169791675276224,25.555555555555557,True Negative (Filtered)
Spergularia villosa,hairy sandspurry,Plantae,0,0,0.5206371571802776,0.0,8,232.25,0.12245806306600567,27.375,True Negative (Filtered)
Aristida adscensionis,sixweeks three-awn,Plantae,0,0,0.5202756591257358,0.0,5,203.4,0.1264627173542976,28.2,True Negative (Filtered)
Chaenactis fremontii,Fremont's pincushion,Plantae,0,0,0.5194991759115865,0.0,5,250.0,0.13839356601238245,24.0,True Negative (Filtered)
Pantala flavescens,Wandering Glider,Insecta,0,0,0.5181811073558942,0.0,7,155.28571428571428,0.15147374676806583,28.142857142857142,True Negative (Filtered)
Lophioprason,,Plantae,0,0,0.5180797434531951,0.0,9,173.44444444444446,0.14826411008834836,27.444444444444443,True Negative (Filtered)
Atriplex semibaccata,berry saltbush,Plantae,0,0,0.517269454482873,0.0,7,156.42857142857142,0.15433515182563232,27.142857142857142,True Negative (Filtered)
Vicia ludoviciana,slender vetch,Plantae,0,0,0.5162114718116236,0.0,8,142.875,0.1582558369264006,28.125,True Negative (Filtered)
Andrena cerasifolii,Cherry Plum Mining Bee,Insecta,0,0,0.5147818594561602,0.0,9,206.11111111111111,0.13325876328680245,26.333333333333332,True Negative (Filtered)
Aristotelia,,Insecta,0,0,0.5143678678496916,0.0,8,168.875,0.13904692977666852,27.75,True Negative (Filtered)
Riccia nigrella,Black Crystalwort,Plantae,0,0,0.5142166439723926,0.0,9,148.66666666666666,0.12800601041979257,23.88888888888889,True Negative (Filtered)
Plusiinae,Plusiine Looper Moths,Insecta,0,0,0.5138816350005935,0.0,9,167.0,0.13273671517769492,26.555555555555557,True Negative (Filtered)
Rhopalidae,Scentless Plant Bugs,Insecta,0,0,0.5113212766366448,0.0,5,149.4,0.13622560352087018,26.0,True Negative (Filtered)
Centaurea,knapweeds,Plantae,0,0,0.5109898423455632,0.0,4,129.0,0.1312261205166578,27.25,True Negative (Filtered)
Eucalyptus sideroxylon,Red Ironbark,Plantae,0,0,0.5109309740449959,0.0,9,180.88888888888889,0.1522394985270997,25.22222222222222,True Negative (Filtered)
Melanoplinae,Spur-throated Grasshoppers,Insecta,0,0,0.5103693241184294,0.0,9,162.11111111111111,0.1501791808340284,25.666666666666668,True Negative (Filtered)
Triodanis biflora,Venus's looking-glass,Plantae,0,0,0.5098962319041914,0.0,5,147.6,0.1419795364141464,24.4,True Negative (Filtered)
Eugnoriste,,Insecta,0,0,0.5094237102571477,0.0,5,163.4,0.15324056446552273,28.8,True Negative (Filtered)
Rena humilis humilis,Southwestern Blind Snake,Reptilia,0,0,0.5093783459410063,0.0,9,182.88888888888889,0.128407037920422,24.88888888888889,True Negative (Filtered)
Erynnis,Duskywings,Insecta,0,0,0.50891464157519,0.0,8,149.75,0.14308854378759855,24.75,True Negative (Filtered)
Quercus berberidifolia × dumosa,,Plantae,0,0,0.5062707964752579,0.0,6,174.83333333333334,0.1299286627521117,27.166666666666668,True Negative (Filtered)
Leporidae,Hares and Rabbits,Mammalia,0,0,0.5047342344286334,0.0,9,176.77777777777777,0.135652821097109,27.555555555555557,True Negative (Filtered)
Lupinus sparsiflorus inopinatus,,Plantae,0,0,0.5019646304741127,0.0,4,187.75,0.12309777550399298,27.25,True Negative (Filtered)
Sphecidae,Thread-waisted Wasps,Insecta,0,0,0.5000781194393684,0.0,8,178.375,0.15151245333254335,28.375,True Negative (Filtered)
