scientific_name,common_name,taxon_group,candidate_type,obs_count,global_obs_count,n_other_reserves,prob_well_represented,priority_score
Aplysia californica,California Seahare,Mollusca,Absent from reserve,0,337,2,0.0027,3.9115
Encelia californica,California brittlebush,Plantae,Absent from reserve,0,118,3,0.0029,3.8896
Pachygrapsus crassipes,Striped Shore Crab,Animalia,Absent from reserve,0,289,2,0.0027,3.8349
Numenius hudsonicus,Hudsonian Whimbrel,Aves,Absent from reserve,0,226,2,0.0027,3.7125
Egretta thula,Snowy Egret,Aves,Absent from reserve,0,212,2,0.0027,3.6806
Navanax inermis,California Aglaja,Mollusca,Absent from reserve,0,193,2,0.0027,3.6339
Mytilus californianus,California Mussel,Mollusca,Absent from reserve,0,182,2,0.0027,3.6047
Pandion haliaetus,Osprey,Aves,Absent from reserve,0,177,2,0.0027,3.5909
Anthopleura sola,Sunburst Anemone,Animalia,Absent from reserve,0,404,1,0.0,3.5019
Pisaster ochraceus,Ochre Sea Star,Animalia,Absent from reserve,0,357,1,0.0,3.4403
Larus occidentalis,Western Gull,Aves,Absent from reserve,0,116,2,0.0027,3.3811
Triakis semifasciata,Leopard Shark,Animalia,Absent from reserve,0,285,1,0.0,3.328
Sayornis nigricans,Black Phoebe,Aves,Absent from reserve,0,35,3,0.0029,3.2918
Cylindropuntia prolifera,Coast Cholla,Plantae,Absent from reserve,0,95,2,0.0027,3.2822
Pollicipes polymerus,Gooseneck Barnacle,Animalia,Absent from reserve,0,252,1,0.0,3.2667
Cleomella arborea,Bladderpod,Plantae,Absent from reserve,0,92,2,0.0027,3.2663
Mesembryanthemum crystallinum,Crystalline ice plant,Plantae,Absent from reserve,0,89,2,0.0027,3.2499
Flabellinopsis iodinea,Spanish Shawl,Mollusca,Absent from reserve,0,237,1,0.0,3.2361
Life,life,Other,Absent from reserve,0,31,3,0.0048,3.2329
Patiria miniata,Bat Star,Animalia,Absent from reserve,0,232,1,0.0,3.2255
Macrocystis pyrifera,Giant Kelp,Chromista,Absent from reserve,0,84,2,0.0027,3.2213
Ligia occidentalis,Western Sea Slater,Animalia,Absent from reserve,0,81,2,0.0027,3.2034
Tursiops truncatus,Common Bottlenose Dolphin,Mammalia,Absent from reserve,0,210,1,0.0,3.1759
Lottia,Lottia Limpets,Mollusca,Absent from reserve,0,73,2,0.0027,3.152
Datura wrightii,Sacred Datura,Plantae,Absent from reserve,0,26,3,0.0029,3.1479
Egregia menziesii,Feather Boa Kelp,Chromista,Absent from reserve,0,70,2,0.0027,3.1313
Tringa semipalmata,Willet,Aves,Absent from reserve,0,68,2,0.0027,3.1171
Phoca vitulina richardii,Pacific Harbor Seal,Mammalia,Absent from reserve,0,184,1,0.0,3.1102
Frankenia salina,Alkali Heath,Plantae,Absent from reserve,0,67,2,0.0027,3.1098
Actitis macularius,Spotted Sandpiper,Aves,Absent from reserve,0,66,2,0.0027,3.1023
Ardea herodias,Great Blue Heron,Aves,Absent from reserve,0,66,2,0.0027,3.1023
Pagurus samuelis,Blueband Hermit Crab,Animalia,Absent from reserve,0,176,1,0.0,3.0881
Tivela stultorum,Pismo Clam,Mollusca,Absent from reserve,0,64,2,0.0027,3.0872
Anthopleura elegantissima,Aggregating Anemone,Animalia,Absent from reserve,0,175,1,0.0,3.0852
Sargassum muticum,Japanese Wireweed,Chromista,Absent from reserve,0,62,2,0.0027,3.0716
Clinocottus analis,Woolly Sculpin,Actinopterygii,Absent from reserve,0,165,1,0.0,3.056
Limosa fedoa,Marbled Godwit,Aves,Absent from reserve,0,59,2,0.0027,3.0472
Velella velella,By-the-wind Sailor,Animalia,Absent from reserve,0,58,2,0.0027,3.0388
Falco peregrinus,Peregrine Falcon,Aves,Absent from reserve,0,54,2,0.0027,3.0037
Mimus polyglottos,Northern Mockingbird,Aves,Absent from reserve,0,19,3,0.0029,2.9979
Cerithideopsis californica,California Horn Snail,Mollusca,Absent from reserve,0,53,2,0.0027,2.9945
Chthamalus dalli,Little Brown Barnacle,Animalia,Absent from reserve,0,52,2,0.0027,2.9851
Murgantia histrionica,Harlequin Bug,Insecta,Absent from reserve,0,52,2,0.0027,2.9851
Urobatis halleri,Haller's Round Ray,Animalia,Absent from reserve,0,51,2,0.0027,2.9756
Panulirus interruptus,California Spiny Lobster,Animalia,Absent from reserve,0,133,1,0.0,2.9489
Animalia,Animals,Animalia,Absent from reserve,0,48,2,0.0027,2.9459
Rhopalomyia californica,Coyote Brush Bud Gall Midge,Insecta,Absent from reserve,0,17,3,0.0029,2.9452
Donax gouldii,Gould Beanclam,Mollusca,Absent from reserve,0,131,1,0.0,2.9414
Camissoniopsis bistorta,California sun cup,Plantae,Absent from reserve,0,16,3,0.0029,2.9166
Melospiza melodia,Song Sparrow,Aves,Absent from reserve,0,16,3,0.0029,2.9166
Opuntia littoralis,Coastal Pricklypear,Plantae,Absent from reserve,0,45,2,0.0027,2.9143
Dudleya edulis,Fingertips,Plantae,Absent from reserve,0,45,2,0.0027,2.9143
Nuttallina californica,California Spiny Chiton,Mollusca,Absent from reserve,0,123,1,0.0,2.9101
Salicornia pacifica,Pacific Glasswort,Plantae,Absent from reserve,0,44,2,0.0027,2.9033
Chthamalus,,Animalia,Absent from reserve,0,44,2,0.0027,2.9033
Malephora crocea,coppery mesemb,Plantae,Absent from reserve,0,43,2,0.0027,2.8921
Phragmatopoma californica,California Sandcastle Worm,Animalia,Absent from reserve,0,118,1,0.0,2.8896
Leymus condensatus,giant wild rye,Plantae,Absent from reserve,0,15,3,0.0029,2.8863
Pelecanus occidentalis californicus,California Brown Pelican,Aves,Absent from reserve,0,42,2,0.0027,2.8806
Ardea alba,Great Egret,Aves,Absent from reserve,0,41,2,0.0027,2.8688
Pseudobatos productus,Shovelnose Guitarfish,Animalia,Absent from reserve,0,110,1,0.0,2.8548
Pelecanus occidentalis,Brown Pelican,Aves,Absent from reserve,0,38,2,0.0027,2.8318
Zalophus californianus,California Sea Lion,Mammalia,Absent from reserve,0,103,1,0.0,2.8222
Corvus brachyrhynchos,American Crow,Aves,Absent from reserve,0,13,3,0.0029,2.8195
Gastropoda,Gastropods,Mollusca,Absent from reserve,0,36,2,0.0027,2.8055
Octopus bimaculoides,Lesser Two-spot Octopus,Mollusca,Absent from reserve,0,97,1,0.0,2.7925
Balanus glandula,Pacific Acorn Barnacle,Animalia,Absent from reserve,0,35,2,0.0027,2.7918
Ulva lactuca,Broadleaf Sea Lettuce,Plantae,Absent from reserve,0,34,2,0.0027,2.7777
Mytilus galloprovincialis,Mediterranean Mussel,Mollusca,Absent from reserve,0,33,2,0.0027,2.7632
Pelagophycus porra,Elk Kelp,Chromista,Absent from reserve,0,33,2,0.0027,2.7632
Lottia gigantea,Owl Limpet,Mollusca,Absent from reserve,0,90,1,0.0,2.7554
Zonaria farlowii,Banded Fanweed,Chromista,Absent from reserve,0,89,1,0.0,2.7499
Lycium californicum,California boxthorn,Plantae,Absent from reserve,0,32,2,0.0027,2.7483
Magallana gigas,Pacific Oyster,Mollusca,Absent from reserve,0,32,2,0.0027,2.7483
Zenaida macroura,Mourning Dove,Aves,Absent from reserve,0,11,3,0.0029,2.7425
Tetraclita rubescens,Pink Volcano Barnacle,Animalia,Absent from reserve,0,86,1,0.0,2.733
Californiconus californicus,California Cone,Mollusca,Absent from reserve,0,31,2,0.0027,2.7329
Mesembryanthemum nodiflorum,Slender Iceplant,Plantae,Absent from reserve,0,31,2,0.0027,2.7329
Larus delawarensis,Ring-billed Gull,Aves,Absent from reserve,0,30,2,0.0027,2.717
Ambrosia chamissonis,silver beachweed,Plantae,Absent from reserve,0,30,2,0.0027,2.717
Camissoniopsis cheiranthifolia,beach suncup,Plantae,Absent from reserve,0,30,2,0.0027,2.717
Ulva,Sea Lettuces,Plantae,Absent from reserve,0,29,2,0.0027,2.7006
Agaricomycetes,"Mushrooms, Bracket Fungi, Puffballs, and Allies",Fungi,Absent from reserve,0,10,3,0.0048,2.6989
Girella nigricans,Opaleye,Actinopterygii,Absent from reserve,0,79,1,0.0,2.691
Myliobatis californica,Bat Ray,Animalia,Absent from reserve,0,78,1,0.0,2.6847
Rumex spinosus,Devil's Thorn,Plantae,Absent from reserve,0,28,2,0.0027,2.6836
Ulva intestinalis,Gutweed,Plantae,Absent from reserve,0,28,2,0.0027,2.6836
Aplidium californicum,Pacific Sea Pork,Animalia,Absent from reserve,0,77,1,0.0,2.6784
Dendraster excentricus,Eccentric Sand Dollar,Animalia,Absent from reserve,0,77,1,0.0,2.6784
Colpomenia tuberculata,,Chromista,Absent from reserve,0,75,1,0.0,2.6654
Psaltriparus minimus,Bushtit,Aves,Absent from reserve,0,9,3,0.0029,2.6513
Amblyopappus pusillus,dwarf coastweed,Plantae,Absent from reserve,0,26,2,0.0027,2.6479
Otospermophilus beecheyi,California Ground Squirrel,Mammalia,Absent from reserve,0,26,2,0.0027,2.6479
Distichlis spicata,Saltgrass,Plantae,Absent from reserve,0,25,2,0.0027,2.629
Abronia maritima,red sand-verbena,Plantae,Absent from reserve,0,25,2,0.0027,2.629
Numenius americanus,Long-billed Curlew,Aves,Absent from reserve,0,24,2,0.0027,2.6094
Dryopteris arguta,coastal woodfern,Plantae,Absent from reserve,0,24,2,0.0027,2.6094
Yucca schidigera,Mojave Yucca,Plantae,Absent from reserve,0,24,2,0.0027,2.6094
Ophionereis annulata,Banded Brittle Star,Animalia,Absent from reserve,0,66,1,0.0,2.6023
Hyles lineata,White-lined Sphinx,Insecta,Absent from reserve,0,8,3,0.0029,2.5986
Aplysia vaccaria,Black Seahare,Mollusca,Absent from reserve,0,64,1,0.0,2.5872
Thalasseus maximus,Royal Tern,Aves,Absent from reserve,0,22,2,0.0027,2.5677
Ribes speciosum,Fuchsiaflower Gooseberry,Plantae,Absent from reserve,0,22,2,0.0027,2.5677
Astragalus trichopodus,Santa Barbara Milkvetch,Plantae,Absent from reserve,0,59,1,0.0,2.5472
Atriplex lentiformis,big saltbush,Plantae,Absent from reserve,0,21,2,0.0027,2.5455
Suaeda taxifolia,Woolly Seablite,Plantae,Absent from reserve,0,21,2,0.0027,2.5455
Urile penicillatus,Brandt's Cormorant,Aves,Absent from reserve,0,21,2,0.0027,2.5455
Ligia,Sea Slaters,Animalia,Absent from reserve,0,21,2,0.0027,2.5455
Setophaga coronata,Yellow-rumped Warbler,Aves,Absent from reserve,0,7,3,0.0029,2.5397
Camissoniopsis hirtella,hairy suncup,Plantae,Absent from reserve,0,7,3,0.0048,2.5397
Anthopleura,,Animalia,Absent from reserve,0,57,1,0.0,2.5302
Agathistoma eiseni,Banded Tegula,Mollusca,Absent from reserve,0,20,2,0.0027,2.5223
Limonium californicum,Western Marsh Rosemary,Plantae,Absent from reserve,0,56,1,0.0,2.5215
Phyllospadix torreyi,Torrey's Surfgrass,Plantae,Absent from reserve,0,55,1,0.0,2.5127
Malephora,Fingerfigs,Plantae,Absent from reserve,0,19,2,0.0027,2.4979
Balanomorpha,Symmetrical Sessile Barnacles,Animalia,Absent from reserve,0,19,2,0.0027,2.4979
Nicotiana glauca,tree tobacco,Plantae,Absent from reserve,0,19,2,0.0027,2.4979
Arthroceras subterminale,Parish's glasswort,Plantae,Absent from reserve,0,19,2,0.0027,2.4979
Batis maritima,Saltwort,Plantae,Absent from reserve,0,51,1,0.0,2.4756
Solanum nigrum,black nightshade,Plantae,Absent from reserve,0,18,2,0.0027,2.4722
Chlorophyta,green algae,Plantae,Absent from reserve,0,18,2,0.0027,2.4722
Jaumea carnosa,Marsh Jaumea,Plantae,Absent from reserve,0,18,2,0.0027,2.4722
Pagurus venturensis,Ventura Hermit Crab,Animalia,Absent from reserve,0,18,2,0.0027,2.4722
Lottia limatula,File Limpet,Mollusca,Absent from reserve,0,18,2,0.0027,2.4722
Cakile maritima,European Searocket,Plantae,Absent from reserve,0,18,2,0.0027,2.4722
Corallina officinalis,Common Coralline,Plantae,Absent from reserve,0,49,1,0.0,2.456
Metacarcinus anthonyi,Yellow Rock Crab,Animalia,Absent from reserve,0,48,1,0.0,2.4459
Mergus serrator,Red-breasted Merganser,Aves,Absent from reserve,0,17,2,0.0027,2.4452
Quercus agrifolia,coast live oak,Plantae,Absent from reserve,0,17,2,0.0027,2.4452
Polychaeta,Polychaete Worms,Animalia,Absent from reserve,0,17,2,0.0027,2.4452
Gavia immer,Common Loon,Aves,Absent from reserve,0,47,1,0.0,2.4356
Aplysia,,Mollusca,Absent from reserve,0,16,2,0.0027,2.4166
Norrisia norrisii,Norris's Topsnail,Mollusca,Absent from reserve,0,45,1,0.0,2.4143
Fissurella volcano,Volcano Keyhole Limpet,Mollusca,Absent from reserve,0,45,1,0.0,2.4143
Tegula gallina,Speckled Tegula,Mollusca,Absent from reserve,0,45,1,0.0,2.4143
Hypanus dipterurus,Diamond Stingray,Animalia,Absent from reserve,0,45,1,0.0,2.4143
Roperia poulsoni,Poulson's Dwarf Triton,Mollusca,Absent from reserve,0,45,1,0.0,2.4143
Suaeda esteroa,Estuary Seablite,Plantae,Absent from reserve,0,45,1,0.0,2.4143
Megathura crenulata,Giant Keyhole Limpet,Mollusca,Absent from reserve,0,45,1,0.0,2.4143
Sassacus vitis,Buttonhook Leafbeetle Jumping Spider,Arachnida,Absent from reserve,0,5,3,0.0029,2.3959
Larus heermanni,Heermann's Gull,Aves,Absent from reserve,0,43,1,0.0,2.3921
Salicornia,pickleweeds,Plantae,Absent from reserve,0,15,2,0.0027,2.3863
Megaceryle alcyon,Belted Kingfisher,Aves,Absent from reserve,0,15,2,0.0027,2.3863
Melanitta perspicillata,Surf Scoter,Aves,Absent from reserve,0,42,1,0.0,2.3806
Astragalus trichopodus lonchus,Southern California Milkvetch,Plantae,Absent from reserve,0,42,1,0.0,2.3806
Tegula funebralis,Black Tegula,Mollusca,Absent from reserve,0,42,1,0.0,2.3806
Emerita analoga,Pacific Sand Crab,Animalia,Absent from reserve,0,41,1,0.0,2.3688
Passerculus sandwichensis,Savannah Sparrow,Aves,Absent from reserve,0,40,1,0.0,2.3568
Atherinops affinis,Topsmelt Silverside,Actinopterygii,Absent from reserve,0,14,2,0.0027,2.354
Cylindropuntia,chollas,Plantae,Absent from reserve,0,14,2,0.0027,2.354
Glebionis coronaria,Garland Daisy,Plantae,Absent from reserve,0,14,2,0.0027,2.354
Nannopterum auritum,Double-crested Cormorant,Aves,Absent from reserve,0,14,2,0.0027,2.354
Heptacarpus,,Animalia,Absent from reserve,0,38,1,0.0,2.3318
Marrubium vulgare,White Horehound,Plantae,Absent from reserve,0,13,2,0.0027,2.3195
Tegula aureotincta,Gilded Tegula,Mollusca,Absent from reserve,0,13,2,0.0027,2.3195
Pluvialis squatarola,Black-bellied Plover,Aves,Absent from reserve,0,13,2,0.0027,2.3195
Hirschfeldia incana,Shortpod Mustard,Plantae,Absent from reserve,0,13,2,0.0027,2.3195
Rhodophyta,red algae,Plantae,Absent from reserve,0,37,1,0.0,2.3188
Mytilus,Black Mussels,Mollusca,Absent from reserve,0,37,1,0.0,2.3188
Cuscuta pacifica,Pacific goldenthread,Plantae,Absent from reserve,0,36,1,0.0,2.3055
Callianax biplicata,Purple Olive Snail,Mollusca,Absent from reserve,0,36,1,0.0,2.3055
Megascapheus bottae,,Mammalia,Absent from reserve,0,4,3,0.0048,2.3047
Mexacanthina lugubris,Dark Unicorn,Mollusca,Absent from reserve,0,35,1,0.0,2.2918
Lysmata californica,Red Rock Shrimp,Animalia,Absent from reserve,0,35,1,0.0,2.2918
Stereum hirsutum,hairy curtain crust,Fungi,Absent from reserve,0,12,2,0.0027,2.2825
Danaus plexippus,Monarch,Insecta,Absent from reserve,0,12,2,0.0027,2.2825
Hydroprogne caspia,Caspian Tern,Aves,Absent from reserve,0,12,2,0.0027,2.2825
Anas platyrhynchos,Mallard,Aves,Absent from reserve,0,12,2,0.0027,2.2825
Megabalanus californicus,California Barnacle,Animalia,Absent from reserve,0,33,1,0.0,2.2632
Sporobolus foliosus,California Cordgrass,Plantae,Absent from reserve,0,33,1,0.0,2.2632
Cyanoplax hartwegii,Hartweg's Chiton,Mollusca,Absent from reserve,0,32,1,0.0,2.2483
Procyon lotor,Common Raccoon,Mammalia,Absent from reserve,0,11,2,0.0027,2.2425
Ulvophyceae,Ulvophycean green algae,Plantae,Absent from reserve,0,11,2,0.0027,2.2425
Polioptila californica,California Gnatcatcher,Aves,Absent from reserve,0,11,2,0.0027,2.2425
Megastraea undosa,Wavy Turban,Mollusca,Absent from reserve,0,11,2,0.0027,2.2425
Charadriiformes,Shorebirds and Allies,Aves,Absent from reserve,0,11,2,0.0027,2.2425
Cochemiea dioica,Peninsular fishhook cactus,Plantae,Absent from reserve,0,30,1,0.0,2.217
Heliotropium curassavicum,alkali heliotrope,Plantae,Absent from reserve,0,30,1,0.0,2.217
Acanthinucella spirata,Angular Unicorn,Mollusca,Absent from reserve,0,30,1,0.0,2.217
Fundulus parvipinnis,California Killifish,Actinopterygii,Absent from reserve,0,30,1,0.0,2.217
Pseudochama exogyra,Reversed Chama,Mollusca,Absent from reserve,0,29,1,0.0,2.2006
Cirripedia,Barnacles,Animalia,Absent from reserve,0,10,2,0.0027,2.1989
Claytonia perfoliata,miner's lettuce,Plantae,Absent from reserve,0,10,2,0.0027,2.1989
Annelida,Segmented Worms,Animalia,Absent from reserve,0,10,2,0.0027,2.1989
Suaeda,Seepweeds,Plantae,Absent from reserve,0,10,2,0.0027,2.1989
Nycticorax nycticorax,Black-crowned Night Heron,Aves,Absent from reserve,0,10,2,0.0027,2.1989
Glossaulax reclusiana,Recluz's Moon Snail,Mollusca,Absent from reserve,0,10,2,0.0027,2.1989
Bivalvia,Bivalves,Mollusca,Absent from reserve,0,10,2,0.0027,2.1989
Tipulidae,Large Crane Flies,Insecta,Absent from reserve,0,3,3,0.0048,2.1931
Trachelas pacificus,Bull-headed sac spider,Arachnida,Absent from reserve,0,3,3,0.0029,2.1931
Apantesis proxima,Mexican Tiger Moth,Insecta,Absent from reserve,0,3,3,0.0048,2.1931
Eucheilota bakeri,Bean Clam Hydroid,Animalia,Absent from reserve,0,28,1,0.0,2.1836
Distichlis littoralis,shore grass,Plantae,Absent from reserve,0,28,1,0.0,2.1836
Thylacodes squamigerus,Scaled Worm Snail,Mollusca,Absent from reserve,0,27,1,0.0,2.1661
Carpobrotus edulis,sea fig,Plantae,Absent from reserve,0,9,2,0.0027,2.1513
Lepidium didymum,Lesser swine-cress,Plantae,Absent from reserve,0,9,2,0.0027,2.1513
Amsinckia menziesii,Common Fiddleneck,Plantae,Absent from reserve,0,9,2,0.0027,2.1513
Strongylocentrotus purpuratus,Pacific Purple Sea Urchin,Animalia,Absent from reserve,0,9,2,0.0027,2.1513
Oxalis pes-caprae,Bermuda buttercup,Plantae,Absent from reserve,0,9,2,0.0027,2.1513
Cuscuta,dodders,Plantae,Absent from reserve,0,9,2,0.0027,2.1513
Limonium perezii,Perez's sea lavender,Plantae,Absent from reserve,0,9,2,0.0027,2.1513
Chroicocephalus philadelphia,Bonaparte's Gull,Aves,Absent from reserve,0,9,2,0.0027,2.1513
Heptacarpus sitchensis,Red-banded Transparent Shrimp,Animalia,Absent from reserve,0,25,1,0.0,2.129
Mareca americana,American Wigeon,Aves,Absent from reserve,0,25,1,0.0,2.129
Littorina keenae,Eroded Periwinkle,Mollusca,Absent from reserve,0,24,1,0.0,2.1094
Lottia conus,,Mollusca,Absent from reserve,0,8,2,0.0027,2.0986
Leiothlypis celata,Orange-crowned Warbler,Aves,Absent from reserve,0,8,2,0.0027,2.0986
Balanidae,,Animalia,Absent from reserve,0,8,2,0.0027,2.0986
Cressa truxillensis,Alkali Weed,Plantae,Absent from reserve,0,8,2,0.0027,2.0986
Atriplex,Saltbushes,Plantae,Absent from reserve,0,8,2,0.0027,2.0986
Falco sparverius,American Kestrel,Aves,Absent from reserve,0,8,2,0.0027,2.0986
Sambucus cerulea,blue elder,Plantae,Absent from reserve,0,8,2,0.0027,2.0986
Urtica urens,Dwarf Nettle,Plantae,Absent from reserve,0,8,2,0.0027,2.0986
Pteropurpura festiva,Festive Murex,Mollusca,Absent from reserve,0,8,2,0.0027,2.0986
Mytiloidea,True Mussels,Mollusca,Absent from reserve,0,8,2,0.0027,2.0986
Paraconcavus pacificus,Red-striped Acorn Barnacle,Animalia,Absent from reserve,0,23,1,0.0,2.089
Colpomenia,Puff-ball Algae,Chromista,Absent from reserve,0,23,1,0.0,2.089
Roncador stearnsii,Spotfin Croaker,Actinopterygii,Absent from reserve,0,23,1,0.0,2.089
Littorina,,Mollusca,Absent from reserve,0,23,1,0.0,2.089
Ophiothrix spiculata,Western Spiny Brittle Star,Animalia,Absent from reserve,0,23,1,0.0,2.089
Ophioderma panamense,Panama Serpent Star,Animalia,Absent from reserve,0,23,1,0.0,2.089
Phyllospadix,surfgrasses,Plantae,Absent from reserve,0,22,1,0.0,2.0677
Opuntia ficus-indica,Indian fig opuntia,Plantae,Absent from reserve,0,21,1,0.0,2.0455
Calidris minutilla,Least Sandpiper,Aves,Absent from reserve,0,21,1,0.0,2.0455
Hypsoblennius gilberti,Notchbrow Blenny,Actinopterygii,Absent from reserve,0,21,1,0.0,2.0455
Bulla gouldiana,Cloudy Bubble Snail,Mollusca,Absent from reserve,0,21,1,0.0,2.0455
Chrysaora colorata,Purple-striped Sea Nettle,Animalia,Absent from reserve,0,21,1,0.0,2.0455
Agaricus,field and button mushrooms,Fungi,Absent from reserve,0,7,2,0.0027,2.0397
Carpobrotus,sea figs,Plantae,Absent from reserve,0,7,2,0.0027,2.0397
Hippodamia convergens,Convergent Lady Beetle,Insecta,Absent from reserve,0,7,2,0.0027,2.0397
Volvopluteus gloiocephalus,Stubble Rosegill,Fungi,Absent from reserve,0,7,2,0.0027,2.0397
Schinus terebinthifolia,Brazilian pepper,Plantae,Absent from reserve,0,7,2,0.0027,2.0397
Argopecten ventricosus,Pacific Calico Scallop,Mollusca,Absent from reserve,0,7,2,0.0027,2.0397
Laminariales,Kelps,Chromista,Absent from reserve,0,7,2,0.0027,2.0397
Chione californiensis,California Venus,Mollusca,Absent from reserve,0,7,2,0.0027,2.0397
Haminoea virescens,Green Bubble Snail,Mollusca,Absent from reserve,0,7,2,0.0027,2.0397
Kyphosus azureus,Zebra-perch Sea Chub,Actinopterygii,Absent from reserve,0,19,1,0.0,1.9979
Pagurus,,Animalia,Absent from reserve,0,19,1,0.0,1.9979
Hermissenda opalescens,Opalescent Nudibranch,Mollusca,Absent from reserve,0,19,1,0.0,1.9979
Epiactis prolifera,Brooding Anemone,Animalia,Absent from reserve,0,19,1,0.0,1.9979
Limonium sinuatum,Blue statice,Plantae,Absent from reserve,0,19,1,0.0,1.9979
Eleodes osculans,Woolly Darkling Beetle,Insecta,Absent from reserve,0,6,2,0.0027,1.973
Anatidae,"Ducks, Geese, and Swans",Aves,Absent from reserve,0,6,2,0.0027,1.973
Phaeophyceae,brown algae,Chromista,Absent from reserve,0,6,2,0.0027,1.973
Podiceps nigricollis,Eared Grebe,Aves,Absent from reserve,0,6,2,0.0027,1.973
Amaranthaceae,Amaranth family,Plantae,Absent from reserve,0,6,2,0.0027,1.973
Parmelioideae,typical shield lichens,Fungi,Absent from reserve,0,6,2,0.0027,1.973
Veneridae,Venus Clams,Mollusca,Absent from reserve,0,6,2,0.0027,1.973
Thoracicalcarea,Thoracican Barnacles,Animalia,Absent from reserve,0,6,2,0.0027,1.973
Linepithema humile,Argentine Ant,Insecta,Absent from reserve,0,6,2,0.0027,1.973
Panoquina errans,Wandering Skipper,Insecta,Absent from reserve,0,6,2,0.0027,1.973
Myiarchus cinerascens,Ash-throated Flycatcher,Aves,Absent from reserve,0,6,2,0.0027,1.973
Crassostreinae,Cupped Oysters,Mollusca,Absent from reserve,0,6,2,0.0027,1.973
Camissoniopsis micrantha,miniature suncup,Plantae,Absent from reserve,0,6,2,0.0027,1.973
Asteraceae,"Sunflowers, Daisies, Asters, and Allies",Plantae,Absent from reserve,0,6,2,0.0027,1.973
Acanthinucella,,Mollusca,Absent from reserve,0,18,1,0.0,1.9722
Salicornia bigelovii,Dwarf Glasswort,Plantae,Absent from reserve,0,18,1,0.0,1.9722
Tegulidae,,Mollusca,Absent from reserve,0,18,1,0.0,1.9722
Epiactis,,Animalia,Absent from reserve,0,18,1,0.0,1.9722
Hypsypops rubicundus,Garibaldi,Actinopterygii,Absent from reserve,0,18,1,0.0,1.9722
Gymnothorax mordax,California Moray,Actinopterygii,Absent from reserve,0,18,1,0.0,1.9722
Petrolisthes cabrilloi,Cabrillo Porcelain Crab,Animalia,Absent from reserve,0,18,1,0.0,1.9722
Dosima fascicularis,Buoy Barnacle,Animalia,Absent from reserve,0,17,1,0.0,1.9452
Colpomenia peregrina,Oyster-thief,Chromista,Absent from reserve,0,17,1,0.0,1.9452
Octopus,,Mollusca,Absent from reserve,0,17,1,0.0,1.9452
Leukoma staminea,Pacific Littleneck Clam,Mollusca,Absent from reserve,0,17,1,0.0,1.9452
Pisaster giganteus,Giant Sea Star,Animalia,Absent from reserve,0,17,1,0.0,1.9452
Ammospiza nelsoni,Nelson's Sparrow,Aves,Absent from reserve,0,16,1,0.0,1.9166
Menticirrhus undulatus,California Corbina,Actinopterygii,Absent from reserve,0,16,1,0.0,1.9166
Annulohypoxylon thouarsianum,Cramp Balls,Fungi,Absent from reserve,0,16,1,0.0,1.9166
Plocamium cartilagineum,Sea Comb,Plantae,Absent from reserve,0,16,1,0.0,1.9166
Aplidium,Sea Pork,Animalia,Absent from reserve,0,16,1,0.0,1.9166
Pinus torreyana,Torrey pine,Plantae,Absent from reserve,0,16,1,0.0,1.9166
Toxicodendron diversilobum,Pacific poison oak,Plantae,Absent from reserve,0,16,1,0.0,1.9166
Lottia scabra,Rough Limpet,Mollusca,Absent from reserve,0,16,1,0.0,1.9166
Myoporum laetum,Ngaio,Plantae,Absent from reserve,0,16,1,0.0,1.9166
Raphanus raphanistrum sativus,garden radish,Plantae,Absent from reserve,0,5,2,0.0027,1.8959
Astereae,asters and allies,Plantae,Absent from reserve,0,5,2,0.0027,1.8959
Calandrinia menziesii,redmaids,Plantae,Absent from reserve,0,5,2,0.0027,1.8959
Mesembryanthemum,ice plants,Plantae,Absent from reserve,0,5,2,0.0027,1.8959
Hellula rogatalis,Cabbage Webworm Moth,Insecta,Absent from reserve,0,5,2,0.0027,1.8959
Excirolana chiltoni,Sand Piranha,Animalia,Absent from reserve,0,5,2,0.0027,1.8959
Larus,Large White-headed Gulls,Aves,Absent from reserve,0,5,2,0.0027,1.8959
Chenopodiastrum murale,nettle-leaved goosefoot,Plantae,Absent from reserve,0,5,2,0.0027,1.8959
Halictus ligatus,Ligated Furrow Bee,Insecta,Absent from reserve,0,5,2,0.0027,1.8959
Masticophis lateralis,Striped Racer,Reptilia,Absent from reserve,0,5,2,0.0027,1.8959
Achelous xantusii,Xantus Swimming Crab,Animalia,Absent from reserve,0,5,2,0.0027,1.8959
Eleodes,Desert Stink Beetles,Insecta,Absent from reserve,0,5,2,0.0027,1.8959
Onagraceae,evening primrose family,Plantae,Absent from reserve,0,5,2,0.0027,1.8959
Calidris alba,Sanderling,Aves,Absent from reserve,0,5,2,0.0027,1.8959
Parmotrema,Ruffle Lichens,Fungi,Absent from reserve,0,5,2,0.0027,1.8959
Scolopacidae,Sandpipers and Allies,Aves,Absent from reserve,0,5,2,0.0027,1.8959
Nereididae,Ragworms and Allies,Animalia,Absent from reserve,0,5,2,0.0027,1.8959
Mugil cephalus,Sea Mullet,Actinopterygii,Absent from reserve,0,15,1,0.0,1.8863
Rostanga pulchra,Red Sponge Dorid,Mollusca,Absent from reserve,0,15,1,0.0,1.8863
Atriplex canescens,Fourwing Saltbush,Plantae,Absent from reserve,0,15,1,0.0,1.8863
Platanus racemosa,western sycamore,Plantae,Absent from reserve,0,15,1,0.0,1.8863
Jellyella tuberculata,Sargassum Sea Mat,Animalia,Absent from reserve,0,15,1,0.0,1.8863
Lottia austrodigitalis,Southern Finger Limpet,Mollusca,Absent from reserve,0,15,1,0.0,1.8863
Charadrius vociferus,Killdeer,Aves,Absent from reserve,0,14,1,0.0,1.854
Hemigrapsus oregonensis,Yellow Shore Crab,Animalia,Absent from reserve,0,14,1,0.0,1.854
Calidris mauri,Western Sandpiper,Aves,Absent from reserve,0,14,1,0.0,1.854
Laurencia,,Plantae,Absent from reserve,0,14,1,0.0,1.854
Haematopus bachmani,Black Oystercatcher,Aves,Absent from reserve,0,14,1,0.0,1.854
Macron lividus,Livid Macron,Mollusca,Absent from reserve,0,14,1,0.0,1.854
Iva hayesiana,San Diego marsh-elder,Plantae,Absent from reserve,0,14,1,0.0,1.854
Puffinus opisthomelas,Black-vented Shearwater,Aves,Absent from reserve,0,13,1,0.0,1.8195
Vinca major,greater periwinkle,Plantae,Absent from reserve,0,13,1,0.0,1.8195
Triopha maculata,Spotted Dorid,Mollusca,Absent from reserve,0,13,1,0.0,1.8195
Neotrypaea biffari,Tidepool Ghost Shrimp,Animalia,Absent from reserve,0,13,1,0.0,1.8195
Mopalia muscosa,Mossy Chiton,Mollusca,Absent from reserve,0,13,1,0.0,1.8195
Lepidozona pectinulata,,Mollusca,Absent from reserve,0,13,1,0.0,1.8195
Passer domesticus,House Sparrow,Aves,Absent from reserve,0,13,1,0.0,1.8195
Pooideae,,Plantae,Absent from reserve,0,4,2,0.0027,1.8047
Masticophis lateralis lateralis,California Striped Racer,Reptilia,Absent from reserve,0,4,2,0.0027,1.8047
Parmeliaceae,shield lichens and allies,Fungi,Absent from reserve,0,4,2,0.0027,1.8047
Neogastropoda,,Mollusca,Absent from reserve,0,4,2,0.0027,1.8047
Aizoaceae,Stone plants,Plantae,Absent from reserve,0,4,2,0.0027,1.8047
Selasphorus,"Rufous, Allen's, and Allied Hummingbirds",Aves,Absent from reserve,0,4,2,0.0027,1.8047
Pontia protodice,Checkered White,Insecta,Absent from reserve,0,4,2,0.0027,1.8047
Allograpta obliqua,Oblique Streaktail,Insecta,Absent from reserve,0,4,2,0.0027,1.8047
Ostrea lurida,Olympia Oyster,Mollusca,Absent from reserve,0,4,2,0.0027,1.8047
Polyporales,Shelf Fungi,Fungi,Absent from reserve,0,4,2,0.0027,1.8047
Chione undatella,Wavy Chione,Mollusca,Absent from reserve,0,4,2,0.0027,1.8047
Paragus haemorrhous,Common Grass Skimmer,Insecta,Absent from reserve,0,4,2,0.0027,1.8047
Chromista,"kelp, diatoms, and allies",Chromista,Absent from reserve,0,4,2,0.0027,1.8047
Erigeron,fleabanes and horseweeds,Plantae,Absent from reserve,0,4,2,0.0027,1.8047
Artemisia douglasiana,California mugwort,Plantae,Absent from reserve,0,4,2,0.0027,1.8047
Hordeum murinum,wall barley,Plantae,Absent from reserve,0,4,2,0.0027,1.8047
Hymeniacidon perlevis,crumb-of-bread sponge,Animalia,Absent from reserve,0,4,2,0.0027,1.8047
Argia vivida,Vivid Dancer,Insecta,Absent from reserve,0,4,2,0.0027,1.8047
Riccia trichocarpa,Hairy Crystalwort,Plantae,Absent from reserve,0,4,2,0.0027,1.8047
Buteo lineatus,Red-shouldered Hawk,Aves,Absent from reserve,0,4,2,0.0027,1.8047
Caenogastropoda,Caenogastropods,Mollusca,Absent from reserve,0,4,2,0.0027,1.8047
Ribes,currants and gooseberries,Plantae,Absent from reserve,0,4,2,0.0027,1.8047
Salsola tragus,Prickly Russian Thistle,Plantae,Absent from reserve,0,4,2,0.0027,1.8047
Neotephritis finalis,Sunflower Seed Maggot,Insecta,Absent from reserve,0,4,2,0.0027,1.8047
Chironomidae,Non-biting Midges,Insecta,Absent from reserve,0,4,2,0.0027,1.8047
Agrocybe pediades,Common Fieldcap,Fungi,Absent from reserve,0,4,2,0.0027,1.8047
Amsinckia,Fiddlenecks,Plantae,Absent from reserve,0,4,2,0.0027,1.8047
Acanthomorpha,Spiny-rayed fishes,Actinopterygii,Absent from reserve,0,4,2,0.0027,1.8047
Lycium,boxthorns,Plantae,Absent from reserve,0,4,2,0.0027,1.8047
Blepharipoda occidentalis,Spiny Mole Crab,Animalia,Absent from reserve,0,12,1,0.0,1.7825
Trirhabda geminata,Encelia Leaf Beetle,Insecta,Absent from reserve,0,12,1,0.0,1.7825
Atriplex watsonii,Watson's Saltbush,Plantae,Absent from reserve,0,12,1,0.0,1.7825
Egretta caerulea,Little Blue Heron,Aves,Absent from reserve,0,12,1,0.0,1.7825
Chondria acrorhizophora,,Plantae,Absent from reserve,0,12,1,0.0,1.7825
Tamarix ramosissima,saltcedar,Plantae,Absent from reserve,0,12,1,0.0,1.7825
Polycera atra,Sorcerer's Dorid,Mollusca,Absent from reserve,0,12,1,0.0,1.7825
Bossiella,,Plantae,Absent from reserve,0,12,1,0.0,1.7825
Arcuatula senhousia,Asian Date Mussel,Mollusca,Absent from reserve,0,12,1,0.0,1.7825
Doriopsilla albopunctata,White-spotted Sea Goddess,Mollusca,Absent from reserve,0,12,1,0.0,1.7825
Melitidae,Bivalve Scuds,Animalia,Absent from reserve,0,12,1,0.0,1.7825
Opalia funiculata,Scalloped Wentletrap,Mollusca,Absent from reserve,0,12,1,0.0,1.7825
Neoterebra pedroana,San Pedro Auger,Mollusca,Absent from reserve,0,11,1,0.0,1.7425
Melampus olivaceus,Salt Marsh Snail,Mollusca,Absent from reserve,0,11,1,0.0,1.7425
Corallinoideae,,Plantae,Absent from reserve,0,11,1,0.0,1.7425
Membranipora membranacea,kelp lace bryozoan,Animalia,Absent from reserve,0,11,1,0.0,1.7425
Estigmene acrea,Salt Marsh Moth,Insecta,Absent from reserve,0,11,1,0.0,1.7425
Cycloxanthops novemdentatus,Nine-tooth Pebble Crab,Animalia,Absent from reserve,0,11,1,0.0,1.7425
Tunicata,Tunicates,Animalia,Absent from reserve,0,11,1,0.0,1.7425
Rynchops niger,Black Skimmer,Aves,Absent from reserve,0,11,1,0.0,1.7425
Epitonium tinctum,Painted Wentletrap,Mollusca,Absent from reserve,0,11,1,0.0,1.7425
Corallina,,Plantae,Absent from reserve,0,11,1,0.0,1.7425
Leukoma,,Mollusca,Absent from reserve,0,11,1,0.0,1.7425
Astragalus,milkvetches,Plantae,Absent from reserve,0,11,1,0.0,1.7425
Bryozoa,Bryozoans,Animalia,Absent from reserve,0,11,1,0.0,1.7425
Phrontis tiarula,Western Mud Nassa,Mollusca,Absent from reserve,0,11,1,0.0,1.7425
Petalonia binghamiae,,Chromista,Absent from reserve,0,10,1,0.0,1.6989
Pugettia producta,Northern Kelp Crab,Animalia,Absent from reserve,0,10,1,0.0,1.6989
Leptopecten latiauratus,Kelp Scallop,Mollusca,Absent from reserve,0,10,1,0.0,1.6989
Amphibalanus amphitrite,Striped Barnacle,Animalia,Absent from reserve,0,10,1,0.0,1.6989
Puccinia evadens,coyote brush rust,Fungi,Absent from reserve,0,10,1,0.0,1.6989
Ocenebrinae,,Mollusca,Absent from reserve,0,10,1,0.0,1.6989
Echium candicans,Pride of Madeira,Plantae,Absent from reserve,0,10,1,0.0,1.6989
Lottia strigatella,Checkered Limpet,Mollusca,Absent from reserve,0,10,1,0.0,1.6989
Tamarix,Tamarisks,Plantae,Absent from reserve,0,10,1,0.0,1.6989
Ulva californica,Californian Sea Lettuce,Plantae,Absent from reserve,0,10,1,0.0,1.6989
Triglochin concinna,Slender Arrowgrass,Plantae,Absent from reserve,0,10,1,0.0,1.6989
Heterodontus francisci,Horn Shark,Animalia,Absent from reserve,0,10,1,0.0,1.6989
Passerculus sandwichensis beldingi,Belding's Sparrow,Aves,Absent from reserve,0,10,1,0.0,1.6989
Pholadidae,Piddocks and Angelwings,Mollusca,Absent from reserve,0,10,1,0.0,1.6989
Lepas pacifica,Pacific Gooseneck Barnacle,Animalia,Absent from reserve,0,10,1,0.0,1.6989
Tringa melanoleuca,Greater Yellowlegs,Aves,Absent from reserve,0,10,1,0.0,1.6989
Delphinus delphis,Common Dolphin,Mammalia,Absent from reserve,0,10,1,0.0,1.6989
Charadrius semipalmatus,Semipalmated Plover,Aves,Absent from reserve,0,10,1,0.0,1.6989
Porcellio laevis,Swift Woodlouse,Animalia,Absent from reserve,0,3,2,0.0027,1.6931
Thalasseus elegans,Elegant Tern,Aves,Absent from reserve,0,3,2,0.0027,1.6931
Phalacrocoracidae,Cormorants and Shags,Aves,Absent from reserve,0,3,2,0.0027,1.6931
Curicaberis,,Arachnida,Absent from reserve,0,3,2,0.0027,1.6931
Ceramium,Banded Weeds,Plantae,Absent from reserve,0,3,2,0.0027,1.6931
Hydroides,,Animalia,Absent from reserve,0,3,2,0.0027,1.6931
Engraulis mordax,Northern Anchovy,Actinopterygii,Absent from reserve,0,3,2,0.0027,1.6931
Chione,,Mollusca,Absent from reserve,0,3,2,0.0027,1.6931
Pterostegia drymarioides,Fairy Mist,Plantae,Absent from reserve,0,3,2,0.0027,1.6931
Pentagramma glanduloviscida,San Diego Silverback Fern,Plantae,Absent from reserve,0,3,2,0.0027,1.6931
Sterna forsteri,Forster's Tern,Aves,Absent from reserve,0,3,2,0.0027,1.6931
Elgaria multicarinata webbii,San Diego Alligator Lizard,Reptilia,Absent from reserve,0,3,2,0.0027,1.6931
Mytilus edulis,Blue Mussel Complex,Mollusca,Absent from reserve,0,3,2,0.0027,1.6931
Dorymyrmex,Pyramid Ants,Insecta,Absent from reserve,0,3,2,0.0027,1.6931
Laccaria,Deceivers,Fungi,Absent from reserve,0,3,2,0.0027,1.6931
Callinectes arcuatus,Arched Swimming Crab,Animalia,Absent from reserve,0,3,2,0.0027,1.6931
Eriogonum,wild buckwheats,Plantae,Absent from reserve,0,3,2,0.0027,1.6931
Grapsoidea,"Land, shore, and marsh crabs",Animalia,Absent from reserve,0,3,2,0.0027,1.6931
Marchantiales,Complex thallose liverworts,Plantae,Absent from reserve,0,3,2,0.0027,1.6931
Erigeron canadensis,horseweed,Plantae,Absent from reserve,0,3,2,0.0027,1.6931
Ruschieae,Brightfig Tribe,Plantae,Absent from reserve,0,3,2,0.0027,1.6931
Sonchus,sow thistles,Plantae,Absent from reserve,0,3,2,0.0027,1.6931
Zostera marina,Eelgrass,Plantae,Absent from reserve,0,3,2,0.0027,1.6931
Aphelocoma californica,California Scrub-Jay,Aves,Absent from reserve,0,3,2,0.0027,1.6931
Haminoea vesicula,Blister Glassy-bubble,Mollusca,Absent from reserve,0,3,2,0.0027,1.6931
Zosteraceae,Seagrasses,Plantae,Absent from reserve,0,3,2,0.0027,1.6931
Laccaria fraterna,gumtree deceiver,Fungi,Absent from reserve,0,3,2,0.0027,1.6931
Phalaropus lobatus,Red-necked Phalarope,Aves,Absent from reserve,0,3,2,0.0027,1.6931
Cladophora columbiana,Green pin-cushion alga,Plantae,Absent from reserve,0,3,2,0.0027,1.6931
Aphididae,Aphids,Insecta,Absent from reserve,0,3,2,0.0027,1.6931
Atriplex leucophylla,beach saltbush,Plantae,Absent from reserve,0,3,2,0.0027,1.6931
Acmispon micranthus,San Diego bird's-foot trefoil,Plantae,Absent from reserve,0,3,2,0.0027,1.6931
Nymphalis antiopa,Mourning Cloak,Insecta,Absent from reserve,0,3,2,0.0027,1.6931
Miridae,Plant Bugs,Insecta,Absent from reserve,0,3,2,0.0027,1.6931
Taliepus nuttallii,Southern Kelp Crab,Animalia,Absent from reserve,0,9,1,0.0,1.6513
Heteroscleromorpha,,Animalia,Absent from reserve,0,9,1,0.0,1.6513
Branta bernicla,Brant,Aves,Absent from reserve,0,9,1,0.0,1.6513
Caryophyllales,"pinks, cactuses, and allies",Plantae,Absent from reserve,0,9,1,0.0,1.6513
Dirona picta,Colorful Dirona,Mollusca,Absent from reserve,0,9,1,0.0,1.6513
Renilla,,Animalia,Absent from reserve,0,9,1,0.0,1.6513
Dictyota,Y-branched Algae,Chromista,Absent from reserve,0,9,1,0.0,1.6513
Chamidae,Jewel boxes,Mollusca,Absent from reserve,0,9,1,0.0,1.6513
Scorpaena guttata,California Scorpionfish,Actinopterygii,Absent from reserve,0,9,1,0.0,1.6513
Patellogastropoda,True Limpets,Mollusca,Absent from reserve,0,9,1,0.0,1.6513
Urile pelagicus,Pelagic Cormorant,Aves,Absent from reserve,0,9,1,0.0,1.6513
Megalorchestia corniculata,,Animalia,Absent from reserve,0,9,1,0.0,1.6513
Endectyon hispitumulus,Bristly mound fields,Animalia,Absent from reserve,0,9,1,0.0,1.6513
Doriopsilla gemela,Yellow-gilled Sea Goddess,Mollusca,Absent from reserve,0,9,1,0.0,1.6513
Astrometis sertulifera,Fragile Rainbow Star,Animalia,Absent from reserve,0,9,1,0.0,1.6513
Schizophyllum commune,splitgill mushroom,Fungi,Absent from reserve,0,9,1,0.0,1.6513
Gelidium,Jellyweeds,Plantae,Absent from reserve,0,9,1,0.0,1.6513
Pentidotea resecata,Eelgrass Isopod,Animalia,Absent from reserve,0,9,1,0.0,1.6513
Laurencia pacifica,,Plantae,Absent from reserve,0,9,1,0.0,1.6513
Thalictrum fendleri,Fendler's Meadow-rue,Plantae,Absent from reserve,0,9,1,0.0,1.6513
Emarcusia morroensis,Morro Bay Aeolid,Mollusca,Absent from reserve,0,9,1,0.0,1.6513
Sebastes constellatus,Starry Rockfish,Actinopterygii,Absent from reserve,0,8,1,0.0,1.5986
Chthamalus fissus,,Animalia,Absent from reserve,0,8,1,0.0,1.5986
Fulica americana,American Coot,Aves,Absent from reserve,0,8,1,0.0,1.5986
Sebastes umbrosus,Honeycomb rockfish,Actinopterygii,Absent from reserve,0,8,1,0.0,1.5986
Atriplex prostrata,Creeping Saltbush,Plantae,Absent from reserve,0,8,1,0.0,1.5986
Phaeoclavulina,,Fungi,Absent from reserve,0,8,1,0.0,1.5986
Alia carinata,Carinate Dovesnail,Mollusca,Absent from reserve,0,8,1,0.0,1.5986
Diaulula sandiegensis,San Diego Dorid,Mollusca,Absent from reserve,0,8,1,0.0,1.5986
Littorina scutulata,Checkered Periwinkle,Mollusca,Absent from reserve,0,8,1,0.0,1.5986
Mirabilis laevis crassifolia,California Four o'Clock,Plantae,Absent from reserve,0,8,1,0.0,1.5986
Sargassum,Sargassum,Chromista,Absent from reserve,0,8,1,0.0,1.5986
Amphiodia occidentalis,Long-armed Brittle Star,Animalia,Absent from reserve,0,8,1,0.0,1.5986
Mopalioidea,,Mollusca,Absent from reserve,0,8,1,0.0,1.5986
Grimothea planipes,Tuna Crab,Animalia,Absent from reserve,0,8,1,0.0,1.5986
Lasthenia coronaria,Royal Goldfields,Plantae,Absent from reserve,0,8,1,0.0,1.5986
Stephanocystis,,Chromista,Absent from reserve,0,8,1,0.0,1.5986
Leptuca crenulata,Mexican Fiddler Crab,Animalia,Absent from reserve,0,8,1,0.0,1.5986
Felimida macfarlandi,MacFarland's Chromodorid,Mollusca,Absent from reserve,0,8,1,0.0,1.5986
Astraeus hygrometricus,Hygroscopic Earthstar,Fungi,Absent from reserve,0,8,1,0.0,1.5986
Semele decisa,Clipped Semele,Mollusca,Absent from reserve,0,8,1,0.0,1.5986
Jania,Red Coralline Algae,Plantae,Absent from reserve,0,8,1,0.0,1.5986
Chama arcana,Clear Jewel Box,Mollusca,Absent from reserve,0,8,1,0.0,1.5986
Trirhabda,,Insecta,Absent from reserve,0,8,1,0.0,1.5986
Trombidium,,Arachnida,Absent from reserve,0,8,1,0.0,1.5986
Limonium,Sea-Lavenders,Plantae,Absent from reserve,0,8,1,0.0,1.5986
Aegires albopunctatus,Salt-and-pepper Doris,Mollusca,Absent from reserve,0,8,1,0.0,1.5986
Pyrosoma atlanticum,,Animalia,Absent from reserve,0,8,1,0.0,1.5986
Ammotheidae,,Animalia,Absent from reserve,0,8,1,0.0,1.5986
Caesia perpinguis,Fat Nassa,Mollusca,Absent from reserve,0,8,1,0.0,1.5986
Baccharis salicifolia,mule fat,Plantae,Absent from reserve,0,2,2,0.0027,1.5493
Ulvales,Sea Lettuces and Allies,Plantae,Absent from reserve,0,2,2,0.0027,1.5493
Rafinesquia californica,California chicory,Plantae,Absent from reserve,0,2,2,0.0027,1.5493
Agaricus campestris,Meadow Mushroom,Fungi,Absent from reserve,0,2,2,0.0027,1.5493
Lorita,,Insecta,Absent from reserve,0,2,2,0.0027,1.5493
Trombidia,"Velvet Mites, Chiggers, and Relatives",Arachnida,Absent from reserve,0,2,2,0.0027,1.5493
Araneidae,Orbweavers,Arachnida,Absent from reserve,0,2,2,0.0027,1.5493
Camissoniopsis lewisii,Lewis' evening-primrose,Plantae,Absent from reserve,0,2,2,0.0027,1.5493
Melospiza lincolnii,Lincoln's Sparrow,Aves,Absent from reserve,0,2,2,0.0027,1.5493
Polypogon viridis,water beard grass,Plantae,Absent from reserve,0,2,2,0.0027,1.5493
Erodium moschatum,musk stork's-bill,Plantae,Absent from reserve,0,2,2,0.0027,1.5493
Artemisia,wormwoods and sagebrushes,Plantae,Absent from reserve,0,2,2,0.0027,1.5493
Icterus cucullatus,Hooded Oriole,Aves,Absent from reserve,0,2,2,0.0027,1.5493
Steatoda grossa,False Black Widow,Arachnida,Absent from reserve,0,2,2,0.0027,1.5493
Lampropeltis californiae,California King Snake,Reptilia,Absent from reserve,0,2,2,0.0027,1.5493
Deroceras reticulatum,Milky Slug,Mollusca,Absent from reserve,0,2,2,0.0027,1.5493
Lunularia cruciata,Crescent-cup liverwort,Plantae,Absent from reserve,0,2,2,0.0027,1.5493
Pandion haliaetus carolinensis,American Osprey,Aves,Absent from reserve,0,2,2,0.0027,1.5493
Sisymbrium irio,London rocket,Plantae,Absent from reserve,0,2,2,0.0027,1.5493
Raphanus raphanistrum,Wild radish,Plantae,Absent from reserve,0,2,2,0.0027,1.5493
Agelenidae,Funnel Weavers,Arachnida,Absent from reserve,0,2,2,0.0027,1.5493
Malva,Mallows,Plantae,Absent from reserve,0,2,2,0.0027,1.5493
Hylephila phyleus,Fiery Skipper,Insecta,Absent from reserve,0,2,2,0.0027,1.5493
Isocoma,Jimmyweeds and Goldenbushes,Plantae,Absent from reserve,0,2,2,0.0027,1.5493
Pinus,pines,Plantae,Absent from reserve,0,2,2,0.0027,1.5493
Sciaenidae,Drums,Actinopterygii,Absent from reserve,0,2,2,0.0027,1.5493
Brassiceae,,Plantae,Absent from reserve,0,2,2,0.0027,1.5493
Ambigolimax,Threeband Slugs,Mollusca,Absent from reserve,0,2,2,0.0027,1.5493
Aphidinae,,Insecta,Absent from reserve,0,2,2,0.0027,1.5493
Ehrharta erecta,panic veldtgrass,Plantae,Absent from reserve,0,2,2,0.0027,1.5493
Spergularia macrotheca,Sticky Sand-Spurrey,Plantae,Absent from reserve,0,2,2,0.0027,1.5493
Dorymyrmex insanus,Crazy Pyramid Ant,Insecta,Absent from reserve,0,2,2,0.0027,1.5493
Ehrharta longiflora,longflower veldtgrass,Plantae,Absent from reserve,0,2,2,0.0027,1.5493
Lema daturaphila,Three-lined Potato Beetle,Insecta,Absent from reserve,0,2,2,0.0027,1.5493
Tibicinoides vanduzeei,Van Duzee's Cicada,Insecta,Absent from reserve,0,2,2,0.0027,1.5493
Ciona,,Animalia,Absent from reserve,0,2,2,0.0027,1.5493
Tulostoma,Stalked Puffballs,Fungi,Absent from reserve,0,2,2,0.0027,1.5493
Cicadidae,Typical Cicadas,Insecta,Absent from reserve,0,2,2,0.0027,1.5493
Callinectes bellicosus,Warrior Swimming Crab,Animalia,Absent from reserve,0,2,2,0.0027,1.5493
Chloridoideae,,Plantae,Absent from reserve,0,2,2,0.0027,1.5493
Cynipoidea,Gall Wasps and Allies,Insecta,Absent from reserve,0,2,2,0.0027,1.5493
Blattodea,Cockroaches and Termites,Insecta,Absent from reserve,0,2,2,0.0027,1.5493
Anthomyiidae,Root-maggot Flies,Insecta,Absent from reserve,0,2,2,0.0027,1.5493
Pezizomycotina,Sac Fungi and Lichens,Fungi,Absent from reserve,0,2,2,0.0027,1.5493
Latrodectus geometricus,Brown Widow,Arachnida,Absent from reserve,0,2,2,0.0027,1.5493
Troglodytes aedon,Northern House Wren,Aves,Absent from reserve,0,2,2,0.0027,1.5493
Liorhyssus hyalinus,Hyaline Grass Bug,Insecta,Absent from reserve,0,2,2,0.0027,1.5493
Agapostemon,Striped Sweat Bees,Insecta,Absent from reserve,0,2,2,0.0027,1.5493
Pseudacris,Chorus Frogs,Amphibia,Absent from reserve,0,2,2,0.0027,1.5493
Pellaea stictica,,Insecta,Absent from reserve,0,2,2,0.0027,1.5493
Venerinae,,Mollusca,Absent from reserve,0,2,2,0.0027,1.5493
Eleodes nigropilosa,,Insecta,Absent from reserve,0,2,2,0.0027,1.5493
Passeriformes,Perching Birds,Aves,Absent from reserve,0,2,2,0.0027,1.5493
Thebini,,Mollusca,Absent from reserve,0,2,2,0.0027,1.5493
Canidae,Canids,Mammalia,Absent from reserve,0,2,2,0.0027,1.5493
Cycloneda sanguinea,Spotless Lady Beetle,Insecta,Absent from reserve,0,2,2,0.0027,1.5493
Salix laevigata,red willow,Plantae,Absent from reserve,0,2,2,0.0027,1.5493
Lon melane,Umber Skipper,Insecta,Absent from reserve,0,2,2,0.0027,1.5493
Allograpta,Streaktails,Insecta,Absent from reserve,0,2,2,0.0027,1.5493
Heraclides rumiko,Western Giant Swallowtail,Insecta,Absent from reserve,0,2,2,0.0027,1.5493
Apium graveolens,Celery,Plantae,Absent from reserve,0,2,2,0.0027,1.5493
Typha,Cattails,Plantae,Absent from reserve,0,2,2,0.0027,1.5493
Melolonthinae,June Beetles,Insecta,Absent from reserve,0,2,2,0.0027,1.5493
Tectipleura,,Mollusca,Absent from reserve,0,2,2,0.0027,1.5493
Cathartes aura,Turkey Vulture,Aves,Absent from reserve,0,2,2,0.0027,1.5493
Lycoperdaceae,puffballs,Fungi,Absent from reserve,0,2,2,0.0027,1.5493
Coccinellini,Black-spotted Lady Beetles,Insecta,Absent from reserve,0,2,2,0.0027,1.5493
Coprinopsis,Inkcaps,Fungi,Absent from reserve,0,2,2,0.0027,1.5493
Pelecanus,Pelicans,Aves,Absent from reserve,0,2,2,0.0027,1.5493
Ischnura ramburii,Rambur's Forktail,Insecta,Absent from reserve,0,2,2,0.0027,1.5493
Cottoidei,Sculpins and Allies,Actinopterygii,Absent from reserve,0,7,1,0.0,1.5397
Psychrolutidae,Fathead Sculpins,Actinopterygii,Absent from reserve,0,7,1,0.0,1.5397
Nyctanassa violacea,Yellow-crowned Night Heron,Aves,Absent from reserve,0,7,1,0.0,1.5397
Petalonia,,Chromista,Absent from reserve,0,7,1,0.0,1.5397
Nuttallina,,Mollusca,Absent from reserve,0,7,1,0.0,1.5397
Romaleon antennarium,Pacific Rock Crab,Animalia,Absent from reserve,0,7,1,0.0,1.5397
Opuntia oricola,Chaparral Pricklypear,Plantae,Absent from reserve,0,7,1,0.0,1.5397
Thordisa bimaculata,Two-spotted Dorid,Mollusca,Absent from reserve,0,7,1,0.0,1.5397
Watersipora subtorquata,red-rust bryozoan,Animalia,Absent from reserve,0,7,1,0.0,1.5397
Fucellia,Seaweed Flies,Insecta,Absent from reserve,0,7,1,0.0,1.5397
Corallina vancouveriensis,graceful coral seaweed,Plantae,Absent from reserve,0,7,1,0.0,1.5397
Sceloporus occidentalis longipes,Great Basin Fence Lizard,Reptilia,Absent from reserve,0,7,1,0.0,1.5397
Rosa californica,California Wild Rose,Plantae,Absent from reserve,0,7,1,0.0,1.5397
Zemysina orbella,Orb Diplodon,Mollusca,Absent from reserve,0,7,1,0.0,1.5397
Calidris alpina,Dunlin,Aves,Absent from reserve,0,7,1,0.0,1.5397
Plocamium,,Plantae,Absent from reserve,0,7,1,0.0,1.5397
Sargassaceae,Sargassum and Allies,Chromista,Absent from reserve,0,7,1,0.0,1.5397
Anas acuta,Northern Pintail,Aves,Absent from reserve,0,7,1,0.0,1.5397
Sargassum horneri,Devil weed,Chromista,Absent from reserve,0,7,1,0.0,1.5397
Melanerpes formicivorus,Acorn Woodpecker,Aves,Absent from reserve,0,7,1,0.0,1.5397
Leptochiton rugatus,dwarf chiton,Mollusca,Absent from reserve,0,7,1,0.0,1.5397
Spartina,cord-grasses,Plantae,Absent from reserve,0,7,1,0.0,1.5397
Crepidula onyx,Onyx Slippersnail,Mollusca,Absent from reserve,0,7,1,0.0,1.5397
Carpobrotus chilensis,Chilean sea fig,Plantae,Absent from reserve,0,7,1,0.0,1.5397
Tracheophyta,Vascular Plants,Plantae,Absent from reserve,0,6,1,0.0,1.473
Aechmophorus occidentalis,Western Grebe,Aves,Absent from reserve,0,6,1,0.0,1.473
Thambemyia borealis,,Insecta,Absent from reserve,0,6,1,0.0,1.473
Crassadoma gigantea,Giant Rock Scallop,Mollusca,Absent from reserve,0,6,1,0.0,1.473
Dictyota flabellata,,Chromista,Absent from reserve,0,6,1,0.0,1.473
Tegula,,Mollusca,Absent from reserve,0,6,1,0.0,1.473
Rexithaerus sectus,White Macoma,Mollusca,Absent from reserve,0,6,1,0.0,1.473
Castilleja affinis,Coast Paintbrush,Plantae,Absent from reserve,0,6,1,0.0,1.473
Gavia pacifica,Pacific Loon,Aves,Absent from reserve,0,6,1,0.0,1.473
Caudina arenicola,Sweet Potato Sea Cucumber,Animalia,Absent from reserve,0,6,1,0.0,1.473
Stephanocystis osmundacea,chain bladder kelp,Chromista,Absent from reserve,0,6,1,0.0,1.473
Octopoda,Octopuses,Mollusca,Absent from reserve,0,6,1,0.0,1.473
Lithothamnion,,Plantae,Absent from reserve,0,6,1,0.0,1.473
Phacelia parryi,Parry's phacelia,Plantae,Absent from reserve,0,6,1,0.0,1.473
Antiopella barbarensis,cockscomb nudibranch,Mollusca,Absent from reserve,0,6,1,0.0,1.473
Cistothorus palustris,Marsh Wren,Aves,Absent from reserve,0,6,1,0.0,1.473
Metacarcinus gracilis,Graceful Rock Crab,Animalia,Absent from reserve,0,6,1,0.0,1.473
Hypsoblennius jenkinsi,Mussel Blenny,Actinopterygii,Absent from reserve,0,6,1,0.0,1.473
Eisenia arborea,Southern sea palm,Chromista,Absent from reserve,0,6,1,0.0,1.473
Colpomenia sinuosa,Oyster thief,Chromista,Absent from reserve,0,6,1,0.0,1.473
Polyplacophora,Chitons,Mollusca,Absent from reserve,0,6,1,0.0,1.473
Lactarius alnicola,golden milkcap,Fungi,Absent from reserve,0,6,1,0.0,1.473
Ascidiacea,Sea Squirts,Animalia,Absent from reserve,0,6,1,0.0,1.473
Atriplex semibaccata,berry saltbush,Plantae,Absent from reserve,0,6,1,0.0,1.473
Galium aparine,catchweed bedstraw,Plantae,Absent from reserve,0,6,1,0.0,1.473
Ericerodes hemphillii,Hemphill's Kelp Crab,Animalia,Absent from reserve,0,6,1,0.0,1.473
Sebastes carnatus,Gopher Rockfish,Actinopterygii,Absent from reserve,0,6,1,0.0,1.473
Acanthogobius flavimanus,Yellowfin Goby,Actinopterygii,Absent from reserve,0,6,1,0.0,1.473
Oreoscoptes montanus,Sage Thrasher,Aves,Absent from reserve,0,6,1,0.0,1.473
Heliotropium curassavicum oculatum,,Plantae,Absent from reserve,0,6,1,0.0,1.473
Sonchus oleraceus,Common Sow-thistle,Plantae,Absent from reserve,0,6,1,0.0,1.473
Actinopterygii,Ray-finned Fishes,Actinopterygii,Absent from reserve,0,6,1,0.0,1.473
Russula,brittlegills,Fungi,Absent from reserve,0,6,1,0.0,1.473
Muricidae,Murex Snails,Mollusca,Absent from reserve,0,6,1,0.0,1.473
Caridea,Caridean Shrimps,Animalia,Absent from reserve,0,6,1,0.0,1.473
Pareurythoe californica,,Animalia,Absent from reserve,0,5,1,0.0,1.3959
Californicae,Cuscuta sect. Californicae,Plantae,Absent from reserve,0,5,1,0.0,1.3959
Bugula neritina,brown bryozoan,Animalia,Absent from reserve,0,5,1,0.0,1.3959
Sebastes serriceps,Treefish,Actinopterygii,Absent from reserve,0,5,1,0.0,1.3959
Hericium coralloides,Coral tooth fungus,Fungi,Absent from reserve,0,5,1,0.0,1.3959
Crocanthemum aldersonii,Alderson's rushrose,Plantae,Absent from reserve,0,5,1,0.0,1.3959
Washingtonia robusta,Mexican Fan Palm,Plantae,Absent from reserve,0,5,1,0.0,1.3959
Tricholoma dryophilum,Oak-loving Trich,Fungi,Absent from reserve,0,5,1,0.0,1.3959
Codium fragile,Dead Man's Fingers,Plantae,Absent from reserve,0,5,1,0.0,1.3959
Cotula australis,Common Cotula,Plantae,Absent from reserve,0,5,1,0.0,1.3959
Tonicellinae,,Mollusca,Absent from reserve,0,5,1,0.0,1.3959
Coprinopsis uliginicola,,Fungi,Absent from reserve,0,5,1,0.0,1.3959
Pseudopusula californiana,Coffee Bean Trivia,Mollusca,Absent from reserve,0,5,1,0.0,1.3959
Lonicera subspicata denudata,Johnston's honeysuckle,Plantae,Absent from reserve,0,5,1,0.0,1.3959
Leathesia marina,Sea Cauliflower,Chromista,Absent from reserve,0,5,1,0.0,1.3959
Gelidium robustum,agarweed,Plantae,Absent from reserve,0,5,1,0.0,1.3959
Bucephala albeola,Bufflehead,Aves,Absent from reserve,0,5,1,0.0,1.3959
Sebastes rosaceus,Rosy Rockfish,Actinopterygii,Absent from reserve,0,5,1,0.0,1.3959
Calidris,Calidris Sandpipers,Aves,Absent from reserve,0,5,1,0.0,1.3959
Florideophyceae,Florideophycean algae,Plantae,Absent from reserve,0,5,1,0.0,1.3959
Lupinus succulentus,arroyo lupine,Plantae,Absent from reserve,0,5,1,0.0,1.3959
Asio flammeus,Short-eared Owl,Aves,Absent from reserve,0,5,1,0.0,1.3959
Polycladida,Polyclad Flatworms,Animalia,Absent from reserve,0,5,1,0.0,1.3959
Cylindropuntia cholla,Chain-link Cholla,Plantae,Absent from reserve,0,5,1,0.0,1.3959
Mytilisepta bifurcata,Bifurcate Mussel,Mollusca,Absent from reserve,0,5,1,0.0,1.3959
Majoidea,Spider Crabs and Decorator Crabs,Animalia,Absent from reserve,0,5,1,0.0,1.3959
Acmispon maritimus,coastal bird's-foot trefoil,Plantae,Absent from reserve,0,5,1,0.0,1.3959
Salicornieae,,Plantae,Absent from reserve,0,5,1,0.0,1.3959
Manduca sexta,Carolina Sphinx,Insecta,Absent from reserve,0,5,1,0.0,1.3959
Membranipora,Lacy Crust Bryozoans,Animalia,Absent from reserve,0,5,1,0.0,1.3959
Klambothrips myopori,Naio Thrips,Insecta,Absent from reserve,0,5,1,0.0,1.3959
Porifera,Sponges,Animalia,Absent from reserve,0,5,1,0.0,1.3959
Sebastes hopkinsi,Squarespot rockfish,Actinopterygii,Absent from reserve,0,5,1,0.0,1.3959
Cantareus apertus,Green Garden Snail,Mollusca,Absent from reserve,0,5,1,0.0,1.3959
Sebastes dallii,Calico Rockfish,Actinopterygii,Absent from reserve,0,5,1,0.0,1.3959
Fucophycidae,,Chromista,Absent from reserve,0,5,1,0.0,1.3959
Procambarus clarkii,Red Swamp Crayfish,Animalia,Absent from reserve,0,5,1,0.0,1.3959
Entoloma ferruginans,Bleachy Entoloma,Fungi,Absent from reserve,0,5,1,0.0,1.3959
Cortaderia selloana,Pampas Grass,Plantae,Absent from reserve,0,5,1,0.0,1.3959
Corbicula fluminea,Asian Clam,Mollusca,Absent from reserve,0,5,1,0.0,1.3959
Cephaloscyllium ventriosum,Swellshark,Animalia,Absent from reserve,0,5,1,0.0,1.3959
Aglaophenia,Ostrich-Plume Hydroids,Animalia,Absent from reserve,0,5,1,0.0,1.3959
Zirfaea pilsbryi,Rough Piddock,Mollusca,Absent from reserve,0,5,1,0.0,1.3959
Crepipatella lingulata,Pacific Half-slipper Snail,Mollusca,Absent from reserve,0,5,1,0.0,1.3959
Sebastes caurinus,Copper Rockfish,Actinopterygii,Absent from reserve,0,5,1,0.0,1.3959
Nasturtium officinale,watercress,Plantae,Absent from reserve,0,5,1,0.0,1.3959
Linanthus dianthiflorus,fringed linanthus,Plantae,Absent from reserve,0,5,1,0.0,1.3959
Columba livia domestica,Feral Pigeon,Aves,Absent from reserve,0,5,1,0.0,1.3959
Paguroidea,Hermit Crabs,Animalia,Absent from reserve,0,5,1,0.0,1.3959
Megalorchestia,,Animalia,Absent from reserve,0,5,1,0.0,1.3959
Sarcodiotheca gaudichaudii,succulent seaweed,Plantae,Absent from reserve,0,5,1,0.0,1.3959
Clarkia purpurea,Winecup Clarkia,Plantae,Absent from reserve,0,5,1,0.0,1.3959
Lupinus longifolius,longleaf bush lupine,Plantae,Absent from reserve,0,5,1,0.0,1.3959
Sebastes auriculatus,Brown Rockfish,Actinopterygii,Absent from reserve,0,4,1,0.0,1.3047
Agave,century plants,Plantae,Absent from reserve,0,4,1,0.0,1.3047
Stereum,,Fungi,Absent from reserve,0,4,1,0.0,1.3047
Flavopunctelia flaventior,Speckled Greenshield,Fungi,Absent from reserve,0,4,1,0.0,1.3047
Nephtys,Nephthys's Sand-worms,Animalia,Absent from reserve,0,4,1,0.0,1.3047
Aythya americana,Redhead,Aves,Absent from reserve,0,4,1,0.0,1.3047
Acanthinucella punctulata,Spotted Unicorn,Mollusca,Absent from reserve,0,4,1,0.0,1.3047
Lupinus albifrons,Bush Lupine complex,Plantae,Absent from reserve,0,4,1,0.0,1.3047
Strymon melinus,Gray Hairstreak,Insecta,Absent from reserve,0,4,1,0.0,1.3047
Heptacarpus brevirostris,Stout Coastal Shrimp,Animalia,Absent from reserve,0,4,1,0.0,1.3047
Eucrypta chrysanthemifolia,common eucrypta,Plantae,Absent from reserve,0,4,1,0.0,1.3047
Paraclinus integripinnis,Reef Finspot,Actinopterygii,Absent from reserve,0,4,1,0.0,1.3047
Serpulidae,Serpulid Tubeworms,Animalia,Absent from reserve,0,4,1,0.0,1.3047
Demospongiae,Demosponges,Animalia,Absent from reserve,0,4,1,0.0,1.3047
Cygnus columbianus,Tundra Swan,Aves,Absent from reserve,0,4,1,0.0,1.3047
Rallus obsoletus,Ridgway's Rail,Aves,Absent from reserve,0,4,1,0.0,1.3047
Chamaea fasciata,Wrentit,Aves,Absent from reserve,0,4,1,0.0,1.3047
Calidris canutus,Red Knot,Aves,Absent from reserve,0,4,1,0.0,1.3047
Callinectes,Blue Crabs,Animalia,Absent from reserve,0,4,1,0.0,1.3047
Muricea,,Animalia,Absent from reserve,0,4,1,0.0,1.3047
Amphipoda,Amphipods,Animalia,Absent from reserve,0,4,1,0.0,1.3047
Xanthoria parietina,Common Sunburst Lichen,Fungi,Absent from reserve,0,4,1,0.0,1.3047
Rhodymeniophycidae,,Plantae,Absent from reserve,0,4,1,0.0,1.3047
Copestylum avidum,Yellow-spotted Bromeliad Fly,Insecta,Absent from reserve,0,4,1,0.0,1.3047
Amanita magniverrucata,Pinecone Amanita,Fungi,Absent from reserve,0,4,1,0.0,1.3047
Leuresthes tenuis,California Grunion,Actinopterygii,Absent from reserve,0,4,1,0.0,1.3047
Agapostemon melliventris,Honey-tailed Striped Sweat Bee,Insecta,Absent from reserve,0,4,1,0.0,1.3047
Melibe leonina,Hooded Nudibranch,Mollusca,Absent from reserve,0,4,1,0.0,1.3047
Corambe,,Mollusca,Absent from reserve,0,4,1,0.0,1.3047
Laccaria amethysteo-occidentalis,Western Amethyst Laccaria,Fungi,Absent from reserve,0,4,1,0.0,1.3047
Malephora lutea,rocky point ice plant,Plantae,Absent from reserve,0,4,1,0.0,1.3047
Fuscoporia gilva,Mustard Yellow Polypore,Fungi,Absent from reserve,0,4,1,0.0,1.3047
Acotylea,Acotylean Flatworms,Animalia,Absent from reserve,0,4,1,0.0,1.3047
Corallinaceae,coralline algae,Plantae,Absent from reserve,0,4,1,0.0,1.3047
Petrolisthes,,Animalia,Absent from reserve,0,4,1,0.0,1.3047
Plagiobothrys,Popcornflowers,Plantae,Absent from reserve,0,4,1,0.0,1.3047
Stachys rigida,Rough Hedgenettle,Plantae,Absent from reserve,0,4,1,0.0,1.3047
Calyptraeidae,Slippersnails,Mollusca,Absent from reserve,0,4,1,0.0,1.3047
Oncosiphon pilulifer,stinknet,Plantae,Absent from reserve,0,4,1,0.0,1.3047
Didymodon,,Plantae,Absent from reserve,0,4,1,0.0,1.3047
Asparagus asparagoides,Cape Smilax,Plantae,Absent from reserve,0,4,1,0.0,1.3047
Astraeus,Barometer Earthstars,Fungi,Absent from reserve,0,4,1,0.0,1.3047
Pterocladiella capillacea,Branched wing weed,Plantae,Absent from reserve,0,4,1,0.0,1.3047
Rhodymenia,,Plantae,Absent from reserve,0,4,1,0.0,1.3047
Phacelia distans,distant phacelia,Plantae,Absent from reserve,0,4,1,0.0,1.3047
Schizocosa,Brush-legged Spiders,Arachnida,Absent from reserve,0,4,1,0.0,1.3047
Carduus pycnocephalus,Italian thistle,Plantae,Absent from reserve,0,4,1,0.0,1.3047
Cucurbita foetidissima,Buffalo Gourd,Plantae,Absent from reserve,0,4,1,0.0,1.3047
Cancridae,Rock Crabs,Animalia,Absent from reserve,0,4,1,0.0,1.3047
Cnidaria,Cnidarians,Animalia,Absent from reserve,0,4,1,0.0,1.3047
Neotoma,Woodrats,Mammalia,Absent from reserve,0,4,1,0.0,1.3047
Pugettia dalli,,Animalia,Absent from reserve,0,4,1,0.0,1.3047
Metandrocarpa dura,Fused Orange Social Ascidian,Animalia,Absent from reserve,0,4,1,0.0,1.3047
Lonicera subspicata,Southern Honeysuckle,Plantae,Absent from reserve,0,4,1,0.0,1.3047
Pycnogonida,Pycnogonids,Animalia,Absent from reserve,0,4,1,0.0,1.3047
Corallinales,Coralline algae,Plantae,Absent from reserve,0,4,1,0.0,1.3047
Aytoniaceae,,Plantae,Absent from reserve,0,4,1,0.0,1.3047
Extriplex californica,California orache,Plantae,Absent from reserve,0,4,1,0.0,1.3047
Muricea californica,California Golden Gorgonian,Animalia,Absent from reserve,0,4,1,0.0,1.3047
Stellaria,chickweeds,Plantae,Absent from reserve,0,4,1,0.0,1.3047
Russula cremoricolor,Winter Russula,Fungi,Absent from reserve,0,4,1,0.0,1.3047
Bombus sonorus,Sonoran Bumble Bee,Insecta,Absent from reserve,0,4,1,0.0,1.3047
Gomphaceae,,Fungi,Absent from reserve,0,4,1,0.0,1.3047
Thetys vagina,Twin-sailed Salp,Animalia,Absent from reserve,0,4,1,0.0,1.3047
Peltodoris nobilis,Noble Dorid,Mollusca,Absent from reserve,0,4,1,0.0,1.3047
Archilestes californicus,California Spreadwing,Insecta,Absent from reserve,0,3,1,0.0,1.1931
Crossata californica,California frog shell,Mollusca,Absent from reserve,0,3,1,0.0,1.1931
Stephanocystis dioica,,Chromista,Absent from reserve,0,3,1,0.0,1.1931
Villini,banded bee flies,Insecta,Absent from reserve,0,3,1,0.0,1.1931
Jania verrucosa,Well-forked Coralline,Plantae,Absent from reserve,0,3,1,0.0,1.1931
Torilis arvensis,common hedge parsley,Plantae,Absent from reserve,0,3,1,0.0,1.1931
Buccinoidea,True Whelks and Allies,Mollusca,Absent from reserve,0,3,1,0.0,1.1931
Chitonida,,Mollusca,Absent from reserve,0,3,1,0.0,1.1931
Pseudognaphalium luteoalbum,Jersey Cudweed,Plantae,Absent from reserve,0,3,1,0.0,1.1931
Pectinidae,Scallops,Mollusca,Absent from reserve,0,3,1,0.0,1.1931
Desmarestia ligulata,flattened acid kelp,Chromista,Absent from reserve,0,3,1,0.0,1.1931
Brassicaceae,mustard family,Plantae,Absent from reserve,0,3,1,0.0,1.1931
Phocoidea,Pinnipeds,Mammalia,Absent from reserve,0,3,1,0.0,1.1931
Salpinctes obsoletus,Rock Wren,Aves,Absent from reserve,0,3,1,0.0,1.1931
Sidalcea malviflora,checkerbloom,Plantae,Absent from reserve,0,3,1,0.0,1.1931
Triopha catalinae,Clown Dorid,Mollusca,Absent from reserve,0,3,1,0.0,1.1931
Polypodium californicum,California Polypody,Plantae,Absent from reserve,0,3,1,0.0,1.1931
Decapoda,Decapods,Animalia,Absent from reserve,0,3,1,0.0,1.1931
Trametes versicolor,turkey-tail,Fungi,Absent from reserve,0,3,1,0.0,1.1931
Actiniaria,Sea Anemones,Animalia,Absent from reserve,0,3,1,0.0,1.1931
Loxorhynchus grandis,Sheep Crab,Animalia,Absent from reserve,0,3,1,0.0,1.1931
Loxorhynchus crispatus,Moss Crab,Animalia,Absent from reserve,0,3,1,0.0,1.1931
Astropecten,,Animalia,Absent from reserve,0,3,1,0.0,1.1931
Egretta rufescens,Reddish Egret,Aves,Absent from reserve,0,3,1,0.0,1.1931
Trochoidea,,Mollusca,Absent from reserve,0,3,1,0.0,1.1931
Myoporum,Ngaios,Plantae,Absent from reserve,0,3,1,0.0,1.1931
Dictyota cyanoloma,,Chromista,Absent from reserve,0,3,1,0.0,1.1931
Cyprididae,Cypridids,Animalia,Absent from reserve,0,3,1,0.0,1.1931
Delphinidae,Oceanic Dolphins,Mammalia,Absent from reserve,0,3,1,0.0,1.1931
Dudleya,Liveforever,Plantae,Absent from reserve,0,3,1,0.0,1.1931
Melanderia,,Insecta,Absent from reserve,0,3,1,0.0,1.1931
Chaetomorpha spiralis,,Plantae,Absent from reserve,0,3,1,0.0,1.1931
Sturnus vulgaris,European Starling,Aves,Absent from reserve,0,3,1,0.0,1.1931
Tragopogon porrifolius,purple salsify,Plantae,Absent from reserve,0,3,1,0.0,1.1931
Melobesia mediocris,Surfgrass encrusting alga,Plantae,Absent from reserve,0,3,1,0.0,1.1931
Cacama crepitans,Coastal Cactus Dodger,Insecta,Absent from reserve,0,3,1,0.0,1.1931
Ramalinaceae,"bushy lichens, sea-fog lichens, and allies",Fungi,Absent from reserve,0,3,1,0.0,1.1931
Pleurobrachia,Sea Gooseberries,Animalia,Absent from reserve,0,3,1,0.0,1.1931
Anthus rubescens,American Pipit,Aves,Absent from reserve,0,3,1,0.0,1.1931
Lottia fenestrata,Chocolate Limpet,Mollusca,Absent from reserve,0,3,1,0.0,1.1931
Tetragnatha,,Arachnida,Absent from reserve,0,3,1,0.0,1.1931
Phacelia grandiflora,Large-flowered Phacelia,Plantae,Absent from reserve,0,3,1,0.0,1.1931
Typhlogobius californiensis,Blind Goby,Actinopterygii,Absent from reserve,0,3,1,0.0,1.1931
Pepsis,New World Tarantula-hawk Wasps,Insecta,Absent from reserve,0,3,1,0.0,1.1931
Gryllus,,Insecta,Absent from reserve,0,3,1,0.0,1.1931
Cadlina luteomarginata,Yellow-edged Cadlina,Mollusca,Absent from reserve,0,3,1,0.0,1.1931
Betaeus longidactylus,,Animalia,Absent from reserve,0,3,1,0.0,1.1931
Annulohypoxylon,,Fungi,Absent from reserve,0,3,1,0.0,1.1931
Petricola carditoides,Hearty Petricola,Mollusca,Absent from reserve,0,3,1,0.0,1.1931
Mytilidae,mussels,Mollusca,Absent from reserve,0,3,1,0.0,1.1931
Calliarthron tuberculosum,,Plantae,Absent from reserve,0,3,1,0.0,1.1931
Porpita porpita,Blue Button,Animalia,Absent from reserve,0,3,1,0.0,1.1931
Platynota,,Insecta,Absent from reserve,0,3,1,0.0,1.1931
Hexanauplia,Barnacles and Copepods,Animalia,Absent from reserve,0,3,1,0.0,1.1931
Ophiactis savignyi,Little Six-arm Brittle Star,Animalia,Absent from reserve,0,3,1,0.0,1.1931
Syntrichia ruralis,Star Moss,Plantae,Absent from reserve,0,3,1,0.0,1.1931
Candelaria pacifica,Pacific Candleflame Lichen,Fungi,Absent from reserve,0,3,1,0.0,1.1931
Lactarius,Common Milkcaps,Fungi,Absent from reserve,0,3,1,0.0,1.1931
Basidiomycota,Basidiomycete Fungi,Fungi,Absent from reserve,0,3,1,0.0,1.1931
Ramalina,bushy lichens,Fungi,Absent from reserve,0,3,1,0.0,1.1931
Syngnathus californiensis,Kelp Pipefish,Actinopterygii,Absent from reserve,0,3,1,0.0,1.1931
Caenurgia togataria,,Insecta,Absent from reserve,0,3,1,0.0,1.1931
Chaetopterus,,Animalia,Absent from reserve,0,3,1,0.0,1.1931
Cyanoplax,,Mollusca,Absent from reserve,0,3,1,0.0,1.1931
Chasmanthe bicolor,Bicolor Cobra Lily,Plantae,Absent from reserve,0,3,1,0.0,1.1931
Ophintegrida,,Animalia,Absent from reserve,0,3,1,0.0,1.1931
Lineidae,,Animalia,Absent from reserve,0,3,1,0.0,1.1931
Hainotis sharonae,,Mollusca,Absent from reserve,0,3,1,0.0,1.1931
Saxidomus nuttalli,California Butterclam,Mollusca,Absent from reserve,0,3,1,0.0,1.1931
Caprella,,Animalia,Absent from reserve,0,3,1,0.0,1.1931
Gillichthys mirabilis,Longjaw Mudsucker,Actinopterygii,Absent from reserve,0,3,1,0.0,1.1931
Brassica tournefortii,Saharan Mustard,Plantae,Absent from reserve,0,3,1,0.0,1.1931
Tagelus californianus,California Jackknife Clam,Mollusca,Absent from reserve,0,3,1,0.0,1.1931
Brephidium exilis,Western Pygmy-Blue,Insecta,Absent from reserve,0,3,1,0.0,1.1931
Bassia hyssopifolia,Fivehorn smotherweed,Plantae,Absent from reserve,0,3,1,0.0,1.1931
Cheilostomatida,Cheilostomatid Bryozoans,Animalia,Absent from reserve,0,3,1,0.0,1.1931
Caesia fossata,Channeled Basket Snail,Mollusca,Absent from reserve,0,3,1,0.0,1.1931
Quietula y-cauda,Shadow Goby,Actinopterygii,Absent from reserve,0,3,1,0.0,1.1931
Corynactis californica,Californian Strawberry Anemone,Animalia,Absent from reserve,0,3,1,0.0,1.1931
Verbena lasiostachys,western vervain,Plantae,Absent from reserve,0,3,1,0.0,1.1931
Limenitis lorquini,Lorquin's Admiral,Insecta,Absent from reserve,0,3,1,0.0,1.1931
Ciliophora,Ciliates,Chromista,Absent from reserve,0,3,1,0.0,1.1931
Exidia glandulosa,Black Witches' Butter,Fungi,Absent from reserve,0,3,1,0.0,1.1931
Sebastes miniatus,Vermilion Rockfish,Actinopterygii,Absent from reserve,0,3,1,0.0,1.1931
Eleodes grandicollis,,Insecta,Absent from reserve,0,3,1,0.0,1.1931
Ectocarpales,,Chromista,Absent from reserve,0,3,1,0.0,1.1931
Trombidiidae,True Velvet Mites,Arachnida,Absent from reserve,0,3,1,0.0,1.1931
Crepidula,Typical Slippersnails,Mollusca,Absent from reserve,0,3,1,0.0,1.1931
Gelidiales,,Plantae,Absent from reserve,0,3,1,0.0,1.1931
Hypomyces microspermus,,Fungi,Absent from reserve,0,3,1,0.0,1.1931
Ammothea hilgendorfi,Pacific brown-banded sea-spider,Animalia,Absent from reserve,0,3,1,0.0,1.1931
Rhinopristiformes,Shovelnose Rays,Animalia,Absent from reserve,0,3,1,0.0,1.1931
Coprinopsis lagopus,hare's foot inkcap,Fungi,Absent from reserve,0,3,1,0.0,1.1931
Aplysiopsis enteromorphae,Enteromorpha-eating Sapsucker,Mollusca,Absent from reserve,0,3,1,0.0,1.1931
Chondracanthus exasperatus,Turkish Towel,Plantae,Absent from reserve,0,3,1,0.0,1.1931
Phacellophora camtschatica,Egg-yolk Jelly,Animalia,Absent from reserve,0,3,1,0.0,1.1931
Leptocottus armatus,Pacific Staghorn Sculpin,Actinopterygii,Absent from reserve,0,3,1,0.0,1.1931
Larus californicus,California Gull,Aves,Absent from reserve,0,3,1,0.0,1.1931
Corambe pacifica,Pacific Corambe,Mollusca,Absent from reserve,0,3,1,0.0,1.1931
Pellaea andromedifolia pubescens,,Plantae,Absent from reserve,0,3,1,0.0,1.1931
Pellaea andromedifolia,Coffee Fern,Plantae,Absent from reserve,0,3,1,0.0,1.1931
Chaenactis artemisiifolia,Artemisia-leaved Chaenactis,Plantae,Absent from reserve,0,3,1,0.0,1.1931
Gavia stellata,Red-throated Loon,Aves,Absent from reserve,0,3,1,0.0,1.1931
Polycauliona polycarpa,Pin-cushion Sunburst Lichen,Fungi,Absent from reserve,0,3,1,0.0,1.1931
Fulmarus glacialis,Northern Fulmar,Aves,Absent from reserve,0,3,1,0.0,1.1931
Peziza,Cups,Fungi,Absent from reserve,0,3,1,0.0,1.1931
Conualevia alba,White Smooth-horn Dorid,Mollusca,Absent from reserve,0,3,1,0.0,1.1931
Lacuna,Lacuna Snails,Mollusca,Absent from reserve,0,3,1,0.0,1.1931
Pantopoda,Sea Spiders,Animalia,Absent from reserve,0,3,1,0.0,1.1931
Talitridae,Sandhoppers and Landhoppers,Animalia,Absent from reserve,0,3,1,0.0,1.1931
Doryteuthis opalescens,Opalescent Inshore Squid,Mollusca,Absent from reserve,0,3,1,0.0,1.1931
Mola mola,Common Mola,Actinopterygii,Absent from reserve,0,3,1,0.0,1.1931
Ostreidae,True Oysters,Mollusca,Absent from reserve,0,3,1,0.0,1.1931
Euthyneura,,Mollusca,Absent from reserve,0,3,1,0.0,1.1931
Gnorimoschema baccharisella,Coyote Brush Stem Gall Moth,Insecta,Absent from reserve,0,3,1,0.0,1.1931
Endocladia muricata,Scouring-pad alga,Plantae,Absent from reserve,0,3,1,0.0,1.1931
Lupinus microcarpus,chick lupine,Plantae,Absent from reserve,0,3,1,0.0,1.1931
Idotea urotoma,Blunt-tailed Isopod,Animalia,Absent from reserve,0,3,1,0.0,1.1931
Renilla koellikeri,,Animalia,Absent from reserve,0,3,1,0.0,1.1931
Ramalina canariensis,Inelegant Strap Lichen,Fungi,Absent from reserve,0,3,1,0.0,1.1931
Lingulodinium polyedra,,Chromista,Absent from reserve,0,3,1,0.0,1.1931
Pardosa,Thin-legged Wolf Spiders,Arachnida,Absent from reserve,0,3,1,0.0,1.1931
Drymocallis glandulosa,sticky cinquefoil,Plantae,Absent from reserve,0,3,1,0.0,1.1931
Helvella dryophila,Oak-loving Elfin Saddle,Fungi,Absent from reserve,0,3,1,0.0,1.1931
Clevelandia ios,Arrow Goby,Actinopterygii,Absent from reserve,0,2,1,0.0,1.0493
Rubus,brambles,Plantae,Absent from reserve,0,2,1,0.0,1.0493
Antirrhineae,Toadflaxes and Allies,Plantae,Absent from reserve,0,2,1,0.0,1.0493
Coccoidea,Scale Insects,Insecta,Absent from reserve,0,2,1,0.0,1.0493
Salix,Willows,Plantae,Absent from reserve,0,2,1,0.0,1.0493
Podiceps auritus,Horned Grebe,Aves,Absent from reserve,0,2,1,0.0,1.0493
Lonchura punctulata,Scaly-breasted Munia,Aves,Absent from reserve,0,2,1,0.0,1.0493
Plantago ovata insularis,,Plantae,Absent from reserve,0,2,1,0.0,1.0493
Astraeus pteridis,giant hygroscopic earthstar,Fungi,Absent from reserve,0,2,1,0.0,1.0493
Cortaderia,Pampas grasses,Plantae,Absent from reserve,0,2,1,0.0,1.0493
Ophiodermella inermis,Snakeskin Turrid,Mollusca,Absent from reserve,0,2,1,0.0,1.0493
Stylatula elongata,Slender Sea Pen,Animalia,Absent from reserve,0,2,1,0.0,1.0493
Phoenix canariensis,Canary Island palm,Plantae,Absent from reserve,0,2,1,0.0,1.0493
Astrangia haimei,Aggregating Cup Coral,Animalia,Absent from reserve,0,2,1,0.0,1.0493
Pleurotus ostreatus,Oyster Mushroom,Fungi,Absent from reserve,0,2,1,0.0,1.0493
Navanax,,Mollusca,Absent from reserve,0,2,1,0.0,1.0493
Cirratulidae,,Animalia,Absent from reserve,0,2,1,0.0,1.0493
Caulacanthaceae,,Plantae,Absent from reserve,0,2,1,0.0,1.0493
Mysidae,,Animalia,Absent from reserve,0,2,1,0.0,1.0493
Ophiodon elongatus,Lingcod,Actinopterygii,Absent from reserve,0,2,1,0.0,1.0493
Lasthenia californica,California goldfields,Plantae,Absent from reserve,0,2,1,0.0,1.0493
Diopatra,,Animalia,Absent from reserve,0,2,1,0.0,1.0493
Amphibalanus,,Animalia,Absent from reserve,0,2,1,0.0,1.0493
Lithobates catesbeianus,American Bullfrog,Amphibia,Absent from reserve,0,2,1,0.0,1.0493
Corella willmeriana,Icy Tunicate,Animalia,Absent from reserve,0,2,1,0.0,1.0493
Euphorbia polycarpa,smallseed sandmat,Plantae,Absent from reserve,0,2,1,0.0,1.0493
Delphinus delphis bairdii,Eastern Pacific Long-beaked Common Dolphin,Mammalia,Absent from reserve,0,2,1,0.0,1.0493
Amanita velosa,springtime amanita,Fungi,Absent from reserve,0,2,1,0.0,1.0493
Pentidotea,,Animalia,Absent from reserve,0,2,1,0.0,1.0493
Sedentaria,Sedentary and Tube-dwelling Bristleworms,Animalia,Absent from reserve,0,2,1,0.0,1.0493
Abegesta remellalis,White-trimmed Abegesta,Insecta,Absent from reserve,0,2,1,0.0,1.0493
Pholistoma auritum auritum,,Plantae,Absent from reserve,0,2,1,0.0,1.0493
Sauria,Lizards,Reptilia,Absent from reserve,0,2,1,0.0,1.0493
Osmundea spectabilis,sea laurel,Plantae,Absent from reserve,0,2,1,0.0,1.0493
Watersipora,,Animalia,Absent from reserve,0,2,1,0.0,1.0493
Ostracoda,Ostracods,Animalia,Absent from reserve,0,2,1,0.0,1.0493
Nephtys caecoides,,Animalia,Absent from reserve,0,2,1,0.0,1.0493
Paralabrax nebulifer,Barred Sand Bass,Actinopterygii,Absent from reserve,0,2,1,0.0,1.0493
Hyalidae,,Animalia,Absent from reserve,0,2,1,0.0,1.0493
Caprellidae,Skeleton Shrimp,Animalia,Absent from reserve,0,2,1,0.0,1.0493
Rhodymenia corallina,,Plantae,Absent from reserve,0,2,1,0.0,1.0493
Peridroma saucia,Variegated Cutworm Moth,Insecta,Absent from reserve,0,2,1,0.0,1.0493
Sphaeromatidae,Typical Seapills,Animalia,Absent from reserve,0,2,1,0.0,1.0493
Coelopa,Bristly Kelp Flies,Insecta,Absent from reserve,0,2,1,0.0,1.0493
Pholistoma racemosum,Racemed Fiestaflower,Plantae,Absent from reserve,0,2,1,0.0,1.0493
Silvetia compressa,golden rockweed,Chromista,Absent from reserve,0,2,1,0.0,1.0493
Trirhabda flavolimbata,Coyote Brush Leaf Beetle,Insecta,Absent from reserve,0,2,1,0.0,1.0493
Exosphaeroma,Spherical Isopods,Animalia,Absent from reserve,0,2,1,0.0,1.0493
Schizophyllum,,Fungi,Absent from reserve,0,2,1,0.0,1.0493
Juncus acutus leopoldii,Southwestern Spiny Rush,Plantae,Absent from reserve,0,2,1,0.0,1.0493
Fraxinus,ashes,Plantae,Absent from reserve,0,2,1,0.0,1.0493
Pirata,pirate wolf spiders,Arachnida,Absent from reserve,0,2,1,0.0,1.0493
Cryptosula pallasiana,Keyhole Bryozoan,Animalia,Absent from reserve,0,2,1,0.0,1.0493
Zonotrichia atricapilla,Golden-crowned Sparrow,Aves,Absent from reserve,0,2,1,0.0,1.0493
Porzana carolina,Sora,Aves,Absent from reserve,0,2,1,0.0,1.0493
Blennioidei,Blennies,Actinopterygii,Absent from reserve,0,2,1,0.0,1.0493
Eumalacostraca,"Decapods, Isopods, and allies",Animalia,Absent from reserve,0,2,1,0.0,1.0493
Agaricaceae,Field Mushrooms and Allies,Fungi,Absent from reserve,0,2,1,0.0,1.0493
Branta canadensis,Canada Goose,Aves,Absent from reserve,0,2,1,0.0,1.0493
Verbena,vervains,Plantae,Absent from reserve,0,2,1,0.0,1.0493
Polycera hedgpethi,Hedgpeth's Dorid,Mollusca,Absent from reserve,0,2,1,0.0,1.0493
Pachycerianthus,,Animalia,Absent from reserve,0,2,1,0.0,1.0493
Eurylepta aurantiaca,,Animalia,Absent from reserve,0,2,1,0.0,1.0493
Geastrum,Earthstars,Fungi,Absent from reserve,0,2,1,0.0,1.0493
Tringa,"Shanks, Tattlers, and Allies",Aves,Absent from reserve,0,2,1,0.0,1.0493
Enthemonae,,Animalia,Absent from reserve,0,2,1,0.0,1.0493
Pyrosoma,sea pickles,Animalia,Absent from reserve,0,2,1,0.0,1.0493
Batrachoseps major,Southern California Slender Salamander,Amphibia,Absent from reserve,0,2,1,0.0,1.0493
Cladonia pyxidata,Pebbled Pixie Cup,Fungi,Absent from reserve,0,2,1,0.0,1.0493
Actiniidae,Actiniid Sea Anemones,Animalia,Absent from reserve,0,2,1,0.0,1.0493
Pluteaceae,,Fungi,Absent from reserve,0,2,1,0.0,1.0493
Adelpha californica,California Sister,Insecta,Absent from reserve,0,2,1,0.0,1.0493
Coryphella,,Mollusca,Absent from reserve,0,2,1,0.0,1.0493
Octopus rubescens,East Pacific Red Octopus,Mollusca,Absent from reserve,0,2,1,0.0,1.0493
Araneus gemma,Gem-shaped Orbweaver,Arachnida,Absent from reserve,0,2,1,0.0,1.0493
Sterna hirundo,Common Tern,Aves,Absent from reserve,0,2,1,0.0,1.0493
Castilleja foliolosa,felt paintbrush,Plantae,Absent from reserve,0,2,1,0.0,1.0493
Carcharodon carcharias,Great White Shark,Animalia,Absent from reserve,0,2,1,0.0,1.0493
Distaplia occidentalis,Mushroom Tunicate,Animalia,Absent from reserve,0,2,1,0.0,1.0493
Eubranchus rustyus,Homely Aeolid,Mollusca,Absent from reserve,0,2,1,0.0,1.0493
Chordeiles acutipennis,Lesser Nighthawk,Aves,Absent from reserve,0,2,1,0.0,1.0493
Microrhopala rubrolineata,,Insecta,Absent from reserve,0,2,1,0.0,1.0493
Schizophora,Schizophoran Flies,Insecta,Absent from reserve,0,2,1,0.0,1.0493
Calanoida,Calanoid Copepods,Animalia,Absent from reserve,0,2,1,0.0,1.0493
Notocomplana,,Animalia,Absent from reserve,0,2,1,0.0,1.0493
Pachycerianthus torreyi,,Animalia,Absent from reserve,0,2,1,0.0,1.0493
Xerocomellus dryophilus,oak-loving bolete,Fungi,Absent from reserve,0,2,1,0.0,1.0493
Cortinarius ohlone,,Fungi,Absent from reserve,0,2,1,0.0,1.0493
Juglans,Walnuts,Plantae,Absent from reserve,0,2,1,0.0,1.0493
Pisaster,Giant Sea Stars,Animalia,Absent from reserve,0,2,1,0.0,1.0493
Nemalion elminthoides,Sea Noodle,Plantae,Absent from reserve,0,2,1,0.0,1.0493
Tyrannus verticalis,Western Kingbird,Aves,Absent from reserve,0,2,1,0.0,1.0493
Lottiini,,Mollusca,Absent from reserve,0,2,1,0.0,1.0493
Marasmius plicatulus,red pinwheel,Fungi,Absent from reserve,0,2,1,0.0,1.0493
Braconidae,Braconid Wasps,Insecta,Absent from reserve,0,2,1,0.0,1.0493
Sturnella neglecta,Western Meadowlark,Aves,Absent from reserve,0,2,1,0.0,1.0493
Litaneutria,American Ground Mantises,Insecta,Absent from reserve,0,2,1,0.0,1.0493
Juncus acutus,spiny rush,Plantae,Absent from reserve,0,2,1,0.0,1.0493
Gymnura marmorata,California Butterfly Ray,Animalia,Absent from reserve,0,2,1,0.0,1.0493
Clematis,Clematis and leatherflowers,Plantae,Absent from reserve,0,2,1,0.0,1.0493
Contopus sordidulus,Western Wood-Pewee,Aves,Absent from reserve,0,2,1,0.0,1.0493
Liometopum occidentale,Western Velvety Tree Ant,Insecta,Absent from reserve,0,2,1,0.0,1.0493
Saldula,,Insecta,Absent from reserve,0,2,1,0.0,1.0493
Ceroplastes,Wax Scales,Insecta,Absent from reserve,0,2,1,0.0,1.0493
Bembix americana,American Sand Wasp,Insecta,Absent from reserve,0,2,1,0.0,1.0493
Camissoniopsis cheiranthifolia suffruticosa,shrubby beach primrose,Plantae,Absent from reserve,0,2,1,0.0,1.0493
Metridium farcimen,Giant Plumose Anemone,Animalia,Absent from reserve,0,2,1,0.0,1.0493
Washingtonia,Fan Palms,Plantae,Absent from reserve,0,2,1,0.0,1.0493
Clematis ligusticifolia,Western White Clematis,Plantae,Absent from reserve,0,2,1,0.0,1.0493
Lolium,,Plantae,Absent from reserve,0,2,1,0.0,1.0493
Euplotes,,Chromista,Absent from reserve,0,2,1,0.0,1.0493
Parapholas californica,Scale-sided Piddock,Mollusca,Absent from reserve,0,2,1,0.0,1.0493
Holozoidae,,Animalia,Absent from reserve,0,2,1,0.0,1.0493
Pseudochama,,Mollusca,Absent from reserve,0,2,1,0.0,1.0493
Corallina berteroi,Common Coralline,Plantae,Absent from reserve,0,2,1,0.0,1.0493
Colletes ochraceus,Ochraceous Cellophane Bee,Insecta,Absent from reserve,0,2,1,0.0,1.0493
Diachus auratus,Bronze Leaf Beetle,Insecta,Absent from reserve,0,2,1,0.0,1.0493
Ruppia maritima,widgeongrass,Plantae,Absent from reserve,0,2,1,0.0,1.0493
Geheebia,,Plantae,Absent from reserve,0,2,1,0.0,1.0493
Amanita novinupta,Blushing Bride Amanita,Fungi,Absent from reserve,0,2,1,0.0,1.0493
Empoascina,,Insecta,Absent from reserve,0,2,1,0.0,1.0493
Pentidotea kirchanskii,,Animalia,Absent from reserve,0,2,1,0.0,1.0493
Calyptraeoidea,,Mollusca,Absent from reserve,0,2,1,0.0,1.0493
Zirfaea,,Mollusca,Absent from reserve,0,2,1,0.0,1.0493
Thylacodes,,Mollusca,Absent from reserve,0,2,1,0.0,1.0493
Phoradendron macrophyllum,broadleaf mistletoe,Plantae,Absent from reserve,0,2,1,0.0,1.0493
Porcellanidae,Porcelain Crabs,Animalia,Absent from reserve,0,2,1,0.0,1.0493
Pituophis catenifer,Gopher Snake,Reptilia,Absent from reserve,0,2,1,0.0,1.0493
Melanoplinae,Spur-throated Grasshoppers,Insecta,Absent from reserve,0,2,1,0.0,1.0493
Hipponix tumens,Ribbed Hoof Snail,Mollusca,Absent from reserve,0,2,1,0.0,1.0493
Chromelosporium,,Fungi,Absent from reserve,0,2,1,0.0,1.0493
Megalorchestia benedicti,,Animalia,Absent from reserve,0,2,1,0.0,1.0493
Urocyon cinereoargenteus,Gray Fox,Mammalia,Absent from reserve,0,2,1,0.0,1.0493
Randallia ornata,globose sand crab,Animalia,Absent from reserve,0,2,1,0.0,1.0493
Marasmiineae,,Fungi,Absent from reserve,0,2,1,0.0,1.0493
Egretta tricolor,Tricolored Heron,Aves,Absent from reserve,0,2,1,0.0,1.0493
Flavopunctelia soredica,Powder-edged Speckled Greenshield,Fungi,Absent from reserve,0,2,1,0.0,1.0493
Myosotella myosotis,Mouse-eared Snail,Mollusca,Absent from reserve,0,2,1,0.0,1.0493
Keckiella cordifolia,heartleaf keckiella,Plantae,Absent from reserve,0,2,1,0.0,1.0493
Amphipholis squamata,Dwarf Brittle Star,Animalia,Absent from reserve,0,2,1,0.0,1.0493
Cochylis,,Insecta,Absent from reserve,0,2,1,0.0,1.0493
Trimusculus reticulatus,Button Shell,Mollusca,Absent from reserve,0,2,1,0.0,1.0493
Grimmia laevigata,Grimmia Dry Rock Moss,Plantae,Absent from reserve,0,2,1,0.0,1.0493
Pentidotea aculeata,,Animalia,Absent from reserve,0,2,1,0.0,1.0493
Ganoderma polychromum,,Fungi,Absent from reserve,0,2,1,0.0,1.0493
Telmatogetoninae,Intertidal Midges,Insecta,Absent from reserve,0,2,1,0.0,1.0493
Fuligo septica,Dog Vomit Slime Mold,Protozoa,Absent from reserve,0,2,1,0.0,1.0493
Heptacarpus taylori,Taylor Coastal Shrimp,Animalia,Absent from reserve,0,2,1,0.0,1.0493
Entiminae,Broad-nosed Weevils,Insecta,Absent from reserve,0,2,1,0.0,1.0493
Dysdera crocata,Woodlouse Spider,Arachnida,Absent from reserve,0,2,1,0.0,1.0493
Hebata,,Insecta,Absent from reserve,0,2,1,0.0,1.0493
Semaeostomeae,Flag-mouth Jellies,Animalia,Absent from reserve,0,2,1,0.0,1.0493
Phaeotremella foliacea,Leafy Brain,Fungi,Absent from reserve,0,2,1,0.0,1.0493
Littorinidae,Periwinkle Snails,Mollusca,Absent from reserve,0,2,1,0.0,1.0493
Ossicaulis lignatilis,Bonestem,Fungi,Absent from reserve,0,2,1,0.0,1.0493
Silybum marianum,milk thistle,Plantae,Absent from reserve,0,2,1,0.0,1.0493
Peziza varia,layered cup,Fungi,Absent from reserve,0,2,1,0.0,1.0493
Aedes,,Insecta,Absent from reserve,0,2,1,0.0,1.0493
Nomada vegana,,Insecta,Absent from reserve,0,2,1,0.0,1.0493
Cecidomyiidae,Gall and Forest Midges,Insecta,Absent from reserve,0,2,1,0.0,1.0493
Dictyota dichotoma,Forked ribbons,Chromista,Absent from reserve,0,2,1,0.0,1.0493
Hypomyces chrysospermus,bolete mould,Fungi,Absent from reserve,0,2,1,0.0,1.0493
Acari,Mites and Ticks,Arachnida,Absent from reserve,0,2,1,0.0,1.0493
Brachycera,Brachyceran Flies,Insecta,Absent from reserve,0,2,1,0.0,1.0493
Anthopleura artemisia,Moonglow Anemone,Animalia,Absent from reserve,0,2,1,0.0,1.0493
Calliostoma supragranosum,Granulose Topsnail,Mollusca,Absent from reserve,0,2,1,0.0,1.0493
Bullidae,,Mollusca,Absent from reserve,0,2,1,0.0,1.0493
Clunio californiensis,,Insecta,Absent from reserve,0,2,1,0.0,1.0493
Aythya,"Scaups, Pochards, and Allies",Aves,Absent from reserve,0,2,1,0.0,1.0493
Planes minutus,Gulfweed Crab,Animalia,Absent from reserve,0,2,1,0.0,1.0493
Exosphaeroma inornata,,Animalia,Absent from reserve,0,2,1,0.0,1.0493
Phyllodocida,,Animalia,Absent from reserve,0,2,1,0.0,1.0493
Xanthorioideae,,Fungi,Absent from reserve,0,2,1,0.0,1.0493
Botryocladia pseudodichotoma,Red Sea Grapes,Plantae,Absent from reserve,0,2,1,0.0,1.0493
Uria aalge,Common Murre,Aves,Absent from reserve,0,2,1,0.0,1.0493
Aurelia labiata,Greater Moon Jelly,Animalia,Absent from reserve,0,2,1,0.0,1.0493
Parmotrema hypoleucinum,Lacy Powdered-ruffle,Fungi,Absent from reserve,0,2,1,0.0,1.0493
Geranium dissectum,Cut-leaved crane's-bill,Plantae,Absent from reserve,0,2,1,0.0,1.0493
Lottiidae,Lottiid Limpets,Mollusca,Absent from reserve,0,2,1,0.0,1.0493
Neoscona,Spotted Orbweavers,Arachnida,Absent from reserve,0,2,1,0.0,1.0493
Ceratostoma nuttalli,Nuttall's Hornmouth,Mollusca,Absent from reserve,0,2,1,0.0,1.0493
Bidens pilosa,Hairy Beggarticks,Plantae,Absent from reserve,0,2,1,0.0,1.0493
Polypogon monspeliensis,rabbitfoot grass,Plantae,Absent from reserve,0,2,1,0.0,1.0493
Neobernaya spadicea,Chestnut Cowry,Mollusca,Absent from reserve,0,2,1,0.0,1.0493
Malva multiflora,Cretan mallow,Plantae,Absent from reserve,0,2,1,0.0,1.0493
Micrometrus minimus,Dwarf Surfperch,Actinopterygii,Absent from reserve,0,2,1,0.0,1.0493
Melampus,,Mollusca,Absent from reserve,0,2,1,0.0,1.0493
Amblonoxia palpalis,Dusty June Beetle,Insecta,Absent from reserve,0,2,1,0.0,1.0493
Lactarius rufulus,Southern Candy Cap,Fungi,Absent from reserve,0,2,1,0.0,1.0493
Foeniculum vulgare,fennel,Plantae,Absent from reserve,0,2,1,0.0,1.0493
Pilumnus spinohirsutus,Retiring Hairy Crab,Animalia,Absent from reserve,0,2,1,0.0,1.0493
Suillellus amygdalinus,Liver Bolete,Fungi,Absent from reserve,0,2,1,0.0,1.0493
Gari californica,California Sunset Clam,Mollusca,Absent from reserve,0,2,1,0.0,1.0493
Catharus guttatus,Hermit Thrush,Aves,Absent from reserve,0,2,1,0.0,1.0493
Euborlasia nigrocincta,,Animalia,Absent from reserve,0,2,1,0.0,1.0493
Polyorchis haplus,,Animalia,Absent from reserve,0,2,1,0.0,1.0493
Symmoca signatella,,Insecta,Absent from reserve,0,2,1,0.0,1.0493
Sterninae,True Terns,Aves,Absent from reserve,0,2,1,0.0,1.0493
Mactrinae,Surfclams,Mollusca,Absent from reserve,0,2,1,0.0,1.0493
Botrylloides,,Animalia,Absent from reserve,0,2,1,0.0,1.0493
Tricholoma yatesii,,Fungi,Absent from reserve,0,2,1,0.0,1.0493
Paralabrax maculatofasciatus,Spotted Sand Bass,Actinopterygii,Absent from reserve,0,2,1,0.0,1.0493
Oxylebius pictus,Painted Greenling,Actinopterygii,Absent from reserve,0,2,1,0.0,1.0493
Hypomyces,,Fungi,Absent from reserve,0,2,1,0.0,1.0493
Argia,Dancers,Insecta,Absent from reserve,0,2,1,0.0,1.0493
Scrophularia californica,California beeplant,Plantae,Absent from reserve,0,2,1,0.0,1.0493
Narcissus,daffodils,Plantae,Absent from reserve,0,2,1,0.0,1.0493
Eupithecia,Pug Moths,Insecta,Absent from reserve,0,2,1,0.0,1.0493
Thaliacea,Thaliaceans,Animalia,Absent from reserve,0,2,1,0.0,1.0493
Stenoplax,,Mollusca,Absent from reserve,0,2,1,0.0,1.0493
Praestheceraeus bellostriatus,,Animalia,Absent from reserve,0,2,1,0.0,1.0493
Hydrozoa,Hydrozoans,Animalia,Absent from reserve,0,2,1,0.0,1.0493
Brezia,Section Brezia,Plantae,Absent from reserve,0,2,1,0.0,1.0493
Corambe steinbergae,Steinberg's Corambe,Mollusca,Absent from reserve,0,2,1,0.0,1.0493
Xiphias gladius,Broadbill Swordfish,Actinopterygii,Absent from reserve,0,2,1,0.0,1.0493
Ctenophora,Comb Jellies,Animalia,Absent from reserve,0,2,1,0.0,1.0493
Palpada mexicana,Golden Plushback,Insecta,Absent from reserve,0,2,1,0.0,1.0493
Crustacea,Crustaceans,Animalia,Absent from reserve,0,2,1,0.0,1.0493
Rubus ursinus,trailing blackberry,Plantae,Absent from reserve,0,2,1,0.0,1.0493
Melospiza georgiana,Swamp Sparrow,Aves,Absent from reserve,0,2,1,0.0,1.0493
Saldidae,Shore bugs,Insecta,Absent from reserve,0,2,1,0.0,1.0493
Gallinago delicata,Wilson's Snipe,Aves,Absent from reserve,0,2,1,0.0,1.0493
Agelaius phoeniceus,Red-winged Blackbird,Aves,Absent from reserve,0,2,1,0.0,1.0493
Acmispon maritimus maritimus,Coastal bird's-foot trefoil,Plantae,Absent from reserve,0,2,1,0.0,1.0493
Balanus,Rock-barnacles,Animalia,Absent from reserve,0,2,1,0.0,1.0493
Eucrypta chrysanthemifolia chrysanthemifolia,,Plantae,Absent from reserve,0,2,1,0.0,1.0493
Dendronotus venustus,Branched Dendronotid,Mollusca,Absent from reserve,0,2,1,0.0,1.0493
Thinopinus pictus,Pictured Rove Beetle,Insecta,Absent from reserve,0,2,1,0.0,1.0493
Cucurbita palmata,coyote melon,Plantae,Absent from reserve,0,2,1,0.0,1.0493
Hylocelis californica,,Animalia,Absent from reserve,0,2,1,0.0,1.0493
Dictyopteris undulata,,Chromista,Absent from reserve,0,2,1,0.0,1.0493
Callirhytis quercussuttoni,Gouty Stem Gall Wasp,Insecta,Absent from reserve,0,2,1,0.0,1.0493
Tyrannus,Kingbirds,Aves,Absent from reserve,0,2,1,0.0,1.0493
Rumina decollata,Decollate Snail,Mollusca,Absent from reserve,0,2,1,0.0,1.0493
Kaburakia excelsa,Giant Flatworm,Animalia,Absent from reserve,0,2,1,0.0,1.0493
Perizoma epictata,,Insecta,Absent from reserve,0,2,1,0.0,1.0493
Caecum,,Mollusca,Absent from reserve,0,2,1,0.0,1.0493
Pinus torreyana torreyana,Torrey Pine,Plantae,Absent from reserve,0,2,1,0.0,1.0493
Menesiniella regalis,,Animalia,Absent from reserve,0,2,1,0.0,1.0493
Cisthene perrosea,Rosy Lichen Moth,Insecta,Absent from reserve,0,2,1,0.0,1.0493
Neotomini,Pack Rats,Mammalia,Absent from reserve,0,2,1,0.0,1.0493
Falco columbarius,Merlin,Aves,Absent from reserve,0,2,1,0.0,1.0493
Laurencieae,,Plantae,Absent from reserve,0,2,1,0.0,1.0493
Cortinariaceae,,Fungi,Absent from reserve,0,2,1,0.0,1.0493
Poecilia latipinna,Sailfin Molly,Actinopterygii,Absent from reserve,0,2,1,0.0,1.0493
Geothlypis trichas,Common Yellowthroat,Aves,Absent from reserve,0,2,1,0.0,1.0493
Ardenna grisea,Sooty Shearwater,Aves,Absent from reserve,0,2,1,0.0,1.0493
Gnaphalieae,paper daisies,Plantae,Absent from reserve,0,2,1,0.0,1.0493
Megaptera novaeangliae,Humpback Whale,Mammalia,Absent from reserve,0,2,1,0.0,1.0493
Ophiothrix,,Animalia,Absent from reserve,0,2,1,0.0,1.0493
Smithora naiadum,seagrass laver,Plantae,Absent from reserve,0,2,1,0.0,1.0493
Paguridae,Pagurid Hermit Crabs,Animalia,Absent from reserve,0,2,1,0.0,1.0493
Frangula californica,coffeeberry,Plantae,Absent from reserve,0,2,1,0.0,1.0493
Laennecia,,Plantae,Absent from reserve,0,2,1,0.0,1.0493
Passerculus sandwichensis rostratus,Large-billed Savannah Sparrow,Aves,Absent from reserve,0,2,1,0.0,1.0493
Enochrus,,Insecta,Absent from reserve,0,2,1,0.0,1.0493
Euodynerus hidalgo,Hidalgo Mason Wasp,Insecta,Absent from reserve,0,2,1,0.0,1.0493
Lottioidea,Lottiid Limpets and Allies,Mollusca,Absent from reserve,0,2,1,0.0,1.0493
Adiantum jordanii,California Maidenhair Fern,Plantae,Absent from reserve,0,2,1,0.0,1.0493
Gavia,Loons,Aves,Absent from reserve,0,2,1,0.0,1.0493
Glycera,,Animalia,Absent from reserve,0,2,1,0.0,1.0493
Nucella,,Mollusca,Absent from reserve,0,2,1,0.0,1.0493
Entoloma sericeum,Silky Pinkgill,Fungi,Absent from reserve,0,2,1,0.0,1.0493
Lepidium lasiocarpum,Hairypod Pepperweed,Plantae,Absent from reserve,0,2,1,0.0,1.0493
Tetraloniella,,Insecta,Absent from reserve,0,1,1,0.0,0.8466
Metacyrba taeniola,Ribbon Jumping Spider,Arachnida,Absent from reserve,0,1,1,0.0,0.8466
Sebastes semicinctus,Halfbanded rockfish,Actinopterygii,Absent from reserve,0,1,1,0.0,0.8466
Eriophyllinae,,Plantae,Absent from reserve,0,1,1,0.0,0.8466
Aeolidia,,Mollusca,Absent from reserve,0,1,1,0.0,0.8466
Aphrophoridae,True Spittlebugs,Insecta,Absent from reserve,0,1,1,0.0,0.8466
Polycera tricolor,Three-color Polycera,Mollusca,Absent from reserve,0,1,1,0.0,0.8466
Scleropodium obtusifolium,obtuseleaf scleropodium moss,Plantae,Absent from reserve,0,1,1,0.0,0.8466
Microphotus angustus,California Pink Glowworm,Insecta,Absent from reserve,0,1,1,0.0,0.8466
Lepraria finkii,Fluffy Dust Lichen,Fungi,Absent from reserve,0,1,1,0.0,0.8466
Agrotina,,Insecta,Absent from reserve,0,1,1,0.0,0.8466
Multicrustacea,Typical Crustaceans,Animalia,Absent from reserve,0,1,1,0.0,0.8466
Scarabaeidae,Scarabs,Insecta,Absent from reserve,0,1,1,0.0,0.8466
Culicomorpha,Mosquitoes and Midges,Insecta,Absent from reserve,0,1,1,0.0,0.8466
Carduus,plumeless thistles,Plantae,Absent from reserve,0,1,1,0.0,0.8466
Lithophyllum,encrusting coralline algae,Plantae,Absent from reserve,0,1,1,0.0,0.8466
Entomobrya unostrigata,Cotton Springtail,Animalia,Absent from reserve,0,1,1,0.0,0.8466
Astropecten armatus,Spiny Sand Star,Animalia,Absent from reserve,0,1,1,0.0,0.8466
Corethrogyne,,Plantae,Absent from reserve,0,1,1,0.0,0.8466
Myoporum insulare,common boobialla,Plantae,Absent from reserve,0,1,1,0.0,0.8466
Terralonus,,Arachnida,Absent from reserve,0,1,1,0.0,0.8466
Laurencia subopposita,,Plantae,Absent from reserve,0,1,1,0.0,0.8466
Trox gemmulatus,,Insecta,Absent from reserve,0,1,1,0.0,0.8466
Clitocybe lamoureae,,Fungi,Absent from reserve,0,1,1,0.0,0.8466
Tellinoidea,"Tellins, Sunset Clams, and Allies",Mollusca,Absent from reserve,0,1,1,0.0,0.8466
Amblyopappus,,Plantae,Absent from reserve,0,1,1,0.0,0.8466
Ramalina farinacea,Farinose Cartilage Lichen,Fungi,Absent from reserve,0,1,1,0.0,0.8466
Amphisbetia furcata,,Animalia,Absent from reserve,0,1,1,0.0,0.8466
Trametes betulina,Gilled Polypore,Fungi,Absent from reserve,0,1,1,0.0,0.8466
Phoradendron,leafy mistletoes,Plantae,Absent from reserve,0,1,1,0.0,0.8466
Callistochiton,,Mollusca,Absent from reserve,0,1,1,0.0,0.8466
Dodecaceria pacifica,Fringed Filament Worm,Animalia,Absent from reserve,0,1,1,0.0,0.8466
Lycoperdon marginatum,Peeling Puffball,Fungi,Absent from reserve,0,1,1,0.0,0.8466
Chaceia ovoidea,Wart-necked Piddock,Mollusca,Absent from reserve,0,1,1,0.0,0.8466
Strongylocentrotidae,,Animalia,Absent from reserve,0,1,1,0.0,0.8466
Austraeolis stearnsi,Stearns' Aeolid,Mollusca,Absent from reserve,0,1,1,0.0,0.8466
Stemonitis,Chocolate Tube Slimes,Protozoa,Absent from reserve,0,1,1,0.0,0.8466
Anystis,Whirligig Mites,Arachnida,Absent from reserve,0,1,1,0.0,0.8466
Eumeninae,Potter and Mason Wasps,Insecta,Absent from reserve,0,1,1,0.0,0.8466
Psathyrellaceae,Brittlestems and Allies,Fungi,Absent from reserve,0,1,1,0.0,0.8466
Pterophoridae,Plume Moths,Insecta,Absent from reserve,0,1,1,0.0,0.8466
Cichorieae,"Lettuce, Chicory, Dandelion and Salsify Tribe",Plantae,Absent from reserve,0,1,1,0.0,0.8466
Myriolecis,,Fungi,Absent from reserve,0,1,1,0.0,0.8466
Bossiella plumosa,,Plantae,Absent from reserve,0,1,1,0.0,0.8466
Syritta pipiens,Thick-legged Hover Fly,Insecta,Absent from reserve,0,1,1,0.0,0.8466
Halacaridae,,Arachnida,Absent from reserve,0,1,1,0.0,0.8466
Laophontidae,,Animalia,Absent from reserve,0,1,1,0.0,0.8466
Tubaria furfuracea,scurfy twiglet,Fungi,Absent from reserve,0,1,1,0.0,0.8466
Agrocybe,,Fungi,Absent from reserve,0,1,1,0.0,0.8466
Procyon,Raccoons,Mammalia,Absent from reserve,0,1,1,0.0,0.8466
Trox,,Insecta,Absent from reserve,0,1,1,0.0,0.8466
Cerastipsocus venosus,Tree Cattle,Insecta,Absent from reserve,0,1,1,0.0,0.8466
Triodanis biflora,Venus's looking-glass,Plantae,Absent from reserve,0,1,1,0.0,0.8466
Philine,,Mollusca,Absent from reserve,0,1,1,0.0,0.8466
Acacia longifolia longifolia,Golden Rods,Plantae,Absent from reserve,0,1,1,0.0,0.8466
Coturnicops noveboracensis,Yellow Rail,Aves,Absent from reserve,0,1,1,0.0,0.8466
Chloridea virescens,Tobacco Budworm Moth,Insecta,Absent from reserve,0,1,1,0.0,0.8466
Hydroclathrus clathratus,,Chromista,Absent from reserve,0,1,1,0.0,0.8466
Parmotrema hypotropum,powdered ruffle lichen,Fungi,Absent from reserve,0,1,1,0.0,0.8466
Lonicerae lonicera,Honeysuckle gall midge,Insecta,Absent from reserve,0,1,1,0.0,0.8466
Distichlis,,Plantae,Absent from reserve,0,1,1,0.0,0.8466
Octopus bimaculatus,Verrill's Two-spot Octopus,Mollusca,Absent from reserve,0,1,1,0.0,0.8466
Orbiniidae,,Animalia,Absent from reserve,0,1,1,0.0,0.8466
Corophiida,,Animalia,Absent from reserve,0,1,1,0.0,0.8466
Gilia capitata,bluehead gilia,Plantae,Absent from reserve,0,1,1,0.0,0.8466
Tringa incana,Wandering Tattler,Aves,Absent from reserve,0,1,1,0.0,0.8466
Oligomeris linifolia,lineleaf whitepuff,Plantae,Absent from reserve,0,1,1,0.0,0.8466
Riccia beyrichiana,Purple Crystalwort,Plantae,Absent from reserve,0,1,1,0.0,0.8466
Stephanomeria exigua,Small Wirelettuce,Plantae,Absent from reserve,0,1,1,0.0,0.8466
Neverita lewisii,Lewis's Moon Snail,Mollusca,Absent from reserve,0,1,1,0.0,0.8466
Galium porrigens,graceful bedstraw,Plantae,Absent from reserve,0,1,1,0.0,0.8466
Triglochin concinna concinna,,Plantae,Absent from reserve,0,1,1,0.0,0.8466
Chenopodioideae,saltbush subfamily,Plantae,Absent from reserve,0,1,1,0.0,0.8466
Tricholoma griseoviolaceum,,Fungi,Absent from reserve,0,1,1,0.0,0.8466
Phyllosticta galligena,,Fungi,Absent from reserve,0,1,1,0.0,0.8466
Orthoptera,"Grasshoppers, Crickets, and Katydids",Insecta,Absent from reserve,0,1,1,0.0,0.8466
Eriastrum filifolium,Lavender woollystar,Plantae,Absent from reserve,0,1,1,0.0,0.8466
Spergularia marina,Saltmarsh Sand Spurry,Plantae,Absent from reserve,0,1,1,0.0,0.8466
Baseodiscus,,Animalia,Absent from reserve,0,1,1,0.0,0.8466
Kelletia kelletii,Kellet's Whelk,Mollusca,Absent from reserve,0,1,1,0.0,0.8466
Traskorchestia traskiana,Pacific beach hopper,Animalia,Absent from reserve,0,1,1,0.0,0.8466
Pyrosomatida,Pyrosomes,Animalia,Absent from reserve,0,1,1,0.0,0.8466
Pleurobranchaea californica,California Side-gill Slug,Mollusca,Absent from reserve,0,1,1,0.0,0.8466
Clinocottus,Sharpnose Sculpins,Actinopterygii,Absent from reserve,0,1,1,0.0,0.8466
Corticium roseum,,Fungi,Absent from reserve,0,1,1,0.0,0.8466
Acmispon,deervetch,Plantae,Absent from reserve,0,1,1,0.0,0.8466
Cerithideopsis,,Mollusca,Absent from reserve,0,1,1,0.0,0.8466
Chenopodium album,Common Lambsquarters,Plantae,Absent from reserve,0,1,1,0.0,0.8466
Austrocylindropuntia subulata,Eve's Needle Cactus,Plantae,Absent from reserve,0,1,1,0.0,0.8466
Anarrhichthys ocellatus,Wolf Eel,Actinopterygii,Absent from reserve,0,1,1,0.0,0.8466
Araneus,Angulate and Roundshouldered Orbweavers,Arachnida,Absent from reserve,0,1,1,0.0,0.8466
Tritonia festiva,Festive Tritonid,Mollusca,Absent from reserve,0,1,1,0.0,0.8466
Bidens,Beggarticks,Plantae,Absent from reserve,0,1,1,0.0,0.8466
Convolvulus arvensis,field bindweed,Plantae,Absent from reserve,0,1,1,0.0,0.8466
Erynnis tristis,Mournful Duskywing,Insecta,Absent from reserve,0,1,1,0.0,0.8466
Cryptosula,,Animalia,Absent from reserve,0,1,1,0.0,0.8466
Gerridae,Water Striders,Insecta,Absent from reserve,0,1,1,0.0,0.8466
Uca princeps,Large Mexican Fiddler Crab,Animalia,Absent from reserve,0,1,1,0.0,0.8466
Cicindelidia trifasciata,S-banded Tiger Beetle,Insecta,Absent from reserve,0,1,1,0.0,0.8466
Salvia clevelandii × leucophylla,,Plantae,Absent from reserve,0,1,1,0.0,0.8466
Amiantis callosa,White Venus,Mollusca,Absent from reserve,0,1,1,0.0,0.8466
Ciona robusta,,Animalia,Absent from reserve,0,1,1,0.0,0.8466
Bryum,,Plantae,Absent from reserve,0,1,1,0.0,0.8466
Ampithoidae,,Animalia,Absent from reserve,0,1,1,0.0,0.8466
Physcia millegrana,rosette lichen,Fungi,Absent from reserve,0,1,1,0.0,0.8466
Cicindelina,,Insecta,Absent from reserve,0,1,1,0.0,0.8466
Micralictoides ruficaudus,Red-tailed Micro-Shortface,Insecta,Absent from reserve,0,1,1,0.0,0.8466
Hydroidolina,,Animalia,Absent from reserve,0,1,1,0.0,0.8466
Berginus nigricolor,,Insecta,Absent from reserve,0,1,1,0.0,0.8466
Tridentatae,,Plantae,Absent from reserve,0,1,1,0.0,0.8466
Pagurus granosimanus,Grainy Hermit Crab,Animalia,Absent from reserve,0,1,1,0.0,0.8466
Dictyotaceae,,Chromista,Absent from reserve,0,1,1,0.0,0.8466
Sebastes ruberrimus,Yelloweye Rockfish,Actinopterygii,Absent from reserve,0,1,1,0.0,0.8466
Aquarius remigis,North American Common Water Strider,Insecta,Absent from reserve,0,1,1,0.0,0.8466
Poa,Meadow-grasses,Plantae,Absent from reserve,0,1,1,0.0,0.8466
Sebastes,Rockfishes,Actinopterygii,Absent from reserve,0,1,1,0.0,0.8466
Cyanoplax dentiens,Gould's baby chiton,Mollusca,Absent from reserve,0,1,1,0.0,0.8466
Bassia,smotherweeds,Plantae,Absent from reserve,0,1,1,0.0,0.8466
Lolium × boucheanum,Hybrid Ryegrass,Plantae,Absent from reserve,0,1,1,0.0,0.8466
Syntrichia,,Plantae,Absent from reserve,0,1,1,0.0,0.8466
Sayornis,Phoebes,Aves,Absent from reserve,0,1,1,0.0,0.8466
Cleomella,stinkweed,Plantae,Absent from reserve,0,1,1,0.0,0.8466
Crassula,Stonecrops,Plantae,Absent from reserve,0,1,1,0.0,0.8466
Baccharis salicifolia salicifolia,,Plantae,Absent from reserve,0,1,1,0.0,0.8466
Limenitidini,,Insecta,Absent from reserve,0,1,1,0.0,0.8466
Lepismatidae,Typical Silverfishes,Insecta,Absent from reserve,0,1,1,0.0,0.8466
Gallinula galeata,Common Gallinule,Aves,Absent from reserve,0,1,1,0.0,0.8466
Metandrocarpa,,Animalia,Absent from reserve,0,1,1,0.0,0.8466
Dictyotophycidae,,Chromista,Absent from reserve,0,1,1,0.0,0.8466
Phalaenoptilus nuttallii,Common Poorwill,Aves,Absent from reserve,0,1,1,0.0,0.8466
Aimophila ruficeps,Rufous-crowned Sparrow,Aves,Absent from reserve,0,1,1,0.0,0.8466
Symphyotrichum subulatum,annual saltmarsh aster,Plantae,Absent from reserve,0,1,1,0.0,0.8466
Phalaropus,Phalaropes,Aves,Absent from reserve,0,1,1,0.0,0.8466
Catorhintha apicalis,,Insecta,Absent from reserve,0,1,1,0.0,0.8466
Alitta succinea,Clam Worm,Animalia,Absent from reserve,0,1,1,0.0,0.8466
Geastrales,Geastrales,Fungi,Absent from reserve,0,1,1,0.0,0.8466
Chenopodiastrum,maple and nettle-leaved goosefoots,Plantae,Absent from reserve,0,1,1,0.0,0.8466
Sylvilagus bachmani,Brush Rabbit,Mammalia,Absent from reserve,0,1,1,0.0,0.8466
Caulolatilus princeps,Ocean Whitefish,Actinopterygii,Absent from reserve,0,1,1,0.0,0.8466
Symphoricarpos mollis,creeping snowberry,Plantae,Absent from reserve,0,1,1,0.0,0.8466
Hydrophorus,,Insecta,Absent from reserve,0,1,1,0.0,0.8466
Leymus,,Plantae,Absent from reserve,0,1,1,0.0,0.8466
Doto kwakwak,,Mollusca,Absent from reserve,0,1,1,0.0,0.8466
Tephroleuci,Hygrophorus sect. Tephroleuci,Fungi,Absent from reserve,0,1,1,0.0,0.8466
Baptodoris mimetica,Mimic Dorid,Mollusca,Absent from reserve,0,1,1,0.0,0.8466
Chaetodipus,,Mammalia,Absent from reserve,0,1,1,0.0,0.8466
Ichneumonidae,Ichneumonid Wasps,Insecta,Absent from reserve,0,1,1,0.0,0.8466
Boletaceae,boletes,Fungi,Absent from reserve,0,1,1,0.0,0.8466
Syrphus opinator,Black-margined Flower Fly,Insecta,Absent from reserve,0,1,1,0.0,0.8466
Metophiurida,,Animalia,Absent from reserve,0,1,1,0.0,0.8466
Geometridae,Geometer Moths,Insecta,Absent from reserve,0,1,1,0.0,0.8466
Ulvaceae,Sea Lettuces,Plantae,Absent from reserve,0,1,1,0.0,0.8466
Bacillariophycidae,raphid diatoms,Chromista,Absent from reserve,0,1,1,0.0,0.8466
Cotylea,,Animalia,Absent from reserve,0,1,1,0.0,0.8466
Aeronautes saxatalis,White-throated Swift,Aves,Absent from reserve,0,1,1,0.0,0.8466
Ruditapes philippinarum,Japanese Littleneck,Mollusca,Absent from reserve,0,1,1,0.0,0.8466
Bolbitius,,Fungi,Absent from reserve,0,1,1,0.0,0.8466
Anthuroidea,Wormpods,Animalia,Absent from reserve,0,1,1,0.0,0.8466
Egretta,Small Egrets and Herons,Aves,Absent from reserve,0,1,1,0.0,0.8466
Chaetopteridae,Parchment Tubeworms,Animalia,Absent from reserve,0,1,1,0.0,0.8466
Codium,Codiums,Plantae,Absent from reserve,0,1,1,0.0,0.8466
Trachurus symmetricus,Pacific Jack Mackerel,Actinopterygii,Absent from reserve,0,1,1,0.0,0.8466
Xanthomendoza,,Fungi,Absent from reserve,0,1,1,0.0,0.8466
Hemimycena lactea,Milky Bonnet,Fungi,Absent from reserve,0,1,1,0.0,0.8466
Hydrophylloideae,"baby blue eyes, Phacelias, and waterleaves",Plantae,Absent from reserve,0,1,1,0.0,0.8466
Marah,Man-roots,Plantae,Absent from reserve,0,1,1,0.0,0.8466
Chondracanthus canaliculatus,Lawn alga,Plantae,Absent from reserve,0,1,1,0.0,0.8466
Physarum album,,Protozoa,Absent from reserve,0,1,1,0.0,0.8466
Heterostichus rostratus,Giant Kelpfish,Actinopterygii,Absent from reserve,0,1,1,0.0,0.8466
Limnodromus,Dowitchers,Aves,Absent from reserve,0,1,1,0.0,0.8466
Melanoplus,North American Spur-throated Grasshoppers,Insecta,Absent from reserve,0,1,1,0.0,0.8466
Thoracophelia,,Animalia,Absent from reserve,0,1,1,0.0,0.8466
Bacillariophyceae,Diatoms,Chromista,Absent from reserve,0,1,1,0.0,0.8466
Stipeae,needlegrasses and allies,Plantae,Absent from reserve,0,1,1,0.0,0.8466
Bibiodes halteralis,,Insecta,Absent from reserve,0,1,1,0.0,0.8466
Agaricus deserticola,Gasteroid Agaricus,Fungi,Absent from reserve,0,1,1,0.0,0.8466
Gymnopilus,rustgills and gyms,Fungi,Absent from reserve,0,1,1,0.0,0.8466
Anomia peruviana,Pearly Jingle,Mollusca,Absent from reserve,0,1,1,0.0,0.8466
Ganoderma,"Artist's Brackets, Reishi, and Allies",Fungi,Absent from reserve,0,1,1,0.0,0.8466
Pholistoma,,Plantae,Absent from reserve,0,1,1,0.0,0.8466
Cyclidiidae,,Chromista,Absent from reserve,0,1,1,0.0,0.8466
Microgastrinae,,Insecta,Absent from reserve,0,1,1,0.0,0.8466
Visceae,viscaceous mistletoes,Plantae,Absent from reserve,0,1,1,0.0,0.8466
Paracerceis,,Animalia,Absent from reserve,0,1,1,0.0,0.8466
Convolvulus,bindweeds,Plantae,Absent from reserve,0,1,1,0.0,0.8466
Doris pickensi,Picken's Dorid,Mollusca,Absent from reserve,0,1,1,0.0,0.8466
Megabalanus,,Animalia,Absent from reserve,0,1,1,0.0,0.8466
Sphaerophoria,Globetails,Insecta,Absent from reserve,0,1,1,0.0,0.8466
Suliformes,"Gannets, Cormorants, and Allies",Aves,Absent from reserve,0,1,1,0.0,0.8466
Asteroidea,Sea Stars,Animalia,Absent from reserve,0,1,1,0.0,0.8466
Amathia verticillata,Spaghetti bryozoan,Animalia,Absent from reserve,0,1,1,0.0,0.8466
Sagmatias obliquidens,Pacific White-sided Dolphin,Mammalia,Absent from reserve,0,1,1,0.0,0.8466
Cochlicella barbara,Small Pointed Snail,Mollusca,Absent from reserve,0,1,1,0.0,0.8466
Dryobates nuttallii,Nuttall's Woodpecker,Aves,Absent from reserve,0,1,1,0.0,0.8466
Anser albifrons,Greater White-fronted Goose,Aves,Absent from reserve,0,1,1,0.0,0.8466
Horistonotus,,Insecta,Absent from reserve,0,1,1,0.0,0.8466
Ammophila aberti,Abert's Thread-waisted Wasp,Insecta,Absent from reserve,0,1,1,0.0,0.8466
Martesiinae,,Mollusca,Absent from reserve,0,1,1,0.0,0.8466
Callianax,,Mollusca,Absent from reserve,0,1,1,0.0,0.8466
Opalia,,Mollusca,Absent from reserve,0,1,1,0.0,0.8466
Danaus plexippus plexippus,Migratory Monarch,Insecta,Absent from reserve,0,1,1,0.0,0.8466
Oxalis californica,California woodsorrel,Plantae,Absent from reserve,0,1,1,0.0,0.8466
Platyrhinoidis triseriata,Thornback Guitarfish,Animalia,Absent from reserve,0,1,1,0.0,0.8466
Leratiomyces percevalii,Mulch Maids,Fungi,Absent from reserve,0,1,1,0.0,0.8466
Megascops kennicottii,Western Screech-Owl,Aves,Absent from reserve,0,1,1,0.0,0.8466
Lumbricidae,Lumbricid Earthworms,Animalia,Absent from reserve,0,1,1,0.0,0.8466
Enterococcus,enterococci,Other,Absent from reserve,0,1,1,0.0,0.8466
Acanthodoris hudsoni,Hudson's Horned Dorid,Mollusca,Absent from reserve,0,1,1,0.0,0.8466
Hirschfeldia,,Plantae,Absent from reserve,0,1,1,0.0,0.8466
Tenellia flavovulta,Yellow-head Aeolid,Mollusca,Absent from reserve,0,1,1,0.0,0.8466
Halichondriidae,,Animalia,Absent from reserve,0,1,1,0.0,0.8466
Rathbunella alleni,Stripefin Ronquil,Actinopterygii,Absent from reserve,0,1,1,0.0,0.8466
Emesaya brevipennis,,Insecta,Absent from reserve,0,1,1,0.0,0.8466
Thryomanes bewickii,Bewick's Wren,Aves,Absent from reserve,0,1,1,0.0,0.8466
Thripinae,,Insecta,Absent from reserve,0,1,1,0.0,0.8466
Chondrus crispus,Irish Moss,Plantae,Absent from reserve,0,1,1,0.0,0.8466
Cephalaspidea,Bubble Snails and Allies,Mollusca,Absent from reserve,0,1,1,0.0,0.8466
Mollusca,Molluscs,Mollusca,Absent from reserve,0,1,1,0.0,0.8466
Tagelus,,Mollusca,Absent from reserve,0,1,1,0.0,0.8466
Lactarius rufus,Rufous Milkcap,Fungi,Absent from reserve,0,1,1,0.0,0.8466
Atractoscion nobilis,White Seabass,Actinopterygii,Absent from reserve,0,1,1,0.0,0.8466
Psilocarphus,Woolly-Marbles,Plantae,Absent from reserve,0,1,1,0.0,0.8466
Aechmophorus,Western and Clark's Grebes,Aves,Absent from reserve,0,1,1,0.0,0.8466
Pandalus,,Animalia,Absent from reserve,0,1,1,0.0,0.8466
Turbonilla,,Mollusca,Absent from reserve,0,1,1,0.0,0.8466
Atrimitra,,Mollusca,Absent from reserve,0,1,1,0.0,0.8466
Scaphopoda,Tusk Shells,Mollusca,Absent from reserve,0,1,1,0.0,0.8466
Scomber japonicus,Pacific Chub Mackerel,Actinopterygii,Absent from reserve,0,1,1,0.0,0.8466
Niambia capensis,African Cape Isopod,Animalia,Absent from reserve,0,1,1,0.0,0.8466
Disphyma,Ice Plant,Plantae,Absent from reserve,0,1,1,0.0,0.8466
Peromyscus,North American Deer Mice,Mammalia,Absent from reserve,0,1,1,0.0,0.8466
Pterotus obscuripennis,Douglas fir glow-worm,Insecta,Absent from reserve,0,1,1,0.0,0.8466
Opuntia × occidentalis,California Pricklypear,Plantae,Absent from reserve,0,1,1,0.0,0.8466
Turdus migratorius,American Robin,Aves,Absent from reserve,0,1,1,0.0,0.8466
Aurelia,Moon Jellies,Animalia,Absent from reserve,0,1,1,0.0,0.8466
Rhinogobiops nicholsii,Blackeye Goby,Actinopterygii,Absent from reserve,0,1,1,0.0,0.8466
Gazania rigens,Trailing Treasureflower,Plantae,Absent from reserve,0,1,1,0.0,0.8466
Anser caerulescens,Snow Goose,Aves,Absent from reserve,0,1,1,0.0,0.8466
Trichocorixa,,Insecta,Absent from reserve,0,1,1,0.0,0.8466
Hipponicidae,Hoof Snails,Mollusca,Absent from reserve,0,1,1,0.0,0.8466
Doto urak,,Mollusca,Absent from reserve,0,1,1,0.0,0.8466
Caliciaceae,Button and Allied Lichens,Fungi,Absent from reserve,0,1,1,0.0,0.8466
Agave shawii,Shaw's Agave,Plantae,Absent from reserve,0,1,1,0.0,0.8466
Valonia ventricosa,sailor's eyeball alga,Plantae,Absent from reserve,0,1,1,0.0,0.8466
Heteroconchia,,Mollusca,Absent from reserve,0,1,1,0.0,0.8466
Corallinophycidae,,Plantae,Absent from reserve,0,1,1,0.0,0.8466
Hydroides gracilis,,Animalia,Absent from reserve,0,1,1,0.0,0.8466
Uropappus,,Plantae,Absent from reserve,0,1,1,0.0,0.8466
Polypodium,polypody ferns,Plantae,Absent from reserve,0,1,1,0.0,0.8466
Pandalus gurneyi,,Animalia,Absent from reserve,0,1,1,0.0,0.8466
Trioza adventicia,Syzygium Leaf Psyllid,Insecta,Absent from reserve,0,1,1,0.0,0.8466
Eudistylia,,Animalia,Absent from reserve,0,1,1,0.0,0.8466
Amphistichus argenteus,Barred Surfperch,Actinopterygii,Absent from reserve,0,1,1,0.0,0.8466
Anseriformes,Waterfowl,Aves,Absent from reserve,0,1,1,0.0,0.8466
Platanus occidentalis,American sycamore,Plantae,Absent from reserve,0,1,1,0.0,0.8466
Eulobus californicus,California primrose,Plantae,Absent from reserve,0,1,1,0.0,0.8466
Phacelia,Scorpionweeds,Plantae,Absent from reserve,0,1,1,0.0,0.8466
Polycarpon tetraphyllum,fourleaf manyseed,Plantae,Absent from reserve,0,1,1,0.0,0.8466
Althaea officinalis,marsh mallow,Plantae,Absent from reserve,0,1,1,0.0,0.8466
Campiglossa picciola,,Insecta,Absent from reserve,0,1,1,0.0,0.8466
Forficula mediterranea,,Insecta,Absent from reserve,0,1,1,0.0,0.8466
Gibbonsia elegans,Spotted Kelpfish,Actinopterygii,Absent from reserve,0,1,1,0.0,0.8466
Paruroctonus silvestrii,California common scorpion,Arachnida,Absent from reserve,0,1,1,0.0,0.8466
Polyclinum,,Animalia,Absent from reserve,0,1,1,0.0,0.8466
Stagmomantis californica,California Mantis,Insecta,Absent from reserve,0,1,1,0.0,0.8466
Prostigmata,Prostigs,Arachnida,Absent from reserve,0,1,1,0.0,0.8466
Stereum ochraceoflavum,,Fungi,Absent from reserve,0,1,1,0.0,0.8466
Clitopilus hobsonii,Miller's oysterling,Fungi,Absent from reserve,0,1,1,0.0,0.8466
Hazardia,,Plantae,Absent from reserve,0,1,1,0.0,0.8466
Selasphorus rufus,Rufous Hummingbird,Aves,Absent from reserve,0,1,1,0.0,0.8466
Synodus lucioceps,California Lizardfish,Actinopterygii,Absent from reserve,0,1,1,0.0,0.8466
Argyrotaenia franciscana,Orange Tortrix Moth,Insecta,Absent from reserve,0,1,1,0.0,0.8466
Cupressaceae,cypress family,Plantae,Absent from reserve,0,1,1,0.0,0.8466
Usnea,beard lichens,Fungi,Absent from reserve,0,1,1,0.0,0.8466
Carangidae,Jacks,Actinopterygii,Absent from reserve,0,1,1,0.0,0.8466
Lottia digitalis,Fingered Limpet Complex,Mollusca,Absent from reserve,0,1,1,0.0,0.8466
Ceramothamnion coulteri,Delicate Sea Lace,Plantae,Absent from reserve,0,1,1,0.0,0.8466
Camissonia,,Plantae,Absent from reserve,0,1,1,0.0,0.8466
Boreolithothamnion phymatodeum,,Plantae,Absent from reserve,0,1,1,0.0,0.8466
Megangulus bodegensis,Bodega Tellin,Mollusca,Absent from reserve,0,1,1,0.0,0.8466
Halictus,Furrow Bees,Insecta,Absent from reserve,0,1,1,0.0,0.8466
Malacalcyonacea,,Animalia,Absent from reserve,0,1,1,0.0,0.8466
Crepidula adunca,Hooked Slippersnail,Mollusca,Absent from reserve,0,1,1,0.0,0.8466
Mugil,Common Mullets,Actinopterygii,Absent from reserve,0,1,1,0.0,0.8466
Antalis,,Mollusca,Absent from reserve,0,1,1,0.0,0.8466
Chasmanthe,Cobralilies,Plantae,Absent from reserve,0,1,1,0.0,0.8466
Sympetrum corruptum,Variegated Meadowhawk,Insecta,Absent from reserve,0,1,1,0.0,0.8466
Ambrosia,Ragweeds,Plantae,Absent from reserve,0,1,1,0.0,0.8466
Brachyura,True Crabs,Animalia,Absent from reserve,0,1,1,0.0,0.8466
Amanita ocreata,Western Destroying Angel,Fungi,Absent from reserve,0,1,1,0.0,0.8466
Mecaphesa,,Arachnida,Absent from reserve,0,1,1,0.0,0.8466
Diadasia,,Insecta,Absent from reserve,0,1,1,0.0,0.8466
Xanthoparmelia cumberlandia,Cumberland Rock Shield,Fungi,Absent from reserve,0,1,1,0.0,0.8466
Phyllodoce medipapillata,,Animalia,Absent from reserve,0,1,1,0.0,0.8466
Prosthiostomidae,,Animalia,Absent from reserve,0,1,1,0.0,0.8466
Bembidion,,Insecta,Absent from reserve,0,1,1,0.0,0.8466
Opuntia microdasys,Bunny Ears Cactus,Plantae,Absent from reserve,0,1,1,0.0,0.8466
Anomura,Anomurans,Animalia,Absent from reserve,0,1,1,0.0,0.8466
Dermacentor variabilis,American Dog Tick,Arachnida,Absent from reserve,0,1,1,0.0,0.8466
Didelphis virginiana,Virginia Opossum,Mammalia,Absent from reserve,0,1,1,0.0,0.8466
Betaeus,,Animalia,Absent from reserve,0,1,1,0.0,0.8466
Chaenactis glabriuscula,Common Yellow Chaenactis,Plantae,Absent from reserve,0,1,1,0.0,0.8466
Autographa californica,Alfalfa Looper,Insecta,Absent from reserve,0,1,1,0.0,0.8466
Ophlitaspongiinae,,Animalia,Absent from reserve,0,1,1,0.0,0.8466
Ophelimus,,Insecta,Absent from reserve,0,1,1,0.0,0.8466
Homoeosoma,,Insecta,Absent from reserve,0,1,1,0.0,0.8466
Atherinopsis californiensis,Jack Silverside,Actinopterygii,Absent from reserve,0,1,1,0.0,0.8466
Chlorophyllum molybdites,Green-spored Parasol,Fungi,Absent from reserve,0,1,1,0.0,0.8466
Erigeron sumatrensis,tropical horseweed,Plantae,Absent from reserve,0,1,1,0.0,0.8466
Maxwellia gemma,Gem Murex,Mollusca,Absent from reserve,0,1,1,0.0,0.8466
Dolichopodidae,Long-legged Flies,Insecta,Absent from reserve,0,1,1,0.0,0.8466
Ricinus communis,castor bean,Plantae,Absent from reserve,0,1,1,0.0,0.8466
Hedera helix,common ivy,Plantae,Absent from reserve,0,1,1,0.0,0.8466
Naemia seriata,Seaside Lady Beetle,Insecta,Absent from reserve,0,1,1,0.0,0.8466
Porichthys myriaster,Specklefin Midshipman,Actinopterygii,Absent from reserve,0,1,1,0.0,0.8466
Camponotus fragilis,,Insecta,Absent from reserve,0,1,1,0.0,0.8466
Petrospongium rugosum,,Chromista,Absent from reserve,0,1,1,0.0,0.8466
Gutierrezia californica,California matchweed,Plantae,Absent from reserve,0,1,1,0.0,0.8466
Naticidae,Moon Snails,Mollusca,Absent from reserve,0,1,1,0.0,0.8466
Chthamalidae,Chthamalid Barnacles,Animalia,Absent from reserve,0,1,1,0.0,0.8466
Usnea rubicunda,Red Beard Lichen,Fungi,Absent from reserve,0,1,1,0.0,0.8466
Phidippus insignarius,,Arachnida,Absent from reserve,0,1,1,0.0,0.8466
Rhinacloa forticornis,Western Plant Bug,Insecta,Absent from reserve,0,1,1,0.0,0.8466
Grammica,Cuscuta subgen. Grammica,Plantae,Absent from reserve,0,1,1,0.0,0.8466
Dragmacidon mexicanum,Mexican Dragmacidon,Animalia,Absent from reserve,0,1,1,0.0,0.8466
Chama,,Mollusca,Absent from reserve,0,1,1,0.0,0.8466
Bembix,,Insecta,Absent from reserve,0,1,1,0.0,0.8466
Vinealobryum vineale,Soft-tufted Beard-moss,Plantae,Absent from reserve,0,1,1,0.0,0.8466
Dagbertus,,Insecta,Absent from reserve,0,1,1,0.0,0.8466
Proseriata,Proseriate Flatworms,Animalia,Absent from reserve,0,1,1,0.0,0.8466
Uroleucon,Large Daisy Aphids,Insecta,Absent from reserve,0,1,1,0.0,0.8466
Encelia farinosa × californica,California brittlebush hybrid,Plantae,Absent from reserve,0,1,1,0.0,0.8466
Seriola lalandi,Yellowtail Kingfish,Actinopterygii,Absent from reserve,0,1,1,0.0,0.8466
Celleporidae,,Animalia,Absent from reserve,0,1,1,0.0,0.8466
Idoteidae,Common Valvetails,Animalia,Absent from reserve,0,1,1,0.0,0.8466
Bittium,Needle-whelks,Mollusca,Absent from reserve,0,1,1,0.0,0.8466
Perciformes,"Perches, Scorpionfishes, Sticklebacks, and Allies",Actinopterygii,Absent from reserve,0,1,1,0.0,0.8466
Cuterebra,Glire Bot Flies,Insecta,Absent from reserve,0,1,1,0.0,0.8466
Teloschistaceae,"sunburst lichens, firedots, and allies",Fungi,Absent from reserve,0,1,1,0.0,0.8466
Aplousobranchia,,Animalia,Absent from reserve,0,1,1,0.0,0.8466
Acanthodoris lutea,Sandalwood Dorid,Mollusca,Absent from reserve,0,1,1,0.0,0.8466
Abronia,sand verbenas,Plantae,Absent from reserve,0,1,1,0.0,0.8466
Melissodes tepidus,,Insecta,Absent from reserve,0,1,1,0.0,0.8466
Chaetomorpha,,Plantae,Absent from reserve,0,1,1,0.0,0.8466
Hypsoblennius,,Actinopterygii,Absent from reserve,0,1,1,0.0,0.8466
Arenaria melanocephala,Black Turnstone,Aves,Absent from reserve,0,1,1,0.0,0.8466
Convolvuleae,Bindweed Tribe,Plantae,Absent from reserve,0,1,1,0.0,0.8466
Pseudognaphalium microcephalum,Feltleaf Everlasting,Plantae,Absent from reserve,0,1,1,0.0,0.8466
Senticaudata,,Animalia,Absent from reserve,0,1,1,0.0,0.8466
Anteaeolidiella chromosoma,Colorful Aeolid,Mollusca,Absent from reserve,0,1,1,0.0,0.8466
Cicindelidia hemorrhagica,Wetsalts Tiger Beetle,Insecta,Absent from reserve,0,1,1,0.0,0.8466
Stelgidopteryx serripennis,Northern Rough-winged Swallow,Aves,Absent from reserve,0,1,1,0.0,0.8466
Helicoidea,,Mollusca,Absent from reserve,0,1,1,0.0,0.8466
Lepadidae,Goose Barnacles,Animalia,Absent from reserve,0,1,1,0.0,0.8466
Phthiriinae,,Insecta,Absent from reserve,0,1,1,0.0,0.8466
Tricholoma terreum,Grey Knight,Fungi,Absent from reserve,0,1,1,0.0,0.8466
Cadlina limbaughorum,Limbaugh's Cadlina,Mollusca,Absent from reserve,0,1,1,0.0,0.8466
Parasola auricoma,goldenhaired inkcap,Fungi,Absent from reserve,0,1,1,0.0,0.8466
Festuca,Fescues,Plantae,Absent from reserve,0,1,1,0.0,0.8466
Dryadaula terpsichorella,Hawaiian Dancing Moth,Insecta,Absent from reserve,0,1,1,0.0,0.8466
Limnophorini,,Insecta,Absent from reserve,0,1,1,0.0,0.8466
Paeonia californica,California Peony,Plantae,Absent from reserve,0,1,1,0.0,0.8466
Salicornioideae,,Plantae,Absent from reserve,0,1,1,0.0,0.8466
Cuscuta pacifica pacifica,,Plantae,Absent from reserve,0,1,1,0.0,0.8466
Oscillatoria,,Other,Absent from reserve,0,1,1,0.0,0.8466
Apioideae,,Plantae,Absent from reserve,0,1,1,0.0,0.8466
Solenopsis molesta,Molesta-group Thief Ants,Insecta,Absent from reserve,0,1,1,0.0,0.8466
Maldanidae,bamboo worms,Animalia,Absent from reserve,0,1,1,0.0,0.8466
Papaver californicum,fire poppy,Plantae,Absent from reserve,0,1,1,0.0,0.8466
Prosthiostomum latocelis,,Animalia,Absent from reserve,0,1,1,0.0,0.8466
Platynota stultana,Omnivorous Leafroller Moth,Insecta,Absent from reserve,0,1,1,0.0,0.8466
Anas platyrhynchos domesticus,Domestic Mallard,Aves,Absent from reserve,0,1,1,0.0,0.8466
Pugettia,,Animalia,Absent from reserve,0,1,1,0.0,0.8466
Epilobium canum,California fuchsia,Plantae,Absent from reserve,0,1,1,0.0,0.8466
Nudipleura,,Mollusca,Absent from reserve,0,1,1,0.0,0.8466
Aedes taeniorhynchus,Black Saltmarsh Mosquito,Insecta,Absent from reserve,0,1,1,0.0,0.8466
Lithothamnion californicum,,Plantae,Absent from reserve,0,1,1,0.0,0.8466
Elateridae,Click Beetles,Insecta,Absent from reserve,0,1,1,0.0,0.8466
Archaeognatha,Bristletails,Insecta,Absent from reserve,0,1,1,0.0,0.8466
Ptinus,,Insecta,Absent from reserve,0,1,1,0.0,0.8466
Cymatogaster,,Actinopterygii,Absent from reserve,0,1,1,0.0,0.8466
Anthracinae,,Insecta,Absent from reserve,0,1,1,0.0,0.8466
Parmelia,shield lichens,Fungi,Absent from reserve,0,1,1,0.0,0.8466
Portunoidea,Swimming Crabs and Allies,Animalia,Absent from reserve,0,1,1,0.0,0.8466
Excirolana,,Animalia,Absent from reserve,0,1,1,0.0,0.8466
Crepipatella,Half-slipper Snails,Mollusca,Absent from reserve,0,1,1,0.0,0.8466
Bipalium kewense,Shovel-headed Garden Worm,Animalia,Absent from reserve,0,1,1,0.0,0.8466
Capsella bursa-pastoris,shepherd's-purse,Plantae,Absent from reserve,0,1,1,0.0,0.8466
Oecanthus,Common Tree Crickets,Insecta,Absent from reserve,0,1,1,0.0,0.8466
Leucaniini,Wainscot Moths,Insecta,Absent from reserve,0,1,1,0.0,0.8466
Thalictroideae,Columbines and Meadow-Rues,Plantae,Absent from reserve,0,1,1,0.0,0.8466
Doriopsilla fulva,White-speckled Dorid,Mollusca,Absent from reserve,0,1,1,0.0,0.8466
Hypnea,,Plantae,Absent from reserve,0,1,1,0.0,0.8466
Prunus virginiana,chokecherry,Plantae,Absent from reserve,0,1,1,0.0,0.8466
Fissidens,pocket mosses,Plantae,Absent from reserve,0,1,1,0.0,0.8466
Pelochrista,Pelochrista Moths,Insecta,Absent from reserve,0,1,1,0.0,0.8466
Tringa semipalmata inornata,Western Willet,Aves,Absent from reserve,0,1,1,0.0,0.8466
Megalorchestia californiana,California Beach Flea,Animalia,Absent from reserve,0,1,1,0.0,0.8466
Thyridanthrax,,Insecta,Absent from reserve,0,1,1,0.0,0.8466
Oloptum miliaceum,Smilo Grass,Plantae,Absent from reserve,0,1,1,0.0,0.8466
Euechinoidea,sea urchins,Animalia,Absent from reserve,0,1,1,0.0,0.8466
Urocyon,Gray Foxes,Mammalia,Absent from reserve,0,1,1,0.0,0.8466
Faboideae,,Plantae,Absent from reserve,0,1,1,0.0,0.8466
Deroceras laeve,Meadow Slug,Mollusca,Absent from reserve,0,1,1,0.0,0.8466
Clogmia albipunctata,Bathroom Moth Fly,Insecta,Absent from reserve,0,1,1,0.0,0.8466
Cyathus olla,field bird's nest fungus,Fungi,Absent from reserve,0,1,1,0.0,0.8466
Scyphophorus acupunctatus,Sisal Weevil,Insecta,Absent from reserve,0,1,1,0.0,0.8466
Leucauge,Orchard Spiders and Allies,Arachnida,Absent from reserve,0,1,1,0.0,0.8466
Facciolella equatorialis,Dogface Witch Eel,Actinopterygii,Absent from reserve,0,1,1,0.0,0.8466
Telmatogeton,Seaweed Midges,Insecta,Absent from reserve,0,1,1,0.0,0.8466
Atherinopsinae,,Actinopterygii,Absent from reserve,0,1,1,0.0,0.8466
Clematis pauciflora,Southern California clematis,Plantae,Absent from reserve,0,1,1,0.0,0.8466
Polyommatinae,Blues,Insecta,Absent from reserve,0,1,1,0.0,0.8466
Calliphoridae,Blow Flies,Insecta,Absent from reserve,0,1,1,0.0,0.8466
Tremella mesenterica,witch's butter,Fungi,Absent from reserve,0,1,1,0.0,0.8466
Pterygophora californica,stalked kelp,Chromista,Absent from reserve,0,1,1,0.0,0.8466
Myxarium nucleatum,Crystal Brain Fungus,Fungi,Absent from reserve,0,1,1,0.0,0.8466
Amaniteae,,Fungi,Absent from reserve,0,1,1,0.0,0.8466
Doridoidei,,Mollusca,Absent from reserve,0,1,1,0.0,0.8466
Cimicomorpha,Cimicomorph Bugs,Insecta,Absent from reserve,0,1,1,0.0,0.8466
Leptogorgia chilensis,red gorgonian,Animalia,Absent from reserve,0,1,1,0.0,0.8466
Gerrini,,Insecta,Absent from reserve,0,1,1,0.0,0.8466
Gastroclonium compressum,,Plantae,Absent from reserve,0,1,1,0.0,0.8466
Glomeratae,Section Glomeratae,Plantae,Absent from reserve,0,1,1,0.0,0.8466
Armadillidium vulgare,Common Pill Woodlouse,Animalia,Absent from reserve,0,1,1,0.0,0.8466
Eubrachyura,Eubrachyuran Crabs,Animalia,Absent from reserve,0,1,1,0.0,0.8466
Stachys ajugoides,Bugle Hedgenettle,Plantae,Absent from reserve,0,1,1,0.0,0.8466
Cyperus alternifolius flabelliformis,Umbrella papyrus,Plantae,Absent from reserve,0,1,1,0.0,0.8466
Brachythecium,,Plantae,Absent from reserve,0,1,1,0.0,0.8466
Ardeidae,"Herons, Egrets, and Bitterns",Aves,Absent from reserve,0,1,1,0.0,0.8466
Melanoplus cinereus,Gray Sagebrush Grasshopper,Insecta,Absent from reserve,0,1,1,0.0,0.8466
Hordeum,Barleys,Plantae,Absent from reserve,0,1,1,0.0,0.8466
Targionia hypophylla,Orobus-seed Liverwort,Plantae,Absent from reserve,0,1,1,0.0,0.8466
Parapholis incurva,Sickle Grass,Plantae,Absent from reserve,0,1,1,0.0,0.8466
Spirulina,,Other,Absent from reserve,0,1,1,0.0,0.8466
Armadilloniscus lindahli,California Pilling Driftclinger,Animalia,Absent from reserve,0,1,1,0.0,0.8466
Polycauliona,,Fungi,Absent from reserve,0,1,1,0.0,0.8466
Engraulidae,Anchovies,Actinopterygii,Absent from reserve,0,1,1,0.0,0.8466
Bovista plumbea,Lead-grey Puffball,Fungi,Absent from reserve,0,1,1,0.0,0.8466
Plutella,,Insecta,Absent from reserve,0,1,1,0.0,0.8466
Compsocryptus,,Insecta,Absent from reserve,0,1,1,0.0,0.8466
Amathia distans,,Animalia,Absent from reserve,0,1,1,0.0,0.8466
Phidippus phoenix,Phoenix Jumping Spider,Arachnida,Absent from reserve,0,1,1,0.0,0.8466
Coenosia tigrina,Common Tiger Fly,Insecta,Absent from reserve,0,1,1,0.0,0.8466
Venerida,,Mollusca,Absent from reserve,0,1,1,0.0,0.8466
Ceratopogonidae,Biting Midges,Insecta,Absent from reserve,0,1,1,0.0,0.8466
Paralichthys californicus,California Halibut,Actinopterygii,Absent from reserve,0,1,1,0.0,0.8466
Clastopteridae,Clastopterid Spittlebugs,Insecta,Absent from reserve,0,1,1,0.0,0.8466
Ampullariidae,Apple Snails,Mollusca,Absent from reserve,0,1,1,0.0,0.8466
Diplosoma,,Animalia,Absent from reserve,0,1,1,0.0,0.8466
Spirorbinae,Spiral Tube Worms,Animalia,Absent from reserve,0,1,1,0.0,0.8466
Hygrophorus roseobrunneus,Rosy Brown Waxy Cap,Fungi,Absent from reserve,0,1,1,0.0,0.8466
Virgularia,,Animalia,Absent from reserve,0,1,1,0.0,0.8466
Theba pisana,White Italian Snail,Mollusca,Absent from reserve,0,1,1,0.0,0.8466
Zelotes,,Arachnida,Absent from reserve,0,1,1,0.0,0.8466
Malacothamnus,bushmallows,Plantae,Absent from reserve,0,1,1,0.0,0.8466
Brachyiulus,Short Snake Millipedes,Animalia,Absent from reserve,0,1,1,0.0,0.8466
Piscicolidae,,Animalia,Absent from reserve,0,1,1,0.0,0.8466
Janthina umbilicata,Elongated Violet Snail,Mollusca,Absent from reserve,0,1,1,0.0,0.8466
Aechmophorus clarkii,Clark's Grebe,Aves,Absent from reserve,0,1,1,0.0,0.8466
Parasola conopilea,conical brittlestem,Fungi,Absent from reserve,0,1,1,0.0,0.8466
Plegadis chihi,White-faced Ibis,Aves,Absent from reserve,0,1,1,0.0,0.8466
Scaeva affinis,White-bowed Smoothwing,Insecta,Absent from reserve,0,1,1,0.0,0.8466
Chrysoperla,Common Green Lacewings,Insecta,Absent from reserve,0,1,1,0.0,0.8466
Poecilanthrax arethusa,,Insecta,Absent from reserve,0,1,1,0.0,0.8466
Sisymbrium officinale,Hedge mustard,Plantae,Absent from reserve,0,1,1,0.0,0.8466
Clarkia purpurea quadrivulnera,four-spot,Plantae,Absent from reserve,0,1,1,0.0,0.8466
Leptosyne,,Plantae,Absent from reserve,0,1,1,0.0,0.8466
Sabellidae,Feather Duster Worms,Animalia,Absent from reserve,0,1,1,0.0,0.8466
Lissothuria nutriens,Dwarf Sea Cucumber,Animalia,Absent from reserve,0,1,1,0.0,0.8466
Sarcophagidae,Flesh Flies and Satellite Flies,Insecta,Absent from reserve,0,1,1,0.0,0.8466
Copepoda,Copepods,Animalia,Absent from reserve,0,1,1,0.0,0.8466
Stigmella prunifoliella,,Insecta,Absent from reserve,0,1,1,0.0,0.8466
Ostrea,Flat Oysters,Mollusca,Absent from reserve,0,1,1,0.0,0.8466
Canacina,,Insecta,Absent from reserve,0,1,1,0.0,0.8466
Mythimna unipuncta,White-speck Moth,Insecta,Absent from reserve,0,1,1,0.0,0.8466
Clastoptera,,Insecta,Absent from reserve,0,1,1,0.0,0.8466
Malacothrix foliosa,Leafy Desertdandelion,Plantae,Absent from reserve,0,1,1,0.0,0.8466
Primavelans,fluted bryozoans,Animalia,Absent from reserve,0,1,1,0.0,0.8466
Brassicogethes,,Insecta,Absent from reserve,0,1,1,0.0,0.8466
Larinae,Gulls,Aves,Absent from reserve,0,1,1,0.0,0.8466
Bryopsida,Joint-toothed Mosses,Plantae,Absent from reserve,0,1,1,0.0,0.8466
Syngnathus auliscus,Barred Pipefish,Actinopterygii,Absent from reserve,0,1,1,0.0,0.8466
Myliobatiformes,Stingrays,Animalia,Absent from reserve,0,1,1,0.0,0.8466
Gamochaeta stagnalis,Desert Cudweed,Plantae,Absent from reserve,0,1,1,0.0,0.8466
Trifolieae,,Plantae,Absent from reserve,0,1,1,0.0,0.8466
Cicindelidia,,Insecta,Absent from reserve,0,1,1,0.0,0.8466
Fissurellidea bimaculata,Two-spotted Keyhole Limpet,Mollusca,Absent from reserve,0,1,1,0.0,0.8466
Lactarius rubidus,Candy Cap,Fungi,Absent from reserve,0,1,1,0.0,0.8466
Armina californica,Striped Nudibranch,Mollusca,Absent from reserve,0,1,1,0.0,0.8466
Deinandra paniculata,San Diego Tarweed,Plantae,Absent from reserve,0,1,1,0.0,0.8466
Ardeinae,Typical Herons and Egrets,Aves,Absent from reserve,0,1,1,0.0,0.8466
Geukensia demissa,Atlantic Ribbed Mussel,Mollusca,Absent from reserve,0,1,1,0.0,0.8466
Vanessa atalanta rubria,American Red Admiral,Insecta,Absent from reserve,0,1,1,0.0,0.8466
Ceratodoris rosacea,Hopkins' Rose Nudibranch,Mollusca,Absent from reserve,0,1,1,0.0,0.8466
Myrmecocystus wheeleri,Wheeler’s Honeypot Ant,Insecta,Absent from reserve,0,1,1,0.0,0.8466
Lycium andersonii,Anderson Thornbush,Plantae,Absent from reserve,0,1,1,0.0,0.8466
Elliptochloris marina,,Plantae,Absent from reserve,0,1,1,0.0,0.8466
Argopecten,,Mollusca,Absent from reserve,0,1,1,0.0,0.8466
Riccia,Crystalworts,Plantae,Absent from reserve,0,1,1,0.0,0.8466
Copestylum,Bromeliad Flies,Insecta,Absent from reserve,0,1,1,0.0,0.8466
Magallana,,Mollusca,Absent from reserve,0,1,1,0.0,0.8466
Symmoca,,Insecta,Absent from reserve,0,1,1,0.0,0.8466
Lupinus latifolius,Broadleaf Lupine,Plantae,Absent from reserve,0,1,1,0.0,0.8466
Paralithodes californiensis,California king crab,Animalia,Absent from reserve,0,1,1,0.0,0.8466
Squamata,Snakes and Lizards,Reptilia,Absent from reserve,0,1,1,0.0,0.8466
Parmotrema reticulatum,Black Sheet Lichen,Fungi,Absent from reserve,0,1,1,0.0,0.8466
Otariidae,Eared Seals,Mammalia,Absent from reserve,0,1,1,0.0,0.8466
Neoclinus blanchardi,Sarcastic Fringehead,Actinopterygii,Absent from reserve,0,1,1,0.0,0.8466
Gymnopus dryophilus,Oak-loving Gymnopus,Fungi,Absent from reserve,0,1,1,0.0,0.8466
Rostanga,,Mollusca,Absent from reserve,0,1,1,0.0,0.8466
Thoracotremata,Thoracotrematan Crabs,Animalia,Absent from reserve,0,1,1,0.0,0.8466
Marasmius albogriseus,,Fungi,Absent from reserve,0,1,1,0.0,0.8466
Cucullia,Hooded Owlets,Insecta,Absent from reserve,0,1,1,0.0,0.8466
Sicyonia penicillata,peanut rock shrimp,Animalia,Absent from reserve,0,1,1,0.0,0.8466
Hydrophorini,,Insecta,Absent from reserve,0,1,1,0.0,0.8466
Paraphrosylus,,Insecta,Absent from reserve,0,1,1,0.0,0.8466
Smicronyx,,Insecta,Absent from reserve,0,1,1,0.0,0.8466
Tropaeolum majus,garden nasturtium,Plantae,Absent from reserve,0,1,1,0.0,0.8466
Lucilia cuprina,Australian Sheep Blow Fly,Insecta,Absent from reserve,0,1,1,0.0,0.8466
Corixidae,Water Boatmen,Insecta,Absent from reserve,0,1,1,0.0,0.8466
Tamarix chinensis,,Plantae,Absent from reserve,0,1,1,0.0,0.8466
Platyedra subcinerea,Cotton stem moth,Insecta,Absent from reserve,0,1,1,0.0,0.8466
Lottia scutum,Plate Limpet,Mollusca,Absent from reserve,0,1,1,0.0,0.8466
Platyedra,,Insecta,Absent from reserve,0,1,1,0.0,0.8466
Salsola australis,Southern Russian Thistle,Plantae,Absent from reserve,0,1,1,0.0,0.8466
Aspidoscelis hyperythrus,Orange-throated Whiptail,Reptilia,Absent from reserve,0,1,1,0.0,0.8466
Pinnixa barnharti,Cucumber Pea Crab,Animalia,Absent from reserve,0,1,1,0.0,0.8466
Festuca myuros,rattail sixweeks grass,Plantae,Absent from reserve,0,1,1,0.0,0.8466
Sanicula,sanicles,Plantae,Absent from reserve,0,1,1,0.0,0.8466
Maeridae,,Animalia,Absent from reserve,0,1,1,0.0,0.8466
Stereolepis,Giant Sea Basses,Actinopterygii,Absent from reserve,0,1,1,0.0,0.8466
Doriopsilla,,Mollusca,Absent from reserve,0,1,1,0.0,0.8466
Noctuoidea,Owlet Moths and Allies,Insecta,Absent from reserve,0,1,1,0.0,0.8466
Enchiridium punctatum,,Animalia,Absent from reserve,0,1,1,0.0,0.8466
Fissurella,,Mollusca,Absent from reserve,0,1,1,0.0,0.8466
Diadumene lineata,Striped Green Sea Anemone,Animalia,Absent from reserve,0,1,1,0.0,0.8466
Hellula,,Insecta,Absent from reserve,0,1,1,0.0,0.8466
Pentacora signoreti,,Insecta,Absent from reserve,0,1,1,0.0,0.8466
Dactylopius confusus,American cochineal bug,Insecta,Absent from reserve,0,1,1,0.0,0.8466
Tremellaceae,,Fungi,Absent from reserve,0,1,1,0.0,0.8466
Argyrotaenia,,Insecta,Absent from reserve,0,1,1,0.0,0.8466
Polytrichaceae,Haircap Moss Family,Plantae,Absent from reserve,0,1,1,0.0,0.8466
Stenoplax heathiana,Heath's Chiton,Mollusca,Absent from reserve,0,1,1,0.0,0.8466
Phylloscypha phyllogena,Common Brown Cup,Fungi,Absent from reserve,0,1,1,0.0,0.8466
Aphanisma blitoides,San Diego Coastal-Creeper,Plantae,Absent from reserve,0,1,1,0.0,0.8466
Balanus crenatus,Wrinkled Barnacle,Animalia,Absent from reserve,0,1,1,0.0,0.8466
Iris oratoria,Mediterranean Mantis,Insecta,Absent from reserve,0,1,1,0.0,0.8466
Petrospongium,,Chromista,Absent from reserve,0,1,1,0.0,0.8466
Turritella cooperi,Cooper's Turret,Mollusca,Absent from reserve,0,1,1,0.0,0.8466
Melissodes,,Insecta,Absent from reserve,0,1,1,0.0,0.8466
Empidonax difficilis,Western Flycatcher,Aves,Absent from reserve,0,1,1,0.0,0.8466
Euschistus,Brown Stink Bugs,Insecta,Absent from reserve,0,1,1,0.0,0.8466
Trogidae,Keratin Beetles,Insecta,Absent from reserve,0,1,1,0.0,0.8466
Blattoidea,Typical Cockroaches and Termites,Insecta,Absent from reserve,0,1,1,0.0,0.8466
Rhamnus ilicifolia,hollyleaf redberry,Plantae,Absent from reserve,0,1,1,0.0,0.8466
Bothriocyrtum californicum,California Trapdoor Spider,Arachnida,Absent from reserve,0,1,1,0.0,0.8466
Chlorophyllum,,Fungi,Absent from reserve,0,1,1,0.0,0.8466
Tellinidae,Tellins and Allies,Mollusca,Absent from reserve,0,1,1,0.0,0.8466
Dermacentor,Dog Ticks,Arachnida,Absent from reserve,0,1,1,0.0,0.8466
Solanaceae,nightshade family,Plantae,Absent from reserve,0,1,1,0.0,0.8466
Celleporaria,,Animalia,Absent from reserve,0,1,1,0.0,0.8466
Epialtidae,Kelp Crabs,Animalia,Absent from reserve,0,1,1,0.0,0.8466
Argyropelecus sladeni,Lowcrest Hatchetfish,Actinopterygii,Absent from reserve,0,1,1,0.0,0.8466
Pareurythoe,,Animalia,Absent from reserve,0,1,1,0.0,0.8466
Bombus,Bumble Bees,Insecta,Absent from reserve,0,1,1,0.0,0.8466
Ascalapha odorata,Black Witch,Insecta,Absent from reserve,0,1,1,0.0,0.8466
Pholistoma membranaceum,white fiesta flower,Plantae,Absent from reserve,0,1,1,0.0,0.8466
Bossiella californica,,Plantae,Absent from reserve,0,1,1,0.0,0.8466
Mentha,mints,Plantae,Absent from reserve,0,1,1,0.0,0.8466
Podilymbus podiceps,Pied-billed Grebe,Aves,Absent from reserve,0,1,1,0.0,0.8466
Citharichthys sordidus,Pacific Sanddab,Actinopterygii,Absent from reserve,0,1,1,0.0,0.8466
Kellia,Kellyclams,Mollusca,Absent from reserve,0,1,1,0.0,0.8466
Acanthodoris rhodoceras,Black and White Dorid,Mollusca,Absent from reserve,0,1,1,0.0,0.8466
Aythya marila,Greater Scaup,Aves,Absent from reserve,0,1,1,0.0,0.8466
Phrontis,,Mollusca,Absent from reserve,0,1,1,0.0,0.8466
Stagmomantis,,Insecta,Absent from reserve,0,1,1,0.0,0.8466
Lepas anatifera,Pelagic Gooseneck Barnacle,Animalia,Absent from reserve,0,1,1,0.0,0.8466
Araucaria columnaris,Cook pine,Plantae,Absent from reserve,0,1,1,0.0,0.8466
Hirundo rustica,Barn Swallow,Aves,Absent from reserve,0,1,1,0.0,0.8466
Diadumene,,Animalia,Absent from reserve,0,1,1,0.0,0.8466
Hazardia squarrosa,saw-toothed goldenbush,Plantae,Absent from reserve,0,1,1,0.0,0.8466
Acarospora schleicheri,Soil Paint Lichen,Fungi,Absent from reserve,0,1,1,0.0,0.8466
Anthopleura xanthogrammica,Giant Green Anemone,Animalia,Absent from reserve,0,1,1,0.0,0.8466
Peracarida,"Amphipods, Isopods, and Allies",Animalia,Absent from reserve,0,1,1,0.0,0.8466
Fomitopsidaceae,Bracket Polypores,Fungi,Absent from reserve,0,1,1,0.0,0.8466
Crepidotus,Oysterlings,Fungi,Absent from reserve,0,1,1,0.0,0.8466
Stercorarius pomarinus,Pomarine Jaeger,Aves,Absent from reserve,0,1,1,0.0,0.8466
Fiona pinnata,Feather Aeolid,Mollusca,Absent from reserve,0,1,1,0.0,0.8466
Simomactra planulata,Flat Surfclam,Mollusca,Absent from reserve,0,1,1,0.0,0.8466
Gnorimoschema,,Insecta,Absent from reserve,0,1,1,0.0,0.8466
Trachemys scripta elegans,Red-eared Slider,Reptilia,Absent from reserve,0,1,1,0.0,0.8466
Laurencia gardneri,,Plantae,Absent from reserve,0,1,1,0.0,0.8466
Ammospiza nelsoni nelsoni,Interior Nelson’s Sparrow,Aves,Absent from reserve,0,1,1,0.0,0.8466
Russula rhodocephala,Redhead Russula,Fungi,Absent from reserve,0,1,1,0.0,0.8466
Sabiniana,,Plantae,Absent from reserve,0,1,1,0.0,0.8466
Dasymutilla californica,,Insecta,Absent from reserve,0,1,1,0.0,0.8466
Lepidopa californica,California Mole Crab,Animalia,Absent from reserve,0,1,1,0.0,0.8466
Festuca octoflora,sixweeks grass,Plantae,Absent from reserve,0,1,1,0.0,0.8466
Helminthoglypta tudiculata,Southern California Shoulderband,Mollusca,Absent from reserve,0,1,1,0.0,0.8466
Nyia gazophylax,,Insecta,Absent from reserve,0,1,1,0.0,0.8466
Circus hudsonius,Northern Harrier,Aves,Absent from reserve,0,1,1,0.0,0.8466
Carpobrotus acinaciformis,Sally-my-handsome,Plantae,Absent from reserve,0,1,1,0.0,0.8466
Oecobius,Wall Spiders,Arachnida,Absent from reserve,0,1,1,0.0,0.8466
Stachys,Hedgenettles,Plantae,Absent from reserve,0,1,1,0.0,0.8466
Lottia pelta,Shield Limpet,Mollusca,Absent from reserve,0,1,1,0.0,0.8466
Brosmophycis marginata,Red Brotula,Actinopterygii,Absent from reserve,0,1,1,0.0,0.8466
Styela montereyensis,Long-stalked Sea Squirt,Animalia,Absent from reserve,0,1,1,0.0,0.8466
Trupanea nigricornis,,Insecta,Absent from reserve,0,1,1,0.0,0.8466
Pyraloidea,Pyralid and Crambid Snout Moths,Insecta,Absent from reserve,0,1,1,0.0,0.8466
Nacellida,,Mollusca,Absent from reserve,0,1,1,0.0,0.8466
Dendrographa,,Fungi,Absent from reserve,0,1,1,0.0,0.8466
Clepsis peritana,Garden Tortrix,Insecta,Absent from reserve,0,1,1,0.0,0.8466
Hemimycena,,Fungi,Absent from reserve,0,1,1,0.0,0.8466
Modiolus capax,Fat Horse Mussel,Mollusca,Absent from reserve,0,1,1,0.0,0.8466
Amydria,,Insecta,Absent from reserve,0,1,1,0.0,0.8466
Trachynia,purple false-bromes,Plantae,Absent from reserve,0,1,1,0.0,0.8466
Balanoidea,,Animalia,Absent from reserve,0,1,1,0.0,0.8466
Thinopinus,,Insecta,Absent from reserve,0,1,1,0.0,0.8466
Lonchaeini,,Insecta,Absent from reserve,0,1,1,0.0,0.8466
Culicinae,Culicine Mosquitoes,Insecta,Absent from reserve,0,1,1,0.0,0.8466
Orphulella pelidna,Spotted-winged Grasshopper,Insecta,Absent from reserve,0,1,1,0.0,0.8466
Xanthium strumarium,rough cocklebur,Plantae,Absent from reserve,0,1,1,0.0,0.8466
Xanthoidea,Xanthoid Crabs,Animalia,Absent from reserve,0,1,1,0.0,0.8466
Calloporidae,,Animalia,Absent from reserve,0,1,1,0.0,0.8466
Passerellidae,New World Sparrows,Aves,Absent from reserve,0,1,1,0.0,0.8466
Artiodactyla,Even-toed Ungulates and Cetaceans,Mammalia,Absent from reserve,0,1,1,0.0,0.8466
Pseudocerotidae,,Animalia,Absent from reserve,0,1,1,0.0,0.8466
Penitella penita,Flat-tip Piddock,Mollusca,Absent from reserve,0,1,1,0.0,0.8466
Botaurus lentiginosus,American Bittern,Aves,Absent from reserve,0,1,1,0.0,0.8466
Cercopoidea,Spittlebugs and Froghoppers,Insecta,Absent from reserve,0,1,1,0.0,0.8466
Tarletonbeania crenularis,Blue Lanternfish,Actinopterygii,Absent from reserve,0,1,1,0.0,0.8466
Spirobolidea,,Animalia,Absent from reserve,0,1,1,0.0,0.8466
Brickellia californica,California Brickellbush,Plantae,Absent from reserve,0,1,1,0.0,0.8466
Doto,,Mollusca,Absent from reserve,0,1,1,0.0,0.8466
Strachiini,,Insecta,Absent from reserve,0,1,1,0.0,0.8466
Portunidae,Swimming Crabs,Animalia,Absent from reserve,0,1,1,0.0,0.8466
Tenellia albocrusta,White-crusted Aeolid,Mollusca,Absent from reserve,0,1,1,0.0,0.8466
Corthylio calendula,Ruby-crowned Kinglet,Aves,Absent from reserve,0,1,1,0.0,0.8466
Platanus,planes,Plantae,Absent from reserve,0,1,1,0.0,0.8466
Cumanotus,,Mollusca,Absent from reserve,0,1,1,0.0,0.8466
Armillaria mellea,Honey Mushroom,Fungi,Absent from reserve,0,1,1,0.0,0.8466
Mustelus californicus,Gray Smooth-hound,Animalia,Absent from reserve,0,1,1,0.0,0.8466
Scudderia mexicana,Mexican Bush Katydid,Insecta,Absent from reserve,0,1,1,0.0,0.8466
Cladophora glomerata,,Plantae,Absent from reserve,0,1,1,0.0,0.8466
Oecleus,,Insecta,Absent from reserve,0,1,1,0.0,0.8466
Brachypera zoilus,Clover Leaf Weevil,Insecta,Absent from reserve,0,1,1,0.0,0.8466
Ophelimus maskelli,Australian Eucalyptus Leafgall Wasp,Insecta,Absent from reserve,0,1,1,0.0,0.8466
Blitum californicum,California Goosefoot,Plantae,Absent from reserve,0,1,1,0.0,0.8466
Coprinellus,,Fungi,Absent from reserve,0,1,1,0.0,0.8466
Chilara taylori,Spotted Cusk-eel,Actinopterygii,Absent from reserve,0,1,1,0.0,0.8466
Russula brevipes,Short-stemmed Russula,Fungi,Absent from reserve,0,1,1,0.0,0.8466
Obelia,Wine-glass Hydroids,Animalia,Absent from reserve,0,1,1,0.0,0.8466
Pleuronichthys,,Actinopterygii,Absent from reserve,0,1,1,0.0,0.8466
Lumbrineridae,,Animalia,Absent from reserve,0,1,1,0.0,0.8466
Lorita scarificata,Chrysanthemum Flower Borer Moth,Insecta,Absent from reserve,0,1,1,0.0,0.8466
Asphondylia atriplicis,Tumor Stem Gall Midge,Insecta,Absent from reserve,0,1,1,0.0,0.8466
Pisolithus arhizus,Dyeball,Fungi,Absent from reserve,0,1,1,0.0,0.8466
Opuntioideae,,Plantae,Absent from reserve,0,1,1,0.0,0.8466
Heterobranchia,Heterobranchs,Mollusca,Absent from reserve,0,1,1,0.0,0.8466
Candelaria,Candleflame Lichens,Fungi,Absent from reserve,0,1,1,0.0,0.8466
Blapstinus,,Insecta,Absent from reserve,0,1,1,0.0,0.8466
Autobranchia,,Mollusca,Absent from reserve,0,1,1,0.0,0.8466
Laridae,"Gulls, Terns, and Skimmers",Aves,Absent from reserve,0,1,1,0.0,0.8466
Edmundsella bertschi,Bertsch's Aeolid,Mollusca,Absent from reserve,0,1,1,0.0,0.8466
Larus smithsonianus,American Herring Gull,Aves,Absent from reserve,0,1,1,0.0,0.8466
Linckia columbiae,Tamarisk Sea Star,Animalia,Absent from reserve,0,1,1,0.0,0.8466
Creontiades rubrinervis,,Insecta,Absent from reserve,0,1,1,0.0,0.8466
Tydemania expeditionis,Green Spongeball Chain,Plantae,Absent from reserve,0,1,1,0.0,0.8466
Conozoa rebellis,White-lined Grasshopper,Insecta,Absent from reserve,0,1,1,0.0,0.8466
Cirolana harfordi,Harford's Isopod,Animalia,Absent from reserve,0,1,1,0.0,0.8466
Felis catus,Domestic Cat,Mammalia,Absent from reserve,0,1,1,0.0,0.8466
Coriarachnini,,Arachnida,Absent from reserve,0,1,1,0.0,0.8466
Gea heptagon,Heptagonal Orbweaver,Arachnida,Absent from reserve,0,1,1,0.0,0.8466
Equisetum telmateia,great horsetail,Plantae,Absent from reserve,0,1,1,0.0,0.8466
Semele,,Mollusca,Absent from reserve,0,1,1,0.0,0.8466
Protozoa,protozoans,Protozoa,Absent from reserve,0,1,1,0.0,0.8466
Mycena californiensis,California Mycena,Fungi,Absent from reserve,0,1,1,0.0,0.8466
Polyorchis penicillatus,Red-eye Medusa,Animalia,Absent from reserve,0,1,1,0.0,0.8466
Phidolopora pacifica,Lattice-Work Bryozoan,Animalia,Absent from reserve,0,1,1,0.0,0.8466
Collybiopsis quercophila,Oak-leaf Pinwheel,Fungi,Absent from reserve,0,1,1,0.0,0.8466
Euphilotes battoides,Square-spotted Blue,Insecta,Absent from reserve,0,1,1,0.0,0.8466
Agaricus bitorquis,Pavement Mushroom,Fungi,Absent from reserve,0,1,1,0.0,0.8466
Chitoninae,,Mollusca,Absent from reserve,0,1,1,0.0,0.8466
Ramosissimae,,Plantae,Absent from reserve,0,1,1,0.0,0.8466
Doriopsilla spaldingi,Spalding's Dorid,Mollusca,Absent from reserve,0,1,1,0.0,0.8466
Ligiidae,"Rock Lice, Sea Slaters, and Allies",Animalia,Absent from reserve,0,1,1,0.0,0.8466
Hygrophorus,Woodwaxes,Fungi,Absent from reserve,0,1,1,0.0,0.8466
Jadera haematoloma,Red-shouldered Bug,Insecta,Absent from reserve,0,1,1,0.0,0.8466
Sardinops sagax,Pacific Sardine,Actinopterygii,Absent from reserve,0,1,1,0.0,0.8466
Ophioplocus esmarki,Esmark's brittle star,Animalia,Absent from reserve,0,1,1,0.0,0.8466
Archytas apicifer,Hornworm Tachinid Fly,Insecta,Absent from reserve,0,1,1,0.0,0.8466
Elampini,,Insecta,Absent from reserve,0,1,1,0.0,0.8466
Atherinopsidae,Neotropical Silversides,Actinopterygii,Absent from reserve,0,1,1,0.0,0.8466
Rattus rattus,Black Rat,Mammalia,Absent from reserve,0,1,1,0.0,0.8466
Melilotus albus,White Sweetclover,Plantae,Absent from reserve,0,1,1,0.0,0.8466
Spatula discors,Blue-winged Teal,Aves,Absent from reserve,0,1,1,0.0,0.8466
Datura,Devil's Trumpets,Plantae,Absent from reserve,0,1,1,0.0,0.8466
Pluteus cervinus,Deer Mushroom,Fungi,Absent from reserve,0,1,1,0.0,0.8466
Neptunazurea porterae,Porter's Chromodorid,Mollusca,Absent from reserve,0,1,1,0.0,0.8466
Pusula solandri,Solander's Trivia,Mollusca,Absent from reserve,0,1,1,0.0,0.8466
Cochylina,,Insecta,Absent from reserve,0,1,1,0.0,0.8466
Acanthochitona avicula,,Mollusca,Absent from reserve,0,1,1,0.0,0.8466
Pinales,conifers,Plantae,Absent from reserve,0,1,1,0.0,0.8466
Accipiter striatus,Sharp-shinned Hawk,Aves,Absent from reserve,0,1,1,0.0,0.8466
Isocoma menziesii sedoides,,Plantae,Absent from reserve,0,1,1,0.0,0.8466
Acartia,,Animalia,Absent from reserve,0,1,1,0.0,0.8466
Nidulariaceae,bird's nest fungi,Fungi,Absent from reserve,0,1,1,0.0,0.8466
Procambarus,,Animalia,Absent from reserve,0,1,1,0.0,0.8466
Xylariales,,Fungi,Absent from reserve,0,1,1,0.0,0.8466
Thalictrum,meadow-rues,Plantae,Absent from reserve,0,1,1,0.0,0.8466
Bubo virginianus,Great Horned Owl,Aves,Absent from reserve,0,1,1,0.0,0.8466
Dendryphantini,,Arachnida,Absent from reserve,0,1,1,0.0,0.8466
Boreoberthella chacei,,Mollusca,Absent from reserve,0,1,1,0.0,0.8466
Stellamedusa ventana,Bumpy Jelly,Animalia,Absent from reserve,0,1,1,0.0,0.8466
Xanthium,Cockleburs,Plantae,Absent from reserve,0,1,1,0.0,0.8466
Cetacea,Cetaceans,Mammalia,Absent from reserve,0,1,1,0.0,0.8466
Discurria insessa,Seaweed Limpet,Mollusca,Absent from reserve,0,1,1,0.0,0.8466
Geophilus,Compost Centipedes,Animalia,Absent from reserve,0,1,1,0.0,0.8466
Hogna antelucana,,Arachnida,Absent from reserve,0,1,1,0.0,0.8466
Conopeum,,Animalia,Absent from reserve,0,1,1,0.0,0.8466
Lessoniaceae,,Chromista,Absent from reserve,0,1,1,0.0,0.8466
Coliadinae,Yellows and Sulphurs,Insecta,Absent from reserve,0,1,1,0.0,0.8466
Hemiargus ceraunus,Ceraunus Blue,Insecta,Absent from reserve,0,1,1,0.0,0.8466
Sabellariidae,Honeycomb Worms,Animalia,Absent from reserve,0,1,1,0.0,0.8466
Chrysothrix,Gold Dust Lichens,Fungi,Absent from reserve,0,1,1,0.0,0.8466
Empoasca,,Insecta,Absent from reserve,0,1,1,0.0,0.8466
Leporidae,Hares and Rabbits,Mammalia,Absent from reserve,0,1,1,0.0,0.8466
Rhinacloa,,Insecta,Absent from reserve,0,1,1,0.0,0.8466
Lophodytes cucullatus,Hooded Merganser,Aves,Absent from reserve,0,1,1,0.0,0.8466
Myoporum parvifolium,Creeping Myoporum,Plantae,Absent from reserve,0,1,1,0.0,0.8466
Copestylum violaceum,,Insecta,Absent from reserve,0,1,1,0.0,0.8466
Muhlenbergia microsperma,littleseed muhly,Plantae,Absent from reserve,0,1,1,0.0,0.8466
Cynipidae,Gall Wasps,Insecta,Absent from reserve,0,1,1,0.0,0.8466
Flavopunctelia,Speckled Greenshield Lichens,Fungi,Absent from reserve,0,1,1,0.0,0.8466
Epialtinae,,Animalia,Absent from reserve,0,1,1,0.0,0.8466
Crotalus oreganus,Western Rattlesnake,Reptilia,Absent from reserve,0,1,1,0.0,0.8466
Cryptopleura ruprechtiana,Grape Tongue,Plantae,Absent from reserve,0,1,1,0.0,0.8466
Larentiinae,Carpet Moths,Insecta,Absent from reserve,0,1,1,0.0,0.8466
Xylocopa,Large Carpenter Bees,Insecta,Absent from reserve,0,1,1,0.0,0.8466
Sabulodes aegrotata,Omnivorous Looper,Insecta,Absent from reserve,0,1,1,0.0,0.8466
Hydrophorinae,,Insecta,Absent from reserve,0,1,1,0.0,0.8466
Galegeae,"milkvetches, locoweeds, and allies",Plantae,Absent from reserve,0,1,1,0.0,0.8466
Accipitridae,"Hawks, Eagles, and Kites",Aves,Absent from reserve,0,1,1,0.0,0.8466
Ceratodon purpureus,Redshank,Plantae,Absent from reserve,0,1,1,0.0,0.8466
Tephromelataceae,,Fungi,Absent from reserve,0,1,1,0.0,0.8466
Amphilepidida,Amphilepididans,Animalia,Absent from reserve,0,1,1,0.0,0.8466
Triviidae,Bean cowries,Mollusca,Absent from reserve,0,1,1,0.0,0.8466
Butorides virescens,Green Heron,Aves,Absent from reserve,0,1,1,0.0,0.8466
Mephitis mephitis,Striped Skunk,Mammalia,Absent from reserve,0,1,1,0.0,0.8466
Sisymbrium,Hedgemustards,Plantae,Absent from reserve,0,1,1,0.0,0.8466
Carduoideae,Thistles and Allies,Plantae,Absent from reserve,0,1,1,0.0,0.8466
Mirounga angustirostris,Northern Elephant Seal,Mammalia,Absent from reserve,0,1,1,0.0,0.8466
Astragalus nuttallii,Nuttall's Milkvetch,Plantae,Absent from reserve,0,1,1,0.0,0.8466
Menoidei,Moonfishes and Billfishes,Actinopterygii,Absent from reserve,0,1,1,0.0,0.8466
Cynipini,Oak Gall Wasps,Insecta,Absent from reserve,0,1,1,0.0,0.8466
Pieris rapae,Small White,Insecta,Absent from reserve,0,1,1,0.0,0.8466
Melanitta deglandi,White-winged Scoter,Aves,Absent from reserve,0,1,1,0.0,0.8466
Yucca,Yuccas,Plantae,Absent from reserve,0,1,1,0.0,0.8466
Ammopelmatus,North American Jerusalem Crickets,Insecta,Absent from reserve,0,1,1,0.0,0.8466
Plagiobothrys nothofulvus,Rusty Popcornflower,Plantae,Absent from reserve,0,1,1,0.0,0.8466
Opuntia × vaseyi,Vasey's Pricklypear,Plantae,Absent from reserve,0,1,1,0.0,0.8466
Canalipalpata,,Animalia,Absent from reserve,0,1,1,0.0,0.8466
Mistharnophantia,,Insecta,Absent from reserve,0,1,1,0.0,0.8466
Eulithidium,,Mollusca,Absent from reserve,0,1,1,0.0,0.8466
Crucibulum spinosum,Spiny Cup-and-Saucer,Mollusca,Absent from reserve,0,1,1,0.0,0.8466
Cyanobacteria,cyanobacteria,Other,Absent from reserve,0,1,1,0.0,0.8466
Chamaemyiidae,Aphid Flies,Insecta,Absent from reserve,0,1,1,0.0,0.8466
Zelus renardii,Leafhopper Assassin Bug,Insecta,Absent from reserve,0,1,1,0.0,0.8466
Pteriomorphia,,Mollusca,Absent from reserve,0,1,1,0.0,0.8466
Triglochin,Arrowgrasses,Plantae,Absent from reserve,0,1,1,0.0,0.8466
Vetigastropoda,,Mollusca,Absent from reserve,0,1,1,0.0,0.8466
Oxyopidae,Lynx Spiders,Arachnida,Absent from reserve,0,1,1,0.0,0.8466
Bromus madritensis,Compact Brome,Plantae,Absent from reserve,0,1,1,0.0,0.8466
Polycauliona candelaria,Shrubby Sunburst Lichen,Fungi,Absent from reserve,0,1,1,0.0,0.8466
Haliotis,Abalones,Mollusca,Absent from reserve,0,1,1,0.0,0.8466
Trichopolia,,Insecta,Absent from reserve,0,1,1,0.0,0.8466
Myida,,Mollusca,Absent from reserve,0,1,1,0.0,0.8466
Pulvinaria,,Insecta,Absent from reserve,0,1,1,0.0,0.8466
Gnorimoschema powelli,Desert Broom Stem Gall Moth,Insecta,Absent from reserve,0,1,1,0.0,0.8466
Acalyptratae,Acalyptrate Flies,Insecta,Absent from reserve,0,1,1,0.0,0.8466
Phoronida,Horseshoe Worms,Animalia,Absent from reserve,0,1,1,0.0,0.8466
Haematopus,Oystercatchers,Aves,Absent from reserve,0,1,1,0.0,0.8466
Phyllospadix scouleri,Scouler's Surfgrass,Plantae,Absent from reserve,0,1,1,0.0,0.8466
Peleteria,,Insecta,Absent from reserve,0,1,1,0.0,0.8466
Laennecia coulteri,Coulter's horseweed,Plantae,Absent from reserve,0,1,1,0.0,0.8466
Cochliomyia macellaria,Secondary Screwworm Fly,Insecta,Absent from reserve,0,1,1,0.0,0.8466
Tortula muralis,Wall Screw-moss,Plantae,Absent from reserve,0,1,1,0.0,0.8466
Akephorus marinus,,Insecta,Absent from reserve,0,1,1,0.0,0.8466
Cardamine californica,milkmaids,Plantae,Absent from reserve,0,1,1,0.0,0.8466
Microcionidae,,Animalia,Absent from reserve,0,1,1,0.0,0.8466
Brassica rapa,field mustard,Plantae,Absent from reserve,0,1,1,0.0,0.8466
Montagnea arenaria,Desert Inkcap,Fungi,Absent from reserve,0,1,1,0.0,0.8466
Salix lasiolepis,Arroyo Willow,Plantae,Absent from reserve,0,1,1,0.0,0.8466
Crustulina sticta,Brownblack Cobweb Weaver,Arachnida,Absent from reserve,0,1,1,0.0,0.8466
Psathyrella piluliformis,Common Stump Brittlestem,Fungi,Absent from reserve,0,1,1,0.0,0.8466
Contumyces rosellus,rosy navel,Fungi,Absent from reserve,0,1,1,0.0,0.8466
Oxycarenus hyalinipennis,Cotton Seed Bug,Insecta,Absent from reserve,0,1,1,0.0,0.8466
Anoplodactylus,,Animalia,Absent from reserve,0,1,1,0.0,0.8466
Botrylloides violaceus,Chain Tunicate,Animalia,Absent from reserve,0,1,1,0.0,0.8466
Opuntia × demissa,,Plantae,Absent from reserve,0,1,1,0.0,0.8466
Gibbonsia metzi,Striped Kelpfish,Actinopterygii,Absent from reserve,0,1,1,0.0,0.8466
Sebastes paucispinis,Bocaccio,Actinopterygii,Absent from reserve,0,1,1,0.0,0.8466
Lentinellus,,Fungi,Absent from reserve,0,1,1,0.0,0.8466
Egregia,,Chromista,Absent from reserve,0,1,1,0.0,0.8466
Portuninae,,Animalia,Absent from reserve,0,1,1,0.0,0.8466
Syllidae,,Animalia,Absent from reserve,0,1,1,0.0,0.8466
Rissa tridactyla,Black-legged Kittiwake,Aves,Absent from reserve,0,1,1,0.0,0.8466
Gobioidei,Gobies and allies,Actinopterygii,Absent from reserve,0,1,1,0.0,0.8466
Ophiopteris papillosa,Flat-spined Brittle Star,Animalia,Absent from reserve,0,1,1,0.0,0.8466
Cochlicopa lubrica,Glossy Pillar,Mollusca,Absent from reserve,0,1,1,0.0,0.8466
Isopoda,Isopods,Animalia,Absent from reserve,0,1,1,0.0,0.8466
Suaeda nigra,Mojave Seablite,Plantae,Absent from reserve,0,1,1,0.0,0.8466
Diploschistes,Crater Lichens,Fungi,Absent from reserve,0,1,1,0.0,0.8466
Malephora purpureocrocea,Carmine Fingerfig,Plantae,Absent from reserve,0,1,1,0.0,0.8466
Cliona californiana,California Boring Sponge,Animalia,Absent from reserve,0,1,1,0.0,0.8466
Callianax alectona,Beatic Dwarf Olive Snail,Mollusca,Absent from reserve,0,1,1,0.0,0.8466
Pholistoma auritum,Fiesta Flower,Plantae,Absent from reserve,0,1,1,0.0,0.8466
Avena fatua,wild oat,Plantae,Absent from reserve,0,1,1,0.0,0.8466
Creontiades,,Insecta,Absent from reserve,0,1,1,0.0,0.8466
Hypoxylaceae,,Fungi,Absent from reserve,0,1,1,0.0,0.8466
Lestidae,Spreadwings and allies,Insecta,Absent from reserve,0,1,1,0.0,0.8466
Crassiclitellata,Typical Earthworms,Animalia,Absent from reserve,0,1,1,0.0,0.8466
Cardellina pusilla,Wilson's Warbler,Aves,Absent from reserve,0,1,1,0.0,0.8466
Parmotrema austrosinense,Pretty Ruffle,Fungi,Absent from reserve,0,1,1,0.0,0.8466
Arbacia stellata,Black Starry Sea Urchin,Animalia,Absent from reserve,0,1,1,0.0,0.8466
Narcissus tazetta,Bunch-flowered Daffodil,Plantae,Absent from reserve,0,1,1,0.0,0.8466
Lema,,Insecta,Absent from reserve,0,1,1,0.0,0.8466
Taylorilygus apicalis,Broken-backed Bug,Insecta,Absent from reserve,0,1,1,0.0,0.8466
Colias eurytheme,Orange Sulphur,Insecta,Absent from reserve,0,1,1,0.0,0.8466
Orienthella piunca,Fisher's Aeolid,Mollusca,Absent from reserve,0,1,1,0.0,0.8466
Platyhelminthes,Flatworms,Animalia,Absent from reserve,0,1,1,0.0,0.8466
Anthicini,,Insecta,Absent from reserve,0,1,1,0.0,0.8466
Branta bernicla nigricans,Black Brant,Aves,Absent from reserve,0,1,1,0.0,0.8466
Argiope aurantia,Yellow Garden Spider,Arachnida,Absent from reserve,0,1,1,0.0,0.8466
Antitrichia californica,California antitrichia moss,Plantae,Absent from reserve,0,1,1,0.0,0.8466
Pseudopusula,,Mollusca,Absent from reserve,0,1,1,0.0,0.8466
Lactarius xanthogalactus,Yellow-staining Milk Cap,Fungi,Absent from reserve,0,1,1,0.0,0.8466
Iva,Marsh elders,Plantae,Absent from reserve,0,1,1,0.0,0.8466
Malvaceae,Mallow and Hibiscus Family,Plantae,Absent from reserve,0,1,1,0.0,0.8466
Cryptantha clevelandii,Cleveland's Cryptantha,Plantae,Absent from reserve,0,1,1,0.0,0.8466
Leptosynapta clarki,Burrowing Sea Cucumber,Animalia,Absent from reserve,0,1,1,0.0,0.8466
Alismatales,"Aroids, Water Plantains, Seagrass, and allies",Plantae,Absent from reserve,0,1,1,0.0,0.8466
Doridina,,Mollusca,Absent from reserve,0,1,1,0.0,0.8466
Volvarina taeniolata,California Marginella,Mollusca,Absent from reserve,0,1,1,0.0,0.8466
Phragmatopoma,Sandcastle Worms,Animalia,Absent from reserve,0,1,1,0.0,0.8466
Dorymyrmex bicolor,Bicolored Pyramid Ant,Insecta,Absent from reserve,0,1,1,0.0,0.8466
Solen sicarius,Sickle Jacknife,Mollusca,Absent from reserve,0,1,1,0.0,0.8466
Ostropomycetidae,"wart lichens, script lichens, and allies",Fungi,Absent from reserve,0,1,1,0.0,0.8466
Microcentrum,Angle-winged Katydids,Insecta,Absent from reserve,0,1,1,0.0,0.8466
Lycosinae,,Arachnida,Absent from reserve,0,1,1,0.0,0.8466
Platynereis bicanaliculata,,Animalia,Absent from reserve,0,1,1,0.0,0.8466
Anthopleura mariae,,Animalia,Absent from reserve,0,1,1,0.0,0.8466
Leucilla nuttingi,smooth urn sponge,Animalia,Absent from reserve,0,1,1,0.0,0.8466
Lophopanopeus frontalis,,Animalia,Absent from reserve,0,1,1,0.0,0.8466
Lecideaceae,,Fungi,Absent from reserve,0,1,1,0.0,0.8466
Amaranthus albus,prostrate pigweed,Plantae,Absent from reserve,0,1,1,0.0,0.8466
Tibicinina,,Insecta,Absent from reserve,0,1,1,0.0,0.8466
Platyodon cancellatus,Boring Softshell Clam,Mollusca,Absent from reserve,0,1,1,0.0,0.8466
Staphylinidae,Rove Beetles,Insecta,Absent from reserve,0,1,1,0.0,0.8466
Amanita,amanita mushrooms,Fungi,Absent from reserve,0,1,1,0.0,0.8466
Syzygium,Waterberries,Plantae,Absent from reserve,0,1,1,0.0,0.8466
Bolbitius titubans,yellow fieldcap,Fungi,Absent from reserve,0,1,1,0.0,0.8466
Theridiinae,,Arachnida,Absent from reserve,0,1,1,0.0,0.8466
Gobionellinae,Estuarine gobies,Actinopterygii,Absent from reserve,0,1,1,0.0,0.8466
Juncus bufonius,Toad rush,Plantae,Absent from reserve,0,1,1,0.0,0.8466
Pycnogonidae,Small Sea Spiders,Animalia,Absent from reserve,0,1,1,0.0,0.8466
Leptosynapta,,Animalia,Absent from reserve,0,1,1,0.0,0.8466
Sebastes saxicola,Stripetail Rockfish,Actinopterygii,Absent from reserve,0,1,1,0.0,0.8466
Eustala,,Arachnida,Absent from reserve,0,1,1,0.0,0.8466
Larus brachyrhynchus,Short-billed Gull,Aves,Absent from reserve,0,1,1,0.0,0.8466
Anisotremus davidsonii,Xantic Sargo,Actinopterygii,Absent from reserve,0,1,1,0.0,0.8466
Phoca vitulina,Harbor Seal,Mammalia,Absent from reserve,0,1,1,0.0,0.8466
Doryteuthis,,Mollusca,Absent from reserve,0,1,1,0.0,0.8466
Nassella tenuissima,Mexican feathergrass,Plantae,Absent from reserve,0,1,1,0.0,0.8466
Rictaxis punctocaelatus,Striped Barrel Snail,Mollusca,Absent from reserve,0,1,1,0.0,0.8466
Fraxinus velutina,velvet ash,Plantae,Absent from reserve,0,1,1,0.0,0.8466
Scudderia,Scudder's Bush Katydids,Insecta,Absent from reserve,0,1,1,0.0,0.8466
Calcarea,Calcareous Sponges,Animalia,Absent from reserve,0,1,1,0.0,0.8466
Trupanea,,Insecta,Absent from reserve,0,1,1,0.0,0.8466
Prasiola,,Plantae,Absent from reserve,0,1,1,0.0,0.8466
Encelia,brittlebushes,Plantae,Absent from reserve,0,1,1,0.0,0.8466
Dufourea australis,Southwestern Shortface,Insecta,Absent from reserve,0,1,1,0.0,0.8466
Fucellia rufitibia,,Insecta,Absent from reserve,0,1,1,0.0,0.8466
Oligochaeta,Earthworms and Allies,Animalia,Absent from reserve,0,1,1,0.0,0.8466
Phloeomana speirea,Bark Bonnet,Fungi,Absent from reserve,0,1,1,0.0,0.8466
Cacama,Cactus Dodger Cicadas,Insecta,Absent from reserve,0,1,1,0.0,0.8466
Lactarius pubescens,Downy milk cap,Fungi,Absent from reserve,0,1,1,0.0,0.8466
Lasthenia gracilis,common goldfields,Plantae,Absent from reserve,0,1,1,0.0,0.8466
Tyto furcata,American Barn Owl,Aves,Absent from reserve,0,1,1,0.0,0.8466
Timmiella,,Plantae,Absent from reserve,0,1,1,0.0,0.8466
Polyphaga,"Water, Rove, Scarab, Long-horned, Leaf, and Snout Beetles",Insecta,Absent from reserve,0,1,1,0.0,0.8466
Anemopsis californica,Yerba Mansa,Plantae,Absent from reserve,0,1,1,0.0,0.8466
Pleurobrachia bachei,Pacific Sea Gooseberry,Animalia,Absent from reserve,0,1,1,0.0,0.8466
Diaphorodoris lirulatocauda,Ridge-tailed Dorid,Mollusca,Absent from reserve,0,1,1,0.0,0.8466
Aculops rhois,Poison Ivy Leaf Mite,Arachnida,Absent from reserve,0,1,1,0.0,0.8466
Tricholoma,Knights,Fungi,Absent from reserve,0,1,1,0.0,0.8466
Tipulinae,,Insecta,Absent from reserve,0,1,1,0.0,0.8466
Polysiphonia,,Plantae,Absent from reserve,0,1,1,0.0,0.8466
Phaeoclavulina myceliosa,,Fungi,Absent from reserve,0,1,1,0.0,0.8466
Salpida,,Animalia,Absent from reserve,0,1,1,0.0,0.8466
Myoporum acuminatum,Boobialla,Plantae,Absent from reserve,0,1,1,0.0,0.8466
Ephydrini,,Insecta,Absent from reserve,0,1,1,0.0,0.8466
Holothuroidea,Sea Cucumbers,Animalia,Absent from reserve,0,1,1,0.0,0.8466
Champia parvula,,Plantae,Absent from reserve,0,1,1,0.0,0.8466
Bryaceae,,Plantae,Absent from reserve,0,1,1,0.0,0.8466
Corvus,Crows and Ravens,Aves,Absent from reserve,0,1,1,0.0,0.8466
Melanoplus cinereus cyanipes,,Insecta,Absent from reserve,0,1,1,0.0,0.8466
Candolleomyces candolleanus,Pale Brittlestem,Fungi,Absent from reserve,0,1,1,0.0,0.8466
Listroderes,,Insecta,Absent from reserve,0,1,1,0.0,0.8466
Acyrthosiphon,,Insecta,Absent from reserve,0,1,1,0.0,0.8466
Polypodiales,,Plantae,Absent from reserve,0,1,1,0.0,0.8466
Amaranthus,amaranths,Plantae,Absent from reserve,0,1,1,0.0,0.8466
Cyclophora nanaria,Dwarf Tawny Wave,Insecta,Absent from reserve,0,1,1,0.0,0.8466
Malacostraca,Malacostracans,Animalia,Absent from reserve,0,1,1,0.0,0.8466
Coelopa vanduzeei,,Insecta,Absent from reserve,0,1,1,0.0,0.8466
Russula californiensis,,Fungi,Absent from reserve,0,1,1,0.0,0.8466
Clepsis,,Insecta,Absent from reserve,0,1,1,0.0,0.8466
Savalia lucifica,,Animalia,Absent from reserve,0,1,1,0.0,0.8466
Tachypompilus unicolor,Western Red-tailed Spider Wasp,Insecta,Absent from reserve,0,1,1,0.0,0.8466
Haminoea,,Mollusca,Absent from reserve,0,1,1,0.0,0.8466
Abutilon palmeri,Palmer's Indian mallow,Plantae,Underrepresented in reserve,1,1,0,0.0,1.0
Acacia baileyana,Cootamundra wattle,Plantae,Underrepresented in reserve,1,1,0,0.0,1.0
Acacia cyclops,western coastal wattle,Plantae,Underrepresented in reserve,1,5,1,0.0,1.0
Acarospora,cobblestone lichens,Fungi,Underrepresented in reserve,1,1,0,0.0,1.0
Acarospora strigata,hoary cobblestone lichen,Fungi,Underrepresented in reserve,1,1,0,0.0,1.0
Acmaeodera prorsa,,Insecta,Underrepresented in reserve,1,1,0,0.0,1.0
Acrididae,Short-horned Grasshoppers,Insecta,Underrepresented in reserve,1,1,0,0.0,1.0
Acrididea,Grasshoppers,Insecta,Underrepresented in reserve,1,2,1,0.0,1.0
Agapostemon subtilior,Fine striped sweat bee,Insecta,Underrepresented in reserve,2,5,2,0.0,1.0
Agavoideae,Century plant subfamily,Plantae,Underrepresented in reserve,1,1,0,0.0,1.0
Ageleninae,Typical Funnel Weavers,Arachnida,Underrepresented in reserve,1,5,2,0.0,1.0
Agelenopsis aperta,Desert Grass Spider,Arachnida,Underrepresented in reserve,1,2,1,0.0,1.0
Allacrotelsa spinulata,,Insecta,Underrepresented in reserve,1,3,1,0.0,1.0
Amitermitinae,Amitermes-group Termites,Insecta,Underrepresented in reserve,1,1,0,0.0,1.0
Ammophila,Thread-waisted Sand Wasps,Insecta,Underrepresented in reserve,1,1,0,0.0,1.0
Amphibolips quercuspomiformis,Live Oak Apple Gall Wasp,Insecta,Underrepresented in reserve,1,4,1,0.0,1.0
Amphitornus coloradus,Striped Slant-faced Grasshopper,Insecta,Underrepresented in reserve,1,1,0,0.0,1.0
Anagallis,pimpernels,Plantae,Underrepresented in reserve,1,1,0,0.0,1.0
Andrena,Mining Bees,Insecta,Underrepresented in reserve,1,1,0,0.0,1.0
Andricus,,Insecta,Underrepresented in reserve,1,2,1,0.0,1.0
Anthidium,,Insecta,Underrepresented in reserve,1,1,0,0.0,1.0
Anthophila,Bees,Insecta,Underrepresented in reserve,1,1,0,0.0,1.0
Anthophora,Common Digger Bees,Insecta,Underrepresented in reserve,1,1,0,0.0,1.0
Anthophora urbana,Urbane Digger Bee,Insecta,Underrepresented in reserve,1,1,0,0.0,1.0
Anthophorula torticornis,Twisted-horned Mini-digger,Insecta,Underrepresented in reserve,2,2,0,0.0,1.0
Anthrenus lepidus,,Insecta,Underrepresented in reserve,1,2,1,0.0,1.0
Apantesis,,Insecta,Underrepresented in reserve,1,3,2,0.0,1.0
Aphoebantini,,Insecta,Underrepresented in reserve,1,1,0,0.0,1.0
Aphonopelma,,Arachnida,Underrepresented in reserve,1,1,0,0.0,1.0
Aphonopelma eutylenum,California Ebony Tarantula,Arachnida,Underrepresented in reserve,1,1,0,0.0,1.0
Apocrita,"Narrow-waisted Wasps, Ants, and Bees",Insecta,Underrepresented in reserve,1,1,0,0.0,1.0
Apolysis,,Insecta,Underrepresented in reserve,1,1,0,0.0,1.0
Aporus,,Insecta,Underrepresented in reserve,1,1,0,0.0,1.0
Apsena,,Insecta,Underrepresented in reserve,1,1,0,0.0,1.0
Araneae,Spiders,Arachnida,Underrepresented in reserve,1,3,1,0.0,1.0
Araneoidea,Orbweavers and Allies,Arachnida,Underrepresented in reserve,1,3,1,0.0,1.0
Araneomorphae,Typical Spiders,Arachnida,Underrepresented in reserve,1,2,1,0.0,1.0
Arbutoideae,"madrones, bearberries, and allies",Plantae,Underrepresented in reserve,1,1,0,0.0,1.0
Argiope trifasciata,Banded Garden Spider,Arachnida,Underrepresented in reserve,1,2,1,0.0,1.0
Argynnis callippe,Callippe Fritillary,Insecta,Underrepresented in reserve,1,1,0,0.0,1.0
Asclepias fascicularis,narrowleaf milkweed,Plantae,Underrepresented in reserve,1,2,1,0.0,1.0
Asilinae,,Insecta,Underrepresented in reserve,1,2,1,0.0,1.0
Asparagaceae,agave and allies,Plantae,Underrepresented in reserve,1,1,0,0.0,1.0
Asparagales,"Agaves, Orchids, Irises, and Allies",Plantae,Underrepresented in reserve,1,1,0,0.0,1.0
Asteroideae,,Plantae,Underrepresented in reserve,1,10,2,0.0,1.0
Astur cooperii,Cooper's Hawk,Aves,Underrepresented in reserve,1,13,2,0.0,1.0
Atriplex suberecta,sprawling saltbush,Plantae,Underrepresented in reserve,1,1,0,0.0,1.0
Augochlorella pomoniella,Peridot Sweat Bee,Insecta,Underrepresented in reserve,1,4,1,0.0,1.0
Aulacidae,Aulacid Wasps,Insecta,Underrepresented in reserve,1,1,0,0.0,1.0
Avena,Oats,Plantae,Underrepresented in reserve,1,1,0,0.0,1.0
Aves,Birds,Aves,Underrepresented in reserve,2,20,2,0.0,1.0
Bactericera cockerelli,Potato Psyllid,Insecta,Underrepresented in reserve,1,2,1,0.0,1.0
Bombyliinae,,Insecta,Underrepresented in reserve,1,1,0,0.0,1.0
Bombylius curtirhynchus,,Insecta,Underrepresented in reserve,1,1,0,0.0,1.0
Boraginaceae,borage family,Plantae,Underrepresented in reserve,1,3,2,0.0,1.0
Brachynemurini,Long-tailed Antlions,Insecta,Underrepresented in reserve,1,1,0,0.0,1.0
Branchinecta,,Animalia,Underrepresented in reserve,1,1,0,0.0,1.0
Brodiaeoideae,Brodiaea subfamily,Plantae,Underrepresented in reserve,1,1,0,0.0,1.0
Bromus,bromes,Plantae,Underrepresented in reserve,1,2,1,0.0,1.0
Bromus diandrus,great brome,Plantae,Underrepresented in reserve,1,4,2,0.0,1.0
Bryum argenteum,Silvery Bryum,Plantae,Underrepresented in reserve,1,1,0,0.0,1.0
Burnsius communis,Common Checkered-Skipper and Allies,Insecta,Underrepresented in reserve,1,1,0,0.0,1.0
Calasterella californica,California asterella,Plantae,Underrepresented in reserve,1,9,2,0.0,1.0
Calliphora vicina,Blue Blowfly,Insecta,Underrepresented in reserve,1,1,0,0.0,1.0
Calvatia pachyderma,Elephant-skin Puffball,Fungi,Underrepresented in reserve,1,1,0,0.0,1.0
Calypte anna,Anna's Hummingbird,Aves,Underrepresented in reserve,1,41,3,0.0,1.0
Camponotus dumetorum,,Insecta,Underrepresented in reserve,1,1,0,0.0,1.0
Cantharini,,Insecta,Underrepresented in reserve,1,1,0,0.0,1.0
Carnivora,Carnivorans,Mammalia,Underrepresented in reserve,2,4,2,0.0,1.0
Caryophyllaceae,pink family,Plantae,Underrepresented in reserve,1,1,0,0.0,1.0
Castilleja exserta,purple owl's-clover,Plantae,Underrepresented in reserve,1,2,1,0.0,1.0
Cerceris convergens,,Insecta,Underrepresented in reserve,1,1,0,0.0,1.0
Cerotainiops,,Insecta,Underrepresented in reserve,1,1,0,0.0,1.0
Chalcidoidea,Chalcidoid Wasps,Insecta,Underrepresented in reserve,1,4,1,0.0,1.0
Cheiracanthium,Longlegged Sac Spiders,Arachnida,Underrepresented in reserve,1,1,0,0.0,1.0
Chironiinae,"centauries, rose gentians, and Zeltneras",Plantae,Underrepresented in reserve,1,1,0,0.0,1.0
Chlorion,,Insecta,Underrepresented in reserve,1,1,0,0.0,1.0
Chlorogalum pomeridianum,wavy-leafed soap plant,Plantae,Underrepresented in reserve,1,4,1,0.0,1.0
Chorizanthe fimbriata fimbriata,fringed spineflower,Plantae,Underrepresented in reserve,1,1,0,0.0,1.0
Chorizanthe polygonoides,Knotweed Spineflower,Plantae,Underrepresented in reserve,1,1,0,0.0,1.0
Chrysomelidae,Leaf Beetles,Insecta,Underrepresented in reserve,1,2,1,0.0,1.0
Cirsium vulgare,Bull Thistle,Plantae,Underrepresented in reserve,1,1,0,0.0,1.0
Cistus creticus,Hoary Rock-rose,Plantae,Underrepresented in reserve,1,1,0,0.0,1.0
Cladonia chlorophaea,Mealy Pixie Cup,Fungi,Underrepresented in reserve,1,7,2,0.0,1.0
Clastoptera lineatocollis,,Insecta,Underrepresented in reserve,1,3,2,0.0,1.0
Closterocoris amoenus,,Insecta,Underrepresented in reserve,1,2,1,0.0,1.0
Colaspidea smaragdula,,Insecta,Underrepresented in reserve,1,1,0,0.0,1.0
Colletes deserticola,,Insecta,Underrepresented in reserve,1,1,0,0.0,1.0
Collinsia heterophylla,Purple Chinese Houses,Plantae,Underrepresented in reserve,1,1,0,0.0,1.0
Colpa alcione,,Insecta,Underrepresented in reserve,1,1,0,0.0,1.0
Compsocryptus calipterus,,Insecta,Underrepresented in reserve,1,1,0,0.0,1.0
Copestylum haagii,Haag's Bromeliad Fly,Insecta,Underrepresented in reserve,1,1,0,0.0,1.0
Copestylum marginatum,,Insecta,Underrepresented in reserve,1,1,0,0.0,1.0
Copestylum mexicanum,Mexican Cactus Fly,Insecta,Underrepresented in reserve,1,1,0,0.0,1.0
Cordylanthus rigidus,Stiffbranch Bird's Beak,Plantae,Underrepresented in reserve,1,1,0,0.0,1.0
Cordylanthus rigidus setiger,Bristly Bird's Beak,Plantae,Underrepresented in reserve,1,1,0,0.0,1.0
Corethrogyne filaginifolia,California Aster,Plantae,Underrepresented in reserve,2,9,2,0.0,1.0
Cornu aspersum,Garden Snail,Mollusca,Underrepresented in reserve,1,14,2,0.0,1.0
Cotinis mutabilis,Figeater Beetle,Insecta,Underrepresented in reserve,1,10,2,0.0,1.0
Crabronina,,Insecta,Underrepresented in reserve,1,1,0,0.0,1.0
Crotalus oreganus helleri,Southern Pacific Rattlesnake,Reptilia,Underrepresented in reserve,1,19,2,0.0,1.0
Cryptina,,Insecta,Underrepresented in reserve,1,1,0,0.0,1.0
Cuscuta californica,California dodder,Plantae,Underrepresented in reserve,1,7,1,0.0,1.0
Cynodon dactylon,Bermuda grass,Plantae,Underrepresented in reserve,1,2,1,0.0,1.0
Cynoglossoideae,,Plantae,Underrepresented in reserve,1,1,0,0.0,1.0
Cyperus,Flatsedges,Plantae,Underrepresented in reserve,1,2,1,0.0,1.0
Cyperus brevifolius,Shortleaf Spikesedge,Plantae,Underrepresented in reserve,1,1,0,0.0,1.0
Cyperus eragrostis,tall flatsedge,Plantae,Underrepresented in reserve,1,4,2,0.0,1.0
Danepteryx,,Insecta,Underrepresented in reserve,1,1,0,0.0,1.0
Dexiini,,Insecta,Underrepresented in reserve,1,1,0,0.0,1.0
Diadasia nigrifrons,Black-fronted turret bee,Insecta,Underrepresented in reserve,1,1,0,0.0,1.0
Dichondra occidentalis,western ponysfoot,Plantae,Underrepresented in reserve,1,3,1,0.0,1.0
Dimelaena,Mountain Lichens,Fungi,Underrepresented in reserve,1,1,0,0.0,1.0
Diplacus × australis,San Diego Monkeyflower,Plantae,Underrepresented in reserve,1,1,0,0.0,1.0
Diploicia canescens,White Pleated Lichen,Fungi,Underrepresented in reserve,1,1,0,0.0,1.0
Diptera,Flies,Insecta,Underrepresented in reserve,1,8,2,0.0,1.0
Dipterostemon capitatus capitatus,,Plantae,Underrepresented in reserve,1,3,1,0.0,1.0
Drasteria pallescens,Paler Graphic,Insecta,Underrepresented in reserve,1,1,0,0.0,1.0
Dudleya pulverulenta,Chalk Dudleya,Plantae,Underrepresented in reserve,1,24,2,0.0,1.0
Efferia,Hammertails,Insecta,Underrepresented in reserve,1,1,0,0.0,1.0
Elanus leucurus,White-tailed Kite,Aves,Underrepresented in reserve,1,1,0,0.0,1.0
Eleodes acuticauda,,Insecta,Underrepresented in reserve,1,9,2,0.0,1.0
Elgaria multicarinata,Southern Alligator Lizard,Reptilia,Underrepresented in reserve,1,9,2,0.0,1.0
Empidoidea,"Dance Flies, Long-legged Flies, and Allies",Insecta,Underrepresented in reserve,1,2,1,0.0,1.0
Enallagma carunculatum,Tule Bluet,Insecta,Underrepresented in reserve,1,1,0,0.0,1.0
Entelegynae,Entelegyne Spiders,Arachnida,Underrepresented in reserve,1,3,2,0.0,1.0
Erigeron bonariensis,Flax-leaved Horseweed,Plantae,Underrepresented in reserve,1,8,2,0.0,1.0
Erigeron foliosus,Leafy Fleabane,Plantae,Underrepresented in reserve,1,1,0,0.0,1.0
Erodium brachycarpum,Hairy-pitted Stork's-bill,Plantae,Underrepresented in reserve,1,1,0,0.0,1.0
Erynnis propertius,Propertius Duskywing,Insecta,Underrepresented in reserve,1,1,0,0.0,1.0
Eschatocrepis constrictus,,Insecta,Underrepresented in reserve,1,1,0,0.0,1.0
Eucalyptus cladocalyx,sugar gum,Plantae,Underrepresented in reserve,2,3,1,0.0,1.0
Euphorbia maculata,Spotted spurge,Plantae,Underrepresented in reserve,1,4,1,0.0,1.0
Euphorbia segetalis,Corn Spurge,Plantae,Underrepresented in reserve,1,1,0,0.0,1.0
Exochomus fasciatus,Batman Lady Beetle,Insecta,Underrepresented in reserve,1,1,0,0.0,1.0
Exoprosopa,,Insecta,Underrepresented in reserve,2,3,1,0.0,1.0
Exoprosopa fascipennis,Band-winged Bee Fly,Insecta,Underrepresented in reserve,1,1,0,0.0,1.0
Filacus,,Insecta,Underrepresented in reserve,1,1,0,0.0,1.0
Flavoparmelia caperata,common greenshield lichen,Fungi,Underrepresented in reserve,1,9,2,0.0,1.0
Forelius mccooki,,Insecta,Underrepresented in reserve,1,1,0,0.0,1.0
Formica fusca,fusca-group Field Ants and Allies,Insecta,Underrepresented in reserve,1,1,0,0.0,1.0
Formicinae,Formicine Ants,Insecta,Underrepresented in reserve,1,1,0,0.0,1.0
Fossombronia,Frillworts,Plantae,Underrepresented in reserve,1,1,0,0.0,1.0
Fuscopolistes,fuscatus-group Paper Wasps,Insecta,Underrepresented in reserve,1,1,0,0.0,1.0
Galerucini,,Insecta,Underrepresented in reserve,1,1,0,0.0,1.0
Galium nuttallii,San Diego bedstraw,Plantae,Underrepresented in reserve,1,1,0,0.0,1.0
Gasteruption,,Insecta,Underrepresented in reserve,1,1,0,0.0,1.0
Gazania × splendens,Garden Treasure Flower,Plantae,Underrepresented in reserve,1,1,0,0.0,1.0
Geocoris,,Insecta,Underrepresented in reserve,1,1,0,0.0,1.0
Geranium,geraniums and cranesbills,Plantae,Underrepresented in reserve,1,3,1,0.0,1.0
Glaucopsyche lygdamus,Silvery Blue,Insecta,Underrepresented in reserve,2,2,0,0.0,1.0
Glycaspis brimblecombei,Red Gum Lerp Psyllid,Insecta,Underrepresented in reserve,1,1,0,0.0,1.0
Gnaphosidae,Stealthy Ground Spiders,Arachnida,Underrepresented in reserve,1,3,1,0.0,1.0
Gomphocerinae,Slant-faced Grasshoppers,Insecta,Underrepresented in reserve,1,1,0,0.0,1.0
Gryllus lineaticeps,Variable Field Cricket,Insecta,Underrepresented in reserve,1,1,0,0.0,1.0
Habronattus hirsutus,Hirsute Paradise Spider,Arachnida,Underrepresented in reserve,1,2,1,0.0,1.0
Haemorhous mexicanus,House Finch,Aves,Underrepresented in reserve,1,17,1,0.0,1.0
Halictini,,Insecta,Underrepresented in reserve,1,2,1,0.0,1.0
Halictus tripartitus,Tripartite Sweat Bee,Insecta,Underrepresented in reserve,1,3,1,0.0,1.0
Harmonia axyridis,Asian Lady Beetle,Insecta,Underrepresented in reserve,1,1,0,0.0,1.0
Hedypnois,,Plantae,Underrepresented in reserve,1,1,0,0.0,1.0
Heliopetes ericetorum,Northern White-Skipper,Insecta,Underrepresented in reserve,1,1,0,0.0,1.0
Hemipenthes bigradata,,Insecta,Underrepresented in reserve,1,1,0,0.0,1.0
Hemipenthes morioides,,Insecta,Underrepresented in reserve,1,1,0,0.0,1.0
Heteroptera,True Bugs,Insecta,Underrepresented in reserve,1,2,1,0.0,1.0
Heterotheca grandiflora,Telegraphweed,Plantae,Underrepresented in reserve,1,5,2,0.0,1.0
Holocarpha virgata,Pit-gland Tarweed,Plantae,Underrepresented in reserve,1,1,0,0.0,1.0
Hoplia,,Insecta,Underrepresented in reserve,1,1,0,0.0,1.0
Icerya purchasi,Cottony cushion scale,Insecta,Underrepresented in reserve,1,1,0,0.0,1.0
Iris,Section Iris,Plantae,Underrepresented in reserve,1,1,0,0.0,1.0
Judolia sexspilota,,Insecta,Underrepresented in reserve,1,1,0,0.0,1.0
Lamiaceae,Mint Family,Plantae,Underrepresented in reserve,1,2,1,0.0,1.0
Larropsis,,Insecta,Underrepresented in reserve,1,1,0,0.0,1.0
Lasthenia,goldfields,Plantae,Underrepresented in reserve,1,8,1,0.0,1.0
Lecanorales,"shield lichens, rim lichens, and allies",Fungi,Underrepresented in reserve,1,2,1,0.0,1.0
Lecanoromycetes,Common Lichens,Fungi,Underrepresented in reserve,1,11,2,0.0,1.0
Lecanoromycetidae,"Shield Lichens, Sunburst Lichens, Rosette Lichens, and Allies",Fungi,Underrepresented in reserve,1,1,0,0.0,1.0
Leprus intermedius,Saussure's Blue-winged Grasshopper,Insecta,Underrepresented in reserve,2,2,0,0.0,1.0
Leptochilus,Leptochilus Wasps,Insecta,Underrepresented in reserve,1,1,0,0.0,1.0
Lepus californicus,Black-tailed Jackrabbit,Mammalia,Underrepresented in reserve,1,1,0,0.0,1.0
Libellula saturata,Flame Skimmer,Insecta,Underrepresented in reserve,1,1,0,0.0,1.0
Liliopsida,Monocots,Plantae,Underrepresented in reserve,1,2,1,0.0,1.0
Lipoptena depressa,Western American Deer Ked,Insecta,Underrepresented in reserve,1,1,0,0.0,1.0
Lithobiomorpha,Stone Centipedes,Animalia,Underrepresented in reserve,1,1,0,0.0,1.0
Lolium multiflorum,Italian Ryegrass,Plantae,Underrepresented in reserve,1,1,0,0.0,1.0
Lomatium dasycarpum,woollyfruit desertparsley,Plantae,Underrepresented in reserve,2,2,0,0.0,1.0
Loteae,,Plantae,Underrepresented in reserve,1,1,0,0.0,1.0
Lotus,bird's-foot trefoils,Plantae,Underrepresented in reserve,1,1,0,0.0,1.0
Lucilia,Greenbottle Flies,Insecta,Underrepresented in reserve,1,1,0,0.0,1.0
Lupinus truncatus,collared annual lupine,Plantae,Underrepresented in reserve,1,8,2,0.0,1.0
Lycosoidea,Wolf Spiders and Allies,Arachnida,Underrepresented in reserve,1,1,0,0.0,1.0
Lynx rufus,Bobcat,Mammalia,Underrepresented in reserve,1,7,1,0.0,1.0
Lythrum hyssopifolia,Hyssop Loosestrife,Plantae,Underrepresented in reserve,1,3,2,0.0,1.0
Macronychiini,,Insecta,Underrepresented in reserve,1,2,1,0.0,1.0
Madieae,"tarweeds, silverswords, and allies",Plantae,Underrepresented in reserve,1,2,1,0.0,1.0
Malachiini,,Insecta,Underrepresented in reserve,1,1,0,0.0,1.0
Malacothamnus fasciculatus,southern coastal bushmallow,Plantae,Underrepresented in reserve,1,6,1,0.0,1.0
Mallophora fautrix,,Insecta,Underrepresented in reserve,1,1,0,0.0,1.0
Mantodea,Mantises,Insecta,Underrepresented in reserve,1,1,0,0.0,1.0
Marchantiophyta,liverworts,Plantae,Underrepresented in reserve,1,1,0,0.0,1.0
Medicago,medicks,Plantae,Underrepresented in reserve,1,2,1,0.0,1.0
Medicago polymorpha,bur clover,Plantae,Underrepresented in reserve,1,7,3,0.0,1.0
Megachile,"Leafcutter, Mortar, and Resin Bees",Insecta,Underrepresented in reserve,1,1,0,0.0,1.0
Megachile frugalis,,Insecta,Underrepresented in reserve,2,2,0,0.0,1.0
Meghyperus,,Insecta,Underrepresented in reserve,1,1,0,0.0,1.0
Melica imperfecta,smallflower melicgrass,Plantae,Underrepresented in reserve,1,2,1,0.0,1.0
Melilotus indicus,small melilot,Plantae,Underrepresented in reserve,1,11,3,0.0,1.0
Melinis repens,Natal Grass,Plantae,Underrepresented in reserve,1,1,0,0.0,1.0
Mellisugini,Bee Hummingbirds and Allies,Aves,Underrepresented in reserve,1,2,1,0.0,1.0
Melozone crissalis,California Towhee,Aves,Underrepresented in reserve,1,34,3,0.0,1.0
Metaphidippus manni,,Arachnida,Underrepresented in reserve,1,1,0,0.0,1.0
Metepeira,,Arachnida,Underrepresented in reserve,1,1,0,0.0,1.0
Microschatia inaequalis,,Insecta,Underrepresented in reserve,1,4,1,0.0,1.0
Misumenoides formosipes,White-banded Crab Spider,Arachnida,Underrepresented in reserve,1,1,0,0.0,1.0
Mordellistenini,,Insecta,Underrepresented in reserve,1,1,0,0.0,1.0
Muscoidea,Muscoid Flies,Insecta,Underrepresented in reserve,1,4,2,0.0,1.0
Mygalomorphae,Mygalomorphs,Arachnida,Underrepresented in reserve,1,1,0,0.0,1.0
Myriolecis dispersa,Mortar Rim Lichen,Fungi,Underrepresented in reserve,1,2,1,0.0,1.0
Myrmecocystus,North American Honeypot Ants,Insecta,Underrepresented in reserve,1,1,0,0.0,1.0
Myrmecocystus creightoni,Creighton's Honeypot Ant,Insecta,Underrepresented in reserve,1,1,0,0.0,1.0
Myrmentoma,Cleft-lip Carpenter ants,Insecta,Underrepresented in reserve,1,1,0,0.0,1.0
Navarretia,Pincushion plants,Plantae,Underrepresented in reserve,1,1,0,0.0,1.0
Navarretia hamata leptantha,Slender-Flowered Hooked Navarretia,Plantae,Underrepresented in reserve,1,1,0,0.0,1.0
Neogaerrhinum strictum,Twining Snapdragon,Plantae,Underrepresented in reserve,1,1,0,0.0,1.0
Neotoma macrotis,Big-eared Woodrat,Mammalia,Underrepresented in reserve,1,3,1,0.0,1.0
Neotrypetes,,Insecta,Underrepresented in reserve,2,2,0,0.0,1.0
Oecanthus californicus,Western Tree Cricket,Insecta,Underrepresented in reserve,1,1,0,0.0,1.0
Oedipodinae,Bandwing Grasshoppers,Insecta,Underrepresented in reserve,1,1,0,0.0,1.0
Olea europaea,Olive,Plantae,Underrepresented in reserve,1,4,1,0.0,1.0
Omorgus suberosus,Hide beetle,Insecta,Underrepresented in reserve,1,1,0,0.0,1.0
Omphalotus olivascens,western jack-o'-lantern,Fungi,Underrepresented in reserve,1,16,1,0.0,1.0
Opuntia semispinosa,,Plantae,Underrepresented in reserve,1,4,1,0.0,1.0
Osmia,Mason Bees,Insecta,Underrepresented in reserve,1,1,0,0.0,1.0
Ottleya,,Plantae,Underrepresented in reserve,1,1,0,0.0,1.0
Oxyopes salticus,Striped Lynx Spider,Arachnida,Underrepresented in reserve,1,1,0,0.0,1.0
Oxyopes tridens,,Arachnida,Underrepresented in reserve,1,1,0,0.0,1.0
Panicum miliaceum,Proso Millet,Plantae,Underrepresented in reserve,1,1,0,0.0,1.0
Parabacillus hesperus,Western Short-horned Walkingstick,Insecta,Underrepresented in reserve,1,1,0,0.0,1.0
Parancistrocerus declivatus,,Insecta,Underrepresented in reserve,1,3,2,0.0,1.0
Parancistrocerus minimoferus,,Insecta,Underrepresented in reserve,1,1,0,0.0,1.0
Paraprosopis,,Insecta,Underrepresented in reserve,1,1,0,0.0,1.0
Paratiphia,,Insecta,Underrepresented in reserve,1,1,0,0.0,1.0
Paravilla,,Insecta,Underrepresented in reserve,1,1,0,0.0,1.0
Paropsis atomaria,Dotted Paropsine Leaf Beetle,Insecta,Underrepresented in reserve,1,3,1,0.0,1.0
Paropsisterna m-fuscum,Eucalyptus Leaf Beetle,Insecta,Underrepresented in reserve,1,1,0,0.0,1.0
Pectocarya linearis,sagebrush combseed,Plantae,Underrepresented in reserve,1,2,1,0.0,1.0
Pentachaeta,,Plantae,Underrepresented in reserve,1,1,0,0.0,1.0
Pentachaeta aurea,golden chaetopappa,Plantae,Underrepresented in reserve,2,2,0,0.0,1.0
Pentatomomorpha,Pentatomomorph Bugs,Insecta,Underrepresented in reserve,1,1,0,0.0,1.0
Perdita rhois,Rhus Fairy Bee,Insecta,Underrepresented in reserve,2,2,0,0.0,1.0
Peucetia,Green Lynx Spiders,Arachnida,Underrepresented in reserve,1,2,1,0.0,1.0
Phacelia cicutaria,caterpillar scorpionweed,Plantae,Underrepresented in reserve,1,1,0,0.0,1.0
Phainopepla nitens,Phainopepla,Aves,Underrepresented in reserve,1,2,1,0.0,1.0
Phalaris,Canarygrasses,Plantae,Underrepresented in reserve,1,1,0,0.0,1.0
Phaneroptera nana,Mediterranean Katydid,Insecta,Underrepresented in reserve,1,1,0,0.0,1.0
Pheidole vistana,Vista Big-headed Ant,Insecta,Underrepresented in reserve,1,1,0,0.0,1.0
Phidippus californicus,,Arachnida,Underrepresented in reserve,1,1,0,0.0,1.0
Philanthus,Beewolves,Insecta,Underrepresented in reserve,1,2,1,0.0,1.0
Phrymaceae,lopseed family,Plantae,Underrepresented in reserve,1,1,0,0.0,1.0
Phyllodineae,,Plantae,Underrepresented in reserve,1,1,0,0.0,1.0
Physocephala texana,,Insecta,Underrepresented in reserve,1,1,0,0.0,1.0
Pisolithaceae,,Fungi,Underrepresented in reserve,1,1,0,0.0,1.0
Placentalia,Placental Mammals,Mammalia,Underrepresented in reserve,1,2,1,0.0,1.0
Plagiobothrys collinus,Cooper's Popcornflower,Plantae,Underrepresented in reserve,1,1,0,0.0,1.0
Plestiodon skiltonianus,Western Skink,Reptilia,Underrepresented in reserve,1,3,2,0.0,1.0
Poeae,,Plantae,Underrepresented in reserve,1,1,0,0.0,1.0
Polistes aurifer,Golden Paper Wasp,Insecta,Underrepresented in reserve,1,1,0,0.0,1.0
Pompilidae,Spider Wasps,Insecta,Underrepresented in reserve,1,1,0,0.0,1.0
Pompilinae,,Insecta,Underrepresented in reserve,1,1,0,0.0,1.0
Porcellionides,,Animalia,Underrepresented in reserve,1,1,0,0.0,1.0
Pottiaceae,,Plantae,Underrepresented in reserve,1,6,2,0.0,1.0
Promachus,Giant Robber Flies,Insecta,Underrepresented in reserve,1,1,0,0.0,1.0
Psocodea,"Bark Lice, Book Lice, and Parasitic Lice",Insecta,Underrepresented in reserve,1,1,0,0.0,1.0
Pteromalini,,Insecta,Underrepresented in reserve,1,3,1,0.0,1.0
Ptilodexia,,Insecta,Underrepresented in reserve,1,1,0,0.0,1.0
Puma concolor,Mountain Lion,Mammalia,Underrepresented in reserve,1,1,0,0.0,1.0
Pygoperdita,,Insecta,Underrepresented in reserve,1,1,0,0.0,1.0
Ribes indecorum,White-flowering Currant,Plantae,Underrepresented in reserve,1,8,1,0.0,1.0
Rophitinae,Shortface bees and allies,Insecta,Underrepresented in reserve,1,1,0,0.0,1.0
Rumex,docks and sorrels,Plantae,Underrepresented in reserve,1,5,2,0.0,1.0
Rumex conglomeratus,Clustered Dock,Plantae,Underrepresented in reserve,1,1,0,0.0,1.0
Rumex crispus,curled dock,Plantae,Underrepresented in reserve,1,1,0,0.0,1.0
Rumex salicifolius,willow dock,Plantae,Underrepresented in reserve,2,2,0,0.0,1.0
Salsola,Russian Thistles,Plantae,Underrepresented in reserve,1,10,2,0.0,1.0
Sanicula arguta,Sharp-toothed Sanicle,Plantae,Underrepresented in reserve,1,2,1,0.0,1.0
Sanicula crassicaulis,Pacific Sanicle,Plantae,Underrepresented in reserve,1,4,1,0.0,1.0
Schistocerca nitens,Gray Bird Grasshopper,Insecta,Underrepresented in reserve,1,5,2,0.0,1.0
Scoliidae,Scoliid Wasps,Insecta,Underrepresented in reserve,1,1,0,0.0,1.0
Selasphorus sasin,Allen's Hummingbird,Aves,Underrepresented in reserve,1,36,2,0.0,1.0
Senecio vulgaris,common groundsel,Plantae,Underrepresented in reserve,1,2,1,0.0,1.0
Sialia mexicana,Western Bluebird,Aves,Underrepresented in reserve,1,4,1,0.0,1.0
Sidalcea,Checkerblooms,Plantae,Underrepresented in reserve,1,2,1,0.0,1.0
Spergula,Spurreys,Plantae,Underrepresented in reserve,1,1,0,0.0,1.0
Sperguleae,Spurrey tribe,Plantae,Underrepresented in reserve,1,1,0,0.0,1.0
Sphaerophoria contigua,Tufted Globetail,Insecta,Underrepresented in reserve,1,1,0,0.0,1.0
Spilosomina,,Insecta,Underrepresented in reserve,1,1,0,0.0,1.0
Spintherophyta,,Insecta,Underrepresented in reserve,1,1,0,0.0,1.0
Stagmomantis limbata,Arizona Mantis,Insecta,Underrepresented in reserve,1,2,1,0.0,1.0
Steatoda nobilis,Noble False Widow,Arachnida,Underrepresented in reserve,1,7,3,0.0,1.0
Stenotaphrum secundatum,Saint Augustine grass,Plantae,Underrepresented in reserve,1,1,0,0.0,1.0
Strigiformes,Owls,Aves,Underrepresented in reserve,1,1,0,0.0,1.0
Sylvilagus,Cottontail Rabbits,Mammalia,Underrepresented in reserve,1,1,0,0.0,1.0
Synhalonia,,Insecta,Underrepresented in reserve,1,1,0,0.0,1.0
Syspira,,Arachnida,Underrepresented in reserve,1,1,0,0.0,1.0
Tanaops,,Insecta,Underrepresented in reserve,1,1,0,0.0,1.0
Tapinoma sessile,Odorous House Ant,Insecta,Underrepresented in reserve,1,1,0,0.0,1.0
Taylorilygus,,Insecta,Underrepresented in reserve,1,1,0,0.0,1.0
Thyanta custator,Red-shouldered Stink Bug,Insecta,Underrepresented in reserve,1,1,0,0.0,1.0
Ticida,,Insecta,Underrepresented in reserve,1,1,0,0.0,1.0
Tineoidea,"Bagworms, Clothes Moths, and Allies",Insecta,Underrepresented in reserve,1,1,0,0.0,1.0
Tipula,Common Crane Flies,Insecta,Underrepresented in reserve,1,2,1,0.0,1.0
Tipuloidea,Typical Crane Flies,Insecta,Underrepresented in reserve,1,2,1,0.0,1.0
Tipulomorpha,Crane Flies,Insecta,Underrepresented in reserve,1,2,1,0.0,1.0
Tortricinae,Tortricine Leafroller Moths,Insecta,Underrepresented in reserve,1,1,0,0.0,1.0
Toxostoma redivivum,California Thrasher,Aves,Underrepresented in reserve,1,11,2,0.0,1.0
Trachusa perdita,California Resin-Leafcutter,Insecta,Underrepresented in reserve,1,1,0,0.0,1.0
Trirhabda eriodictyonis,yerba santa beetle,Insecta,Underrepresented in reserve,1,1,0,0.0,1.0
Trirhabda sericotrachyla,California sagebrush leaf beetle,Insecta,Underrepresented in reserve,1,1,0,0.0,1.0
Tylobolinae,,Animalia,Underrepresented in reserve,1,1,0,0.0,1.0
Tyrannus vociferans,Cassin's Kingbird,Aves,Underrepresented in reserve,1,17,3,0.0,1.0
Vanessa virginiensis,American Lady,Insecta,Underrepresented in reserve,1,1,0,0.0,1.0
Veromessor,Veromessor Harvester Ants,Insecta,Underrepresented in reserve,1,1,0,0.0,1.0
Vertebrata,Vertebrates,Animalia,Underrepresented in reserve,1,9,2,0.0,1.0
Vicia eriocarpa,Woolly Pod Vetch,Plantae,Underrepresented in reserve,1,1,0,0.0,1.0
Vicia sativa,Common Vetch,Plantae,Underrepresented in reserve,1,4,1,0.0,1.0
Zadontomerus,,Insecta,Underrepresented in reserve,1,2,1,0.0,1.0
Zelotinae,,Arachnida,Underrepresented in reserve,1,1,0,0.0,1.0
Microseridinae,,Plantae,Underrepresented in reserve,2,3,1,0.0008,0.9992
Caulanthus lasiophyllus,California mustard,Plantae,Underrepresented in reserve,2,2,0,0.0014,0.9986
Acacia longifolia,Longleaf Wattle,Plantae,Underrepresented in reserve,2,9,1,0.0017,0.9983
Aphoebantus conurus,,Insecta,Underrepresented in reserve,2,2,0,0.0017,0.9983
Arthropoda,Arthropods,Animalia,Underrepresented in reserve,1,3,2,0.002,0.998
Dendryphantina,,Arachnida,Underrepresented in reserve,2,2,0,0.002,0.998
Eleodes carbonaria,,Insecta,Underrepresented in reserve,1,3,1,0.002,0.998
Schismus barbatus,common Mediterranean grass,Plantae,Underrepresented in reserve,1,3,2,0.002,0.998
Sylvilagus audubonii,Desert Cottontail,Mammalia,Underrepresented in reserve,2,27,2,0.002,0.998
Acmispon americanus,Spanish clover,Plantae,Underrepresented in reserve,2,2,0,0.0021,0.9979
Uta stansburiana elegans,Western Side-blotched Lizard,Reptilia,Underrepresented in reserve,2,36,2,0.0021,0.9979
Dasymutilla,,Insecta,Underrepresented in reserve,2,3,1,0.0023,0.9977
Phidippus johnsoni,Johnson's Jumping Spider,Arachnida,Underrepresented in reserve,2,3,1,0.0023,0.9977
Stenopogon,,Insecta,Underrepresented in reserve,2,2,0,0.0023,0.9977
Liliales,"lilies, supplejacks, and allies",Plantae,Underrepresented in reserve,2,2,0,0.0024,0.9976
Cichorioideae,"chicories, dandelions, and allies",Plantae,Underrepresented in reserve,2,2,0,0.0025,0.9975
Toxicoscordion,Deathcamas,Plantae,Underrepresented in reserve,2,2,0,0.0025,0.9975
Bryophyta,Mosses,Plantae,Underrepresented in reserve,1,13,2,0.0027,0.9973
Cerceris,Typical Weevil Wasps and Allies,Insecta,Underrepresented in reserve,2,2,0,0.0027,0.9973
Sonchus asper,prickly sowthistle,Plantae,Underrepresented in reserve,1,11,2,0.0027,0.9973
Trichopoda,Feather-legged Flies,Insecta,Underrepresented in reserve,2,2,0,0.0027,0.9973
Cladonia,pixie cup and reindeer lichens,Fungi,Underrepresented in reserve,2,10,2,0.0028,0.9972
Plutella xylostella,Diamondback Moth,Insecta,Underrepresented in reserve,2,2,0,0.0029,0.9971
Gazania,Treasure Flowers,Plantae,Underrepresented in reserve,2,2,0,0.0029,0.9971
Paravilla splendida,,Insecta,Underrepresented in reserve,2,2,0,0.0029,0.9971
Acacia saligna,golden wreath wattle,Plantae,Underrepresented in reserve,2,2,0,0.0038,0.9962
Lupinus agardhianus,Bajada Lupine,Plantae,Underrepresented in reserve,2,2,0,0.0038,0.9962
Erythraeidae,,Arachnida,Underrepresented in reserve,2,2,0,0.0039,0.9961
Oestroidea,"Bot Flies, Blow Flies, and Allies",Insecta,Underrepresented in reserve,2,3,1,0.0047,0.9953
Lopidea marginata,Margined Scarlet Plant Bug,Insecta,Underrepresented in reserve,2,2,0,0.0047,0.9953
Hypochaeris,Cat's-Ears,Plantae,Underrepresented in reserve,2,2,0,0.0047,0.9953
Baccharis,,Plantae,Underrepresented in reserve,1,23,3,0.0048,0.9952
Baccharis pilularis,coyote brush,Plantae,Underrepresented in reserve,1,74,3,0.0048,0.9952
Plantae,Plants,Plantae,Underrepresented in reserve,1,32,3,0.0048,0.9952
Poaceae,Grasses,Plantae,Underrepresented in reserve,1,16,3,0.0048,0.9952
Mordellini,,Insecta,Underrepresented in reserve,2,2,0,0.0048,0.9952
Villa lateralis,,Insecta,Underrepresented in reserve,2,2,0,0.0048,0.9952
Mordellinae,,Insecta,Underrepresented in reserve,2,2,0,0.0049,0.9951
Trimerotropis thalassica,Thalassica Grasshopper,Insecta,Underrepresented in reserve,2,2,0,0.0053,0.9947
Apodemia,,Insecta,Underrepresented in reserve,2,2,0,0.0058,0.9942
Brachypodium distachyon,purple false-brome,Plantae,Underrepresented in reserve,2,3,1,0.006,0.994
Callophrys dumetorum,Lotus Hairstreak,Insecta,Underrepresented in reserve,2,2,0,0.0061,0.9939
Lycosidae,Wolf Spiders,Arachnida,Underrepresented in reserve,2,5,3,0.0063,0.9937
Halictus farinosus,Wide-striped Sweat Bee,Insecta,Underrepresented in reserve,2,2,0,0.0064,0.9936
Agaricales,Common Gilled Mushrooms and Allies,Fungi,Underrepresented in reserve,1,23,3,0.0067,0.9933
Chrysanthrax vanus,,Insecta,Underrepresented in reserve,2,2,0,0.0068,0.9932
Cyperoideae,,Plantae,Underrepresented in reserve,2,2,0,0.007,0.993
Mordella hubbsi,,Insecta,Underrepresented in reserve,2,2,0,0.0072,0.9928
Trimerotropis pallidipennis,Pallid-winged Grasshopper,Insecta,Underrepresented in reserve,2,4,1,0.0077,0.9923
Chorizanthe,spineflowers,Plantae,Underrepresented in reserve,2,3,1,0.008,0.992
Phidippus,,Arachnida,Underrepresented in reserve,2,5,1,0.0081,0.9919
Cercocarpus minutiflorus,smooth mountain mahogany,Plantae,Underrepresented in reserve,2,2,0,0.0082,0.9918
Satyrium saepium,Hedgerow Hairstreak,Insecta,Underrepresented in reserve,2,2,0,0.0082,0.9918
Colletes,Cellophane Bees,Insecta,Underrepresented in reserve,2,5,2,0.0083,0.9917
Luperini,,Insecta,Underrepresented in reserve,3,3,0,0.0083,0.9917
Sairocarpus,,Plantae,Underrepresented in reserve,2,13,1,0.0083,0.9917
Chrysothrix candelaris,gold dust lichen,Fungi,Underrepresented in reserve,2,6,2,0.0092,0.9908
Evylaeus,,Insecta,Underrepresented in reserve,3,3,0,0.0103,0.9897
Peucetia viridans,Green Lynx Spider,Arachnida,Underrepresented in reserve,2,8,2,0.011,0.989
Camponotus anthrax,,Insecta,Underrepresented in reserve,2,2,0,0.0111,0.9889
Dianthidium,,Insecta,Underrepresented in reserve,2,2,0,0.0114,0.9886
Attalus,,Insecta,Underrepresented in reserve,2,2,0,0.0116,0.9884
Dasymutilla aureola,Pacific Velvet Ant,Insecta,Underrepresented in reserve,3,3,0,0.0116,0.9884
Sayornis saya,Say's Phoebe,Aves,Underrepresented in reserve,2,36,3,0.0125,0.9875
Sceloporus occidentalis,Western Fence Lizard,Reptilia,Underrepresented in reserve,2,58,3,0.0125,0.9875
Spergula arvensis,Corn spurrey,Plantae,Underrepresented in reserve,2,2,0,0.0126,0.9874
Zonotrichia leucophrys,White-crowned Sparrow,Aves,Underrepresented in reserve,2,22,2,0.013,0.987
Uta stansburiana,Common Side-blotched Lizard,Reptilia,Underrepresented in reserve,2,19,2,0.0133,0.9867
Pentagramma viscosa,Sticky goldback fern,Plantae,Underrepresented in reserve,2,5,2,0.0138,0.9862
Habronattus ustulatus,,Arachnida,Underrepresented in reserve,2,2,0,0.014,0.986
Insecta,Insects,Insecta,Underrepresented in reserve,2,7,3,0.0144,0.9856
Eriophyllum,Woolly sunflowers,Plantae,Underrepresented in reserve,2,3,1,0.0145,0.9855
Arachnis picta,Painted Tiger Moth,Insecta,Underrepresented in reserve,2,2,0,0.0153,0.9847
Dudleya lanceolata,lanceleaf liveforever,Plantae,Underrepresented in reserve,2,6,1,0.0157,0.9843
Pseudognaphalium stramineum,cottonbatting plant,Plantae,Underrepresented in reserve,3,10,1,0.0162,0.9838
Salvia,Sages,Plantae,Underrepresented in reserve,2,5,2,0.0163,0.9837
Coelocnemis,,Insecta,Underrepresented in reserve,2,3,1,0.0167,0.9833
Solenopsis xyloni,Southern Fire Ant,Insecta,Underrepresented in reserve,2,4,2,0.0169,0.9831
Solanum,nightshades,Plantae,Underrepresented in reserve,2,4,1,0.017,0.983
Eriodictyon,yerba santa,Plantae,Underrepresented in reserve,2,2,0,0.0171,0.9829
Cynara cardunculus,Artichoke Thistle,Plantae,Underrepresented in reserve,2,2,0,0.0173,0.9827
Camponotus sansabeanus,,Insecta,Underrepresented in reserve,3,3,0,0.0175,0.9825
Apsena pubescens,,Insecta,Underrepresented in reserve,3,3,0,0.0176,0.9824
Leptotes marina,Marine Blue,Insecta,Underrepresented in reserve,2,8,3,0.0177,0.9823
Agaricomycetidae,,Fungi,Underrepresented in reserve,2,2,0,0.0178,0.9822
Arphia ramona,California Orange-winged Grasshopper,Insecta,Underrepresented in reserve,2,2,0,0.0182,0.9818
Lepidoptera,Butterflies and Moths,Insecta,Underrepresented in reserve,2,12,3,0.0185,0.9815
Lepidanthrax,,Insecta,Underrepresented in reserve,3,3,0,0.0189,0.9811
Junonia grisea,Gray Buckeye,Insecta,Underrepresented in reserve,2,2,0,0.019,0.981
Geraniaceae,Geranium family,Plantae,Underrepresented in reserve,2,2,0,0.02,0.98
Pepsis thisbe,Thisbe's Tarantula-hawk Wasp,Insecta,Underrepresented in reserve,3,4,1,0.0211,0.9789
Nassella,Tussockgrasses,Plantae,Underrepresented in reserve,2,2,0,0.0212,0.9788
Dufourea,Short-faced Bees,Insecta,Underrepresented in reserve,3,4,1,0.0216,0.9784
Crematogaster,Acrobat Ants and Cocktail Ants,Insecta,Underrepresented in reserve,2,2,0,0.023,0.977
Gnaphaliinae,"cudweeds, everlastings, and pussytoes",Plantae,Underrepresented in reserve,2,3,1,0.0231,0.9769
Lepidium nitidum,Shining Pepperweed,Plantae,Underrepresented in reserve,2,3,1,0.0231,0.9769
Hiltonius,,Animalia,Underrepresented in reserve,2,2,0,0.0238,0.9762
Fungi,Fungi Including Lichens,Fungi,Underrepresented in reserve,2,34,2,0.0241,0.9759
Corvus corax,Common Raven,Aves,Underrepresented in reserve,3,21,2,0.0248,0.9752
Calyptratae,Calyptrate Flies,Insecta,Underrepresented in reserve,3,5,2,0.0249,0.9751
Calvatia booniana,Western Giant Puffball,Fungi,Underrepresented in reserve,2,3,1,0.0256,0.9744
Erythranthe guttata,seep monkeyflower,Plantae,Underrepresented in reserve,2,2,0,0.0269,0.9731
Primula clevelandii clevelandii,Cleveland's Shooting Star,Plantae,Underrepresented in reserve,2,2,0,0.0271,0.9729
Mordella,,Insecta,Underrepresented in reserve,3,3,0,0.0271,0.9729
Cryptantha intermedia,Clearwater cryptantha,Plantae,Underrepresented in reserve,2,9,2,0.0272,0.9728
Pisolithus tinctorius,Dead Man's Foot,Fungi,Underrepresented in reserve,2,4,1,0.0277,0.9723
Bombus crotchii,Crotch's Bumble Bee,Insecta,Underrepresented in reserve,2,2,0,0.0281,0.9719
Dermacentor occidentalis,Pacific Coast Tick,Arachnida,Underrepresented in reserve,2,2,0,0.0282,0.9718
Hoplia callipyge,Grapevine Hoplia,Insecta,Underrepresented in reserve,3,3,0,0.0297,0.9703
Pipilo maculatus,Spotted Towhee,Aves,Underrepresented in reserve,2,5,1,0.0297,0.9703
Habronattus californicus,,Arachnida,Underrepresented in reserve,2,2,0,0.0302,0.9698
Canis latrans,Coyote,Mammalia,Underrepresented in reserve,2,18,3,0.0315,0.9685
Nassella lepida,foothill needle grass,Plantae,Underrepresented in reserve,3,3,0,0.0323,0.9677
Rhopalomyia audibertiae,White Sage Leaf Gall Midge,Insecta,Underrepresented in reserve,3,4,1,0.0327,0.9673
Avena barbata,slender wild oat,Plantae,Underrepresented in reserve,3,3,0,0.0328,0.9672
Vanessa cardui,Painted Lady,Insecta,Underrepresented in reserve,2,8,3,0.0329,0.9671
Viola pedunculata,California Golden Violet,Plantae,Underrepresented in reserve,2,4,1,0.0331,0.9669
Paracotalpa ursina rubripennis,,Insecta,Underrepresented in reserve,2,2,0,0.0338,0.9662
Dialictus,Metallic Sweat Bees,Insecta,Underrepresented in reserve,3,15,2,0.0343,0.9657
Ceanothus tomentosus olivaceus,,Plantae,Underrepresented in reserve,3,3,0,0.0363,0.9637
Pellaea mucronata,bird's foot cliffbrake,Plantae,Underrepresented in reserve,2,2,0,0.0364,0.9636
Pisolithus,,Fungi,Underrepresented in reserve,3,3,0,0.038,0.962
Andricus quercuscalifornicus,California Gall Wasp,Insecta,Underrepresented in reserve,2,4,1,0.0382,0.9618
Pseudognaphalium,rabbit-tobaccos,Plantae,Underrepresented in reserve,2,21,3,0.0394,0.9606
Tenebrionidae,Darkling Beetles,Insecta,Underrepresented in reserve,3,10,2,0.041,0.959
Stenopogonini,,Insecta,Underrepresented in reserve,3,3,0,0.0422,0.9578
Perdita,,Insecta,Underrepresented in reserve,3,3,0,0.0449,0.9551
Lupinus bicolor,Miniature Lupine,Plantae,Underrepresented in reserve,3,9,2,0.0461,0.9539
Silene laciniata,cardinal catchfly,Plantae,Underrepresented in reserve,2,4,1,0.0467,0.9533
Buteo jamaicensis,Red-tailed Hawk,Aves,Underrepresented in reserve,2,44,3,0.048,0.952
Chondestes grammacus,Lark Sparrow,Aves,Underrepresented in reserve,3,4,1,0.0486,0.9514
Ambrosia psilostachya,western ragweed,Plantae,Underrepresented in reserve,3,5,1,0.0513,0.9487
Uropappus lindleyi,silverpuffs,Plantae,Underrepresented in reserve,3,5,2,0.0517,0.9483
Angiospermae,Flowering Plants,Plantae,Underrepresented in reserve,2,15,3,0.0524,0.9476
Erodium cicutarium,Redstem Stork's-bill,Plantae,Underrepresented in reserve,3,10,3,0.0534,0.9466
Juncus,Rushes,Plantae,Underrepresented in reserve,2,4,2,0.0571,0.9429
Lathyrus vestitus,Pacific pea,Plantae,Underrepresented in reserve,3,3,0,0.0601,0.9399
Toxomerus marginatus,Margined Calligrapher,Insecta,Underrepresented in reserve,3,7,3,0.0606,0.9394
Lupinus,lupines,Plantae,Underrepresented in reserve,3,13,2,0.0613,0.9387
Poales,"Grasses, Sedges, Cattails, and Allies",Plantae,Underrepresented in reserve,3,4,1,0.0631,0.9369
Vespula pensylvanica,Western Yellowjacket,Insecta,Underrepresented in reserve,3,3,0,0.0637,0.9363
Asterellopsis palmeri,Palmer's asterella,Plantae,Underrepresented in reserve,3,4,1,0.0647,0.9353
Dittrichia graveolens,Stinkwort,Plantae,Underrepresented in reserve,3,15,2,0.0662,0.9338
Xanthoparmelia,rock shield lichens,Fungi,Underrepresented in reserve,3,3,0,0.0663,0.9337
Stebbinsoseris heterocarpa,grassland silverpuffs,Plantae,Underrepresented in reserve,3,3,0,0.0731,0.9269
Gnathamitermes,Long-jawed Desert Termites,Insecta,Underrepresented in reserve,3,3,0,0.0736,0.9264
Spergularia,Sand-Spurries,Plantae,Underrepresented in reserve,3,5,1,0.0758,0.9242
Anthophorula,,Insecta,Underrepresented in reserve,3,3,0,0.0779,0.9221
Dumosae,,Plantae,Underrepresented in reserve,3,3,0,0.079,0.921
Habronattus,Paradise Jumping Spiders,Arachnida,Underrepresented in reserve,3,5,1,0.0798,0.9202
Lytta auriculata,Red-eared Blister Beetle,Insecta,Underrepresented in reserve,3,4,1,0.08,0.92
Spinus psaltria,Lesser Goldfinch,Aves,Underrepresented in reserve,3,5,2,0.0829,0.9171
Lepidium,Pepperweeds,Plantae,Underrepresented in reserve,3,5,1,0.0844,0.9156
Eriodictyon crassifolium crassifolium,,Plantae,Underrepresented in reserve,3,3,0,0.0859,0.9141
Irbisia,,Insecta,Underrepresented in reserve,3,3,0,0.0877,0.9123
Chimarocephala pacifica,Painted Meadow Grasshopper,Insecta,Underrepresented in reserve,3,3,0,0.0913,0.9087
Stylocline gnaphalioides,everlasting neststraw,Plantae,Underrepresented in reserve,3,3,0,0.0918,0.9082
Pseudacris regilla,Pacific chorus frog,Amphibia,Underrepresented in reserve,3,20,2,0.0957,0.9043
Erynnis funeralis,Funereal Duskywing,Insecta,Underrepresented in reserve,3,5,1,0.0972,0.9028
Polioptila caerulea,Blue-gray Gnatcatcher,Aves,Underrepresented in reserve,3,4,1,0.1,0.9
Diplacus,,Plantae,Underrepresented in reserve,3,7,2,0.1009,0.8991
Formica,"Wood, Mound, and Field Ants",Insecta,Underrepresented in reserve,3,4,1,0.1009,0.8991
Eschscholzia californica,California poppy,Plantae,Underrepresented in reserve,3,8,2,0.1052,0.8948
Eucalyptus,eucalyptus,Plantae,Underrepresented in reserve,3,3,0,0.1068,0.8932
Coccinella septempunctata,Seven-spotted Lady Beetle,Insecta,Underrepresented in reserve,3,20,3,0.1111,0.8889
Hemiptera,"True Bugs, Hoppers, Aphids, and allies",Insecta,Underrepresented in reserve,3,6,3,0.1143,0.8857
Rodentia,Rodents,Mammalia,Underrepresented in reserve,3,4,1,0.115,0.885
Jepsonia parryi,Parry's Jepsonia,Plantae,Underrepresented in reserve,3,3,0,0.1291,0.8709
Logfia gallica,narrowleaf cottonrose,Plantae,Underrepresented in reserve,3,4,1,0.135,0.865
Hooveria,,Plantae,Underrepresented in reserve,4,4,0,0.1798,0.8202
Villa,,Insecta,Underrepresented in reserve,4,5,1,0.2439,0.7561
Caulanthus heterophyllus,San Diego Wild Cabbage,Plantae,Underrepresented in reserve,4,4,0,0.2628,0.7372
Sairocarpus pusillus,lesser snapdragon,Plantae,Underrepresented in reserve,5,23,2,0.3599,0.6401
Acacia,wattles,Plantae,Underrepresented in reserve,5,6,1,0.3687,0.6313
Lepidanthrax angulus,,Insecta,Underrepresented in reserve,4,4,0,0.3817,0.6183
Lasioglossum sisymbrii,Tansy Mustard Sweat Bee,Insecta,Underrepresented in reserve,5,5,0,0.4156,0.5844
Otala lactea,Milk Snail,Mollusca,Underrepresented in reserve,4,5,1,0.4206,0.5794
Tachinidae,Tachinid Flies,Insecta,Underrepresented in reserve,4,4,0,0.5791,0.4209
Aphoebantus,,Insecta,Underrepresented in reserve,4,4,0,0.6608,0.3392
Salvia apiana,white sage,Plantae,Underrepresented in reserve,4,9,2,0.6797,0.3203
