latitude,longitude,time_observed_at,scientific_name,common_name,iconic_taxon_name,elevation,slope,aspect,ndvi,landcover,impervious,bathymetry,soil_sand,soil_ph,soil_clay,env_data_completeness
33.1471721667,-117.247375,2025-02-08 18:48:32+00:00,Acarospora schleicheri,Soil Paint Lichen,Fungi,130.0,7.4597249031066895,8.49125862121582,0.1269673854112625,52.0,0.0,128.0,55.0,70.0,19.0,1.0
33.1472338874,-117.2510721968,2018-01-13 19:58:20+00:00,Acmispon glaber,deerweed,Plantae,146.0,13.548718452453613,61.950992584228516,0.16268905997276306,52.0,0.0,128.0,54.0,67.0,20.0,1.0
33.1486545945,-117.2513723355,2023-04-25 17:07:00+00:00,Acmispon glaber,deerweed,Plantae,100.0,3.8659446239471436,343.3746032714844,0.27368929982185364,90.0,0.0,128.0,54.0,67.0,20.0,1.0
33.1486545945,-117.2513723355,2023-04-25 17:15:00+00:00,Acmispon glaber,deerweed,Plantae,100.0,3.8659446239471436,343.3746032714844,0.27368929982185364,90.0,0.0,128.0,54.0,67.0,20.0,1.0
33.1486545945,-117.2513723355,2023-04-25 18:34:00+00:00,Acmispon glaber,deerweed,Plantae,100.0,3.8659446239471436,343.3746032714844,0.27368929982185364,90.0,0.0,128.0,54.0,67.0,20.0,1.0
33.1483509183,-117.2471214745,2024-01-13 18:50:03+00:00,Acmispon glaber,deerweed,Plantae,113.0,2.2144412994384766,270.0,0.14765606820583344,52.0,0.0,128.0,55.0,70.0,19.0,1.0
33.1460583333,-117.24832,2024-01-13 21:28:24+00:00,Acmispon glaber,deerweed,Plantae,145.0,5.759568691253662,50.06127166748047,0.14284005761146545,52.0,0.0,128.0,55.0,71.0,20.0,1.0
33.1506282304,-117.248727251,2025-02-08 17:30:32+00:00,Acmispon glaber,deerweed,Plantae,98.0,8.182602882385254,109.73878479003906,0.157515287399292,52.0,0.0,128.0,57.0,69.0,19.0,1.0
33.1526861667,-117.2495583333,2025-06-20 18:33:10+00:00,Acmispon glaber,deerweed,Plantae,125.0,8.9804048538208,78.17842864990234,0.14195583760738373,52.0,0.0,128.0,56.0,71.0,20.0,1.0
33.1460333333,-117.2483383333,2022-03-01 19:27:16+00:00,Acmispon glaber glaber,Coastal Deerweed,Plantae,145.0,5.759568691253662,50.06127166748047,0.14284005761146545,52.0,0.0,128.0,55.0,71.0,20.0,1.0
33.1479652746,-117.246979577,2025-04-09 18:40:48+00:00,Acmispon glaber glaber,Coastal Deerweed,Plantae,112.0,2.992156982421875,338.29132080078125,0.14379410445690155,52.0,0.0,128.0,55.0,70.0,19.0,1.0
33.1505680344,-117.2487931837,2025-04-30 18:51:59+00:00,Acmispon micranthus,San Diego bird's-foot trefoil,Plantae,102.0,8.532731056213379,115.56742858886719,0.17227113246917725,52.0,0.0,128.0,57.0,69.0,19.0,1.0
33.1510638889,-117.248525,2025-05-12 21:34:13+00:00,Acmispon micranthus,San Diego bird's-foot trefoil,Plantae,101.0,10.518335342407227,110.41043090820312,0.15516044199466705,52.0,0.0,128.0,57.0,69.0,19.0,1.0
33.1497335808,-117.2490601946,2025-04-30 17:30:31+00:00,Aculops rhois,Poison Ivy Leaf Mite,Arachnida,98.0,3.704791784286499,180.0,0.20633623003959656,52.0,0.0,128.0,57.0,69.0,19.0,1.0
33.147684,-117.2525927,2018-04-22 16:05:00+00:00,Adelpha californica,California Sister,Insecta,106.0,13.511812210083008,331.1343994140625,0.21008747816085815,42.0,0.0,128.0,54.0,67.0,20.0,1.0
33.1486138333,-117.2516333333,2019-10-02 22:12:23+00:00,Adelpha californica,California Sister,Insecta,101.0,8.471818923950195,319.5315856933594,0.2554614543914795,42.0,0.0,128.0,54.0,67.0,20.0,1.0
33.146993,-117.247521,2016-01-16 17:45:00+00:00,Adenostoma fasciculatum,chamise,Plantae,132.0,5.6556878089904785,348.74188232421875,0.14556923508644104,52.0,0.0,128.0,54.0,71.0,18.0,1.0
33.147848113,-117.2470057011,2017-01-21 20:03:00+00:00,Adenostoma fasciculatum,chamise,Plantae,112.0,2.992156982421875,338.29132080078125,0.14379410445690155,52.0,0.0,128.0,55.0,70.0,19.0,1.0
33.1519292431,-117.2481632466,2018-01-13 16:25:42+00:00,Adenostoma fasciculatum,chamise,Plantae,103.0,4.792656421661377,112.71475219726562,0.16409806907176971,52.0,0.0,128.0,56.0,71.0,20.0,1.0
33.1519862032,-117.2481992004,2018-02-28 00:07:26+00:00,Adenostoma fasciculatum,chamise,Plantae,103.0,4.792656421661377,112.71475219726562,0.16409806907176971,52.0,0.0,128.0,56.0,71.0,20.0,1.0
33.1519906585,-117.248132708,2019-04-28 15:51:44+00:00,Adenostoma fasciculatum,chamise,Plantae,103.0,4.792656421661377,112.71475219726562,0.16409806907176971,52.0,0.0,128.0,56.0,71.0,20.0,1.0
33.15204302,-117.2481554,2019-04-28 15:57:14+00:00,Adenostoma fasciculatum,chamise,Plantae,103.0,4.792656421661377,112.71475219726562,0.16409806907176971,52.0,0.0,128.0,56.0,71.0,20.0,1.0
33.1463432312,-117.247505188,2020-01-11 10:11:12+00:00,Adenostoma fasciculatum,chamise,Plantae,135.0,4.7923994064331055,67.28395080566406,0.1399560421705246,52.0,0.0,128.0,54.0,71.0,18.0,1.0
33.1467623033,-117.2473912456,2020-01-11 19:16:29+00:00,Adenostoma fasciculatum,chamise,Plantae,132.0,5.21774435043335,57.87310028076172,0.1338597983121872,52.0,0.0,128.0,54.0,71.0,18.0,1.0
33.1484191294,-117.2473104121,2022-01-15 18:12:47+00:00,Adenostoma fasciculatum,chamise,Plantae,110.0,9.21119499206543,314.3275146484375,0.21096768975257874,52.0,0.0,128.0,55.0,70.0,19.0,1.0
33.1471666667,-117.2473366667,2022-01-15 18:30:15+00:00,Adenostoma fasciculatum,chamise,Plantae,130.0,7.4597249031066895,8.49125862121582,0.1269673854112625,52.0,0.0,128.0,55.0,70.0,19.0,1.0
33.1475524902,-117.2471466064,2022-01-15 20:13:24+00:00,Adenostoma fasciculatum,chamise,Plantae,124.0,12.947538375854492,350.3172302246094,0.13245022296905518,52.0,0.0,128.0,55.0,70.0,19.0,1.0
33.1519833333,-117.2481633333,2022-03-01 18:17:25+00:00,Adenostoma fasciculatum,chamise,Plantae,103.0,4.792656421661377,112.71475219726562,0.16409806907176971,52.0,0.0,128.0,56.0,71.0,20.0,1.0
33.1469471667,-117.2473833333,2022-03-01 19:15:26+00:00,Adenostoma fasciculatum,chamise,Plantae,132.0,5.21774435043335,57.87310028076172,0.1338597983121872,52.0,0.0,128.0,54.0,71.0,18.0,1.0
33.1471778333,-117.2473633333,2022-03-01 19:54:15+00:00,Adenostoma fasciculatum,chamise,Plantae,130.0,7.4597249031066895,8.49125862121582,0.1269673854112625,52.0,0.0,128.0,55.0,70.0,19.0,1.0
33.1485056587,-117.2476319844,2023-01-14 18:55:58+00:00,Adenostoma fasciculatum,chamise,Plantae,106.0,12.786489486694336,309.93792724609375,0.22121699154376984,52.0,0.0,128.0,55.0,70.0,19.0,1.0
33.1476083333,-117.2470783333,2023-01-14 19:07:52+00:00,Adenostoma fasciculatum,chamise,Plantae,116.0,10.096575736999512,-0.0,0.14230774343013763,52.0,0.0,128.0,55.0,70.0,19.0,1.0
33.1460445,-117.2504883333,2023-01-14 19:33:10+00:00,Adenostoma fasciculatum,chamise,Plantae,158.0,5.1257734298706055,334.46441650390625,0.13102182745933533,52.0,0.0,128.0,52.0,70.0,21.0,1.0
33.1486545945,-117.2513723355,2023-04-25 17:08:00+00:00,Adenostoma fasciculatum,chamise,Plantae,100.0,3.8659446239471436,343.3746032714844,0.27368929982185364,90.0,0.0,128.0,54.0,67.0,20.0,1.0
33.1486545945,-117.2513723355,2023-04-25 18:23:00+00:00,Adenostoma fasciculatum,chamise,Plantae,100.0,3.8659446239471436,343.3746032714844,0.27368929982185364,90.0,0.0,128.0,54.0,67.0,20.0,1.0
33.1486545945,-117.2513723355,2023-04-25 19:15:00+00:00,Adenostoma fasciculatum,chamise,Plantae,100.0,3.8659446239471436,343.3746032714844,0.27368929982185364,90.0,0.0,128.0,54.0,67.0,20.0,1.0
33.1520406779,-117.2482092403,2024-01-13 17:28:56+00:00,Adenostoma fasciculatum,chamise,Plantae,104.0,4.517909049987793,101.8216781616211,0.16362841427326202,52.0,0.0,128.0,56.0,71.0,20.0,1.0
33.1474997997,-117.2471538,2024-01-13 19:01:28+00:00,Adenostoma fasciculatum,chamise,Plantae,124.0,12.947538375854492,350.3172302246094,0.13245022296905518,52.0,0.0,128.0,55.0,70.0,19.0,1.0
33.1485089338,-117.2474221713,2025-04-09 18:38:17+00:00,Adenostoma fasciculatum,chamise,Plantae,106.0,12.786489486694336,309.93792724609375,0.22121699154376984,52.0,0.0,128.0,55.0,70.0,19.0,1.0
33.1504060765,-117.2497337237,2025-04-30 18:39:49+00:00,Adenostoma fasciculatum,chamise,Plantae,106.0,5.96810245513916,158.2908172607422,0.14761678874492645,52.0,0.0,128.0,57.0,69.0,19.0,1.0
33.1519388333,-117.2482,2025-06-20 18:23:18+00:00,Adenostoma fasciculatum,chamise,Plantae,103.0,4.792656421661377,112.71475219726562,0.16409806907176971,52.0,0.0,128.0,56.0,71.0,20.0,1.0
33.148211455,-117.2527691816,2016-01-16 18:59:23+00:00,Agaricales,Common Gilled Mushrooms and Allies,Fungi,94.0,6.827554702758789,341.15777587890625,0.2596748471260071,42.0,0.0,128.0,54.0,67.0,20.0,1.0
33.1482593536,-117.2534751892,2017-01-21 18:47:00+00:00,Agaricales,Common Gilled Mushrooms and Allies,Fungi,94.0,1.4444772005081177,230.06198120117188,0.2648966610431671,90.0,0.0,128.0,54.0,67.0,20.0,1.0
33.14856383,-117.25180833,2020-01-11 11:20:31+00:00,Agaricales,Common Gilled Mushrooms and Allies,Fungi,96.0,11.405220031738281,309.93792724609375,0.24799086153507233,90.0,0.0,128.0,54.0,67.0,20.0,1.0
33.1517091543,-117.2481122506,2022-01-15 09:32:05+00:00,Agaricales,Common Gilled Mushrooms and Allies,Fungi,101.0,7.186158180236816,129.93695068359375,0.1710846722126007,52.0,0.0,128.0,56.0,71.0,20.0,1.0
33.1512971724,-117.248245,2023-01-14 16:41:26+00:00,Agaricales,Common Gilled Mushrooms and Allies,Fungi,97.0,10.35069751739502,122.12567138671875,0.14794552326202393,52.0,0.0,128.0,57.0,69.0,19.0,1.0
33.1502528424,-117.2487116667,2023-01-14 16:51:53+00:00,Agaricales,Common Gilled Mushrooms and Allies,Fungi,99.0,3.446214199066162,105.5933837890625,0.27243661880493164,52.0,0.0,128.0,57.0,69.0,19.0,1.0
33.1487361719,-117.2488416667,2023-01-14 17:17:55+00:00,Agaricales,Common Gilled Mushrooms and Allies,Fungi,97.0,1.107641339302063,90.0,0.15507586300373077,21.0,1.0,128.0,54.0,69.0,20.0,1.0
33.1485945024,-117.2500216667,2023-01-14 18:01:59+00:00,Agaricales,Common Gilled Mushrooms and Allies,Fungi,99.0,2.992159605026245,338.29119873046875,0.2425835132598877,90.0,0.0,128.0,54.0,69.0,20.0,1.0
33.1480916667,-117.2495716667,2023-01-14 18:08:29+00:00,Agaricales,Common Gilled Mushrooms and Allies,Fungi,110.0,11.45389461517334,331.50262451171875,0.23199018836021423,52.0,0.0,128.0,54.0,69.0,20.0,1.0
33.1465333333,-117.2474133333,2023-01-14 19:50:31+00:00,Agaricales,Common Gilled Mushrooms and Allies,Fungi,134.0,3.552210807800293,38.52803421020508,0.15072062611579895,52.0,0.0,128.0,54.0,71.0,18.0,1.0
33.1487416667,-117.248825,2023-01-14 19:59:09+00:00,Agaricales,Common Gilled Mushrooms and Allies,Fungi,97.0,1.107641339302063,90.0,0.15507586300373077,21.0,1.0,128.0,54.0,69.0,20.0,1.0
33.1498403171,-117.2539043433,2025-12-01 20:23:00+00:00,Agaricales,Common Gilled Mushrooms and Allies,Fungi,132.0,19.965635299682617,212.15464782714844,0.15659429132938385,52.0,0.0,128.0,56.0,70.0,20.0,1.0
33.1485289615,-117.2477271316,2016-01-16 16:55:17+00:00,Agaricomycetes,"Mushrooms, Bracket Fungi, Puffballs, and Allies",Fungi,101.0,12.60735034942627,322.76300048828125,0.19933944940567017,52.0,0.0,128.0,55.0,70.0,19.0,1.0
33.1506666667,-117.24878,2022-01-15 09:00:48+00:00,Agaricomycetes,"Mushrooms, Bracket Fungi, Puffballs, and Allies",Fungi,102.0,8.532731056213379,115.56742858886719,0.17227113246917725,52.0,0.0,128.0,57.0,69.0,19.0,1.0
33.1502723694,-117.2487716675,2022-01-15 17:05:19+00:00,Agaricomycetes,"Mushrooms, Bracket Fungi, Puffballs, and Allies",Fungi,100.0,5.821231365203857,108.51547241210938,0.17764776945114136,52.0,0.0,128.0,57.0,69.0,19.0,1.0
33.14853103,-117.24836872,2022-01-15 17:25:33+00:00,Agaricomycetes,"Mushrooms, Bracket Fungi, Puffballs, and Allies",Fungi,98.0,4.313004016876221,329.15478515625,0.1800135374069214,52.0,0.0,128.0,54.0,69.0,20.0,1.0
33.14865619,-117.25058408,2022-01-15 20:04:07+00:00,Agaricomycetes,"Mushrooms, Bracket Fungi, Puffballs, and Allies",Fungi,100.0,1.8543341159820557,180.0,0.2426738291978836,52.0,0.0,128.0,54.0,67.0,20.0,1.0
33.1476886627,-117.2525927424,2022-01-15 20:58:10+00:00,Agaricomycetes,"Mushrooms, Bracket Fungi, Puffballs, and Allies",Fungi,106.0,13.511812210083008,331.1343994140625,0.21008747816085815,42.0,0.0,128.0,54.0,67.0,20.0,1.0
33.1479611667,-117.2557966667,2024-01-13 21:29:40+00:00,Agaricomycetes,"Mushrooms, Bracket Fungi, Puffballs, and Allies",Fungi,95.0,3.552232503890991,38.52847671508789,0.26213374733924866,42.0,0.0,128.0,54.0,70.0,21.0,1.0
33.148152,-117.252204,2016-01-16 17:09:00+00:00,Agaricus,field and button mushrooms,Fungi,100.0,15.535239219665527,330.86578369140625,0.2119893580675125,42.0,0.0,128.0,54.0,67.0,20.0,1.0
33.1497470473,-117.2487920949,2016-01-16 17:30:20+00:00,Agaricus,field and button mushrooms,Fungi,98.0,3.8659474849700928,163.37445068359375,0.27009475231170654,52.0,0.0,128.0,57.0,69.0,19.0,1.0
33.148116,-117.252284,2016-01-16 19:09:00+00:00,Agaricus,field and button mushrooms,Fungi,96.0,13.511831283569336,331.1342468261719,0.22770389914512634,42.0,0.0,128.0,54.0,67.0,20.0,1.0
33.1480078346,-117.2522091866,2017-01-21 17:49:00+00:00,Agaricus,field and button mushrooms,Fungi,108.0,15.453839302062988,339.5323486328125,0.17588332295417786,42.0,0.0,128.0,54.0,67.0,20.0,1.0
33.148830505,-117.2492216667,2023-01-14 17:21:54+00:00,Agaricus,field and button mushrooms,Fungi,98.0,3.8659446239471436,16.62540054321289,0.1719782054424286,52.0,0.0,128.0,54.0,69.0,20.0,1.0
33.1480444444,-117.2555666667,2024-01-13 21:22:00+00:00,Agaricus,field and button mushrooms,Fungi,95.0,0.9274099469184875,-0.0,0.2526199221611023,90.0,0.0,128.0,54.0,70.0,21.0,1.0
33.1478888333,-117.255555,2024-01-13 21:30:20+00:00,Agaricus campestris,Meadow Mushroom,Fungi,95.0,0.9274099469184875,-0.0,0.2526199221611023,90.0,0.0,128.0,54.0,70.0,21.0,1.0
33.1518888333,-117.2481466667,2023-01-14 16:38:55+00:00,Agaricus deserticola,Gasteroid Agaricus,Fungi,103.0,4.792656421661377,112.71475219726562,0.16409806907176971,52.0,0.0,128.0,56.0,71.0,20.0,1.0
33.1486545945,-117.2513723355,2023-04-25 16:39:00+00:00,Agelaius phoeniceus,Red-winged Blackbird,Aves,100.0,3.8659446239471436,343.3746032714844,0.27368929982185364,90.0,0.0,128.0,54.0,67.0,20.0,1.0
33.1486545945,-117.2513723355,2023-04-25 16:59:00+00:00,Agelaius phoeniceus,Red-winged Blackbird,Aves,100.0,3.8659446239471436,343.3746032714844,0.27368929982185364,90.0,0.0,128.0,54.0,67.0,20.0,1.0
33.1483464595,-117.2524121085,2019-04-28 16:37:00+00:00,Agelenidae,Funnel Weavers,Arachnida,96.0,13.511831283569336,331.1342468261719,0.22770389914512634,42.0,0.0,128.0,54.0,67.0,20.0,1.0
33.1519212927,-117.2480562659,2025-02-08 17:17:56+00:00,Ageleninae,Typical Funnel Weavers,Arachnida,103.0,4.792656421661377,112.71475219726562,0.16409806907176971,52.0,0.0,128.0,56.0,71.0,20.0,1.0
33.1505861667,-117.2486583333,2022-01-05 16:54:07+00:00,Agrocybe pediades,Common Fieldcap,Fungi,98.0,8.182602882385254,109.73878479003906,0.157515287399292,52.0,0.0,128.0,57.0,69.0,19.0,1.0
33.148644463,-117.2484218084,2023-01-14 18:24:02+00:00,Agrocybe pediades,Common Fieldcap,Fungi,97.0,2.9921607971191406,21.7088680267334,0.17881156504154205,71.0,0.0,128.0,54.0,69.0,20.0,1.0
33.1485138333,-117.247855,2024-01-13 20:35:25+00:00,Agrocybe pediades,Common Fieldcap,Fungi,101.0,12.60735034942627,322.76300048828125,0.19933944940567017,52.0,0.0,128.0,55.0,70.0,19.0,1.0
33.1497166667,-117.2578416667,2023-05-10 18:38:41+00:00,Allium praecox,Early Onion,Plantae,169.0,4.5177998542785645,101.82196807861328,0.16382937133312225,52.0,0.0,128.0,56.0,73.0,22.0,1.0
33.149029413,-117.2491479841,2025-04-30 16:27:52+00:00,Amanita,amanita mushrooms,Fungi,96.0,1.8543341159820557,-0.0,0.24908022582530975,52.0,0.0,128.0,54.0,69.0,20.0,1.0
33.147684,-117.2525927,2018-04-22 15:42:00+00:00,Amanita magniverrucata,Pinecone Amanita,Fungi,106.0,13.511812210083008,331.1343994140625,0.21008747816085815,42.0,0.0,128.0,54.0,67.0,20.0,1.0
33.1484195,-117.2521133333,2018-04-22 16:39:59+00:00,Amanita magniverrucata,Pinecone Amanita,Fungi,93.0,7.811668395996094,325.6863708496094,0.23129010200500488,90.0,0.0,128.0,54.0,67.0,20.0,1.0
33.14825328,-117.25287373,2019-04-28 17:13:53+00:00,Amanita magniverrucata,Pinecone Amanita,Fungi,94.0,2.7802884578704834,-0.0,0.26680296659469604,42.0,0.0,128.0,54.0,67.0,20.0,1.0
33.1511471667,-117.2483966667,2023-01-14 16:43:09+00:00,Amanita magniverrucata,Pinecone Amanita,Fungi,97.0,10.35069751739502,122.12567138671875,0.14794552326202393,52.0,0.0,128.0,57.0,69.0,19.0,1.0
33.1503528333,-117.2486283333,2021-02-16 16:55:55+00:00,Amanita novinupta,Blushing Bride Amanita,Fungi,98.0,3.4462242126464844,74.40666198730469,0.20796598494052887,52.0,0.0,128.0,57.0,69.0,19.0,1.0
33.1503166667,-117.2486555556,2026-01-11 18:31:00+00:00,Amanita novinupta,Blushing Bride Amanita,Fungi,98.0,3.4462242126464844,74.40666198730469,0.20796598494052887,52.0,0.0,128.0,57.0,69.0,19.0,1.0
33.1520166667,-117.2480805556,2026-01-27 00:23:32+00:00,Amanita ocreata,Western Destroying Angel,Fungi,103.0,4.792656421661377,112.71475219726562,0.16409806907176971,52.0,0.0,128.0,56.0,71.0,20.0,1.0
33.1477966667,-117.25653,2017-03-05 00:05:21+00:00,Amanita velosa,springtime amanita,Fungi,93.0,11.091241836547852,279.5061340332031,0.1966995745897293,42.0,0.0,128.0,53.0,72.0,21.0,1.0
33.1498666667,-117.248825,2025-05-07 19:58:32+00:00,Amanita velosa,springtime amanita,Fungi,98.0,3.8659474849700928,163.37445068359375,0.27009475231170654,52.0,0.0,128.0,57.0,69.0,19.0,1.0
33.1487083333,-117.2489383333,2019-10-02 23:41:00+00:00,Amaranthaceae,Amaranth family,Plantae,97.0,1.107641339302063,90.0,0.15507586300373077,21.0,1.0,128.0,54.0,69.0,20.0,1.0
33.1488416667,-117.2488333333,2019-10-02 23:19:20+00:00,Amaranthus,amaranths,Plantae,97.0,1.107641339302063,90.0,0.15507586300373077,21.0,1.0,128.0,54.0,69.0,20.0,1.0
33.1484055556,-117.2513444444,2024-01-18 16:59:00+00:00,Ambigolimax,Threeband Slugs,Mollusca,101.0,3.865943670272827,16.625350952148438,0.2554614543914795,90.0,0.0,128.0,54.0,67.0,20.0,1.0
33.1486341567,-117.252094802,2025-04-30 19:19:07+00:00,Ambrosia psilostachya,western ragweed,Plantae,93.0,7.811668395996094,325.6863708496094,0.23129010200500488,90.0,0.0,128.0,54.0,67.0,20.0,1.0
33.1485555,-117.2520666667,2025-06-20 17:56:47+00:00,Ambrosia psilostachya,western ragweed,Plantae,93.0,7.811668395996094,325.6863708496094,0.23129010200500488,90.0,0.0,128.0,54.0,67.0,20.0,1.0
33.1480086441,-117.2533280248,2019-04-28 17:15:15+00:00,Amphibolips quercuspomiformis,Live Oak Apple Gall Wasp,Insecta,95.0,7.185986518859863,309.9381103515625,0.25315871834754944,42.0,0.0,128.0,54.0,67.0,20.0,1.0
33.147869641,-117.2534052004,2019-04-28 17:29:47+00:00,Amphibolips quercuspomiformis,Live Oak Apple Gall Wasp,Insecta,95.0,7.185986518859863,309.9381103515625,0.25315871834754944,42.0,0.0,128.0,54.0,67.0,20.0,1.0
33.1483535767,-117.2502975464,2020-01-11 11:58:27+00:00,Amphibolips quercuspomiformis,Live Oak Apple Gall Wasp,Insecta,98.0,5.125797271728516,334.4638671875,0.2885795533657074,90.0,0.0,128.0,54.0,67.0,20.0,1.0
33.1488680095,-117.2491443438,2018-04-22 17:44:18+00:00,Amsinckia,Fiddlenecks,Plantae,98.0,3.8659446239471436,16.62540054321289,0.1719782054424286,52.0,0.0,128.0,54.0,69.0,20.0,1.0
33.1476886627,-117.2525927424,2022-01-15 17:23:48+00:00,Amsinckia,Fiddlenecks,Plantae,106.0,13.511812210083008,331.1343994140625,0.21008747816085815,42.0,0.0,128.0,54.0,67.0,20.0,1.0
33.1511673143,-117.2484411451,2019-04-28 14:55:00+00:00,Amsinckia menziesii,Common Fiddleneck,Plantae,97.0,10.35069751739502,122.12567138671875,0.14794552326202393,52.0,0.0,128.0,57.0,69.0,19.0,1.0
33.1508135273,-117.2485487452,2019-04-28 16:04:54+00:00,Amsinckia menziesii,Common Fiddleneck,Plantae,101.0,10.518335342407227,110.41043090820312,0.15516044199466705,52.0,0.0,128.0,57.0,69.0,19.0,1.0
33.1487861667,-117.2487583333,2022-03-01 18:43:58+00:00,Amsinckia menziesii,Common Fiddleneck,Plantae,97.0,1.107641339302063,90.0,0.15507586300373077,21.0,1.0,128.0,54.0,69.0,20.0,1.0
33.1486545945,-117.2513723355,2023-04-25 17:31:00+00:00,Amsinckia menziesii,Common Fiddleneck,Plantae,100.0,3.8659446239471436,343.3746032714844,0.27368929982185364,90.0,0.0,128.0,54.0,67.0,20.0,1.0
33.1486545945,-117.2513723355,2023-04-25 18:09:00+00:00,Amsinckia menziesii,Common Fiddleneck,Plantae,100.0,3.8659446239471436,343.3746032714844,0.27368929982185364,90.0,0.0,128.0,54.0,67.0,20.0,1.0
33.148830692,-117.2485563451,2025-04-09 21:18:43+00:00,Amsinckia menziesii,Common Fiddleneck,Plantae,97.0,0.9274099469184875,-0.0,0.16170455515384674,71.0,0.0,128.0,54.0,69.0,20.0,1.0
33.1500103826,-117.2492797816,2025-04-30 18:00:53+00:00,Amsinckia menziesii,Common Fiddleneck,Plantae,101.0,7.254580974578857,152.8927764892578,0.15529900789260864,52.0,0.0,128.0,57.0,69.0,19.0,1.0
33.1484583333,-117.2485416667,2025-05-12 20:04:34+00:00,Amsinckia menziesii,Common Fiddleneck,Plantae,97.0,2.8871259689331055,309.93792724609375,0.16232718527317047,52.0,0.0,128.0,54.0,69.0,20.0,1.0
33.1486545945,-117.2513723355,2023-04-25 16:41:00+00:00,Anas platyrhynchos,Mallard,Aves,100.0,3.8659446239471436,343.3746032714844,0.27368929982185364,90.0,0.0,128.0,54.0,67.0,20.0,1.0
33.1486545945,-117.2513723355,2023-04-25 16:47:00+00:00,Anas platyrhynchos,Mallard,Aves,100.0,3.8659446239471436,343.3746032714844,0.27368929982185364,90.0,0.0,128.0,54.0,67.0,20.0,1.0
33.1500722222,-117.2487138889,2025-05-12 21:38:35+00:00,Anas platyrhynchos,Mallard,Aves,99.0,3.446214199066162,105.5933837890625,0.27243661880493164,52.0,0.0,128.0,57.0,69.0,19.0,1.0
33.1486545945,-117.2513723355,2023-04-25 16:38:00+00:00,Anas platyrhynchos domesticus,Domestic Mallard,Aves,100.0,3.8659446239471436,343.3746032714844,0.27368929982185364,90.0,0.0,128.0,54.0,67.0,20.0,1.0
33.1479249465,-117.2528609668,2019-04-28 16:14:00+00:00,Andricus,,Insecta,98.0,9.917640686035156,326.43414306640625,0.23904162645339966,42.0,0.0,128.0,54.0,67.0,20.0,1.0
33.148125,-117.2507166667,2020-01-19 10:11:20+00:00,Andricus quercuscalifornicus,California Gall Wasp,Insecta,100.0,8.577668190002441,30.845129013061523,0.2653374969959259,90.0,0.0,128.0,54.0,67.0,20.0,1.0
33.1481333333,-117.2527916667,2022-01-15 20:15:20+00:00,Andricus quercuscalifornicus,California Gall Wasp,Insecta,94.0,2.7802884578704834,-0.0,0.26680296659469604,42.0,0.0,128.0,54.0,67.0,20.0,1.0
33.1475333333,-117.257155,2018-04-22 17:14:14+00:00,Anemopsis californica,Yerba Mansa,Plantae,90.0,13.945086479187012,141.47169494628906,0.2602376639842987,52.0,0.0,128.0,53.0,72.0,21.0,1.0
33.1484483695,-117.247328153,2016-01-16 18:04:12+00:00,Angiospermae,Flowering Plants,Plantae,110.0,9.21119499206543,314.3275146484375,0.21096768975257874,52.0,0.0,128.0,55.0,70.0,19.0,1.0
33.1483166667,-117.2511583333,2022-04-28 21:49:09+00:00,Angiospermae,Flowering Plants,Plantae,102.0,9.36627197265625,27.960859298706055,0.24405525624752045,42.0,0.0,128.0,54.0,67.0,20.0,1.0
33.1459583333,-117.24807,2023-01-14 19:22:03+00:00,Angiospermae,Flowering Plants,Plantae,143.0,8.18224048614502,70.26029968261719,0.14284005761146545,52.0,0.0,128.0,55.0,71.0,20.0,1.0
33.14846564,-117.25163328,2019-04-28 16:55:56+00:00,Annulohypoxylon,,Fungi,101.0,8.471818923950195,319.5315856933594,0.2554614543914795,42.0,0.0,128.0,54.0,67.0,20.0,1.0
33.1484971724,-117.251625,2020-01-11 22:03:40+00:00,Annulohypoxylon,,Fungi,101.0,8.471818923950195,319.5315856933594,0.2554614543914795,42.0,0.0,128.0,54.0,67.0,20.0,1.0
33.1479489338,-117.2558167578,2022-12-30 19:13:01+00:00,Annulohypoxylon,,Fungi,95.0,3.552232503890991,38.52847671508789,0.26213374733924866,42.0,0.0,128.0,54.0,70.0,21.0,1.0
33.1484798435,-117.251673164,2019-04-28 16:56:25+00:00,Annulohypoxylon thouarsianum,Cramp Balls,Fungi,101.0,8.471818923950195,319.5315856933594,0.2554614543914795,42.0,0.0,128.0,54.0,67.0,20.0,1.0
33.1487805,-117.2519916667,2019-10-02 22:12:10+00:00,Annulohypoxylon thouarsianum,Cramp Balls,Fungi,93.0,3.8659446239471436,163.37460327148438,0.25765109062194824,90.0,0.0,128.0,54.0,67.0,20.0,1.0
33.1484936318,-117.25174726,2020-01-11 09:47:20+00:00,Annulohypoxylon thouarsianum,Cramp Balls,Fungi,96.0,11.405220031738281,309.93792724609375,0.24799086153507233,90.0,0.0,128.0,54.0,67.0,20.0,1.0
33.14825,-117.25061667,2020-01-11 17:42:03+00:00,Annulohypoxylon thouarsianum,Cramp Balls,Fungi,98.0,5.968084335327148,21.708744049072266,0.2875625193119049,90.0,0.0,128.0,54.0,67.0,20.0,1.0
33.1485599793,-117.2517977397,2020-01-11 17:49:38+00:00,Annulohypoxylon thouarsianum,Cramp Balls,Fungi,96.0,11.405220031738281,309.93792724609375,0.24799086153507233,90.0,0.0,128.0,54.0,67.0,20.0,1.0
33.1478916667,-117.2555166667,2021-02-16 17:45:50+00:00,Annulohypoxylon thouarsianum,Cramp Balls,Fungi,95.0,0.9274099469184875,-0.0,0.2526199221611023,90.0,0.0,128.0,54.0,70.0,21.0,1.0
33.1478833333,-117.2548216667,2022-01-15 10:44:45+00:00,Annulohypoxylon thouarsianum,Cramp Balls,Fungi,92.0,3.8659415245056152,16.62525177001953,0.2838176190853119,90.0,0.0,128.0,54.0,70.0,21.0,1.0
33.1482311349,-117.250830842,2022-01-15 19:58:43+00:00,Annulohypoxylon thouarsianum,Cramp Balls,Fungi,100.0,8.577668190002441,30.845129013061523,0.2653374969959259,90.0,0.0,128.0,54.0,67.0,20.0,1.0
33.1481333333,-117.250175,2024-01-05 18:51:03+00:00,Annulohypoxylon thouarsianum,Cramp Balls,Fungi,98.0,5.125797271728516,334.4638671875,0.2885795533657074,90.0,0.0,128.0,54.0,67.0,20.0,1.0
33.1476305556,-117.2539611111,2024-01-13 19:02:57+00:00,Annulohypoxylon thouarsianum,Cramp Balls,Fungi,95.0,8.912060737609863,21.7086181640625,0.2594638168811798,42.0,0.0,128.0,54.0,67.0,20.0,1.0
33.1483416667,-117.2501916667,2024-01-13 20:13:00+00:00,Annulohypoxylon thouarsianum,Cramp Balls,Fungi,98.0,5.125797271728516,334.4638671875,0.2885795533657074,90.0,0.0,128.0,54.0,67.0,20.0,1.0
33.1484111667,-117.2511583333,2024-01-13 20:49:06+00:00,Annulohypoxylon thouarsianum,Cramp Balls,Fungi,100.0,3.552241325378418,38.52865219116211,0.26266878843307495,90.0,0.0,128.0,54.0,67.0,20.0,1.0
33.147761087,-117.2557500377,2024-11-01 20:12:59+00:00,Annulohypoxylon thouarsianum,Cramp Balls,Fungi,102.0,11.883977890014648,-0.0,0.20220716297626495,42.0,0.0,128.0,54.0,70.0,21.0,1.0
33.1476942974,-117.2537230939,2025-02-08 19:13:16+00:00,Annulohypoxylon thouarsianum,Cramp Balls,Fungi,94.0,10.17082405090332,334.4639892578125,0.24760621786117554,42.0,0.0,128.0,54.0,67.0,20.0,1.0
33.147684,-117.2525927,2025-02-08 20:44:00+00:00,Annulohypoxylon thouarsianum,Cramp Balls,Fungi,106.0,13.511812210083008,331.1343994140625,0.21008747816085815,42.0,0.0,128.0,54.0,67.0,20.0,1.0
33.1476331873,-117.2544944988,2025-11-02 18:40:27+00:00,Annulohypoxylon thouarsianum,Cramp Balls,Fungi,98.0,9.195145606994629,-0.0,0.23339538276195526,42.0,0.0,128.0,54.0,70.0,21.0,1.0
33.1511174151,-117.2483893172,2019-04-28 17:10:00+00:00,Apantesis proxima,Mexican Tiger Moth,Insecta,97.0,10.35069751739502,122.12567138671875,0.14794552326202393,52.0,0.0,128.0,57.0,69.0,19.0,1.0
33.1486545945,-117.2513723355,2023-04-25 19:43:00+00:00,Aphelocoma californica,California Scrub-Jay,Aves,100.0,3.8659446239471436,343.3746032714844,0.27368929982185364,90.0,0.0,128.0,54.0,67.0,20.0,1.0
33.1511854121,-117.2441964002,2024-02-27 20:00:48+00:00,Aphelocoma californica,California Scrub-Jay,Aves,118.0,22.91158103942871,354.7505187988281,0.18088845908641815,42.0,0.0,128.0,54.0,72.0,20.0,1.0
33.14964233,-117.24886515,2019-04-28 16:30:51+00:00,Apioideae,,Plantae,98.0,3.8659474849700928,163.37445068359375,0.2799721658229828,52.0,0.0,128.0,57.0,69.0,19.0,1.0
33.1473035273,-117.2568830197,2019-04-28 19:48:37+00:00,Apiomerus californicus,California Bee Assassin,Insecta,88.0,1.8543341159820557,180.0,0.24993914365768433,90.0,0.0,128.0,53.0,72.0,21.0,1.0
33.1472277778,-117.2571527778,2025-02-20 19:25:32+00:00,Apium graveolens,Celery,Plantae,87.0,1.1076202392578125,270.0,0.2611836791038513,90.0,0.0,128.0,53.0,72.0,21.0,1.0
33.1523806817,-117.2520777583,2025-05-12 20:47:52+00:00,Apodemia virgulti,Behr's Metalmark,Insecta,149.0,7.922641754150391,103.45270538330078,0.13631671667099,52.0,0.0,128.0,55.0,70.0,22.0,1.0
33.1500307506,-117.2489049889,2025-06-24 18:24:42+00:00,Aquarius remigis,North American Common Water Strider,Insecta,100.0,2.1595702171325684,149.15438842773438,0.24612712860107422,52.0,0.0,128.0,57.0,69.0,19.0,1.0
33.1513778333,-117.248245,2024-01-05 19:10:07+00:00,Araneidae,Orbweavers,Arachnida,101.0,9.457968711853027,125.66414642333984,0.1793030947446823,52.0,0.0,128.0,56.0,71.0,20.0,1.0
33.1485527778,-117.2499916667,2024-11-01 19:56:01+00:00,Araneus,Angulate and Roundshouldered Orbweavers,Arachnida,99.0,2.992159605026245,338.29119873046875,0.2425835132598877,90.0,0.0,128.0,54.0,69.0,20.0,1.0
33.1471929193,-117.2561513633,2024-11-01 19:55:36+00:00,Araneus gemma,Gem-shaped Orbweaver,Arachnida,113.0,13.27133846282959,319.0215759277344,0.15179313719272614,52.0,0.0,128.0,54.0,70.0,21.0,1.0
33.1479138333,-117.2559133333,2024-11-01 20:13:51+00:00,Araneus gemma,Gem-shaped Orbweaver,Arachnida,95.0,3.552232503890991,38.52847671508789,0.26213374733924866,42.0,0.0,128.0,54.0,70.0,21.0,1.0
33.1500501113,-117.2493404194,2025-04-30 18:10:05+00:00,Argia,Dancers,Insecta,101.0,7.254580974578857,152.8927764892578,0.15529900789260864,52.0,0.0,128.0,57.0,69.0,19.0,1.0
33.1499333333,-117.2488416667,2025-05-07 19:46:15+00:00,Argia,Dancers,Insecta,98.0,3.8659474849700928,163.37445068359375,0.27009475231170654,52.0,0.0,128.0,57.0,69.0,19.0,1.0
33.1500281511,-117.2491639715,2025-04-30 17:41:10+00:00,Argia vivida,Vivid Dancer,Insecta,100.0,4.7569732666015625,166.5649871826172,0.17680978775024414,52.0,0.0,128.0,57.0,69.0,19.0,1.0
33.1492416667,-117.24903,2025-06-20 18:11:21+00:00,Argia vivida,Vivid Dancer,Insecta,96.0,1.8543341159820557,180.0,0.28903794288635254,52.0,0.0,128.0,57.0,69.0,19.0,1.0
33.1499515581,-117.2489031072,2025-06-24 18:28:12+00:00,Argia vivida,Vivid Dancer,Insecta,98.0,3.8659474849700928,163.37445068359375,0.27009475231170654,52.0,0.0,128.0,57.0,69.0,19.0,1.0
33.1506888333,-117.2486716667,2024-01-05 18:06:18+00:00,Argiope argentata,Silver Garden Orbweaver,Arachnida,98.0,8.182602882385254,109.73878479003906,0.157515287399292,52.0,0.0,128.0,57.0,69.0,19.0,1.0
33.1505727997,-117.248823,2024-01-13 17:36:12+00:00,Argiope argentata,Silver Garden Orbweaver,Arachnida,102.0,8.532731056213379,115.56742858886719,0.17227113246917725,52.0,0.0,128.0,57.0,69.0,19.0,1.0
33.1476838905,-117.2525927424,2024-07-25 20:24:29+00:00,Argiope aurantia,Yellow Garden Spider,Arachnida,106.0,13.511812210083008,331.1343994140625,0.21008747816085815,42.0,0.0,128.0,54.0,67.0,20.0,1.0
33.1496278333,-117.248895,2022-05-20 21:09:19+00:00,Armadillidium vulgare,Common Pill Woodlouse,Animalia,98.0,3.8659474849700928,163.37445068359375,0.2799721658229828,52.0,0.0,128.0,57.0,69.0,19.0,1.0
33.14849573,-117.24722665,2016-01-16 19:16:43+00:00,Artemisia,wormwoods and sagebrushes,Plantae,110.0,9.21119499206543,314.3275146484375,0.21096768975257874,52.0,0.0,128.0,55.0,70.0,19.0,1.0
33.1484031997,-117.2473997303,2018-01-13 19:52:31+00:00,Artemisia californica,California sagebrush,Plantae,106.0,12.786489486694336,309.93792724609375,0.22121699154376984,52.0,0.0,128.0,55.0,70.0,19.0,1.0
33.1510705641,-117.2484965903,2018-02-27 22:43:40+00:00,Artemisia californica,California sagebrush,Plantae,102.0,9.519092559814453,112.71495056152344,0.15394078195095062,52.0,0.0,128.0,57.0,69.0,19.0,1.0
33.1481022092,-117.2469568282,2020-01-11 18:57:58+00:00,Artemisia californica,California sagebrush,Plantae,112.0,2.992156982421875,338.29132080078125,0.14379410445690155,52.0,0.0,128.0,55.0,70.0,19.0,1.0
33.1484555,-117.2473616667,2022-01-15 18:09:40+00:00,Artemisia californica,California sagebrush,Plantae,110.0,9.21119499206543,314.3275146484375,0.21096768975257874,52.0,0.0,128.0,55.0,70.0,19.0,1.0
33.148075,-117.2469466667,2022-03-01 19:10:54+00:00,Artemisia californica,California sagebrush,Plantae,112.0,2.992156982421875,338.29132080078125,0.14379410445690155,52.0,0.0,128.0,55.0,70.0,19.0,1.0
33.1484781333,-117.2474180097,2023-01-14 18:57:04+00:00,Artemisia californica,California sagebrush,Plantae,106.0,12.786489486694336,309.93792724609375,0.22121699154376984,52.0,0.0,128.0,55.0,70.0,19.0,1.0
33.1484305,-117.2473,2024-01-13 18:44:53+00:00,Artemisia californica,California sagebrush,Plantae,110.0,9.21119499206543,314.3275146484375,0.21096768975257874,52.0,0.0,128.0,55.0,70.0,19.0,1.0
33.1480916667,-117.2469783333,2025-02-08 18:39:21+00:00,Artemisia californica,California sagebrush,Plantae,112.0,2.992156982421875,338.29132080078125,0.14379410445690155,52.0,0.0,128.0,55.0,70.0,19.0,1.0
33.1487595375,-117.2522004126,2025-03-25 22:18:33+00:00,Artemisia californica,California sagebrush,Plantae,93.0,3.8659446239471436,163.37460327148438,0.25765109062194824,90.0,0.0,128.0,54.0,67.0,20.0,1.0
33.1474334887,-117.2571476364,2018-02-27 23:28:30+00:00,Artemisia douglasiana,California mugwort,Plantae,90.0,13.945086479187012,141.47169494628906,0.2602376639842987,52.0,0.0,128.0,53.0,72.0,21.0,1.0
33.1490866813,-117.2491025452,2025-03-25 22:04:25+00:00,Artemisia douglasiana,California mugwort,Plantae,96.0,1.8543341159820557,-0.0,0.24908022582530975,52.0,0.0,128.0,54.0,69.0,20.0,1.0
33.1490145265,-117.2492386805,2025-04-30 16:26:13+00:00,Artemisia douglasiana,California mugwort,Plantae,96.0,1.8543341159820557,-0.0,0.24908022582530975,52.0,0.0,128.0,54.0,69.0,20.0,1.0
33.1483138471,-117.2470483734,2022-01-15 18:17:34+00:00,Artiodactyla,Even-toed Ungulates and Cetaceans,Mammalia,113.0,2.2144412994384766,270.0,0.14765606820583344,52.0,0.0,128.0,55.0,70.0,19.0,1.0
33.1482471667,-117.250755,2022-07-14 18:28:35+00:00,Asclepias fascicularis,narrowleaf milkweed,Plantae,100.0,8.577668190002441,30.845129013061523,0.2653374969959259,90.0,0.0,128.0,54.0,67.0,20.0,1.0
33.1494191679,-117.2525505902,2019-04-29 06:08:00+00:00,Aspidoscelis hyperythrus,Orange-throated Whiptail,Reptilia,112.0,14.616874694824219,138.146240234375,0.18194207549095154,52.0,0.0,128.0,56.0,70.0,20.0,1.0
33.1511333333,-117.2483533333,2019-10-02 21:27:07+00:00,Astereae,asters and allies,Plantae,97.0,10.35069751739502,122.12567138671875,0.14794552326202393,52.0,0.0,128.0,57.0,69.0,19.0,1.0
33.1481552124,-117.2569580078,2018-01-13 19:08:25+00:00,Astraeus,Barometer Earthstars,Fungi,116.0,26.115047454833984,149.15487670898438,0.1899416148662567,52.0,0.0,128.0,53.0,72.0,21.0,1.0
33.1475611667,-117.2567666667,2018-01-13 20:27:33+00:00,Astraeus,Barometer Earthstars,Fungi,90.0,13.09986400604248,303.8146667480469,0.19795344769954681,52.0,0.0,128.0,53.0,72.0,21.0,1.0
33.1476838905,-117.2525927424,2022-01-15 17:00:43+00:00,Astraeus,Barometer Earthstars,Fungi,106.0,13.511812210083008,331.1343994140625,0.21008747816085815,42.0,0.0,128.0,54.0,67.0,20.0,1.0
33.1512333333,-117.2484333333,2024-01-13 17:42:40+00:00,Astraeus,Barometer Earthstars,Fungi,97.0,10.35069751739502,122.12567138671875,0.14794552326202393,52.0,0.0,128.0,57.0,69.0,19.0,1.0
33.148475647,-117.2497024536,2017-01-21 17:45:21+00:00,Astraeus hygrometricus,Hygroscopic Earthstar,Fungi,100.0,5.9680867195129395,338.29119873046875,0.2425835132598877,52.0,0.0,128.0,54.0,69.0,20.0,1.0
33.1474990845,-117.2566680908,2018-01-13 19:09:17+00:00,Astraeus hygrometricus,Hygroscopic Earthstar,Fungi,90.0,13.09986400604248,303.8146667480469,0.19795344769954681,52.0,0.0,128.0,53.0,72.0,21.0,1.0
33.1503638333,-117.2486633333,2021-02-16 16:56:22+00:00,Astraeus hygrometricus,Hygroscopic Earthstar,Fungi,98.0,3.4462242126464844,74.40666198730469,0.20796598494052887,52.0,0.0,128.0,57.0,69.0,19.0,1.0
33.1512,-117.2483583333,2022-01-15 08:49:39+00:00,Astraeus hygrometricus,Hygroscopic Earthstar,Fungi,97.0,10.35069751739502,122.12567138671875,0.14794552326202393,52.0,0.0,128.0,57.0,69.0,19.0,1.0
33.1503333333,-117.2486283333,2022-12-29 17:27:55+00:00,Astraeus hygrometricus,Hygroscopic Earthstar,Fungi,98.0,3.4462242126464844,74.40666198730469,0.20796598494052887,52.0,0.0,128.0,57.0,69.0,19.0,1.0
33.1503971732,-117.248695,2023-01-14 16:47:39+00:00,Astraeus hygrometricus,Hygroscopic Earthstar,Fungi,98.0,3.4462242126464844,74.40666198730469,0.20796598494052887,52.0,0.0,128.0,57.0,69.0,19.0,1.0
33.1503305,-117.2487333333,2024-01-05 18:11:08+00:00,Astraeus hygrometricus,Hygroscopic Earthstar,Fungi,98.0,3.4462242126464844,74.40666198730469,0.20796598494052887,52.0,0.0,128.0,57.0,69.0,19.0,1.0
33.1503863,-117.2487603,2024-01-13 17:39:25+00:00,Astraeus hygrometricus,Hygroscopic Earthstar,Fungi,100.0,5.821231365203857,108.51547241210938,0.17764776945114136,52.0,0.0,128.0,57.0,69.0,19.0,1.0
33.147625,-117.2567133333,2018-01-13 19:08:49+00:00,Astraeus pteridis,giant hygroscopic earthstar,Fungi,89.0,7.3788604736328125,180.0,0.23242825269699097,90.0,0.0,128.0,53.0,72.0,21.0,1.0
33.1503333333,-117.2487633333,2024-01-13 17:40:09+00:00,Astraeus pteridis,giant hygroscopic earthstar,Fungi,100.0,5.821231365203857,108.51547241210938,0.17764776945114136,52.0,0.0,128.0,57.0,69.0,19.0,1.0
33.147684,-117.2525927,2017-01-22 03:24:00+00:00,Aytoniaceae,,Plantae,106.0,13.511812210083008,331.1343994140625,0.21008747816085815,42.0,0.0,128.0,54.0,67.0,20.0,1.0
33.1474507201,-117.2472118981,2020-01-11 11:10:26+00:00,Aytoniaceae,,Plantae,124.0,12.947538375854492,350.3172302246094,0.13245022296905518,52.0,0.0,128.0,55.0,70.0,19.0,1.0
33.1460471667,-117.250105,2022-03-01 19:36:18+00:00,Aytoniaceae,,Plantae,160.0,5.968063831329346,338.291748046875,0.13751056790351868,52.0,0.0,128.0,52.0,70.0,21.0,1.0
33.1459528333,-117.2480616667,2023-01-14 19:22:06+00:00,Aytoniaceae,,Plantae,143.0,8.18224048614502,70.26029968261719,0.14284005761146545,52.0,0.0,128.0,55.0,71.0,20.0,1.0
33.1460637526,-117.2483988906,2022-01-15 18:46:53+00:00,Baccharis,,Plantae,145.0,5.759568691253662,50.06127166748047,0.14284005761146545,52.0,0.0,128.0,55.0,71.0,20.0,1.0
33.1504275045,-117.2485747934,2018-02-27 22:46:24+00:00,Baccharis pilularis,coyote brush,Plantae,98.0,3.4462242126464844,74.40666198730469,0.20796598494052887,52.0,0.0,128.0,57.0,69.0,19.0,1.0
33.1459579468,-117.2483444214,2020-01-11 10:23:59+00:00,Baccharis pilularis,coyote brush,Plantae,145.0,5.759568691253662,50.06127166748047,0.14284005761146545,52.0,0.0,128.0,55.0,71.0,20.0,1.0
33.1477027671,-117.2471076153,2020-01-11 19:03:40+00:00,Baccharis pilularis,coyote brush,Plantae,116.0,10.096575736999512,-0.0,0.14230774343013763,52.0,0.0,128.0,55.0,70.0,19.0,1.0
33.1488973132,-117.2523841858,2022-01-15 18:47:16+00:00,Baccharis pilularis,coyote brush,Plantae,96.0,9.917669296264648,146.43389892578125,0.2669139504432678,90.0,0.0,128.0,54.0,67.0,20.0,1.0
33.1460971667,-117.2477083333,2022-03-01 19:22:38+00:00,Baccharis pilularis,coyote brush,Plantae,138.0,7.922126293182373,76.54639434814453,0.14321786165237427,52.0,0.0,128.0,54.0,71.0,18.0,1.0
33.1459971667,-117.2483366667,2023-01-14 19:25:11+00:00,Baccharis pilularis,coyote brush,Plantae,145.0,5.759568691253662,50.06127166748047,0.14284005761146545,52.0,0.0,128.0,55.0,71.0,20.0,1.0
33.1460888333,-117.2483,2024-01-13 19:27:34+00:00,Baccharis pilularis,coyote brush,Plantae,145.0,5.759568691253662,50.06127166748047,0.14284005761146545,52.0,0.0,128.0,55.0,71.0,20.0,1.0
33.1504444444,-117.2486194444,2025-01-21 22:46:00+00:00,Baccharis pilularis,coyote brush,Plantae,98.0,3.4462242126464844,74.40666198730469,0.20796598494052887,52.0,0.0,128.0,57.0,69.0,19.0,1.0
33.1487641331,-117.2522023392,2025-03-25 22:21:43+00:00,Baccharis pilularis,coyote brush,Plantae,93.0,3.8659446239471436,163.37460327148438,0.25765109062194824,90.0,0.0,128.0,54.0,67.0,20.0,1.0
33.1504388333,-117.24862,2025-06-20 18:15:03+00:00,Baccharis pilularis,coyote brush,Plantae,98.0,3.4462242126464844,74.40666198730469,0.20796598494052887,52.0,0.0,128.0,57.0,69.0,19.0,1.0
33.1515134972,-117.2454813536,2019-05-21 22:09:35+00:00,Baccharis salicifolia,mule fat,Plantae,99.0,10.986507415771484,336.5230712890625,0.2874525189399719,42.0,0.0,128.0,56.0,69.0,19.0,1.0
33.1485861724,-117.250345,2023-01-14 17:48:29+00:00,Baccharis salicifolia salicifolia,,Plantae,99.0,0.9274099469184875,180.0,0.2747989892959595,90.0,0.0,128.0,54.0,67.0,20.0,1.0
33.1480416667,-117.2469472222,2020-01-11 19:02:00+00:00,Baccharis sarothroides,Desert Broom,Plantae,112.0,2.992156982421875,338.29132080078125,0.14379410445690155,52.0,0.0,128.0,55.0,70.0,19.0,1.0
33.1520583333,-117.24817,2025-01-21 22:26:56+00:00,Baccharis sarothroides,Desert Broom,Plantae,103.0,4.792656421661377,112.71475219726562,0.16409806907176971,52.0,0.0,128.0,56.0,71.0,20.0,1.0
33.14605,-117.2483533333,2025-02-08 19:09:38+00:00,Baccharis sarothroides,Desert Broom,Plantae,145.0,5.759568691253662,50.06127166748047,0.14284005761146545,52.0,0.0,128.0,55.0,71.0,20.0,1.0
33.1484769961,-117.2473811182,2022-04-28 20:21:00+00:00,Bactericera cockerelli,Potato Psyllid,Insecta,110.0,9.21119499206543,314.3275146484375,0.21096768975257874,52.0,0.0,128.0,55.0,70.0,19.0,1.0
33.1485316667,-117.2497566667,2017-03-04 22:43:16+00:00,Basidiomycota,Basidiomycete Fungi,Fungi,100.0,5.9680867195129395,338.29119873046875,0.2425835132598877,52.0,0.0,128.0,54.0,69.0,20.0,1.0
33.1485666724,-117.2500533333,2023-01-14 18:02:31+00:00,Basidiomycota,Basidiomycete Fungi,Fungi,99.0,2.992159605026245,338.29119873046875,0.2425835132598877,90.0,0.0,128.0,54.0,69.0,20.0,1.0
33.1503345994,-117.2486838959,2025-11-02 17:48:00+00:00,Basidiomycota,Basidiomycete Fungi,Fungi,98.0,3.4462242126464844,74.40666198730469,0.20796598494052887,52.0,0.0,128.0,57.0,69.0,19.0,1.0
33.1487611667,-117.2488783333,2023-01-14 18:31:35+00:00,Bibiodes halteralis,,Insecta,97.0,1.107641339302063,90.0,0.15507586300373077,21.0,1.0,128.0,54.0,69.0,20.0,1.0
33.1512805,-117.2454216667,2023-01-14 20:21:58+00:00,Blitum californicum,California Goosefoot,Plantae,105.0,13.319742202758789,325.13348388671875,0.24641790986061096,42.0,0.0,128.0,54.0,72.0,20.0,1.0
33.1482418977,-117.2506968741,2023-01-14 17:29:03+00:00,Bolbitius titubans,yellow fieldcap,Fungi,100.0,8.577668190002441,30.845129013061523,0.2653374969959259,90.0,0.0,128.0,54.0,67.0,20.0,1.0
33.1491388333,-117.2491,2022-12-29 17:34:20+00:00,Boletaceae,boletes,Fungi,96.0,1.8543341159820557,-0.0,0.24908022582530975,52.0,0.0,128.0,54.0,69.0,20.0,1.0
33.1514099264,-117.2486547094,2019-04-28 15:15:00+00:00,Bombus vosnesenskii,Yellow-faced Bumble Bee,Insecta,105.0,9.902687072753906,117.62162017822266,0.15303726494312286,52.0,0.0,128.0,56.0,71.0,20.0,1.0
33.148055567,-117.2494559852,2025-04-30 16:07:19+00:00,Bombus vosnesenskii,Yellow-faced Bumble Bee,Insecta,110.0,8.076253890991211,24.127098083496094,0.21182937920093536,52.0,0.0,128.0,54.0,69.0,20.0,1.0
33.1487194444,-117.2521972222,2025-05-12 20:17:02+00:00,Bombus vosnesenskii,Yellow-faced Bumble Bee,Insecta,93.0,3.8659446239471436,163.37460327148438,0.25765109062194824,90.0,0.0,128.0,54.0,67.0,20.0,1.0
33.1526721667,-117.2495716667,2025-06-20 18:32:56+00:00,Bombus vosnesenskii,Yellow-faced Bumble Bee,Insecta,124.0,8.840176582336426,95.9743881225586,0.13988594710826874,52.0,0.0,128.0,56.0,71.0,20.0,1.0
33.1517555,-117.2481783333,2023-01-14 16:39:52+00:00,Boraginaceae,borage family,Plantae,101.0,7.186158180236816,129.93695068359375,0.1710846722126007,52.0,0.0,128.0,56.0,71.0,20.0,1.0
33.1486545945,-117.2513723355,2023-04-25 19:48:00+00:00,Bovista plumbea,Lead-grey Puffball,Fungi,100.0,3.8659446239471436,343.3746032714844,0.27368929982185364,90.0,0.0,128.0,54.0,67.0,20.0,1.0
33.1498651408,-117.2488916608,2025-04-30 16:41:14+00:00,Brachypera zoilus,Clover Leaf Weevil,Insecta,98.0,3.8659474849700928,163.37445068359375,0.27009475231170654,52.0,0.0,128.0,57.0,69.0,19.0,1.0
33.1484462321,-117.2473478505,2016-01-16 18:00:55+00:00,Brachythecium,,Plantae,110.0,9.21119499206543,314.3275146484375,0.21096768975257874,52.0,0.0,128.0,55.0,70.0,19.0,1.0
33.1503418197,-117.2495957465,2025-04-30 18:33:59+00:00,Brickellia californica,California Brickellbush,Plantae,106.0,5.96810245513916,158.2908172607422,0.14761678874492645,52.0,0.0,128.0,57.0,69.0,19.0,1.0
33.14857256,-117.24996864,2019-04-28 16:47:04+00:00,Bromus diandrus,great brome,Plantae,99.0,2.992159605026245,338.29119873046875,0.2425835132598877,90.0,0.0,128.0,54.0,69.0,20.0,1.0
33.1487284839,-117.2483067584,2025-04-09 21:21:30+00:00,Bromus diandrus,great brome,Plantae,97.0,2.9921607971191406,21.7088680267334,0.17881156504154205,71.0,0.0,128.0,54.0,69.0,20.0,1.0
33.1488210708,-117.2486947385,2019-04-28 16:26:36+00:00,Bromus hordeaceus,common soft brome,Plantae,97.0,0.9274099469184875,-0.0,0.16170455515384674,71.0,0.0,128.0,54.0,69.0,20.0,1.0
33.1488148682,-117.2486628034,2019-04-28 16:28:00+00:00,Bromus rubens,Red Brome,Plantae,97.0,0.9274099469184875,-0.0,0.16170455515384674,71.0,0.0,128.0,54.0,69.0,20.0,1.0
33.1486555024,-117.250275,2023-01-14 17:54:56+00:00,Bryaceae,,Plantae,99.0,3.3196184635162354,90.0,0.25259414315223694,90.0,0.0,128.0,54.0,67.0,20.0,1.0
33.1468234546,-117.2473920316,2022-01-15 18:32:56+00:00,Bryophyta,Mosses,Plantae,132.0,5.21774435043335,57.87310028076172,0.1338597983121872,52.0,0.0,128.0,54.0,71.0,18.0,1.0
33.1460305,-117.2479416667,2022-03-01 19:50:06+00:00,Bryophyta,Mosses,Plantae,143.0,8.18224048614502,70.26029968261719,0.14284005761146545,52.0,0.0,128.0,55.0,71.0,20.0,1.0
33.1489083333,-117.2485583333,2022-03-02 07:03:00+00:00,Buteo jamaicensis,Red-tailed Hawk,Aves,97.0,0.9274099469184875,-0.0,0.16170455515384674,71.0,0.0,128.0,54.0,69.0,20.0,1.0
33.1484721667,-117.251,2024-11-01 20:00:51+00:00,Buteo jamaicensis,Red-tailed Hawk,Aves,100.0,3.552241325378418,38.52865219116211,0.26266878843307495,90.0,0.0,128.0,54.0,67.0,20.0,1.0
33.1494945,-117.25045,2025-02-08 17:51:03+00:00,Buteo jamaicensis,Red-tailed Hawk,Aves,109.0,5.96809720993042,158.2909393310547,0.1567765325307846,52.0,0.0,128.0,57.0,70.0,20.0,1.0
33.1481945,-117.2470033333,2025-02-08 18:38:39+00:00,Buteo jamaicensis,Red-tailed Hawk,Aves,113.0,2.2144412994384766,270.0,0.14765606820583344,52.0,0.0,128.0,55.0,70.0,19.0,1.0
33.151491395,-117.245412466,2022-01-14 22:11:00+00:00,Buteo lineatus,Red-shouldered Hawk,Aves,99.0,10.986507415771484,336.5230712890625,0.2874525189399719,42.0,0.0,128.0,56.0,69.0,19.0,1.0
33.1498403171,-117.2539043433,2025-12-01 21:27:00+00:00,Buteo lineatus,Red-shouldered Hawk,Aves,132.0,19.965635299682617,212.15464782714844,0.15659429132938385,52.0,0.0,128.0,56.0,70.0,20.0,1.0
33.148812045,-117.2489562259,2025-03-25 22:02:10+00:00,Calandrinia menziesii,redmaids,Plantae,97.0,1.107641339302063,90.0,0.15507586300373077,21.0,1.0,128.0,54.0,69.0,20.0,1.0
33.1488010596,-117.2485843329,2025-04-09 21:17:33+00:00,Calandrinia menziesii,redmaids,Plantae,97.0,0.9274099469184875,-0.0,0.16170455515384674,71.0,0.0,128.0,54.0,69.0,20.0,1.0
33.146993,-117.247521,2016-01-16 18:14:00+00:00,Calasterella californica,California asterella,Plantae,132.0,5.6556878089904785,348.74188232421875,0.14556923508644104,52.0,0.0,128.0,54.0,71.0,18.0,1.0
33.1483688354,-117.2472991943,2020-01-11 09:46:44+00:00,Calasterella californica,California asterella,Plantae,111.0,3.800384998321533,299.1690368652344,0.1459112912416458,52.0,0.0,128.0,55.0,70.0,19.0,1.0
33.1474533081,-117.2472076416,2020-01-11 19:10:28+00:00,Calasterella californica,California asterella,Plantae,124.0,12.947538375854492,350.3172302246094,0.13245022296905518,52.0,0.0,128.0,55.0,70.0,19.0,1.0
33.1483083333,-117.247125,2023-01-14 19:00:37+00:00,Calasterella californica,California asterella,Plantae,111.0,3.800384998321533,299.1690368652344,0.1459112912416458,52.0,0.0,128.0,55.0,70.0,19.0,1.0
33.1472888333,-117.247245,2023-01-14 19:11:39+00:00,Calasterella californica,California asterella,Plantae,130.0,7.4597249031066895,8.49125862121582,0.1269673854112625,52.0,0.0,128.0,55.0,70.0,19.0,1.0
33.1476055,-117.2471083333,2024-01-13 19:02:19+00:00,Calasterella californica,California asterella,Plantae,116.0,10.096575736999512,-0.0,0.14230774343013763,52.0,0.0,128.0,55.0,70.0,19.0,1.0
33.1477805,-117.2470333333,2024-01-13 20:58:53+00:00,Calasterella californica,California asterella,Plantae,116.0,10.096575736999512,-0.0,0.14230774343013763,52.0,0.0,128.0,55.0,70.0,19.0,1.0
33.1480833333,-117.25318,2022-01-15 20:19:03+00:00,Callirhytis quercussuttoni,Gouty Stem Gall Wasp,Insecta,98.0,9.917640686035156,326.43414306640625,0.23904162645339966,90.0,0.0,128.0,54.0,67.0,20.0,1.0
33.1486545945,-117.2513723355,2023-04-25 20:00:00+00:00,Callirhytis quercussuttoni,Gouty Stem Gall Wasp,Insecta,100.0,3.8659446239471436,343.3746032714844,0.27368929982185364,90.0,0.0,128.0,54.0,67.0,20.0,1.0
33.1473778333,-117.2472533333,2025-06-20 19:41:08+00:00,Calvatia booniana,Western Giant Puffball,Fungi,124.0,12.947538375854492,350.3172302246094,0.13245022296905518,52.0,0.0,128.0,55.0,70.0,19.0,1.0
33.147991787,-117.2538373684,2019-04-28 16:28:00+00:00,Calypte anna,Anna's Hummingbird,Aves,93.0,2.4004368782043457,292.7156677246094,0.27151334285736084,90.0,0.0,128.0,54.0,67.0,20.0,1.0
33.1520916667,-117.2533416667,2017-03-25 17:22:54+00:00,Camissoniopsis,Suncups,Plantae,164.0,5.125836372375488,154.4629364013672,0.13595841825008392,21.0,13.0,128.0,55.0,70.0,22.0,1.0
33.1505891604,-117.2487158446,2019-03-12 20:57:29+00:00,Camissoniopsis,Suncups,Plantae,98.0,8.182602882385254,109.73878479003906,0.157515287399292,52.0,0.0,128.0,57.0,69.0,19.0,1.0
33.15127843,-117.24833669,2019-04-28 18:11:12+00:00,Camissoniopsis,Suncups,Plantae,97.0,10.35069751739502,122.12567138671875,0.14794552326202393,52.0,0.0,128.0,57.0,69.0,19.0,1.0
33.1486545945,-117.2513723355,2023-04-25 17:09:00+00:00,Camissoniopsis,Suncups,Plantae,100.0,3.8659446239471436,343.3746032714844,0.27368929982185364,90.0,0.0,128.0,54.0,67.0,20.0,1.0
33.1486545945,-117.2513723355,2023-04-25 17:53:00+00:00,Camissoniopsis,Suncups,Plantae,100.0,3.8659446239471436,343.3746032714844,0.27368929982185364,90.0,0.0,128.0,54.0,67.0,20.0,1.0
33.1486545945,-117.2513723355,2023-04-25 17:58:00+00:00,Camissoniopsis,Suncups,Plantae,100.0,3.8659446239471436,343.3746032714844,0.27368929982185364,90.0,0.0,128.0,54.0,67.0,20.0,1.0
33.1486545945,-117.2513723355,2023-04-25 20:11:00+00:00,Camissoniopsis,Suncups,Plantae,100.0,3.8659446239471436,343.3746032714844,0.27368929982185364,90.0,0.0,128.0,54.0,67.0,20.0,1.0
33.1505861667,-117.2487033333,2019-03-12 20:54:20+00:00,Camissoniopsis bistorta,California sun cup,Plantae,98.0,8.182602882385254,109.73878479003906,0.157515287399292,52.0,0.0,128.0,57.0,69.0,19.0,1.0
33.1505221667,-117.2486633333,2022-03-01 18:30:40+00:00,Camissoniopsis bistorta,California sun cup,Plantae,98.0,3.4462242126464844,74.40666198730469,0.20796598494052887,52.0,0.0,128.0,57.0,69.0,19.0,1.0
33.1493555,-117.2577533333,2023-05-10 17:36:23+00:00,Camissoniopsis bistorta,California sun cup,Plantae,169.0,2.4004690647125244,112.71533203125,0.1554364711046219,52.0,0.0,128.0,56.0,73.0,22.0,1.0
33.1500103826,-117.2492797816,2025-04-30 18:00:15+00:00,Camissoniopsis bistorta,California sun cup,Plantae,101.0,7.254580974578857,152.8927764892578,0.15529900789260864,52.0,0.0,128.0,57.0,69.0,19.0,1.0
33.1486888333,-117.2581116667,2023-05-10 18:02:15+00:00,Camissoniopsis hirtella,hairy suncup,Plantae,164.0,8.912075996398926,201.7088623046875,0.1573086977005005,52.0,0.0,128.0,53.0,72.0,21.0,1.0
33.1488590828,-117.2486022861,2019-04-28 16:29:12+00:00,Camissoniopsis micrantha,miniature suncup,Plantae,97.0,0.9274099469184875,-0.0,0.16170455515384674,71.0,0.0,128.0,54.0,69.0,20.0,1.0
33.1521695154,-117.2536799592,2025-05-12 20:52:35+00:00,Camissoniopsis micrantha,miniature suncup,Plantae,165.0,1.8543341159820557,180.0,0.17859692871570587,52.0,0.0,128.0,55.0,70.0,22.0,1.0
33.1502694444,-117.248875,2026-01-27 00:18:36+00:00,Candolleomyces candolleanus,Pale Brittlestem,Fungi,100.0,5.821231365203857,108.51547241210938,0.17764776945114136,52.0,0.0,128.0,57.0,69.0,19.0,1.0
33.1495028333,-117.2585616667,2023-05-10 18:28:25+00:00,Canidae,Canids,Mammalia,170.0,10.609618186950684,313.73681640625,0.16133391857147217,52.0,0.0,106.0,55.0,73.0,21.0,1.0
33.148425,-117.2497116667,2019-04-28 16:40:55+00:00,Canis latrans,Coyote,Mammalia,100.0,5.9680867195129395,338.29119873046875,0.2425835132598877,52.0,0.0,128.0,54.0,69.0,20.0,1.0
33.1480916667,-117.252555,2019-04-28 17:05:18+00:00,Canis latrans,Coyote,Mammalia,100.0,13.319596290588379,325.1344299316406,0.23375199735164642,42.0,0.0,128.0,54.0,67.0,20.0,1.0
33.1463928223,-117.247505188,2020-01-11 10:10:21+00:00,Canis latrans,Coyote,Mammalia,135.0,4.7923994064331055,67.28395080566406,0.1399560421705246,52.0,0.0,128.0,54.0,71.0,18.0,1.0
33.1460528333,-117.2482633333,2022-03-01 19:26:30+00:00,Canis latrans,Coyote,Mammalia,145.0,5.759568691253662,50.06127166748047,0.14284005761146545,52.0,0.0,128.0,55.0,71.0,20.0,1.0
33.1520170739,-117.2482186375,2024-01-13 17:31:04+00:00,Canis latrans,Coyote,Mammalia,104.0,4.517909049987793,101.8216781616211,0.16362841427326202,52.0,0.0,128.0,56.0,71.0,20.0,1.0
33.151825,-117.2553277778,2025-05-12 21:13:28+00:00,Canis latrans,Coyote,Mammalia,170.0,11.883977890014648,180.0,0.14004568755626678,52.0,0.0,128.0,56.0,74.0,20.0,1.0
33.1509047708,-117.2485195873,2019-04-28 17:09:00+00:00,Cantareus apertus,Green Garden Snail,Mollusca,101.0,10.518335342407227,110.41043090820312,0.15516044199466705,52.0,0.0,128.0,57.0,69.0,19.0,1.0
33.151233777,-117.2483088137,2022-01-15 16:46:13+00:00,Cantareus apertus,Green Garden Snail,Mollusca,97.0,10.35069751739502,122.12567138671875,0.14794552326202393,52.0,0.0,128.0,57.0,69.0,19.0,1.0
33.1485166667,-117.24848,2022-01-15 17:27:35+00:00,Cantareus apertus,Green Garden Snail,Mollusca,97.0,2.8871259689331055,309.93792724609375,0.16232718527317047,52.0,0.0,128.0,54.0,69.0,20.0,1.0
33.1512611724,-117.24827,2023-01-14 16:41:55+00:00,Cantareus apertus,Green Garden Snail,Mollusca,97.0,10.35069751739502,122.12567138671875,0.14794552326202393,52.0,0.0,128.0,57.0,69.0,19.0,1.0
33.1513222222,-117.2483027778,2026-01-11 18:27:00+00:00,Cantareus apertus,Green Garden Snail,Mollusca,97.0,10.35069751739502,122.12567138671875,0.14794552326202393,52.0,0.0,128.0,57.0,69.0,19.0,1.0
33.1487695,-117.2487416667,2022-03-01 18:43:44+00:00,Capsella bursa-pastoris,shepherd's-purse,Plantae,97.0,1.107641339302063,90.0,0.15507586300373077,21.0,1.0,128.0,54.0,69.0,20.0,1.0
33.1511730668,-117.2483786522,2024-01-13 17:32:44+00:00,Carduoideae,Thistles and Allies,Plantae,97.0,10.35069751739502,122.12567138671875,0.14794552326202393,52.0,0.0,128.0,57.0,69.0,19.0,1.0
33.1482105527,-117.2518838867,2019-04-28 17:41:20+00:00,Carduus,plumeless thistles,Plantae,103.0,13.841180801391602,336.8987121582031,0.20067943632602692,42.0,0.0,128.0,54.0,67.0,20.0,1.0
33.1517054,-117.24817543,2019-04-28 16:04:15+00:00,Carduus pycnocephalus,Italian thistle,Plantae,101.0,7.186158180236816,129.93695068359375,0.1710846722126007,52.0,0.0,128.0,56.0,71.0,20.0,1.0
33.1485695,-117.2521383333,2022-03-01 20:27:30+00:00,Carduus pycnocephalus,Italian thistle,Plantae,93.0,7.811668395996094,325.6863708496094,0.23129010200500488,90.0,0.0,128.0,54.0,67.0,20.0,1.0
33.1482852557,-117.2504509234,2025-03-25 22:14:45+00:00,Carduus pycnocephalus,Italian thistle,Plantae,98.0,5.968084335327148,21.708744049072266,0.2875625193119049,90.0,0.0,128.0,54.0,67.0,20.0,1.0
33.149575,-117.248855,2025-06-20 18:12:51+00:00,Carduus pycnocephalus,Italian thistle,Plantae,98.0,3.8659474849700928,163.37445068359375,0.2799721658229828,52.0,0.0,128.0,57.0,69.0,19.0,1.0
33.1487685582,-117.2491333635,2016-01-16 18:45:24+00:00,Carnivora,Carnivorans,Mammalia,98.0,3.8659446239471436,16.62540054321289,0.1719782054424286,52.0,0.0,128.0,54.0,69.0,20.0,1.0
33.1500279722,-117.249166,2025-05-07 19:51:08+00:00,Castilleja densiflora,dense-flowered owl's-clover,Plantae,100.0,4.7569732666015625,166.5649871826172,0.17680978775024414,52.0,0.0,128.0,57.0,69.0,19.0,1.0
33.1498808811,-117.2491055772,2025-04-30 17:50:15+00:00,Castilleja exserta,purple owl's-clover,Plantae,98.0,3.704791784286499,180.0,0.20633623003959656,52.0,0.0,128.0,57.0,69.0,19.0,1.0
33.1524805,-117.2491533333,2024-11-01 21:19:15+00:00,Cathartes aura,Turkey Vulture,Aves,116.0,9.913349151611328,84.6854019165039,0.1426655352115631,52.0,0.0,128.0,56.0,71.0,20.0,1.0
33.1500027561,-117.2492429811,2025-04-30 17:57:22+00:00,Centaurea melitensis,Maltese star-thistle,Plantae,100.0,4.7569732666015625,166.5649871826172,0.17680978775024414,52.0,0.0,128.0,57.0,69.0,19.0,1.0
33.1499888333,-117.248895,2025-11-26 22:26:35+00:00,Cerastipsocus venosus,Tree Cattle,Insecta,98.0,3.8659474849700928,163.37445068359375,0.27009475231170654,52.0,0.0,128.0,57.0,69.0,19.0,1.0
33.1494847729,-117.2548851475,2023-05-10 16:53:00+00:00,Chaenactis artemisiifolia,Artemisia-leaved Chaenactis,Plantae,123.0,9.518966674804688,112.71527099609375,0.16156497597694397,52.0,0.0,128.0,56.0,71.0,22.0,1.0
33.1489721667,-117.2578883333,2023-05-10 17:39:04+00:00,Chaenactis artemisiifolia,Artemisia-leaved Chaenactis,Plantae,168.0,5.1258063316345215,154.46363830566406,0.1667630821466446,52.0,0.0,128.0,53.0,72.0,21.0,1.0
33.1488638333,-117.2578666667,2023-05-10 17:48:02+00:00,Chaenactis artemisiifolia,Artemisia-leaved Chaenactis,Plantae,164.0,14.047298431396484,147.2537384033203,0.1573086977005005,52.0,0.0,128.0,53.0,72.0,21.0,1.0
33.1494833333,-117.257705,2023-05-10 17:34:41+00:00,Chaenactis glabriuscula,Common Yellow Chaenactis,Plantae,169.0,4.5177998542785645,101.82196807861328,0.16382937133312225,52.0,0.0,128.0,56.0,73.0,22.0,1.0
33.1519445,-117.2481916667,2022-05-20 21:28:11+00:00,Chlorogalum pomeridianum,wavy-leafed soap plant,Plantae,103.0,4.792656421661377,112.71475219726562,0.16409806907176971,52.0,0.0,128.0,56.0,71.0,20.0,1.0
33.1507609718,-117.2488165299,2025-04-30 19:00:03+00:00,Chlorogalum pomeridianum,wavy-leafed soap plant,Plantae,102.0,8.532731056213379,115.56742858886719,0.17227113246917725,52.0,0.0,128.0,57.0,69.0,19.0,1.0
33.1519722222,-117.2481944444,2025-05-12 21:31:52+00:00,Chlorogalum pomeridianum,wavy-leafed soap plant,Plantae,103.0,4.792656421661377,112.71475219726562,0.16409806907176971,52.0,0.0,128.0,56.0,71.0,20.0,1.0
33.1507638333,-117.2486633333,2019-04-28 16:11:08+00:00,Chorizanthe,spineflowers,Plantae,98.0,8.182602882385254,109.73878479003906,0.157515287399292,52.0,0.0,128.0,57.0,69.0,19.0,1.0
33.1512221667,-117.24845,2022-05-20 21:16:14+00:00,Chorizanthe fimbriata,Fringed Spineflower,Plantae,97.0,10.35069751739502,122.12567138671875,0.14794552326202393,52.0,0.0,128.0,57.0,69.0,19.0,1.0
33.1513861667,-117.2562166667,2023-05-10 17:14:02+00:00,Chorizanthe fimbriata,Fringed Spineflower,Plantae,166.0,6.680820465087891,97.94364929199219,0.12498769164085388,21.0,6.0,128.0,56.0,74.0,20.0,1.0
33.1519305556,-117.2547944444,2025-05-12 21:06:24+00:00,Chorizanthe fimbriata,Fringed Spineflower,Plantae,171.0,9.51916790008545,112.71475219726562,0.14882372319698334,52.0,0.0,128.0,56.0,74.0,20.0,1.0
33.1503638333,-117.2486416667,2025-02-08 17:32:30+00:00,Chromelosporium,,Fungi,98.0,3.4462242126464844,74.40666198730469,0.20796598494052887,52.0,0.0,128.0,57.0,69.0,19.0,1.0
33.1519583333,-117.245025,2025-11-29 18:57:00+00:00,Chromelosporium,,Fungi,91.0,1.107679843902588,270.0,0.20204783976078033,71.0,0.0,128.0,56.0,69.0,19.0,1.0
33.1461778333,-117.2486133333,2022-03-01 19:46:42+00:00,Chrysothrix,Gold Dust Lichens,Fungi,147.0,6.387418270111084,43.6956672668457,0.1568940430879593,52.0,0.0,128.0,55.0,71.0,20.0,1.0
33.14775,-117.2470333333,2025-02-08 18:41:17+00:00,Chrysothrix candelaris,gold dust lichen,Fungi,116.0,10.096575736999512,-0.0,0.14230774343013763,52.0,0.0,128.0,55.0,70.0,19.0,1.0
33.1495656422,-117.2492263104,2025-04-30 17:16:19+00:00,Chrysothrix candelaris,gold dust lichen,Fungi,98.0,3.704791784286499,180.0,0.2702784240245819,52.0,0.0,128.0,57.0,69.0,19.0,1.0
33.1473589455,-117.2472454709,2020-01-11 11:11:36+00:00,Cladonia,pixie cup and reindeer lichens,Fungi,124.0,12.947538375854492,350.3172302246094,0.13245022296905518,52.0,0.0,128.0,55.0,70.0,19.0,1.0
33.1473537431,-117.2473747859,2022-01-15 12:39:10+00:00,Cladonia,pixie cup and reindeer lichens,Fungi,124.0,12.947538375854492,350.3172302246094,0.13245022296905518,52.0,0.0,128.0,55.0,70.0,19.0,1.0
33.1482550752,-117.2470284147,2023-01-14 18:59:08+00:00,Cladonia,pixie cup and reindeer lichens,Fungi,113.0,2.2144412994384766,270.0,0.14765606820583344,52.0,0.0,128.0,55.0,70.0,19.0,1.0
33.1476688108,-117.247025591,2025-02-08 20:16:18+00:00,Cladonia,pixie cup and reindeer lichens,Fungi,116.0,10.096575736999512,-0.0,0.14230774343013763,52.0,0.0,128.0,55.0,70.0,19.0,1.0
33.1458444444,-117.2485444444,2025-02-20 17:57:39+00:00,Cladonia,pixie cup and reindeer lichens,Fungi,149.0,3.800302505493164,60.83028030395508,0.13493849337100983,52.0,0.0,128.0,55.0,71.0,20.0,1.0
33.1473,-117.2472616667,2022-01-15 18:29:58+00:00,Cladonia chlorophaea,Mealy Pixie Cup,Fungi,124.0,12.947538375854492,350.3172302246094,0.13245022296905518,52.0,0.0,128.0,55.0,70.0,19.0,1.0
33.1460482534,-117.2482737993,2024-01-13 21:22:16+00:00,Cladonia chlorophaea,Mealy Pixie Cup,Fungi,145.0,5.759568691253662,50.06127166748047,0.14284005761146545,52.0,0.0,128.0,55.0,71.0,20.0,1.0
33.1479138333,-117.2469866667,2025-02-08 18:40:13+00:00,Cladonia chlorophaea,Mealy Pixie Cup,Fungi,112.0,2.992156982421875,338.29132080078125,0.14379410445690155,52.0,0.0,128.0,55.0,70.0,19.0,1.0
33.1500555,-117.2488633333,2025-01-21 22:38:55+00:00,Cladophora glomerata,,Plantae,100.0,2.1595702171325684,149.15438842773438,0.24612712860107422,52.0,0.0,128.0,57.0,69.0,19.0,1.0
33.1508445,-117.2486033333,2019-04-28 16:07:27+00:00,Clarkia purpurea,Winecup Clarkia,Plantae,101.0,10.518335342407227,110.41043090820312,0.15516044199466705,52.0,0.0,128.0,57.0,69.0,19.0,1.0
33.15078892,-117.24864878,2019-04-28 16:16:38+00:00,Clarkia purpurea,Winecup Clarkia,Plantae,98.0,8.182602882385254,109.73878479003906,0.157515287399292,52.0,0.0,128.0,57.0,69.0,19.0,1.0
33.150593668,-117.2486039099,2019-04-28 17:05:00+00:00,Clarkia purpurea,Winecup Clarkia,Plantae,98.0,8.182602882385254,109.73878479003906,0.157515287399292,52.0,0.0,128.0,57.0,69.0,19.0,1.0
33.1473211712,-117.2569105962,2019-04-28 19:57:17+00:00,Clarkia purpurea,Winecup Clarkia,Plantae,88.0,1.8543341159820557,180.0,0.24993914365768433,90.0,0.0,128.0,53.0,72.0,21.0,1.0
33.1504201703,-117.2486281862,2025-05-12 21:35:51+00:00,Clarkia purpurea,Winecup Clarkia,Plantae,98.0,3.4462242126464844,74.40666198730469,0.20796598494052887,52.0,0.0,128.0,57.0,69.0,19.0,1.0
33.1480638333,-117.2497716667,2021-05-06 00:15:09+00:00,Clarkia purpurea quadrivulnera,four-spot,Plantae,110.0,11.45389461517334,331.50262451171875,0.23199018836021423,52.0,0.0,128.0,54.0,69.0,20.0,1.0
33.150375993,-117.2486809769,2019-04-28 14:55:00+00:00,Claytonia perfoliata,miner's lettuce,Plantae,98.0,3.4462242126464844,74.40666198730469,0.20796598494052887,52.0,0.0,128.0,57.0,69.0,19.0,1.0
33.15168525,-117.24818044,2019-04-28 16:02:47+00:00,Claytonia perfoliata,miner's lettuce,Plantae,101.0,7.186158180236816,129.93695068359375,0.1710846722126007,52.0,0.0,128.0,56.0,71.0,20.0,1.0
33.14836561,-117.25277961,2019-04-28 17:10:55+00:00,Claytonia perfoliata,miner's lettuce,Plantae,94.0,6.827554702758789,341.15777587890625,0.2596748471260071,42.0,0.0,128.0,54.0,67.0,20.0,1.0
33.147304114,-117.2568561976,2019-04-28 19:59:39+00:00,Claytonia perfoliata,miner's lettuce,Plantae,88.0,1.8543341159820557,180.0,0.24993914365768433,90.0,0.0,128.0,53.0,72.0,21.0,1.0
33.1482695,-117.2490916667,2022-01-15 17:30:09+00:00,Claytonia perfoliata,miner's lettuce,Plantae,101.0,10.010369300842285,50.06198501586914,0.1956081986427307,52.0,0.0,128.0,54.0,69.0,20.0,1.0
33.1480165298,-117.2497334948,2025-03-25 22:28:48+00:00,Claytonia perfoliata,miner's lettuce,Plantae,110.0,11.45389461517334,331.50262451171875,0.23199018836021423,52.0,0.0,128.0,54.0,69.0,20.0,1.0
33.1484061247,-117.2511536536,2019-04-28 17:45:34+00:00,Clematis,Clematis and leatherflowers,Plantae,100.0,3.552241325378418,38.52865219116211,0.26266878843307495,90.0,0.0,128.0,54.0,67.0,20.0,1.0
33.1497141033,-117.2490990055,2025-04-30 17:05:23+00:00,Clematis,Clematis and leatherflowers,Plantae,98.0,3.704791784286499,180.0,0.2702784240245819,52.0,0.0,128.0,57.0,69.0,19.0,1.0
33.1484278333,-117.2512583333,2022-03-01 20:18:14+00:00,Clematis ligusticifolia,Western White Clematis,Plantae,101.0,3.865943670272827,16.625350952148438,0.2554614543914795,90.0,0.0,128.0,54.0,67.0,20.0,1.0
33.1484111667,-117.2511916667,2022-03-01 20:30:10+00:00,Clematis ligusticifolia,Western White Clematis,Plantae,101.0,3.865943670272827,16.625350952148438,0.2554614543914795,90.0,0.0,128.0,54.0,67.0,20.0,1.0
33.1482583333,-117.2512666667,2022-01-15 20:07:15+00:00,Clematis pauciflora,Southern California clematis,Plantae,104.0,8.912068367004395,21.708744049072266,0.2164716273546219,42.0,0.0,128.0,54.0,67.0,20.0,1.0
33.1485472222,-117.2518638889,2024-01-18 16:49:00+00:00,Clitocybe lamoureae,,Fungi,96.0,11.405220031738281,309.93792724609375,0.24799086153507233,90.0,0.0,128.0,54.0,67.0,20.0,1.0
33.1481,-117.2532416667,2026-01-11 19:38:00+00:00,Clitopilus hobsonii,Miller's oysterling,Fungi,98.0,9.917640686035156,326.43414306640625,0.23904162645339966,90.0,0.0,128.0,54.0,67.0,20.0,1.0
33.1493611667,-117.258095,2023-05-10 18:11:01+00:00,Closterocoris amoenus,,Insecta,170.0,3.5522544384002686,141.47108459472656,0.1554364711046219,52.0,0.0,128.0,56.0,73.0,22.0,1.0
33.1503426021,-117.2499977167,2019-04-28 17:25:00+00:00,Coccinella septempunctata,Seven-spotted Lady Beetle,Insecta,107.0,4.968348503112793,138.14598083496094,0.14476177096366882,52.0,0.0,128.0,57.0,69.0,19.0,1.0
33.1475721667,-117.256705,2022-05-20 19:58:39+00:00,Coccinella septempunctata,Seven-spotted Lady Beetle,Insecta,89.0,7.3788604736328125,180.0,0.23242825269699097,90.0,0.0,128.0,53.0,72.0,21.0,1.0
33.1488014991,-117.2486364843,2024-01-13 18:20:47+00:00,Coccinella septempunctata,Seven-spotted Lady Beetle,Insecta,97.0,0.9274099469184875,-0.0,0.16170455515384674,71.0,0.0,128.0,54.0,69.0,20.0,1.0
33.1487083333,-117.2486883333,2025-11-26 23:09:44+00:00,Coccinella septempunctata,Seven-spotted Lady Beetle,Insecta,97.0,0.9274099469184875,-0.0,0.16170455515384674,71.0,0.0,128.0,54.0,69.0,20.0,1.0
33.1480055,-117.2557533333,2022-05-20 20:07:01+00:00,Coelocnemis,,Insecta,95.0,3.552232503890991,38.52847671508789,0.26213374733924866,42.0,0.0,128.0,54.0,70.0,21.0,1.0
33.1489555,-117.2579033333,2023-05-10 17:39:26+00:00,Coleoptera,Beetles,Insecta,168.0,5.96809196472168,201.70892333984375,0.1667630821466446,52.0,0.0,128.0,53.0,72.0,21.0,1.0
33.1493,-117.2585916667,2023-05-10 18:19:40+00:00,Coleoptera,Beetles,Insecta,171.0,5.217850208282471,237.87384033203125,0.16853679716587067,52.0,0.0,106.0,55.0,73.0,21.0,1.0
33.1486945,-117.2486883333,2025-11-26 23:11:42+00:00,Coleoptera,Beetles,Insecta,97.0,0.9274099469184875,-0.0,0.16170455515384674,71.0,0.0,128.0,54.0,69.0,20.0,1.0
33.1483778333,-117.249205,2023-07-21 18:59:14+00:00,Coliadinae,Yellows and Sulphurs,Insecta,100.0,6.17448091506958,63.32719421386719,0.15206299722194672,71.0,0.0,128.0,54.0,69.0,20.0,1.0
33.14835,-117.2484883333,2023-07-21 18:53:33+00:00,Colias eurytheme,Orange Sulphur,Insecta,99.0,7.6970014572143555,343.37469482421875,0.20153459906578064,52.0,0.0,128.0,54.0,69.0,20.0,1.0
33.1502416667,-117.2487866667,2024-01-05 18:12:57+00:00,Collybiopsis quercophila,Oak-leaf Pinwheel,Fungi,100.0,2.1595702171325684,149.15438842773438,0.24612712860107422,52.0,0.0,128.0,57.0,69.0,19.0,1.0
33.1483187671,-117.2529038854,2025-04-30 19:22:24+00:00,Convolvuleae,Bindweed Tribe,Plantae,94.0,2.7802884578704834,-0.0,0.26680296659469604,42.0,0.0,128.0,54.0,67.0,20.0,1.0
33.1485721667,-117.2521533333,2025-06-20 17:57:09+00:00,Convolvulus,bindweeds,Plantae,93.0,7.811668395996094,325.6863708496094,0.23129010200500488,90.0,0.0,128.0,54.0,67.0,20.0,1.0
33.1485388889,-117.2523416667,2025-05-12 20:13:30+00:00,Convolvulus arvensis,field bindweed,Plantae,92.0,0.0,-0.0,0.24051491916179657,42.0,0.0,128.0,54.0,67.0,20.0,1.0
33.1483195,-117.2509083333,2022-01-15 20:04:16+00:00,Coprinopsis,Inkcaps,Fungi,102.0,9.36627197265625,27.960859298706055,0.24405525624752045,42.0,0.0,128.0,54.0,67.0,20.0,1.0
33.1503305,-117.2486633333,2021-02-16 16:55:06+00:00,Coprinopsis lagopus,hare's foot inkcap,Fungi,98.0,3.4462242126464844,74.40666198730469,0.20796598494052887,52.0,0.0,128.0,57.0,69.0,19.0,1.0
33.1486971667,-117.2499866667,2021-02-16 17:14:38+00:00,Coprinopsis lagopus,hare's foot inkcap,Fungi,97.0,2.400456190109253,67.28453826904297,0.2485531121492386,90.0,0.0,128.0,54.0,69.0,20.0,1.0
33.1481278333,-117.2495333333,2023-01-14 18:11:32+00:00,Coprinopsis lagopus,hare's foot inkcap,Fungi,106.0,8.571905136108398,14.864535331726074,0.17550188302993774,52.0,0.0,128.0,54.0,69.0,20.0,1.0
33.1482887672,-117.2525103791,2022-01-15 10:57:48+00:00,Coprinopsis uliginicola,,Fungi,96.0,13.511831283569336,331.1342468261719,0.22770389914512634,42.0,0.0,128.0,54.0,67.0,20.0,1.0
33.1502638424,-117.248725,2023-01-14 16:51:25+00:00,Coprinopsis uliginicola,,Fungi,98.0,3.4462242126464844,74.40666198730469,0.20796598494052887,52.0,0.0,128.0,57.0,69.0,19.0,1.0
33.1481445,-117.2494883333,2023-01-14 18:07:41+00:00,Coprinopsis uliginicola,,Fungi,106.0,8.571905136108398,14.864535331726074,0.17550188302993774,52.0,0.0,128.0,54.0,69.0,20.0,1.0
33.1483666667,-117.2501638889,2024-01-13 20:39:00+00:00,Coprinopsis uliginicola,,Fungi,98.0,5.125797271728516,334.4638671875,0.2885795533657074,90.0,0.0,128.0,54.0,67.0,20.0,1.0
33.1482194444,-117.2508944444,2026-01-11 19:05:00+00:00,Coprinopsis uliginicola,,Fungi,100.0,8.577668190002441,30.845129013061523,0.2653374969959259,90.0,0.0,128.0,54.0,67.0,20.0,1.0
33.1479314805,-117.2560286522,2017-01-21 18:38:00+00:00,Corbicula fluminea,Asian Clam,Mollusca,97.0,2.159557580947876,149.1549530029297,0.25526466965675354,52.0,0.0,128.0,54.0,70.0,21.0,1.0
33.149875,-117.24899167,2020-01-11 20:04:28+00:00,Corbicula fluminea,Asian Clam,Mollusca,98.0,3.8659474849700928,163.37445068359375,0.27009475231170654,52.0,0.0,128.0,57.0,69.0,19.0,1.0
33.1484750024,-117.2505033333,2023-01-14 17:51:35+00:00,Corbicula fluminea,Asian Clam,Mollusca,99.0,1.8543341159820557,180.0,0.27761217951774597,90.0,0.0,128.0,54.0,67.0,20.0,1.0
33.1498048449,-117.2490738947,2025-04-30 16:55:38+00:00,Corbicula fluminea,Asian Clam,Mollusca,98.0,3.704791784286499,180.0,0.20633623003959656,52.0,0.0,128.0,57.0,69.0,19.0,1.0
33.149956,-117.2489180997,2026-01-09 18:29:37+00:00,Corbicula fluminea,Asian Clam,Mollusca,98.0,3.8659474849700928,163.37445068359375,0.27009475231170654,52.0,0.0,128.0,57.0,69.0,19.0,1.0
33.1505692448,-117.2487931532,2025-04-30 18:52:32+00:00,Corethrogyne filaginifolia,California Aster,Plantae,102.0,8.532731056213379,115.56742858886719,0.17227113246917725,52.0,0.0,128.0,57.0,69.0,19.0,1.0
33.1483055556,-117.2509555556,2024-01-13 20:46:00+00:00,Corticium roseum,,Fungi,102.0,9.36627197265625,27.960859298706055,0.24405525624752045,42.0,0.0,128.0,54.0,67.0,20.0,1.0
33.1481338805,-117.2530366481,2016-01-16 19:00:39+00:00,Cortinariaceae,,Fungi,94.0,2.7802884578704834,-0.0,0.26680296659469604,42.0,0.0,128.0,54.0,67.0,20.0,1.0
33.148116,-117.252284,2016-01-16 19:10:00+00:00,Cortinariaceae,,Fungi,96.0,13.511831283569336,331.1342468261719,0.22770389914512634,42.0,0.0,128.0,54.0,67.0,20.0,1.0
33.1503,-117.24872,2023-01-14 16:50:55+00:00,Cortinarius ohlone,,Fungi,98.0,3.4462242126464844,74.40666198730469,0.20796598494052887,52.0,0.0,128.0,57.0,69.0,19.0,1.0
33.150002979,-117.248789244,2023-01-14 16:57:55+00:00,Cortinarius ohlone,,Fungi,100.0,2.1595702171325684,149.15438842773438,0.24612712860107422,52.0,0.0,128.0,57.0,69.0,19.0,1.0
33.1486545945,-117.2513723355,2023-04-25 17:02:00+00:00,Corvus brachyrhynchos,American Crow,Aves,100.0,3.8659446239471436,343.3746032714844,0.27368929982185364,90.0,0.0,128.0,54.0,67.0,20.0,1.0
33.1499638333,-117.24893,2025-01-21 22:44:54+00:00,Crassiclitellata,Typical Earthworms,Animalia,98.0,3.8659474849700928,163.37445068359375,0.27009475231170654,52.0,0.0,128.0,57.0,69.0,19.0,1.0
33.1486545945,-117.2513723355,2023-04-25 17:58:00+00:00,Crassula connata,sand pygmyweed,Plantae,100.0,3.8659446239471436,343.3746032714844,0.27368929982185364,90.0,0.0,128.0,54.0,67.0,20.0,1.0
33.1460958214,-117.2511931371,2025-04-09 18:56:36+00:00,Crassula connata,sand pygmyweed,Plantae,159.0,2.7802884578704834,-0.0,0.12633715569972992,52.0,0.0,128.0,52.0,70.0,21.0,1.0
33.1481874911,-117.2516942024,2017-01-21 18:46:00+00:00,Crepidotus,Oysterlings,Fungi,105.0,9.259370803833008,353.1889953613281,0.2164716273546219,42.0,0.0,128.0,54.0,67.0,20.0,1.0
33.1465971667,-117.2474033333,2022-03-01 19:19:38+00:00,Crocanthemum,Frostweeds,Plantae,134.0,3.552210807800293,38.52803421020508,0.15072062611579895,52.0,0.0,128.0,54.0,71.0,18.0,1.0
33.1466741886,-117.2524004097,2025-04-09 19:02:30+00:00,Crocanthemum,Frostweeds,Plantae,154.0,13.945036888122559,321.4719543457031,0.14221258461475372,52.0,0.0,128.0,52.0,71.0,20.0,1.0
33.1521611667,-117.2485966667,2025-06-20 18:25:08+00:00,Crocanthemum,Frostweeds,Plantae,106.0,7.707911968231201,90.0,0.14756658673286438,52.0,0.0,128.0,56.0,71.0,20.0,1.0
33.1459833333,-117.2483216667,2023-01-14 19:24:37+00:00,Crocanthemum aldersonii,Alderson's rushrose,Plantae,145.0,5.759568691253662,50.06127166748047,0.14284005761146545,52.0,0.0,128.0,55.0,71.0,20.0,1.0
33.1463,-117.247505,2023-01-14 19:47:37+00:00,Crocanthemum aldersonii,Alderson's rushrose,Plantae,135.0,4.7923994064331055,67.28395080566406,0.1399560421705246,52.0,0.0,128.0,54.0,71.0,18.0,1.0
33.1486545945,-117.2513723355,2023-04-25 18:33:00+00:00,Crocanthemum aldersonii,Alderson's rushrose,Plantae,100.0,3.8659446239471436,343.3746032714844,0.27368929982185364,90.0,0.0,128.0,54.0,67.0,20.0,1.0
33.150434973,-117.2489535649,2025-04-30 18:49:16+00:00,Crocanthemum aldersonii,Alderson's rushrose,Plantae,100.0,5.821231365203857,108.51547241210938,0.17764776945114136,52.0,0.0,128.0,57.0,69.0,19.0,1.0
33.1521852315,-117.2485436966,2025-12-01 18:57:02+00:00,Crocanthemum aldersonii,Alderson's rushrose,Plantae,106.0,7.707911968231201,90.0,0.14756658673286438,52.0,0.0,128.0,56.0,71.0,20.0,1.0
33.1461138333,-117.2493466667,2022-03-01 19:33:23+00:00,Crocanthemum scoparium,peak rushrose,Plantae,156.0,12.242128372192383,26.45694923400879,0.14591780304908752,52.0,0.0,128.0,55.0,71.0,20.0,1.0
33.1519638889,-117.2548138889,2025-05-12 21:09:50+00:00,Crocanthemum scoparium,peak rushrose,Plantae,171.0,9.51916790008545,112.71475219726562,0.14882372319698334,52.0,0.0,128.0,56.0,74.0,20.0,1.0
33.1519388333,-117.2452916667,2024-10-08 01:47:12+00:00,Crotalus oreganus helleri,Southern Pacific Rattlesnake,Reptilia,92.0,5.8213300704956055,108.51514434814453,0.17704978585243225,71.0,0.0,128.0,56.0,69.0,19.0,1.0
33.1495278333,-117.2571116667,2025-07-30 16:02:05+00:00,Crotalus oreganus helleri,Southern Pacific Rattlesnake,Reptilia,168.0,2.8871474266052246,309.93756103515625,0.15018315613269806,52.0,0.0,128.0,56.0,73.0,22.0,1.0
33.1519740546,-117.2485815622,2018-01-14 00:22:34+00:00,Croton setiger,turkey mullein,Plantae,107.0,7.762155055999756,83.17963409423828,0.14814066886901855,52.0,0.0,128.0,56.0,71.0,20.0,1.0
33.1488416667,-117.2489166667,2019-04-28 16:32:29+00:00,Croton setiger,turkey mullein,Plantae,97.0,1.107641339302063,90.0,0.15507586300373077,21.0,1.0,128.0,54.0,69.0,20.0,1.0
33.1519445,-117.24578,2022-07-27 01:52:53+00:00,Croton setiger,turkey mullein,Plantae,99.0,7.254614353179932,152.8922576904297,0.250562459230423,21.0,12.0,128.0,55.0,70.0,21.0,1.0
33.15195431,-117.2453242914,2023-10-27 00:55:28+00:00,Croton setiger,turkey mullein,Plantae,92.0,5.8213300704956055,108.51514434814453,0.17704978585243225,71.0,0.0,128.0,56.0,69.0,19.0,1.0
33.1487,-117.2581166667,2023-05-10 18:01:50+00:00,Cryptantha intermedia,Clearwater cryptantha,Plantae,164.0,8.912075996398926,201.7088623046875,0.1573086977005005,52.0,0.0,128.0,53.0,72.0,21.0,1.0
33.1493028333,-117.2585833333,2023-05-10 18:19:45+00:00,Cryptantha intermedia,Clearwater cryptantha,Plantae,171.0,5.217850208282471,237.87384033203125,0.16853679716587067,52.0,0.0,106.0,55.0,73.0,21.0,1.0
33.148075,-117.2469716667,2024-01-13 18:55:45+00:00,Cryptantha intermedia,Clearwater cryptantha,Plantae,112.0,2.992156982421875,338.29132080078125,0.14379410445690155,52.0,0.0,128.0,55.0,70.0,19.0,1.0
33.1480721667,-117.2469633333,2025-05-07 19:22:09+00:00,Cryptantha intermedia,Clearwater cryptantha,Plantae,112.0,2.992156982421875,338.29132080078125,0.14379410445690155,52.0,0.0,128.0,55.0,70.0,19.0,1.0
33.1484378502,-117.2498101183,2019-04-28 21:24:39+00:00,Cucurbita foetidissima,Buffalo Gourd,Plantae,100.0,5.9680867195129395,338.29119873046875,0.2425835132598877,52.0,0.0,128.0,54.0,69.0,20.0,1.0
33.1485021692,-117.2495127286,2023-01-14 18:05:59+00:00,Cucurbita foetidissima,Buffalo Gourd,Plantae,101.0,7.3788604736328125,-0.0,0.16504494845867157,52.0,0.0,128.0,54.0,69.0,20.0,1.0
33.1485471667,-117.247955,2025-02-08 19:26:21+00:00,Cucurbita foetidissima,Buffalo Gourd,Plantae,99.0,8.076262474060059,335.8727722167969,0.19933944940567017,52.0,0.0,128.0,54.0,69.0,20.0,1.0
33.1484843526,-117.2482761143,2025-10-20 18:08:31+00:00,Cucurbita foetidissima,Buffalo Gourd,Plantae,98.0,4.313004016876221,329.15478515625,0.1800135374069214,52.0,0.0,128.0,54.0,69.0,20.0,1.0
33.1481471667,-117.2497033333,2020-01-19 09:58:49+00:00,Cucurbita palmata,coyote melon,Plantae,103.0,11.263232231140137,324.3736572265625,0.22563593089580536,52.0,0.0,128.0,54.0,69.0,20.0,1.0
33.1485996363,-117.2479243083,2025-02-08 19:26:38+00:00,Cucurbita palmata,coyote melon,Plantae,101.0,12.60735034942627,322.76300048828125,0.19933944940567017,52.0,0.0,128.0,55.0,70.0,19.0,1.0
33.1461916667,-117.2476283333,2023-01-14 19:19:53+00:00,Cyathus olla,field bird's nest fungus,Fungi,136.0,5.597960472106934,99.50630950927734,0.13756969571113586,52.0,0.0,128.0,54.0,71.0,18.0,1.0
33.1488111667,-117.2491083333,2024-11-01 18:13:25+00:00,Cycloneda sanguinea,Spotless Lady Beetle,Insecta,98.0,3.8659446239471436,16.62540054321289,0.1719782054424286,52.0,0.0,128.0,54.0,69.0,20.0,1.0
33.150175,-117.2488333333,2026-01-26 22:40:58+00:00,Cynipini,Oak Gall Wasps,Insecta,100.0,2.1595702171325684,149.15438842773438,0.24612712860107422,52.0,0.0,128.0,57.0,69.0,19.0,1.0
33.1480335604,-117.2532342616,2020-01-11 10:01:14+00:00,Cynipoidea,Gall Wasps and Allies,Insecta,98.0,9.917640686035156,326.43414306640625,0.23904162645339966,90.0,0.0,128.0,54.0,67.0,20.0,1.0
33.1485945024,-117.250375,2023-01-14 17:48:19+00:00,Cyperus eragrostis,tall flatsedge,Plantae,99.0,1.8543341159820557,180.0,0.27761217951774597,90.0,0.0,128.0,54.0,67.0,20.0,1.0
33.1482861667,-117.2504366667,2025-06-20 18:06:23+00:00,Datura wrightii,Sacred Datura,Plantae,98.0,5.968084335327148,21.708744049072266,0.2875625193119049,90.0,0.0,128.0,54.0,67.0,20.0,1.0
33.1511198078,-117.2484107596,2019-04-28 16:15:33+00:00,Deinandra fasciculata,Clustered Tarweed,Plantae,97.0,10.35069751739502,122.12567138671875,0.14794552326202393,52.0,0.0,128.0,57.0,69.0,19.0,1.0
33.1486652512,-117.2524101847,2019-04-28 17:27:23+00:00,Deroceras reticulatum,Milky Slug,Mollusca,96.0,9.917669296264648,146.43389892578125,0.2669139504432678,90.0,0.0,128.0,54.0,67.0,20.0,1.0
33.149066304,-117.250186734,2019-05-21 22:19:10+00:00,Diplacus,bush monkeyflowers,Plantae,99.0,4.968320369720459,138.14633178710938,0.21556074917316437,52.0,0.0,128.0,54.0,67.0,20.0,1.0
33.1460916667,-117.249245,2022-01-15 18:53:33+00:00,Diplacus,,Plantae,153.0,11.246590614318848,42.89009094238281,0.14997784793376923,52.0,0.0,128.0,55.0,71.0,20.0,1.0
33.1483111667,-117.2471166667,2023-01-14 19:00:52+00:00,Diplacus,bush monkeyflowers,Plantae,113.0,2.2144412994384766,270.0,0.14765606820583344,52.0,0.0,128.0,55.0,70.0,19.0,1.0
33.1478695572,-117.256222861,2019-04-28 18:56:59+00:00,Diplacus puniceus,red bush monkeyflower,Plantae,97.0,2.159557580947876,149.1549530029297,0.25526466965675354,52.0,0.0,128.0,54.0,70.0,21.0,1.0
33.1461982727,-117.2476959229,2020-01-11 10:18:06+00:00,Diplacus puniceus,red bush monkeyflower,Plantae,138.0,7.922126293182373,76.54639434814453,0.14321786165237427,52.0,0.0,128.0,54.0,71.0,18.0,1.0
33.14615,-117.24763,2022-03-01 19:21:43+00:00,Diplacus puniceus,red bush monkeyflower,Plantae,136.0,5.597960472106934,99.50630950927734,0.13756969571113586,52.0,0.0,128.0,54.0,71.0,18.0,1.0
33.1485695,-117.2521383333,2022-03-01 20:27:30+00:00,Diplacus puniceus,red bush monkeyflower,Plantae,93.0,7.811668395996094,325.6863708496094,0.23129010200500488,90.0,0.0,128.0,54.0,67.0,20.0,1.0
33.1486545945,-117.2513723355,2023-04-25 17:06:00+00:00,Diplacus puniceus,red bush monkeyflower,Plantae,100.0,3.8659446239471436,343.3746032714844,0.27368929982185364,90.0,0.0,128.0,54.0,67.0,20.0,1.0
33.1486545945,-117.2513723355,2023-04-25 18:19:00+00:00,Diplacus puniceus,red bush monkeyflower,Plantae,100.0,3.8659446239471436,343.3746032714844,0.27368929982185364,90.0,0.0,128.0,54.0,67.0,20.0,1.0
33.1486545945,-117.2513723355,2023-04-25 18:30:00+00:00,Diplacus puniceus,red bush monkeyflower,Plantae,100.0,3.8659446239471436,343.3746032714844,0.27368929982185364,90.0,0.0,128.0,54.0,67.0,20.0,1.0
33.1460138333,-117.2480383333,2023-07-21 19:11:33+00:00,Diplacus puniceus,red bush monkeyflower,Plantae,143.0,8.18224048614502,70.26029968261719,0.14284005761146545,52.0,0.0,128.0,55.0,71.0,20.0,1.0
33.1483805,-117.2474216667,2025-02-08 18:32:47+00:00,Diplacus puniceus,red bush monkeyflower,Plantae,106.0,12.786489486694336,309.93792724609375,0.22121699154376984,52.0,0.0,128.0,55.0,70.0,19.0,1.0
33.14616077,-117.24850391,2025-04-09 18:50:59+00:00,Diplacus puniceus,red bush monkeyflower,Plantae,147.0,6.387418270111084,43.6956672668457,0.1568940430879593,52.0,0.0,128.0,55.0,71.0,20.0,1.0
33.1503730826,-117.2496217128,2025-04-30 18:37:16+00:00,Diplacus puniceus,red bush monkeyflower,Plantae,106.0,5.96810245513916,158.2908172607422,0.14761678874492645,52.0,0.0,128.0,57.0,69.0,19.0,1.0
33.1480555,-117.2469866667,2025-05-07 19:22:18+00:00,Diplacus puniceus,red bush monkeyflower,Plantae,112.0,2.992156982421875,338.29132080078125,0.14379410445690155,52.0,0.0,128.0,55.0,70.0,19.0,1.0
33.1484805,-117.25155,2025-06-20 17:55:46+00:00,Diplacus puniceus,red bush monkeyflower,Plantae,101.0,8.471818923950195,319.5315856933594,0.2554614543914795,42.0,0.0,128.0,54.0,67.0,20.0,1.0
33.1526416667,-117.2498083333,2025-06-20 18:34:10+00:00,Diplacus puniceus,red bush monkeyflower,Plantae,124.0,8.840176582336426,95.9743881225586,0.13988594710826874,52.0,0.0,128.0,56.0,71.0,20.0,1.0
33.1465555,-117.24743667,2020-01-11 20:04:18+00:00,Diploschistes,Crater Lichens,Fungi,134.0,3.552210807800293,38.52803421020508,0.15072062611579895,52.0,0.0,128.0,54.0,71.0,18.0,1.0
33.1486545945,-117.2513723355,2023-04-25 17:22:00+00:00,Dipterostemon capitatus,Blue Dicks,Plantae,100.0,3.8659446239471436,343.3746032714844,0.27368929982185364,90.0,0.0,128.0,54.0,67.0,20.0,1.0
33.1486545945,-117.2513723355,2023-04-25 18:21:00+00:00,Dipterostemon capitatus,Blue Dicks,Plantae,100.0,3.8659446239471436,343.3746032714844,0.27368929982185364,90.0,0.0,128.0,54.0,67.0,20.0,1.0
33.1486545945,-117.2513723355,2023-04-25 18:30:00+00:00,Dipterostemon capitatus,Blue Dicks,Plantae,100.0,3.8659446239471436,343.3746032714844,0.27368929982185364,90.0,0.0,128.0,54.0,67.0,20.0,1.0
33.148625,-117.2581783333,2023-05-10 17:57:58+00:00,Dipterostemon capitatus,Blue Dicks,Plantae,159.0,8.051153182983398,235.09603881835938,0.1608748435974121,52.0,0.0,128.0,53.0,72.0,21.0,1.0
33.1474139722,-117.247208,2025-04-16 18:23:20+00:00,Dipterostemon capitatus,Blue Dicks,Plantae,124.0,12.947538375854492,350.3172302246094,0.13245022296905518,52.0,0.0,128.0,55.0,70.0,19.0,1.0
33.1497335808,-117.2490601946,2025-04-30 17:34:32+00:00,Dipterostemon capitatus,Blue Dicks,Plantae,98.0,3.704791784286499,180.0,0.20633623003959656,52.0,0.0,128.0,57.0,69.0,19.0,1.0
33.15078101,-117.24865378,2019-04-28 16:18:46+00:00,Dorymyrmex insanus,Crazy Pyramid Ant,Insecta,98.0,8.182602882385254,109.73878479003906,0.157515287399292,52.0,0.0,128.0,57.0,69.0,19.0,1.0
33.1483028333,-117.2509416667,2022-03-01 20:31:10+00:00,Drymocallis glandulosa,sticky cinquefoil,Plantae,102.0,9.36627197265625,27.960859298706055,0.24405525624752045,42.0,0.0,128.0,54.0,67.0,20.0,1.0
33.1498147167,-117.248963754,2025-04-30 17:22:55+00:00,Drymocallis glandulosa,sticky cinquefoil,Plantae,98.0,3.8659474849700928,163.37445068359375,0.27009475231170654,52.0,0.0,128.0,57.0,69.0,19.0,1.0
33.1497335808,-117.2490601946,2025-04-30 17:27:57+00:00,Drymocallis glandulosa,sticky cinquefoil,Plantae,98.0,3.704791784286499,180.0,0.20633623003959656,52.0,0.0,128.0,57.0,69.0,19.0,1.0
33.1478447886,-117.2554296815,2016-01-16 18:04:20+00:00,Dryopteris arguta,coastal woodfern,Plantae,95.0,2.159557580947876,30.845048904418945,0.2745751142501831,90.0,0.0,128.0,54.0,70.0,21.0,1.0
33.148448,-117.250772,2016-01-16 18:56:20+00:00,Dryopteris arguta,coastal woodfern,Plantae,99.0,1.4444799423217773,50.06207275390625,0.2713930904865265,90.0,0.0,128.0,54.0,67.0,20.0,1.0
33.147703805,-117.2546650005,2016-01-16 19:06:44+00:00,Dryopteris arguta,coastal woodfern,Plantae,98.0,9.195145606994629,-0.0,0.23339538276195526,42.0,0.0,128.0,54.0,70.0,21.0,1.0
33.147038,-117.25458,2016-01-16 20:14:00+00:00,Dryopteris arguta,coastal woodfern,Plantae,112.0,20.52194595336914,5.929333686828613,0.1756204515695572,42.0,0.0,128.0,54.0,70.0,21.0,1.0
33.1480347831,-117.2558194399,2017-01-21 18:17:00+00:00,Dryopteris arguta,coastal woodfern,Plantae,95.0,3.552232503890991,38.52847671508789,0.26213374733924866,42.0,0.0,128.0,54.0,70.0,21.0,1.0
33.1476778333,-117.25467,2018-01-13 17:48:21+00:00,Dryopteris arguta,coastal woodfern,Plantae,97.0,11.045968055725098,5.683966159820557,0.23339538276195526,90.0,0.0,128.0,54.0,70.0,21.0,1.0
33.1481399536,-117.2551269531,2018-01-13 18:51:59+00:00,Dryopteris arguta,coastal woodfern,Plantae,95.0,10.98644733428955,156.52381896972656,0.2587907612323761,52.0,0.0,128.0,54.0,70.0,21.0,1.0
33.147684,-117.2525927,2018-02-13 12:47:00+00:00,Dryopteris arguta,coastal woodfern,Plantae,106.0,13.511812210083008,331.1343994140625,0.21008747816085815,42.0,0.0,128.0,54.0,67.0,20.0,1.0
33.1475352814,-117.2546842677,2019-04-28 16:20:00+00:00,Dryopteris arguta,coastal woodfern,Plantae,104.0,15.708014488220215,11.902033805847168,0.19708152115345,42.0,0.0,128.0,54.0,70.0,21.0,1.0
33.1476945,-117.25463,2019-04-28 17:18:31+00:00,Dryopteris arguta,coastal woodfern,Plantae,98.0,9.195145606994629,-0.0,0.23339538276195526,42.0,0.0,128.0,54.0,70.0,21.0,1.0
33.1477030504,-117.2546492053,2020-01-11 10:05:40+00:00,Dryopteris arguta,coastal woodfern,Plantae,98.0,9.195145606994629,-0.0,0.23339538276195526,42.0,0.0,128.0,54.0,70.0,21.0,1.0
33.14782217,-117.25468333,2020-01-11 18:58:34+00:00,Dryopteris arguta,coastal woodfern,Plantae,97.0,11.045968055725098,5.683966159820557,0.23339538276195526,90.0,0.0,128.0,54.0,70.0,21.0,1.0
33.14787217,-117.25476167,2020-01-11 22:15:35+00:00,Dryopteris arguta,coastal woodfern,Plantae,92.0,3.8659415245056152,16.62525177001953,0.2838176190853119,90.0,0.0,128.0,54.0,70.0,21.0,1.0
33.1481666667,-117.2532583333,2021-02-16 17:33:46+00:00,Dryopteris arguta,coastal woodfern,Plantae,94.0,2.7802884578704834,-0.0,0.26680296659469604,90.0,0.0,128.0,54.0,67.0,20.0,1.0
33.14774855,-117.25472367,2022-01-15 10:41:10+00:00,Dryopteris arguta,coastal woodfern,Plantae,97.0,11.045968055725098,5.683966159820557,0.23339538276195526,90.0,0.0,128.0,54.0,70.0,21.0,1.0
33.1476836047,-117.2548375,2022-01-15 12:30:26+00:00,Dryopteris arguta,coastal woodfern,Plantae,97.0,11.045968055725098,5.683966159820557,0.23339538276195526,90.0,0.0,128.0,54.0,70.0,21.0,1.0
33.1477083333,-117.2546166667,2022-01-15 20:30:23+00:00,Dryopteris arguta,coastal woodfern,Plantae,98.0,9.195145606994629,-0.0,0.23339538276195526,42.0,0.0,128.0,54.0,70.0,21.0,1.0
33.1476972222,-117.2546194444,2024-01-13 19:08:27+00:00,Dryopteris arguta,coastal woodfern,Plantae,98.0,9.195145606994629,-0.0,0.23339538276195526,42.0,0.0,128.0,54.0,70.0,21.0,1.0
33.1476833333,-117.2546833333,2024-01-13 21:08:19+00:00,Dryopteris arguta,coastal woodfern,Plantae,97.0,11.045968055725098,5.683966159820557,0.23339538276195526,90.0,0.0,128.0,54.0,70.0,21.0,1.0
33.1484528333,-117.2514416667,2024-01-18 16:53:10+00:00,Dryopteris arguta,coastal woodfern,Plantae,101.0,8.471818923950195,319.5315856933594,0.2554614543914795,42.0,0.0,128.0,54.0,67.0,20.0,1.0
33.1477611667,-117.2553866667,2025-02-08 18:44:08+00:00,Dryopteris arguta,coastal woodfern,Plantae,99.0,8.28909969329834,-0.0,0.2249443233013153,42.0,0.0,128.0,54.0,70.0,21.0,1.0
33.1477618347,-117.2545358063,2025-10-20 18:29:14+00:00,Dryopteris arguta,coastal woodfern,Plantae,98.0,9.195145606994629,-0.0,0.23339538276195526,42.0,0.0,128.0,54.0,70.0,21.0,1.0
33.1477610997,-117.2553125997,2026-01-26 21:15:21+00:00,Dryopteris arguta,coastal woodfern,Plantae,99.0,8.28909969329834,-0.0,0.2249443233013153,42.0,0.0,128.0,54.0,70.0,21.0,1.0
33.147316,-117.253963,2016-01-16 19:27:00+00:00,Dudleya pulverulenta,Chalk Dudleya,Plantae,102.0,14.520768165588379,-0.0,0.21399632096290588,42.0,0.0,128.0,54.0,67.0,20.0,1.0
33.147684,-117.2525927,2018-04-22 16:27:00+00:00,Dudleya pulverulenta,Chalk Dudleya,Plantae,106.0,13.511812210083008,331.1343994140625,0.21008747816085815,42.0,0.0,128.0,54.0,67.0,20.0,1.0
33.1476838905,-117.2525927424,2024-01-13 19:20:05+00:00,Dudleya pulverulenta,Chalk Dudleya,Plantae,106.0,13.511812210083008,331.1343994140625,0.21008747816085815,42.0,0.0,128.0,54.0,67.0,20.0,1.0
33.1476555,-117.2570583333,2024-01-13 21:24:23+00:00,Dudleya pulverulenta,Chalk Dudleya,Plantae,93.0,16.58854103088379,139.53184509277344,0.2617685794830322,52.0,0.0,128.0,53.0,72.0,21.0,1.0
33.148475,-117.2514383333,2022-03-01 20:18:47+00:00,Ehrharta erecta,panic veldtgrass,Plantae,101.0,8.471818923950195,319.5315856933594,0.2554614543914795,42.0,0.0,128.0,54.0,67.0,20.0,1.0
33.14865,-117.248725,2025-11-26 22:58:04+00:00,Eleodes acuticauda,,Insecta,97.0,0.9274099469184875,-0.0,0.16170455515384674,71.0,0.0,128.0,54.0,69.0,20.0,1.0
33.1481221667,-117.249145,2023-01-14 18:19:12+00:00,Eleodes grandicollis,,Insecta,101.0,10.010369300842285,50.06198501586914,0.1956081986427307,52.0,0.0,128.0,54.0,69.0,20.0,1.0
33.1485583424,-117.2480783333,2023-01-14 18:53:09+00:00,Eleodes grandicollis,,Insecta,99.0,8.076262474060059,335.8727722167969,0.19933944940567017,52.0,0.0,128.0,54.0,69.0,20.0,1.0
33.148725,-117.2490166667,2024-11-01 18:14:47+00:00,Eleodes grandicollis,,Insecta,98.0,3.8659446239471436,16.62540054321289,0.1719782054424286,52.0,0.0,128.0,54.0,69.0,20.0,1.0
33.1510009766,-117.2452697754,2024-02-05 01:17:25+00:00,Eleodes osculans,Woolly Darkling Beetle,Insecta,111.0,11.914816856384277,320.1014709472656,0.2114248126745224,52.0,0.0,128.0,54.0,72.0,20.0,1.0
33.1487195,-117.2486333333,2025-11-26 22:46:02+00:00,Eleodes osculans,Woolly Darkling Beetle,Insecta,97.0,0.9274099469184875,-0.0,0.16170455515384674,71.0,0.0,128.0,54.0,69.0,20.0,1.0
33.1487025979,-117.251692526,2019-04-28 16:59:42+00:00,Elgaria multicarinata,Southern Alligator Lizard,Reptilia,98.0,7.803021430969238,315.1343994140625,0.27368929982185364,90.0,0.0,128.0,54.0,67.0,20.0,1.0
33.146225,-117.25155,2024-11-01 19:03:50+00:00,Elgaria multicarinata,Southern Alligator Lizard,Reptilia,157.0,1.8543341159820557,-0.0,0.14162570238113403,52.0,0.0,128.0,52.0,70.0,21.0,1.0
33.14867,-117.2485769722,2025-04-09 20:22:50+00:00,Elgaria multicarinata,Southern Alligator Lizard,Reptilia,97.0,0.9274099469184875,-0.0,0.16170455515384674,71.0,0.0,128.0,54.0,69.0,20.0,1.0
33.148642,-117.2487289722,2025-05-07 19:35:38+00:00,Elgaria multicarinata,Southern Alligator Lizard,Reptilia,97.0,2.8871259689331055,309.93792724609375,0.16232718527317047,52.0,0.0,128.0,54.0,69.0,20.0,1.0
33.1492519,-117.2489943,2026-01-17 21:19:42+00:00,Elgaria multicarinata,Southern Alligator Lizard,Reptilia,96.0,2.8871421813964844,129.93765258789062,0.23788827657699585,52.0,0.0,128.0,57.0,69.0,19.0,1.0
33.1484525368,-117.2522087546,2019-04-28 15:57:00+00:00,Elgaria multicarinata webbii,San Diego Alligator Lizard,Reptilia,93.0,7.811668395996094,325.6863708496094,0.23129010200500488,90.0,0.0,128.0,54.0,67.0,20.0,1.0
33.1486545945,-117.2513723355,2023-04-25 17:24:00+00:00,Empidonax difficilis,Western Flycatcher,Aves,100.0,3.8659446239471436,343.3746032714844,0.27368929982185364,90.0,0.0,128.0,54.0,67.0,20.0,1.0
33.1481905336,-117.2520795972,2019-05-21 22:36:53+00:00,Encelia californica,California brittlebush,Plantae,100.0,15.535239219665527,330.86578369140625,0.2119893580675125,42.0,0.0,128.0,54.0,67.0,20.0,1.0
33.1498078459,-117.2489906329,2025-04-30 17:01:26+00:00,Entelegynae,Entelegyne Spiders,Arachnida,98.0,3.8659474849700928,163.37445068359375,0.27009475231170654,52.0,0.0,128.0,57.0,69.0,19.0,1.0
33.1502735156,-117.2487987687,2023-01-14 16:53:30+00:00,Entoloma ferruginans,Bleachy Entoloma,Fungi,100.0,5.821231365203857,108.51547241210938,0.17764776945114136,52.0,0.0,128.0,57.0,69.0,19.0,1.0
33.1490480437,-117.2500076545,2023-01-14 17:40:52+00:00,Entoloma ferruginans,Bleachy Entoloma,Fungi,98.0,4.326134204864502,129.937744140625,0.25628215074539185,52.0,0.0,128.0,54.0,69.0,20.0,1.0
33.1484028333,-117.250105,2024-01-05 18:28:49+00:00,Entoloma ferruginans,Bleachy Entoloma,Fungi,99.0,0.9274099469184875,180.0,0.2747989892959595,90.0,0.0,128.0,54.0,67.0,20.0,1.0
33.1502972222,-117.2487666667,2024-01-13 17:43:00+00:00,Entoloma ferruginans,Bleachy Entoloma,Fungi,100.0,5.821231365203857,108.51547241210938,0.17764776945114136,52.0,0.0,128.0,57.0,69.0,19.0,1.0
33.14965,-117.2488972222,2024-01-13 17:58:00+00:00,Entoloma ferruginans,Bleachy Entoloma,Fungi,98.0,3.8659474849700928,163.37445068359375,0.2799721658229828,52.0,0.0,128.0,57.0,69.0,19.0,1.0
33.1517833333,-117.2481833333,2024-01-13 17:26:00+00:00,Entoloma sericeum,Silky Pinkgill,Fungi,101.0,7.186158180236816,129.93695068359375,0.1710846722126007,52.0,0.0,128.0,56.0,71.0,20.0,1.0
33.1488,-117.24875,2024-01-13 18:32:00+00:00,Entoloma sericeum,Silky Pinkgill,Fungi,97.0,1.107641339302063,90.0,0.15507586300373077,21.0,1.0,128.0,54.0,69.0,20.0,1.0
33.1519305,-117.2457366667,2017-07-19 18:57:00+00:00,Epilobium canum,California fuchsia,Plantae,96.0,8.961777687072754,120.880126953125,0.17659775912761688,71.0,0.0,128.0,56.0,69.0,19.0,1.0
33.1458861667,-117.26072,2025-07-31 17:48:22+00:00,Equisetum telmateia,great horsetail,Plantae,75.0,1.4444530010223389,50.061180114746094,0.22938399016857147,90.0,0.0,106.0,52.0,72.0,21.0,1.0
33.1494028333,-117.2577366667,2023-05-10 17:34:33+00:00,Eriastrum filifolium,Lavender woollystar,Plantae,169.0,2.4004690647125244,112.71533203125,0.1554364711046219,52.0,0.0,128.0,56.0,73.0,22.0,1.0
33.1499111667,-117.2488716667,2025-01-21 22:44:05+00:00,Erigeron,fleabanes and horseweeds,Plantae,98.0,3.8659474849700928,163.37445068359375,0.27009475231170654,52.0,0.0,128.0,57.0,69.0,19.0,1.0
33.1486138333,-117.2496033333,2025-06-20 18:08:35+00:00,Erigeron canadensis,horseweed,Plantae,100.0,5.9680867195129395,338.29119873046875,0.2425835132598877,52.0,0.0,128.0,54.0,69.0,20.0,1.0
33.1488071478,-117.2486520938,2019-10-03 00:28:33+00:00,Eriogonum,wild buckwheats,Plantae,97.0,0.9274099469184875,-0.0,0.16170455515384674,71.0,0.0,128.0,54.0,69.0,20.0,1.0
33.1485971667,-117.2483283333,2025-06-20 19:15:46+00:00,Eriogonum,wild buckwheats,Plantae,98.0,4.313004016876221,329.15478515625,0.1800135374069214,52.0,0.0,128.0,54.0,69.0,20.0,1.0
33.1503566667,-117.2487766667,2017-03-04 22:35:02+00:00,Eriogonum fasciculatum,California Buckwheat,Plantae,100.0,5.821231365203857,108.51547241210938,0.17764776945114136,52.0,0.0,128.0,57.0,69.0,19.0,1.0
33.15077195,-117.24869207,2019-04-28 18:05:45+00:00,Eriogonum fasciculatum,California Buckwheat,Plantae,98.0,8.182602882385254,109.73878479003906,0.157515287399292,52.0,0.0,128.0,57.0,69.0,19.0,1.0
33.150847836,-117.2486221245,2022-01-15 08:52:15+00:00,Eriogonum fasciculatum,California Buckwheat,Plantae,101.0,10.518335342407227,110.41043090820312,0.15516044199466705,52.0,0.0,128.0,57.0,69.0,19.0,1.0
33.15148536,-117.2482197,2022-01-15 16:36:34+00:00,Eriogonum fasciculatum,California Buckwheat,Plantae,101.0,9.457968711853027,125.66414642333984,0.1793030947446823,52.0,0.0,128.0,56.0,71.0,20.0,1.0
33.1459888333,-117.2483833333,2022-01-15 18:44:18+00:00,Eriogonum fasciculatum,California Buckwheat,Plantae,145.0,5.759568691253662,50.06127166748047,0.14284005761146545,52.0,0.0,128.0,55.0,71.0,20.0,1.0
33.1504583424,-117.2486333333,2023-01-14 16:47:09+00:00,Eriogonum fasciculatum,California Buckwheat,Plantae,98.0,3.4462242126464844,74.40666198730469,0.20796598494052887,52.0,0.0,128.0,57.0,69.0,19.0,1.0
33.1492666667,-117.2587133333,2023-05-10 18:22:14+00:00,Eriogonum fasciculatum,California Buckwheat,Plantae,167.0,8.839877128601074,264.0254211425781,0.17023444175720215,52.0,0.0,106.0,55.0,73.0,21.0,1.0
33.1520528333,-117.24817,2025-01-21 22:26:11+00:00,Eriogonum fasciculatum,California Buckwheat,Plantae,103.0,4.792656421661377,112.71475219726562,0.16409806907176971,52.0,0.0,128.0,56.0,71.0,20.0,1.0
33.1504221667,-117.2488416667,2025-01-21 22:46:56+00:00,Eriogonum fasciculatum,California Buckwheat,Plantae,100.0,5.821231365203857,108.51547241210938,0.17764776945114136,52.0,0.0,128.0,57.0,69.0,19.0,1.0
33.1509908462,-117.2485503,2025-02-08 17:27:51+00:00,Eriogonum fasciculatum,California Buckwheat,Plantae,101.0,10.518335342407227,110.41043090820312,0.15516044199466705,52.0,0.0,128.0,57.0,69.0,19.0,1.0
33.1485373755,-117.2516501083,2025-02-08 18:35:25+00:00,Eriogonum fasciculatum,California Buckwheat,Plantae,101.0,8.471818923950195,319.5315856933594,0.2554614543914795,42.0,0.0,128.0,54.0,67.0,20.0,1.0
33.1482416667,-117.2470166667,2025-05-07 19:21:14+00:00,Eriogonum fasciculatum,California Buckwheat,Plantae,113.0,2.2144412994384766,270.0,0.14765606820583344,52.0,0.0,128.0,55.0,70.0,19.0,1.0
33.148425,-117.252455,2025-06-20 18:02:20+00:00,Eriogonum fasciculatum,California Buckwheat,Plantae,92.0,0.0,-0.0,0.24051491916179657,42.0,0.0,128.0,54.0,67.0,20.0,1.0
33.1503555,-117.2486633333,2025-06-20 18:14:43+00:00,Eriogonum fasciculatum,California Buckwheat,Plantae,98.0,3.4462242126464844,74.40666198730469,0.20796598494052887,52.0,0.0,128.0,57.0,69.0,19.0,1.0
33.1526971667,-117.2495883333,2025-06-20 18:33:32+00:00,Eriogonum fasciculatum,California Buckwheat,Plantae,125.0,8.9804048538208,78.17842864990234,0.14195583760738373,52.0,0.0,128.0,56.0,71.0,20.0,1.0
33.1505012512,-117.248664856,2025-06-30 18:57:35+00:00,Eriogonum fasciculatum,California Buckwheat,Plantae,98.0,3.4462242126464844,74.40666198730469,0.20796598494052887,52.0,0.0,128.0,57.0,69.0,19.0,1.0
33.1512145996,-117.2483673096,2025-10-24 20:32:59+00:00,Eriogonum fasciculatum,California Buckwheat,Plantae,97.0,10.35069751739502,122.12567138671875,0.14794552326202393,52.0,0.0,128.0,57.0,69.0,19.0,1.0
33.15210132,-117.24810703,2019-04-28 15:54:51+00:00,Eriophyllum confertiflorum,Golden Yarrow,Plantae,103.0,4.792656421661377,112.71475219726562,0.16409806907176971,52.0,0.0,128.0,56.0,71.0,20.0,1.0
33.1519916667,-117.2482083333,2022-05-20 21:34:20+00:00,Eriophyllum confertiflorum,Golden Yarrow,Plantae,104.0,4.517909049987793,101.8216781616211,0.16362841427326202,52.0,0.0,128.0,56.0,71.0,20.0,1.0
33.1486545945,-117.2513723355,2023-04-25 17:46:00+00:00,Eriophyllum confertiflorum,Golden Yarrow,Plantae,100.0,3.8659446239471436,343.3746032714844,0.27368929982185364,90.0,0.0,128.0,54.0,67.0,20.0,1.0
33.1486545945,-117.2513723355,2023-04-25 18:22:00+00:00,Eriophyllum confertiflorum,Golden Yarrow,Plantae,100.0,3.8659446239471436,343.3746032714844,0.27368929982185364,90.0,0.0,128.0,54.0,67.0,20.0,1.0
33.14817971,-117.24702781,2023-04-29 17:43:07+00:00,Eriophyllum confertiflorum,Golden Yarrow,Plantae,113.0,2.2144412994384766,270.0,0.14765606820583344,52.0,0.0,128.0,55.0,70.0,19.0,1.0
33.1489945,-117.25788,2023-05-10 17:38:41+00:00,Eriophyllum confertiflorum,Golden Yarrow,Plantae,168.0,5.1258063316345215,154.46363830566406,0.1667630821466446,52.0,0.0,128.0,53.0,72.0,21.0,1.0
33.14845,-117.2472916667,2024-01-13 18:45:08+00:00,Eriophyllum confertiflorum,Golden Yarrow,Plantae,110.0,9.21119499206543,314.3275146484375,0.21096768975257874,52.0,0.0,128.0,55.0,70.0,19.0,1.0
33.1476768782,-117.2471073112,2025-02-08 20:15:13+00:00,Eriophyllum confertiflorum,Golden Yarrow,Plantae,116.0,10.096575736999512,-0.0,0.14230774343013763,52.0,0.0,128.0,55.0,70.0,19.0,1.0
33.1500501113,-117.2493404194,2025-04-30 18:11:11+00:00,Eriophyllum confertiflorum,Golden Yarrow,Plantae,101.0,7.254580974578857,152.8927764892578,0.15529900789260864,52.0,0.0,128.0,57.0,69.0,19.0,1.0
33.1525550983,-117.2487904893,2025-05-12 20:39:21+00:00,Eriophyllum confertiflorum,Golden Yarrow,Plantae,111.0,9.913349151611328,84.6854019165039,0.14332003891468048,52.0,0.0,128.0,56.0,71.0,20.0,1.0
33.1504885666,-117.2486833391,2018-02-27 22:45:56+00:00,Erodium,stork's-bills,Plantae,98.0,3.4462242126464844,74.40666198730469,0.20796598494052887,52.0,0.0,128.0,57.0,69.0,19.0,1.0
33.14885,-117.2487416667,2022-03-01 18:45:25+00:00,Erodium,stork's-bills,Plantae,97.0,1.107641339302063,90.0,0.15507586300373077,21.0,1.0,128.0,54.0,69.0,20.0,1.0
33.1484611667,-117.247995,2024-01-13 19:34:24+00:00,Erodium,stork's-bills,Plantae,99.0,8.076262474060059,335.8727722167969,0.19933944940567017,52.0,0.0,128.0,54.0,69.0,20.0,1.0
33.1519543993,-117.2454743971,2025-03-20 20:38:49+00:00,Erodium,stork's-bills,Plantae,92.0,5.8213300704956055,108.51514434814453,0.17704978585243225,71.0,0.0,128.0,56.0,69.0,19.0,1.0
33.148575,-117.2496633333,2025-06-20 18:08:24+00:00,Erodium botrys,Mediterranean Stork's-bill,Plantae,100.0,5.9680867195129395,338.29119873046875,0.2425835132598877,52.0,0.0,128.0,54.0,69.0,20.0,1.0
33.1487778333,-117.248845,2022-03-01 18:42:37+00:00,Erodium cicutarium,Redstem Stork's-bill,Plantae,97.0,1.107641339302063,90.0,0.15507586300373077,21.0,1.0,128.0,54.0,69.0,20.0,1.0
33.1460805,-117.2483583333,2025-02-08 20:37:48+00:00,Erynnis tristis,Mournful Duskywing,Insecta,145.0,5.759568691253662,50.06127166748047,0.14284005761146545,52.0,0.0,128.0,55.0,71.0,20.0,1.0
33.1486545945,-117.2513723355,2023-04-25 17:28:00+00:00,Eschscholzia californica,California poppy,Plantae,100.0,3.8659446239471436,343.3746032714844,0.27368929982185364,90.0,0.0,128.0,54.0,67.0,20.0,1.0
33.1504971667,-117.2489083333,2018-06-10 18:05:50+00:00,Euphilotes battoides,Square-spotted Blue,Insecta,100.0,5.821231365203857,108.51547241210938,0.17764776945114136,52.0,0.0,128.0,57.0,69.0,19.0,1.0
33.1521138889,-117.2541944444,2025-05-12 21:05:14+00:00,Euphilotes bernardino,Bernardino Blue,Insecta,162.0,9.91777229309082,146.43296813964844,0.14201784133911133,52.0,0.0,128.0,56.0,74.0,20.0,1.0
33.1493305,-117.25847,2023-05-10 18:17:00+00:00,Euphorbia polycarpa,smallseed sandmat,Plantae,171.0,5.217850208282471,237.87384033203125,0.16853679716587067,52.0,0.0,106.0,55.0,73.0,21.0,1.0
33.1520555556,-117.2529861111,2025-05-12 20:50:19+00:00,Euphorbia polycarpa,smallseed sandmat,Plantae,162.0,7.168164253234863,112.71475219726562,0.14280347526073456,52.0,0.0,128.0,55.0,70.0,22.0,1.0
33.1478643,-117.2552019997,2026-01-26 21:19:37+00:00,Euschistus,Brown Stink Bugs,Insecta,94.0,4.968292713165283,41.85330581665039,0.29769620299339294,90.0,0.0,128.0,54.0,70.0,21.0,1.0
33.1486545945,-117.2513723355,2023-04-25 17:56:00+00:00,Eustala,,Arachnida,100.0,3.8659446239471436,343.3746032714844,0.27368929982185364,90.0,0.0,128.0,54.0,67.0,20.0,1.0
33.1479539376,-117.2534108162,2017-01-21 18:29:00+00:00,Exidia glandulosa,Black Witches' Butter,Fungi,95.0,7.185986518859863,309.9381103515625,0.25315871834754944,42.0,0.0,128.0,54.0,67.0,20.0,1.0
33.1484638333,-117.2513883333,2024-01-05 18:38:41+00:00,Exidia glandulosa,Black Witches' Butter,Fungi,101.0,3.865943670272827,16.625350952148438,0.2554614543914795,90.0,0.0,128.0,54.0,67.0,20.0,1.0
33.1484666667,-117.2514116667,2024-01-18 16:53:55+00:00,Exidia glandulosa,Black Witches' Butter,Fungi,101.0,3.865943670272827,16.625350952148438,0.2554614543914795,90.0,0.0,128.0,54.0,67.0,20.0,1.0
33.14998883,-117.24884167,2020-01-11 19:12:58+00:00,Fissidens,pocket mosses,Plantae,98.0,3.8659474849700928,163.37445068359375,0.27009475231170654,52.0,0.0,128.0,57.0,69.0,19.0,1.0
33.146993,-117.247521,2016-01-16 19:07:00+00:00,Flavoparmelia caperata,common greenshield lichen,Fungi,132.0,5.6556878089904785,348.74188232421875,0.14556923508644104,52.0,0.0,128.0,54.0,71.0,18.0,1.0
33.148339076,-117.250617295,2017-01-21 16:26:00+00:00,Flavoparmelia caperata,common greenshield lichen,Fungi,98.0,5.968084335327148,21.708744049072266,0.2875625193119049,90.0,0.0,128.0,54.0,67.0,20.0,1.0
33.1480751228,-117.2528921363,2019-04-28 16:06:00+00:00,Flavoparmelia caperata,common greenshield lichen,Fungi,98.0,9.917640686035156,326.43414306640625,0.23904162645339966,42.0,0.0,128.0,54.0,67.0,20.0,1.0
33.1484415048,-117.2472854667,2022-01-15 18:15:19+00:00,Flavoparmelia caperata,common greenshield lichen,Fungi,110.0,9.21119499206543,314.3275146484375,0.21096768975257874,52.0,0.0,128.0,55.0,70.0,19.0,1.0
33.1518221667,-117.248175,2022-03-01 18:20:20+00:00,Flavoparmelia caperata,common greenshield lichen,Fungi,101.0,7.186158180236816,129.93695068359375,0.1710846722126007,52.0,0.0,128.0,56.0,71.0,20.0,1.0
33.1483583333,-117.2511533333,2024-01-05 18:36:07+00:00,Flavoparmelia caperata,common greenshield lichen,Fungi,102.0,9.36627197265625,27.960859298706055,0.24405525624752045,42.0,0.0,128.0,54.0,67.0,20.0,1.0
33.1484305,-117.2513716667,2024-01-13 20:49:49+00:00,Flavoparmelia caperata,common greenshield lichen,Fungi,101.0,3.865943670272827,16.625350952148438,0.2554614543914795,90.0,0.0,128.0,54.0,67.0,20.0,1.0
33.1483,-117.2471,2023-01-14 19:00:23+00:00,Flavopunctelia,Speckled Greenshield Lichens,Fungi,113.0,2.2144412994384766,270.0,0.14765606820583344,52.0,0.0,128.0,55.0,70.0,19.0,1.0
33.1484528333,-117.2473,2024-01-13 18:43:49+00:00,Flavopunctelia flaventior,Speckled Greenshield,Fungi,110.0,9.21119499206543,314.3275146484375,0.21096768975257874,52.0,0.0,128.0,55.0,70.0,19.0,1.0
33.1519471667,-117.2481383333,2025-01-21 22:27:08+00:00,Flavopunctelia flaventior,Speckled Greenshield,Fungi,103.0,4.792656421661377,112.71475219726562,0.16409806907176971,52.0,0.0,128.0,56.0,71.0,20.0,1.0
33.1517916667,-117.2482083333,2025-02-08 17:21:21+00:00,Flavopunctelia flaventior,Speckled Greenshield,Fungi,103.0,7.168145179748535,112.7148208618164,0.20088331401348114,52.0,0.0,128.0,56.0,71.0,20.0,1.0
33.1477555,-117.247055,2025-02-08 18:42:33+00:00,Flavopunctelia flaventior,Speckled Greenshield,Fungi,116.0,10.096575736999512,-0.0,0.14230774343013763,52.0,0.0,128.0,55.0,70.0,19.0,1.0
33.1471534398,-117.2473609526,2022-01-15 18:31:08+00:00,Flavopunctelia soredica,Powder-edged Speckled Greenshield,Fungi,130.0,7.4597249031066895,8.49125862121582,0.1269673854112625,52.0,0.0,128.0,55.0,70.0,19.0,1.0
33.1482555,-117.2469416667,2025-02-08 18:36:31+00:00,Flavopunctelia soredica,Powder-edged Speckled Greenshield,Fungi,113.0,2.2144412994384766,270.0,0.14765606820583344,52.0,0.0,128.0,55.0,70.0,19.0,1.0
33.14832783,-117.25128,2020-01-11 22:02:14+00:00,Fomitopsidaceae,Bracket Polypores,Fungi,104.0,8.912068367004395,21.708744049072266,0.2164716273546219,42.0,0.0,128.0,54.0,67.0,20.0,1.0
33.1483789436,-117.2523402518,2016-01-16 17:48:15+00:00,Formicidae,Ants,Insecta,92.0,0.0,-0.0,0.24051491916179657,42.0,0.0,128.0,54.0,67.0,20.0,1.0
33.147926471,-117.2494431173,2025-04-30 16:22:32+00:00,Formicidae,Ants,Insecta,110.0,8.076253890991211,24.127098083496094,0.21182937920093536,52.0,0.0,128.0,54.0,69.0,20.0,1.0
33.1494666625,-117.2489198309,2025-04-30 16:35:17+00:00,Formicidae,Ants,Insecta,98.0,3.8659474849700928,163.37445068359375,0.2799721658229828,52.0,0.0,128.0,57.0,69.0,19.0,1.0
33.1477445,-117.254845,2019-04-28 17:20:19+00:00,Frangula californica,coffeeberry,Plantae,97.0,11.045968055725098,5.683966159820557,0.23339538276195526,90.0,0.0,128.0,54.0,70.0,21.0,1.0
33.1484195,-117.251175,2022-03-01 20:30:28+00:00,Frangula californica,coffeeberry,Plantae,101.0,3.865943670272827,16.625350952148438,0.2554614543914795,90.0,0.0,128.0,54.0,67.0,20.0,1.0
33.1476952974,-117.2544990388,2018-05-05 17:48:33+00:00,Fraxinus,ashes,Plantae,98.0,9.195145606994629,-0.0,0.23339538276195526,42.0,0.0,128.0,54.0,70.0,21.0,1.0
33.1499165803,-117.2489400293,2025-04-30 16:38:34+00:00,Fraxinus,ashes,Plantae,98.0,3.8659474849700928,163.37445068359375,0.27009475231170654,52.0,0.0,128.0,57.0,69.0,19.0,1.0
33.1474411162,-117.256978741,2019-04-28 19:37:44+00:00,Fraxinus velutina,velvet ash,Plantae,88.0,1.8543341159820557,180.0,0.24993914365768433,90.0,0.0,128.0,53.0,72.0,21.0,1.0
33.1502750024,-117.24872,2023-01-14 16:51:19+00:00,Fuligo septica,Dog Vomit Slime Mold,Protozoa,98.0,3.4462242126464844,74.40666198730469,0.20796598494052887,52.0,0.0,128.0,57.0,69.0,19.0,1.0
33.1491000024,-117.2490616667,2023-01-14 17:02:47+00:00,Fuligo septica,Dog Vomit Slime Mold,Protozoa,96.0,1.8543341159820557,-0.0,0.24908022582530975,52.0,0.0,128.0,54.0,69.0,20.0,1.0
33.148159,-117.249913,2016-01-16 18:46:57+00:00,Fungi,Fungi Including Lichens,Fungi,100.0,7.80299711227417,315.13458251953125,0.22563593089580536,52.0,0.0,128.0,54.0,69.0,20.0,1.0
33.1482663314,-117.252070543,2019-04-28 16:07:00+00:00,Fungi,Fungi Including Lichens,Fungi,100.0,15.535239219665527,330.86578369140625,0.2119893580675125,42.0,0.0,128.0,54.0,67.0,20.0,1.0
33.1497611667,-117.2488783333,2019-04-28 16:24:56+00:00,Fungi,Fungi Including Lichens,Fungi,98.0,3.8659474849700928,163.37445068359375,0.27009475231170654,52.0,0.0,128.0,57.0,69.0,19.0,1.0
33.1480372731,-117.2533024717,2019-04-28 17:14:42+00:00,Fungi,Fungi Including Lichens,Fungi,98.0,9.917640686035156,326.43414306640625,0.23904162645339966,90.0,0.0,128.0,54.0,67.0,20.0,1.0
33.1484884161,-117.2514409672,2020-01-11 09:45:46+00:00,Fungi,Fungi Including Lichens,Fungi,101.0,8.471818923950195,319.5315856933594,0.2554614543914795,42.0,0.0,128.0,54.0,67.0,20.0,1.0
33.1483535767,-117.2502975464,2020-01-11 12:02:04+00:00,Fungi,Fungi Including Lichens,Fungi,98.0,5.125797271728516,334.4638671875,0.2885795533657074,90.0,0.0,128.0,54.0,67.0,20.0,1.0
33.1472396851,-117.2473449707,2020-01-11 19:28:48+00:00,Fungi,Fungi Including Lichens,Fungi,130.0,7.4597249031066895,8.49125862121582,0.1269673854112625,52.0,0.0,128.0,55.0,70.0,19.0,1.0
33.148425,-117.251495,2020-01-11 22:33:18+00:00,Fungi,Fungi Including Lichens,Fungi,101.0,8.471818923950195,319.5315856933594,0.2554614543914795,42.0,0.0,128.0,54.0,67.0,20.0,1.0
33.1484916667,-117.2510916667,2021-02-16 17:22:37+00:00,Fungi,Fungi Including Lichens,Fungi,100.0,3.552241325378418,38.52865219116211,0.26266878843307495,90.0,0.0,128.0,54.0,67.0,20.0,1.0
33.1496916667,-117.2488416667,2022-01-05 16:47:51+00:00,Fungi,Fungi Including Lichens,Fungi,98.0,3.8659474849700928,163.37445068359375,0.2799721658229828,52.0,0.0,128.0,57.0,69.0,19.0,1.0
33.14675915,-117.24741446,2022-01-15 18:34:38+00:00,Fungi,Fungi Including Lichens,Fungi,132.0,5.6556878089904785,348.74188232421875,0.14556923508644104,52.0,0.0,128.0,54.0,71.0,18.0,1.0
33.14811257,-117.25117118,2022-01-15 20:05:07+00:00,Fungi,Fungi Including Lichens,Fungi,104.0,8.912068367004395,21.708744049072266,0.2164716273546219,42.0,0.0,128.0,54.0,67.0,20.0,1.0
33.14789618,-117.25344107,2022-01-15 20:21:05+00:00,Fungi,Fungi Including Lichens,Fungi,95.0,7.185986518859863,309.9381103515625,0.25315871834754944,42.0,0.0,128.0,54.0,67.0,20.0,1.0
33.1501055,-117.2488033333,2022-12-29 17:29:49+00:00,Fungi,Fungi Including Lichens,Fungi,100.0,2.1595702171325684,149.15438842773438,0.24612712860107422,52.0,0.0,128.0,57.0,69.0,19.0,1.0
33.1481528333,-117.2494966667,2024-01-05 18:59:01+00:00,Fungi,Fungi Including Lichens,Fungi,106.0,8.571905136108398,14.864535331726074,0.17550188302993774,52.0,0.0,128.0,54.0,69.0,20.0,1.0
33.14825929,-117.25100606,2024-01-13 18:40:08+00:00,Fungi,Fungi Including Lichens,Fungi,102.0,9.36627197265625,27.960859298706055,0.24405525624752045,42.0,0.0,128.0,54.0,67.0,20.0,1.0
33.1482195,-117.2490216667,2024-01-13 20:17:01+00:00,Fungi,Fungi Including Lichens,Fungi,101.0,10.010369300842285,50.06198501586914,0.1956081986427307,52.0,0.0,128.0,54.0,69.0,20.0,1.0
33.1483195,-117.2508083333,2024-01-13 20:47:58+00:00,Fungi,Fungi Including Lichens,Fungi,100.0,8.577668190002441,30.845129013061523,0.2653374969959259,90.0,0.0,128.0,54.0,67.0,20.0,1.0
33.1481666667,-117.2527972222,2024-01-18 16:43:00+00:00,Fungi,Fungi Including Lichens,Fungi,94.0,2.7802884578704834,-0.0,0.26680296659469604,42.0,0.0,128.0,54.0,67.0,20.0,1.0
33.1480601617,-117.2487868556,2025-02-08 21:04:36+00:00,Fungi,Fungi Including Lichens,Fungi,105.0,12.947541236877441,9.682818412780762,0.23585261404514313,52.0,0.0,128.0,54.0,69.0,20.0,1.0
33.1482922526,-117.2510320917,2025-11-02 18:16:08+00:00,Fungi,Fungi Including Lichens,Fungi,102.0,9.36627197265625,27.960859298706055,0.24405525624752045,42.0,0.0,128.0,54.0,67.0,20.0,1.0
33.148327251,-117.2511039489,2025-11-24 17:58:51+00:00,Fungi,Fungi Including Lichens,Fungi,102.0,9.36627197265625,27.960859298706055,0.24405525624752045,42.0,0.0,128.0,54.0,67.0,20.0,1.0
33.1484,-117.2513416667,2024-01-05 18:36:56+00:00,Fuscoporia gilva,Mustard Yellow Polypore,Fungi,101.0,3.865943670272827,16.625350952148438,0.2554614543914795,90.0,0.0,128.0,54.0,67.0,20.0,1.0
33.1483416667,-117.2501916667,2024-01-13 20:12:00+00:00,Fuscoporia gilva,Mustard Yellow Polypore,Fungi,98.0,5.125797271728516,334.4638671875,0.2885795533657074,90.0,0.0,128.0,54.0,67.0,20.0,1.0
33.1483916667,-117.2500916667,2024-01-13 20:34:59+00:00,Fuscoporia gilva,Mustard Yellow Polypore,Fungi,99.0,0.9274099469184875,180.0,0.2747989892959595,90.0,0.0,128.0,54.0,67.0,20.0,1.0
33.1483082997,-117.2511576997,2024-01-13 20:49:05+00:00,Fuscoporia gilva,Mustard Yellow Polypore,Fungi,102.0,9.36627197265625,27.960859298706055,0.24405525624752045,42.0,0.0,128.0,54.0,67.0,20.0,1.0
33.1462,-117.2486466667,2022-03-01 19:46:11+00:00,Galium,bedstraws,Plantae,147.0,6.387418270111084,43.6956672668457,0.1568940430879593,52.0,0.0,128.0,55.0,71.0,20.0,1.0
33.1481437534,-117.249511271,2025-04-30 16:15:05+00:00,Galium,bedstraws,Plantae,106.0,8.571905136108398,14.864535331726074,0.17550188302993774,52.0,0.0,128.0,54.0,69.0,20.0,1.0
33.1499676387,-117.2491336987,2025-04-30 17:42:36+00:00,Galium,bedstraws,Plantae,98.0,3.704791784286499,180.0,0.20633623003959656,52.0,0.0,128.0,57.0,69.0,19.0,1.0
33.147772369,-117.2538123095,2019-04-28 18:04:16+00:00,Galium aparine,catchweed bedstraw,Plantae,94.0,10.17082405090332,334.4639892578125,0.24760621786117554,42.0,0.0,128.0,54.0,67.0,20.0,1.0
33.1484888333,-117.2475133333,2022-03-01 19:08:30+00:00,Galium aparine,catchweed bedstraw,Plantae,106.0,12.786489486694336,309.93792724609375,0.22121699154376984,52.0,0.0,128.0,55.0,70.0,19.0,1.0
33.1485498246,-117.2477649541,2023-01-14 18:55:02+00:00,Galium aparine,catchweed bedstraw,Plantae,101.0,12.60735034942627,322.76300048828125,0.19933944940567017,52.0,0.0,128.0,55.0,70.0,19.0,1.0
33.1486545945,-117.2513723355,2023-04-25 17:51:00+00:00,Galium aparine,catchweed bedstraw,Plantae,100.0,3.8659446239471436,343.3746032714844,0.27368929982185364,90.0,0.0,128.0,54.0,67.0,20.0,1.0
33.1478400481,-117.2537213307,2025-03-25 17:56:52+00:00,Galium aparine,catchweed bedstraw,Plantae,93.0,2.4004368782043457,292.7156677246094,0.27151334285736084,90.0,0.0,128.0,54.0,67.0,20.0,1.0
33.1491273694,-117.2490095537,2025-03-25 22:10:27+00:00,Galium aparine,catchweed bedstraw,Plantae,96.0,1.8543341159820557,-0.0,0.24908022582530975,52.0,0.0,128.0,54.0,69.0,20.0,1.0
33.1516611667,-117.2481383333,2022-03-01 18:24:59+00:00,Galium porrigens,graceful bedstraw,Plantae,101.0,7.186158180236816,129.93695068359375,0.1710846722126007,52.0,0.0,128.0,56.0,71.0,20.0,1.0
33.1486545945,-117.2513723355,2023-04-25 16:47:00+00:00,Gallinula galeata,Common Gallinule,Aves,100.0,3.8659446239471436,343.3746032714844,0.27368929982185364,90.0,0.0,128.0,54.0,67.0,20.0,1.0
33.1499278333,-117.2489383333,2025-11-26 22:21:22+00:00,Ganoderma,"Artist's Brackets, Reishi, and Allies",Fungi,98.0,3.8659474849700928,163.37445068359375,0.27009475231170654,52.0,0.0,128.0,57.0,69.0,19.0,1.0
33.1500123957,-117.2488736885,2025-06-24 18:34:07+00:00,Ganoderma polychromum,,Fungi,100.0,2.1595702171325684,149.15438842773438,0.24612712860107422,52.0,0.0,128.0,57.0,69.0,19.0,1.0
33.1482277778,-117.2493944444,2025-11-02 19:08:00+00:00,Ganoderma polychromum,,Fungi,106.0,8.571905136108398,14.864535331726074,0.17550188302993774,52.0,0.0,128.0,54.0,69.0,20.0,1.0
33.1503221667,-117.2486583333,2021-02-16 16:56:23+00:00,Geastrales,Geastrales,Fungi,98.0,3.4462242126464844,74.40666198730469,0.20796598494052887,52.0,0.0,128.0,57.0,69.0,19.0,1.0
33.1486740112,-117.2488708496,2022-01-15 17:20:15+00:00,Geastrum,Earthstars,Fungi,97.0,1.107641339302063,90.0,0.15507586300373077,21.0,1.0,128.0,54.0,69.0,20.0,1.0
33.1503666667,-117.2486333333,2025-12-01 18:59:57+00:00,Geastrum,Earthstars,Fungi,98.0,3.4462242126464844,74.40666198730469,0.20796598494052887,52.0,0.0,128.0,57.0,69.0,19.0,1.0
33.1486055,-117.25203,2022-03-01 20:28:06+00:00,Geranium,geraniums and cranesbills,Plantae,93.0,7.811668395996094,325.6863708496094,0.23129010200500488,90.0,0.0,128.0,54.0,67.0,20.0,1.0
33.1483610803,-117.2503731528,2025-03-25 22:13:40+00:00,Geranium,geraniums and cranesbills,Plantae,98.0,5.968084335327148,21.708744049072266,0.2875625193119049,90.0,0.0,128.0,54.0,67.0,20.0,1.0
33.1473770142,-117.2471008301,2025-04-23 19:24:27+00:00,Geranium carolinianum,Carolina crane's-bill,Plantae,123.0,10.607150077819824,18.04227638244629,0.14684928953647614,52.0,0.0,128.0,55.0,70.0,19.0,1.0
33.1484243973,-117.2521976196,2019-04-28 17:06:49+00:00,Geranium dissectum,Cut-leaved crane's-bill,Plantae,93.0,7.811668395996094,325.6863708496094,0.23129010200500488,90.0,0.0,128.0,54.0,67.0,20.0,1.0
33.148286012,-117.2525789124,2019-04-28 17:50:19+00:00,Geranium dissectum,Cut-leaved crane's-bill,Plantae,94.0,6.827554702758789,341.15777587890625,0.2596748471260071,42.0,0.0,128.0,54.0,67.0,20.0,1.0
33.1498451288,-117.2489398001,2025-04-30 16:49:19+00:00,Gerridae,Water Striders,Insecta,98.0,3.8659474849700928,163.37445068359375,0.27009475231170654,52.0,0.0,128.0,57.0,69.0,19.0,1.0
33.1499666667,-117.248925,2025-01-21 22:40:56+00:00,Gerrini,,Insecta,98.0,3.8659474849700928,163.37445068359375,0.27009475231170654,52.0,0.0,128.0,57.0,69.0,19.0,1.0
33.1504221667,-117.248695,2019-04-28 16:15:44+00:00,Gnaphaliinae,"cudweeds, everlastings, and pussytoes",Plantae,98.0,3.4462242126464844,74.40666198730469,0.20796598494052887,52.0,0.0,128.0,57.0,69.0,19.0,1.0
33.1502745395,-117.2493689869,2022-01-15 10:16:28+00:00,Gomphaceae,,Fungi,105.0,7.2545857429504395,152.8927001953125,0.14761678874492645,52.0,0.0,128.0,57.0,69.0,19.0,1.0
33.1484234312,-117.2510134115,2022-01-15 12:04:04+00:00,Gomphaceae,,Fungi,100.0,3.552241325378418,38.52865219116211,0.26266878843307495,90.0,0.0,128.0,54.0,67.0,20.0,1.0
33.1483326934,-117.2510927634,2022-01-15 20:03:58+00:00,Gomphaceae,,Fungi,102.0,9.36627197265625,27.960859298706055,0.24405525624752045,42.0,0.0,128.0,54.0,67.0,20.0,1.0
33.1476838905,-117.2525927424,2024-01-13 19:02:48+00:00,Gomphaceae,,Fungi,106.0,13.511812210083008,331.1343994140625,0.21008747816085815,42.0,0.0,128.0,54.0,67.0,20.0,1.0
33.1460388333,-117.248325,2022-03-01 19:26:56+00:00,Gutierrezia californica,California matchweed,Plantae,145.0,5.759568691253662,50.06127166748047,0.14284005761146545,52.0,0.0,128.0,55.0,71.0,20.0,1.0
33.1503611667,-117.2486883333,2019-12-31 11:02:01+00:00,Gymnopus dryophilus,Oak-loving Gymnopus,Fungi,98.0,3.4462242126464844,74.40666198730469,0.20796598494052887,52.0,0.0,128.0,57.0,69.0,19.0,1.0
33.1500158152,-117.2495804586,2025-04-30 18:21:45+00:00,Hazardia,,Plantae,103.0,7.803070068359375,135.13404846191406,0.15529900789260864,52.0,0.0,128.0,57.0,69.0,19.0,1.0
33.1485639309,-117.2517074077,2025-02-08 20:14:51+00:00,Hedera helix,common ivy,Plantae,96.0,11.405220031738281,309.93792724609375,0.24799086153507233,90.0,0.0,128.0,54.0,67.0,20.0,1.0
33.147847948,-117.2518582384,2019-04-28 16:30:00+00:00,Hedypnois rhagadioloides,Cretanweed,Plantae,110.0,17.379549026489258,349.3203125,0.17507825791835785,42.0,0.0,128.0,54.0,67.0,20.0,1.0
33.1483583333,-117.252555,2019-04-28 17:03:57+00:00,Hedypnois rhagadioloides,Cretanweed,Plantae,94.0,6.827554702758789,341.15777587890625,0.2596748471260071,42.0,0.0,128.0,54.0,67.0,20.0,1.0
33.1483176537,-117.2524186504,2019-04-28 17:11:42+00:00,Hedypnois rhagadioloides,Cretanweed,Plantae,96.0,13.511831283569336,331.1342468261719,0.22770389914512634,42.0,0.0,128.0,54.0,67.0,20.0,1.0
33.1493333333,-117.258475,2023-05-10 18:18:15+00:00,Hedypnois rhagadioloides,Cretanweed,Plantae,171.0,5.217850208282471,237.87384033203125,0.16853679716587067,52.0,0.0,106.0,55.0,73.0,21.0,1.0
33.1481933333,-117.252795,2017-03-04 22:52:39+00:00,Helvella dryophila,Oak-loving Elfin Saddle,Fungi,94.0,2.7802884578704834,-0.0,0.26680296659469604,42.0,0.0,128.0,54.0,67.0,20.0,1.0
33.1495583333,-117.2488633333,2019-03-08 17:25:15+00:00,Helvella dryophila,Oak-loving Elfin Saddle,Fungi,98.0,3.8659474849700928,163.37445068359375,0.2799721658229828,52.0,0.0,128.0,57.0,69.0,19.0,1.0
33.149525,-117.2489166667,2019-03-12 21:08:27+00:00,Helvella dryophila,Oak-loving Elfin Saddle,Fungi,98.0,3.8659474849700928,163.37445068359375,0.2799721658229828,52.0,0.0,128.0,57.0,69.0,19.0,1.0
33.1484027778,-117.2513555556,2024-01-18 17:00:00+00:00,Hemimycena,,Fungi,101.0,3.865943670272827,16.625350952148438,0.2554614543914795,90.0,0.0,128.0,54.0,67.0,20.0,1.0
33.1483333333,-117.2512333333,2024-01-13 20:18:00+00:00,Hemimycena lactea,Milky Bonnet,Fungi,104.0,8.912068367004395,21.708744049072266,0.2164716273546219,42.0,0.0,128.0,54.0,67.0,20.0,1.0
33.1486138333,-117.2495416667,2024-11-01 20:41:19+00:00,Hemiptera,"True Bugs, Hoppers, Aphids, and allies",Insecta,101.0,7.3788604736328125,-0.0,0.16504494845867157,52.0,0.0,128.0,54.0,69.0,20.0,1.0
33.1480258003,-117.2526597977,2017-01-21 18:17:00+00:00,Hericium coralloides,Coral tooth fungus,Fungi,100.0,13.319596290588379,325.1344299316406,0.23375199735164642,42.0,0.0,128.0,54.0,67.0,20.0,1.0
33.1481861667,-117.2532283333,2021-02-16 17:33:09+00:00,Hericium coralloides,Coral tooth fungus,Fungi,94.0,2.7802884578704834,-0.0,0.26680296659469604,90.0,0.0,128.0,54.0,67.0,20.0,1.0
33.1484221667,-117.2513583333,2024-01-05 18:37:28+00:00,Hericium coralloides,Coral tooth fungus,Fungi,101.0,3.865943670272827,16.625350952148438,0.2554614543914795,90.0,0.0,128.0,54.0,67.0,20.0,1.0
33.1478527778,-117.2556083333,2024-01-13 21:24:00+00:00,Hericium coralloides,Coral tooth fungus,Fungi,95.0,0.9274099469184875,-0.0,0.2526199221611023,90.0,0.0,128.0,54.0,70.0,21.0,1.0
33.1484281997,-117.2513452,2026-01-18 20:39:52+00:00,Hericium coralloides,Coral tooth fungus,Fungi,101.0,3.865943670272827,16.625350952148438,0.2554614543914795,90.0,0.0,128.0,54.0,67.0,20.0,1.0
33.1485166667,-117.2515416667,2018-01-13 19:58:26+00:00,Heteromeles arbutifolia,Toyon,Plantae,101.0,8.471818923950195,319.5315856933594,0.2554614543914795,42.0,0.0,128.0,54.0,67.0,20.0,1.0
33.1484999601,-117.2515961343,2018-02-27 22:58:18+00:00,Heteromeles arbutifolia,Toyon,Plantae,101.0,8.471818923950195,319.5315856933594,0.2554614543914795,42.0,0.0,128.0,54.0,67.0,20.0,1.0
33.1478704792,-117.2561974638,2018-02-27 23:15:26+00:00,Heteromeles arbutifolia,Toyon,Plantae,97.0,2.159557580947876,149.1549530029297,0.25526466965675354,52.0,0.0,128.0,54.0,70.0,21.0,1.0
33.1500643166,-117.248818623,2018-05-05 17:23:03+00:00,Heteromeles arbutifolia,Toyon,Plantae,100.0,2.1595702171325684,149.15438842773438,0.24612712860107422,52.0,0.0,128.0,57.0,69.0,19.0,1.0
33.1480778333,-117.2531366667,2019-04-28 17:06:51+00:00,Heteromeles arbutifolia,Toyon,Plantae,98.0,9.917640686035156,326.43414306640625,0.23904162645339966,90.0,0.0,128.0,54.0,67.0,20.0,1.0
33.1484451294,-117.2518005371,2020-01-11 12:03:49+00:00,Heteromeles arbutifolia,Toyon,Plantae,96.0,11.405220031738281,309.93792724609375,0.24799086153507233,90.0,0.0,128.0,54.0,67.0,20.0,1.0
33.1481445,-117.2493366667,2022-01-15 19:23:15+00:00,Heteromeles arbutifolia,Toyon,Plantae,106.0,8.571905136108398,14.864535331726074,0.17550188302993774,52.0,0.0,128.0,54.0,69.0,20.0,1.0
33.1501945,-117.2488466667,2022-03-01 18:32:16+00:00,Heteromeles arbutifolia,Toyon,Plantae,100.0,2.1595702171325684,149.15438842773438,0.24612712860107422,52.0,0.0,128.0,57.0,69.0,19.0,1.0
33.1500787462,-117.2488211284,2023-01-14 16:56:34+00:00,Heteromeles arbutifolia,Toyon,Plantae,100.0,2.1595702171325684,149.15438842773438,0.24612712860107422,52.0,0.0,128.0,57.0,69.0,19.0,1.0
33.1483471667,-117.251105,2023-01-14 17:31:06+00:00,Heteromeles arbutifolia,Toyon,Plantae,102.0,9.36627197265625,27.960859298706055,0.24405525624752045,42.0,0.0,128.0,54.0,67.0,20.0,1.0
33.1485900879,-117.2501220703,2023-01-14 18:02:03+00:00,Heteromeles arbutifolia,Toyon,Plantae,99.0,0.9274099469184875,180.0,0.2747989892959595,90.0,0.0,128.0,54.0,67.0,20.0,1.0
33.1476838905,-117.2525927424,2024-01-13 20:55:18+00:00,Heteromeles arbutifolia,Toyon,Plantae,106.0,13.511812210083008,331.1343994140625,0.21008747816085815,42.0,0.0,128.0,54.0,67.0,20.0,1.0
33.1477971667,-117.256425,2024-01-13 21:28:05+00:00,Heteromeles arbutifolia,Toyon,Plantae,93.0,11.091241836547852,279.5061340332031,0.1966995745897293,42.0,0.0,128.0,53.0,72.0,21.0,1.0
33.1499971667,-117.2488116667,2025-01-21 22:46:14+00:00,Heteromeles arbutifolia,Toyon,Plantae,100.0,2.1595702171325684,149.15438842773438,0.24612712860107422,52.0,0.0,128.0,57.0,69.0,19.0,1.0
33.1498419292,-117.2489354037,2025-04-30 16:52:06+00:00,Heteromeles arbutifolia,Toyon,Plantae,98.0,3.8659474849700928,163.37445068359375,0.27009475231170654,52.0,0.0,128.0,57.0,69.0,19.0,1.0
33.1484333333,-117.2513966667,2025-06-20 18:04:33+00:00,Heteromeles arbutifolia,Toyon,Plantae,101.0,3.865943670272827,16.625350952148438,0.2554614543914795,90.0,0.0,128.0,54.0,67.0,20.0,1.0
33.1499570283,-117.2488568558,2025-06-24 18:38:18+00:00,Heteromeles arbutifolia,Toyon,Plantae,98.0,3.8659474849700928,163.37445068359375,0.27009475231170654,52.0,0.0,128.0,57.0,69.0,19.0,1.0
33.1495733,-117.2490681997,2025-10-13 00:19:08+00:00,Heteromeles arbutifolia,Toyon,Plantae,98.0,3.704791784286499,180.0,0.2702784240245819,52.0,0.0,128.0,57.0,69.0,19.0,1.0
33.1483028333,-117.2504283333,2025-06-20 18:06:30+00:00,Hirschfeldia,,Plantae,98.0,5.968084335327148,21.708744049072266,0.2875625193119049,90.0,0.0,128.0,54.0,67.0,20.0,1.0
33.1486333333,-117.2495583333,2025-06-20 18:08:46+00:00,Hirschfeldia incana,Shortpod Mustard,Plantae,100.0,5.9680867195129395,338.29119873046875,0.2425835132598877,52.0,0.0,128.0,54.0,69.0,20.0,1.0
33.1489195,-117.2483966667,2025-06-20 18:59:45+00:00,Hirschfeldia incana,Shortpod Mustard,Plantae,95.0,4.7569708824157715,13.434897422790527,0.173908531665802,71.0,0.0,128.0,54.0,69.0,20.0,1.0
33.1502385705,-117.2488244988,2019-04-28 14:51:00+00:00,Hooveria parviflora,small-flowered soaproot,Plantae,100.0,2.1595702171325684,149.15438842773438,0.24612712860107422,52.0,0.0,128.0,57.0,69.0,19.0,1.0
33.1488,-117.2487833333,2022-03-01 18:43:14+00:00,Hordeum murinum,wall barley,Plantae,97.0,1.107641339302063,90.0,0.15507586300373077,21.0,1.0,128.0,54.0,69.0,20.0,1.0
33.1486380733,-117.2483388655,2025-04-09 21:20:14+00:00,Hordeum murinum,wall barley,Plantae,98.0,4.313004016876221,329.15478515625,0.1800135374069214,52.0,0.0,128.0,54.0,69.0,20.0,1.0
33.1497166667,-117.2578366667,2023-05-10 18:39:37+00:00,Hydrophylloideae,"baby blue eyes, Phacelias, and waterleaves",Plantae,169.0,4.5177998542785645,101.82196807861328,0.16382937133312225,52.0,0.0,128.0,56.0,73.0,22.0,1.0
33.1479359719,-117.2537970543,2017-01-21 17:28:00+00:00,Hygrophorus,Woodwaxes,Fungi,93.0,2.4004368782043457,292.7156677246094,0.27151334285736084,90.0,0.0,128.0,54.0,67.0,20.0,1.0
33.1502549703,-117.248794376,2023-01-14 16:54:27+00:00,Hygrophorus roseobrunneus,Rosy Brown Waxy Cap,Fungi,100.0,2.1595702171325684,149.15438842773438,0.24612712860107422,52.0,0.0,128.0,57.0,69.0,19.0,1.0
33.1504171875,-117.2489354556,2019-04-28 15:15:00+00:00,Hyles lineata,White-lined Sphinx,Insecta,100.0,5.821231365203857,108.51547241210938,0.17764776945114136,52.0,0.0,128.0,57.0,69.0,19.0,1.0
33.1503815829,-117.2486480244,2019-04-28 16:14:30+00:00,Hyles lineata,White-lined Sphinx,Insecta,98.0,3.4462242126464844,74.40666198730469,0.20796598494052887,52.0,0.0,128.0,57.0,69.0,19.0,1.0
33.1485278333,-117.2522166667,2022-03-01 20:21:33+00:00,Hypochaeris glabra,Smooth Cat's Ear,Plantae,93.0,7.811668395996094,325.6863708496094,0.23129010200500488,90.0,0.0,128.0,54.0,67.0,20.0,1.0
33.1481433493,-117.2526889584,2016-01-16 19:00:30+00:00,Hypomyces,,Fungi,94.0,6.827554702758789,341.15777587890625,0.2596748471260071,42.0,0.0,128.0,54.0,67.0,20.0,1.0
33.1487221667,-117.25007,2021-02-16 17:12:57+00:00,Hypomyces,,Fungi,97.0,2.400456190109253,67.28453826904297,0.2485531121492386,90.0,0.0,128.0,54.0,69.0,20.0,1.0
33.148286302,-117.2512757778,2017-01-21 16:47:00+00:00,Hypomyces chrysospermus,bolete mould,Fungi,104.0,8.912068367004395,21.708744049072266,0.2164716273546219,42.0,0.0,128.0,54.0,67.0,20.0,1.0
33.1485416667,-117.24997,2021-02-16 17:13:47+00:00,Hypomyces chrysospermus,bolete mould,Fungi,99.0,2.992159605026245,338.29119873046875,0.2425835132598877,90.0,0.0,128.0,54.0,69.0,20.0,1.0
33.1485055,-117.2521283333,2022-01-15 20:09:18+00:00,Hypomyces microspermus,,Fungi,93.0,7.811668395996094,325.6863708496094,0.23129010200500488,90.0,0.0,128.0,54.0,67.0,20.0,1.0
33.1482391991,-117.2526244261,2022-12-30 19:33:30+00:00,Hypomyces microspermus,,Fungi,94.0,6.827554702758789,341.15777587890625,0.2596748471260071,42.0,0.0,128.0,54.0,67.0,20.0,1.0
33.1503028333,-117.248725,2023-01-14 16:50:14+00:00,Hypomyces microspermus,,Fungi,98.0,3.4462242126464844,74.40666198730469,0.20796598494052887,52.0,0.0,128.0,57.0,69.0,19.0,1.0
33.1484936318,-117.25174726,2020-01-11 09:47:20+00:00,Hypoxylaceae,,Fungi,96.0,11.405220031738281,309.93792724609375,0.24799086153507233,90.0,0.0,128.0,54.0,67.0,20.0,1.0
33.147684,-117.2525927,2018-04-22 16:14:00+00:00,Insecta,Insects,Insecta,106.0,13.511812210083008,331.1343994140625,0.21008747816085815,42.0,0.0,128.0,54.0,67.0,20.0,1.0
33.1495118856,-117.2490834036,2025-04-30 17:18:09+00:00,Insecta,Insects,Insecta,98.0,3.704791784286499,180.0,0.2702784240245819,52.0,0.0,128.0,57.0,69.0,19.0,1.0
33.1505611667,-117.2486416667,2025-01-21 22:30:48+00:00,Isocoma,Jimmyweeds and Goldenbushes,Plantae,98.0,8.182602882385254,109.73878479003906,0.157515287399292,52.0,0.0,128.0,57.0,69.0,19.0,1.0
33.1505055,-117.2485583333,2025-01-21 22:30:57+00:00,Isocoma menziesii,Coastal Goldenbush,Plantae,98.0,3.4462242126464844,74.40666198730469,0.20796598494052887,52.0,0.0,128.0,57.0,69.0,19.0,1.0
33.1511535645,-117.2484283447,2025-10-24 20:29:42+00:00,Isocoma menziesii,Coastal Goldenbush,Plantae,97.0,10.35069751739502,122.12567138671875,0.14794552326202393,52.0,0.0,128.0,57.0,69.0,19.0,1.0
33.14755,-117.2571716667,2018-04-22 17:13:35+00:00,Juglans,Walnuts,Plantae,90.0,13.945086479187012,141.47169494628906,0.2602376639842987,52.0,0.0,128.0,53.0,72.0,21.0,1.0
33.147670026,-117.2571519111,2018-05-05 18:00:11+00:00,Juglans,Walnuts,Plantae,99.0,19.796005249023438,139.8663330078125,0.22676579654216766,52.0,0.0,128.0,53.0,72.0,21.0,1.0
33.1498091679,-117.2489644678,2025-04-30 17:03:09+00:00,Juncus,Rushes,Plantae,98.0,3.8659474849700928,163.37445068359375,0.27009475231170654,52.0,0.0,128.0,57.0,69.0,19.0,1.0
33.1477343152,-117.254339615,2019-04-28 17:22:33+00:00,Keckiella cordifolia,heartleaf keckiella,Plantae,97.0,9.756901741027832,19.71312713623047,0.2530330419540405,42.0,0.0,128.0,54.0,70.0,21.0,1.0
33.1477083333,-117.2544866667,2022-05-20 19:45:42+00:00,Keckiella cordifolia,heartleaf keckiella,Plantae,98.0,9.195145606994629,-0.0,0.23339538276195526,42.0,0.0,128.0,54.0,70.0,21.0,1.0
33.1504105665,-117.2486933205,2023-01-14 16:48:25+00:00,Laccaria,Deceivers,Fungi,98.0,3.4462242126464844,74.40666198730469,0.20796598494052887,52.0,0.0,128.0,57.0,69.0,19.0,1.0
33.151675,-117.248325,2024-01-13 17:38:00+00:00,Laccaria,Deceivers,Fungi,103.0,7.168145179748535,112.7148208618164,0.20088331401348114,52.0,0.0,128.0,56.0,71.0,20.0,1.0
33.1503221667,-117.2486283333,2021-02-16 16:56:02+00:00,Laccaria amethysteo-occidentalis,Western Amethyst Laccaria,Fungi,98.0,3.4462242126464844,74.40666198730469,0.20796598494052887,52.0,0.0,128.0,57.0,69.0,19.0,1.0
33.1503027778,-117.2486805556,2026-01-11 18:32:00+00:00,Laccaria amethysteo-occidentalis,Western Amethyst Laccaria,Fungi,98.0,3.4462242126464844,74.40666198730469,0.20796598494052887,52.0,0.0,128.0,57.0,69.0,19.0,1.0
33.1502722222,-117.2487777778,2026-01-11 18:37:00+00:00,Laccaria amethysteo-occidentalis,Western Amethyst Laccaria,Fungi,100.0,5.821231365203857,108.51547241210938,0.17764776945114136,52.0,0.0,128.0,57.0,69.0,19.0,1.0
33.1503305,-117.248755,2026-01-11 18:59:11+00:00,Laccaria amethysteo-occidentalis,Western Amethyst Laccaria,Fungi,100.0,5.821231365203857,108.51547241210938,0.17764776945114136,52.0,0.0,128.0,57.0,69.0,19.0,1.0
33.1503333333,-117.2486633333,2024-01-05 18:09:52+00:00,Laccaria fraterna,gumtree deceiver,Fungi,98.0,3.4462242126464844,74.40666198730469,0.20796598494052887,52.0,0.0,128.0,57.0,69.0,19.0,1.0
33.1503638333,-117.2487116667,2025-12-01 19:00:23+00:00,Lactarius,Common Milkcaps,Fungi,98.0,3.4462242126464844,74.40666198730469,0.20796598494052887,52.0,0.0,128.0,57.0,69.0,19.0,1.0
33.1498403171,-117.2539043433,2025-12-01 20:08:00+00:00,Lactarius,Common Milkcaps,Fungi,132.0,19.965635299682617,212.15464782714844,0.15659429132938385,52.0,0.0,128.0,56.0,70.0,20.0,1.0
33.1487318,-117.2489857997,2026-01-09 18:27:25+00:00,Lactarius,Common Milkcaps,Fungi,97.0,1.107641339302063,90.0,0.15507586300373077,21.0,1.0,128.0,54.0,69.0,20.0,1.0
33.1503138333,-117.248725,2023-01-14 16:50:44+00:00,Lactarius alnicola,golden milkcap,Fungi,98.0,3.4462242126464844,74.40666198730469,0.20796598494052887,52.0,0.0,128.0,57.0,69.0,19.0,1.0
33.1503445,-117.2487333333,2024-01-05 18:10:52+00:00,Lactarius alnicola,golden milkcap,Fungi,98.0,3.4462242126464844,74.40666198730469,0.20796598494052887,52.0,0.0,128.0,57.0,69.0,19.0,1.0
33.1502972222,-117.2487666667,2024-01-13 17:40:00+00:00,Lactarius alnicola,golden milkcap,Fungi,100.0,5.821231365203857,108.51547241210938,0.17764776945114136,52.0,0.0,128.0,57.0,69.0,19.0,1.0
33.1502027778,-117.2487805556,2024-01-18 17:14:00+00:00,Lactarius alnicola,golden milkcap,Fungi,100.0,2.1595702171325684,149.15438842773438,0.24612712860107422,52.0,0.0,128.0,57.0,69.0,19.0,1.0
33.1482890872,-117.2557934662,2024-02-14 01:32:04+00:00,Lactarius alnicola,golden milkcap,Fungi,99.0,14.864688873291016,167.37713623046875,0.2595924139022827,52.0,0.0,128.0,54.0,70.0,21.0,1.0
33.1503528333,-117.24868,2025-12-01 19:04:52+00:00,Lactarius alnicola,golden milkcap,Fungi,98.0,3.4462242126464844,74.40666198730469,0.20796598494052887,52.0,0.0,128.0,57.0,69.0,19.0,1.0
33.1495583333,-117.24897,2024-01-05 18:21:13+00:00,Lactarius pubescens,Downy milk cap,Fungi,98.0,3.8659474849700928,163.37445068359375,0.2799721658229828,52.0,0.0,128.0,57.0,69.0,19.0,1.0
33.1482503708,-117.2508358955,2017-01-21 18:34:00+00:00,Lactarius rubidus,Candy Cap,Fungi,100.0,8.577668190002441,30.845129013061523,0.2653374969959259,90.0,0.0,128.0,54.0,67.0,20.0,1.0
33.1497232419,-117.2489056413,2023-01-14 16:59:17+00:00,Lactarius rufulus,Southern Candy Cap,Fungi,98.0,3.8659474849700928,163.37445068359375,0.27009475231170654,52.0,0.0,128.0,57.0,69.0,19.0,1.0
33.1460916667,-117.2495416667,2023-01-14 19:31:20+00:00,Lactarius rufulus,Southern Candy Cap,Fungi,156.0,12.242128372192383,26.45694923400879,0.14591780304908752,52.0,0.0,128.0,55.0,71.0,20.0,1.0
33.1460777855,-117.248287333,2022-01-15 13:02:32+00:00,Lactarius rufus,Rufous Milkcap,Fungi,145.0,5.759568691253662,50.06127166748047,0.14284005761146545,52.0,0.0,128.0,55.0,71.0,20.0,1.0
33.1503250024,-117.24875,2023-01-14 16:52:24+00:00,Lactarius xanthogalactus,Yellow-staining Milk Cap,Fungi,100.0,5.821231365203857,108.51547241210938,0.17764776945114136,52.0,0.0,128.0,57.0,69.0,19.0,1.0
33.148270002,-117.2469949489,2024-01-13 20:41:00+00:00,Lamiaceae,Mint Family,Plantae,113.0,2.2144412994384766,270.0,0.14765606820583344,52.0,0.0,128.0,55.0,70.0,19.0,1.0
33.1484107971,-117.2472915649,2020-01-11 09:47:37+00:00,Lecanoromycetes,Common Lichens,Fungi,110.0,9.21119499206543,314.3275146484375,0.21096768975257874,52.0,0.0,128.0,55.0,70.0,19.0,1.0
33.1482111667,-117.24903,2023-01-14 18:20:33+00:00,Lecanoromycetes,Common Lichens,Fungi,101.0,10.010369300842285,50.06198501586914,0.1956081986427307,52.0,0.0,128.0,54.0,69.0,20.0,1.0
33.1473361667,-117.2472616667,2023-01-14 19:11:11+00:00,Lecanoromycetes,Common Lichens,Fungi,124.0,12.947538375854492,350.3172302246094,0.13245022296905518,52.0,0.0,128.0,55.0,70.0,19.0,1.0
33.1486545945,-117.2513723355,2023-04-25 18:20:00+00:00,Lecanoromycetes,Common Lichens,Fungi,100.0,3.8659446239471436,343.3746032714844,0.27368929982185364,90.0,0.0,128.0,54.0,67.0,20.0,1.0
33.1522972222,-117.2538416667,2025-05-12 21:01:56+00:00,Lecanoromycetes,Common Lichens,Fungi,165.0,1.8543341159820557,180.0,0.17859692871570587,52.0,0.0,128.0,55.0,70.0,22.0,1.0
33.1519444444,-117.2550333333,2025-05-12 21:10:44+00:00,Lecanoromycetes,Common Lichens,Fungi,174.0,4.968390464782715,138.1454315185547,0.14258617162704468,52.0,0.0,128.0,56.0,74.0,20.0,1.0
33.1482444444,-117.2512083333,2026-01-11 19:13:00+00:00,Lentinellus,,Fungi,104.0,8.912068367004395,21.708744049072266,0.2164716273546219,42.0,0.0,128.0,54.0,67.0,20.0,1.0
33.1480971667,-117.2495333333,2023-01-14 18:09:21+00:00,Lepidoptera,Butterflies and Moths,Insecta,110.0,8.076253890991211,24.127098083496094,0.21182937920093536,52.0,0.0,128.0,54.0,69.0,20.0,1.0
33.1484195,-117.2471466667,2023-07-21 18:58:12+00:00,Leptotes marina,Marine Blue,Insecta,110.0,9.21119499206543,314.3275146484375,0.21096768975257874,52.0,0.0,128.0,55.0,70.0,19.0,1.0
33.1522444444,-117.2488305556,2025-05-12 20:39:26+00:00,Leptotes marina,Marine Blue,Insecta,111.0,9.871542930603027,90.0,0.14216312766075134,52.0,0.0,128.0,56.0,71.0,20.0,1.0
33.1525305,-117.2498783333,2025-06-20 18:35:24+00:00,Leptotes marina,Marine Blue,Insecta,128.0,10.980568885803223,85.2142562866211,0.1447449028491974,52.0,0.0,128.0,56.0,71.0,20.0,1.0
33.1502694444,-117.248875,2026-01-27 00:18:46+00:00,Leratiomyces percevalii,Mulch Maids,Fungi,100.0,5.821231365203857,108.51547241210938,0.17764776945114136,52.0,0.0,128.0,57.0,69.0,19.0,1.0
33.1491304876,-117.2491127895,2025-04-30 16:29:20+00:00,Leucauge,Orchard Spiders and Allies,Arachnida,96.0,1.8543341159820557,-0.0,0.24908022582530975,52.0,0.0,128.0,54.0,69.0,20.0,1.0
33.1518051541,-117.2480907385,2019-04-28 16:06:44+00:00,Leymus condensatus,giant wild rye,Plantae,101.0,7.186158180236816,129.93695068359375,0.1710846722126007,52.0,0.0,128.0,56.0,71.0,20.0,1.0
33.1518278333,-117.2481416667,2022-03-01 18:21:57+00:00,Leymus condensatus,giant wild rye,Plantae,101.0,7.186158180236816,129.93695068359375,0.1710846722126007,52.0,0.0,128.0,56.0,71.0,20.0,1.0
33.1485971667,-117.25173,2023-12-29 18:43:52+00:00,Leymus condensatus,giant wild rye,Plantae,96.0,11.405220031738281,309.93792724609375,0.24799086153507233,90.0,0.0,128.0,54.0,67.0,20.0,1.0
33.1522620145,-117.2539812682,2025-05-12 21:03:20+00:00,Life,life,,164.0,5.65570068359375,168.74124145507812,0.18974237143993378,22.0,25.0,128.0,55.0,70.0,22.0,1.0
33.1519928026,-117.2481894318,2022-01-15 16:37:11+00:00,Liliopsida,Monocots,Plantae,103.0,4.792656421661377,112.71475219726562,0.16409806907176971,52.0,0.0,128.0,56.0,71.0,20.0,1.0
33.1474294234,-117.2568672617,2019-04-28 19:44:04+00:00,Limenitidini,,Insecta,88.0,1.8543341159820557,180.0,0.24993914365768433,90.0,0.0,128.0,53.0,72.0,21.0,1.0
33.147380515,-117.256893078,2019-04-28 19:47:57+00:00,Limenitis lorquini,Lorquin's Admiral,Insecta,88.0,1.8543341159820557,180.0,0.24993914365768433,90.0,0.0,128.0,53.0,72.0,21.0,1.0
33.1493,-117.2490216667,2025-06-20 18:48:35+00:00,Limenitis lorquini,Lorquin's Admiral,Insecta,96.0,1.8543341159820557,180.0,0.28903794288635254,52.0,0.0,128.0,57.0,69.0,19.0,1.0
33.1492909877,-117.2489615183,2025-06-24 19:21:06+00:00,Limenitis lorquini,Lorquin's Admiral,Insecta,96.0,2.8871421813964844,129.93765258789062,0.23788827657699585,52.0,0.0,128.0,57.0,69.0,19.0,1.0
33.1486545945,-117.2513723355,2023-04-25 17:09:00+00:00,Linaria texana,Texas toadflax,Plantae,100.0,3.8659446239471436,343.3746032714844,0.27368929982185364,90.0,0.0,128.0,54.0,67.0,20.0,1.0
33.1486545945,-117.2513723355,2023-04-25 17:31:00+00:00,Linaria texana,Texas toadflax,Plantae,100.0,3.8659446239471436,343.3746032714844,0.27368929982185364,90.0,0.0,128.0,54.0,67.0,20.0,1.0
33.147684,-117.2525927,2018-04-22 16:21:00+00:00,Liometopum occidentale,Western Velvety Tree Ant,Insecta,106.0,13.511812210083008,331.1343994140625,0.21008747816085815,42.0,0.0,128.0,54.0,67.0,20.0,1.0
33.1472277281,-117.257152833,2025-02-20 19:25:22+00:00,Liometopum occidentale,Western Velvety Tree Ant,Insecta,87.0,1.1076202392578125,270.0,0.2611836791038513,90.0,0.0,128.0,53.0,72.0,21.0,1.0
33.1503694444,-117.2485944444,2025-05-12 21:37:27+00:00,Listrus,,Insecta,98.0,3.4462242126464844,74.40666198730469,0.20796598494052887,52.0,0.0,128.0,57.0,69.0,19.0,1.0
33.1487528424,-117.2500916667,2023-01-14 17:43:36+00:00,Lithobates catesbeianus,American Bullfrog,Amphibia,99.0,3.3196184635162354,90.0,0.25259414315223694,90.0,0.0,128.0,54.0,67.0,20.0,1.0
33.1486545945,-117.2513723355,2023-04-25 17:00:00+00:00,Lithobates catesbeianus,American Bullfrog,Amphibia,100.0,3.8659446239471436,343.3746032714844,0.27368929982185364,90.0,0.0,128.0,54.0,67.0,20.0,1.0
33.1499458658,-117.2491245973,2025-04-30 17:48:39+00:00,Logfia gallica,narrowleaf cottonrose,Plantae,98.0,3.704791784286499,180.0,0.20633623003959656,52.0,0.0,128.0,57.0,69.0,19.0,1.0
33.1478539249,-117.2560962104,2019-04-28 18:52:43+00:00,Lon melane,Umber Skipper,Insecta,97.0,2.159557580947876,149.1549530029297,0.25526466965675354,52.0,0.0,128.0,54.0,70.0,21.0,1.0
33.1483888889,-117.2476111111,2022-03-01 20:12:00+00:00,Lonicera subspicata,Southern Honeysuckle,Plantae,106.0,12.786489486694336,309.93792724609375,0.22121699154376984,52.0,0.0,128.0,55.0,70.0,19.0,1.0
33.1513778333,-117.2483833333,2022-05-20 21:21:59+00:00,Lonicera subspicata,Southern Honeysuckle,Plantae,101.0,9.457968711853027,125.66414642333984,0.1793030947446823,52.0,0.0,128.0,56.0,71.0,20.0,1.0
33.1482048035,-117.2470703125,2023-04-29 17:46:14+00:00,Lonicera subspicata,Southern Honeysuckle,Plantae,113.0,2.2144412994384766,270.0,0.14765606820583344,52.0,0.0,128.0,55.0,70.0,19.0,1.0
33.1517980455,-117.2481846146,2025-02-08 17:20:25+00:00,Lonicera subspicata,Southern Honeysuckle,Plantae,101.0,7.186158180236816,129.93695068359375,0.1710846722126007,52.0,0.0,128.0,56.0,71.0,20.0,1.0
33.1484445,-117.2473966667,2022-03-01 19:59:16+00:00,Lonicera subspicata denudata,Johnston's honeysuckle,Plantae,106.0,12.786489486694336,309.93792724609375,0.22121699154376984,52.0,0.0,128.0,55.0,70.0,19.0,1.0
33.1517666667,-117.2481783333,2023-01-14 16:39:45+00:00,Lonicera subspicata denudata,Johnston's honeysuckle,Plantae,101.0,7.186158180236816,129.93695068359375,0.1710846722126007,52.0,0.0,128.0,56.0,71.0,20.0,1.0
33.1484727909,-117.2475482957,2023-01-14 18:56:07+00:00,Lonicera subspicata denudata,Johnston's honeysuckle,Plantae,106.0,12.786489486694336,309.93792724609375,0.22121699154376984,52.0,0.0,128.0,55.0,70.0,19.0,1.0
33.1484138333,-117.247445,2023-01-14 19:56:05+00:00,Lonicera subspicata denudata,Johnston's honeysuckle,Plantae,106.0,12.786489486694336,309.93792724609375,0.22121699154376984,52.0,0.0,128.0,55.0,70.0,19.0,1.0
33.1486545945,-117.2513723355,2023-04-25 18:20:00+00:00,Lonicera subspicata denudata,Johnston's honeysuckle,Plantae,100.0,3.8659446239471436,343.3746032714844,0.27368929982185364,90.0,0.0,128.0,54.0,67.0,20.0,1.0
33.1484138333,-117.2474366667,2023-01-14 19:56:02+00:00,Lonicerae lonicera,Honeysuckle gall midge,Insecta,106.0,12.786489486694336,309.93792724609375,0.22121699154376984,52.0,0.0,128.0,55.0,70.0,19.0,1.0
33.1497335808,-117.2490601946,2025-04-30 17:11:18+00:00,Lunularia cruciata,Crescent-cup liverwort,Plantae,98.0,3.704791784286499,180.0,0.20633623003959656,52.0,0.0,128.0,57.0,69.0,19.0,1.0
33.1485166667,-117.2520916667,2018-04-22 16:38:24+00:00,Lupinus,lupines,Plantae,93.0,7.811668395996094,325.6863708496094,0.23129010200500488,90.0,0.0,128.0,54.0,67.0,20.0,1.0
33.1504138333,-117.2487416667,2019-04-28 16:15:09+00:00,Lupinus,lupines,Plantae,100.0,5.821231365203857,108.51547241210938,0.17764776945114136,52.0,0.0,128.0,57.0,69.0,19.0,1.0
33.15046151,-117.24854708,2019-04-28 16:25:05+00:00,Lupinus,lupines,Plantae,98.0,3.4462242126464844,74.40666198730469,0.20796598494052887,52.0,0.0,128.0,57.0,69.0,19.0,1.0
33.14863185,-117.25202987,2019-04-28 17:01:30+00:00,Lupinus,lupines,Plantae,93.0,7.811668395996094,325.6863708496094,0.23129010200500488,90.0,0.0,128.0,54.0,67.0,20.0,1.0
33.1481027778,-117.2490027778,2024-01-13 19:44:17+00:00,Lupinus,lupines,Plantae,105.0,12.947541236877441,9.682818412780762,0.23585261404514313,52.0,0.0,128.0,54.0,69.0,20.0,1.0
33.14844945,-117.24915612,2024-05-17 17:35:44+00:00,Lupinus,lupines,Plantae,100.0,6.17448091506958,63.32719421386719,0.15206299722194672,71.0,0.0,128.0,54.0,69.0,20.0,1.0
33.1485111667,-117.24865,2024-11-01 18:17:00+00:00,Lupinus,lupines,Plantae,97.0,2.8871259689331055,309.93792724609375,0.16232718527317047,52.0,0.0,128.0,54.0,69.0,20.0,1.0
33.1482068139,-117.2496597732,2025-04-30 19:10:03+00:00,Lupinus,lupines,Plantae,103.0,11.263232231140137,324.3736572265625,0.22563593089580536,52.0,0.0,128.0,54.0,69.0,20.0,1.0
33.1484666667,-117.2486583333,2025-06-20 19:14:58+00:00,Lupinus,lupines,Plantae,97.0,2.8871259689331055,309.93792724609375,0.16232718527317047,52.0,0.0,128.0,54.0,69.0,20.0,1.0
33.1483855052,-117.248251252,2016-01-16 17:27:27+00:00,Lupinus albifrons,Bush Lupine complex,Plantae,98.0,4.313004016876221,329.15478515625,0.1800135374069214,52.0,0.0,128.0,54.0,69.0,20.0,1.0
33.1484638333,-117.2486283333,2020-01-19 09:50:06+00:00,Lupinus albifrons,Silver Bush Lupine,Plantae,97.0,2.8871259689331055,309.93792724609375,0.16232718527317047,52.0,0.0,128.0,54.0,69.0,20.0,1.0
33.1482837826,-117.2493061729,2023-01-14 18:14:33+00:00,Lupinus albifrons,Bush Lupine complex,Plantae,106.0,8.571905136108398,14.864535331726074,0.17550188302993774,52.0,0.0,128.0,54.0,69.0,20.0,1.0
33.1484298036,-117.2487793119,2025-02-08 21:00:38+00:00,Lupinus albifrons,Bush Lupine complex,Plantae,96.0,3.800394058227539,60.8310546875,0.16123145818710327,71.0,0.0,128.0,54.0,69.0,20.0,1.0
33.1493422919,-117.2489817462,2019-04-28 15:41:00+00:00,Lupinus bicolor,Miniature Lupine,Plantae,96.0,2.8871421813964844,129.93765258789062,0.23788827657699585,52.0,0.0,128.0,57.0,69.0,19.0,1.0
33.15042721,-117.24863834,2019-04-28 16:25:03+00:00,Lupinus bicolor,Miniature Lupine,Plantae,98.0,3.4462242126464844,74.40666198730469,0.20796598494052887,52.0,0.0,128.0,57.0,69.0,19.0,1.0
33.1486545945,-117.2513723355,2023-04-25 17:34:00+00:00,Lupinus bicolor,Miniature Lupine,Plantae,100.0,3.8659446239471436,343.3746032714844,0.27368929982185364,90.0,0.0,128.0,54.0,67.0,20.0,1.0
33.1486444936,-117.248812961,2025-04-09 21:27:04+00:00,Lupinus bicolor,Miniature Lupine,Plantae,97.0,1.107641339302063,90.0,0.15507586300373077,21.0,1.0,128.0,54.0,69.0,20.0,1.0
33.1481677682,-117.2496118017,2025-04-30 16:17:22+00:00,Lupinus bicolor,Miniature Lupine,Plantae,103.0,11.263232231140137,324.3736572265625,0.22563593089580536,52.0,0.0,128.0,54.0,69.0,20.0,1.0
33.1486545945,-117.2513723355,2023-04-25 17:12:00+00:00,Lupinus latifolius,Broadleaf Lupine,Plantae,100.0,3.8659446239471436,343.3746032714844,0.27368929982185364,90.0,0.0,128.0,54.0,67.0,20.0,1.0
33.1482695,-117.24923,2023-01-14 18:13:33+00:00,Lupinus longifolius,longleaf bush lupine,Plantae,101.0,10.010369300842285,50.06198501586914,0.1956081986427307,52.0,0.0,128.0,54.0,69.0,20.0,1.0
33.1484195,-117.2487333333,2023-01-14 18:21:23+00:00,Lupinus longifolius,longleaf bush lupine,Plantae,97.0,2.8871259689331055,309.93792724609375,0.16232718527317047,52.0,0.0,128.0,54.0,69.0,20.0,1.0
33.1486545945,-117.2513723355,2023-04-25 18:09:00+00:00,Lupinus longifolius,longleaf bush lupine,Plantae,100.0,3.8659446239471436,343.3746032714844,0.27368929982185364,90.0,0.0,128.0,54.0,67.0,20.0,1.0
33.1476838905,-117.2525927424,2024-05-17 17:33:19+00:00,Lupinus longifolius,longleaf bush lupine,Plantae,106.0,13.511812210083008,331.1343994140625,0.21008747816085815,42.0,0.0,128.0,54.0,67.0,20.0,1.0
33.1487194444,-117.2521972222,2025-05-12 20:17:07+00:00,Lupinus longifolius,longleaf bush lupine,Plantae,93.0,3.8659446239471436,163.37460327148438,0.25765109062194824,90.0,0.0,128.0,54.0,67.0,20.0,1.0
33.1493078697,-117.2489582655,2019-04-28 15:29:00+00:00,Lupinus microcarpus,chick lupine,Plantae,96.0,2.8871421813964844,129.93765258789062,0.23788827657699585,52.0,0.0,128.0,57.0,69.0,19.0,1.0
33.1486254791,-117.2521202547,2019-04-28 16:58:45+00:00,Lupinus microcarpus,chick lupine,Plantae,93.0,7.811668395996094,325.6863708496094,0.23129010200500488,90.0,0.0,128.0,54.0,67.0,20.0,1.0
33.1484658039,-117.2524189019,2019-04-28 17:20:58+00:00,Lupinus microcarpus,chick lupine,Plantae,92.0,0.0,-0.0,0.24051491916179657,42.0,0.0,128.0,54.0,67.0,20.0,1.0
33.149196638,-117.2489852266,2019-04-28 15:13:00+00:00,Lupinus truncatus,collared annual lupine,Plantae,96.0,2.8871421813964844,129.93765258789062,0.23788827657699585,52.0,0.0,128.0,57.0,69.0,19.0,1.0
33.1503575994,-117.2487252486,2019-04-28 16:24:02+00:00,Lupinus truncatus,collared annual lupine,Plantae,98.0,3.4462242126464844,74.40666198730469,0.20796598494052887,52.0,0.0,128.0,57.0,69.0,19.0,1.0
33.1486545945,-117.2513723355,2023-04-25 17:59:00+00:00,Lupinus truncatus,collared annual lupine,Plantae,100.0,3.8659446239471436,343.3746032714844,0.27368929982185364,90.0,0.0,128.0,54.0,67.0,20.0,1.0
33.1486545945,-117.2513723355,2023-04-25 20:12:00+00:00,Lupinus truncatus,collared annual lupine,Plantae,100.0,3.8659446239471436,343.3746032714844,0.27368929982185364,90.0,0.0,128.0,54.0,67.0,20.0,1.0
33.1488945,-117.25792,2023-05-10 17:46:31+00:00,Lupinus truncatus,collared annual lupine,Plantae,164.0,8.912075996398926,201.7088623046875,0.1573086977005005,52.0,0.0,128.0,53.0,72.0,21.0,1.0
33.1500400091,-117.2491906119,2025-04-30 17:54:42+00:00,Lupinus truncatus,collared annual lupine,Plantae,100.0,4.7569732666015625,166.5649871826172,0.17680978775024414,52.0,0.0,128.0,57.0,69.0,19.0,1.0
33.15065,-117.2487716667,2025-11-24 18:07:01+00:00,Lycoperdaceae,puffballs,Fungi,102.0,8.532731056213379,115.56742858886719,0.17227113246917725,52.0,0.0,128.0,57.0,69.0,19.0,1.0
33.1508472222,-117.2486555556,2026-01-11 18:25:35+00:00,Lycoperdon marginatum,Peeling Puffball,Fungi,101.0,10.518335342407227,110.41043090820312,0.15516044199466705,52.0,0.0,128.0,57.0,69.0,19.0,1.0
33.1500018694,-117.2488486993,2025-06-24 18:29:48+00:00,Lycosidae,Wolf Spiders,Arachnida,100.0,2.1595702171325684,149.15438842773438,0.24612712860107422,52.0,0.0,128.0,57.0,69.0,19.0,1.0
33.1476166667,-117.2567133333,2018-01-13 19:44:42+00:00,Lynx rufus,Bobcat,Mammalia,89.0,7.3788604736328125,180.0,0.23242825269699097,90.0,0.0,128.0,53.0,72.0,21.0,1.0
33.1499445,-117.2487716667,2018-01-13 21:11:43+00:00,Lynx rufus,Bobcat,Mammalia,98.0,3.8659474849700928,163.37445068359375,0.27009475231170654,52.0,0.0,128.0,57.0,69.0,19.0,1.0
33.1509695,-117.2484133333,2019-04-28 16:06:16+00:00,Lynx rufus,Bobcat,Mammalia,95.0,8.980216979980469,101.82182312011719,0.14251016080379486,71.0,0.0,128.0,57.0,69.0,19.0,1.0
33.14842857,-117.25113575,2019-04-28 16:53:33+00:00,Lynx rufus,Bobcat,Mammalia,100.0,3.552241325378418,38.52865219116211,0.26266878843307495,90.0,0.0,128.0,54.0,67.0,20.0,1.0
33.1482721756,-117.251105,2023-01-14 17:36:07+00:00,Lynx rufus,Bobcat,Mammalia,102.0,9.36627197265625,27.960859298706055,0.24405525624752045,42.0,0.0,128.0,54.0,67.0,20.0,1.0
33.1476838905,-117.2525927424,2024-01-13 19:17:56+00:00,Lynx rufus,Bobcat,Mammalia,106.0,13.511812210083008,331.1343994140625,0.21008747816085815,42.0,0.0,128.0,54.0,67.0,20.0,1.0
33.1484603137,-117.2499407922,2019-04-28 21:25:23+00:00,Lysimachia arvensis,scarlet pimpernel,Plantae,99.0,2.992159605026245,338.29119873046875,0.2425835132598877,90.0,0.0,128.0,54.0,69.0,20.0,1.0
33.1460195,-117.248145,2022-03-01 19:24:24+00:00,Lysimachia arvensis,scarlet pimpernel,Plantae,143.0,8.18224048614502,70.26029968261719,0.14284005761146545,52.0,0.0,128.0,55.0,71.0,20.0,1.0
33.1486545945,-117.2513723355,2023-04-25 17:52:00+00:00,Lysimachia arvensis,scarlet pimpernel,Plantae,100.0,3.8659446239471436,343.3746032714844,0.27368929982185364,90.0,0.0,128.0,54.0,67.0,20.0,1.0
33.1493611667,-117.258095,2023-05-10 18:11:32+00:00,Lytta auriculata,Red-eared Blister Beetle,Insecta,170.0,3.5522544384002686,141.47108459472656,0.1554364711046219,52.0,0.0,128.0,56.0,73.0,22.0,1.0
33.1511641061,-117.2484773119,2019-04-28 16:14:52+00:00,Madieae,"tarweeds, silverswords, and allies",Plantae,102.0,9.519092559814453,112.71495056152344,0.15394078195095062,52.0,0.0,128.0,57.0,69.0,19.0,1.0
33.1513247034,-117.2482945864,2018-02-27 22:42:04+00:00,Magnoliopsida,Dicots,Plantae,97.0,10.35069751739502,122.12567138671875,0.14794552326202393,52.0,0.0,128.0,57.0,69.0,19.0,1.0
33.1504087918,-117.24888892,2019-04-28 15:04:00+00:00,Magnoliopsida,Dicots,Plantae,100.0,5.821231365203857,108.51547241210938,0.17764776945114136,52.0,0.0,128.0,57.0,69.0,19.0,1.0
33.147684452,-117.2525954247,2019-04-28 16:20:00+00:00,Magnoliopsida,Dicots,Plantae,106.0,13.511812210083008,331.1343994140625,0.21008747816085815,42.0,0.0,128.0,54.0,67.0,20.0,1.0
33.1496799523,-117.2488985763,2023-01-14 17:00:12+00:00,Magnoliopsida,Dicots,Plantae,98.0,3.8659474849700928,163.37445068359375,0.2799721658229828,52.0,0.0,128.0,57.0,69.0,19.0,1.0
33.1484195,-117.25125,2023-01-14 17:34:06+00:00,Magnoliopsida,Dicots,Plantae,101.0,3.865943670272827,16.625350952148438,0.2554614543914795,90.0,0.0,128.0,54.0,67.0,20.0,1.0
33.1483111667,-117.2471166667,2023-01-14 18:59:36+00:00,Magnoliopsida,Dicots,Plantae,113.0,2.2144412994384766,270.0,0.14765606820583344,52.0,0.0,128.0,55.0,70.0,19.0,1.0
33.146225,-117.248895,2023-01-14 19:27:38+00:00,Magnoliopsida,Dicots,Plantae,145.0,12.814031600952148,4.876132965087891,0.14645905792713165,52.0,0.0,128.0,55.0,71.0,20.0,1.0
33.148090127,-117.2470124905,2016-01-16 18:16:57+00:00,Malosma laurina,laurel sumac,Plantae,112.0,2.992156982421875,338.29132080078125,0.14379410445690155,52.0,0.0,128.0,55.0,70.0,19.0,1.0
33.1481848443,-117.2469869874,2022-01-15 18:21:30+00:00,Malosma laurina,laurel sumac,Plantae,113.0,2.2144412994384766,270.0,0.14765606820583344,52.0,0.0,128.0,55.0,70.0,19.0,1.0
33.1460358,-117.24938257,2022-01-15 18:54:15+00:00,Malosma laurina,laurel sumac,Plantae,156.0,12.242128372192383,26.45694923400879,0.14591780304908752,52.0,0.0,128.0,55.0,71.0,20.0,1.0
33.1461445,-117.24763,2022-03-01 19:21:51+00:00,Malosma laurina,laurel sumac,Plantae,136.0,5.597960472106934,99.50630950927734,0.13756969571113586,52.0,0.0,128.0,54.0,71.0,18.0,1.0
33.1473471667,-117.2472916667,2023-01-14 19:09:30+00:00,Malosma laurina,laurel sumac,Plantae,124.0,12.947538375854492,350.3172302246094,0.13245022296905518,52.0,0.0,128.0,55.0,70.0,19.0,1.0
33.1461612034,-117.2484398778,2025-04-09 18:50:16+00:00,Malosma laurina,laurel sumac,Plantae,145.0,5.759568691253662,50.06127166748047,0.14284005761146545,52.0,0.0,128.0,55.0,71.0,20.0,1.0
33.1461028333,-117.2493216667,2025-06-20 19:35:22+00:00,Malosma laurina,laurel sumac,Plantae,156.0,12.242128372192383,26.45694923400879,0.14591780304908752,52.0,0.0,128.0,55.0,71.0,20.0,1.0
33.1481967448,-117.2527857778,2018-02-27 23:04:46+00:00,Malvaceae,Mallow and Hibiscus Family,Plantae,94.0,2.7802884578704834,-0.0,0.26680296659469604,42.0,0.0,128.0,54.0,67.0,20.0,1.0
33.1496517174,-117.2488560063,2016-01-16 16:58:23+00:00,Mammalia,Mammals,Mammalia,98.0,3.8659474849700928,163.37445068359375,0.2799721658229828,52.0,0.0,128.0,57.0,69.0,19.0,1.0
33.1512795714,-117.248272624,2022-01-15 16:44:59+00:00,Mammalia,Mammals,Mammalia,97.0,10.35069751739502,122.12567138671875,0.14794552326202393,52.0,0.0,128.0,57.0,69.0,19.0,1.0
33.1465197839,-117.2474437604,2022-01-15 18:37:39+00:00,Mammalia,Mammals,Mammalia,134.0,3.552210807800293,38.52803421020508,0.15072062611579895,52.0,0.0,128.0,54.0,71.0,18.0,1.0
33.147703805,-117.2546650005,2016-01-16 19:05:57+00:00,Marah macrocarpa,Chilicothe,Plantae,98.0,9.195145606994629,-0.0,0.23339538276195526,42.0,0.0,128.0,54.0,70.0,21.0,1.0
33.1481156285,-117.2551488876,2017-01-21 18:20:00+00:00,Marah macrocarpa,Chilicothe,Plantae,95.0,10.98644733428955,156.52381896972656,0.2587907612323761,52.0,0.0,128.0,54.0,70.0,21.0,1.0
33.1477952097,-117.2564909143,2018-02-27 23:40:40+00:00,Marah macrocarpa,Chilicothe,Plantae,93.0,11.091241836547852,279.5061340332031,0.1966995745897293,42.0,0.0,128.0,53.0,72.0,21.0,1.0
33.1477818825,-117.2546800041,2018-05-05 17:49:46+00:00,Marah macrocarpa,Chilicothe,Plantae,97.0,11.045968055725098,5.683966159820557,0.23339538276195526,90.0,0.0,128.0,54.0,70.0,21.0,1.0
33.1484721667,-117.2511966667,2019-04-28 16:52:55+00:00,Marah macrocarpa,Chilicothe,Plantae,101.0,3.865943670272827,16.625350952148438,0.2554614543914795,90.0,0.0,128.0,54.0,67.0,20.0,1.0
33.1484604154,-117.2514099234,2020-01-11 09:45:14+00:00,Marah macrocarpa,Chilicothe,Plantae,101.0,3.865943670272827,16.625350952148438,0.2554614543914795,90.0,0.0,128.0,54.0,67.0,20.0,1.0
33.1478805,-117.2542716667,2021-02-16 18:03:06+00:00,Marah macrocarpa,Chilicothe,Plantae,93.0,2.7802884578704834,-0.0,0.3024503290653229,90.0,0.0,128.0,54.0,70.0,21.0,1.0
33.1487955065,-117.2528281835,2022-01-15 10:37:29+00:00,Marah macrocarpa,Chilicothe,Plantae,102.0,15.061755180358887,154.46371459960938,0.24752530455589294,90.0,0.0,128.0,54.0,67.0,20.0,1.0
33.1476886627,-117.2525927424,2022-01-15 16:16:04+00:00,Marah macrocarpa,Chilicothe,Plantae,106.0,13.511812210083008,331.1343994140625,0.21008747816085815,42.0,0.0,128.0,54.0,67.0,20.0,1.0
33.1475975018,-117.2471575619,2022-01-15 18:27:14+00:00,Marah macrocarpa,Chilicothe,Plantae,116.0,11.045968055725098,354.3160400390625,0.14067310094833374,52.0,0.0,128.0,55.0,70.0,19.0,1.0
33.1467971667,-117.2474216667,2022-01-15 18:33:43+00:00,Marah macrocarpa,Chilicothe,Plantae,132.0,5.6556878089904785,348.74188232421875,0.14556923508644104,52.0,0.0,128.0,54.0,71.0,18.0,1.0
33.1484945,-117.247505,2022-03-01 19:08:37+00:00,Marah macrocarpa,Chilicothe,Plantae,106.0,12.786489486694336,309.93792724609375,0.22121699154376984,52.0,0.0,128.0,55.0,70.0,19.0,1.0
33.1468611667,-117.24742,2022-03-01 19:17:28+00:00,Marah macrocarpa,Chilicothe,Plantae,132.0,5.6556878089904785,348.74188232421875,0.14556923508644104,52.0,0.0,128.0,54.0,71.0,18.0,1.0
33.147575,-117.2471466667,2023-01-14 19:07:20+00:00,Marah macrocarpa,Chilicothe,Plantae,116.0,11.045968055725098,354.3160400390625,0.14067310094833374,52.0,0.0,128.0,55.0,70.0,19.0,1.0
33.1520342303,-117.2482026346,2024-01-13 17:22:32+00:00,Marah macrocarpa,Chilicothe,Plantae,104.0,4.517909049987793,101.8216781616211,0.16362841427326202,52.0,0.0,128.0,56.0,71.0,20.0,1.0
33.1478111667,-117.2550583333,2024-01-13 21:10:04+00:00,Marah macrocarpa,Chilicothe,Plantae,99.0,11.203264236450195,11.258208274841309,0.24904726445674896,42.0,0.0,128.0,54.0,70.0,21.0,1.0
33.1477,-117.2539133333,2025-02-08 20:28:13+00:00,Marah macrocarpa,Chilicothe,Plantae,95.0,8.912060737609863,21.7086181640625,0.2594638168811798,42.0,0.0,128.0,54.0,67.0,20.0,1.0
33.1476462907,-117.2471250097,2025-04-09 18:43:11+00:00,Marah macrocarpa,Chilicothe,Plantae,116.0,11.045968055725098,354.3160400390625,0.14067310094833374,52.0,0.0,128.0,55.0,70.0,19.0,1.0
33.1485055,-117.2514416667,2025-06-20 17:55:12+00:00,Marah macrocarpa,Chilicothe,Plantae,101.0,8.471818923950195,319.5315856933594,0.2554614543914795,42.0,0.0,128.0,54.0,67.0,20.0,1.0
33.1485888333,-117.251695,2019-12-31 12:00:18+00:00,Marasmiineae,,Fungi,101.0,8.471818923950195,319.5315856933594,0.2554614543914795,42.0,0.0,128.0,54.0,67.0,20.0,1.0
33.14763617,-117.25441667,2020-01-11 11:10:21+00:00,Marasmiineae,,Fungi,98.0,9.195145606994629,-0.0,0.23339538276195526,42.0,0.0,128.0,54.0,70.0,21.0,1.0
33.1485030615,-117.2482575225,2023-01-14 18:16:21+00:00,Marasmius plicatulus,red pinwheel,Fungi,98.0,4.313004016876221,329.15478515625,0.1800135374069214,52.0,0.0,128.0,54.0,69.0,20.0,1.0
33.1478833333,-117.25515,2024-01-13 21:11:00+00:00,Marasmius plicatulus,red pinwheel,Fungi,94.0,4.968292713165283,41.85330581665039,0.29769620299339294,90.0,0.0,128.0,54.0,70.0,21.0,1.0
33.1474333629,-117.2472318449,2020-01-11 11:10:09+00:00,Marchantiales,Complex thallose liverworts,Plantae,124.0,12.947538375854492,350.3172302246094,0.13245022296905518,52.0,0.0,128.0,55.0,70.0,19.0,1.0
33.1461805,-117.247375,2025-02-08 18:55:42+00:00,Marchantiales,Complex thallose liverworts,Plantae,133.0,6.616890907287598,90.0,0.14574158191680908,52.0,0.0,128.0,54.0,71.0,18.0,1.0
33.147684,-117.2525927,2017-01-21 17:18:00+00:00,Marrubium vulgare,White Horehound,Plantae,106.0,13.511812210083008,331.1343994140625,0.21008747816085815,42.0,0.0,128.0,54.0,67.0,20.0,1.0
33.1516026054,-117.2481633258,2018-02-27 22:22:00+00:00,Marrubium vulgare,White Horehound,Plantae,98.0,9.211341857910156,134.32662963867188,0.1544983685016632,52.0,0.0,128.0,56.0,71.0,20.0,1.0
33.1512194267,-117.2483412736,2022-01-15 16:48:01+00:00,Marrubium vulgare,White Horehound,Plantae,97.0,10.35069751739502,122.12567138671875,0.14794552326202393,52.0,0.0,128.0,57.0,69.0,19.0,1.0
33.1518,-117.2481716667,2022-03-01 18:24:31+00:00,Marrubium vulgare,White Horehound,Plantae,101.0,7.186158180236816,129.93695068359375,0.1710846722126007,52.0,0.0,128.0,56.0,71.0,20.0,1.0
33.1520421604,-117.2480761515,2024-01-13 21:58:39+00:00,Marrubium vulgare,White Horehound,Plantae,103.0,4.792656421661377,112.71475219726562,0.16409806907176971,52.0,0.0,128.0,56.0,71.0,20.0,1.0
33.1520528333,-117.248055,2025-01-21 22:25:26+00:00,Marrubium vulgare,White Horehound,Plantae,103.0,4.792656421661377,112.71475219726562,0.16409806907176971,52.0,0.0,128.0,56.0,71.0,20.0,1.0
33.1520778333,-117.2481166667,2025-06-20 18:23:55+00:00,Marrubium vulgare,White Horehound,Plantae,103.0,4.792656421661377,112.71475219726562,0.16409806907176971,52.0,0.0,128.0,56.0,71.0,20.0,1.0
33.148684,-117.2485929722,2025-04-09 18:35:10+00:00,Masticophis lateralis,Striped Racer,Reptilia,97.0,0.9274099469184875,-0.0,0.16170455515384674,71.0,0.0,128.0,54.0,69.0,20.0,1.0
33.1478371606,-117.2469460219,2025-04-16 18:15:04+00:00,Masticophis lateralis,Striped Racer,Reptilia,112.0,2.992156982421875,338.29132080078125,0.14379410445690155,52.0,0.0,128.0,55.0,70.0,19.0,1.0
33.1486549722,-117.2487059722,2025-05-07 19:35:56+00:00,Masticophis lateralis lateralis,California Striped Racer,Reptilia,97.0,0.9274099469184875,-0.0,0.16170455515384674,71.0,0.0,128.0,54.0,69.0,20.0,1.0
33.1483259,-117.25238545,2019-04-28 17:35:22+00:00,Medicago polymorpha,bur clover,Plantae,96.0,13.511831283569336,331.1342468261719,0.22770389914512634,42.0,0.0,128.0,54.0,67.0,20.0,1.0
33.1485028333,-117.252225,2022-03-01 20:24:08+00:00,Medicago polymorpha,bur clover,Plantae,93.0,7.811668395996094,325.6863708496094,0.23129010200500488,90.0,0.0,128.0,54.0,67.0,20.0,1.0
33.1487638107,-117.2489874328,2019-04-28 15:33:00+00:00,Megascapheus bottae,,Mammalia,97.0,1.107641339302063,90.0,0.15507586300373077,21.0,1.0,128.0,54.0,69.0,20.0,1.0
33.1488217111,-117.2487120737,2021-05-07 04:45:05+00:00,Megascops kennicottii,Western Screech-Owl,Aves,97.0,0.9274099469184875,-0.0,0.16170455515384674,71.0,0.0,128.0,54.0,69.0,20.0,1.0
33.1482110787,-117.2508283026,2021-05-07 14:45:40+00:00,Melanerpes formicivorus,Acorn Woodpecker,Aves,100.0,8.577668190002441,30.845129013061523,0.2653374969959259,90.0,0.0,128.0,54.0,67.0,20.0,1.0
33.1485720387,-117.2506159484,2022-01-14 20:40:00+00:00,Melanerpes formicivorus,Acorn Woodpecker,Aves,99.0,1.8543341159820557,180.0,0.27761217951774597,90.0,0.0,128.0,54.0,67.0,20.0,1.0
33.1486545945,-117.2513723355,2023-04-25 18:11:00+00:00,Melanerpes formicivorus,Acorn Woodpecker,Aves,100.0,3.8659446239471436,343.3746032714844,0.27368929982185364,90.0,0.0,128.0,54.0,67.0,20.0,1.0
33.1486545945,-117.2513723355,2023-04-25 19:46:00+00:00,Melanerpes formicivorus,Acorn Woodpecker,Aves,100.0,3.8659446239471436,343.3746032714844,0.27368929982185364,90.0,0.0,128.0,54.0,67.0,20.0,1.0
33.1481555,-117.2495033333,2024-01-05 18:58:18+00:00,Melanerpes formicivorus,Acorn Woodpecker,Aves,106.0,8.571905136108398,14.864535331726074,0.17550188302993774,52.0,0.0,128.0,54.0,69.0,20.0,1.0
33.1487428314,-117.2484461184,2024-01-13 21:46:00+00:00,Melanerpes formicivorus,Acorn Woodpecker,Aves,97.0,2.9921607971191406,21.7088680267334,0.17881156504154205,71.0,0.0,128.0,54.0,69.0,20.0,1.0
33.1498403171,-117.2539043433,2025-12-01 18:52:00+00:00,Melanerpes formicivorus,Acorn Woodpecker,Aves,132.0,19.965635299682617,212.15464782714844,0.15659429132938385,52.0,0.0,128.0,56.0,70.0,20.0,1.0
33.149973546,-117.2491326989,2025-04-30 17:43:36+00:00,Melica imperfecta,smallflower melicgrass,Plantae,98.0,3.704791784286499,180.0,0.20633623003959656,52.0,0.0,128.0,57.0,69.0,19.0,1.0
33.1479479947,-117.2499093585,2019-05-21 22:36:06+00:00,Melilotus indicus,small melilot,Plantae,105.0,13.511821746826172,331.1343078613281,0.23199018836021423,52.0,0.0,128.0,54.0,69.0,20.0,1.0
33.1486545945,-117.2513723355,2023-04-25 16:40:00+00:00,Melospiza melodia,Song Sparrow,Aves,100.0,3.8659446239471436,343.3746032714844,0.27368929982185364,90.0,0.0,128.0,54.0,67.0,20.0,1.0
33.1502331945,-117.2486686707,2017-01-21 20:56:00+00:00,Melozone crissalis,California Towhee,Aves,99.0,3.446214199066162,105.5933837890625,0.27243661880493164,52.0,0.0,128.0,57.0,69.0,19.0,1.0
33.1479760842,-117.249794371,2021-05-05 23:51:48+00:00,Melozone crissalis,California Towhee,Aves,110.0,11.45389461517334,331.50262451171875,0.23199018836021423,52.0,0.0,128.0,54.0,69.0,20.0,1.0
33.1486545945,-117.2513723355,2023-04-25 16:45:00+00:00,Melozone crissalis,California Towhee,Aves,100.0,3.8659446239471436,343.3746032714844,0.27368929982185364,90.0,0.0,128.0,54.0,67.0,20.0,1.0
33.1472348159,-117.2572249635,2025-02-08 20:47:48+00:00,Mentha,mints,Plantae,87.0,1.1076202392578125,270.0,0.2611836791038513,90.0,0.0,128.0,53.0,72.0,21.0,1.0
33.1487387969,-117.2482867479,2021-05-05 23:29:50+00:00,Mimus polyglottos,Northern Mockingbird,Aves,97.0,2.9921607971191406,21.7088680267334,0.17881156504154205,71.0,0.0,128.0,54.0,69.0,20.0,1.0
33.1492695,-117.2584616667,2023-05-10 18:15:33+00:00,Mirabilis laevis,Wishbone Bush,Plantae,171.0,5.217850208282471,237.87384033203125,0.16853679716587067,52.0,0.0,106.0,55.0,73.0,21.0,1.0
33.1501182122,-117.2496531253,2025-04-30 18:33:43+00:00,Mirabilis laevis,Wishbone Bush,Plantae,103.0,7.803070068359375,135.13404846191406,0.15529900789260864,52.0,0.0,128.0,57.0,69.0,19.0,1.0
33.1486278333,-117.25788,2023-05-10 17:55:35+00:00,Muhlenbergia microsperma,littleseed muhly,Plantae,155.0,22.879837036132812,140.1021728515625,0.1490934044122696,52.0,0.0,128.0,53.0,72.0,21.0,1.0
33.1485833333,-117.2517466667,2019-12-31 12:00:44+00:00,Mycena californiensis,California Mycena,Fungi,96.0,11.405220031738281,309.93792724609375,0.24799086153507233,90.0,0.0,128.0,54.0,67.0,20.0,1.0
33.147684,-117.2525927,2019-04-28 14:45:00+00:00,Myiarchus cinerascens,Ash-throated Flycatcher,Aves,106.0,13.511812210083008,331.1343994140625,0.21008747816085815,42.0,0.0,128.0,54.0,67.0,20.0,1.0
33.1520555556,-117.2529861111,2025-05-12 20:50:41+00:00,Myrmecocystus wheeleri,Wheeler’s Honeypot Ant,Insecta,162.0,7.168164253234863,112.71475219726562,0.14280347526073456,52.0,0.0,128.0,55.0,70.0,22.0,1.0
33.1484028333,-117.251245,2023-01-14 17:31:49+00:00,Myxarium nucleatum,Crystal Brain Fungus,Fungi,101.0,3.865943670272827,16.625350952148438,0.2554614543914795,90.0,0.0,128.0,54.0,67.0,20.0,1.0
33.1518916667,-117.248155,2022-03-01 18:18:53+00:00,Narcissus,daffodils,Plantae,103.0,4.792656421661377,112.71475219726562,0.16409806907176971,52.0,0.0,128.0,56.0,71.0,20.0,1.0
33.1520166667,-117.2481833333,2023-01-14 16:38:31+00:00,Narcissus,daffodils,Plantae,103.0,4.792656421661377,112.71475219726562,0.16409806907176971,52.0,0.0,128.0,56.0,71.0,20.0,1.0
33.1502694444,-117.248875,2026-01-27 00:22:34+00:00,Narcissus tazetta,Bunch-flowered Daffodil,Plantae,100.0,5.821231365203857,108.51547241210938,0.17764776945114136,52.0,0.0,128.0,57.0,69.0,19.0,1.0
33.1484579859,-117.2523447174,2019-04-28 16:33:00+00:00,Nassella pulchra,purple needlegrass,Plantae,92.0,0.0,-0.0,0.24051491916179657,42.0,0.0,128.0,54.0,67.0,20.0,1.0
33.1485128263,-117.252262747,2019-04-28 17:22:12+00:00,Nassella pulchra,purple needlegrass,Plantae,92.0,0.0,-0.0,0.24051491916179657,42.0,0.0,128.0,54.0,67.0,20.0,1.0
33.1483111667,-117.2525033333,2019-04-28 17:34:27+00:00,Nassella pulchra,purple needlegrass,Plantae,96.0,13.511831283569336,331.1342468261719,0.22770389914512634,42.0,0.0,128.0,54.0,67.0,20.0,1.0
33.1483977696,-117.2523440273,2025-04-30 19:24:47+00:00,Nassella pulchra,purple needlegrass,Plantae,92.0,0.0,-0.0,0.24051491916179657,42.0,0.0,128.0,54.0,67.0,20.0,1.0
33.1485389431,-117.2523416206,2025-05-12 20:13:40+00:00,Nassella pulchra,purple needlegrass,Plantae,92.0,0.0,-0.0,0.24051491916179657,42.0,0.0,128.0,54.0,67.0,20.0,1.0
33.1499194444,-117.2489305556,2024-11-01 20:49:14+00:00,Nasturtium officinale,watercress,Plantae,98.0,3.8659474849700928,163.37445068359375,0.27009475231170654,52.0,0.0,128.0,57.0,69.0,19.0,1.0
33.1499278333,-117.248925,2025-01-21 22:37:10+00:00,Nasturtium officinale,watercress,Plantae,98.0,3.8659474849700928,163.37445068359375,0.27009475231170654,52.0,0.0,128.0,57.0,69.0,19.0,1.0
33.1499587722,-117.2489425912,2025-01-21 22:43:15+00:00,Nasturtium officinale,watercress,Plantae,98.0,3.8659474849700928,163.37445068359375,0.27009475231170654,52.0,0.0,128.0,57.0,69.0,19.0,1.0
33.147225,-117.25733,2025-02-08 20:47:12+00:00,Nasturtium officinale,watercress,Plantae,87.0,1.1076202392578125,270.0,0.2611836791038513,90.0,0.0,128.0,53.0,72.0,21.0,1.0
33.1493456997,-117.249395,2025-10-13 00:13:19+00:00,Nasturtium officinale,watercress,Plantae,96.0,2.8871421813964844,129.93765258789062,0.24158865213394165,52.0,0.0,128.0,57.0,69.0,19.0,1.0
33.1519805,-117.2481616667,2022-05-20 18:44:15+00:00,Navarretia hamata,Hooked Pincushionplant,Plantae,103.0,4.792656421661377,112.71475219726562,0.16409806907176971,52.0,0.0,128.0,56.0,71.0,20.0,1.0
33.1513778333,-117.2561866667,2023-05-10 17:14:30+00:00,Navarretia hamata,Hooked Pincushionplant,Plantae,166.0,6.680820465087891,97.94364929199219,0.12498769164085388,21.0,6.0,128.0,56.0,74.0,20.0,1.0
33.1486861667,-117.258125,2023-05-10 18:02:06+00:00,Navarretia hamata,Hooked Pincushionplant,Plantae,164.0,8.912075996398926,201.7088623046875,0.1573086977005005,52.0,0.0,128.0,53.0,72.0,21.0,1.0
33.1518945,-117.2556916667,2023-05-10 18:57:23+00:00,Navarretia hamata,Hooked Pincushionplant,Plantae,173.0,5.686631202697754,215.62745666503906,0.14688540995121002,21.0,5.0,128.0,56.0,74.0,20.0,1.0
33.1460721667,-117.248375,2023-07-21 19:07:28+00:00,Navarretia hamata,Hooked Pincushionplant,Plantae,145.0,5.759568691253662,50.06127166748047,0.14284005761146545,52.0,0.0,128.0,55.0,71.0,20.0,1.0
33.1483061286,-117.2505111807,2016-01-16 18:51:14+00:00,Neotoma,Woodrats,Mammalia,98.0,5.968084335327148,21.708744049072266,0.2875625193119049,90.0,0.0,128.0,54.0,67.0,20.0,1.0
33.1504311079,-117.2505804111,2019-04-28 15:22:00+00:00,Neotoma,Woodrats,Mammalia,113.0,8.532709121704102,115.56749725341797,0.15284514427185059,52.0,0.0,128.0,57.0,70.0,20.0,1.0
33.1517555,-117.2481466667,2019-04-28 15:56:23+00:00,Neotoma,Woodrats,Mammalia,101.0,7.186158180236816,129.93695068359375,0.1710846722126007,52.0,0.0,128.0,56.0,71.0,20.0,1.0
33.1502,-117.2488283333,2022-03-01 18:32:07+00:00,Neotoma,Woodrats,Mammalia,100.0,2.1595702171325684,149.15438842773438,0.24612712860107422,52.0,0.0,128.0,57.0,69.0,19.0,1.0
33.147872407,-117.2563811951,2019-04-28 19:04:49+00:00,Neotoma macrotis,Big-eared Woodrat,Mammalia,96.0,11.045968055725098,174.31600952148438,0.25526466965675354,52.0,0.0,128.0,53.0,72.0,21.0,1.0
33.1517916667,-117.2481383333,2025-01-21 22:26:00+00:00,Neotoma macrotis,Big-eared Woodrat,Mammalia,101.0,7.186158180236816,129.93695068359375,0.1710846722126007,52.0,0.0,128.0,56.0,71.0,20.0,1.0
33.15198253,-117.24819025,2019-04-28 15:59:23+00:00,Neotomini,Pack Rats,Mammalia,103.0,4.792656421661377,112.71475219726562,0.16409806907176971,52.0,0.0,128.0,56.0,71.0,20.0,1.0
33.1520136523,-117.2482088483,2022-01-15 16:36:19+00:00,Neotomini,Pack Rats,Mammalia,104.0,4.517909049987793,101.8216781616211,0.16362841427326202,52.0,0.0,128.0,56.0,71.0,20.0,1.0
33.146125,-117.247545,2023-01-14 19:18:53+00:00,Nidulariaceae,bird's nest fungi,Fungi,136.0,5.597960472106934,99.50630950927734,0.13756969571113586,52.0,0.0,128.0,54.0,71.0,18.0,1.0
33.1487695,-117.2483533333,2025-11-26 22:54:49+00:00,Noctuoidea,Owlet Moths and Allies,Insecta,97.0,2.9921607971191406,21.7088680267334,0.17881156504154205,71.0,0.0,128.0,54.0,69.0,20.0,1.0
33.148547,-117.250139,2016-01-16 20:42:00+00:00,Nymphalis antiopa,Mourning Cloak,Insecta,99.0,0.9274099469184875,180.0,0.2747989892959595,90.0,0.0,128.0,54.0,67.0,20.0,1.0
33.1483695,-117.252555,2019-12-31 12:09:35+00:00,Nymphalis antiopa,Mourning Cloak,Insecta,94.0,6.827554702758789,341.15777587890625,0.2596748471260071,42.0,0.0,128.0,54.0,67.0,20.0,1.0
33.1502622972,-117.2487602011,2016-01-16 16:27:20+00:00,Odocoileus hemionus,Mule Deer,Mammalia,100.0,5.821231365203857,108.51547241210938,0.17764776945114136,52.0,0.0,128.0,57.0,69.0,19.0,1.0
33.1461982727,-117.2476959229,2020-01-11 10:20:19+00:00,Odocoileus hemionus,Mule Deer,Mammalia,138.0,7.922126293182373,76.54639434814453,0.14321786165237427,52.0,0.0,128.0,54.0,71.0,18.0,1.0
33.1481055,-117.2497783333,2020-01-19 10:01:41+00:00,Odocoileus hemionus,Mule Deer,Mammalia,103.0,11.263232231140137,324.3736572265625,0.22563593089580536,52.0,0.0,128.0,54.0,69.0,20.0,1.0
33.1483278333,-117.2470633333,2022-01-15 18:18:29+00:00,Odocoileus hemionus,Mule Deer,Mammalia,113.0,2.2144412994384766,270.0,0.14765606820583344,52.0,0.0,128.0,55.0,70.0,19.0,1.0
33.1460805,-117.2495166667,2022-03-01 19:34:58+00:00,Odocoileus hemionus,Mule Deer,Mammalia,156.0,12.242128372192383,26.45694923400879,0.14591780304908752,52.0,0.0,128.0,55.0,71.0,20.0,1.0
33.1515583333,-117.2481616667,2024-11-01 21:25:26+00:00,Odocoileus hemionus,Mule Deer,Mammalia,98.0,9.211341857910156,134.32662963867188,0.1544983685016632,52.0,0.0,128.0,56.0,71.0,20.0,1.0
33.1475651449,-117.246878568,2026-01-01 12:17:45+00:00,Odocoileus hemionus,Mule Deer,Mammalia,116.0,10.096575736999512,-0.0,0.14230774343013763,52.0,0.0,128.0,55.0,70.0,19.0,1.0
33.1485638333,-117.2518,2022-03-01 20:20:26+00:00,Olea europaea,Olive,Plantae,96.0,11.405220031738281,309.93792724609375,0.24799086153507233,90.0,0.0,128.0,54.0,67.0,20.0,1.0
33.1484861667,-117.2518616667,2023-12-29 18:49:28+00:00,Olea europaea,Olive,Plantae,96.0,11.405220031738281,309.93792724609375,0.24799086153507233,90.0,0.0,128.0,54.0,67.0,20.0,1.0
33.148575,-117.2517783333,2024-01-13 20:54:16+00:00,Olea europaea,Olive,Plantae,96.0,11.405220031738281,309.93792724609375,0.24799086153507233,90.0,0.0,128.0,54.0,67.0,20.0,1.0
33.14996667,-117.24884667,2020-01-11 19:09:41+00:00,Oloptum miliaceum,Smilo Grass,Plantae,98.0,3.8659474849700928,163.37445068359375,0.27009475231170654,52.0,0.0,128.0,57.0,69.0,19.0,1.0
33.147684,-117.2525927,2017-01-21 17:08:00+00:00,Omphalotus olivascens,western jack-o'-lantern,Fungi,106.0,13.511812210083008,331.1343994140625,0.21008747816085815,42.0,0.0,128.0,54.0,67.0,20.0,1.0
33.1478611667,-117.2553466667,2017-01-21 18:21:34+00:00,Omphalotus olivascens,western jack-o'-lantern,Fungi,95.0,2.159557580947876,30.845048904418945,0.2745751142501831,90.0,0.0,128.0,54.0,70.0,21.0,1.0
33.148474,-117.248672,2017-01-22 00:23:00+00:00,Omphalotus olivascens,western jack-o'-lantern,Fungi,97.0,2.8871259689331055,309.93792724609375,0.16232718527317047,52.0,0.0,128.0,54.0,69.0,20.0,1.0
33.147684,-117.252593,2017-01-22 04:49:00+00:00,Omphalotus olivascens,western jack-o'-lantern,Fungi,106.0,13.511812210083008,331.1343994140625,0.21008747816085815,42.0,0.0,128.0,54.0,67.0,20.0,1.0
33.1481945,-117.2493666667,2022-12-29 17:42:25+00:00,Omphalotus olivascens,western jack-o'-lantern,Fungi,106.0,8.571905136108398,14.864535331726074,0.17550188302993774,52.0,0.0,128.0,54.0,69.0,20.0,1.0
33.1501483813,-117.2488571646,2023-01-14 16:55:13+00:00,Omphalotus olivascens,western jack-o'-lantern,Fungi,100.0,2.1595702171325684,149.15438842773438,0.24612712860107422,52.0,0.0,128.0,57.0,69.0,19.0,1.0
33.1481516363,-117.2495359288,2023-01-14 18:07:21+00:00,Omphalotus olivascens,western jack-o'-lantern,Fungi,106.0,8.571905136108398,14.864535331726074,0.17550188302993774,52.0,0.0,128.0,54.0,69.0,20.0,1.0
33.1501388333,-117.248855,2024-01-05 18:14:16+00:00,Omphalotus olivascens,western jack-o'-lantern,Fungi,100.0,2.1595702171325684,149.15438842773438,0.24612712860107422,52.0,0.0,128.0,57.0,69.0,19.0,1.0
33.1481583333,-117.2495116667,2024-01-05 18:57:54+00:00,Omphalotus olivascens,western jack-o'-lantern,Fungi,106.0,8.571905136108398,14.864535331726074,0.17550188302993774,52.0,0.0,128.0,54.0,69.0,20.0,1.0
33.148275,-117.2494166667,2024-01-13 19:40:00+00:00,Omphalotus olivascens,western jack-o'-lantern,Fungi,106.0,8.571905136108398,14.864535331726074,0.17550188302993774,52.0,0.0,128.0,54.0,69.0,20.0,1.0
33.1478722222,-117.2559722222,2024-01-13 21:26:00+00:00,Omphalotus olivascens,western jack-o'-lantern,Fungi,95.0,3.552232503890991,38.52847671508789,0.26213374733924866,42.0,0.0,128.0,54.0,70.0,21.0,1.0
33.1480945,-117.2495716667,2024-01-13 21:44:16+00:00,Omphalotus olivascens,western jack-o'-lantern,Fungi,110.0,11.45389461517334,331.50262451171875,0.23199018836021423,52.0,0.0,128.0,54.0,69.0,20.0,1.0
33.1481471667,-117.24952,2025-11-26 21:53:29+00:00,Omphalotus olivascens,western jack-o'-lantern,Fungi,106.0,8.571905136108398,14.864535331726074,0.17550188302993774,52.0,0.0,128.0,54.0,69.0,20.0,1.0
33.1464271545,-117.2563171387,2025-12-04 19:35:27+00:00,Omphalotus olivascens,western jack-o'-lantern,Fungi,128.0,20.901290893554688,332.89373779296875,0.13905733823776245,52.0,0.0,128.0,53.0,71.0,20.0,1.0
33.1480888889,-117.2494916667,2026-01-11 20:09:03+00:00,Omphalotus olivascens,western jack-o'-lantern,Fungi,110.0,8.076253890991211,24.127098083496094,0.21182937920093536,52.0,0.0,128.0,54.0,69.0,20.0,1.0
33.15083608,-117.24871281,2019-04-28 18:05:32+00:00,Onagraceae,evening primrose family,Plantae,101.0,10.518335342407227,110.41043090820312,0.15516044199466705,52.0,0.0,128.0,57.0,69.0,19.0,1.0
33.1488990784,-117.2519989014,2025-04-30 17:27:17+00:00,Opuntia,Prickly Pears,Plantae,93.0,3.8659446239471436,163.37460327148438,0.25765109062194824,90.0,0.0,128.0,54.0,67.0,20.0,1.0
33.1511877003,-117.2484433651,2017-01-21 17:15:00+00:00,Opuntia littoralis,Coastal Pricklypear,Plantae,97.0,10.35069751739502,122.12567138671875,0.14794552326202393,52.0,0.0,128.0,57.0,69.0,19.0,1.0
33.1479695,-117.249795,2021-05-05 23:53:14+00:00,Orgyia,,Insecta,110.0,11.45389461517334,331.50262451171875,0.23199018836021423,52.0,0.0,128.0,54.0,69.0,20.0,1.0
33.1484221667,-117.2512133333,2022-04-28 21:49:39+00:00,Orgyia,,Insecta,101.0,3.865943670272827,16.625350952148438,0.2554614543914795,90.0,0.0,128.0,54.0,67.0,20.0,1.0
33.1476838905,-117.2525927424,2024-05-17 17:47:03+00:00,Orgyia,,Insecta,106.0,13.511812210083008,331.1343994140625,0.21008747816085815,42.0,0.0,128.0,54.0,67.0,20.0,1.0
33.1486195,-117.2518166667,2024-01-05 18:40:38+00:00,Ossicaulis lignatilis,Bonestem,Fungi,96.0,11.405220031738281,309.93792724609375,0.24799086153507233,90.0,0.0,128.0,54.0,67.0,20.0,1.0
33.1477111111,-117.2545611111,2026-01-11 19:33:50+00:00,Ossicaulis lignatilis,Bonestem,Fungi,98.0,9.195145606994629,-0.0,0.23339538276195526,42.0,0.0,128.0,54.0,70.0,21.0,1.0
33.14655,-117.2473966667,2022-01-15 18:35:26+00:00,Ostropomycetidae,"wart lichens, script lichens, and allies",Fungi,134.0,3.552210807800293,38.52803421020508,0.15072062611579895,52.0,0.0,128.0,54.0,71.0,18.0,1.0
33.1501182122,-117.2496531253,2025-04-30 18:33:13+00:00,Oxalis californica,California woodsorrel,Plantae,103.0,7.803070068359375,135.13404846191406,0.15529900789260864,52.0,0.0,128.0,57.0,69.0,19.0,1.0
33.1487555556,-117.2522083333,2025-05-12 20:15:42+00:00,Oxyopidae,Lynx Spiders,Arachnida,93.0,3.8659446239471436,163.37460327148438,0.25765109062194824,90.0,0.0,128.0,54.0,67.0,20.0,1.0
33.1495704549,-117.2576457729,2017-01-27 19:50:38+00:00,Paeonia californica,California Peony,Plantae,169.0,4.5177998542785645,101.82196807861328,0.16382937133312225,52.0,0.0,128.0,56.0,73.0,22.0,1.0
33.1482368518,-117.250376749,2025-04-30 19:35:58+00:00,Papaver californicum,fire poppy,Plantae,98.0,5.968084335327148,21.708744049072266,0.2875625193119049,90.0,0.0,128.0,54.0,67.0,20.0,1.0
33.1498403171,-117.2539043433,2025-12-01 20:38:00+00:00,Paragus haemorrhous,Common Grass Skimmer,Insecta,132.0,19.965635299682617,212.15464782714844,0.15659429132938385,52.0,0.0,128.0,56.0,70.0,20.0,1.0
33.1498403171,-117.2539043433,2025-12-01 21:12:00+00:00,Parancistrocerus declivatus,,Insecta,132.0,19.965635299682617,212.15464782714844,0.15659429132938385,52.0,0.0,128.0,56.0,70.0,20.0,1.0
33.1480778333,-117.2495716667,2023-01-14 18:08:36+00:00,Parasola auricoma,goldenhaired inkcap,Fungi,110.0,11.45389461517334,331.50262451171875,0.23199018836021423,52.0,0.0,128.0,54.0,69.0,20.0,1.0
33.1501083333,-117.2489083333,2026-01-11 19:09:27+00:00,Parasola conopilea,conical brittlestem,Fungi,100.0,2.1595702171325684,149.15438842773438,0.24612712860107422,52.0,0.0,128.0,57.0,69.0,19.0,1.0
33.1484293007,-117.2473529634,2016-01-16 18:00:27+00:00,Parmelia,shield lichens,Fungi,110.0,9.21119499206543,314.3275146484375,0.21096768975257874,52.0,0.0,128.0,55.0,70.0,19.0,1.0
33.148394851,-117.2472596728,2016-01-16 17:02:17+00:00,Parmeliaceae,shield lichens and allies,Fungi,110.0,9.21119499206543,314.3275146484375,0.21096768975257874,52.0,0.0,128.0,55.0,70.0,19.0,1.0
33.14655,-117.2473966667,2022-01-15 18:35:26+00:00,Parmeliaceae,shield lichens and allies,Fungi,134.0,3.552210807800293,38.52803421020508,0.15072062611579895,52.0,0.0,128.0,54.0,71.0,18.0,1.0
33.1461416667,-117.2485366667,2022-01-15 18:51:49+00:00,Parmeliaceae,shield lichens and allies,Fungi,147.0,6.387418270111084,43.6956672668457,0.1568940430879593,52.0,0.0,128.0,55.0,71.0,20.0,1.0
33.1461805,-117.2486083333,2022-03-01 19:47:09+00:00,Parmelioideae,typical shield lichens,Fungi,147.0,6.387418270111084,43.6956672668457,0.1568940430879593,52.0,0.0,128.0,55.0,71.0,20.0,1.0
33.148125,-117.2490216667,2023-01-14 18:20:24+00:00,Parmelioideae,typical shield lichens,Fungi,101.0,10.010369300842285,50.06198501586914,0.1956081986427307,52.0,0.0,128.0,54.0,69.0,20.0,1.0
33.1473888333,-117.24723,2023-01-14 19:12:25+00:00,Parmelioideae,typical shield lichens,Fungi,124.0,12.947538375854492,350.3172302246094,0.13245022296905518,52.0,0.0,128.0,55.0,70.0,19.0,1.0
33.1477850727,-117.2548554897,2025-02-08 18:40:51+00:00,Parmelioideae,typical shield lichens,Fungi,97.0,11.045968055725098,5.683966159820557,0.23339538276195526,90.0,0.0,128.0,54.0,70.0,21.0,1.0
33.1479305,-117.2557133333,2025-02-08 20:38:17+00:00,Parmelioideae,typical shield lichens,Fungi,95.0,0.9274099469184875,-0.0,0.2526199221611023,90.0,0.0,128.0,54.0,70.0,21.0,1.0
33.14788059,-117.24702701,2022-01-15 18:25:02+00:00,Parmotrema,Ruffle Lichens,Fungi,112.0,2.992156982421875,338.29132080078125,0.14379410445690155,52.0,0.0,128.0,55.0,70.0,19.0,1.0
33.1461778333,-117.2485833333,2022-03-01 19:48:50+00:00,Parmotrema,Ruffle Lichens,Fungi,147.0,6.387418270111084,43.6956672668457,0.1568940430879593,52.0,0.0,128.0,55.0,71.0,20.0,1.0
33.1484971667,-117.247575,2024-01-13 20:36:57+00:00,Parmotrema,Ruffle Lichens,Fungi,106.0,12.786489486694336,309.93792724609375,0.22121699154376984,52.0,0.0,128.0,55.0,70.0,19.0,1.0
33.1478498126,-117.2549848712,2025-02-08 18:41:18+00:00,Parmotrema,Ruffle Lichens,Fungi,94.0,4.968292713165283,41.85330581665039,0.29769620299339294,90.0,0.0,128.0,54.0,70.0,21.0,1.0
33.1473,-117.2472833333,2020-01-19 08:52:40+00:00,Parmotrema austrosinense,Pretty Ruffle,Fungi,124.0,12.947538375854492,350.3172302246094,0.13245022296905518,52.0,0.0,128.0,55.0,70.0,19.0,1.0
33.1485888333,-117.251725,2025-02-08 18:19:03+00:00,Parmotrema hypoleucinum,Lacy Powdered-ruffle,Fungi,96.0,11.405220031738281,309.93792724609375,0.24799086153507233,90.0,0.0,128.0,54.0,67.0,20.0,1.0
33.1482083333,-117.2469166667,2025-02-08 18:36:20+00:00,Parmotrema hypoleucinum,Lacy Powdered-ruffle,Fungi,113.0,2.2144412994384766,270.0,0.14765606820583344,52.0,0.0,128.0,55.0,70.0,19.0,1.0
33.1484111667,-117.2511916667,2022-03-01 20:30:10+00:00,Parmotrema hypotropum,powdered ruffle lichen,Fungi,101.0,3.865943670272827,16.625350952148438,0.2554614543914795,90.0,0.0,128.0,54.0,67.0,20.0,1.0
33.1489775234,-117.2580429487,2023-04-21 22:39:00+00:00,Pectocarya linearis,sagebrush combseed,Plantae,168.0,5.96809196472168,201.70892333984375,0.1667630821466446,52.0,0.0,128.0,53.0,72.0,21.0,1.0
33.1483111667,-117.2471166667,2023-01-14 18:59:47+00:00,Pentagramma,,Plantae,113.0,2.2144412994384766,270.0,0.14765606820583344,52.0,0.0,128.0,55.0,70.0,19.0,1.0
33.1486545945,-117.2513723355,2023-04-25 18:20:00+00:00,Pentagramma,,Plantae,100.0,3.8659446239471436,343.3746032714844,0.27368929982185364,90.0,0.0,128.0,54.0,67.0,20.0,1.0
33.1460638889,-117.2486555556,2025-02-20 18:29:15+00:00,Pentagramma,,Plantae,147.0,6.387418270111084,43.6956672668457,0.1568940430879593,52.0,0.0,128.0,55.0,71.0,20.0,1.0
33.1503217336,-117.2490343163,2025-04-30 18:45:48+00:00,Pentagramma,,Plantae,103.0,7.186092376708984,129.93739318847656,0.1522451490163803,52.0,0.0,128.0,57.0,69.0,19.0,1.0
33.1461695,-117.2485833333,2022-03-01 19:47:32+00:00,Pentagramma glanduloviscida,San Diego Silverback Fern,Plantae,147.0,6.387418270111084,43.6956672668457,0.1568940430879593,52.0,0.0,128.0,55.0,71.0,20.0,1.0
33.1475361667,-117.2471783333,2023-01-14 19:06:51+00:00,Pentagramma glanduloviscida,San Diego Silverback Fern,Plantae,124.0,12.947538375854492,350.3172302246094,0.13245022296905518,52.0,0.0,128.0,55.0,70.0,19.0,1.0
33.1461361667,-117.248545,2022-01-15 18:51:42+00:00,Pentagramma viscosa,Sticky goldback fern,Plantae,147.0,6.387418270111084,43.6956672668457,0.1568940430879593,52.0,0.0,128.0,55.0,71.0,20.0,1.0
33.1461778333,-117.248575,2022-03-01 19:47:48+00:00,Pentagramma viscosa,Sticky goldback fern,Plantae,147.0,6.387418270111084,43.6956672668457,0.1568940430879593,52.0,0.0,128.0,55.0,71.0,20.0,1.0
33.1472510197,-117.2475284766,2024-06-22 00:37:19+00:00,Pepsis thisbe,Thisbe's Tarantula-hawk Wasp,Insecta,128.0,11.45387077331543,331.50286865234375,0.13452084362506866,52.0,0.0,128.0,55.0,70.0,19.0,1.0
33.1484528333,-117.2513583333,2024-01-13 18:45:17+00:00,Peziza,Cups,Fungi,101.0,3.865943670272827,16.625350952148438,0.2554614543914795,90.0,0.0,128.0,54.0,67.0,20.0,1.0
33.1483559722,-117.251203,2024-01-13 20:52:18+00:00,Peziza,Cups,Fungi,104.0,8.912068367004395,21.708744049072266,0.2164716273546219,42.0,0.0,128.0,54.0,67.0,20.0,1.0
33.1484528333,-117.2514416667,2024-01-18 16:53:10+00:00,Peziza,Cups,Fungi,101.0,8.471818923950195,319.5315856933594,0.2554614543914795,42.0,0.0,128.0,54.0,67.0,20.0,1.0
33.1482611667,-117.25328,2021-02-16 17:32:57+00:00,Peziza varia,layered cup,Fungi,94.0,2.7802884578704834,-0.0,0.26680296659469604,90.0,0.0,128.0,54.0,67.0,20.0,1.0
33.1482444444,-117.2512972222,2024-01-13 20:50:00+00:00,Peziza varia,layered cup,Fungi,104.0,8.912068367004395,21.708744049072266,0.2164716273546219,42.0,0.0,128.0,54.0,67.0,20.0,1.0
33.1483535767,-117.2472305298,2016-01-16 17:05:25+00:00,Pezizomycotina,Sac Fungi and Lichens,Fungi,111.0,3.800384998321533,299.1690368652344,0.1459112912416458,52.0,0.0,128.0,55.0,70.0,19.0,1.0
33.1515721667,-117.2482083333,2024-01-05 19:10:25+00:00,Phacelia,Scorpionweeds,Plantae,101.0,9.457968711853027,125.66414642333984,0.1793030947446823,52.0,0.0,128.0,56.0,71.0,20.0,1.0
33.15177721,-117.24810686,2019-04-28 16:05:35+00:00,Phacelia distans,distant phacelia,Plantae,101.0,7.186158180236816,129.93695068359375,0.1710846722126007,52.0,0.0,128.0,56.0,71.0,20.0,1.0
33.1486545945,-117.2513723355,2023-04-25 17:33:00+00:00,Phacelia distans,distant phacelia,Plantae,100.0,3.8659446239471436,343.3746032714844,0.27368929982185364,90.0,0.0,128.0,54.0,67.0,20.0,1.0
33.1507649355,-117.2488236582,2025-04-30 19:00:20+00:00,Phacelia distans,distant phacelia,Plantae,102.0,8.532731056213379,115.56742858886719,0.17227113246917725,52.0,0.0,128.0,57.0,69.0,19.0,1.0
33.1516861111,-117.2481416667,2025-05-12 20:32:06+00:00,Phacelia distans,distant phacelia,Plantae,101.0,7.186158180236816,129.93695068359375,0.1710846722126007,52.0,0.0,128.0,56.0,71.0,20.0,1.0
33.1485254385,-117.2497569557,2019-04-28 15:40:00+00:00,Phacelia grandiflora,Large-flowered Phacelia,Plantae,100.0,5.9680867195129395,338.29119873046875,0.2425835132598877,52.0,0.0,128.0,54.0,69.0,20.0,1.0
33.1484376826,-117.2496942804,2019-04-28 16:43:01+00:00,Phacelia grandiflora,Large-flowered Phacelia,Plantae,100.0,5.9680867195129395,338.29119873046875,0.2425835132598877,52.0,0.0,128.0,54.0,69.0,20.0,1.0
33.1483166667,-117.2503583333,2025-06-20 18:06:50+00:00,Phacelia grandiflora,Large-flowered Phacelia,Plantae,98.0,5.968084335327148,21.708744049072266,0.2875625193119049,90.0,0.0,128.0,54.0,67.0,20.0,1.0
33.1480611667,-117.2584383333,2017-03-25 20:07:12+00:00,Phacelia parryi,Parry's phacelia,Plantae,150.0,15.453839302062988,159.53236389160156,0.1384553611278534,52.0,0.0,128.0,53.0,72.0,21.0,1.0
33.1486545945,-117.2513723355,2023-04-25 18:50:00+00:00,Phacelia parryi,Parry's phacelia,Plantae,100.0,3.8659446239471436,343.3746032714844,0.27368929982185364,90.0,0.0,128.0,54.0,67.0,20.0,1.0
33.147684,-117.2525927,2023-05-10 17:22:00+00:00,Phacelia parryi,Parry's phacelia,Plantae,106.0,13.511812210083008,331.1343994140625,0.21008747816085815,42.0,0.0,128.0,54.0,67.0,20.0,1.0
33.1489445,-117.2579033333,2023-05-10 17:42:17+00:00,Phacelia parryi,Parry's phacelia,Plantae,168.0,5.96809196472168,201.70892333984375,0.1667630821466446,52.0,0.0,128.0,53.0,72.0,21.0,1.0
33.1492721667,-117.258545,2023-05-10 18:19:06+00:00,Phacelia parryi,Parry's phacelia,Plantae,171.0,5.217850208282471,237.87384033203125,0.16853679716587067,52.0,0.0,106.0,55.0,73.0,21.0,1.0
33.1500501113,-117.2493404194,2025-04-30 18:09:01+00:00,Phacelia parryi,Parry's phacelia,Plantae,101.0,7.254580974578857,152.8927764892578,0.15529900789260864,52.0,0.0,128.0,57.0,69.0,19.0,1.0
33.1483,-117.2509616667,2022-01-15 20:05:52+00:00,Phaeoclavulina,,Fungi,102.0,9.36627197265625,27.960859298706055,0.24405525624752045,42.0,0.0,128.0,54.0,67.0,20.0,1.0
33.148225,-117.251,2024-01-05 18:32:31+00:00,Phaeoclavulina,,Fungi,102.0,9.36627197265625,27.960859298706055,0.24405525624752045,42.0,0.0,128.0,54.0,67.0,20.0,1.0
33.1484221667,-117.2510133333,2024-01-13 20:45:40+00:00,Phaeoclavulina,,Fungi,100.0,3.552241325378418,38.52865219116211,0.26266878843307495,90.0,0.0,128.0,54.0,67.0,20.0,1.0
33.1479833333,-117.2533283333,2024-01-13 21:02:13+00:00,Phaeoclavulina,,Fungi,95.0,7.185986518859863,309.9381103515625,0.25315871834754944,42.0,0.0,128.0,54.0,67.0,20.0,1.0
33.1478194444,-117.2532083333,2024-01-18 16:37:00+00:00,Phaeoclavulina,,Fungi,103.0,13.31958293914795,325.134521484375,0.21601146459579468,42.0,0.0,128.0,54.0,67.0,20.0,1.0
33.1483444444,-117.2502277778,2026-01-11 18:59:13+00:00,Phaeoclavulina,,Fungi,98.0,5.125797271728516,334.4638671875,0.2885795533657074,90.0,0.0,128.0,54.0,67.0,20.0,1.0
33.1484721667,-117.2501666667,2026-01-11 19:56:54+00:00,Phaeoclavulina,,Fungi,99.0,0.9274099469184875,180.0,0.2747989892959595,90.0,0.0,128.0,54.0,67.0,20.0,1.0
33.1482353997,-117.2509658,2026-01-25 21:05:22+00:00,Phaeoclavulina,,Fungi,102.0,9.36627197265625,27.960859298706055,0.24405525624752045,42.0,0.0,128.0,54.0,67.0,20.0,1.0
33.1481638333,-117.2510216667,2022-01-15 20:03:51+00:00,Phaeoclavulina myceliosa,,Fungi,102.0,9.36627197265625,27.960859298706055,0.24405525624752045,42.0,0.0,128.0,54.0,67.0,20.0,1.0
33.1476971335,-117.2514153283,2017-01-21 18:24:35+00:00,Phaeotremella foliacea,Leafy Brain,Fungi,125.0,28.110973358154297,-0.0,0.17665860056877136,52.0,0.0,128.0,54.0,67.0,20.0,1.0
33.1478778333,-117.2562033333,2017-01-21 19:55:46+00:00,Phaeotremella foliacea,Leafy Brain,Fungi,97.0,2.159557580947876,149.1549530029297,0.25526466965675354,52.0,0.0,128.0,54.0,70.0,21.0,1.0
33.1476472222,-117.2545638889,2026-01-11 19:49:00+00:00,Phloeomana speirea,Bark Bonnet,Fungi,98.0,9.195145606994629,-0.0,0.23339538276195526,42.0,0.0,128.0,54.0,70.0,21.0,1.0
33.1480666667,-117.2495633333,2023-01-14 18:09:40+00:00,Pholistoma auritum,Fiesta Flower,Plantae,110.0,11.45389461517334,331.50262451171875,0.23199018836021423,52.0,0.0,128.0,54.0,69.0,20.0,1.0
33.1473,-117.2472616667,2022-01-15 18:29:58+00:00,Pholistoma auritum auritum,,Plantae,124.0,12.947538375854492,350.3172302246094,0.13245022296905518,52.0,0.0,128.0,55.0,70.0,19.0,1.0
33.1481586916,-117.2494641491,2025-04-30 16:04:39+00:00,Pholistoma auritum auritum,,Plantae,106.0,8.571905136108398,14.864535331726074,0.17550188302993774,52.0,0.0,128.0,54.0,69.0,20.0,1.0
33.1479528333,-117.2498083333,2020-01-19 10:04:43+00:00,Pholistoma membranaceum,white fiesta flower,Plantae,110.0,11.45389461517334,331.50262451171875,0.23199018836021423,52.0,0.0,128.0,54.0,69.0,20.0,1.0
33.1504666667,-117.2486416667,2025-01-21 22:30:00+00:00,Phoradendron,leafy mistletoes,Plantae,98.0,3.4462242126464844,74.40666198730469,0.20796598494052887,52.0,0.0,128.0,57.0,69.0,19.0,1.0
33.148475,-117.2495777778,2022-03-01 20:23:00+00:00,Phoradendron macrophyllum,broadleaf mistletoe,Plantae,100.0,5.9680867195129395,338.29119873046875,0.2425835132598877,52.0,0.0,128.0,54.0,69.0,20.0,1.0
33.1505083333,-117.2486283333,2025-01-21 22:30:43+00:00,Phoradendron macrophyllum,broadleaf mistletoe,Plantae,98.0,3.4462242126464844,74.40666198730469,0.20796598494052887,52.0,0.0,128.0,57.0,69.0,19.0,1.0
33.1481221667,-117.2531583333,2021-02-16 17:33:39+00:00,Phylloscypha phyllogena,Common Brown Cup,Fungi,94.0,2.7802884578704834,-0.0,0.26680296659469604,90.0,0.0,128.0,54.0,67.0,20.0,1.0
33.1485666667,-117.2517083333,2025-02-08 18:19:08+00:00,Phyllosticta galligena,,Fungi,96.0,11.405220031738281,309.93792724609375,0.24799086153507233,90.0,0.0,128.0,54.0,67.0,20.0,1.0
33.1483777778,-117.2513777778,2026-01-11 19:24:34+00:00,Physarum album,,Protozoa,101.0,3.865943670272827,16.625350952148438,0.2554614543914795,90.0,0.0,128.0,54.0,67.0,20.0,1.0
33.1483384523,-117.2507160055,2022-01-15 10:24:57+00:00,Pisolithus arhizus,Dyeball,Fungi,100.0,8.577668190002441,30.845129013061523,0.2653374969959259,90.0,0.0,128.0,54.0,67.0,20.0,1.0
33.1516721667,-117.2481783333,2024-01-05 18:00:19+00:00,Pisolithus tinctorius,Dead Man's Foot,Fungi,101.0,7.186158180236816,129.93695068359375,0.1710846722126007,52.0,0.0,128.0,56.0,71.0,20.0,1.0
33.151675,-117.2483194444,2024-01-13 17:28:00+00:00,Pisolithus tinctorius,Dead Man's Foot,Fungi,103.0,7.168145179748535,112.7148208618164,0.20088331401348114,52.0,0.0,128.0,56.0,71.0,20.0,1.0
33.152,-117.2530283333,2017-03-25 17:25:17+00:00,Plagiobothrys,Popcornflowers,Plantae,162.0,7.168164253234863,112.71475219726562,0.14280347526073456,52.0,0.0,128.0,55.0,70.0,22.0,1.0
33.148775,-117.2488583333,2022-03-01 18:41:43+00:00,Plagiobothrys,Popcornflowers,Plantae,97.0,1.107641339302063,90.0,0.15507586300373077,21.0,1.0,128.0,54.0,69.0,20.0,1.0
33.1486545945,-117.2513723355,2023-04-25 17:09:00+00:00,Plagiobothrys,Popcornflowers,Plantae,100.0,3.8659446239471436,343.3746032714844,0.27368929982185364,90.0,0.0,128.0,54.0,67.0,20.0,1.0
33.1488236138,-117.2488473554,2025-03-25 21:25:46+00:00,Plagiobothrys,Popcornflowers,Plantae,97.0,1.107641339302063,90.0,0.15507586300373077,21.0,1.0,128.0,54.0,69.0,20.0,1.0
33.1486545945,-117.2513723355,2023-04-25 18:34:00+00:00,Plagiobothrys nothofulvus,Rusty Popcornflower,Plantae,100.0,3.8659446239471436,343.3746032714844,0.27368929982185364,90.0,0.0,128.0,54.0,67.0,20.0,1.0
33.1477340218,-117.2549461295,2018-05-05 18:16:16+00:00,Plantae,Plants,Plantae,99.0,11.203264236450195,11.258208274841309,0.24904726445674896,42.0,0.0,128.0,54.0,70.0,21.0,1.0
33.1500333333,-117.248825,2019-03-12 21:01:40+00:00,Plantae,Plants,Plantae,100.0,2.1595702171325684,149.15438842773438,0.24612712860107422,52.0,0.0,128.0,57.0,69.0,19.0,1.0
33.15158875,-117.24821304,2019-04-28 16:00:02+00:00,Plantae,Plants,Plantae,101.0,9.457968711853027,125.66414642333984,0.1793030947446823,52.0,0.0,128.0,56.0,71.0,20.0,1.0
33.14858422,-117.25105435,2019-04-28 16:52:17+00:00,Plantae,Plants,Plantae,100.0,3.552241325378418,38.52865219116211,0.26266878843307495,90.0,0.0,128.0,54.0,67.0,20.0,1.0
33.1485286516,-117.2511053132,2024-01-13 18:38:00+00:00,Platanus,planes,Plantae,100.0,3.552241325378418,38.52865219116211,0.26266878843307495,90.0,0.0,128.0,54.0,67.0,20.0,1.0
33.1482971667,-117.25032,2024-01-13 19:40:06+00:00,Platanus occidentalis,American sycamore,Plantae,98.0,5.125797271728516,334.4638671875,0.2885795533657074,90.0,0.0,128.0,54.0,67.0,20.0,1.0
33.148524,-117.249833,2016-01-16 17:10:00+00:00,Platanus racemosa,western sycamore,Plantae,99.0,2.992159605026245,338.29119873046875,0.2425835132598877,90.0,0.0,128.0,54.0,69.0,20.0,1.0
33.1495638333,-117.248955,2018-04-22 16:11:07+00:00,Platanus racemosa,western sycamore,Plantae,98.0,3.8659474849700928,163.37445068359375,0.2799721658229828,52.0,0.0,128.0,57.0,69.0,19.0,1.0
33.1495644199,-117.2488682439,2018-05-05 17:16:23+00:00,Platanus racemosa,western sycamore,Plantae,98.0,3.8659474849700928,163.37445068359375,0.2799721658229828,52.0,0.0,128.0,57.0,69.0,19.0,1.0
33.1484777062,-117.251443416,2018-05-05 17:36:24+00:00,Platanus racemosa,western sycamore,Plantae,101.0,8.471818923950195,319.5315856933594,0.2554614543914795,42.0,0.0,128.0,54.0,67.0,20.0,1.0
33.1484509847,-117.2502231537,2019-04-28 15:46:00+00:00,Platanus racemosa,western sycamore,Plantae,99.0,0.9274099469184875,180.0,0.2747989892959595,90.0,0.0,128.0,54.0,67.0,20.0,1.0
33.1496382645,-117.2489355506,2019-04-28 16:30:01+00:00,Platanus racemosa,western sycamore,Plantae,98.0,3.8659474849700928,163.37445068359375,0.2799721658229828,52.0,0.0,128.0,57.0,69.0,19.0,1.0
33.1482885,-117.25031855,2019-04-28 16:48:38+00:00,Platanus racemosa,western sycamore,Plantae,98.0,5.125797271728516,334.4638671875,0.2885795533657074,90.0,0.0,128.0,54.0,67.0,20.0,1.0
33.1481138333,-117.2499616667,2020-01-19 10:07:31+00:00,Platanus racemosa,western sycamore,Plantae,100.0,7.80299711227417,315.13458251953125,0.22563593089580536,52.0,0.0,128.0,54.0,69.0,20.0,1.0
33.1476838905,-117.2525927424,2020-03-04 23:54:46+00:00,Platanus racemosa,western sycamore,Plantae,106.0,13.511812210083008,331.1343994140625,0.21008747816085815,42.0,0.0,128.0,54.0,67.0,20.0,1.0
33.1484003743,-117.2502589898,2022-01-15 19:54:44+00:00,Platanus racemosa,western sycamore,Plantae,99.0,0.9274099469184875,180.0,0.2747989892959595,90.0,0.0,128.0,54.0,67.0,20.0,1.0
33.1483833333,-117.2503416667,2022-03-01 20:15:54+00:00,Platanus racemosa,western sycamore,Plantae,99.0,0.9274099469184875,180.0,0.2747989892959595,90.0,0.0,128.0,54.0,67.0,20.0,1.0
33.1485861667,-117.251725,2022-03-01 20:28:45+00:00,Platanus racemosa,western sycamore,Plantae,96.0,11.405220031738281,309.93792724609375,0.24799086153507233,90.0,0.0,128.0,54.0,67.0,20.0,1.0
33.1489426622,-117.2511583525,2024-01-13 18:38:00+00:00,Platanus racemosa,western sycamore,Plantae,100.0,4.326134204864502,230.062255859375,0.23603728413581848,90.0,0.0,128.0,54.0,67.0,20.0,1.0
33.1499333333,-117.2489166667,2025-01-21 22:39:14+00:00,Platanus racemosa,western sycamore,Plantae,98.0,3.8659474849700928,163.37445068359375,0.27009475231170654,52.0,0.0,128.0,57.0,69.0,19.0,1.0
33.148175366,-117.2499063738,2025-03-25 17:35:49+00:00,Platanus racemosa,western sycamore,Plantae,100.0,7.80299711227417,315.13458251953125,0.22563593089580536,52.0,0.0,128.0,54.0,69.0,20.0,1.0
33.1486779997,-117.2487024997,2025-05-07 19:13:40+00:00,Plestiodon skiltonianus,Western Skink,Reptilia,97.0,0.9274099469184875,-0.0,0.16170455515384674,71.0,0.0,128.0,54.0,69.0,20.0,1.0
33.14854717,-117.25177,2020-01-11 09:50:53+00:00,Pleurotus ostreatus,Oyster Mushroom,Fungi,96.0,11.405220031738281,309.93792724609375,0.24799086153507233,90.0,0.0,128.0,54.0,67.0,20.0,1.0
33.1484555,-117.251755,2020-01-11 17:50:21+00:00,Pleurotus ostreatus,Oyster Mushroom,Fungi,96.0,11.405220031738281,309.93792724609375,0.24799086153507233,90.0,0.0,128.0,54.0,67.0,20.0,1.0
33.1484127246,-117.2508956908,2022-01-15 20:02:20+00:00,Pluteus cervinus,Deer Mushroom,Fungi,100.0,3.552241325378418,38.52865219116211,0.26266878843307495,90.0,0.0,128.0,54.0,67.0,20.0,1.0
33.1485392712,-117.248113202,2016-01-16 18:36:34+00:00,Poaceae,Grasses,Plantae,99.0,8.076262474060059,335.8727722167969,0.19933944940567017,52.0,0.0,128.0,54.0,69.0,20.0,1.0
33.1483595632,-117.2525313032,2018-02-27 23:02:06+00:00,Poaceae,Grasses,Plantae,94.0,6.827554702758789,341.15777587890625,0.2596748471260071,42.0,0.0,128.0,54.0,67.0,20.0,1.0
33.1486278333,-117.2485416667,2022-01-15 17:26:01+00:00,Poaceae,Grasses,Plantae,97.0,2.8871259689331055,309.93792724609375,0.16232718527317047,52.0,0.0,128.0,54.0,69.0,20.0,1.0
33.1485388333,-117.2522333333,2022-03-01 20:21:46+00:00,Poaceae,Grasses,Plantae,93.0,7.811668395996094,325.6863708496094,0.23129010200500488,90.0,0.0,128.0,54.0,67.0,20.0,1.0
33.1459695,-117.248055,2023-01-14 19:23:22+00:00,Poaceae,Grasses,Plantae,143.0,8.18224048614502,70.26029968261719,0.14284005761146545,52.0,0.0,128.0,55.0,71.0,20.0,1.0
33.1483711303,-117.2502971907,2025-02-08 18:12:02+00:00,Poaceae,Grasses,Plantae,98.0,5.125797271728516,334.4638671875,0.2885795533657074,90.0,0.0,128.0,54.0,67.0,20.0,1.0
33.1461194541,-117.2491575032,2024-11-01 18:36:46+00:00,Polioptila californica,California Gnatcatcher,Aves,153.0,11.246590614318848,42.89009094238281,0.14997784793376923,52.0,0.0,128.0,55.0,71.0,20.0,1.0
33.1504055,-117.2486416667,2024-11-01 21:01:06+00:00,Polioptila californica,California Gnatcatcher,Aves,98.0,3.4462242126464844,74.40666198730469,0.20796598494052887,52.0,0.0,128.0,57.0,69.0,19.0,1.0
33.1489305,-117.2483133333,2025-06-20 18:59:43+00:00,Polyommatinae,Blues,Insecta,95.0,4.7569708824157715,13.434897422790527,0.173908531665802,71.0,0.0,128.0,54.0,69.0,20.0,1.0
33.1498375494,-117.2489556873,2025-04-30 16:52:44+00:00,Polypogon viridis,water beard grass,Plantae,98.0,3.8659474849700928,163.37445068359375,0.27009475231170654,52.0,0.0,128.0,57.0,69.0,19.0,1.0
33.1482861667,-117.2532883333,2019-12-31 12:12:57+00:00,Polyporales,Shelf Fungi,Fungi,94.0,2.7802884578704834,-0.0,0.26680296659469604,90.0,0.0,128.0,54.0,67.0,20.0,1.0
33.1481778333,-117.25325,2021-02-16 17:33:58+00:00,Polyporales,Shelf Fungi,Fungi,94.0,2.7802884578704834,-0.0,0.26680296659469604,90.0,0.0,128.0,54.0,67.0,20.0,1.0
33.1487514803,-117.2513978731,2023-01-14 17:33:09+00:00,Polyporales,Shelf Fungi,Fungi,100.0,3.8659446239471436,343.3746032714844,0.27368929982185364,90.0,0.0,128.0,54.0,67.0,20.0,1.0
33.1488305,-117.2491,2019-10-02 21:33:32+00:00,Pontia protodice,Checkered White,Insecta,98.0,3.8659446239471436,16.62540054321289,0.1719782054424286,52.0,0.0,128.0,54.0,69.0,20.0,1.0
33.1488,-117.2493666667,2023-07-21 19:24:52+00:00,Pontia protodice,Checkered White,Insecta,98.0,4.756969928741455,346.5651550292969,0.21750405430793762,52.0,0.0,128.0,54.0,69.0,20.0,1.0
33.1484221667,-117.251275,2022-03-01 20:29:38+00:00,Pooideae,,Plantae,101.0,3.865943670272827,16.625350952148438,0.2554614543914795,90.0,0.0,128.0,54.0,67.0,20.0,1.0
33.1498819018,-117.2489136842,2025-04-30 16:45:26+00:00,Pooideae,,Plantae,98.0,3.8659474849700928,163.37445068359375,0.27009475231170654,52.0,0.0,128.0,57.0,69.0,19.0,1.0
33.1513778333,-117.2562116667,2023-05-10 17:14:08+00:00,Porophyllum gracile,Odora,Plantae,166.0,6.680820465087891,97.94364929199219,0.12498769164085388,21.0,6.0,128.0,56.0,74.0,20.0,1.0
33.1513314539,-117.2561270241,2025-05-12 21:08:07+00:00,Porophyllum gracile,Odora,Plantae,165.0,11.274360656738281,104.09928131103516,0.12400544434785843,52.0,0.0,128.0,56.0,71.0,22.0,1.0
33.1475361667,-117.2471616667,2023-01-14 19:06:39+00:00,Pottiaceae,,Plantae,124.0,12.947538375854492,350.3172302246094,0.13245022296905518,52.0,0.0,128.0,55.0,70.0,19.0,1.0
33.1500361667,-117.2488416667,2025-01-21 22:37:38+00:00,Procambarus,,Animalia,100.0,2.1595702171325684,149.15438842773438,0.24612712860107422,52.0,0.0,128.0,57.0,69.0,19.0,1.0
33.147684,-117.2525927,2018-04-22 16:31:00+00:00,Procambarus clarkii,Red Swamp Crayfish,Animalia,106.0,13.511812210083008,331.1343994140625,0.21008747816085815,42.0,0.0,128.0,54.0,67.0,20.0,1.0
33.1500138333,-117.2489166667,2025-01-21 22:34:48+00:00,Procambarus clarkii,Red Swamp Crayfish,Animalia,100.0,2.1595702171325684,149.15438842773438,0.24612712860107422,52.0,0.0,128.0,57.0,69.0,19.0,1.0
33.1472666667,-117.25727,2025-02-08 20:47:55+00:00,Procambarus clarkii,Red Swamp Crayfish,Animalia,87.0,1.1076202392578125,270.0,0.2611836791038513,90.0,0.0,128.0,53.0,72.0,21.0,1.0
33.1499333333,-117.2489166667,2025-11-26 22:24:26+00:00,Procambarus clarkii,Red Swamp Crayfish,Animalia,98.0,3.8659474849700928,163.37445068359375,0.27009475231170654,52.0,0.0,128.0,57.0,69.0,19.0,1.0
33.1500109997,-117.2489103997,2026-01-10 18:08:27+00:00,Procambarus clarkii,Red Swamp Crayfish,Animalia,100.0,2.1595702171325684,149.15438842773438,0.24612712860107422,52.0,0.0,128.0,57.0,69.0,19.0,1.0
33.1498108659,-117.2489359881,2018-01-14 00:13:04+00:00,Procyon,Raccoons,Mammalia,98.0,3.8659474849700928,163.37445068359375,0.27009475231170654,52.0,0.0,128.0,57.0,69.0,19.0,1.0
33.1497805473,-117.2489929666,2020-01-11 18:02:40+00:00,Procyon lotor,Common Raccoon,Mammalia,98.0,3.8659474849700928,163.37445068359375,0.27009475231170654,52.0,0.0,128.0,57.0,69.0,19.0,1.0
33.1500383023,-117.2489497427,2023-01-14 16:57:25+00:00,Procyon lotor,Common Raccoon,Mammalia,100.0,2.1595702171325684,149.15438842773438,0.24612712860107422,52.0,0.0,128.0,57.0,69.0,19.0,1.0
33.1483583333,-117.2463083333,2025-02-08 18:51:19+00:00,Procyon lotor,Common Raccoon,Mammalia,111.0,9.449246406555176,13.434774398803711,0.24379490315914154,52.0,0.0,128.0,55.0,70.0,19.0,1.0
33.1484138333,-117.251175,2024-10-09 22:11:49+00:00,Prunus virginiana,chokecherry,Plantae,101.0,3.865943670272827,16.625350952148438,0.2554614543914795,90.0,0.0,128.0,54.0,67.0,20.0,1.0
33.1488519019,-117.2488138138,2021-05-07 14:37:12+00:00,Psaltriparus minimus,Bushtit,Aves,97.0,1.107641339302063,90.0,0.15507586300373077,21.0,1.0,128.0,54.0,69.0,20.0,1.0
33.1487388889,-117.2485722222,2022-03-01 19:00:00+00:00,Psaltriparus minimus,Bushtit,Aves,97.0,0.9274099469184875,-0.0,0.16170455515384674,71.0,0.0,128.0,54.0,69.0,20.0,1.0
33.1487305556,-117.2485611111,2022-03-02 07:01:00+00:00,Psaltriparus minimus,Bushtit,Aves,97.0,0.9274099469184875,-0.0,0.16170455515384674,71.0,0.0,128.0,54.0,69.0,20.0,1.0
33.1486695,-117.253005,2021-02-16 17:29:28+00:00,Psathyrella piluliformis,Common Stump Brittlestem,Fungi,102.0,15.061755180358887,154.46371459960938,0.24752530455589294,90.0,0.0,128.0,54.0,67.0,20.0,1.0
33.1500055,-117.2488416667,2025-01-21 22:35:23+00:00,Pseudacris,Chorus Frogs,Amphibia,100.0,2.1595702171325684,149.15438842773438,0.24612712860107422,52.0,0.0,128.0,57.0,69.0,19.0,1.0
33.1478611667,-117.256195,2018-01-13 20:22:37+00:00,Pseudacris regilla,Pacific chorus frog,Amphibia,97.0,2.159557580947876,149.1549530029297,0.25526466965675354,52.0,0.0,128.0,54.0,70.0,21.0,1.0
33.147684,-117.2525927,2018-04-22 16:29:00+00:00,Pseudacris regilla,Pacific chorus frog,Amphibia,106.0,13.511812210083008,331.1343994140625,0.21008747816085815,42.0,0.0,128.0,54.0,67.0,20.0,1.0
33.1475221667,-117.2572033333,2018-04-22 17:21:51+00:00,Pseudacris regilla,Pacific chorus frog,Amphibia,90.0,13.945086479187012,141.47169494628906,0.2602376639842987,52.0,0.0,128.0,53.0,72.0,21.0,1.0
33.1500305292,-117.248896831,2021-05-07 02:58:13+00:00,Pseudacris regilla,Pacific chorus frog,Amphibia,100.0,2.1595702171325684,149.15438842773438,0.24612712860107422,52.0,0.0,128.0,57.0,69.0,19.0,1.0
33.1475111667,-117.2571333333,2024-01-13 19:19:48+00:00,Pseudacris regilla,Pacific chorus frog,Amphibia,90.0,13.945086479187012,141.47169494628906,0.2602376639842987,52.0,0.0,128.0,53.0,72.0,21.0,1.0
33.147225,-117.2572166667,2024-02-14 21:29:58+00:00,Pseudacris regilla,Pacific chorus frog,Amphibia,87.0,1.1076202392578125,270.0,0.2611836791038513,90.0,0.0,128.0,53.0,72.0,21.0,1.0
33.1495323768,-117.2495719045,2024-11-01 20:51:55+00:00,Pseudacris regilla,Pacific chorus frog,Amphibia,100.0,7.186065673828125,129.93756103515625,0.1868562549352646,52.0,0.0,128.0,57.0,69.0,19.0,1.0
33.1501361111,-117.2487416667,2025-01-21 22:36:00+00:00,Pseudacris regilla,Pacific chorus frog,Amphibia,100.0,2.1595702171325684,149.15438842773438,0.24612712860107422,52.0,0.0,128.0,57.0,69.0,19.0,1.0
33.1499833333,-117.2488416667,2025-01-21 22:41:16+00:00,Pseudacris regilla,Pacific chorus frog,Amphibia,98.0,3.8659474849700928,163.37445068359375,0.27009475231170654,52.0,0.0,128.0,57.0,69.0,19.0,1.0
33.1504649381,-117.248614826,2025-01-21 23:38:49+00:00,Pseudacris regilla,Pacific chorus frog,Amphibia,98.0,3.4462242126464844,74.40666198730469,0.20796598494052887,52.0,0.0,128.0,57.0,69.0,19.0,1.0
33.1475777804,-117.256805487,2025-02-20 19:28:07+00:00,Pseudacris regilla,Pacific chorus frog,Amphibia,89.0,7.3788604736328125,180.0,0.23242825269699097,90.0,0.0,128.0,53.0,72.0,21.0,1.0
33.1501159722,-117.249003,2025-04-09 19:26:32+00:00,Pseudacris regilla,Pacific chorus frog,Amphibia,100.0,2.1595702171325684,149.15438842773438,0.24612712860107422,52.0,0.0,128.0,57.0,69.0,19.0,1.0
33.1497299722,-117.248981,2025-04-09 19:54:03+00:00,Pseudacris regilla,Pacific chorus frog,Amphibia,98.0,3.8659474849700928,163.37445068359375,0.27009475231170654,52.0,0.0,128.0,57.0,69.0,19.0,1.0
33.1499377997,-117.2488263,2025-10-12 23:50:55+00:00,Pseudacris regilla,Pacific chorus frog,Amphibia,98.0,3.8659474849700928,163.37445068359375,0.27009475231170654,52.0,0.0,128.0,57.0,69.0,19.0,1.0
33.1506695,-117.2486633333,2025-06-20 18:15:35+00:00,Pseudognaphalium,rabbit-tobaccos,Plantae,98.0,8.182602882385254,109.73878479003906,0.157515287399292,52.0,0.0,128.0,57.0,69.0,19.0,1.0
33.1486346992,-117.2496760079,2018-04-22 17:43:10+00:00,Pseudognaphalium californicum,California cudweed,Plantae,100.0,5.9680867195129395,338.29119873046875,0.2425835132598877,52.0,0.0,128.0,54.0,69.0,20.0,1.0
33.15041405,-117.24865068,2019-04-28 16:27:23+00:00,Pseudognaphalium californicum,California cudweed,Plantae,98.0,3.4462242126464844,74.40666198730469,0.20796598494052887,52.0,0.0,128.0,57.0,69.0,19.0,1.0
33.1474122405,-117.2569814232,2019-04-28 19:52:20+00:00,Pseudognaphalium californicum,California cudweed,Plantae,88.0,1.8543341159820557,180.0,0.24993914365768433,90.0,0.0,128.0,53.0,72.0,21.0,1.0
33.1462036539,-117.248800099,2023-04-29 17:23:55+00:00,Pseudognaphalium californicum,California cudweed,Plantae,149.0,8.05100154876709,55.09526824951172,0.16332517564296722,52.0,0.0,128.0,55.0,71.0,20.0,1.0
33.1463166667,-117.2475133333,2024-01-13 19:24:23+00:00,Pseudognaphalium californicum,California cudweed,Plantae,135.0,4.7923994064331055,67.28395080566406,0.1399560421705246,52.0,0.0,128.0,54.0,71.0,18.0,1.0
33.1518861667,-117.2480866667,2025-01-21 22:26:28+00:00,Pseudognaphalium californicum,California cudweed,Plantae,103.0,4.792656421661377,112.71475219726562,0.16409806907176971,52.0,0.0,128.0,56.0,71.0,20.0,1.0
33.1507221667,-117.2486333333,2019-04-28 16:10:43+00:00,Psilocarphus,Woolly-Marbles,Plantae,98.0,8.182602882385254,109.73878479003906,0.157515287399292,52.0,0.0,128.0,57.0,69.0,19.0,1.0
33.1475528333,-117.2471616667,2023-01-14 19:06:33+00:00,Pterostegia drymarioides,Fairy Mist,Plantae,124.0,12.947538375854492,350.3172302246094,0.13245022296905518,52.0,0.0,128.0,55.0,70.0,19.0,1.0
33.1497028333,-117.2578283333,2023-05-10 18:40:01+00:00,Pterostegia drymarioides,Fairy Mist,Plantae,169.0,4.5177998542785645,101.82196807861328,0.16382937133312225,52.0,0.0,128.0,56.0,73.0,22.0,1.0
33.1497437731,-117.2489245468,2019-04-28 15:18:00+00:00,Quercus,oaks,Plantae,98.0,3.8659474849700928,163.37445068359375,0.27009475231170654,52.0,0.0,128.0,57.0,69.0,19.0,1.0
33.1484945,-117.2522666667,2022-03-01 20:24:45+00:00,Quercus,oaks,Plantae,92.0,0.0,-0.0,0.24051491916179657,42.0,0.0,128.0,54.0,67.0,20.0,1.0
33.1518388333,-117.2481,2023-01-14 16:39:18+00:00,Quercus,oaks,Plantae,101.0,7.186158180236816,129.93695068359375,0.1710846722126007,52.0,0.0,128.0,56.0,71.0,20.0,1.0
33.1529827802,-117.2485201433,2025-01-21 22:16:57+00:00,Quercus,high-latitude oaks,Plantae,110.0,2.159590005874634,149.1535186767578,0.20252123475074768,52.0,0.0,128.0,56.0,71.0,20.0,1.0
33.1506166667,-117.2486716667,2025-01-21 22:47:49+00:00,Quercus,oaks,Plantae,98.0,8.182602882385254,109.73878479003906,0.157515287399292,52.0,0.0,128.0,57.0,69.0,19.0,1.0
33.1506830008,-117.2487630462,2025-04-30 18:56:38+00:00,Quercus,oaks,Plantae,102.0,8.532731056213379,115.56742858886719,0.17227113246917725,52.0,0.0,128.0,57.0,69.0,19.0,1.0
33.1517944444,-117.2481305556,2016-01-16 16:26:00+00:00,Quercus agrifolia,coast live oak,Plantae,101.0,7.186158180236816,129.93695068359375,0.1710846722126007,52.0,0.0,128.0,56.0,71.0,20.0,1.0
33.146993,-117.247521,2016-01-16 17:45:00+00:00,Quercus agrifolia,coast live oak,Plantae,132.0,5.6556878089904785,348.74188232421875,0.14556923508644104,52.0,0.0,128.0,54.0,71.0,18.0,1.0
33.1494611111,-117.2491777778,2016-01-16 17:58:00+00:00,Quercus agrifolia,coast live oak,Plantae,98.0,3.704791784286499,180.0,0.2702784240245819,52.0,0.0,128.0,57.0,69.0,19.0,1.0
33.1483753137,-117.2479605675,2017-01-21 20:43:00+00:00,Quercus agrifolia,coast live oak,Plantae,99.0,8.076262474060059,335.8727722167969,0.19933944940567017,52.0,0.0,128.0,54.0,69.0,20.0,1.0
33.1502933333,-117.2488933333,2017-03-04 22:35:57+00:00,Quercus agrifolia,coast live oak,Plantae,100.0,5.821231365203857,108.51547241210938,0.17764776945114136,52.0,0.0,128.0,57.0,69.0,19.0,1.0
33.1483305,-117.250725,2018-01-13 19:51:33+00:00,Quercus agrifolia,coast live oak,Plantae,100.0,8.577668190002441,30.845129013061523,0.2653374969959259,90.0,0.0,128.0,54.0,67.0,20.0,1.0
33.1498972234,-117.2487777193,2018-05-05 17:18:05+00:00,Quercus agrifolia,coast live oak,Plantae,98.0,3.8659474849700928,163.37445068359375,0.27009475231170654,52.0,0.0,128.0,57.0,69.0,19.0,1.0
33.15175078,-117.24815591,2019-04-28 16:06:08+00:00,Quercus agrifolia,coast live oak,Plantae,101.0,7.186158180236816,129.93695068359375,0.1710846722126007,52.0,0.0,128.0,56.0,71.0,20.0,1.0
33.1484611667,-117.251625,2019-04-28 16:53:42+00:00,Quercus agrifolia,coast live oak,Plantae,101.0,8.471818923950195,319.5315856933594,0.2554614543914795,42.0,0.0,128.0,54.0,67.0,20.0,1.0
33.1487444444,-117.2484527778,2022-03-01 19:01:00+00:00,Quercus agrifolia,coast live oak,Plantae,97.0,2.9921607971191406,21.7088680267334,0.17881156504154205,71.0,0.0,128.0,54.0,69.0,20.0,1.0
33.1484583333,-117.2522666667,2022-03-01 20:26:20+00:00,Quercus agrifolia,coast live oak,Plantae,92.0,0.0,-0.0,0.24051491916179657,42.0,0.0,128.0,54.0,67.0,20.0,1.0
33.1482062582,-117.2490218003,2024-01-13 20:20:37+00:00,Quercus agrifolia,coast live oak,Plantae,101.0,10.010369300842285,50.06198501586914,0.1956081986427307,52.0,0.0,128.0,54.0,69.0,20.0,1.0
33.1501361667,-117.2488333333,2025-01-21 22:34:39+00:00,Quercus agrifolia,coast live oak,Plantae,100.0,2.1595702171325684,149.15438842773438,0.24612712860107422,52.0,0.0,128.0,57.0,69.0,19.0,1.0
33.1500083333,-117.248855,2025-01-21 22:43:18+00:00,Quercus agrifolia,coast live oak,Plantae,100.0,2.1595702171325684,149.15438842773438,0.24612712860107422,52.0,0.0,128.0,57.0,69.0,19.0,1.0
33.1493111667,-117.24897,2025-02-08 17:37:41+00:00,Quercus agrifolia,coast live oak,Plantae,96.0,2.8871421813964844,129.93765258789062,0.23788827657699585,52.0,0.0,128.0,57.0,69.0,19.0,1.0
33.1507565389,-117.2461024672,2025-05-25 17:13:32+00:00,Quercus agrifolia,coast live oak,Plantae,105.0,10.350651741027832,302.1258239746094,0.21653762459754944,52.0,0.0,128.0,55.0,72.0,21.0,1.0
33.1500103826,-117.2492797816,2025-04-30 18:02:14+00:00,Rafinesquia californica,California chicory,Plantae,101.0,7.254580974578857,152.8927764892578,0.15529900789260864,52.0,0.0,128.0,57.0,69.0,19.0,1.0
33.1481471667,-117.2491216667,2023-01-14 18:17:30+00:00,Ramalina farinacea,Farinose Cartilage Lichen,Fungi,101.0,10.010369300842285,50.06198501586914,0.1956081986427307,52.0,0.0,128.0,54.0,69.0,20.0,1.0
33.1486545945,-117.2513723355,2023-04-25 20:14:00+00:00,Ramosissimae,,Plantae,100.0,3.8659446239471436,343.3746032714844,0.27368929982185364,90.0,0.0,128.0,54.0,67.0,20.0,1.0
33.1484403648,-117.2474206892,2016-01-16 16:58:17+00:00,Rhamnus crocea,Redberry Buckthorn,Plantae,106.0,12.786489486694336,309.93792724609375,0.22121699154376984,52.0,0.0,128.0,55.0,70.0,19.0,1.0
33.148177,-117.247141,2016-01-16 18:15:00+00:00,Rhamnus crocea,Redberry Buckthorn,Plantae,111.0,3.800384998321533,299.1690368652344,0.1459112912416458,52.0,0.0,128.0,55.0,70.0,19.0,1.0
33.1517513004,-117.24814103,2018-02-28 00:06:33+00:00,Rhamnus crocea,Redberry Buckthorn,Plantae,101.0,7.186158180236816,129.93695068359375,0.1710846722126007,52.0,0.0,128.0,56.0,71.0,20.0,1.0
33.1518028333,-117.2481383333,2019-04-28 15:55:05+00:00,Rhamnus crocea,Redberry Buckthorn,Plantae,101.0,7.186158180236816,129.93695068359375,0.1710846722126007,52.0,0.0,128.0,56.0,71.0,20.0,1.0
33.1518166667,-117.2481716667,2022-03-01 18:20:11+00:00,Rhamnus crocea,Redberry Buckthorn,Plantae,101.0,7.186158180236816,129.93695068359375,0.1710846722126007,52.0,0.0,128.0,56.0,71.0,20.0,1.0
33.1517444444,-117.2481944444,2024-11-01 21:05:47+00:00,Rhamnus crocea,Redberry Buckthorn,Plantae,101.0,7.186158180236816,129.93695068359375,0.1710846722126007,52.0,0.0,128.0,56.0,71.0,20.0,1.0
33.1518164877,-117.2481625196,2025-02-08 17:19:09+00:00,Rhamnus crocea,Redberry Buckthorn,Plantae,101.0,7.186158180236816,129.93695068359375,0.1710846722126007,52.0,0.0,128.0,56.0,71.0,20.0,1.0
33.1484083333,-117.25125,2023-01-14 17:34:43+00:00,Rhamnus ilicifolia,hollyleaf redberry,Plantae,101.0,3.865943670272827,16.625350952148438,0.2554614543914795,90.0,0.0,128.0,54.0,67.0,20.0,1.0
33.1518945,-117.2481616667,2024-01-13 17:27:49+00:00,Rhopalomyia audibertiae,White Sage Leaf Gall Midge,Insecta,103.0,4.792656421661377,112.71475219726562,0.16409806907176971,52.0,0.0,128.0,56.0,71.0,20.0,1.0
33.1486328133,-117.2521070113,2019-04-28 17:03:06+00:00,Rhopalomyia californica,Coyote Brush Bud Gall Midge,Insecta,93.0,7.811668395996094,325.6863708496094,0.23129010200500488,90.0,0.0,128.0,54.0,67.0,20.0,1.0
33.1460305,-117.2483616667,2022-03-01 19:28:16+00:00,Rhopalomyia californica,Coyote Brush Bud Gall Midge,Insecta,145.0,5.759568691253662,50.06127166748047,0.14284005761146545,52.0,0.0,128.0,55.0,71.0,20.0,1.0
33.1459971667,-117.2483283333,2023-01-14 19:25:14+00:00,Rhopalomyia californica,Coyote Brush Bud Gall Midge,Insecta,145.0,5.759568691253662,50.06127166748047,0.14284005761146545,52.0,0.0,128.0,55.0,71.0,20.0,1.0
33.1486545945,-117.2513723355,2023-04-25 17:11:00+00:00,Rhopalomyia californica,Coyote Brush Bud Gall Midge,Insecta,100.0,3.8659446239471436,343.3746032714844,0.27368929982185364,90.0,0.0,128.0,54.0,67.0,20.0,1.0
33.1484470703,-117.2473173403,2016-01-16 18:05:10+00:00,Rhus integrifolia,lemonade berry,Plantae,110.0,9.21119499206543,314.3275146484375,0.21096768975257874,52.0,0.0,128.0,55.0,70.0,19.0,1.0
33.1485026,-117.24765134,2016-01-16 19:05:18+00:00,Rhus integrifolia,lemonade berry,Plantae,106.0,12.786489486694336,309.93792724609375,0.22121699154376984,52.0,0.0,128.0,55.0,70.0,19.0,1.0
33.1481847596,-117.2470217943,2017-01-21 19:49:00+00:00,Rhus integrifolia,lemonade berry,Plantae,113.0,2.2144412994384766,270.0,0.14765606820583344,52.0,0.0,128.0,55.0,70.0,19.0,1.0
33.1460416667,-117.2478716667,2018-01-13 18:58:49+00:00,Rhus integrifolia,lemonade berry,Plantae,138.0,7.922126293182373,76.54639434814453,0.14321786165237427,52.0,0.0,128.0,54.0,71.0,18.0,1.0
33.1485111667,-117.2473666667,2018-01-13 19:54:57+00:00,Rhus integrifolia,lemonade berry,Plantae,110.0,9.21119499206543,314.3275146484375,0.21096768975257874,52.0,0.0,128.0,55.0,70.0,19.0,1.0
33.1479332177,-117.2555523087,2018-02-27 23:12:16+00:00,Rhus integrifolia,lemonade berry,Plantae,95.0,0.9274099469184875,-0.0,0.2526199221611023,90.0,0.0,128.0,54.0,70.0,21.0,1.0
33.1484306837,-117.2522420437,2018-05-05 17:38:11+00:00,Rhus integrifolia,lemonade berry,Plantae,93.0,7.811668395996094,325.6863708496094,0.23129010200500488,90.0,0.0,128.0,54.0,67.0,20.0,1.0
33.1479111667,-117.2555,2021-02-16 18:00:37+00:00,Rhus integrifolia,lemonade berry,Plantae,95.0,0.9274099469184875,-0.0,0.2526199221611023,90.0,0.0,128.0,54.0,70.0,21.0,1.0
33.15155055,-117.24829145,2022-01-15 16:42:33+00:00,Rhus integrifolia,lemonade berry,Plantae,101.0,9.457968711853027,125.66414642333984,0.1793030947446823,52.0,0.0,128.0,56.0,71.0,20.0,1.0
33.1484305,-117.24733,2022-01-15 18:11:17+00:00,Rhus integrifolia,lemonade berry,Plantae,110.0,9.21119499206543,314.3275146484375,0.21096768975257874,52.0,0.0,128.0,55.0,70.0,19.0,1.0
33.1484388333,-117.2473133333,2022-03-01 19:09:13+00:00,Rhus integrifolia,lemonade berry,Plantae,110.0,9.21119499206543,314.3275146484375,0.21096768975257874,52.0,0.0,128.0,55.0,70.0,19.0,1.0
33.1480555099,-117.249305,2023-01-14 18:15:30+00:00,Rhus integrifolia,lemonade berry,Plantae,110.0,8.076253890991211,24.127098083496094,0.21182937920093536,52.0,0.0,128.0,54.0,69.0,20.0,1.0
33.1484375,-117.2473220825,2023-01-14 18:58:05+00:00,Rhus integrifolia,lemonade berry,Plantae,110.0,9.21119499206543,314.3275146484375,0.21096768975257874,52.0,0.0,128.0,55.0,70.0,19.0,1.0
33.1460416667,-117.2478333333,2023-01-14 19:21:05+00:00,Rhus integrifolia,lemonade berry,Plantae,138.0,7.922126293182373,76.54639434814453,0.14321786165237427,52.0,0.0,128.0,54.0,71.0,18.0,1.0
33.1486545945,-117.2513723355,2023-04-25 18:31:00+00:00,Rhus integrifolia,lemonade berry,Plantae,100.0,3.8659446239471436,343.3746032714844,0.27368929982185364,90.0,0.0,128.0,54.0,67.0,20.0,1.0
33.1497083333,-117.2578283333,2023-05-10 18:40:09+00:00,Rhus integrifolia,lemonade berry,Plantae,169.0,4.5177998542785645,101.82196807861328,0.16382937133312225,52.0,0.0,128.0,56.0,73.0,22.0,1.0
33.1460583333,-117.2478416667,2025-02-08 19:12:50+00:00,Rhus integrifolia,lemonade berry,Plantae,138.0,7.922126293182373,76.54639434814453,0.14321786165237427,52.0,0.0,128.0,54.0,71.0,18.0,1.0
33.1484126951,-117.2512480326,2025-03-25 17:41:47+00:00,Rhus integrifolia,lemonade berry,Plantae,101.0,3.865943670272827,16.625350952148438,0.2554614543914795,90.0,0.0,128.0,54.0,67.0,20.0,1.0
33.1497335808,-117.2490601946,2025-04-30 17:08:38+00:00,Rhus integrifolia,lemonade berry,Plantae,98.0,3.704791784286499,180.0,0.20633623003959656,52.0,0.0,128.0,57.0,69.0,19.0,1.0
33.1484746468,-117.2513450124,2016-01-16 18:53:40+00:00,Ribes,currants and gooseberries,Plantae,101.0,3.865943670272827,16.625350952148438,0.2554614543914795,90.0,0.0,128.0,54.0,67.0,20.0,1.0
33.1485055,-117.2516416667,2019-04-28 16:54:14+00:00,Ribes,currants and gooseberries,Plantae,101.0,8.471818923950195,319.5315856933594,0.2554614543914795,42.0,0.0,128.0,54.0,67.0,20.0,1.0
33.1477725366,-117.2537911032,2024-01-13 21:05:03+00:00,Ribes,currants and gooseberries,Plantae,94.0,10.17082405090332,334.4639892578125,0.24760621786117554,42.0,0.0,128.0,54.0,67.0,20.0,1.0
33.1518837175,-117.2481639489,2020-01-11 08:31:21+00:00,Ribes indecorum,White-flowering Currant,Plantae,103.0,4.792656421661377,112.71475219726562,0.16409806907176971,52.0,0.0,128.0,56.0,71.0,20.0,1.0
33.15195,-117.24813,2020-01-19 10:51:32+00:00,Ribes indecorum,White-flowering Currant,Plantae,103.0,4.792656421661377,112.71475219726562,0.16409806907176971,52.0,0.0,128.0,56.0,71.0,20.0,1.0
33.1519138333,-117.2481383333,2022-01-05 17:01:36+00:00,Ribes indecorum,White-flowering Currant,Plantae,103.0,4.792656421661377,112.71475219726562,0.16409806907176971,52.0,0.0,128.0,56.0,71.0,20.0,1.0
33.151925,-117.2481333333,2022-03-01 18:18:02+00:00,Ribes indecorum,White-flowering Currant,Plantae,103.0,4.792656421661377,112.71475219726562,0.16409806907176971,52.0,0.0,128.0,56.0,71.0,20.0,1.0
33.1518859863,-117.2481765747,2023-01-14 16:33:21+00:00,Ribes indecorum,White-flowering Currant,Plantae,103.0,4.792656421661377,112.71475219726562,0.16409806907176971,52.0,0.0,128.0,56.0,71.0,20.0,1.0
33.151925,-117.2481533333,2024-01-13 17:26:16+00:00,Ribes indecorum,White-flowering Currant,Plantae,103.0,4.792656421661377,112.71475219726562,0.16409806907176971,52.0,0.0,128.0,56.0,71.0,20.0,1.0
33.1518970197,-117.2481726296,2025-04-04 18:23:43+00:00,Ribes indecorum,White-flowering Currant,Plantae,103.0,4.792656421661377,112.71475219726562,0.16409806907176971,52.0,0.0,128.0,56.0,71.0,20.0,1.0
33.1483916667,-117.2513966667,2016-01-16 16:58:22+00:00,Ribes speciosum,Fuchsiaflower Gooseberry,Plantae,101.0,3.865943670272827,16.625350952148438,0.2554614543914795,90.0,0.0,128.0,54.0,67.0,20.0,1.0
33.148947,-117.250031,2016-01-16 18:30:20+00:00,Ribes speciosum,Fuchsiaflower Gooseberry,Plantae,98.0,4.326134204864502,129.937744140625,0.25628215074539185,52.0,0.0,128.0,54.0,69.0,20.0,1.0
33.147523,-117.254258,2016-01-16 20:02:00+00:00,Ribes speciosum,Fuchsiaflower Gooseberry,Plantae,103.0,13.689797401428223,4.552529811859131,0.20521460473537445,42.0,0.0,128.0,54.0,70.0,21.0,1.0
33.147684,-117.2525927,2017-01-21 17:20:00+00:00,Ribes speciosum,Fuchsiaflower Gooseberry,Plantae,106.0,13.511812210083008,331.1343994140625,0.21008747816085815,42.0,0.0,128.0,54.0,67.0,20.0,1.0
33.1481339451,-117.2512757778,2017-01-21 18:06:00+00:00,Ribes speciosum,Fuchsiaflower Gooseberry,Plantae,104.0,8.912068367004395,21.708744049072266,0.2164716273546219,42.0,0.0,128.0,54.0,67.0,20.0,1.0
33.1476778333,-117.2538726667,2017-01-21 20:18:00+00:00,Ribes speciosum,Fuchsiaflower Gooseberry,Plantae,95.0,8.912060737609863,21.7086181640625,0.2594638168811798,42.0,0.0,128.0,54.0,67.0,20.0,1.0
33.1477505183,-117.2538316812,2018-01-13 17:45:25+00:00,Ribes speciosum,Fuchsiaflower Gooseberry,Plantae,94.0,10.17082405090332,334.4639892578125,0.24760621786117554,42.0,0.0,128.0,54.0,67.0,20.0,1.0
33.1482790551,-117.2509141826,2018-02-27 22:55:03+00:00,Ribes speciosum,Fuchsiaflower Gooseberry,Plantae,102.0,9.36627197265625,27.960859298706055,0.24405525624752045,42.0,0.0,128.0,54.0,67.0,20.0,1.0
33.147767256,-117.2564106994,2018-02-27 23:41:26+00:00,Ribes speciosum,Fuchsiaflower Gooseberry,Plantae,93.0,11.091241836547852,279.5061340332031,0.1966995745897293,42.0,0.0,128.0,53.0,72.0,21.0,1.0
33.147675,-117.254395,2018-03-04 19:50:45+00:00,Ribes speciosum,Fuchsiaflower Gooseberry,Plantae,97.0,9.756901741027832,19.71312713623047,0.2530330419540405,42.0,0.0,128.0,54.0,70.0,21.0,1.0
33.14844167,-117.25138833,2020-01-11 17:45:29+00:00,Ribes speciosum,Fuchsiaflower Gooseberry,Plantae,101.0,3.865943670272827,16.625350952148438,0.2554614543914795,90.0,0.0,128.0,54.0,67.0,20.0,1.0
33.1477279663,-117.2537841797,2020-01-11 18:15:50+00:00,Ribes speciosum,Fuchsiaflower Gooseberry,Plantae,94.0,10.17082405090332,334.4639892578125,0.24760621786117554,42.0,0.0,128.0,54.0,67.0,20.0,1.0
33.1478,-117.2545,2021-02-16 18:03:23+00:00,Ribes speciosum,Fuchsiaflower Gooseberry,Plantae,98.0,9.195145606994629,-0.0,0.23339538276195526,42.0,0.0,128.0,54.0,70.0,21.0,1.0
33.1484666667,-117.2514,2022-03-01 20:18:38+00:00,Ribes speciosum,Fuchsiaflower Gooseberry,Plantae,101.0,3.865943670272827,16.625350952148438,0.2554614543914795,90.0,0.0,128.0,54.0,67.0,20.0,1.0
33.1481971667,-117.2510533333,2023-01-14 17:30:50+00:00,Ribes speciosum,Fuchsiaflower Gooseberry,Plantae,102.0,9.36627197265625,27.960859298706055,0.24405525624752045,42.0,0.0,128.0,54.0,67.0,20.0,1.0
33.1486545945,-117.2513723355,2023-04-25 17:16:00+00:00,Ribes speciosum,Fuchsiaflower Gooseberry,Plantae,100.0,3.8659446239471436,343.3746032714844,0.27368929982185364,90.0,0.0,128.0,54.0,67.0,20.0,1.0
33.14825,-117.2525416667,2024-01-13 20:59:44+00:00,Ribes speciosum,Fuchsiaflower Gooseberry,Plantae,94.0,6.827554702758789,341.15777587890625,0.2596748471260071,42.0,0.0,128.0,54.0,67.0,20.0,1.0
33.1481695,-117.2527,2025-03-25 17:49:45+00:00,Ribes speciosum,Fuchsiaflower Gooseberry,Plantae,94.0,6.827554702758789,341.15777587890625,0.2596748471260071,42.0,0.0,128.0,54.0,67.0,20.0,1.0
33.1497335808,-117.2490601946,2025-04-30 17:29:18+00:00,Ribes speciosum,Fuchsiaflower Gooseberry,Plantae,98.0,3.704791784286499,180.0,0.20633623003959656,52.0,0.0,128.0,57.0,69.0,19.0,1.0
33.14669999,-117.24741602,2022-01-15 18:39:15+00:00,Riccia,Crystalworts,Plantae,134.0,3.552210807800293,38.52803421020508,0.15072062611579895,52.0,0.0,128.0,54.0,71.0,18.0,1.0
33.1472695,-117.2473216667,2023-01-14 19:12:50+00:00,Riccia beyrichiana,Purple Crystalwort,Plantae,130.0,7.4597249031066895,8.49125862121582,0.1269673854112625,52.0,0.0,128.0,55.0,70.0,19.0,1.0
33.1472388333,-117.2473533333,2023-01-14 19:12:47+00:00,Riccia trichocarpa,Hairy Crystalwort,Plantae,130.0,7.4597249031066895,8.49125862121582,0.1269673854112625,52.0,0.0,128.0,55.0,70.0,19.0,1.0
33.1476838905,-117.2525927424,2024-01-13 21:12:46+00:00,Riccia trichocarpa,Hairy Crystalwort,Plantae,106.0,13.511812210083008,331.1343994140625,0.21008747816085815,42.0,0.0,128.0,54.0,67.0,20.0,1.0
33.151425,-117.25608,2023-05-10 18:53:23+00:00,Rodentia,Rodents,Mammalia,166.0,6.680820465087891,97.94364929199219,0.12498769164085388,21.0,6.0,128.0,56.0,74.0,20.0,1.0
33.1466416667,-117.2467716667,2019-04-28 16:49:25+00:00,Rosa californica,California Wild Rose,Plantae,125.0,12.306120872497559,77.13719940185547,0.15562604367733002,52.0,0.0,128.0,54.0,71.0,18.0,1.0
33.1482971667,-117.2505383333,2022-03-01 20:16:36+00:00,Rosa californica,California Wild Rose,Plantae,98.0,5.968084335327148,21.708744049072266,0.2875625193119049,90.0,0.0,128.0,54.0,67.0,20.0,1.0
33.1483195,-117.250695,2022-05-20 20:26:44+00:00,Rosa californica,California Wild Rose,Plantae,100.0,8.577668190002441,30.845129013061523,0.2653374969959259,90.0,0.0,128.0,54.0,67.0,20.0,1.0
33.1484172973,-117.250632907,2023-01-14 17:27:32+00:00,Rosa californica,California Wild Rose,Plantae,99.0,1.4444799423217773,50.06207275390625,0.2713930904865265,90.0,0.0,128.0,54.0,67.0,20.0,1.0
33.1500194444,-117.2487805556,2025-01-21 22:43:00+00:00,Rosa californica,California Wild Rose,Plantae,100.0,2.1595702171325684,149.15438842773438,0.24612712860107422,52.0,0.0,128.0,57.0,69.0,19.0,1.0
33.1500138333,-117.2488116667,2025-01-22 02:42:53+00:00,Rosa californica,California Wild Rose,Plantae,100.0,2.1595702171325684,149.15438842773438,0.24612712860107422,52.0,0.0,128.0,57.0,69.0,19.0,1.0
33.1499522548,-117.2488541343,2025-06-24 18:29:09+00:00,Rosa californica,California Wild Rose,Plantae,98.0,3.8659474849700928,163.37445068359375,0.27009475231170654,52.0,0.0,128.0,57.0,69.0,19.0,1.0
33.1500471667,-117.2488716667,2025-01-21 22:35:03+00:00,Rubus,brambles,Plantae,100.0,2.1595702171325684,149.15438842773438,0.24612712860107422,52.0,0.0,128.0,57.0,69.0,19.0,1.0
33.1500971667,-117.2490533333,2025-05-07 19:56:52+00:00,Rubus,brambles,Plantae,100.0,4.7569732666015625,166.5649871826172,0.17680978775024414,52.0,0.0,128.0,57.0,69.0,19.0,1.0
33.1475416667,-117.2569666667,2016-01-16 17:21:00+00:00,Rubus ursinus,trailing blackberry,Plantae,88.0,1.8543341159820557,180.0,0.24993914365768433,90.0,0.0,128.0,53.0,72.0,21.0,1.0
33.1474050321,-117.2569366639,2019-04-28 19:41:23+00:00,Rubus ursinus,trailing blackberry,Plantae,88.0,1.8543341159820557,180.0,0.24993914365768433,90.0,0.0,128.0,53.0,72.0,21.0,1.0
33.1484950148,-117.2520961986,2018-02-06 16:45:18+00:00,Rumex,docks and sorrels,Plantae,93.0,7.811668395996094,325.6863708496094,0.23129010200500488,90.0,0.0,128.0,54.0,67.0,20.0,1.0
33.1483910042,-117.2523451453,2019-04-28 16:34:00+00:00,Rumex,docks and sorrels,Plantae,92.0,0.0,-0.0,0.24051491916179657,42.0,0.0,128.0,54.0,67.0,20.0,1.0
33.1486,-117.2520666667,2022-03-01 20:21:05+00:00,Rumex,docks and sorrels,Plantae,93.0,7.811668395996094,325.6863708496094,0.23129010200500488,90.0,0.0,128.0,54.0,67.0,20.0,1.0
33.1499887957,-117.2487900407,2016-01-16 19:22:08+00:00,Russula,brittlegills,Fungi,98.0,3.8659474849700928,163.37445068359375,0.27009475231170654,52.0,0.0,128.0,57.0,69.0,19.0,1.0
33.1482795649,-117.2507607937,2017-01-21 17:29:00+00:00,Russula,brittlegills,Fungi,100.0,8.577668190002441,30.845129013061523,0.2653374969959259,90.0,0.0,128.0,54.0,67.0,20.0,1.0
33.1482481251,-117.250906974,2017-01-21 17:39:00+00:00,Russula,brittlegills,Fungi,102.0,9.36627197265625,27.960859298706055,0.24405525624752045,42.0,0.0,128.0,54.0,67.0,20.0,1.0
33.1479388333,-117.246995,2022-01-15 20:07:23+00:00,Russula,brittlegills,Fungi,112.0,2.992156982421875,338.29132080078125,0.14379410445690155,52.0,0.0,128.0,55.0,70.0,19.0,1.0
33.1504250566,-117.24865,2023-01-14 16:48:01+00:00,Russula,brittlegills,Fungi,98.0,3.4462242126464844,74.40666198730469,0.20796598494052887,52.0,0.0,128.0,57.0,69.0,19.0,1.0
33.1499138424,-117.2487716667,2023-01-14 16:58:22+00:00,Russula,brittlegills,Fungi,98.0,3.8659474849700928,163.37445068359375,0.27009475231170654,52.0,0.0,128.0,57.0,69.0,19.0,1.0
33.1503333333,-117.2487633333,2024-01-13 17:40:17+00:00,Russula brevipes,Short-stemmed Russula,Fungi,100.0,5.821231365203857,108.51547241210938,0.17764776945114136,52.0,0.0,128.0,57.0,69.0,19.0,1.0
33.1499461318,-117.2487902084,2016-01-16 17:22:35+00:00,Russula californiensis,,Fungi,98.0,3.8659474849700928,163.37445068359375,0.27009475231170654,52.0,0.0,128.0,57.0,69.0,19.0,1.0
33.1485237282,-117.2475699184,2022-01-15 12:08:14+00:00,Russula cremoricolor,Winter Russula,Fungi,106.0,12.786489486694336,309.93792724609375,0.22121699154376984,52.0,0.0,128.0,55.0,70.0,19.0,1.0
33.1502551302,-117.2488164569,2023-01-14 16:53:50+00:00,Russula cremoricolor,Winter Russula,Fungi,100.0,2.1595702171325684,149.15438842773438,0.24612712860107422,52.0,0.0,128.0,57.0,69.0,19.0,1.0
33.1500613997,-117.2487112997,2024-01-13 17:43:35+00:00,Russula cremoricolor,Winter Russula,Fungi,99.0,3.446214199066162,105.5933837890625,0.27243661880493164,52.0,0.0,128.0,57.0,69.0,19.0,1.0
33.1496555556,-117.2488666667,2024-01-13 17:55:00+00:00,Russula cremoricolor,Winter Russula,Fungi,98.0,3.8659474849700928,163.37445068359375,0.2799721658229828,52.0,0.0,128.0,57.0,69.0,19.0,1.0
33.1479028333,-117.2469416667,2022-01-15 12:58:11+00:00,Russula rhodocephala,Redhead Russula,Fungi,112.0,2.992156982421875,338.29132080078125,0.14379410445690155,52.0,0.0,128.0,55.0,70.0,19.0,1.0
33.14965,-117.2571633333,2023-05-10 17:30:21+00:00,Sairocarpus nuttallianus,Nuttall's Snapdragon,Plantae,168.0,2.8871474266052246,309.93756103515625,0.15018315613269806,52.0,0.0,128.0,56.0,73.0,22.0,1.0
33.1489861667,-117.25788,2023-05-10 18:07:32+00:00,Sairocarpus nuttallianus,Nuttall's Snapdragon,Plantae,168.0,5.1258063316345215,154.46363830566406,0.1667630821466446,52.0,0.0,128.0,53.0,72.0,21.0,1.0
33.1486545945,-117.2513723355,2023-04-25 18:48:00+00:00,Sairocarpus pusillus,lesser snapdragon,Plantae,100.0,3.8659446239471436,343.3746032714844,0.27368929982185364,90.0,0.0,128.0,54.0,67.0,20.0,1.0
33.149325,-117.24895,2022-03-01 20:43:23+00:00,Salix,Willows,Plantae,96.0,2.8871421813964844,129.93765258789062,0.23788827657699585,52.0,0.0,128.0,57.0,69.0,19.0,1.0
33.1486333424,-117.25035,2023-01-14 17:47:56+00:00,Salix,Willows,Plantae,99.0,0.9274099469184875,180.0,0.2747989892959595,90.0,0.0,128.0,54.0,67.0,20.0,1.0
33.1493195,-117.24897,2018-04-22 16:13:32+00:00,Salix laevigata,red willow,Plantae,96.0,2.8871421813964844,129.93765258789062,0.23788827657699585,52.0,0.0,128.0,57.0,69.0,19.0,1.0
33.146575,-117.2474283333,2022-01-15 18:34:56+00:00,Salvia,Sages,Plantae,134.0,3.552210807800293,38.52803421020508,0.15072062611579895,52.0,0.0,128.0,54.0,71.0,18.0,1.0
33.1520528333,-117.2481616667,2025-01-21 22:25:53+00:00,Salvia,Sages,Plantae,103.0,4.792656421661377,112.71475219726562,0.16409806907176971,52.0,0.0,128.0,56.0,71.0,20.0,1.0
33.14861625,-117.24765937,2016-01-16 19:00:42+00:00,Salvia apiana,white sage,Plantae,106.0,12.786489486694336,309.93792724609375,0.22121699154376984,52.0,0.0,128.0,55.0,70.0,19.0,1.0
33.1514669443,-117.2481849511,2018-02-27 22:37:35+00:00,Salvia apiana,white sage,Plantae,98.0,9.211341857910156,134.32662963867188,0.1544983685016632,52.0,0.0,128.0,56.0,71.0,20.0,1.0
33.15148997,-117.24821694,2022-01-15 16:43:09+00:00,Salvia apiana,white sage,Plantae,101.0,9.457968711853027,125.66414642333984,0.1793030947446823,52.0,0.0,128.0,56.0,71.0,20.0,1.0
33.148722332,-117.2476512754,2025-03-25 17:18:58+00:00,Salvia apiana,white sage,Plantae,101.0,11.246750831604004,317.1090087890625,0.18809106945991516,52.0,0.0,128.0,55.0,70.0,19.0,1.0
33.1500502904,-117.2494560449,2025-04-30 18:16:40+00:00,Salvia columbariae,Chia,Plantae,101.0,7.254580974578857,152.8927764892578,0.15529900789260864,52.0,0.0,128.0,57.0,69.0,19.0,1.0
33.1519805556,-117.2485166667,2025-05-12 20:36:22+00:00,Salvia columbariae,Chia,Plantae,107.0,7.762155055999756,83.17963409423828,0.14814066886901855,52.0,0.0,128.0,56.0,71.0,20.0,1.0
33.1484661391,-117.2475039215,2016-01-16 17:57:50+00:00,Salvia mellifera,black sage,Plantae,106.0,12.786489486694336,309.93792724609375,0.22121699154376984,52.0,0.0,128.0,55.0,70.0,19.0,1.0
33.147994205,-117.2469681501,2017-01-21 19:53:00+00:00,Salvia mellifera,black sage,Plantae,112.0,2.992156982421875,338.29132080078125,0.14379410445690155,52.0,0.0,128.0,55.0,70.0,19.0,1.0
33.1521319072,-117.2483754051,2019-04-28 14:43:00+00:00,Salvia mellifera,black sage,Plantae,104.0,4.517909049987793,101.8216781616211,0.16362841427326202,52.0,0.0,128.0,56.0,71.0,20.0,1.0
33.1463394165,-117.247505188,2020-01-11 10:11:58+00:00,Salvia mellifera,black sage,Plantae,135.0,4.7923994064331055,67.28395080566406,0.1399560421705246,52.0,0.0,128.0,54.0,71.0,18.0,1.0
33.1481281098,-117.2469469039,2020-01-11 18:55:50+00:00,Salvia mellifera,black sage,Plantae,113.0,2.2144412994384766,270.0,0.14765606820583344,52.0,0.0,128.0,55.0,70.0,19.0,1.0
33.1484,-117.2474583333,2022-01-15 03:59:39+00:00,Salvia mellifera,black sage,Plantae,106.0,12.786489486694336,309.93792724609375,0.22121699154376984,52.0,0.0,128.0,55.0,70.0,19.0,1.0
33.1484702536,-117.2474319181,2022-01-15 18:08:39+00:00,Salvia mellifera,black sage,Plantae,106.0,12.786489486694336,309.93792724609375,0.22121699154376984,52.0,0.0,128.0,55.0,70.0,19.0,1.0
33.1484555,-117.24738,2022-03-01 19:09:02+00:00,Salvia mellifera,black sage,Plantae,110.0,9.21119499206543,314.3275146484375,0.21096768975257874,52.0,0.0,128.0,55.0,70.0,19.0,1.0
33.1468638333,-117.247425,2022-03-01 19:17:43+00:00,Salvia mellifera,black sage,Plantae,132.0,5.6556878089904785,348.74188232421875,0.14556923508644104,52.0,0.0,128.0,54.0,71.0,18.0,1.0
33.148490434,-117.247554143,2023-01-14 18:56:25+00:00,Salvia mellifera,black sage,Plantae,106.0,12.786489486694336,309.93792724609375,0.22121699154376984,52.0,0.0,128.0,55.0,70.0,19.0,1.0
33.1465719177,-117.2475273858,2023-01-14 19:08:25+00:00,Salvia mellifera,black sage,Plantae,134.0,3.552210807800293,38.52803421020508,0.15072062611579895,52.0,0.0,128.0,54.0,71.0,18.0,1.0
33.1486545945,-117.2513723355,2023-04-25 18:21:00+00:00,Salvia mellifera,black sage,Plantae,100.0,3.8659446239471436,343.3746032714844,0.27368929982185364,90.0,0.0,128.0,54.0,67.0,20.0,1.0
33.15197759,-117.24819371,2024-01-13 17:27:26+00:00,Salvia mellifera,black sage,Plantae,103.0,4.792656421661377,112.71475219726562,0.16409806907176971,52.0,0.0,128.0,56.0,71.0,20.0,1.0
33.1481083333,-117.2469866667,2024-01-13 18:52:18+00:00,Salvia mellifera,black sage,Plantae,113.0,2.2144412994384766,270.0,0.14765606820583344,52.0,0.0,128.0,55.0,70.0,19.0,1.0
33.1482150385,-117.2469113275,2024-01-13 20:52:00+00:00,Salvia mellifera,black sage,Plantae,113.0,2.2144412994384766,270.0,0.14765606820583344,52.0,0.0,128.0,55.0,70.0,19.0,1.0
33.15205,-117.2481466667,2025-01-21 22:25:38+00:00,Salvia mellifera,black sage,Plantae,103.0,4.792656421661377,112.71475219726562,0.16409806907176971,52.0,0.0,128.0,56.0,71.0,20.0,1.0
33.1476388333,-117.2471166667,2025-02-08 18:44:35+00:00,Salvia mellifera,black sage,Plantae,116.0,10.096575736999512,-0.0,0.14230774343013763,52.0,0.0,128.0,55.0,70.0,19.0,1.0
33.1487096316,-117.2522358982,2025-03-25 22:19:13+00:00,Salvia mellifera,black sage,Plantae,93.0,3.8659446239471436,163.37460327148438,0.25765109062194824,90.0,0.0,128.0,54.0,67.0,20.0,1.0
33.1507878006,-117.2485338058,2025-04-04 18:59:07+00:00,Salvia mellifera,black sage,Plantae,98.0,8.182602882385254,109.73878479003906,0.157515287399292,52.0,0.0,128.0,57.0,69.0,19.0,1.0
33.1484965687,-117.2474229229,2025-04-09 18:36:25+00:00,Salvia mellifera,black sage,Plantae,106.0,12.786489486694336,309.93792724609375,0.22121699154376984,52.0,0.0,128.0,55.0,70.0,19.0,1.0
33.1500203289,-117.2494598382,2025-04-30 18:13:38+00:00,Salvia mellifera,black sage,Plantae,101.0,7.254580974578857,152.8927764892578,0.15529900789260864,52.0,0.0,128.0,57.0,69.0,19.0,1.0
33.1497335808,-117.2490601946,2025-04-30 17:35:56+00:00,Sanicula,sanicles,Plantae,98.0,3.704791784286499,180.0,0.20633623003959656,52.0,0.0,128.0,57.0,69.0,19.0,1.0
33.1486545945,-117.2513723355,2023-04-25 18:21:00+00:00,Sanicula arguta,Sharp-toothed Sanicle,Plantae,100.0,3.8659446239471436,343.3746032714844,0.27368929982185364,90.0,0.0,128.0,54.0,67.0,20.0,1.0
33.14840946,-117.24719192,2022-01-15 19:10:25+00:00,Sanicula crassicaulis,Pacific Sanicle,Plantae,110.0,9.21119499206543,314.3275146484375,0.21096768975257874,52.0,0.0,128.0,55.0,70.0,19.0,1.0
33.1484555,-117.24743,2022-03-01 19:59:37+00:00,Sanicula crassicaulis,Pacific Sanicle,Plantae,106.0,12.786489486694336,309.93792724609375,0.22121699154376984,52.0,0.0,128.0,55.0,70.0,19.0,1.0
33.148510341,-117.247685302,2023-01-14 18:55:30+00:00,Sanicula crassicaulis,Pacific Sanicle,Plantae,101.0,12.60735034942627,322.76300048828125,0.19933944940567017,52.0,0.0,128.0,55.0,70.0,19.0,1.0
33.1488628997,-117.2490724997,2026-01-17 18:00:12+00:00,Sassacus vitis,Buttonhook Leafbeetle Jumping Spider,Arachnida,98.0,3.8659446239471436,16.62540054321289,0.1719782054424286,52.0,0.0,128.0,54.0,69.0,20.0,1.0
33.1489037363,-117.2487604623,2024-01-13 20:25:33+00:00,Sayornis nigricans,Black Phoebe,Aves,97.0,1.107641339302063,90.0,0.15507586300373077,21.0,1.0,128.0,54.0,69.0,20.0,1.0
33.1498403171,-117.2539043433,2025-12-01 18:52:00+00:00,Sayornis nigricans,Black Phoebe,Aves,132.0,19.965635299682617,212.15464782714844,0.15659429132938385,52.0,0.0,128.0,56.0,70.0,20.0,1.0
33.1486008021,-117.248665988,2017-01-21 20:45:00+00:00,Sayornis saya,Say's Phoebe,Aves,97.0,2.8871259689331055,309.93792724609375,0.16232718527317047,52.0,0.0,128.0,54.0,69.0,20.0,1.0
33.1487190057,-117.2486245783,2024-01-13 20:01:00+00:00,Sayornis saya,Say's Phoebe,Aves,97.0,0.9274099469184875,-0.0,0.16170455515384674,71.0,0.0,128.0,54.0,69.0,20.0,1.0
33.1474736898,-117.250417959,2019-05-21 22:32:10+00:00,Sceloporus occidentalis,Western Fence Lizard,Reptilia,124.0,19.263280868530273,45.988529205322266,0.18188153207302094,52.0,0.0,128.0,54.0,67.0,20.0,1.0
33.1488659722,-117.2488019722,2025-04-09 20:40:07+00:00,Sceloporus occidentalis,Western Fence Lizard,Reptilia,97.0,1.107641339302063,90.0,0.15507586300373077,21.0,1.0,128.0,54.0,69.0,20.0,1.0
33.1498403171,-117.2539043433,2025-12-01 19:54:00+00:00,Sceloporus occidentalis,Western Fence Lizard,Reptilia,132.0,19.965635299682617,212.15464782714844,0.15659429132938385,52.0,0.0,128.0,56.0,70.0,20.0,1.0
33.1487805,-117.2488533333,2022-03-01 18:42:13+00:00,Schismus barbatus,common Mediterranean grass,Plantae,97.0,1.107641339302063,90.0,0.15507586300373077,21.0,1.0,128.0,54.0,69.0,20.0,1.0
33.148025,-117.25313667,2020-01-11 10:01:04+00:00,Schizophyllum,,Fungi,98.0,9.917640686035156,326.43414306640625,0.23904162645339966,90.0,0.0,128.0,54.0,67.0,20.0,1.0
33.1483559722,-117.251203,2024-01-13 20:52:59+00:00,Schizophyllum,,Fungi,104.0,8.912068367004395,21.708744049072266,0.2164716273546219,42.0,0.0,128.0,54.0,67.0,20.0,1.0
33.1480528333,-117.2532116667,2019-04-28 17:07:36+00:00,Schizophyllum commune,splitgill mushroom,Fungi,98.0,9.917640686035156,326.43414306640625,0.23904162645339966,90.0,0.0,128.0,54.0,67.0,20.0,1.0
33.1485445,-117.251495,2021-02-16 17:23:55+00:00,Schizophyllum commune,splitgill mushroom,Fungi,101.0,8.471818923950195,319.5315856933594,0.2554614543914795,42.0,0.0,128.0,54.0,67.0,20.0,1.0
33.1484111667,-117.2514116667,2022-01-15 20:07:17+00:00,Schizophyllum commune,splitgill mushroom,Fungi,101.0,3.865943670272827,16.625350952148438,0.2554614543914795,90.0,0.0,128.0,54.0,67.0,20.0,1.0
33.1483471667,-117.2511,2024-01-05 18:35:40+00:00,Schizophyllum commune,splitgill mushroom,Fungi,102.0,9.36627197265625,27.960859298706055,0.24405525624752045,42.0,0.0,128.0,54.0,67.0,20.0,1.0
33.1484566383,-117.2507082467,2024-01-13 18:44:35+00:00,Schizophyllum commune,splitgill mushroom,Fungi,99.0,1.4444799423217773,50.06207275390625,0.2713930904865265,90.0,0.0,128.0,54.0,67.0,20.0,1.0
33.1484583333,-117.25135,2024-01-13 20:20:00+00:00,Schizophyllum commune,splitgill mushroom,Fungi,101.0,3.865943670272827,16.625350952148438,0.2554614543914795,90.0,0.0,128.0,54.0,67.0,20.0,1.0
33.1483195,-117.2511533333,2024-01-13 20:47:18+00:00,Schizophyllum commune,splitgill mushroom,Fungi,102.0,9.36627197265625,27.960859298706055,0.24405525624752045,42.0,0.0,128.0,54.0,67.0,20.0,1.0
33.148487073,-117.2514513284,2025-02-08 20:11:39+00:00,Schizophyllum commune,splitgill mushroom,Fungi,101.0,8.471818923950195,319.5315856933594,0.2554614543914795,42.0,0.0,128.0,54.0,67.0,20.0,1.0
33.1483,-117.2509194444,2026-01-11 19:09:00+00:00,Schizophyllum commune,splitgill mushroom,Fungi,102.0,9.36627197265625,27.960859298706055,0.24405525624752045,42.0,0.0,128.0,54.0,67.0,20.0,1.0
33.1518055,-117.2481466667,2022-03-01 18:24:19+00:00,Scrophularia californica,California beeplant,Plantae,101.0,7.186158180236816,129.93695068359375,0.1710846722126007,52.0,0.0,128.0,56.0,71.0,20.0,1.0
33.1503855366,-117.2495023512,2025-04-30 18:35:10+00:00,Scrophularia californica,California beeplant,Plantae,105.0,7.2545857429504395,152.8927001953125,0.14761678874492645,52.0,0.0,128.0,57.0,69.0,19.0,1.0
33.1511349141,-117.2484721271,2019-04-28 15:02:00+00:00,Selaginella cinerascens,Ashy Spikemoss,Plantae,102.0,9.519092559814453,112.71495056152344,0.15394078195095062,52.0,0.0,128.0,57.0,69.0,19.0,1.0
33.151225,-117.2483616667,2022-03-01 18:26:36+00:00,Selaginella cinerascens,Ashy Spikemoss,Plantae,97.0,10.35069751739502,122.12567138671875,0.14794552326202393,52.0,0.0,128.0,57.0,69.0,19.0,1.0
33.1494778333,-117.257675,2023-05-10 17:35:27+00:00,Selaginella cinerascens,Ashy Spikemoss,Plantae,169.0,4.5177998542785645,101.82196807861328,0.16382937133312225,52.0,0.0,128.0,56.0,73.0,22.0,1.0
33.1519055,-117.2480866667,2025-01-21 22:27:16+00:00,Setophaga coronata,Yellow-rumped Warbler,Aves,103.0,4.792656421661377,112.71475219726562,0.16409806907176971,52.0,0.0,128.0,56.0,71.0,20.0,1.0
33.1487888333,-117.2487033333,2019-03-12 22:40:41+00:00,Sialia mexicana,Western Bluebird,Aves,97.0,0.9274099469184875,-0.0,0.16170455515384674,71.0,0.0,128.0,54.0,69.0,20.0,1.0
33.1486545945,-117.2513723355,2023-04-25 16:54:00+00:00,Sialia mexicana,Western Bluebird,Aves,100.0,3.8659446239471436,343.3746032714844,0.27368929982185364,90.0,0.0,128.0,54.0,67.0,20.0,1.0
33.1486545945,-117.2513723355,2023-04-25 20:38:00+00:00,Sialia mexicana,Western Bluebird,Aves,100.0,3.8659446239471436,343.3746032714844,0.27368929982185364,90.0,0.0,128.0,54.0,67.0,20.0,1.0
33.1507728197,-117.2461608052,2025-05-25 17:05:46+00:00,Sidalcea,Checkerblooms,Plantae,105.0,10.350651741027832,302.1258239746094,0.21653762459754944,52.0,0.0,128.0,55.0,72.0,21.0,1.0
33.1486545945,-117.2513723355,2023-04-25 17:25:00+00:00,Sidalcea malviflora,checkerbloom,Plantae,100.0,3.8659446239471436,343.3746032714844,0.27368929982185364,90.0,0.0,128.0,54.0,67.0,20.0,1.0
33.1486545945,-117.2513723355,2023-04-25 18:17:00+00:00,Sidalcea malviflora,checkerbloom,Plantae,100.0,3.8659446239471436,343.3746032714844,0.27368929982185364,90.0,0.0,128.0,54.0,67.0,20.0,1.0
33.1485452968,-117.2480173162,2025-04-09 18:13:07+00:00,Sidalcea malviflora,checkerbloom,Plantae,99.0,8.076262474060059,335.8727722167969,0.19933944940567017,52.0,0.0,128.0,54.0,69.0,20.0,1.0
33.1482332167,-117.2524901392,2019-04-28 16:02:00+00:00,Sidalcea sparsifolia,Southern Checkerbloom,Plantae,96.0,13.511831283569336,331.1342468261719,0.22770389914512634,42.0,0.0,128.0,54.0,67.0,20.0,1.0
33.1483528333,-117.2525116667,2019-04-28 17:32:10+00:00,Sidalcea sparsifolia,Southern Checkerbloom,Plantae,96.0,13.511831283569336,331.1342468261719,0.22770389914512634,42.0,0.0,128.0,54.0,67.0,20.0,1.0
33.1482691225,-117.2524802574,2019-04-28 17:39:35+00:00,Sidalcea sparsifolia,Southern Checkerbloom,Plantae,96.0,13.511831283569336,331.1342468261719,0.22770389914512634,42.0,0.0,128.0,54.0,67.0,20.0,1.0
33.1484528333,-117.252255,2022-03-01 20:26:00+00:00,Sidalcea sparsifolia,Southern Checkerbloom,Plantae,92.0,0.0,-0.0,0.24051491916179657,42.0,0.0,128.0,54.0,67.0,20.0,1.0
33.1484945,-117.247855,2025-05-07 19:30:58+00:00,Sidalcea sparsifolia,Southern Checkerbloom,Plantae,101.0,12.60735034942627,322.76300048828125,0.19933944940567017,52.0,0.0,128.0,55.0,70.0,19.0,1.0
33.1484,-117.25235,2025-06-20 17:57:50+00:00,Sidalcea sparsifolia,Southern Checkerbloom,Plantae,92.0,0.0,-0.0,0.24051491916179657,42.0,0.0,128.0,54.0,67.0,20.0,1.0
33.1487885909,-117.2489432619,2019-04-28 16:44:33+00:00,Silene gallica,Small-flowered Catchfly,Plantae,97.0,1.107641339302063,90.0,0.15507586300373077,21.0,1.0,128.0,54.0,69.0,20.0,1.0
33.1486545945,-117.2513723355,2023-04-25 17:20:00+00:00,Silene gallica,Small-flowered Catchfly,Plantae,100.0,3.8659446239471436,343.3746032714844,0.27368929982185364,90.0,0.0,128.0,54.0,67.0,20.0,1.0
33.1485611807,-117.2496441177,2025-04-30 16:24:44+00:00,Silene gallica,Small-flowered Catchfly,Plantae,100.0,5.9680867195129395,338.29119873046875,0.2425835132598877,52.0,0.0,128.0,54.0,69.0,20.0,1.0
33.1519230455,-117.2483020463,2019-04-28 16:03:12+00:00,Silene laciniata,cardinal catchfly,Plantae,104.0,4.517909049987793,101.8216781616211,0.16362841427326202,52.0,0.0,128.0,56.0,71.0,20.0,1.0
33.1517878421,-117.2497180849,2025-05-25 20:44:29+00:00,Silene laciniata,cardinal catchfly,Plantae,123.0,8.471940994262695,139.5305938720703,0.1467342972755432,52.0,0.0,128.0,56.0,71.0,20.0,1.0
33.147684,-117.2525927,2018-02-13 12:24:00+00:00,Silybum marianum,milk thistle,Plantae,106.0,13.511812210083008,331.1343994140625,0.21008747816085815,42.0,0.0,128.0,54.0,67.0,20.0,1.0
33.1482333333,-117.2493833333,2024-01-13 19:42:54+00:00,Silybum marianum,milk thistle,Plantae,106.0,8.571905136108398,14.864535331726074,0.17550188302993774,52.0,0.0,128.0,54.0,69.0,20.0,1.0
33.1484666667,-117.252145,2018-04-22 16:44:16+00:00,Sisyrinchium bellum,western blue-eyed grass,Plantae,93.0,7.811668395996094,325.6863708496094,0.23129010200500488,90.0,0.0,128.0,54.0,67.0,20.0,1.0
33.1486364594,-117.2521008087,2019-04-28 17:01:47+00:00,Sisyrinchium bellum,western blue-eyed grass,Plantae,93.0,7.811668395996094,325.6863708496094,0.23129010200500488,90.0,0.0,128.0,54.0,67.0,20.0,1.0
33.1483043459,-117.2520143141,2019-04-28 17:41:37+00:00,Sisyrinchium bellum,western blue-eyed grass,Plantae,100.0,15.535239219665527,330.86578369140625,0.2119893580675125,42.0,0.0,128.0,54.0,67.0,20.0,1.0
33.15020933,-117.24877959,2019-04-28 18:02:00+00:00,Sisyrinchium bellum,western blue-eyed grass,Plantae,100.0,2.1595702171325684,149.15438842773438,0.24612712860107422,52.0,0.0,128.0,57.0,69.0,19.0,1.0
33.1485666667,-117.2521833333,2022-04-28 21:51:48+00:00,Sisyrinchium bellum,western blue-eyed grass,Plantae,93.0,7.811668395996094,325.6863708496094,0.23129010200500488,90.0,0.0,128.0,54.0,67.0,20.0,1.0
33.1486545945,-117.2513723355,2023-04-25 18:01:00+00:00,Sisyrinchium bellum,western blue-eyed grass,Plantae,100.0,3.8659446239471436,343.3746032714844,0.27368929982185364,90.0,0.0,128.0,54.0,67.0,20.0,1.0
33.1486940249,-117.252173561,2025-03-25 18:07:55+00:00,Sisyrinchium bellum,western blue-eyed grass,Plantae,93.0,3.8659446239471436,163.37460327148438,0.25765109062194824,90.0,0.0,128.0,54.0,67.0,20.0,1.0
33.1487555556,-117.2522083333,2025-05-12 20:14:49+00:00,Sisyrinchium bellum,western blue-eyed grass,Plantae,93.0,3.8659446239471436,163.37460327148438,0.25765109062194824,90.0,0.0,128.0,54.0,67.0,20.0,1.0
33.1484638333,-117.24748,2022-03-01 19:08:48+00:00,Solanum parishii,Parish's nightshade,Plantae,106.0,12.786489486694336,309.93792724609375,0.22121699154376984,52.0,0.0,128.0,55.0,70.0,19.0,1.0
33.148425,-117.2474583333,2023-01-14 19:56:18+00:00,Solanum parishii,Parish's nightshade,Plantae,106.0,12.786489486694336,309.93792724609375,0.22121699154376984,52.0,0.0,128.0,55.0,70.0,19.0,1.0
33.1486545945,-117.2513723355,2023-04-25 17:14:00+00:00,Solanum parishii,Parish's nightshade,Plantae,100.0,3.8659446239471436,343.3746032714844,0.27368929982185364,90.0,0.0,128.0,54.0,67.0,20.0,1.0
33.1498403171,-117.2539043433,2025-12-01 20:13:00+00:00,Solanum parishii,Parish's nightshade,Plantae,132.0,19.965635299682617,212.15464782714844,0.15659429132938385,52.0,0.0,128.0,56.0,70.0,20.0,1.0
33.1495528333,-117.2573783333,2023-05-10 17:33:55+00:00,Solanum umbelliferum,,Plantae,167.0,1.444490671157837,50.06243133544922,0.15927951037883759,52.0,0.0,128.0,56.0,73.0,22.0,1.0
33.148423651,-117.2474418394,2024-01-13 18:42:45+00:00,Solanum umbelliferum,,Plantae,106.0,12.786489486694336,309.93792724609375,0.22121699154376984,52.0,0.0,128.0,55.0,70.0,19.0,1.0
33.1509745846,-117.2484592248,2019-04-28 16:03:50+00:00,Squamata,Snakes and Lizards,Reptilia,95.0,8.980216979980469,101.82182312011719,0.14251016080379486,71.0,0.0,128.0,57.0,69.0,19.0,1.0
33.148493087,-117.2522277107,2019-04-28 17:18:41+00:00,Stachys,Hedgenettles,Plantae,93.0,7.811668395996094,325.6863708496094,0.23129010200500488,90.0,0.0,128.0,54.0,67.0,20.0,1.0
33.14845104,-117.25189295,2019-04-28 17:03:34+00:00,Stachys ajugoides,Bugle Hedgenettle,Plantae,96.0,11.405220031738281,309.93792724609375,0.24799086153507233,90.0,0.0,128.0,54.0,67.0,20.0,1.0
33.1483140411,-117.2524380141,2019-04-28 16:00:00+00:00,Stachys rigida,Rough Hedgenettle,Plantae,96.0,13.511831283569336,331.1342468261719,0.22770389914512634,42.0,0.0,128.0,54.0,67.0,20.0,1.0
33.1484861667,-117.2522133333,2019-04-28 17:01:06+00:00,Stachys rigida,Rough Hedgenettle,Plantae,93.0,7.811668395996094,325.6863708496094,0.23129010200500488,90.0,0.0,128.0,54.0,67.0,20.0,1.0
33.1485199929,-117.252240535,2019-04-28 17:43:24+00:00,Stachys rigida,Rough Hedgenettle,Plantae,93.0,7.811668395996094,325.6863708496094,0.23129010200500488,90.0,0.0,128.0,54.0,67.0,20.0,1.0
33.1483849699,-117.2523874092,2025-04-30 19:26:23+00:00,Stachys rigida,Rough Hedgenettle,Plantae,92.0,0.0,-0.0,0.24051491916179657,42.0,0.0,128.0,54.0,67.0,20.0,1.0
33.1484805,-117.2486633333,2024-11-01 18:18:16+00:00,Stagmomantis,,Insecta,97.0,2.8871259689331055,309.93792724609375,0.16232718527317047,52.0,0.0,128.0,54.0,69.0,20.0,1.0
33.1483638889,-117.2485583333,2024-11-01 18:17:26+00:00,Stagmomantis limbata,Arizona Mantis,Insecta,99.0,7.6970014572143555,343.37469482421875,0.20153459906578064,52.0,0.0,128.0,54.0,69.0,20.0,1.0
33.148659,-117.248694,2025-04-09 19:05:48+00:00,Steatoda grossa,False Black Widow,Arachnida,97.0,0.9274099469184875,-0.0,0.16170455515384674,71.0,0.0,128.0,54.0,69.0,20.0,1.0
33.1485888333,-117.248475,2025-11-26 22:50:52+00:00,Steatoda nobilis,Noble False Widow,Arachnida,97.0,2.8871259689331055,309.93792724609375,0.16232718527317047,52.0,0.0,128.0,54.0,69.0,20.0,1.0
33.147684,-117.2525927,2018-02-13 12:44:00+00:00,Stellaria,chickweeds,Plantae,106.0,13.511812210083008,331.1343994140625,0.21008747816085815,42.0,0.0,128.0,54.0,67.0,20.0,1.0
33.1478195,-117.25357,2019-04-28 17:09:43+00:00,Stellaria,chickweeds,Plantae,99.0,13.980667114257812,315.6603698730469,0.2352239340543747,42.0,0.0,128.0,54.0,67.0,20.0,1.0
33.14878333,-117.24911333,2020-01-11 12:43:13+00:00,Stellaria,chickweeds,Plantae,98.0,3.8659446239471436,16.62540054321289,0.1719782054424286,52.0,0.0,128.0,54.0,69.0,20.0,1.0
33.147775,-117.2536616667,2025-03-25 17:55:11+00:00,Stellaria,chickweeds,Plantae,94.0,10.17082405090332,334.4639892578125,0.24760621786117554,42.0,0.0,128.0,54.0,67.0,20.0,1.0
33.1497945,-117.2488866667,2026-01-11 19:17:11+00:00,Stemonitis,Chocolate Tube Slimes,Protozoa,98.0,3.8659474849700928,163.37445068359375,0.27009475231170654,52.0,0.0,128.0,57.0,69.0,19.0,1.0
33.1512945,-117.2483366667,2023-07-21 19:37:43+00:00,Stephanomeria diegensis,San Diego Wirelettuce,Plantae,97.0,10.35069751739502,122.12567138671875,0.14794552326202393,52.0,0.0,128.0,57.0,69.0,19.0,1.0
33.1476838905,-117.2525927424,2024-01-13 21:30:25+00:00,Stephanomeria diegensis,San Diego Wirelettuce,Plantae,106.0,13.511812210083008,331.1343994140625,0.21008747816085815,42.0,0.0,128.0,54.0,67.0,20.0,1.0
33.1516888333,-117.2482133333,2025-06-20 18:22:12+00:00,Stephanomeria diegensis,San Diego Wirelettuce,Plantae,103.0,7.168145179748535,112.7148208618164,0.20088331401348114,52.0,0.0,128.0,56.0,71.0,20.0,1.0
33.148525,-117.2488333333,2025-11-26 22:42:31+00:00,Stephanomeria diegensis,San Diego Wirelettuce,Plantae,96.0,3.800394058227539,60.8310546875,0.16123145818710327,71.0,0.0,128.0,54.0,69.0,20.0,1.0
33.1479,-117.253355,2022-01-15 20:21:37+00:00,Stereum,,Fungi,95.0,7.185986518859863,309.9381103515625,0.25315871834754944,42.0,0.0,128.0,54.0,67.0,20.0,1.0
33.1487416667,-117.2499916667,2023-01-14 19:15:11+00:00,Stereum,,Fungi,97.0,2.400456190109253,67.28453826904297,0.2485531121492386,90.0,0.0,128.0,54.0,69.0,20.0,1.0
33.1483166667,-117.251,2024-01-18 17:02:48+00:00,Stereum,,Fungi,102.0,9.36627197265625,27.960859298706055,0.24405525624752045,42.0,0.0,128.0,54.0,67.0,20.0,1.0
33.147684,-117.2525927,2025-02-08 19:59:00+00:00,Stereum,,Fungi,106.0,13.511812210083008,331.1343994140625,0.21008747816085815,42.0,0.0,128.0,54.0,67.0,20.0,1.0
33.1480168174,-117.2555780411,2017-01-21 16:45:00+00:00,Stereum hirsutum,hairy curtain crust,Fungi,95.0,0.9274099469184875,-0.0,0.2526199221611023,90.0,0.0,128.0,54.0,70.0,21.0,1.0
33.1480796972,-117.2545802593,2017-01-21 18:18:00+00:00,Stereum hirsutum,hairy curtain crust,Fungi,93.0,4.756967544555664,346.5652770996094,0.2838176190853119,90.0,0.0,128.0,54.0,70.0,21.0,1.0
33.1480102539,-117.2551193237,2017-01-21 18:23:28+00:00,Stereum hirsutum,hairy curtain crust,Fungi,94.0,4.968292713165283,41.85330581665039,0.29769620299339294,90.0,0.0,128.0,54.0,70.0,21.0,1.0
33.1479097903,-117.2559134011,2022-12-30 19:17:49+00:00,Stereum hirsutum,hairy curtain crust,Fungi,95.0,3.552232503890991,38.52847671508789,0.26213374733924866,42.0,0.0,128.0,54.0,70.0,21.0,1.0
33.1483583333,-117.2512666667,2023-01-14 17:37:24+00:00,Stereum hirsutum,hairy curtain crust,Fungi,104.0,8.912068367004395,21.708744049072266,0.2164716273546219,42.0,0.0,128.0,54.0,67.0,20.0,1.0
33.1484333333,-117.2504666667,2023-01-14 17:52:07+00:00,Stereum hirsutum,hairy curtain crust,Fungi,99.0,1.8543341159820557,180.0,0.27761217951774597,90.0,0.0,128.0,54.0,67.0,20.0,1.0
33.1484611667,-117.2514333333,2024-01-05 18:48:06+00:00,Stereum hirsutum,hairy curtain crust,Fungi,101.0,3.865943670272827,16.625350952148438,0.2554614543914795,90.0,0.0,128.0,54.0,67.0,20.0,1.0
33.1484527778,-117.2513722222,2024-01-13 20:23:00+00:00,Stereum hirsutum,hairy curtain crust,Fungi,101.0,3.865943670272827,16.625350952148438,0.2554614543914795,90.0,0.0,128.0,54.0,67.0,20.0,1.0
33.1484221667,-117.2514283333,2025-02-08 20:14:14+00:00,Stereum hirsutum,hairy curtain crust,Fungi,101.0,3.865943670272827,16.625350952148438,0.2554614543914795,90.0,0.0,128.0,54.0,67.0,20.0,1.0
33.1478528333,-117.2554466667,2025-02-08 20:37:47+00:00,Stereum hirsutum,hairy curtain crust,Fungi,95.0,2.159557580947876,30.845048904418945,0.2745751142501831,90.0,0.0,128.0,54.0,70.0,21.0,1.0
33.1485194444,-117.2511805556,2026-01-11 19:18:00+00:00,Stereum hirsutum,hairy curtain crust,Fungi,101.0,3.865943670272827,16.625350952148438,0.2554614543914795,90.0,0.0,128.0,54.0,67.0,20.0,1.0
33.1483305,-117.2509783333,2024-01-05 18:33:15+00:00,Stereum ochraceoflavum,,Fungi,102.0,9.36627197265625,27.960859298706055,0.24405525624752045,42.0,0.0,128.0,54.0,67.0,20.0,1.0
33.1483922527,-117.2525320576,2019-04-28 17:43:44+00:00,Stipeae,needlegrasses and allies,Plantae,93.0,4.968306541442871,138.14651489257812,0.26417580246925354,90.0,0.0,128.0,54.0,67.0,20.0,1.0
33.14965,-117.248825,2024-01-05 18:19:14+00:00,Suillellus amygdalinus,Liver Bolete,Fungi,98.0,3.8659474849700928,163.37445068359375,0.2799721658229828,52.0,0.0,128.0,57.0,69.0,19.0,1.0
33.1496278333,-117.2489,2024-01-13 17:47:33+00:00,Suillellus amygdalinus,Liver Bolete,Fungi,98.0,3.8659474849700928,163.37445068359375,0.2799721658229828,52.0,0.0,128.0,57.0,69.0,19.0,1.0
33.1469345093,-117.2477264404,2025-04-23 19:25:04+00:00,Symphoricarpos mollis,creeping snowberry,Plantae,131.0,9.259368896484375,6.810894966125488,0.15875409543514252,52.0,0.0,128.0,54.0,71.0,18.0,1.0
33.1459721667,-117.2480466667,2023-01-14 19:22:34+00:00,Targionia hypophylla,Orobus-seed Liverwort,Plantae,143.0,8.18224048614502,70.26029968261719,0.14284005761146545,52.0,0.0,128.0,55.0,71.0,20.0,1.0
33.1482527778,-117.2525527778,2024-01-13 20:59:00+00:00,Tephroleuci,Hygrophorus sect. Tephroleuci,Fungi,94.0,6.827554702758789,341.15777587890625,0.2596748471260071,42.0,0.0,128.0,54.0,67.0,20.0,1.0
33.14814393,-117.25081448,2022-01-15 19:14:49+00:00,Thalictroideae,Columbines and Meadow-Rues,Plantae,100.0,8.577668190002441,30.845129013061523,0.2653374969959259,90.0,0.0,128.0,54.0,67.0,20.0,1.0
33.1477166667,-117.2542583333,2022-01-15 20:24:17+00:00,Thalictrum,meadow-rues,Plantae,97.0,9.756901741027832,19.71312713623047,0.2530330419540405,42.0,0.0,128.0,54.0,70.0,21.0,1.0
33.1482502213,-117.2508726922,2018-02-27 22:54:32+00:00,Thalictrum fendleri,Fendler's Meadow-rue,Plantae,100.0,8.577668190002441,30.845129013061523,0.2653374969959259,90.0,0.0,128.0,54.0,67.0,20.0,1.0
33.147684,-117.2525927,2018-04-22 15:56:00+00:00,Thalictrum fendleri,Fendler's Meadow-rue,Plantae,106.0,13.511812210083008,331.1343994140625,0.21008747816085815,42.0,0.0,128.0,54.0,67.0,20.0,1.0
33.1482611667,-117.2509466667,2018-04-22 16:32:31+00:00,Thalictrum fendleri,Fendler's Meadow-rue,Plantae,102.0,9.36627197265625,27.960859298706055,0.24405525624752045,42.0,0.0,128.0,54.0,67.0,20.0,1.0
33.147606114,-117.2543925048,2019-04-01 19:53:53+00:00,Thalictrum fendleri,Fendler's Meadow-rue,Plantae,97.0,9.756901741027832,19.71312713623047,0.2530330419540405,42.0,0.0,128.0,54.0,70.0,21.0,1.0
33.1477305,-117.2546383333,2019-04-28 17:17:56+00:00,Thalictrum fendleri,Fendler's Meadow-rue,Plantae,98.0,9.195145606994629,-0.0,0.23339538276195526,42.0,0.0,128.0,54.0,70.0,21.0,1.0
33.1476550224,-117.2542683688,2019-04-28 17:27:08+00:00,Thalictrum fendleri,Fendler's Meadow-rue,Plantae,97.0,9.756901741027832,19.71312713623047,0.2530330419540405,42.0,0.0,128.0,54.0,70.0,21.0,1.0
33.1482195,-117.2508383333,2022-01-15 20:01:52+00:00,Thalictrum fendleri,Fendler's Meadow-rue,Plantae,100.0,8.577668190002441,30.845129013061523,0.2653374969959259,90.0,0.0,128.0,54.0,67.0,20.0,1.0
33.1482666667,-117.2508533333,2022-03-01 20:17:25+00:00,Thalictrum fendleri,Fendler's Meadow-rue,Plantae,100.0,8.577668190002441,30.845129013061523,0.2653374969959259,90.0,0.0,128.0,54.0,67.0,20.0,1.0
33.148297919,-117.2508110155,2023-01-14 17:29:56+00:00,Thalictrum fendleri,Fendler's Meadow-rue,Plantae,100.0,8.577668190002441,30.845129013061523,0.2653374969959259,90.0,0.0,128.0,54.0,67.0,20.0,1.0
33.1501182122,-117.2496531253,2025-04-30 18:27:29+00:00,Thyridanthrax,,Insecta,103.0,7.803070068359375,135.13404846191406,0.15529900789260864,52.0,0.0,128.0,57.0,69.0,19.0,1.0
33.1497335808,-117.2490601946,2025-04-30 17:14:39+00:00,Timmiella,,Plantae,98.0,3.704791784286499,180.0,0.20633623003959656,52.0,0.0,128.0,57.0,69.0,19.0,1.0
33.1481971219,-117.2507948243,2019-04-28 16:52:00+00:00,Tipulidae,Large Crane Flies,Insecta,100.0,8.577668190002441,30.845129013061523,0.2653374969959259,90.0,0.0,128.0,54.0,67.0,20.0,1.0
33.1486055,-117.252005,2019-04-28 16:55:59+00:00,Tipulomorpha,Crane Flies,Insecta,93.0,7.811668395996094,325.6863708496094,0.23129010200500488,90.0,0.0,128.0,54.0,67.0,20.0,1.0
33.1485333333,-117.2515444444,2025-01-20 18:37:32+00:00,Torilis arvensis,common hedge parsley,Plantae,101.0,8.471818923950195,319.5315856933594,0.2554614543914795,42.0,0.0,128.0,54.0,67.0,20.0,1.0
33.14845,-117.251725,2025-02-08 18:20:21+00:00,Torilis arvensis,common hedge parsley,Plantae,96.0,11.405220031738281,309.93792724609375,0.24799086153507233,90.0,0.0,128.0,54.0,67.0,20.0,1.0
33.1485221667,-117.2516466667,2025-06-20 17:56:04+00:00,Torilis arvensis,common hedge parsley,Plantae,101.0,8.471818923950195,319.5315856933594,0.2554614543914795,42.0,0.0,128.0,54.0,67.0,20.0,1.0
33.148295,-117.24737,2016-01-16 17:45:00+00:00,Toxicodendron diversilobum,Pacific poison oak,Plantae,111.0,3.800384998321533,299.1690368652344,0.1459112912416458,52.0,0.0,128.0,55.0,70.0,19.0,1.0
33.1485624472,-117.2477956117,2016-01-16 17:51:24+00:00,Toxicodendron diversilobum,Pacific poison oak,Plantae,101.0,12.60735034942627,322.76300048828125,0.19933944940567017,52.0,0.0,128.0,55.0,70.0,19.0,1.0
33.1486075837,-117.2521945183,2018-02-27 23:00:31+00:00,Toxicodendron diversilobum,Pacific poison oak,Plantae,93.0,7.811668395996094,325.6863708496094,0.23129010200500488,90.0,0.0,128.0,54.0,67.0,20.0,1.0
33.1483805,-117.2503583333,2018-04-22 16:28:31+00:00,Toxicodendron diversilobum,Pacific poison oak,Plantae,99.0,1.8543341159820557,180.0,0.27761217951774597,90.0,0.0,128.0,54.0,67.0,20.0,1.0
33.1484388333,-117.251305,2018-04-22 16:34:02+00:00,Toxicodendron diversilobum,Pacific poison oak,Plantae,101.0,3.865943670272827,16.625350952148438,0.2554614543914795,90.0,0.0,128.0,54.0,67.0,20.0,1.0
33.148359689,-117.2510014382,2018-04-22 17:39:29+00:00,Toxicodendron diversilobum,Pacific poison oak,Plantae,102.0,9.36627197265625,27.960859298706055,0.24405525624752045,42.0,0.0,128.0,54.0,67.0,20.0,1.0
33.149146121,-117.2491220479,2018-05-05 17:15:06+00:00,Toxicodendron diversilobum,Pacific poison oak,Plantae,96.0,1.8543341159820557,-0.0,0.24908022582530975,52.0,0.0,128.0,54.0,69.0,20.0,1.0
33.1483039856,-117.2503204346,2018-06-29 19:07:28+00:00,Toxicodendron diversilobum,Pacific poison oak,Plantae,98.0,5.125797271728516,334.4638671875,0.2885795533657074,90.0,0.0,128.0,54.0,67.0,20.0,1.0
33.148422776,-117.2504152873,2019-04-28 16:13:00+00:00,Toxicodendron diversilobum,Pacific poison oak,Plantae,99.0,1.8543341159820557,180.0,0.27761217951774597,90.0,0.0,128.0,54.0,67.0,20.0,1.0
33.1492265873,-117.248994643,2019-04-28 16:35:42+00:00,Toxicodendron diversilobum,Pacific poison oak,Plantae,96.0,2.8871421813964844,129.93765258789062,0.23788827657699585,52.0,0.0,128.0,57.0,69.0,19.0,1.0
33.1473727199,-117.2569806689,2019-04-28 19:50:11+00:00,Toxicodendron diversilobum,Pacific poison oak,Plantae,88.0,1.8543341159820557,180.0,0.24993914365768433,90.0,0.0,128.0,53.0,72.0,21.0,1.0
33.1485221123,-117.2475909084,2022-01-15 18:07:44+00:00,Toxicodendron diversilobum,Pacific poison oak,Plantae,106.0,12.786489486694336,309.93792724609375,0.22121699154376984,52.0,0.0,128.0,55.0,70.0,19.0,1.0
33.1485645776,-117.2499636883,2022-03-01 20:24:00+00:00,Toxicodendron diversilobum,Pacific poison oak,Plantae,99.0,2.992159605026245,338.29119873046875,0.2425835132598877,90.0,0.0,128.0,54.0,69.0,20.0,1.0
33.1483446138,-117.2501008131,2025-03-25 17:38:18+00:00,Toxicodendron diversilobum,Pacific poison oak,Plantae,98.0,5.125797271728516,334.4638671875,0.2885795533657074,90.0,0.0,128.0,54.0,67.0,20.0,1.0
33.1490227457,-117.2491562338,2025-04-30 16:27:10+00:00,Toxicodendron diversilobum,Pacific poison oak,Plantae,96.0,1.8543341159820557,-0.0,0.24908022582530975,52.0,0.0,128.0,54.0,69.0,20.0,1.0
33.1497333333,-117.2488166667,2025-05-07 19:41:39+00:00,Toxicodendron diversilobum,Pacific poison oak,Plantae,98.0,3.8659474849700928,163.37445068359375,0.27009475231170654,52.0,0.0,128.0,57.0,69.0,19.0,1.0
33.15128641,-117.24829118,2019-04-28 18:11:18+00:00,Toxomerus marginatus,Margined Calligrapher,Insecta,97.0,10.35069751739502,122.12567138671875,0.14794552326202393,52.0,0.0,128.0,57.0,69.0,19.0,1.0
33.1486545945,-117.2513723355,2023-04-25 17:45:00+00:00,Toxostoma redivivum,California Thrasher,Aves,100.0,3.8659446239471436,343.3746032714844,0.27368929982185364,90.0,0.0,128.0,54.0,67.0,20.0,1.0
33.1486166667,-117.2521533333,2024-01-05 18:43:52+00:00,Trachelas pacificus,Bull-headed sac spider,Arachnida,93.0,7.811668395996094,325.6863708496094,0.23129010200500488,90.0,0.0,128.0,54.0,67.0,20.0,1.0
33.1486545945,-117.2513723355,2023-04-25 16:58:00+00:00,Trachemys scripta elegans,Red-eared Slider,Reptilia,100.0,3.8659446239471436,343.3746032714844,0.27368929982185364,90.0,0.0,128.0,54.0,67.0,20.0,1.0
33.1483440148,-117.2525842768,2019-04-28 17:36:11+00:00,Tragopogon porrifolius,purple salsify,Plantae,94.0,6.827554702758789,341.15777587890625,0.2596748471260071,42.0,0.0,128.0,54.0,67.0,20.0,1.0
33.1483583333,-117.252595,2022-05-20 19:32:39+00:00,Tragopogon porrifolius,purple salsify,Plantae,94.0,6.827554702758789,341.15777587890625,0.2596748471260071,42.0,0.0,128.0,54.0,67.0,20.0,1.0
33.1485832264,-117.252220204,2025-04-30 19:18:02+00:00,Tragopogon porrifolius,purple salsify,Plantae,93.0,7.811668395996094,325.6863708496094,0.23129010200500488,90.0,0.0,128.0,54.0,67.0,20.0,1.0
33.1499163324,-117.2495486921,2022-01-15 10:18:37+00:00,Trametes betulina,Gilled Polypore,Fungi,100.0,7.186065673828125,129.93756103515625,0.16984400153160095,52.0,0.0,128.0,57.0,69.0,19.0,1.0
33.1484861667,-117.25142,2018-01-13 17:28:54+00:00,Trametes versicolor,turkey-tail,Fungi,101.0,3.865943670272827,16.625350952148438,0.2554614543914795,90.0,0.0,128.0,54.0,67.0,20.0,1.0
33.1483695,-117.2511833333,2022-01-15 10:18:09+00:00,Trametes versicolor,turkey-tail,Fungi,104.0,8.912068367004395,21.708744049072266,0.2164716273546219,42.0,0.0,128.0,54.0,67.0,20.0,1.0
33.1479972222,-117.2532055556,2026-01-11 19:55:00+00:00,Trametes versicolor,turkey-tail,Fungi,98.0,9.917640686035156,326.43414306640625,0.23904162645339966,90.0,0.0,128.0,54.0,67.0,20.0,1.0
33.1482555,-117.2506333333,2023-01-14 17:39:52+00:00,Tremella mesenterica,witch's butter,Fungi,100.0,8.577668190002441,30.845129013061523,0.2653374969959259,90.0,0.0,128.0,54.0,67.0,20.0,1.0
33.1478583333,-117.2562333333,2018-01-13 20:25:01+00:00,Tremellaceae,,Fungi,97.0,2.159557580947876,149.1549530029297,0.25526466965675354,52.0,0.0,128.0,54.0,70.0,21.0,1.0
33.1486195,-117.2500616667,2023-01-14 18:00:13+00:00,Tricholoma,Knights,Fungi,99.0,2.992159605026245,338.29119873046875,0.2425835132598877,90.0,0.0,128.0,54.0,69.0,20.0,1.0
33.1503493011,-117.2486582556,2023-01-14 16:48:50+00:00,Tricholoma dryophilum,Oak-loving Trich,Fungi,98.0,3.4462242126464844,74.40666198730469,0.20796598494052887,52.0,0.0,128.0,57.0,69.0,19.0,1.0
33.1490875538,-117.2490184548,2023-01-14 17:02:41+00:00,Tricholoma dryophilum,Oak-loving Trich,Fungi,96.0,1.8543341159820557,-0.0,0.24908022582530975,52.0,0.0,128.0,54.0,69.0,20.0,1.0
33.1467205071,-117.252674913,2024-01-05 18:23:26+00:00,Tricholoma dryophilum,Oak-loving Trich,Fungi,148.0,19.3361873626709,337.3139343261719,0.13406741619110107,52.0,0.0,128.0,52.0,71.0,20.0,1.0
33.1502028333,-117.2488116667,2024-01-13 17:41:16+00:00,Tricholoma dryophilum,Oak-loving Trich,Fungi,100.0,2.1595702171325684,149.15438842773438,0.24612712860107422,52.0,0.0,128.0,57.0,69.0,19.0,1.0
33.1503333333,-117.2487866667,2026-01-11 18:59:14+00:00,Tricholoma dryophilum,Oak-loving Trich,Fungi,100.0,5.821231365203857,108.51547241210938,0.17764776945114136,52.0,0.0,128.0,57.0,69.0,19.0,1.0
33.1502416667,-117.2488116667,2024-01-05 18:13:17+00:00,Tricholoma griseoviolaceum,,Fungi,100.0,2.1595702171325684,149.15438842773438,0.24612712860107422,52.0,0.0,128.0,57.0,69.0,19.0,1.0
33.1501926876,-117.2488231121,2022-01-15 17:02:39+00:00,Tricholoma terreum,Grey Knight,Fungi,100.0,2.1595702171325684,149.15438842773438,0.24612712860107422,52.0,0.0,128.0,57.0,69.0,19.0,1.0
33.1488555556,-117.2492222222,2026-01-11 18:45:00+00:00,Tricholoma yatesii,,Fungi,98.0,3.8659446239471436,16.62540054321289,0.1719782054424286,52.0,0.0,128.0,54.0,69.0,20.0,1.0
33.1490638333,-117.2490216667,2026-01-11 19:48:53+00:00,Tricholoma yatesii,,Fungi,96.0,1.8543341159820557,-0.0,0.24908022582530975,52.0,0.0,128.0,54.0,69.0,20.0,1.0
33.14835,-117.2524116667,2025-06-20 17:58:14+00:00,Triodanis biflora,Venus's looking-glass,Plantae,96.0,13.511831283569336,331.1342468261719,0.22770389914512634,42.0,0.0,128.0,54.0,67.0,20.0,1.0
33.1511416667,-117.2484133333,2025-02-08 17:28:24+00:00,Trogidae,Keratin Beetles,Insecta,97.0,10.35069751739502,122.12567138671875,0.14794552326202393,52.0,0.0,128.0,57.0,69.0,19.0,1.0
33.1505611667,-117.248825,2019-12-31 11:00:13+00:00,Trox,,Insecta,102.0,8.532731056213379,115.56742858886719,0.17227113246917725,52.0,0.0,128.0,57.0,69.0,19.0,1.0
33.1511028333,-117.2483883333,2025-02-08 17:26:54+00:00,Trox gemmulatus,,Insecta,97.0,10.35069751739502,122.12567138671875,0.14794552326202393,52.0,0.0,128.0,57.0,69.0,19.0,1.0
33.1522327546,-117.2483543869,2022-01-15 09:59:14+00:00,Tulostoma,Stalked Puffballs,Fungi,104.0,3.4462950229644775,105.59300994873047,0.15669295191764832,52.0,0.0,128.0,56.0,71.0,20.0,1.0
33.1486666667,-117.2488916667,2022-03-01 20:16:00+00:00,Tyrannus vociferans,Cassin's Kingbird,Aves,97.0,1.107641339302063,90.0,0.15507586300373077,21.0,1.0,128.0,54.0,69.0,20.0,1.0
33.1498403171,-117.2539043433,2025-12-01 19:11:00+00:00,Tyrannus vociferans,Cassin's Kingbird,Aves,132.0,19.965635299682617,212.15464782714844,0.15659429132938385,52.0,0.0,128.0,56.0,70.0,20.0,1.0
33.1525305,-117.251525,2025-12-01 18:46:12+00:00,Urocyon,Gray Foxes,Mammalia,146.0,4.756980895996094,13.435389518737793,0.14383096992969513,52.0,0.0,128.0,55.0,72.0,21.0,1.0
33.1463076982,-117.2475289323,2025-02-08 20:33:49+00:00,Urocyon cinereoargenteus,Gray Fox,Mammalia,135.0,4.7923994064331055,67.28395080566406,0.1399560421705246,52.0,0.0,128.0,54.0,71.0,18.0,1.0
33.1498734599,-117.253925801,2025-12-01 18:47:00+00:00,Urocyon cinereoargenteus,Gray Fox,Mammalia,132.0,19.965635299682617,212.15464782714844,0.15659429132938385,52.0,0.0,128.0,56.0,70.0,20.0,1.0
33.1499269384,-117.2491202387,2025-04-30 17:39:59+00:00,Uropappus lindleyi,silverpuffs,Plantae,98.0,3.704791784286499,180.0,0.20633623003959656,52.0,0.0,128.0,57.0,69.0,19.0,1.0
33.1486189831,-117.248525424,2016-01-16 16:49:52+00:00,Urtica urens,Dwarf Nettle,Plantae,97.0,2.8871259689331055,309.93792724609375,0.16232718527317047,52.0,0.0,128.0,54.0,69.0,20.0,1.0
33.1488028333,-117.24855,2022-03-01 18:47:09+00:00,Urtica urens,Dwarf Nettle,Plantae,97.0,0.9274099469184875,-0.0,0.16170455515384674,71.0,0.0,128.0,54.0,69.0,20.0,1.0
33.1487305556,-117.2485611111,2022-03-02 07:01:00+00:00,Urtica urens,Dwarf Nettle,Plantae,97.0,0.9274099469184875,-0.0,0.16170455515384674,71.0,0.0,128.0,54.0,69.0,20.0,1.0
33.1487615827,-117.2483480434,2025-04-09 21:23:11+00:00,Urtica urens,Dwarf Nettle,Plantae,97.0,2.9921607971191406,21.7088680267334,0.17881156504154205,71.0,0.0,128.0,54.0,69.0,20.0,1.0
33.1481861667,-117.2527083333,2024-01-18 16:44:49+00:00,Usnea rubicunda,Red Beard Lichen,Fungi,94.0,6.827554702758789,341.15777587890625,0.2596748471260071,42.0,0.0,128.0,54.0,67.0,20.0,1.0
33.1490837683,-117.2496051662,2024-01-13 22:05:00+00:00,Vanessa atalanta rubria,American Red Admiral,Insecta,96.0,2.4004626274108887,112.71540069580078,0.25628215074539185,52.0,0.0,128.0,54.0,69.0,20.0,1.0
33.1475044109,-117.2564724197,2019-04-28 16:35:00+00:00,Vanessa cardui,Painted Lady,Insecta,98.0,21.76375389099121,304.5867614746094,0.16419804096221924,52.0,0.0,128.0,53.0,72.0,21.0,1.0
33.1484833333,-117.2499466667,2023-01-14 17:24:43+00:00,Verbena,vervains,Plantae,99.0,2.992159605026245,338.29119873046875,0.2425835132598877,90.0,0.0,128.0,54.0,69.0,20.0,1.0
33.1483305,-117.2524033333,2025-06-20 17:58:21+00:00,Verbena,vervains,Plantae,96.0,13.511831283569336,331.1342468261719,0.22770389914512634,42.0,0.0,128.0,54.0,67.0,20.0,1.0
33.14865469,-117.2520818656,2019-04-28 17:03:55+00:00,Verbena lasiostachys,western vervain,Plantae,93.0,3.8659446239471436,163.37460327148438,0.25765109062194824,90.0,0.0,128.0,54.0,67.0,20.0,1.0
33.1519278333,-117.2455216667,2019-05-04 15:56:51+00:00,Verbena lasiostachys,western vervain,Plantae,96.0,8.961777687072754,120.880126953125,0.17659775912761688,71.0,0.0,128.0,56.0,69.0,19.0,1.0
33.1486357571,-117.2521180526,2025-04-30 19:20:31+00:00,Verbena lasiostachys,western vervain,Plantae,93.0,7.811668395996094,325.6863708496094,0.23129010200500488,90.0,0.0,128.0,54.0,67.0,20.0,1.0
33.1486545945,-117.2513723355,2023-04-25 17:41:00+00:00,Veromessor andrei,Andre's Harvester Ant,Insecta,100.0,3.8659446239471436,343.3746032714844,0.27368929982185364,90.0,0.0,128.0,54.0,67.0,20.0,1.0
33.1493029996,-117.2489475902,2019-04-28 15:31:00+00:00,Vicia sativa,Common Vetch,Plantae,96.0,2.8871421813964844,129.93765258789062,0.23788827657699585,52.0,0.0,128.0,57.0,69.0,19.0,1.0
33.1486545945,-117.2513723355,2023-04-25 18:05:00+00:00,Vicia sativa,Common Vetch,Plantae,100.0,3.8659446239471436,343.3746032714844,0.27368929982185364,90.0,0.0,128.0,54.0,67.0,20.0,1.0
33.1491040935,-117.2491199054,2025-04-30 16:28:55+00:00,Vicia sativa,Common Vetch,Plantae,96.0,1.8543341159820557,-0.0,0.24908022582530975,52.0,0.0,128.0,54.0,69.0,20.0,1.0
33.1486545945,-117.2513723355,2023-04-25 18:05:00+00:00,Vicia villosa,hairy vetch,Plantae,100.0,3.8659446239471436,343.3746032714844,0.27368929982185364,90.0,0.0,128.0,54.0,67.0,20.0,1.0
33.14752,-117.256945,2017-03-04 23:09:28+00:00,Vinca major,greater periwinkle,Plantae,88.0,1.8543341159820557,180.0,0.24993914365768433,90.0,0.0,128.0,53.0,72.0,21.0,1.0
33.147684,-117.2525927,2018-02-13 12:46:00+00:00,Vinca major,greater periwinkle,Plantae,106.0,13.511812210083008,331.1343994140625,0.21008747816085815,42.0,0.0,128.0,54.0,67.0,20.0,1.0
33.1478351076,-117.2551739496,2018-02-27 23:10:43+00:00,Vinca major,greater periwinkle,Plantae,94.0,4.968292713165283,41.85330581665039,0.29769620299339294,90.0,0.0,128.0,54.0,70.0,21.0,1.0
33.1474913657,-117.2572348082,2018-02-27 23:28:53+00:00,Vinca major,greater periwinkle,Plantae,90.0,13.945086479187012,141.47169494628906,0.2602376639842987,52.0,0.0,128.0,53.0,72.0,21.0,1.0
33.1477832655,-117.2545122822,2019-04-01 19:53:13+00:00,Vinca major,greater periwinkle,Plantae,98.0,9.195145606994629,-0.0,0.23339538276195526,42.0,0.0,128.0,54.0,70.0,21.0,1.0
33.1478173828,-117.2541317406,2019-04-28 16:16:00+00:00,Vinca major,greater periwinkle,Plantae,97.0,9.756901741027832,19.71312713623047,0.2530330419540405,42.0,0.0,128.0,54.0,70.0,21.0,1.0
33.1476814673,-117.2544834485,2019-04-28 17:23:37+00:00,Vinca major,greater periwinkle,Plantae,98.0,9.195145606994629,-0.0,0.23339538276195526,42.0,0.0,128.0,54.0,70.0,21.0,1.0
33.1476859909,-117.2545087284,2022-01-15 20:25:20+00:00,Vinca major,greater periwinkle,Plantae,98.0,9.195145606994629,-0.0,0.23339538276195526,42.0,0.0,128.0,54.0,70.0,21.0,1.0
33.1488973132,-117.2523841858,2022-01-15 20:34:08+00:00,Vinca major,greater periwinkle,Plantae,96.0,9.917669296264648,146.43389892578125,0.2669139504432678,90.0,0.0,128.0,54.0,67.0,20.0,1.0
33.1477971667,-117.25508,2024-01-13 21:11:20+00:00,Vinca major,greater periwinkle,Plantae,99.0,11.203264236450195,11.258208274841309,0.24904726445674896,42.0,0.0,128.0,54.0,70.0,21.0,1.0
33.1477638821,-117.254210857,2025-02-08 20:28:20+00:00,Vinca major,greater periwinkle,Plantae,97.0,9.756901741027832,19.71312713623047,0.2530330419540405,42.0,0.0,128.0,54.0,70.0,21.0,1.0
33.1478453805,-117.2541845638,2025-03-25 17:59:48+00:00,Vinca major,greater periwinkle,Plantae,93.0,2.7802884578704834,-0.0,0.3024503290653229,90.0,0.0,128.0,54.0,70.0,21.0,1.0
33.1481732,-117.2531318997,2026-01-26 21:12:21+00:00,Vinca major,greater periwinkle,Plantae,94.0,2.7802884578704834,-0.0,0.26680296659469604,90.0,0.0,128.0,54.0,67.0,20.0,1.0
33.1520422781,-117.2480704543,2019-04-28 15:56:23+00:00,Viola pedunculata,California Golden Violet,Plantae,103.0,4.792656421661377,112.71475219726562,0.16409806907176971,52.0,0.0,128.0,56.0,71.0,20.0,1.0
33.1486545945,-117.2513723355,2023-04-25 17:38:00+00:00,Viola pedunculata,California Golden Violet,Plantae,100.0,3.8659446239471436,343.3746032714844,0.27368929982185364,90.0,0.0,128.0,54.0,67.0,20.0,1.0
33.1503971667,-117.2486283333,2025-01-21 22:30:43+00:00,Visceae,viscaceous mistletoes,Plantae,98.0,3.4462242126464844,74.40666198730469,0.20796598494052887,52.0,0.0,128.0,57.0,69.0,19.0,1.0
33.1478309631,-117.2536392212,2020-01-11 18:18:00+00:00,Volvopluteus gloiocephalus,Stubble Rosegill,Fungi,94.0,10.17082405090332,334.4639892578125,0.24760621786117554,42.0,0.0,128.0,54.0,67.0,20.0,1.0
33.1474416667,-117.2472133333,2023-01-14 19:10:33+00:00,Volvopluteus gloiocephalus,Stubble Rosegill,Fungi,124.0,12.947538375854492,350.3172302246094,0.13245022296905518,52.0,0.0,128.0,55.0,70.0,19.0,1.0
33.1474198681,-117.257170519,2018-02-27 23:20:32+00:00,Washingtonia,Fan Palms,Plantae,90.0,13.945086479187012,141.47169494628906,0.2602376639842987,52.0,0.0,128.0,53.0,72.0,21.0,1.0
33.1500166667,-117.248825,2025-01-21 22:43:50+00:00,Washingtonia,Fan Palms,Plantae,100.0,2.1595702171325684,149.15438842773438,0.24612712860107422,52.0,0.0,128.0,57.0,69.0,19.0,1.0
33.1474833333,-117.2571805556,2016-01-16 17:25:00+00:00,Washingtonia robusta,Mexican Fan Palm,Plantae,90.0,13.945086479187012,141.47169494628906,0.2602376639842987,52.0,0.0,128.0,53.0,72.0,21.0,1.0
33.1496611741,-117.2490139598,2025-01-21 22:36:25+00:00,Washingtonia robusta,Mexican Fan Palm,Plantae,98.0,3.704791784286499,180.0,0.2702784240245819,52.0,0.0,128.0,57.0,69.0,19.0,1.0
33.1499416667,-117.2489166667,2025-01-21 22:43:18+00:00,Washingtonia robusta,Mexican Fan Palm,Plantae,98.0,3.8659474849700928,163.37445068359375,0.27009475231170654,52.0,0.0,128.0,57.0,69.0,19.0,1.0
33.1499545857,-117.2488905573,2025-04-30 16:37:59+00:00,Washingtonia robusta,Mexican Fan Palm,Plantae,98.0,3.8659474849700928,163.37445068359375,0.27009475231170654,52.0,0.0,128.0,57.0,69.0,19.0,1.0
33.1500123957,-117.2488736885,2025-06-24 18:35:53+00:00,Washingtonia robusta,Mexican Fan Palm,Plantae,100.0,2.1595702171325684,149.15438842773438,0.24612712860107422,52.0,0.0,128.0,57.0,69.0,19.0,1.0
33.1513087101,-117.2562009242,2025-05-12 21:09:55+00:00,Xanthoparmelia cumberlandia,Cumberland Rock Shield,Fungi,165.0,11.274360656738281,104.09928131103516,0.12400544434785843,52.0,0.0,128.0,56.0,71.0,22.0,1.0
33.1500738622,-117.248840332,2017-01-21 18:12:00+00:00,Xerocomellus dryophilus,oak-loving bolete,Fungi,100.0,2.1595702171325684,149.15438842773438,0.24612712860107422,52.0,0.0,128.0,57.0,69.0,19.0,1.0
33.14915,-117.2490533333,2022-12-29 17:33:58+00:00,Xerocomellus dryophilus,oak-loving bolete,Fungi,96.0,1.8543341159820557,-0.0,0.24908022582530975,52.0,0.0,128.0,54.0,69.0,20.0,1.0
33.1482303562,-117.2508585268,2016-01-16 18:52:34+00:00,Xylariales,,Fungi,100.0,8.577668190002441,30.845129013061523,0.2653374969959259,90.0,0.0,128.0,54.0,67.0,20.0,1.0
33.146993,-117.247521,2016-01-16 17:45:00+00:00,Xylococcus bicolor,mission manzanita,Plantae,132.0,5.6556878089904785,348.74188232421875,0.14556923508644104,52.0,0.0,128.0,54.0,71.0,18.0,1.0
33.148447196,-117.2473409773,2016-01-16 18:07:56+00:00,Xylococcus bicolor,mission manzanita,Plantae,110.0,9.21119499206543,314.3275146484375,0.21096768975257874,52.0,0.0,128.0,55.0,70.0,19.0,1.0
33.147684,-117.2525927,2017-01-21 18:41:00+00:00,Xylococcus bicolor,mission manzanita,Plantae,106.0,13.511812210083008,331.1343994140625,0.21008747816085815,42.0,0.0,128.0,54.0,67.0,20.0,1.0
33.147625,-117.24713,2018-01-13 18:30:56+00:00,Xylococcus bicolor,mission manzanita,Plantae,116.0,11.045968055725098,354.3160400390625,0.14067310094833374,52.0,0.0,128.0,55.0,70.0,19.0,1.0
33.1475133649,-117.2471387107,2018-01-13 20:09:05+00:00,Xylococcus bicolor,mission manzanita,Plantae,124.0,12.947538375854492,350.3172302246094,0.13245022296905518,52.0,0.0,128.0,55.0,70.0,19.0,1.0
33.1473274231,-117.2473220825,2020-01-11 09:56:29+00:00,Xylococcus bicolor,mission manzanita,Plantae,124.0,12.947538375854492,350.3172302246094,0.13245022296905518,52.0,0.0,128.0,55.0,70.0,19.0,1.0
33.1465454102,-117.2474365234,2020-01-11 10:07:31+00:00,Xylococcus bicolor,mission manzanita,Plantae,134.0,3.552210807800293,38.52803421020508,0.15072062611579895,52.0,0.0,128.0,54.0,71.0,18.0,1.0
33.1461639404,-117.2476196289,2020-01-11 10:13:00+00:00,Xylococcus bicolor,mission manzanita,Plantae,136.0,5.597960472106934,99.50630950927734,0.13756969571113586,52.0,0.0,128.0,54.0,71.0,18.0,1.0
33.148258914,-117.2465524384,2020-01-11 19:07:10+00:00,Xylococcus bicolor,mission manzanita,Plantae,111.0,5.968084335327148,21.708744049072266,0.24379490315914154,52.0,0.0,128.0,55.0,70.0,19.0,1.0
33.1470099833,-117.2517723725,2020-11-24 10:25:00+00:00,Xylococcus bicolor,mission manzanita,Plantae,155.0,8.577632904052734,329.1552734375,0.16348333656787872,52.0,0.0,128.0,52.0,70.0,21.0,1.0
33.14834378,-117.24703622,2022-01-15 18:19:02+00:00,Xylococcus bicolor,mission manzanita,Plantae,113.0,2.2144412994384766,270.0,0.14765606820583344,52.0,0.0,128.0,55.0,70.0,19.0,1.0
33.1477611667,-117.2470333333,2022-01-15 18:24:42+00:00,Xylococcus bicolor,mission manzanita,Plantae,116.0,10.096575736999512,-0.0,0.14230774343013763,52.0,0.0,128.0,55.0,70.0,19.0,1.0
33.1475334167,-117.2471389771,2022-01-15 20:11:50+00:00,Xylococcus bicolor,mission manzanita,Plantae,124.0,12.947538375854492,350.3172302246094,0.13245022296905518,52.0,0.0,128.0,55.0,70.0,19.0,1.0
33.146875,-117.24743,2022-03-01 19:16:24+00:00,Xylococcus bicolor,mission manzanita,Plantae,132.0,5.6556878089904785,348.74188232421875,0.14556923508644104,52.0,0.0,128.0,54.0,71.0,18.0,1.0
33.1461,-117.2476966667,2022-03-01 19:22:30+00:00,Xylococcus bicolor,mission manzanita,Plantae,138.0,7.922126293182373,76.54639434814453,0.14321786165237427,52.0,0.0,128.0,54.0,71.0,18.0,1.0
33.1472638333,-117.24732,2022-03-01 19:54:49+00:00,Xylococcus bicolor,mission manzanita,Plantae,130.0,7.4597249031066895,8.49125862121582,0.1269673854112625,52.0,0.0,128.0,55.0,70.0,19.0,1.0
33.1484666667,-117.2472616667,2023-01-14 18:58:03+00:00,Xylococcus bicolor,mission manzanita,Plantae,110.0,9.21119499206543,314.3275146484375,0.21096768975257874,52.0,0.0,128.0,55.0,70.0,19.0,1.0
33.1477487414,-117.2470206584,2023-01-14 19:03:27+00:00,Xylococcus bicolor,mission manzanita,Plantae,116.0,10.096575736999512,-0.0,0.14230774343013763,52.0,0.0,128.0,55.0,70.0,19.0,1.0
33.14605,-117.2504716667,2023-01-14 19:33:19+00:00,Xylococcus bicolor,mission manzanita,Plantae,158.0,5.1257734298706055,334.46441650390625,0.13102182745933533,52.0,0.0,128.0,52.0,70.0,21.0,1.0
33.1476361667,-117.2470783333,2024-01-13 19:01:17+00:00,Xylococcus bicolor,mission manzanita,Plantae,116.0,10.096575736999512,-0.0,0.14230774343013763,52.0,0.0,128.0,55.0,70.0,19.0,1.0
33.1474120821,-117.2461322148,2025-02-03 23:54:40+00:00,Xylococcus bicolor,mission manzanita,Plantae,117.0,6.616994857788086,90.0,0.18608908355236053,21.0,16.0,128.0,55.0,70.0,19.0,1.0
33.1477666667,-117.247055,2025-02-08 18:41:31+00:00,Xylococcus bicolor,mission manzanita,Plantae,116.0,10.096575736999512,-0.0,0.14230774343013763,52.0,0.0,128.0,55.0,70.0,19.0,1.0
33.1460195,-117.2479033333,2025-02-08 18:56:51+00:00,Xylococcus bicolor,mission manzanita,Plantae,138.0,7.922126293182373,76.54639434814453,0.14321786165237427,52.0,0.0,128.0,54.0,71.0,18.0,1.0
33.1521263123,-117.2549972534,2025-04-14 19:34:38+00:00,Xylococcus bicolor,mission manzanita,Plantae,174.0,4.968390464782715,138.1454315185547,0.14258617162704468,52.0,0.0,128.0,56.0,74.0,20.0,1.0
33.1523666667,-117.25,2025-06-20 18:36:05+00:00,Xylococcus bicolor,mission manzanita,Plantae,129.0,9.871542930603027,90.0,0.14426876604557037,52.0,0.0,128.0,56.0,71.0,20.0,1.0
33.1483805,-117.24862,2024-05-01 18:48:20+00:00,Xylocopa,Large Carpenter Bees,Insecta,97.0,2.8871259689331055,309.93792724609375,0.16232718527317047,52.0,0.0,128.0,54.0,69.0,20.0,1.0
33.1477471667,-117.2470466667,2022-01-15 18:24:50+00:00,Yucca,Yuccas,Plantae,116.0,10.096575736999512,-0.0,0.14230774343013763,52.0,0.0,128.0,55.0,70.0,19.0,1.0
33.1477253884,-117.2470420786,2016-01-16 18:26:48+00:00,Yucca schidigera,Mojave Yucca,Plantae,116.0,10.096575736999512,-0.0,0.14230774343013763,52.0,0.0,128.0,55.0,70.0,19.0,1.0
33.1461902685,-117.2482770681,2017-01-21 20:13:00+00:00,Yucca schidigera,Mojave Yucca,Plantae,145.0,5.759568691253662,50.06127166748047,0.14284005761146545,52.0,0.0,128.0,55.0,71.0,20.0,1.0
33.1518688081,-117.2493433933,2018-01-13 20:05:13+00:00,Yucca schidigera,Mojave Yucca,Plantae,119.0,8.182693481445312,109.7385482788086,0.1467342972755432,52.0,0.0,128.0,56.0,71.0,20.0,1.0
33.1520047691,-117.2481994518,2018-02-28 00:08:35+00:00,Yucca schidigera,Mojave Yucca,Plantae,103.0,4.792656421661377,112.71475219726562,0.16409806907176971,52.0,0.0,128.0,56.0,71.0,20.0,1.0
33.1505958974,-117.2487508649,2019-04-28 14:47:00+00:00,Yucca schidigera,Mojave Yucca,Plantae,102.0,8.532731056213379,115.56742858886719,0.17227113246917725,52.0,0.0,128.0,57.0,69.0,19.0,1.0
33.15181756,-117.2483878,2019-04-28 15:55:35+00:00,Yucca schidigera,Mojave Yucca,Plantae,103.0,7.168145179748535,112.7148208618164,0.20088331401348114,52.0,0.0,128.0,56.0,71.0,20.0,1.0
33.1520076004,-117.248161108,2020-01-11 08:29:38+00:00,Yucca schidigera,Mojave Yucca,Plantae,103.0,4.792656421661377,112.71475219726562,0.16409806907176971,52.0,0.0,128.0,56.0,71.0,20.0,1.0
33.1520638333,-117.2481633333,2022-03-01 18:15:48+00:00,Yucca schidigera,Mojave Yucca,Plantae,103.0,4.792656421661377,112.71475219726562,0.16409806907176971,52.0,0.0,128.0,56.0,71.0,20.0,1.0
33.1460471667,-117.250105,2022-03-01 19:36:18+00:00,Yucca schidigera,Mojave Yucca,Plantae,160.0,5.968063831329346,338.291748046875,0.13751056790351868,52.0,0.0,128.0,52.0,70.0,21.0,1.0
33.15205,-117.2481783333,2023-01-14 16:38:14+00:00,Yucca schidigera,Mojave Yucca,Plantae,103.0,4.792656421661377,112.71475219726562,0.16409806907176971,52.0,0.0,128.0,56.0,71.0,20.0,1.0
33.1486545945,-117.2513723355,2023-04-25 19:25:00+00:00,Yucca schidigera,Mojave Yucca,Plantae,100.0,3.8659446239471436,343.3746032714844,0.27368929982185364,90.0,0.0,128.0,54.0,67.0,20.0,1.0
33.1520695,-117.2481783333,2024-01-13 17:23:30+00:00,Yucca schidigera,Mojave Yucca,Plantae,103.0,4.792656421661377,112.71475219726562,0.16409806907176971,52.0,0.0,128.0,56.0,71.0,20.0,1.0
33.1519607541,-117.2480936721,2024-11-01 21:23:44+00:00,Yucca schidigera,Mojave Yucca,Plantae,103.0,4.792656421661377,112.71475219726562,0.16409806907176971,52.0,0.0,128.0,56.0,71.0,20.0,1.0
33.1520416667,-117.2481916667,2025-01-21 22:25:10+00:00,Yucca schidigera,Mojave Yucca,Plantae,103.0,4.792656421661377,112.71475219726562,0.16409806907176971,52.0,0.0,128.0,56.0,71.0,20.0,1.0
33.151975,-117.2483666667,2025-02-08 17:16:21+00:00,Yucca schidigera,Mojave Yucca,Plantae,104.0,4.517909049987793,101.8216781616211,0.16362841427326202,52.0,0.0,128.0,56.0,71.0,20.0,1.0
33.1478294997,-117.2469668888,2025-04-09 18:41:37+00:00,Yucca schidigera,Mojave Yucca,Plantae,116.0,10.096575736999512,-0.0,0.14230774343013763,52.0,0.0,128.0,55.0,70.0,19.0,1.0
33.1460886612,-117.250078374,2025-04-09 19:14:24+00:00,Yucca schidigera,Mojave Yucca,Plantae,160.0,9.449233055114746,13.434446334838867,0.1446772664785385,52.0,0.0,128.0,55.0,71.0,20.0,1.0
33.1482048035,-117.2553634644,2025-10-21 19:22:47+00:00,Yucca schidigera,Mojave Yucca,Plantae,97.0,13.166635513305664,165.64402770996094,0.2565023601055145,90.0,0.0,128.0,54.0,70.0,21.0,1.0
33.149625,-117.257195,2023-05-10 17:28:57+00:00,Zeltnera venusta,California Centaury,Plantae,168.0,2.8871474266052246,309.93756103515625,0.15018315613269806,52.0,0.0,128.0,56.0,73.0,22.0,1.0
33.1493945,-117.2578366667,2023-05-10 17:35:38+00:00,Zeltnera venusta,California Centaury,Plantae,169.0,2.4004690647125244,112.71533203125,0.1554364711046219,52.0,0.0,128.0,56.0,73.0,22.0,1.0
33.147775,-117.2470633333,2023-07-21 19:00:53+00:00,Zeltnera venusta,California Centaury,Plantae,116.0,10.096575736999512,-0.0,0.14230774343013763,52.0,0.0,128.0,55.0,70.0,19.0,1.0
33.147925,-117.2469633333,2025-06-20 19:23:16+00:00,Zeltnera venusta,California Centaury,Plantae,112.0,2.992156982421875,338.29132080078125,0.14379410445690155,52.0,0.0,128.0,55.0,70.0,19.0,1.0
33.1486195,-117.2495333333,2024-11-01 20:41:58+00:00,Zenaida macroura,Mourning Dove,Aves,101.0,7.3788604736328125,-0.0,0.16504494845867157,52.0,0.0,128.0,54.0,69.0,20.0,1.0
