latitude,longitude,time_observed_at,scientific_name,common_name,iconic_taxon_name,elevation,slope,aspect,ndvi,landcover,impervious,bathymetry,soil_sand,soil_ph,soil_clay,env_data_completeness
32.795903261,-117.2292563392,2023-07-31 05:21:00+00:00,Abegesta remellalis,White-trimmed Abegesta,Insecta,3.0,4.755953311920166,193.3832244873047,0.10409373044967651,22.0,49.0,20.0,51.0,73.0,23.0,1.0
32.7957446479,-117.2305255383,2025-07-18 04:16:24+00:00,Abegesta remellalis,White-trimmed Abegesta,Insecta,4.0,4.404741287231445,90.0,0.1194462776184082,23.0,50.0,20.0,51.0,73.0,23.0,1.0
32.790855,-117.2297883333,2021-05-05 21:10:29+00:00,Abronia,sand verbenas,Plantae,1.0,2.3922054767608643,292.7983093261719,0.05830712243914604,23.0,67.0,-2.0,49.0,72.0,24.0,1.0
32.7902978193,-117.2303516139,2017-06-04 22:59:09+00:00,Abronia maritima,red sand-verbena,Plantae,0.0,2.8802716732025146,130.0523681640625,0.09603254497051239,23.0,56.0,-2.0,0.0,0.0,0.0,1.0
32.7902793884,-117.2300033569,2018-04-11 21:31:58+00:00,Abronia maritima,red sand-verbena,Plantae,0.0,0.9274099469184875,180.0,0.015301791951060295,24.0,88.0,-2.0,0.0,0.0,0.0,1.0
32.790375,-117.2302866667,2019-03-06 20:46:34+00:00,Abronia maritima,red sand-verbena,Plantae,0.0,2.8802716732025146,130.0523681640625,0.09603254497051239,23.0,56.0,-2.0,0.0,0.0,0.0,1.0
32.7902966667,-117.2303083333,2019-03-06 20:52:16+00:00,Abronia maritima,red sand-verbena,Plantae,0.0,2.8802716732025146,130.0523681640625,0.09603254497051239,23.0,56.0,-2.0,0.0,0.0,0.0,1.0
32.79028667,-117.23038667,2020-03-04 13:17:01+00:00,Abronia maritima,red sand-verbena,Plantae,0.0,2.8802716732025146,130.0523681640625,0.09603254497051239,23.0,56.0,-2.0,0.0,0.0,0.0,1.0
32.7902833333,-117.2304,2020-03-04 21:16:00+00:00,Abronia maritima,red sand-verbena,Plantae,0.0,2.8802716732025146,130.0523681640625,0.09603254497051239,23.0,56.0,-2.0,0.0,0.0,0.0,1.0
32.790255,-117.23045333,2020-03-04 23:17:58+00:00,Abronia maritima,red sand-verbena,Plantae,2.0,2.1572682857513428,149.2570037841797,0.14154265820980072,23.0,56.0,-2.0,0.0,0.0,0.0,1.0
32.79033333,-117.23038667,2020-03-11 22:28:53+00:00,Abronia maritima,red sand-verbena,Plantae,0.0,2.8802716732025146,130.0523681640625,0.09603254497051239,23.0,56.0,-2.0,0.0,0.0,0.0,1.0
32.7902833333,-117.2304222222,2021-05-05 20:19:00+00:00,Abronia maritima,red sand-verbena,Plantae,2.0,2.1572682857513428,149.2570037841797,0.14154265820980072,23.0,56.0,-2.0,0.0,0.0,0.0,1.0
32.790295,-117.2304166667,2022-04-27 20:14:45+00:00,Abronia maritima,red sand-verbena,Plantae,2.0,2.1572682857513428,149.2570037841797,0.14154265820980072,23.0,56.0,-2.0,0.0,0.0,0.0,1.0
32.790295,-117.2304216667,2022-04-27 20:19:52+00:00,Abronia maritima,red sand-verbena,Plantae,2.0,2.1572682857513428,149.2570037841797,0.14154265820980072,23.0,56.0,-2.0,0.0,0.0,0.0,1.0
32.790232,-117.2303869722,2022-04-27 21:07:57+00:00,Abronia maritima,red sand-verbena,Plantae,0.0,2.8802716732025146,130.0523681640625,0.09603254497051239,23.0,56.0,-2.0,0.0,0.0,0.0,1.0
32.790259445,-117.2304320533,2022-05-14 16:40:00+00:00,Abronia maritima,red sand-verbena,Plantae,2.0,2.1572682857513428,149.2570037841797,0.14154265820980072,23.0,56.0,-2.0,0.0,0.0,0.0,1.0
32.790305,-117.23043,2023-07-08 17:04:00+00:00,Abronia maritima,red sand-verbena,Plantae,2.0,2.1572682857513428,149.2570037841797,0.14154265820980072,23.0,56.0,-2.0,0.0,0.0,0.0,1.0
32.7902466667,-117.2303916667,2025-02-01 20:59:45+00:00,Abronia maritima,red sand-verbena,Plantae,0.0,2.8802716732025146,130.0523681640625,0.09603254497051239,23.0,56.0,-2.0,0.0,0.0,0.0,1.0
32.7906083333,-117.2302033333,2025-02-01 21:15:12+00:00,Abronia maritima,red sand-verbena,Plantae,2.0,1.1031581163406372,90.0,0.1304217278957367,22.0,23.0,-2.0,0.0,0.0,0.0,1.0
32.7902944444,-117.2304083333,2025-02-01 21:50:00+00:00,Abronia maritima,red sand-verbena,Plantae,0.0,2.8802716732025146,130.0523681640625,0.09603254497051239,23.0,56.0,-2.0,0.0,0.0,0.0,1.0
32.7902747745,-117.2302971455,2025-04-12 16:26:16+00:00,Abronia maritima,red sand-verbena,Plantae,0.0,2.8802716732025146,130.0523681640625,0.09603254497051239,23.0,56.0,-2.0,0.0,0.0,0.0,1.0
32.7903777778,-117.2303777778,2025-07-12 15:29:00+00:00,Abronia maritima,red sand-verbena,Plantae,0.0,2.8802716732025146,130.0523681640625,0.09603254497051239,23.0,56.0,-2.0,0.0,0.0,0.0,1.0
32.7903007,-117.2303914,2025-07-26 16:51:46+00:00,Abronia maritima,red sand-verbena,Plantae,0.0,2.8802716732025146,130.0523681640625,0.09603254497051239,23.0,56.0,-2.0,0.0,0.0,0.0,1.0
32.7905654907,-117.2301330566,2025-07-26 17:08:24+00:00,Abronia maritima,red sand-verbena,Plantae,1.0,1.4410488605499268,49.947715759277344,0.12852990627288818,22.0,49.0,-2.0,0.0,0.0,0.0,1.0
32.790325,-117.2304,2025-09-13 18:01:50+00:00,Abronia maritima,red sand-verbena,Plantae,0.0,2.8802716732025146,130.0523681640625,0.09603254497051239,23.0,56.0,-2.0,0.0,0.0,0.0,1.0
32.7905166667,-117.2301466667,2025-11-08 17:29:26+00:00,Abronia maritima,red sand-verbena,Plantae,2.0,1.1031581163406372,90.0,0.1304217278957367,22.0,23.0,-2.0,0.0,0.0,0.0,1.0
32.7905891324,-117.2301639431,2025-11-08 17:46:41+00:00,Abronia maritima,red sand-verbena,Plantae,2.0,1.1031581163406372,90.0,0.1304217278957367,22.0,23.0,-2.0,0.0,0.0,0.0,1.0
32.7911133333,-117.2304383333,2018-04-11 21:17:49+00:00,Acanthogobius flavimanus,Yellowfin Goby,Actinopterygii,-1.0,2.157273769378662,329.25677490234375,0.13488943874835968,95.0,0.0,-2.0,49.0,72.0,24.0,1.0
32.7914383333,-117.2301633333,2024-06-29 18:15:34+00:00,Acanthogobius flavimanus,Yellowfin Goby,Actinopterygii,-2.0,1.1031683683395386,90.0,0.14319878816604614,95.0,0.0,-2.0,49.0,72.0,24.0,1.0
32.7913095754,-117.2296917066,2025-07-03 17:08:44+00:00,Acanthogobius flavimanus,Yellowfin Goby,Actinopterygii,0.0,3.306239604949951,270.0,0.1820506900548935,95.0,0.0,-2.0,49.0,72.0,24.0,1.0
32.7911819849,-117.2300941219,2025-07-12 17:31:49+00:00,Acanthogobius flavimanus,Yellowfin Goby,Actinopterygii,-1.0,1.4410542249679565,310.0521240234375,0.11681777983903885,95.0,0.0,-2.0,49.0,72.0,24.0,1.0
32.791325,-117.2294466667,2025-07-12 17:45:51+00:00,Acanthogobius flavimanus,Yellowfin Goby,Actinopterygii,1.0,2.3922181129455566,292.7981872558594,0.1820506900548935,95.0,0.0,-2.0,49.0,72.0,24.0,1.0
32.7912176083,-117.2302596639,2025-08-10 16:28:11+00:00,Acanthogobius flavimanus,Yellowfin Goby,Actinopterygii,-1.0,1.8543341159820557,-0.0,0.09041575342416763,95.0,0.0,-2.0,49.0,72.0,24.0,1.0
32.79105,-117.2303166667,2018-04-11 21:17:56+00:00,Acanthomorpha,Spiny-rayed fishes,Actinopterygii,-1.0,1.8543341159820557,-0.0,0.09041575342416763,95.0,0.0,-2.0,49.0,72.0,24.0,1.0
32.7902334044,-117.2301656195,2024-05-11 16:58:54+00:00,Achelous xantusii,Xantus Swimming Crab,Animalia,0.0,2.8802716732025146,130.0523681640625,0.09603254497051239,23.0,56.0,-2.0,0.0,0.0,0.0,1.0
32.7959111111,-117.2302027778,2023-06-20 18:00:00+00:00,Acmispon glaber,deerweed,Plantae,3.0,2.1573052406311035,149.25535583496094,0.10808767378330231,23.0,61.0,20.0,51.0,73.0,23.0,1.0
32.7959666667,-117.2302033333,2025-05-24 17:12:06+00:00,Acmispon glaber,deerweed,Plantae,3.0,2.1573052406311035,149.25535583496094,0.10808767378330231,23.0,61.0,20.0,51.0,73.0,23.0,1.0
32.7950972573,-117.2278558748,2025-11-13 20:32:00+00:00,Actitis macularius,Spotted Sandpiper,Aves,4.0,1.8543341159820557,180.0,0.14789268374443054,23.0,65.0,20.0,49.0,73.0,21.0,1.0
32.7931635987,-117.2239275214,2026-01-29 20:56:00+00:00,Actitis macularius,Spotted Sandpiper,Aves,0.0,0.9274099469184875,180.0,0.12117308378219604,11.0,0.0,1.0,0.0,0.0,0.0,1.0
32.7954820005,-117.2303493555,2025-05-24 16:44:55+00:00,Adenostoma fasciculatum,chamise,Plantae,2.0,3.433441400527954,74.34697723388672,0.1708993762731552,22.0,39.0,20.0,51.0,73.0,23.0,1.0
32.7956389595,-117.2306445614,2025-05-16 19:57:34+00:00,Aedes,,Insecta,4.0,4.404741287231445,90.0,0.1194462776184082,23.0,50.0,20.0,51.0,73.0,23.0,1.0
32.7957555556,-117.2305805556,2025-10-03 17:57:00+00:00,Aedes,,Insecta,4.0,4.404741287231445,90.0,0.1194462776184082,23.0,50.0,20.0,51.0,73.0,23.0,1.0
32.7957111094,-117.2305111215,2024-08-29 20:05:50+00:00,Aedes taeniorhynchus,Black Saltmarsh Mosquito,Insecta,4.0,4.404741287231445,90.0,0.1194462776184082,23.0,50.0,20.0,51.0,73.0,23.0,1.0
32.7955563816,-117.230508104,2021-12-11 19:09:28+00:00,Agapostemon,,Insecta,4.0,4.404727935791016,90.0,0.13322186470031738,22.0,38.0,20.0,51.0,73.0,23.0,1.0
32.7956835117,-117.2306529583,2022-04-23 16:00:00+00:00,Agapostemon melliventris,Honey-tailed Striped Sweat Bee,Insecta,4.0,4.404741287231445,90.0,0.1194462776184082,23.0,50.0,20.0,51.0,73.0,23.0,1.0
32.7956248383,-117.2306027183,2022-04-23 16:55:00+00:00,Agapostemon melliventris,Honey-tailed Striped Sweat Bee,Insecta,4.0,4.404741287231445,90.0,0.1194462776184082,23.0,50.0,20.0,51.0,73.0,23.0,1.0
32.795555,-117.2305533333,2025-04-17 18:19:43+00:00,Agapostemon melliventris,Honey-tailed Striped Sweat Bee,Insecta,4.0,4.404727935791016,90.0,0.13322186470031738,22.0,38.0,20.0,51.0,73.0,23.0,1.0
32.79595951,-117.2305685533,2025-09-13 16:13:00+00:00,Agapostemon melliventris,Honey-tailed Striped Sweat Bee,Insecta,4.0,2.205636501312256,90.0,0.0928410217165947,23.0,68.0,20.0,51.0,73.0,23.0,1.0
32.7958224344,-117.2305262089,2024-07-30 15:44:48+00:00,Agapostemon subtilior,Fine striped sweat bee,Insecta,4.0,4.404741287231445,90.0,0.1194462776184082,23.0,50.0,20.0,51.0,73.0,23.0,1.0
32.795945,-117.230609,2024-09-12 15:51:39+00:00,Agapostemon subtilior,Fine striped sweat bee,Insecta,4.0,2.205636501312256,90.0,0.0928410217165947,23.0,68.0,20.0,51.0,73.0,23.0,1.0
32.7954864502,-117.2304992676,2018-05-31 16:50:22+00:00,Agaricales,Common Gilled Mushrooms and Allies,Fungi,4.0,4.404727935791016,90.0,0.13322186470031738,22.0,38.0,20.0,51.0,73.0,23.0,1.0
32.796025,-117.2300866667,2022-01-29 19:42:21+00:00,Agaricales,Common Gilled Mushrooms and Allies,Fungi,3.0,2.7802884578704834,180.0,0.12967248260974884,23.0,60.0,20.0,51.0,73.0,23.0,1.0
32.7936283333,-117.2301633333,2024-01-27 23:35:15+00:00,Agaricales,Common Gilled Mushrooms and Allies,Fungi,3.0,2.157289505004883,149.25607299804688,0.11510564386844635,23.0,63.0,20.0,50.0,72.0,23.0,1.0
32.79582,-117.2306883333,2025-12-13 15:57:08+00:00,Agaricomycetes,"Mushrooms, Bracket Fungi, Puffballs, and Allies",Fungi,6.0,4.5005645751953125,78.13190460205078,0.06891442090272903,24.0,80.0,20.0,51.0,73.0,23.0,1.0
32.7909166667,-117.232125,2024-01-27 21:50:13+00:00,Agaricus bitorquis,Pavement Mushroom,Fungi,8.0,4.404494762420654,90.0,0.07171253114938736,23.0,79.0,-2.0,39.0,75.0,31.0,1.0
32.7899633333,-117.2308366667,2024-08-03 23:22:24+00:00,Agathistoma eiseni,Banded Tegula,Mollusca,1.0,1.4410436153411865,130.05245971679688,0.1472601294517517,23.0,68.0,-2.0,0.0,0.0,0.0,1.0
32.79585,-117.2302033333,2023-02-26 17:58:10+00:00,Agrocybe,,Fungi,2.0,3.4334511756896973,105.6529769897461,0.16354915499687195,22.0,31.0,20.0,51.0,73.0,23.0,1.0
32.7960748785,-117.2282155697,2019-01-19 19:15:46+00:00,Aizoaceae,Stone plants,Plantae,4.0,2.3923258781433105,247.20289611816406,0.15577995777130127,22.0,43.0,20.0,49.0,73.0,21.0,1.0
32.7901736715,-117.2310010877,2019-03-06 21:36:00+00:00,Aizoaceae,Stone plants,Plantae,1.0,4.315861225128174,310.0524597167969,0.1575649529695511,23.0,68.0,-2.0,0.0,0.0,0.0,1.0
32.7960866667,-117.2301116667,2024-09-26 18:30:21+00:00,Aizoaceae,Stone plants,Plantae,3.0,2.7802884578704834,180.0,0.12967248260974884,23.0,60.0,20.0,51.0,73.0,23.0,1.0
32.7893132407,-117.2314340049,2019-10-26 22:24:29+00:00,Alismatales,"Aroids, Water Plantains, Seagrass, and allies",Plantae,0.0,1.4410357475280762,130.05271911621094,-0.003465859452262521,24.0,94.0,-2.0,51.0,72.0,22.0,1.0
32.7963045489,-117.2289837749,2021-02-12 23:41:00+00:00,Allograpta,Streaktails,Insecta,6.0,2.9905359745025635,158.36959838867188,0.119269460439682,23.0,61.0,20.0,49.0,73.0,21.0,1.0
32.7960517654,-117.230071821,2019-09-20 19:06:00+00:00,Allograpta obliqua,Oblique Streaktail,Insecta,3.0,2.7802884578704834,180.0,0.12967248260974884,23.0,60.0,20.0,51.0,73.0,23.0,1.0
32.795952,-117.230596,2022-04-23 16:50:00+00:00,Allograpta obliqua,Oblique Streaktail,Insecta,4.0,2.205636501312256,90.0,0.0928410217165947,23.0,68.0,20.0,51.0,73.0,23.0,1.0
32.7956715338,-117.2305201489,2025-05-24 16:52:21+00:00,Allograpta obliqua,Oblique Streaktail,Insecta,4.0,4.404741287231445,90.0,0.1194462776184082,23.0,50.0,20.0,51.0,73.0,23.0,1.0
32.7897908059,-117.2311229148,2019-03-06 21:17:07+00:00,Amaranthaceae,Amaranth family,Plantae,1.0,1.4410409927368164,130.05255126953125,0.14953842759132385,23.0,58.0,-2.0,0.0,0.0,0.0,1.0
32.7911889641,-117.2299701685,2020-03-04 23:40:47+00:00,Amaranthaceae,Amaranth family,Plantae,-1.0,1.4410542249679565,310.0521240234375,0.11681777983903885,95.0,0.0,-2.0,49.0,72.0,24.0,1.0
32.794342041,-117.2293014526,2023-01-28 18:02:39+00:00,Amaranthaceae,Amaranth family,Plantae,0.0,2.3922879695892334,292.7974853515625,0.16556361317634583,95.0,0.0,20.0,50.0,72.0,23.0,1.0
32.79552406,-117.230613,2024-09-26 17:28:12+00:00,Amaranthaceae,Amaranth family,Plantae,4.0,4.404727935791016,90.0,0.13322186470031738,22.0,38.0,20.0,51.0,73.0,23.0,1.0
32.7911416667,-117.2296616667,2025-09-13 18:26:23+00:00,Amaranthaceae,Amaranth family,Plantae,0.0,3.4332826137542725,285.6537780761719,0.07399355620145798,11.0,0.0,-2.0,49.0,72.0,24.0,1.0
32.79578496,-117.23065017,2020-09-10 19:05:21+00:00,Ambigolimax,Threeband Slugs,Mollusca,4.0,4.404741287231445,90.0,0.1194462776184082,23.0,50.0,20.0,51.0,73.0,23.0,1.0
32.7957500027,-117.2306277975,2025-05-21 03:23:27+00:00,Amblonoxia palpalis,Dusty June Beetle,Insecta,4.0,4.404741287231445,90.0,0.1194462776184082,23.0,50.0,20.0,51.0,73.0,23.0,1.0
32.7958474355,-117.2306995467,2025-06-07 15:43:34+00:00,Amblonoxia palpalis,Dusty June Beetle,Insecta,6.0,4.5005645751953125,78.13190460205078,0.06891442090272903,24.0,80.0,20.0,51.0,73.0,23.0,1.0
32.7952533333,-117.23027,2024-04-28 01:03:12+00:00,Amblyopappus pusillus,dwarf coastweed,Plantae,3.0,2.880366325378418,49.949214935302734,0.1823185831308365,22.0,42.0,20.0,51.0,73.0,23.0,1.0
32.7902366667,-117.23047,2025-09-13 19:22:43+00:00,Ambrosia,Ragweeds,Plantae,2.0,2.1572682857513428,149.2570037841797,0.14154265820980072,23.0,56.0,-2.0,0.0,0.0,0.0,1.0
32.79033734,-117.230248768,2017-06-04 23:03:08+00:00,Ambrosia chamissonis,silver beachweed,Plantae,0.0,2.8802716732025146,130.0523681640625,0.09603254497051239,23.0,56.0,-2.0,0.0,0.0,0.0,1.0
32.7902616667,-117.23047,2019-03-06 20:48:03+00:00,Ambrosia chamissonis,silver beachweed,Plantae,2.0,2.1572682857513428,149.2570037841797,0.14154265820980072,23.0,56.0,-2.0,0.0,0.0,0.0,1.0
32.790375,-117.230505,2019-03-06 21:20:50+00:00,Ambrosia chamissonis,silver beachweed,Plantae,2.0,2.1572682857513428,149.2570037841797,0.14154265820980072,23.0,56.0,-2.0,0.0,0.0,0.0,1.0
32.79029667,-117.23037833,2020-03-04 13:18:04+00:00,Ambrosia chamissonis,silver beachweed,Plantae,0.0,2.8802716732025146,130.0523681640625,0.09603254497051239,23.0,56.0,-2.0,0.0,0.0,0.0,1.0
32.79031167,-117.23052167,2020-03-04 21:17:19+00:00,Ambrosia chamissonis,silver beachweed,Plantae,2.0,2.1572682857513428,149.2570037841797,0.14154265820980072,23.0,56.0,-2.0,0.0,0.0,0.0,1.0
32.7902133637,-117.2305205866,2020-03-11 22:25:50+00:00,Ambrosia chamissonis,silver beachweed,Plantae,0.0,2.157266616821289,149.25709533691406,0.08216650038957596,23.0,65.0,-2.0,0.0,0.0,0.0,1.0
32.790269191,-117.2304392976,2021-05-05 20:19:19+00:00,Ambrosia chamissonis,silver beachweed,Plantae,2.0,2.1572682857513428,149.2570037841797,0.14154265820980072,23.0,56.0,-2.0,0.0,0.0,0.0,1.0
32.790345,-117.2303383333,2022-04-27 20:15:21+00:00,Ambrosia chamissonis,silver beachweed,Plantae,0.0,2.8802716732025146,130.0523681640625,0.09603254497051239,23.0,56.0,-2.0,0.0,0.0,0.0,1.0
32.790305,-117.230355,2022-04-27 20:22:15+00:00,Ambrosia chamissonis,silver beachweed,Plantae,0.0,2.8802716732025146,130.0523681640625,0.09603254497051239,23.0,56.0,-2.0,0.0,0.0,0.0,1.0
32.7903283333,-117.2303616667,2022-04-27 21:09:53+00:00,Ambrosia chamissonis,silver beachweed,Plantae,0.0,2.8802716732025146,130.0523681640625,0.09603254497051239,23.0,56.0,-2.0,0.0,0.0,0.0,1.0
32.7905466667,-117.2304783333,2023-01-21 15:17:30+00:00,Ambrosia chamissonis,silver beachweed,Plantae,2.0,1.4410488605499268,310.0522766113281,0.13278251886367798,95.0,0.0,-2.0,0.0,0.0,0.0,1.0
32.7905527778,-117.230475,2023-06-20 18:00:00+00:00,Ambrosia chamissonis,silver beachweed,Plantae,2.0,1.4410488605499268,310.0522766113281,0.13278251886367798,95.0,0.0,-2.0,0.0,0.0,0.0,1.0
32.79045,-117.2306583333,2024-04-11 21:47:00+00:00,Ambrosia chamissonis,silver beachweed,Plantae,2.0,2.1572682857513428,149.2570037841797,0.14154265820980072,23.0,56.0,-2.0,0.0,0.0,0.0,1.0
32.7903166667,-117.2307583333,2024-04-30 21:02:08+00:00,Ambrosia chamissonis,silver beachweed,Plantae,1.0,4.404467582702637,270.0,0.17883774638175964,23.0,63.0,-2.0,0.0,0.0,0.0,1.0
32.7905916667,-117.2304833333,2024-05-25 21:40:00+00:00,Ambrosia chamissonis,silver beachweed,Plantae,2.0,1.4410488605499268,310.0522766113281,0.13278251886367798,95.0,0.0,-2.0,0.0,0.0,0.0,1.0
32.7902944444,-117.2304083333,2025-02-01 21:51:00+00:00,Ambrosia chamissonis,silver beachweed,Plantae,0.0,2.8802716732025146,130.0523681640625,0.09603254497051239,23.0,56.0,-2.0,0.0,0.0,0.0,1.0
32.790425,-117.2302694444,2025-02-01 22:09:00+00:00,Ambrosia chamissonis,silver beachweed,Plantae,0.0,2.8802716732025146,130.0523681640625,0.09603254497051239,23.0,56.0,-2.0,0.0,0.0,0.0,1.0
32.7903979997,-117.2306880058,2026-01-15 17:22:19+00:00,Ambrosia chamissonis,silver beachweed,Plantae,1.0,4.404467582702637,270.0,0.17883774638175964,23.0,63.0,-2.0,0.0,0.0,0.0,1.0
32.792181,-117.231416,2012-11-15 16:49:48+00:00,Ammospiza nelsoni,Nelson's Sparrow,Aves,2.0,6.654465675354004,97.9756088256836,0.19780150055885315,22.0,43.0,20.0,39.0,75.0,31.0,1.0
32.7934076,-117.228756,2013-01-09 16:01:40+00:00,Ammospiza nelsoni,Nelson's Sparrow,Aves,-1.0,0.9274099469184875,180.0,0.1348302960395813,95.0,0.0,20.0,47.0,71.0,24.0,1.0
32.7927612793,-117.2312313412,2013-01-13 11:18:00+00:00,Ammospiza nelsoni,Nelson's Sparrow,Aves,6.0,7.544719219207764,119.26728057861328,0.15860658884048462,23.0,68.0,20.0,39.0,75.0,31.0,1.0
32.7928939341,-117.2310744097,2018-12-24 19:19:35+00:00,Ammospiza nelsoni,Nelson's Sparrow,Aves,2.0,8.029680252075195,125.01235961914062,0.15860658884048462,22.0,49.0,20.0,49.0,72.0,24.0,1.0
32.7916286,-117.2307042,2019-11-26 14:23:00+00:00,Ammospiza nelsoni,Nelson's Sparrow,Aves,0.0,2.205526351928711,90.0,0.19233864545822144,95.0,0.0,20.0,49.0,72.0,24.0,1.0
32.7928634542,-117.2311402748,2019-11-28 18:08:00+00:00,Ammospiza nelsoni,Nelson's Sparrow,Aves,2.0,8.029680252075195,125.01235961914062,0.15860658884048462,22.0,49.0,20.0,49.0,72.0,24.0,1.0
32.7928831409,-117.2311426075,2020-01-11 17:42:24+00:00,Ammospiza nelsoni,Nelson's Sparrow,Aves,2.0,8.029680252075195,125.01235961914062,0.15860658884048462,22.0,49.0,20.0,49.0,72.0,24.0,1.0
32.7929821662,-117.2310781509,2020-01-11 19:40:30+00:00,Ammospiza nelsoni,Nelson's Sparrow,Aves,5.0,5.746163368225098,130.05149841308594,0.13423486053943634,23.0,61.0,20.0,50.0,72.0,23.0,1.0
32.7928135238,-117.2311489001,2021-12-05 10:29:00+00:00,Ammospiza nelsoni,Nelson's Sparrow,Aves,2.0,8.029680252075195,125.01235961914062,0.15860658884048462,22.0,49.0,20.0,49.0,72.0,24.0,1.0
32.7928523734,-117.231101815,2022-01-03 17:50:00+00:00,Ammospiza nelsoni,Nelson's Sparrow,Aves,2.0,8.029680252075195,125.01235961914062,0.15860658884048462,22.0,49.0,20.0,49.0,72.0,24.0,1.0
32.7954104206,-117.2301261892,2022-11-23 16:08:00+00:00,Ammospiza nelsoni,Nelson's Sparrow,Aves,1.0,1.441096305847168,49.949302673339844,0.180143803358078,22.0,39.0,20.0,51.0,73.0,23.0,1.0
32.7929397977,-117.2310630751,2023-11-26 18:33:00+00:00,Ammospiza nelsoni,Nelson's Sparrow,Aves,5.0,5.746163368225098,130.05149841308594,0.13423486053943634,23.0,61.0,20.0,50.0,72.0,23.0,1.0
32.7927391506,-117.2312323444,2023-12-28 18:17:00+00:00,Ammospiza nelsoni,Nelson's Sparrow,Aves,6.0,7.544719219207764,119.26728057861328,0.15860658884048462,23.0,68.0,20.0,39.0,75.0,31.0,1.0
32.7929253178,-117.2311214821,2025-11-06 17:00:00+00:00,Ammospiza nelsoni,Nelson's Sparrow,Aves,5.0,5.746163368225098,130.05149841308594,0.13423486053943634,23.0,61.0,20.0,50.0,72.0,23.0,1.0
32.7929672329,-117.231061768,2025-11-06 18:21:00+00:00,Ammospiza nelsoni,Nelson's Sparrow,Aves,5.0,5.746163368225098,130.05149841308594,0.13423486053943634,23.0,61.0,20.0,50.0,72.0,23.0,1.0
32.7923217622,-117.2314334232,2025-12-06 17:48:12+00:00,Ammospiza nelsoni,Nelson's Sparrow,Aves,2.0,6.654465675354004,97.9756088256836,0.19780150055885315,22.0,43.0,20.0,39.0,75.0,31.0,1.0
32.7929256855,-117.2311240062,2019-11-27 18:54:44+00:00,Ammospiza nelsoni nelsoni,Interior Nelson’s Sparrow,Aves,5.0,5.746163368225098,130.05149841308594,0.13423486053943634,23.0,61.0,20.0,50.0,72.0,23.0,1.0
32.7896883333,-117.231255,2018-04-11 20:14:26+00:00,Amphibalanus,,Animalia,1.0,4.315853595733643,310.05255126953125,0.14953842759132385,23.0,58.0,-2.0,51.0,72.0,22.0,1.0
32.7895938652,-117.2312716955,2018-04-11 21:34:14+00:00,Amphibalanus,,Animalia,1.0,1.4410383701324463,130.05264282226562,0.06408825516700745,23.0,71.0,-2.0,51.0,72.0,22.0,1.0
32.7916984558,-117.2309494019,2020-01-26 23:42:50+00:00,Amphibalanus amphitrite,Striped Barnacle,Animalia,0.0,2.205526351928711,90.0,0.19233864545822144,95.0,0.0,20.0,49.0,72.0,24.0,1.0
32.79092833,-117.22882,2020-03-04 13:50:16+00:00,Amphibalanus amphitrite,Striped Barnacle,Animalia,3.0,3.704791784286499,180.0,0.05613994225859642,11.0,0.0,-2.0,48.0,70.0,23.0,1.0
32.7909555556,-117.2288138889,2021-05-05 20:43:00+00:00,Amphibalanus amphitrite,Striped Barnacle,Animalia,3.0,3.704791784286499,180.0,0.05613994225859642,11.0,0.0,-2.0,48.0,70.0,23.0,1.0
32.7909783333,-117.2287833333,2021-05-05 20:56:47+00:00,Amphibalanus amphitrite,Striped Barnacle,Animalia,3.0,3.5466909408569336,141.58438110351562,0.13433071970939636,11.0,0.0,-2.0,48.0,70.0,23.0,1.0
32.7910216667,-117.2288666667,2022-04-27 20:49:57+00:00,Amphibalanus amphitrite,Striped Barnacle,Animalia,3.0,3.704791784286499,180.0,0.05613994225859642,11.0,0.0,-2.0,48.0,70.0,23.0,1.0
32.790775,-117.2280366667,2023-01-25 21:32:49+00:00,Amphibalanus amphitrite,Striped Barnacle,Animalia,1.0,0.0,-0.0,0.13407741487026215,95.0,0.0,-2.0,48.0,70.0,23.0,1.0
32.7907633333,-117.2280583333,2024-01-31 21:33:18+00:00,Amphibalanus amphitrite,Striped Barnacle,Animalia,1.0,0.0,-0.0,0.13407741487026215,95.0,0.0,-2.0,48.0,70.0,23.0,1.0
32.7911116667,-117.2267083333,2024-01-31 21:55:34+00:00,Amphibalanus amphitrite,Striped Barnacle,Animalia,0.0,1.1031649112701416,90.0,0.013260229490697384,11.0,0.0,-2.0,49.0,71.0,23.0,1.0
32.7916194444,-117.2305,2025-07-02 18:51:00+00:00,Amphibalanus amphitrite,Striped Barnacle,Animalia,-1.0,1.1031718254089355,90.0,0.13833141326904297,95.0,0.0,20.0,49.0,72.0,24.0,1.0
32.7945888889,-117.2276694444,2026-01-21 22:04:00+00:00,Amphibalanus amphitrite,Striped Barnacle,Animalia,1.0,2.39229416847229,247.20257568359375,0.12678247690200806,22.0,45.0,20.0,47.0,71.0,24.0,1.0
32.7905408945,-117.2300548946,2020-03-11 22:32:53+00:00,Ampullariidae,Apple Snails,Mollusca,1.0,1.4410488605499268,49.947715759277344,0.12852990627288818,22.0,49.0,-2.0,0.0,0.0,0.0,1.0
32.7934076,-117.228756,2012-12-02 19:23:15+00:00,Anas acuta,Northern Pintail,Aves,-1.0,0.9274099469184875,180.0,0.1348302960395813,95.0,0.0,20.0,47.0,71.0,24.0,1.0
32.7956385365,-117.2285875746,2022-02-05 17:59:00+00:00,Anas acuta,Northern Pintail,Aves,0.0,2.7802884578704834,180.0,0.18270500004291534,22.0,31.0,20.0,49.0,73.0,21.0,1.0
32.7953158596,-117.2297160913,2023-01-21 15:52:00+00:00,Anas acuta,Northern Pintail,Aves,1.0,3.3063838481903076,90.0,0.18101051449775696,95.0,0.0,20.0,51.0,73.0,23.0,1.0
32.795534,-117.228423,2023-01-21 16:28:00+00:00,Anas acuta,Northern Pintail,Aves,1.0,4.500550746917725,281.8681335449219,0.1647218018770218,23.0,50.0,20.0,49.0,73.0,21.0,1.0
32.79559966,-117.2285278914,2023-01-21 17:16:00+00:00,Anas acuta,Northern Pintail,Aves,-1.0,2.392313241958618,247.20277404785156,0.16151370108127594,22.0,38.0,20.0,49.0,73.0,21.0,1.0
32.7958483333,-117.2285533333,2024-01-12 17:10:23+00:00,Anas acuta,Northern Pintail,Aves,0.0,2.7802884578704834,180.0,0.18270500004291534,22.0,31.0,20.0,49.0,73.0,21.0,1.0
32.7955866667,-117.2298283333,2025-12-05 16:24:00+00:00,Anas acuta,Northern Pintail,Aves,1.0,0.0,-0.0,0.19635267555713654,22.0,41.0,20.0,51.0,73.0,23.0,1.0
32.7898361111,-117.2323777778,2019-03-07 19:23:00+00:00,Anas platyrhynchos,Mallard,Aves,4.0,6.154652118682861,63.23370361328125,0.09987203776836395,23.0,66.0,-2.0,51.0,72.0,22.0,1.0
32.7960528808,-117.230182231,2020-04-26 18:41:21+00:00,Anas platyrhynchos,Mallard,Aves,3.0,2.1573052406311035,149.25535583496094,0.10808767378330231,23.0,61.0,20.0,51.0,73.0,23.0,1.0
32.7930116667,-117.22982,2022-10-23 19:06:00+00:00,Anas platyrhynchos,Mallard,Aves,1.0,1.4410725831985474,229.94850158691406,0.18424439430236816,21.0,16.0,20.0,50.0,72.0,23.0,1.0
32.7956903628,-117.2288621014,2023-02-04 15:42:00+00:00,Anas platyrhynchos,Mallard,Aves,0.0,3.8646881580352783,163.43728637695312,0.20311467349529266,22.0,39.0,20.0,49.0,73.0,21.0,1.0
32.7920015964,-117.231224167,2024-05-11 19:49:00+00:00,Anas platyrhynchos,Mallard,Aves,2.0,5.576310157775879,80.4561996459961,0.20305684208869934,22.0,44.0,20.0,39.0,75.0,31.0,1.0
32.7952,-117.2277133333,2024-07-01 02:04:48+00:00,Anas platyrhynchos,Mallard,Aves,3.0,2.1572999954223633,149.25559997558594,0.14789268374443054,23.0,64.0,20.0,49.0,73.0,21.0,1.0
32.7951337945,-117.2292995515,2025-02-01 15:45:00+00:00,Anas platyrhynchos,Mallard,Aves,-2.0,2.1572999954223633,149.25559997558594,0.175980344414711,22.0,20.0,20.0,51.0,73.0,23.0,1.0
32.7953609383,-117.2293997703,2025-02-01 18:42:00+00:00,Anas platyrhynchos,Mallard,Aves,1.0,2.157301902770996,149.25552368164062,0.19635267555713654,22.0,39.0,20.0,51.0,73.0,23.0,1.0
32.7958908081,-117.2305908203,2025-04-29 01:56:30+00:00,Anas platyrhynchos,Mallard,Aves,4.0,2.205636501312256,90.0,0.0928410217165947,23.0,68.0,20.0,51.0,73.0,23.0,1.0
32.7930885389,-117.2294697722,2024-01-27 23:34:50+00:00,Anatidae,"Ducks, Geese, and Swans",Aves,1.0,0.0,-0.0,0.18424439430236816,95.0,0.0,20.0,50.0,72.0,23.0,1.0
32.7944716667,-117.2276616667,2025-02-11 22:20:58+00:00,Anatidae,"Ducks, Geese, and Swans",Aves,1.0,1.1032062768936157,270.0,0.15007136762142181,95.0,0.0,20.0,47.0,71.0,24.0,1.0
32.7956652229,-117.2294965903,2025-04-26 17:34:27+00:00,Anatidae,"Ducks, Geese, and Swans",Aves,1.0,0.9274099469184875,180.0,0.19704265892505646,22.0,45.0,20.0,51.0,73.0,23.0,1.0
32.794167,-117.227633,2026-01-21 22:15:00+00:00,Anatidae,"Ducks, Geese, and Swans",Aves,1.0,1.1032028198242188,270.0,0.17474384605884552,95.0,0.0,20.0,47.0,71.0,24.0,1.0
32.794167,-117.22785,2026-01-21 22:30:00+00:00,Anatidae,"Ducks, Geese, and Swans",Aves,0.0,2.2055883407592773,270.0,0.17474384605884552,95.0,0.0,20.0,47.0,71.0,24.0,1.0
32.7913496644,-117.2292366532,2018-04-11 20:51:59+00:00,Angiospermae,Flowering Plants,Plantae,2.0,2.157275438308716,329.2566833496094,0.20044872164726257,95.0,0.0,-2.0,49.0,72.0,24.0,1.0
32.7896,-117.2313472222,2020-03-04 20:56:00+00:00,Angiospermae,Flowering Plants,Plantae,1.0,1.4410383701324463,130.05264282226562,0.06408825516700745,23.0,71.0,-2.0,51.0,72.0,22.0,1.0
32.7942276001,-117.2291717529,2023-01-28 18:02:04+00:00,Angiospermae,Flowering Plants,Plantae,0.0,1.4410831928253174,229.94886779785156,0.18536525964736938,95.0,0.0,20.0,50.0,72.0,23.0,1.0
32.7955322266,-117.2280426025,2024-02-03 18:20:25+00:00,Angiospermae,Flowering Plants,Plantae,3.0,3.306394100189209,270.0,0.15612448751926422,22.0,44.0,20.0,49.0,73.0,21.0,1.0
32.79097128,-117.22963248,2025-04-12 16:53:57+00:00,Angiospermae,Flowering Plants,Plantae,1.0,2.3922054767608643,292.7983093261719,0.05830712243914604,23.0,67.0,-2.0,49.0,72.0,24.0,1.0
32.79515,-117.228645,2023-02-04 19:20:44+00:00,Animalia,Animals,Animalia,-1.0,3.3063838481903076,270.0,0.11386697739362717,23.0,52.0,20.0,49.0,73.0,21.0,1.0
32.79263,-117.2304133333,2024-02-21 22:41:20+00:00,Animalia,Animals,Animalia,-2.0,2.3922436237335205,112.79792785644531,0.19795022904872894,95.0,0.0,20.0,49.0,72.0,24.0,1.0
32.7894533333,-117.2315366667,2024-05-11 16:51:19+00:00,Animalia,Animals,Animalia,1.0,3.5466694831848145,321.5848083496094,0.14769913256168365,22.0,46.0,-2.0,51.0,72.0,22.0,1.0
32.7908466667,-117.229845,2024-05-11 17:22:19+00:00,Animalia,Animals,Animalia,1.0,2.3922054767608643,292.7983093261719,0.05830712243914604,23.0,67.0,-2.0,49.0,72.0,24.0,1.0
32.7904718276,-117.2297981569,2019-03-06 20:59:48+00:00,Annelida,Segmented Worms,Animalia,0.0,0.9274099469184875,180.0,-0.021889347583055496,23.0,77.0,-2.0,0.0,0.0,0.0,1.0
32.7948770138,-117.2279878608,2022-10-12 23:45:20+00:00,Anser albifrons,Greater White-fronted Goose,Aves,2.0,3.864685297012329,196.56256103515625,0.1383926123380661,23.0,75.0,20.0,47.0,71.0,24.0,1.0
32.7905533333,-117.2300866667,2022-11-12 18:53:35+00:00,Anser caerulescens,Snow Goose,Aves,1.0,1.4410488605499268,49.947715759277344,0.12852990627288818,22.0,49.0,-2.0,0.0,0.0,0.0,1.0
32.7910609838,-117.2297054529,2021-05-05 21:01:17+00:00,Anseriformes,Waterfowl,Aves,0.0,3.4332826137542725,285.6537780761719,0.07399355620145798,11.0,0.0,-2.0,49.0,72.0,24.0,1.0
32.7954168833,-117.2285894435,2025-03-24 19:24:00+00:00,Anthicini,,Insecta,-1.0,2.392313241958618,247.20277404785156,0.16151370108127594,22.0,38.0,20.0,49.0,73.0,21.0,1.0
32.7961840717,-117.22957366,2023-07-30 03:53:00+00:00,Anthomyiidae,Root-maggot Flies,Insecta,4.0,3.546776294708252,218.4173583984375,0.1059708297252655,23.0,75.0,20.0,51.0,73.0,23.0,1.0
32.794536975,-117.2300306708,2021-01-02 04:47:43+00:00,Anthus rubescens,American Pipit,Aves,3.0,4.404686450958252,90.0,0.18127182126045227,22.0,36.0,20.0,50.0,72.0,23.0,1.0
32.7955180788,-117.2298194318,2022-02-05 18:58:00+00:00,Anthus rubescens,American Pipit,Aves,1.0,0.0,-0.0,0.19635267555713654,22.0,41.0,20.0,51.0,73.0,23.0,1.0
32.79185,-117.2284166667,2025-04-16 17:23:57+00:00,Anthus rubescens,American Pipit,Aves,-1.0,1.1031752824783325,270.0,0.20483563840389252,95.0,0.0,20.0,48.0,70.0,23.0,1.0
32.79068,-117.2286083333,2022-04-27 20:59:55+00:00,Apantesis,,Insecta,0.0,2.7802884578704834,180.0,-0.03058062493801117,11.0,0.0,-2.0,0.0,0.0,0.0,1.0
32.7906271,-117.2286971997,2022-04-27 20:59:49+00:00,Apantesis proxima,Mexican Tiger Moth,Insecta,0.0,2.7802884578704834,180.0,-0.03058062493801117,11.0,0.0,-2.0,0.0,0.0,0.0,1.0
32.7954984722,-117.2304695125,2022-08-11 16:55:00+00:00,Aphididae,Aphids,Insecta,4.0,4.404727935791016,90.0,0.13322186470031738,22.0,38.0,20.0,51.0,73.0,23.0,1.0
32.7958717555,-117.2305734828,2025-09-09 19:18:43+00:00,Aphidinae,,Insecta,4.0,4.404741287231445,90.0,0.1194462776184082,23.0,50.0,20.0,51.0,73.0,23.0,1.0
32.7956684517,-117.2306258233,2022-04-23 17:15:00+00:00,Aphrophoridae,True Spittlebugs,Insecta,4.0,4.404741287231445,90.0,0.1194462776184082,23.0,50.0,20.0,51.0,73.0,23.0,1.0
32.7963,-117.22892,2020-02-01 19:01:00+00:00,Apis mellifera,Western Honey Bee,Insecta,6.0,2.9905359745025635,158.36959838867188,0.119269460439682,23.0,61.0,20.0,49.0,73.0,21.0,1.0
32.79031333,-117.23031667,2020-03-04 21:20:01+00:00,Apis mellifera,Western Honey Bee,Insecta,0.0,2.8802716732025146,130.0523681640625,0.09603254497051239,23.0,56.0,-2.0,0.0,0.0,0.0,1.0
32.7903216667,-117.2303616667,2021-05-05 20:22:14+00:00,Apis mellifera,Western Honey Bee,Insecta,0.0,2.8802716732025146,130.0523681640625,0.09603254497051239,23.0,56.0,-2.0,0.0,0.0,0.0,1.0
32.7909251653,-117.2319197981,2021-08-09 17:23:16+00:00,Apis mellifera,Western Honey Bee,Insecta,4.0,8.805005073547363,95.99871826171875,0.12917357683181763,23.0,59.0,-2.0,39.0,75.0,31.0,1.0
32.795843602,-117.2293721613,2022-02-05 18:30:00+00:00,Apis mellifera,Western Honey Bee,Insecta,1.0,0.9274099469184875,180.0,0.19704265892505646,22.0,45.0,20.0,51.0,73.0,23.0,1.0
32.7959039133,-117.2303717983,2022-04-23 16:35:00+00:00,Apis mellifera,Western Honey Bee,Insecta,3.0,2.1573052406311035,149.25535583496094,0.10808767378330231,23.0,61.0,20.0,51.0,73.0,23.0,1.0
32.7893416667,-117.23162,2022-04-27 20:00:20+00:00,Apis mellifera,Western Honey Bee,Insecta,1.0,3.433213233947754,74.34590911865234,0.07006639242172241,23.0,62.0,-2.0,51.0,72.0,22.0,1.0
32.7905783333,-117.2301033333,2022-04-27 20:31:31+00:00,Apis mellifera,Western Honey Bee,Insecta,1.0,1.4410488605499268,49.947715759277344,0.12852990627288818,22.0,49.0,-2.0,0.0,0.0,0.0,1.0
32.7959989476,-117.2300734209,2022-05-14 17:36:00+00:00,Apis mellifera,Western Honey Bee,Insecta,3.0,2.7802884578704834,180.0,0.12967248260974884,23.0,60.0,20.0,51.0,73.0,23.0,1.0
32.7957250113,-117.2287951676,2023-02-04 16:28:00+00:00,Apis mellifera,Western Honey Bee,Insecta,0.0,2.7802884578704834,180.0,0.18270500004291534,22.0,31.0,20.0,49.0,73.0,21.0,1.0
32.7902027778,-117.2307666667,2024-04-11 21:40:00+00:00,Apis mellifera,Western Honey Bee,Insecta,1.0,1.4410436153411865,130.05245971679688,0.1472601294517517,23.0,68.0,-2.0,0.0,0.0,0.0,1.0
32.7896159934,-117.2313555983,2024-05-11 16:56:29+00:00,Apis mellifera,Western Honey Bee,Insecta,1.0,1.4410383701324463,130.05264282226562,0.06408825516700745,23.0,71.0,-2.0,51.0,72.0,22.0,1.0
32.7958564362,-117.2306794836,2025-04-26 16:35:32+00:00,Apis mellifera,Western Honey Bee,Insecta,4.0,4.404741287231445,90.0,0.1194462776184082,23.0,50.0,20.0,51.0,73.0,23.0,1.0
32.79593946,-117.23058539,2025-08-07 02:08:24+00:00,Apis mellifera,Western Honey Bee,Insecta,4.0,2.205636501312256,90.0,0.0928410217165947,23.0,68.0,20.0,51.0,73.0,23.0,1.0
32.7954202772,-117.2301615632,2025-12-16 21:41:00+00:00,Apis mellifera,Western Honey Bee,Insecta,2.0,3.433441400527954,74.34697723388672,0.1708993762731552,22.0,39.0,20.0,51.0,73.0,23.0,1.0
32.7912415378,-117.2299095524,2018-04-11 21:14:48+00:00,Aplysia,,Mollusca,-1.0,1.4410542249679565,310.0521240234375,0.11681777983903885,95.0,0.0,-2.0,49.0,72.0,24.0,1.0
32.7913472222,-117.2297138889,2020-03-04 21:34:00+00:00,Aplysia,,Mollusca,0.0,3.306239604949951,270.0,0.1820506900548935,95.0,0.0,-2.0,49.0,72.0,24.0,1.0
32.7913015522,-117.229749458,2020-03-11 22:42:11+00:00,Aplysia,,Mollusca,0.0,3.306239604949951,270.0,0.1820506900548935,95.0,0.0,-2.0,49.0,72.0,24.0,1.0
32.79131667,-117.229705,2020-03-04 13:33:21+00:00,Aplysia californica,California Seahare,Mollusca,0.0,3.306239604949951,270.0,0.1820506900548935,95.0,0.0,-2.0,49.0,72.0,24.0,1.0
32.79578192,-117.23058842,2021-09-24 15:26:04+00:00,Araneidae,Orbweavers,Arachnida,4.0,4.404741287231445,90.0,0.1194462776184082,23.0,50.0,20.0,51.0,73.0,23.0,1.0
32.795832765,-117.2306870783,2022-04-23 17:45:00+00:00,Archytas apicifer,Hornworm Tachinid Fly,Insecta,6.0,4.5005645751953125,78.13190460205078,0.06891442090272903,24.0,80.0,20.0,51.0,73.0,23.0,1.0
32.7910913238,-117.2302104862,2019-03-06 21:00:41+00:00,Arcuatula senhousia,Asian Date Mussel,Mollusca,-1.0,1.8543341159820557,-0.0,0.09041575342416763,95.0,0.0,-2.0,49.0,72.0,24.0,1.0
32.78943333,-117.23133833,2020-03-04 12:52:11+00:00,Arcuatula senhousia,Asian Date Mussel,Mollusca,1.0,1.4410383701324463,130.05264282226562,0.06408825516700745,23.0,71.0,-2.0,51.0,72.0,22.0,1.0
32.79026333,-117.23036167,2020-03-04 13:24:42+00:00,Arcuatula senhousia,Asian Date Mussel,Mollusca,0.0,2.8802716732025146,130.0523681640625,0.09603254497051239,23.0,56.0,-2.0,0.0,0.0,0.0,1.0
32.7898174518,-117.2310170531,2020-03-04 21:23:55+00:00,Arcuatula senhousia,Asian Date Mussel,Mollusca,1.0,1.4410409927368164,130.05255126953125,0.14953842759132385,23.0,58.0,-2.0,0.0,0.0,0.0,1.0
32.79009667,-117.23088,2020-03-11 22:20:21+00:00,Arcuatula senhousia,Asian Date Mussel,Mollusca,1.0,1.4410436153411865,130.05245971679688,0.1472601294517517,23.0,68.0,-2.0,0.0,0.0,0.0,1.0
32.7911222222,-117.2291805556,2022-04-27 20:42:00+00:00,Arcuatula senhousia,Asian Date Mussel,Mollusca,3.0,2.3922119140625,292.7982482910156,0.085202157497406,11.0,0.0,-2.0,49.0,72.0,24.0,1.0
32.7906927453,-117.2298604626,2023-01-14 18:58:00+00:00,Arcuatula senhousia,Asian Date Mussel,Mollusca,1.0,1.4410488605499268,130.0522918701172,0.0012941418681293726,23.0,71.0,-2.0,0.0,0.0,0.0,1.0
32.7912720894,-117.2295445204,2023-03-11 18:47:19+00:00,Arcuatula senhousia,Asian Date Mussel,Mollusca,2.0,3.30622935295105,270.0,0.07399355620145798,11.0,0.0,-2.0,49.0,72.0,24.0,1.0
32.79115,-117.2317777778,2024-08-09 19:59:20+00:00,Arcuatula senhousia,Asian Date Mussel,Mollusca,5.0,8.805031776428223,95.99870300292969,0.13290642201900482,23.0,73.0,-2.0,39.0,75.0,31.0,1.0
32.7911501581,-117.2301346291,2025-07-12 17:24:21+00:00,Arcuatula senhousia,Asian Date Mussel,Mollusca,-1.0,1.4410542249679565,310.0521240234375,0.11681777983903885,95.0,0.0,-2.0,49.0,72.0,24.0,1.0
32.7910786496,-117.229640051,2025-11-08 18:47:15+00:00,Arcuatula senhousia,Asian Date Mussel,Mollusca,0.0,3.4332826137542725,285.6537780761719,0.07399355620145798,11.0,0.0,-2.0,49.0,72.0,24.0,1.0
32.79123,-117.2299333333,2026-01-10 18:25:18+00:00,Arcuatula senhousia,Asian Date Mussel,Mollusca,-1.0,1.4410542249679565,310.0521240234375,0.11681777983903885,95.0,0.0,-2.0,49.0,72.0,24.0,1.0
32.792621,-117.23088,2014-11-23 17:42:57+00:00,Ardea alba,Great Egret,Aves,-1.0,2.1572823524475098,149.25637817382812,0.1945434957742691,21.0,12.0,20.0,49.0,72.0,24.0,1.0
32.7950633071,-117.23037321,2015-02-05 12:48:00+00:00,Ardea alba,Great Egret,Aves,4.0,2.392300605773926,67.20264434814453,0.17610977590084076,23.0,63.0,20.0,50.0,72.0,23.0,1.0
32.7911297232,-117.2302294896,2018-04-11 21:18:04+00:00,Ardea alba,Great Egret,Aves,-1.0,1.8543341159820557,-0.0,0.09041575342416763,95.0,0.0,-2.0,49.0,72.0,24.0,1.0
32.7945890989,-117.2300404851,2018-06-29 16:31:00+00:00,Ardea alba,Great Egret,Aves,3.0,4.404686450958252,90.0,0.18127182126045227,22.0,36.0,20.0,50.0,72.0,23.0,1.0
32.7909111111,-117.232025,2019-03-07 19:48:00+00:00,Ardea alba,Great Egret,Aves,4.0,8.805005073547363,95.99871826171875,0.12917357683181763,23.0,59.0,-2.0,39.0,75.0,31.0,1.0
32.7907433333,-117.2321116667,2019-03-26 21:55:00+00:00,Ardea alba,Great Egret,Aves,8.0,6.154697418212891,116.76608276367188,0.07844877988100052,23.0,62.0,-2.0,51.0,72.0,22.0,1.0
32.7910041809,-117.2317962646,2020-02-01 21:33:41+00:00,Ardea alba,Great Egret,Aves,4.0,8.805005073547363,95.99871826171875,0.12917357683181763,23.0,59.0,-2.0,39.0,75.0,31.0,1.0
32.7906305556,-117.2319277778,2020-09-27 16:44:00+00:00,Ardea alba,Great Egret,Aves,4.0,9.998680114746094,100.58159637451172,0.12075749039649963,22.0,37.0,-2.0,51.0,72.0,22.0,1.0
32.7949833333,-117.2300716667,2021-02-12 11:31:31+00:00,Ardea alba,Great Egret,Aves,3.0,3.4334213733673096,74.34688568115234,0.19704212248325348,22.0,29.0,20.0,50.0,72.0,23.0,1.0
32.790955,-117.2320383333,2021-12-04 16:42:30+00:00,Ardea alba,Great Egret,Aves,8.0,4.404494762420654,90.0,0.07171253114938736,23.0,79.0,-2.0,39.0,75.0,31.0,1.0
32.7916966667,-117.2267,2022-08-28 17:55:49+00:00,Ardea alba,Great Egret,Aves,0.0,1.1031718254089355,90.0,-0.03126996383070946,11.0,0.0,20.0,49.0,71.0,23.0,1.0
32.7912783333,-117.2295533333,2022-11-12 18:03:33+00:00,Ardea alba,Great Egret,Aves,2.0,3.30622935295105,270.0,0.07399355620145798,11.0,0.0,-2.0,49.0,72.0,24.0,1.0
32.7899101988,-117.2311146794,2022-12-03 22:19:00+00:00,Ardea alba,Great Egret,Aves,1.0,1.4410409927368164,130.05255126953125,0.14953842759132385,23.0,58.0,-2.0,0.0,0.0,0.0,1.0
32.7951802032,-117.2284823083,2023-01-21 17:31:00+00:00,Ardea alba,Great Egret,Aves,1.0,4.404714107513428,270.0,0.12865452468395233,23.0,60.0,20.0,49.0,73.0,21.0,1.0
32.7955660022,-117.2287516056,2023-02-04 15:45:00+00:00,Ardea alba,Great Egret,Aves,-1.0,2.392313241958618,247.20277404785156,0.16151370108127594,22.0,38.0,20.0,49.0,73.0,21.0,1.0
32.7950996549,-117.2302963226,2023-02-04 16:19:00+00:00,Ardea alba,Great Egret,Aves,3.0,2.880366325378418,49.949214935302734,0.1823185831308365,22.0,42.0,20.0,51.0,73.0,23.0,1.0
32.7933725229,-117.2295527615,2023-11-28 16:50:00+00:00,Ardea alba,Great Egret,Aves,0.0,2.8803296089172363,49.9485969543457,0.19605720043182373,95.0,0.0,20.0,50.0,72.0,23.0,1.0
32.7922109254,-117.2314140201,2023-12-16 15:08:39+00:00,Ardea alba,Great Egret,Aves,2.0,6.654465675354004,97.9756088256836,0.19780150055885315,22.0,43.0,20.0,39.0,75.0,31.0,1.0
32.7909694444,-117.2321027778,2024-01-01 16:55:00+00:00,Ardea alba,Great Egret,Aves,8.0,4.404494762420654,90.0,0.07171253114938736,23.0,79.0,-2.0,39.0,75.0,31.0,1.0
32.796035,-117.2294466667,2024-01-12 16:39:41+00:00,Ardea alba,Great Egret,Aves,2.0,2.7802884578704834,180.0,0.14166799187660217,23.0,67.0,20.0,51.0,73.0,23.0,1.0
32.7956116667,-117.2295533333,2024-01-12 17:01:31+00:00,Ardea alba,Great Egret,Aves,1.0,0.9274099469184875,180.0,0.19704265892505646,22.0,45.0,20.0,51.0,73.0,23.0,1.0
32.7915355879,-117.2314773393,2024-01-27 21:51:51+00:00,Ardea alba,Great Egret,Aves,1.0,4.9594340324401855,138.2616424560547,0.1828867793083191,23.0,56.0,-2.0,39.0,75.0,31.0,1.0
32.7906083333,-117.22757,2024-01-31 21:34:34+00:00,Ardea alba,Great Egret,Aves,0.0,0.9274099469184875,180.0,0.0024259774945676327,11.0,0.0,-2.0,0.0,0.0,0.0,1.0
32.790875,-117.22667,2024-01-31 21:54:40+00:00,Ardea alba,Great Egret,Aves,0.0,0.0,-0.0,0.025991380214691162,95.0,0.0,-2.0,49.0,71.0,23.0,1.0
32.790917879,-117.2296538616,2024-02-01 00:30:00+00:00,Ardea alba,Great Egret,Aves,1.0,2.3922054767608643,292.7983093261719,0.05830712243914604,23.0,67.0,-2.0,49.0,72.0,24.0,1.0
32.7910927612,-117.230250557,2024-05-11 17:18:07+00:00,Ardea alba,Great Egret,Aves,-1.0,1.8543341159820557,-0.0,0.09041575342416763,95.0,0.0,-2.0,49.0,72.0,24.0,1.0
32.7955043183,-117.2302463117,2024-12-14 15:43:00+00:00,Ardea alba,Great Egret,Aves,2.0,3.433441400527954,74.34697723388672,0.1708993762731552,22.0,39.0,20.0,51.0,73.0,23.0,1.0
32.7957514678,-117.2300149369,2025-02-01 15:24:00+00:00,Ardea alba,Great Egret,Aves,1.0,2.15730357170105,149.25543212890625,0.19868019223213196,22.0,40.0,20.0,51.0,73.0,23.0,1.0
32.79532061,-117.2295396827,2025-02-01 15:41:00+00:00,Ardea alba,Great Egret,Aves,-1.0,3.7888643741607666,119.26659393310547,0.18101051449775696,95.0,0.0,20.0,51.0,73.0,23.0,1.0
32.7954819111,-117.2299465108,2025-02-01 19:51:00+00:00,Ardea alba,Great Egret,Aves,1.0,1.441096305847168,49.949302673339844,0.180143803358078,22.0,39.0,20.0,51.0,73.0,23.0,1.0
32.7904083333,-117.2302555556,2025-02-01 22:08:00+00:00,Ardea alba,Great Egret,Aves,0.0,2.8802716732025146,130.0523681640625,0.09603254497051239,23.0,56.0,-2.0,0.0,0.0,0.0,1.0
32.7959054119,-117.2303878834,2025-04-26 16:50:32+00:00,Ardea alba,Great Egret,Aves,3.0,2.1573052406311035,149.25535583496094,0.10808767378330231,23.0,61.0,20.0,51.0,73.0,23.0,1.0
32.7958145142,-117.2306137085,2025-04-28 01:44:30+00:00,Ardea alba,Great Egret,Aves,4.0,4.404741287231445,90.0,0.1194462776184082,23.0,50.0,20.0,51.0,73.0,23.0,1.0
32.795720148,-117.2305388748,2025-07-10 18:43:39+00:00,Ardea alba,Great Egret,Aves,4.0,4.404741287231445,90.0,0.1194462776184082,23.0,50.0,20.0,51.0,73.0,23.0,1.0
32.7908164523,-117.2277374448,2025-08-20 17:49:00+00:00,Ardea alba,Great Egret,Aves,1.0,0.9274099469184875,-0.0,0.13407741487026215,11.0,0.0,-2.0,48.0,70.0,23.0,1.0
32.7931361727,-117.22390505,2026-01-17 21:59:00+00:00,Ardea alba,Great Egret,Aves,0.0,0.9274099469184875,180.0,0.12117308378219604,11.0,0.0,1.0,0.0,0.0,0.0,1.0
32.794602155,-117.2256673291,2026-01-21 21:55:00+00:00,Ardea alba,Great Egret,Aves,4.0,2.9905283451080322,158.36997985839844,0.20334598422050476,95.0,0.0,20.0,41.0,73.0,28.0,1.0
32.7937,-117.2269666667,2026-01-21 22:20:18+00:00,Ardea alba,Great Egret,Aves,1.0,1.4410779476165771,130.0513153076172,0.10115405917167664,11.0,0.0,20.0,41.0,73.0,28.0,1.0
32.7928067768,-117.2273819361,2026-01-21 22:30:00+00:00,Ardea alba,Great Egret,Aves,1.0,1.8543341159820557,180.0,-0.02203495241701603,11.0,0.0,20.0,48.0,70.0,23.0,1.0
32.7915912355,-117.2317807075,2001-05-14 04:58:00+00:00,Ardea herodias,Great Blue Heron,Aves,6.0,2.880297899246216,130.0519256591797,0.10694009065628052,23.0,60.0,20.0,39.0,75.0,31.0,1.0
32.7934076,-117.228756,2012-12-02 18:21:02+00:00,Ardea herodias,Great Blue Heron,Aves,-1.0,0.9274099469184875,180.0,0.1348302960395813,95.0,0.0,20.0,47.0,71.0,24.0,1.0
32.7934076,-117.228756,2013-01-09 15:58:25+00:00,Ardea herodias,Great Blue Heron,Aves,-1.0,0.9274099469184875,180.0,0.1348302960395813,95.0,0.0,20.0,47.0,71.0,24.0,1.0
32.7945891433,-117.2295898201,2018-06-29 16:59:00+00:00,Ardea herodias,Great Blue Heron,Aves,-1.0,1.1032097339630127,90.0,0.19309589266777039,95.0,0.0,20.0,50.0,72.0,23.0,1.0
32.7955580257,-117.2298732619,2020-02-01 19:25:00+00:00,Ardea herodias,Great Blue Heron,Aves,1.0,0.0,-0.0,0.19635267555713654,22.0,41.0,20.0,51.0,73.0,23.0,1.0
32.7922388889,-117.2313388889,2020-09-27 16:35:00+00:00,Ardea herodias,Great Blue Heron,Aves,2.0,6.654465675354004,97.9756088256836,0.19780150055885315,22.0,43.0,20.0,39.0,75.0,31.0,1.0
32.7925530022,-117.2310261369,2020-11-11 09:03:58+00:00,Ardea herodias,Great Blue Heron,Aves,0.0,5.2028489112854,122.23053741455078,0.18414336442947388,21.0,12.0,20.0,49.0,72.0,24.0,1.0
32.7894235381,-117.2315705781,2021-01-01 21:13:00+00:00,Ardea herodias,Great Blue Heron,Aves,1.0,3.5466694831848145,321.5848083496094,0.14769913256168365,22.0,46.0,-2.0,51.0,72.0,22.0,1.0
32.7914727217,-117.2270862629,2021-05-25 17:11:47+00:00,Ardea herodias,Great Blue Heron,Aves,1.0,1.1031683683395386,270.0,0.12811487913131714,95.0,0.0,-2.0,49.0,71.0,23.0,1.0
32.7947696676,-117.2278159062,2022-02-05 17:56:00+00:00,Ardea herodias,Great Blue Heron,Aves,0.0,2.157296657562256,210.74424743652344,0.12678247690200806,21.0,17.0,20.0,47.0,71.0,24.0,1.0
32.7910833333,-117.22915,2022-04-27 20:48:49+00:00,Ardea herodias,Great Blue Heron,Aves,3.0,2.3922119140625,292.7982482910156,0.085202157497406,11.0,0.0,-2.0,49.0,72.0,24.0,1.0
32.79058,-117.2285916667,2022-04-27 20:56:20+00:00,Ardea herodias,Great Blue Heron,Aves,0.0,2.7802884578704834,180.0,-0.03058062493801117,11.0,0.0,-2.0,0.0,0.0,0.0,1.0
32.79302,-117.2270966667,2023-01-25 21:50:09+00:00,Ardea herodias,Great Blue Heron,Aves,0.0,3.3063013553619385,90.0,-0.014361402951180935,11.0,0.0,20.0,41.0,73.0,28.0,1.0
32.792723748,-117.2312077516,2023-12-28 17:41:00+00:00,Ardea herodias,Great Blue Heron,Aves,2.0,8.029680252075195,125.01235961914062,0.15860658884048462,22.0,49.0,20.0,49.0,72.0,24.0,1.0
32.7955666667,-117.2294216667,2024-04-27 23:16:13+00:00,Ardea herodias,Great Blue Heron,Aves,1.0,2.157301902770996,149.25552368164062,0.19635267555713654,22.0,39.0,20.0,51.0,73.0,23.0,1.0
32.79430471,-117.22903119,2024-09-26 19:34:25+00:00,Ardea herodias,Great Blue Heron,Aves,1.0,0.9274099469184875,-0.0,0.1863887459039688,21.0,16.0,20.0,47.0,71.0,24.0,1.0
32.793038321,-117.2296764928,2025-01-31 18:59:00+00:00,Ardea herodias,Great Blue Heron,Aves,1.0,1.4410725831985474,229.94850158691406,0.18424439430236816,21.0,16.0,20.0,50.0,72.0,23.0,1.0
32.7953186796,-117.229986197,2025-02-01 16:26:00+00:00,Ardea herodias,Great Blue Heron,Aves,2.0,2.880366325378418,49.949214935302734,0.18346251547336578,22.0,21.0,20.0,51.0,73.0,23.0,1.0
32.7931267275,-117.2283150352,2025-02-01 18:48:00+00:00,Ardea herodias,Great Blue Heron,Aves,-3.0,2.880324363708496,130.05149841308594,0.149042010307312,21.0,15.0,20.0,47.0,71.0,24.0,1.0
32.7954716667,-117.2287966667,2025-02-11 22:08:48+00:00,Ardea herodias,Great Blue Heron,Aves,-1.0,2.392313241958618,247.20277404785156,0.16151370108127594,22.0,38.0,20.0,49.0,73.0,21.0,1.0
32.7921600997,-117.2268537,2025-05-07 15:13:28+00:00,Ardea herodias,Great Blue Heron,Aves,0.0,0.0,-0.0,-0.03041021339595318,11.0,0.0,20.0,49.0,71.0,23.0,1.0
32.7958966667,-117.2305666667,2025-05-24 16:03:55+00:00,Ardea herodias,Great Blue Heron,Aves,4.0,2.205636501312256,90.0,0.0928410217165947,23.0,68.0,20.0,51.0,73.0,23.0,1.0
32.7954899893,-117.2302222812,2025-05-24 16:40:29+00:00,Ardea herodias,Great Blue Heron,Aves,2.0,3.433441400527954,74.34697723388672,0.1708993762731552,22.0,39.0,20.0,51.0,73.0,23.0,1.0
32.7955309303,-117.2304555524,2025-05-24 16:47:18+00:00,Ardea herodias,Great Blue Heron,Aves,4.0,4.404727935791016,90.0,0.13322186470031738,22.0,38.0,20.0,51.0,73.0,23.0,1.0
32.7959775454,-117.2301898492,2025-05-24 17:02:37+00:00,Ardea herodias,Great Blue Heron,Aves,3.0,2.1573052406311035,149.25535583496094,0.10808767378330231,23.0,61.0,20.0,51.0,73.0,23.0,1.0
32.7950972573,-117.2278558748,2025-11-13 20:32:00+00:00,Ardea herodias,Great Blue Heron,Aves,4.0,1.8543341159820557,180.0,0.14789268374443054,23.0,65.0,20.0,49.0,73.0,21.0,1.0
32.796105,-117.22995,2026-01-02 17:23:18+00:00,Ardea herodias,Great Blue Heron,Aves,3.0,2.7802884578704834,180.0,0.12967248260974884,23.0,60.0,20.0,51.0,73.0,23.0,1.0
32.7941442355,-117.2242648838,2026-01-03 21:15:00+00:00,Ardea herodias,Great Blue Heron,Aves,-4.0,10.587890625,133.85203552246094,0.024866821244359016,11.0,0.0,1.0,0.0,0.0,0.0,1.0
32.7959166667,-117.2305666667,2026-01-21 20:34:27+00:00,Ardea herodias,Great Blue Heron,Aves,4.0,2.205636501312256,90.0,0.0928410217165947,23.0,68.0,20.0,51.0,73.0,23.0,1.0
32.7957716667,-117.23053,2026-01-21 20:44:25+00:00,Ardea herodias,Great Blue Heron,Aves,4.0,4.404741287231445,90.0,0.1194462776184082,23.0,50.0,20.0,51.0,73.0,23.0,1.0
32.796025,-117.2299583333,2026-01-21 20:50:00+00:00,Ardea herodias,Great Blue Heron,Aves,3.0,2.7802884578704834,180.0,0.12967248260974884,23.0,60.0,20.0,51.0,73.0,23.0,1.0
32.7922582953,-117.2265646692,2026-01-21 22:20:00+00:00,Ardea herodias,Great Blue Heron,Aves,0.0,0.0,-0.0,-0.027139579877257347,11.0,0.0,20.0,49.0,71.0,23.0,1.0
32.7936516667,-117.227,2026-01-21 22:30:00+00:00,Ardea herodias,Great Blue Heron,Aves,1.0,1.4410779476165771,130.0513153076172,0.10115405917167664,11.0,0.0,20.0,41.0,73.0,28.0,1.0
32.7927026239,-117.2273006221,2026-01-21 22:40:00+00:00,Ardea herodias,Great Blue Heron,Aves,1.0,1.8543341159820557,180.0,-0.02203495241701603,11.0,0.0,20.0,48.0,70.0,23.0,1.0
32.7957306859,-117.2292799999,2025-04-26 16:52:21+00:00,Ardeidae,"Herons, Egrets, and Bitterns",Aves,1.0,2.9905333518981934,158.36972045898438,0.18014676868915558,22.0,36.0,20.0,51.0,73.0,23.0,1.0
32.79608135,-117.23002544,2025-08-07 01:56:15+00:00,Ardeinae,Typical Herons and Egrets,Aves,3.0,2.7802884578704834,180.0,0.12967248260974884,23.0,60.0,20.0,51.0,73.0,23.0,1.0
32.7911487617,-117.2295753617,2022-02-05 20:16:00+00:00,Arenaria melanocephala,Black Turnstone,Aves,2.0,3.30622935295105,270.0,0.07399355620145798,11.0,0.0,-2.0,49.0,72.0,24.0,1.0
32.7959415517,-117.2305234133,2022-09-24 17:11:00+00:00,Argiope argentata,Silver Garden Orbweaver,Arachnida,4.0,2.205636501312256,90.0,0.0928410217165947,23.0,68.0,20.0,51.0,73.0,23.0,1.0
32.7958805556,-117.2282416667,2025-09-27 16:44:55+00:00,Argiope argentata,Silver Garden Orbweaver,Arachnida,4.0,2.3923258781433105,247.20289611816406,0.15577995777130127,22.0,43.0,20.0,49.0,73.0,21.0,1.0
32.7930261783,-117.2285138787,2008-06-29 21:09:00+00:00,Argiope trifasciata,Banded Garden Spider,Arachnida,-3.0,2.880324363708496,130.05149841308594,0.149042010307312,21.0,15.0,20.0,47.0,71.0,24.0,1.0
32.7900583333,-117.2308055556,2025-02-01 22:19:00+00:00,Argopecten,,Mollusca,1.0,1.4410436153411865,130.05245971679688,0.1472601294517517,23.0,68.0,-2.0,0.0,0.0,0.0,1.0
32.7897383273,-117.2310799175,2019-03-06 20:45:07+00:00,Argopecten ventricosus,Pacific Calico Scallop,Mollusca,1.0,1.4410409927368164,130.05255126953125,0.14953842759132385,23.0,58.0,-2.0,0.0,0.0,0.0,1.0
32.7903466667,-117.2302383333,2021-05-05 20:23:12+00:00,Argopecten ventricosus,Pacific Calico Scallop,Mollusca,0.0,2.8802716732025146,130.0523681640625,0.09603254497051239,23.0,56.0,-2.0,0.0,0.0,0.0,1.0
32.79095,-117.2296916667,2025-05-10 18:04:46+00:00,Argopecten ventricosus,Pacific Calico Scallop,Mollusca,1.0,2.3922054767608643,292.7983093261719,0.05830712243914604,23.0,67.0,-2.0,49.0,72.0,24.0,1.0
32.7912716667,-117.229505,2025-09-13 18:39:41+00:00,Argopecten ventricosus,Pacific Calico Scallop,Mollusca,2.0,3.30622935295105,270.0,0.07399355620145798,11.0,0.0,-2.0,49.0,72.0,24.0,1.0
32.7962116667,-117.229545,2023-07-30 04:29:11+00:00,Argyrotaenia franciscana,Orange Tortrix Moth,Insecta,4.0,3.546776294708252,218.4173583984375,0.1059708297252655,23.0,75.0,20.0,51.0,73.0,23.0,1.0
32.7957018396,-117.2282080655,2023-02-04 21:07:00+00:00,Armadilloniscus lindahli,California Pilling Driftclinger,Animalia,3.0,5.576545715332031,260.45660400390625,0.14933940768241882,22.0,32.0,20.0,49.0,73.0,21.0,1.0
32.79567841,-117.2306268317,2022-04-23 17:16:00+00:00,Artemisia californica,California sagebrush,Plantae,4.0,4.404741287231445,90.0,0.1194462776184082,23.0,50.0,20.0,51.0,73.0,23.0,1.0
32.7953096,-117.230502,2025-04-26 16:06:00+00:00,Artemisia californica,California sagebrush,Plantae,4.0,3.433431386947632,74.34693145751953,0.1391647309064865,22.0,42.0,20.0,51.0,73.0,23.0,1.0
32.7950253,-117.2303015,2025-04-26 16:45:00+00:00,Artemisia californica,California sagebrush,Plantae,4.0,2.392300605773926,67.20264434814453,0.17610977590084076,23.0,63.0,20.0,50.0,72.0,23.0,1.0
32.7960274713,-117.2303643714,2025-05-13 02:55:17+00:00,Artemisia californica,California sagebrush,Plantae,3.0,2.1573052406311035,149.25535583496094,0.10808767378330231,23.0,61.0,20.0,51.0,73.0,23.0,1.0
32.7950283333,-117.230355,2025-05-17 16:50:09+00:00,Artemisia californica,California sagebrush,Plantae,4.0,2.392300605773926,67.20264434814453,0.17610977590084076,23.0,63.0,20.0,50.0,72.0,23.0,1.0
32.7959071985,-117.230666522,2025-05-24 16:34:56+00:00,Artemisia californica,California sagebrush,Plantae,4.0,2.205636501312256,90.0,0.0928410217165947,23.0,68.0,20.0,51.0,73.0,23.0,1.0
32.7951638883,-117.230419445,2025-08-15 20:07:00+00:00,Artemisia californica,California sagebrush,Plantae,4.0,3.433431386947632,74.34693145751953,0.1391647309064865,22.0,42.0,20.0,51.0,73.0,23.0,1.0
32.7952482232,-117.2304564473,2025-12-16 20:01:07+00:00,Artemisia californica,California sagebrush,Plantae,4.0,3.433431386947632,74.34693145751953,0.1391647309064865,22.0,42.0,20.0,51.0,73.0,23.0,1.0
32.7957077026,-117.2303771973,2018-07-13 22:58:40+00:00,Arthroceras subterminale,Parish's glasswort,Plantae,2.0,3.4334511756896973,105.6529769897461,0.16354915499687195,22.0,31.0,20.0,51.0,73.0,23.0,1.0
32.7921598591,-117.231316371,2019-04-11 17:48:20+00:00,Arthroceras subterminale,Parish's glasswort,Plantae,2.0,6.654465675354004,97.9756088256836,0.19780150055885315,22.0,43.0,20.0,39.0,75.0,31.0,1.0
32.7955133333,-117.2302866667,2022-03-05 00:40:23+00:00,Arthroceras subterminale,Parish's glasswort,Plantae,2.0,3.433441400527954,74.34697723388672,0.1708993762731552,22.0,39.0,20.0,51.0,73.0,23.0,1.0
32.7954444444,-117.2302333333,2023-06-20 18:00:00+00:00,Arthroceras subterminale,Parish's glasswort,Plantae,2.0,3.433441400527954,74.34697723388672,0.1708993762731552,22.0,39.0,20.0,51.0,73.0,23.0,1.0
32.7955583333,-117.2302383333,2024-01-27 23:52:24+00:00,Arthroceras subterminale,Parish's glasswort,Plantae,2.0,3.433441400527954,74.34697723388672,0.1708993762731552,22.0,39.0,20.0,51.0,73.0,23.0,1.0
32.7955283333,-117.2302166667,2024-04-27 22:15:15+00:00,Arthroceras subterminale,Parish's glasswort,Plantae,2.0,3.433441400527954,74.34697723388672,0.1708993762731552,22.0,39.0,20.0,51.0,73.0,23.0,1.0
32.7955333333,-117.2303166667,2025-02-01 17:43:05+00:00,Arthroceras subterminale,Parish's glasswort,Plantae,2.0,3.433441400527954,74.34697723388672,0.1708993762731552,22.0,39.0,20.0,51.0,73.0,23.0,1.0
32.795599876,-117.2298397311,2025-02-11 22:41:44+00:00,Arthroceras subterminale,Parish's glasswort,Plantae,1.0,0.0,-0.0,0.19635267555713654,22.0,41.0,20.0,51.0,73.0,23.0,1.0
32.7957740033,-117.228606512,2025-03-24 19:08:00+00:00,Arthroceras subterminale,Parish's glasswort,Plantae,0.0,2.7802884578704834,180.0,0.18270500004291534,22.0,31.0,20.0,49.0,73.0,21.0,1.0
32.7959082881,-117.2283304856,2025-04-26 17:35:32+00:00,Arthroceras subterminale,Parish's glasswort,Plantae,3.0,5.122032642364502,205.44737243652344,0.14290045201778412,22.0,25.0,20.0,49.0,73.0,21.0,1.0
32.7953849221,-117.2302787752,2025-05-24 16:41:30+00:00,Arthroceras subterminale,Parish's glasswort,Plantae,2.0,3.433441400527954,74.34697723388672,0.1708993762731552,22.0,39.0,20.0,51.0,73.0,23.0,1.0
32.7950955788,-117.2302959581,2025-05-24 17:22:01+00:00,Arthroceras subterminale,Parish's glasswort,Plantae,3.0,2.880366325378418,49.949214935302734,0.1823185831308365,22.0,42.0,20.0,51.0,73.0,23.0,1.0
32.7893138889,-117.2316527778,2025-07-12 15:25:00+00:00,Arthroceras subterminale,Parish's glasswort,Plantae,1.0,3.433213233947754,74.34590911865234,0.07006639242172241,23.0,62.0,-2.0,51.0,72.0,22.0,1.0
32.7958183289,-117.230430603,2025-11-09 18:59:07+00:00,Arthroceras subterminale,Parish's glasswort,Plantae,4.0,4.404741287231445,90.0,0.1194462776184082,23.0,50.0,20.0,51.0,73.0,23.0,1.0
32.7958533333,-117.228325,2025-12-13 17:19:34+00:00,Arthroceras subterminale,Parish's glasswort,Plantae,0.0,3.7888824939727783,240.73355102539062,0.16690227389335632,22.0,31.0,20.0,49.0,73.0,21.0,1.0
32.7954965395,-117.2302434153,2025-12-16 20:17:30+00:00,Arthroceras subterminale,Parish's glasswort,Plantae,2.0,3.433441400527954,74.34697723388672,0.1708993762731552,22.0,39.0,20.0,51.0,73.0,23.0,1.0
32.7954202772,-117.2301615632,2025-12-16 21:52:00+00:00,Arthroceras subterminale,Parish's glasswort,Plantae,2.0,3.433441400527954,74.34697723388672,0.1708993762731552,22.0,39.0,20.0,51.0,73.0,23.0,1.0
32.7956416667,-117.2299583333,2026-01-21 21:22:22+00:00,Arthroceras subterminale,Parish's glasswort,Plantae,1.0,2.15730357170105,149.25543212890625,0.19868019223213196,22.0,40.0,20.0,51.0,73.0,23.0,1.0
32.7960534325,-117.2295533235,2026-01-24 17:49:42+00:00,Arthropoda,Arthropods,Animalia,2.0,2.7802884578704834,180.0,0.14166799187660217,23.0,67.0,20.0,51.0,73.0,23.0,1.0
32.7924892595,-117.2287112028,2025-11-08 17:54:00+00:00,Asio flammeus,Short-eared Owl,Aves,-2.0,1.4410673379898071,229.94833374023438,0.19258807599544525,22.0,24.0,20.0,48.0,70.0,23.0,1.0
32.7907916667,-117.2298966667,2025-11-08 18:05:05+00:00,Asio flammeus,Short-eared Owl,Aves,-1.0,2.1572718620300293,329.2568664550781,0.16060450673103333,23.0,67.0,-2.0,49.0,72.0,24.0,1.0
32.791005,-117.2296966667,2025-11-08 18:48:17+00:00,Asio flammeus,Short-eared Owl,Aves,1.0,2.3922054767608643,292.7983093261719,0.05830712243914604,23.0,67.0,-2.0,49.0,72.0,24.0,1.0
32.7920725809,-117.2293592971,2025-11-08 22:45:00+00:00,Asio flammeus,Short-eared Owl,Aves,0.0,2.1572790145874023,30.74346160888672,0.2333463430404663,22.0,21.0,20.0,49.0,72.0,24.0,1.0
32.7915162903,-117.2300279844,2025-11-08 23:55:57+00:00,Asio flammeus,Short-eared Owl,Aves,-2.0,2.205519437789917,270.0,0.16301295161247253,95.0,0.0,-2.0,49.0,72.0,24.0,1.0
32.7959486051,-117.2303975468,2022-02-26 18:14:41+00:00,Asteraceae,"Sunflowers, Daisies, Asters, and Allies",Plantae,3.0,2.1573052406311035,149.25535583496094,0.10808767378330231,23.0,61.0,20.0,51.0,73.0,23.0,1.0
32.7959975488,-117.2291258488,2026-01-23 18:20:45+00:00,Asteraceae,"Sunflowers, Daisies, Asters, and Allies",Plantae,3.0,4.755953311920166,193.3832244873047,0.10409373044967651,22.0,49.0,20.0,51.0,73.0,23.0,1.0
32.7900616667,-117.2308716667,2022-04-27 20:16:00+00:00,Asteroideae,,Plantae,1.0,1.4410436153411865,130.05245971679688,0.1472601294517517,23.0,68.0,-2.0,0.0,0.0,0.0,1.0
32.7950466667,-117.2303866667,2024-09-26 19:36:06+00:00,Asteroideae,,Plantae,4.0,2.392300605773926,67.20264434814453,0.17610977590084076,23.0,63.0,20.0,50.0,72.0,23.0,1.0
32.7911584108,-117.2319049506,2020-08-29 02:58:45+00:00,Astur cooperii,Cooper's Hawk,Aves,5.0,8.805031776428223,95.99870300292969,0.13290642201900482,23.0,73.0,-2.0,39.0,75.0,31.0,1.0
32.7956308668,-117.2284224988,2024-08-31 17:27:00+00:00,Astur cooperii,Cooper's Hawk,Aves,0.0,3.7888824939727783,240.73355102539062,0.16690227389335632,22.0,31.0,20.0,49.0,73.0,21.0,1.0
32.7941429823,-117.2293125818,2026-01-15 23:24:57+00:00,Astur cooperii,Cooper's Hawk,Aves,0.0,1.4410831928253174,229.94886779785156,0.18536525964736938,95.0,0.0,20.0,50.0,72.0,23.0,1.0
32.7956895877,-117.230467366,2026-01-24 00:10:01+00:00,Astur cooperii,Cooper's Hawk,Aves,4.0,4.404741287231445,90.0,0.1194462776184082,23.0,50.0,20.0,51.0,73.0,23.0,1.0
32.7909504984,-117.2296870127,2020-03-04 21:59:30+00:00,Atherinops affinis,Topsmelt Silverside,Actinopterygii,1.0,2.3922054767608643,292.7983093261719,0.05830712243914604,23.0,67.0,-2.0,49.0,72.0,24.0,1.0
32.7911093209,-117.2301742885,2020-03-11 22:47:37+00:00,Atherinops affinis,Topsmelt Silverside,Actinopterygii,-1.0,1.8543341159820557,-0.0,0.09041575342416763,95.0,0.0,-2.0,49.0,72.0,24.0,1.0
32.7912859,-117.2295344621,2023-03-11 18:27:17+00:00,Atherinops affinis,Topsmelt Silverside,Actinopterygii,2.0,3.30622935295105,270.0,0.07399355620145798,11.0,0.0,-2.0,49.0,72.0,24.0,1.0
32.7913116667,-117.2294083333,2024-10-12 17:19:49+00:00,Atherinops affinis,Topsmelt Silverside,Actinopterygii,1.0,2.3922181129455566,292.7981872558594,0.1820506900548935,95.0,0.0,-2.0,49.0,72.0,24.0,1.0
32.7912222222,-117.2298333333,2025-05-10 17:05:34+00:00,Atherinops affinis,Topsmelt Silverside,Actinopterygii,0.0,3.4332826137542725,285.6537780761719,0.07399355620145798,11.0,0.0,-2.0,49.0,72.0,24.0,1.0
32.7912416667,-117.229925,2025-07-03 17:08:51+00:00,Atherinops affinis,Topsmelt Silverside,Actinopterygii,-1.0,1.4410542249679565,310.0521240234375,0.11681777983903885,95.0,0.0,-2.0,49.0,72.0,24.0,1.0
32.791175,-117.230125,2025-07-12 17:26:00+00:00,Atherinops affinis,Topsmelt Silverside,Actinopterygii,-1.0,1.4410542249679565,310.0521240234375,0.11681777983903885,95.0,0.0,-2.0,49.0,72.0,24.0,1.0
32.791181,-117.230128,2025-07-12 17:53:00+00:00,Atherinops affinis,Topsmelt Silverside,Actinopterygii,-1.0,1.4410542249679565,310.0521240234375,0.11681777983903885,95.0,0.0,-2.0,49.0,72.0,24.0,1.0
32.7911135104,-117.2302100218,2020-03-11 22:47:35+00:00,Atherinopsidae,Neotropical Silversides,Actinopterygii,-1.0,1.8543341159820557,-0.0,0.09041575342416763,95.0,0.0,-2.0,49.0,72.0,24.0,1.0
32.7911333333,-117.22908,2023-05-13 17:15:09+00:00,Atherinopsinae,,Actinopterygii,3.0,2.3922119140625,292.7982482910156,0.085202157497406,11.0,0.0,-2.0,49.0,72.0,24.0,1.0
32.792255329,-117.2312245053,2019-04-11 17:49:09+00:00,Atriplex,Saltbushes,Plantae,2.0,6.654465675354004,97.9756088256836,0.19780150055885315,22.0,43.0,20.0,39.0,75.0,31.0,1.0
32.7908712672,-117.2298654636,2020-03-11 22:38:55+00:00,Atriplex,Saltbushes,Plantae,1.0,2.3922054767608643,292.7983093261719,0.05830712243914604,23.0,67.0,-2.0,49.0,72.0,24.0,1.0
32.7956061205,-117.2304827069,2022-02-26 18:29:57+00:00,Atriplex,Saltbushes,Plantae,4.0,4.404741287231445,90.0,0.1194462776184082,23.0,50.0,20.0,51.0,73.0,23.0,1.0
32.7955359902,-117.2304512685,2022-04-09 16:22:35+00:00,Atriplex,Saltbushes,Plantae,4.0,4.404727935791016,90.0,0.13322186470031738,22.0,38.0,20.0,51.0,73.0,23.0,1.0
32.7959661156,-117.2300986556,2023-02-27 17:59:03+00:00,Atriplex,Saltbushes,Plantae,3.0,2.7802884578704834,180.0,0.12967248260974884,23.0,60.0,20.0,51.0,73.0,23.0,1.0
32.7958483333,-117.2285533333,2024-01-12 17:33:03+00:00,Atriplex,Saltbushes,Plantae,0.0,2.7802884578704834,180.0,0.18270500004291534,22.0,31.0,20.0,49.0,73.0,21.0,1.0
32.7908948606,-117.2318303769,2020-03-11 23:45:30+00:00,Atriplex lentiformis,big saltbush,Plantae,4.0,8.805005073547363,95.99871826171875,0.12917357683181763,23.0,59.0,-2.0,39.0,75.0,31.0,1.0
32.7957333333,-117.23047,2021-11-13 09:48:53+00:00,Atriplex lentiformis,big saltbush,Plantae,4.0,4.404741287231445,90.0,0.1194462776184082,23.0,50.0,20.0,51.0,73.0,23.0,1.0
32.7943115234,-117.2292327881,2023-01-28 17:43:33+00:00,Atriplex lentiformis,big saltbush,Plantae,0.0,2.3922879695892334,292.7974853515625,0.16556361317634583,95.0,0.0,20.0,50.0,72.0,23.0,1.0
32.7959583333,-117.23005,2023-06-20 18:00:00+00:00,Atriplex lentiformis,big saltbush,Plantae,3.0,2.7802884578704834,180.0,0.12967248260974884,23.0,60.0,20.0,51.0,73.0,23.0,1.0
32.792260675,-117.2310689297,2024-01-27 23:12:00+00:00,Atriplex lentiformis,big saltbush,Plantae,-1.0,4.4045634269714355,90.0,0.19780150055885315,22.0,43.0,20.0,49.0,72.0,24.0,1.0
32.7959716667,-117.2301166667,2024-01-27 23:56:45+00:00,Atriplex lentiformis,big saltbush,Plantae,3.0,2.7802884578704834,180.0,0.12967248260974884,23.0,60.0,20.0,51.0,73.0,23.0,1.0
32.79553,-117.2303383333,2024-04-28 01:10:27+00:00,Atriplex lentiformis,big saltbush,Plantae,2.0,3.433441400527954,74.34697723388672,0.1708993762731552,22.0,39.0,20.0,51.0,73.0,23.0,1.0
32.7914305556,-117.2316805556,2024-06-20 20:31:00+00:00,Atriplex lentiformis,big saltbush,Plantae,2.0,5.746100902557373,130.05201721191406,0.14803601801395416,22.0,47.0,-2.0,39.0,75.0,31.0,1.0
32.7960025999,-117.230050533,2024-08-24 17:45:40+00:00,Atriplex lentiformis,big saltbush,Plantae,3.0,2.7802884578704834,180.0,0.12967248260974884,23.0,60.0,20.0,51.0,73.0,23.0,1.0
32.7955083333,-117.2304216667,2025-02-01 17:51:01+00:00,Atriplex lentiformis,big saltbush,Plantae,4.0,4.404727935791016,90.0,0.13322186470031738,22.0,38.0,20.0,51.0,73.0,23.0,1.0
32.7960166667,-117.2302083333,2025-02-11 22:44:39+00:00,Atriplex lentiformis,big saltbush,Plantae,3.0,2.1573052406311035,149.25535583496094,0.10808767378330231,23.0,61.0,20.0,51.0,73.0,23.0,1.0
32.7958908081,-117.2306365967,2025-04-01 21:43:58+00:00,Atriplex lentiformis,big saltbush,Plantae,4.0,2.205636501312256,90.0,0.0928410217165947,23.0,68.0,20.0,51.0,73.0,23.0,1.0
32.7959810011,-117.2302144022,2025-04-26 17:52:43+00:00,Atriplex lentiformis,big saltbush,Plantae,3.0,2.1573052406311035,149.25535583496094,0.10808767378330231,23.0,61.0,20.0,51.0,73.0,23.0,1.0
32.7959765981,-117.2300792858,2025-04-26 18:00:05+00:00,Atriplex lentiformis,big saltbush,Plantae,3.0,2.7802884578704834,180.0,0.12967248260974884,23.0,60.0,20.0,51.0,73.0,23.0,1.0
32.7955960203,-117.2304417194,2025-05-24 16:53:45+00:00,Atriplex lentiformis,big saltbush,Plantae,4.0,4.404727935791016,90.0,0.13322186470031738,22.0,38.0,20.0,51.0,73.0,23.0,1.0
32.7959581605,-117.2303805315,2025-05-24 16:59:41+00:00,Atriplex lentiformis,big saltbush,Plantae,3.0,2.1573052406311035,149.25535583496094,0.10808767378330231,23.0,61.0,20.0,51.0,73.0,23.0,1.0
32.79597746,-117.23024423,2025-08-07 02:05:44+00:00,Atriplex lentiformis,big saltbush,Plantae,3.0,2.1573052406311035,149.25535583496094,0.10808767378330231,23.0,61.0,20.0,51.0,73.0,23.0,1.0
32.7955638883,-117.230444445,2025-08-15 20:05:00+00:00,Atriplex lentiformis,big saltbush,Plantae,4.0,4.404727935791016,90.0,0.13322186470031738,22.0,38.0,20.0,51.0,73.0,23.0,1.0
32.7959899902,-117.2300796509,2025-11-09 19:46:48+00:00,Atriplex lentiformis,big saltbush,Plantae,3.0,2.7802884578704834,180.0,0.12967248260974884,23.0,60.0,20.0,51.0,73.0,23.0,1.0
32.7948883333,-117.2301116667,2025-11-28 18:22:08+00:00,Atriplex lentiformis,big saltbush,Plantae,3.0,3.4334213733673096,74.34688568115234,0.19704212248325348,22.0,29.0,20.0,50.0,72.0,23.0,1.0
32.7902416667,-117.230475,2019-03-06 20:48:03+00:00,Atriplex leucophylla,beach saltbush,Plantae,2.0,2.1572682857513428,149.2570037841797,0.14154265820980072,23.0,56.0,-2.0,0.0,0.0,0.0,1.0
32.7956383333,-117.2303466667,2022-08-11 16:44:30+00:00,Atriplex leucophylla,beach saltbush,Plantae,2.0,3.4334511756896973,105.6529769897461,0.16354915499687195,22.0,31.0,20.0,51.0,73.0,23.0,1.0
32.7959387123,-117.2300390732,2021-05-19 19:22:30+00:00,Atriplex prostrata,Creeping Saltbush,Plantae,3.0,2.7802884578704834,180.0,0.12967248260974884,23.0,60.0,20.0,51.0,73.0,23.0,1.0
32.7958722222,-117.230025,2023-06-20 18:00:00+00:00,Atriplex prostrata,Creeping Saltbush,Plantae,1.0,2.15730357170105,149.25543212890625,0.19868019223213196,22.0,40.0,20.0,51.0,73.0,23.0,1.0
32.7959202311,-117.2300635278,2025-05-16 21:14:32+00:00,Atriplex prostrata,Creeping Saltbush,Plantae,3.0,2.7802884578704834,180.0,0.12967248260974884,23.0,60.0,20.0,51.0,73.0,23.0,1.0
32.7912,-117.2295944444,2025-07-12 15:33:00+00:00,Atriplex prostrata,Creeping Saltbush,Plantae,2.0,3.30622935295105,270.0,0.07399355620145798,11.0,0.0,-2.0,49.0,72.0,24.0,1.0
32.7911697887,-117.2296278365,2025-09-13 18:13:03+00:00,Atriplex prostrata,Creeping Saltbush,Plantae,0.0,3.4332826137542725,285.6537780761719,0.07399355620145798,11.0,0.0,-2.0,49.0,72.0,24.0,1.0
32.7910455689,-117.2296663933,2025-09-13 18:20:54+00:00,Atriplex prostrata,Creeping Saltbush,Plantae,0.0,3.4332826137542725,285.6537780761719,0.07399355620145798,11.0,0.0,-2.0,49.0,72.0,24.0,1.0
32.7958916667,-117.23008,2025-11-09 19:42:11+00:00,Atriplex prostrata,Creeping Saltbush,Plantae,3.0,2.7802884578704834,180.0,0.12967248260974884,23.0,60.0,20.0,51.0,73.0,23.0,1.0
32.7959116667,-117.2300716667,2025-11-09 19:48:58+00:00,Atriplex prostrata,Creeping Saltbush,Plantae,3.0,2.7802884578704834,180.0,0.12967248260974884,23.0,60.0,20.0,51.0,73.0,23.0,1.0
32.7949403795,-117.2300504753,2019-11-02 19:08:06+00:00,Atriplex watsonii,Watson's Saltbush,Plantae,3.0,3.4334213733673096,74.34688568115234,0.19704212248325348,22.0,29.0,20.0,50.0,72.0,23.0,1.0
32.79086333,-117.22985,2020-03-11 22:38:39+00:00,Atriplex watsonii,Watson's Saltbush,Plantae,1.0,2.3922054767608643,292.7983093261719,0.05830712243914604,23.0,67.0,-2.0,49.0,72.0,24.0,1.0
32.7951265359,-117.2278899839,2023-02-04 21:11:00+00:00,Atriplex watsonii,Watson's Saltbush,Plantae,4.0,1.8543341159820557,180.0,0.14789268374443054,23.0,65.0,20.0,49.0,73.0,21.0,1.0
32.7922966667,-117.2313916667,2023-02-04 22:20:29+00:00,Atriplex watsonii,Watson's Saltbush,Plantae,2.0,6.654465675354004,97.9756088256836,0.19780150055885315,22.0,43.0,20.0,39.0,75.0,31.0,1.0
32.7907416667,-117.2305305556,2024-04-11 21:53:00+00:00,Atriplex watsonii,Watson's Saltbush,Plantae,2.0,1.4410488605499268,310.0522766113281,0.13278251886367798,95.0,0.0,-2.0,0.0,0.0,0.0,1.0
32.795525,-117.2301333333,2024-04-27 23:00:49+00:00,Atriplex watsonii,Watson's Saltbush,Plantae,1.0,1.441096305847168,49.949302673339844,0.180143803358078,22.0,39.0,20.0,51.0,73.0,23.0,1.0
32.7955828742,-117.2298952192,2024-09-26 22:45:13+00:00,Atriplex watsonii,Watson's Saltbush,Plantae,1.0,1.441096305847168,49.949302673339844,0.180143803358078,22.0,39.0,20.0,51.0,73.0,23.0,1.0
32.7941471904,-117.2300249711,2025-04-16 17:21:48+00:00,Atriplex watsonii,Watson's Saltbush,Plantae,3.0,6.590810298919678,90.0,0.18111039698123932,23.0,68.0,20.0,50.0,72.0,23.0,1.0
32.7952435594,-117.2300744344,2025-10-25 17:34:16+00:00,Atriplex watsonii,Watson's Saltbush,Plantae,2.0,2.880366325378418,49.949214935302734,0.18346251547336578,22.0,21.0,20.0,51.0,73.0,23.0,1.0
32.795361069,-117.2279083729,2025-11-06 22:38:47+00:00,Atriplex watsonii,Watson's Saltbush,Plantae,4.0,1.441096305847168,229.9492950439453,0.17429928481578827,23.0,65.0,20.0,49.0,73.0,21.0,1.0
32.79585,-117.2283466667,2025-12-13 17:20:33+00:00,Atriplex watsonii,Watson's Saltbush,Plantae,0.0,3.7888824939727783,240.73355102539062,0.16690227389335632,22.0,31.0,20.0,49.0,73.0,21.0,1.0
32.7942312748,-117.2276293544,2026-01-21 21:26:23+00:00,Atriplex watsonii,Watson's Saltbush,Plantae,1.0,1.1032028198242188,270.0,0.17474384605884552,95.0,0.0,20.0,47.0,71.0,24.0,1.0
32.7905027778,-117.2299833333,2025-05-10 18:07:12+00:00,Aurelia,Moon Jellies,Animalia,1.0,1.4410488605499268,49.947715759277344,0.12852990627288818,22.0,49.0,-2.0,0.0,0.0,0.0,1.0
32.7957,-117.2304216667,2025-04-26 17:38:17+00:00,Avena fatua,wild oat,Plantae,4.0,4.404741287231445,90.0,0.1194462776184082,23.0,50.0,20.0,51.0,73.0,23.0,1.0
32.7904370963,-117.2298780973,2019-03-06 20:56:50+00:00,Aves,Birds,Aves,0.0,0.9274099469184875,180.0,0.015301791951060295,24.0,88.0,-2.0,0.0,0.0,0.0,1.0
32.79121667,-117.22921667,2020-03-04 21:44:37+00:00,Aves,Birds,Aves,3.0,2.3922119140625,292.7982482910156,0.085202157497406,11.0,0.0,-2.0,49.0,72.0,24.0,1.0
32.791855,-117.2302083333,2021-05-05 21:01:24+00:00,Aves,Birds,Aves,-1.0,0.9274099469184875,-0.0,0.18566012382507324,95.0,0.0,20.0,49.0,72.0,24.0,1.0
32.790955,-117.2295383333,2022-04-27 20:38:46+00:00,Aves,Birds,Aves,1.0,2.880282163619995,229.9477996826172,0.05830712243914604,23.0,65.0,-2.0,49.0,72.0,24.0,1.0
32.789621422,-117.2320665145,2024-05-11 19:53:00+00:00,Aves,Birds,Aves,4.0,10.82621955871582,53.66242980957031,0.13233546912670135,22.0,49.0,-2.0,51.0,72.0,22.0,1.0
32.7941528949,-117.2284471535,2025-02-11 22:11:53+00:00,Aves,Birds,Aves,-1.0,0.9274099469184875,180.0,0.19093911349773407,95.0,0.0,20.0,47.0,71.0,24.0,1.0
32.79588,-117.2306133333,2025-05-24 17:59:49+00:00,Aves,Birds,Aves,4.0,2.205636501312256,90.0,0.0928410217165947,23.0,68.0,20.0,51.0,73.0,23.0,1.0
32.7957,-117.2305361111,2025-12-16 20:11:00+00:00,Aves,Birds,Aves,4.0,4.404741287231445,90.0,0.1194462776184082,23.0,50.0,20.0,51.0,73.0,23.0,1.0
32.7954861111,-117.2287138889,2026-01-21 21:31:00+00:00,Aves,Birds,Aves,-1.0,2.392313241958618,247.20277404785156,0.16151370108127594,22.0,38.0,20.0,49.0,73.0,21.0,1.0
32.7947777778,-117.2277361111,2026-01-21 21:53:00+00:00,Aves,Birds,Aves,0.0,2.157296657562256,210.74424743652344,0.12678247690200806,21.0,17.0,20.0,47.0,71.0,24.0,1.0
32.7913158385,-117.2278048639,2021-03-01 04:08:00+00:00,Aythya,"Scaups, Pochards, and Allies",Aves,0.0,1.4410568475723267,130.05201721191406,0.16419844329357147,95.0,0.0,-2.0,48.0,70.0,23.0,1.0
32.79555,-117.22957,2025-02-15 23:59:45+00:00,Aythya,"Scaups, Pochards, and Allies",Aves,1.0,2.157301902770996,149.25552368164062,0.19635267555713654,22.0,39.0,20.0,51.0,73.0,23.0,1.0
32.7934076,-117.228756,2012-12-02 18:01:23+00:00,Aythya americana,Redhead,Aves,-1.0,0.9274099469184875,180.0,0.1348302960395813,95.0,0.0,20.0,47.0,71.0,24.0,1.0
32.7901005902,-117.2307521483,2015-01-07 18:18:00+00:00,Aythya americana,Redhead,Aves,1.0,1.4410436153411865,130.05245971679688,0.1472601294517517,23.0,68.0,-2.0,0.0,0.0,0.0,1.0
32.7941545688,-117.2247998434,2026-01-13 23:48:00+00:00,Aythya americana,Redhead,Aves,4.0,6.654606819152832,97.97543334960938,-0.023541314527392387,11.0,0.0,1.0,0.0,0.0,0.0,1.0
32.7931250945,-117.2239001864,2026-01-17 23:06:00+00:00,Aythya americana,Redhead,Aves,0.0,0.9274099469184875,180.0,0.12117308378219604,11.0,0.0,1.0,0.0,0.0,0.0,1.0
32.7893416667,-117.2316283333,2022-02-08 21:08:00+00:00,Aythya marila,Greater Scaup,Aves,1.0,3.433213233947754,74.34590911865234,0.07006639242172241,23.0,62.0,-2.0,51.0,72.0,22.0,1.0
32.79594289,-117.23053736,2019-02-10 23:17:56+00:00,Baccharis,,Plantae,4.0,2.205636501312256,90.0,0.0928410217165947,23.0,68.0,20.0,51.0,73.0,23.0,1.0
32.7959632811,-117.2302304922,2023-02-04 18:21:58+00:00,Baccharis,,Plantae,3.0,2.1573052406311035,149.25535583496094,0.10808767378330231,23.0,61.0,20.0,51.0,73.0,23.0,1.0
32.79558411,-117.23048786,2024-09-26 17:38:29+00:00,Baccharis,Section Baccharis,Plantae,4.0,4.404727935791016,90.0,0.13322186470031738,22.0,38.0,20.0,51.0,73.0,23.0,1.0
32.79560286,-117.23057933,2025-02-01 19:42:32+00:00,Baccharis,,Plantae,4.0,4.404727935791016,90.0,0.13322186470031738,22.0,38.0,20.0,51.0,73.0,23.0,1.0
32.7955340362,-117.2304738221,2021-11-12 17:36:07+00:00,Baccharis pilularis,coyote brush,Plantae,4.0,4.404727935791016,90.0,0.13322186470031738,22.0,38.0,20.0,51.0,73.0,23.0,1.0
32.79566783,-117.23062576,2022-04-23 17:14:00+00:00,Baccharis pilularis,coyote brush,Plantae,4.0,4.404741287231445,90.0,0.1194462776184082,23.0,50.0,20.0,51.0,73.0,23.0,1.0
32.7942619324,-117.2293243408,2023-01-28 17:19:24+00:00,Baccharis pilularis,coyote brush,Plantae,0.0,2.3922879695892334,292.7974853515625,0.16556361317634583,95.0,0.0,20.0,50.0,72.0,23.0,1.0
32.7959366667,-117.2303466667,2023-01-30 18:08:35+00:00,Baccharis pilularis,coyote brush,Plantae,3.0,2.1573052406311035,149.25535583496094,0.10808767378330231,23.0,61.0,20.0,51.0,73.0,23.0,1.0
32.7958805556,-117.2303611111,2023-06-20 18:00:00+00:00,Baccharis pilularis,coyote brush,Plantae,3.0,2.1573052406311035,149.25535583496094,0.10808767378330231,23.0,61.0,20.0,51.0,73.0,23.0,1.0
32.7893464314,-117.2316488811,2023-09-09 17:40:25+00:00,Baccharis pilularis,coyote brush,Plantae,1.0,3.433213233947754,74.34590911865234,0.07006639242172241,23.0,62.0,-2.0,51.0,72.0,22.0,1.0
32.7959783333,-117.2305616667,2024-04-28 01:31:51+00:00,Baccharis pilularis,coyote brush,Plantae,4.0,2.205636501312256,90.0,0.0928410217165947,23.0,68.0,20.0,51.0,73.0,23.0,1.0
32.7956027778,-117.2305833333,2024-09-14 16:40:00+00:00,Baccharis pilularis,coyote brush,Plantae,4.0,4.404727935791016,90.0,0.13322186470031738,22.0,38.0,20.0,51.0,73.0,23.0,1.0
32.79560027,-117.23056142,2024-09-26 17:25:08+00:00,Baccharis pilularis,coyote brush,Plantae,4.0,4.404727935791016,90.0,0.13322186470031738,22.0,38.0,20.0,51.0,73.0,23.0,1.0
32.7955166667,-117.2304616667,2025-02-11 23:08:26+00:00,Baccharis pilularis,coyote brush,Plantae,4.0,4.404727935791016,90.0,0.13322186470031738,22.0,38.0,20.0,51.0,73.0,23.0,1.0
32.7958946228,-117.2306365967,2025-04-01 21:43:02+00:00,Baccharis pilularis,coyote brush,Plantae,4.0,2.205636501312256,90.0,0.0928410217165947,23.0,68.0,20.0,51.0,73.0,23.0,1.0
32.7956246883,-117.2304349366,2025-04-26 16:38:08+00:00,Baccharis pilularis,coyote brush,Plantae,4.0,4.404741287231445,90.0,0.1194462776184082,23.0,50.0,20.0,51.0,73.0,23.0,1.0
32.7960853558,-117.2296530661,2025-04-26 17:51:38+00:00,Baccharis pilularis,coyote brush,Plantae,3.0,2.990534782409668,158.36965942382812,0.14166799187660217,23.0,67.0,20.0,51.0,73.0,23.0,1.0
32.7959640278,-117.2305365187,2025-05-24 16:25:43+00:00,Baccharis pilularis,coyote brush,Plantae,4.0,2.205636501312256,90.0,0.0928410217165947,23.0,68.0,20.0,51.0,73.0,23.0,1.0
32.7956285421,-117.2304853891,2025-05-24 16:51:54+00:00,Baccharis pilularis,coyote brush,Plantae,4.0,4.404741287231445,90.0,0.1194462776184082,23.0,50.0,20.0,51.0,73.0,23.0,1.0
32.7959839299,-117.2306045616,2025-08-07 01:41:11+00:00,Baccharis pilularis,coyote brush,Plantae,4.0,2.205636501312256,90.0,0.0928410217165947,23.0,68.0,20.0,51.0,73.0,23.0,1.0
32.7958951478,-117.2304457426,2025-08-13 16:37:14+00:00,Baccharis pilularis,coyote brush,Plantae,4.0,2.205636501312256,90.0,0.0928410217165947,23.0,68.0,20.0,51.0,73.0,23.0,1.0
32.7953939326,-117.2303381191,2025-10-09 19:42:11+00:00,Baccharis pilularis,coyote brush,Plantae,2.0,3.433441400527954,74.34697723388672,0.1708993762731552,22.0,39.0,20.0,51.0,73.0,23.0,1.0
32.7958869934,-117.2305374146,2025-11-09 18:35:03+00:00,Baccharis pilularis,coyote brush,Plantae,4.0,2.205636501312256,90.0,0.0928410217165947,23.0,68.0,20.0,51.0,73.0,23.0,1.0
32.7959366667,-117.2305533333,2025-11-09 18:44:25+00:00,Baccharis pilularis,coyote brush,Plantae,4.0,2.205636501312256,90.0,0.0928410217165947,23.0,68.0,20.0,51.0,73.0,23.0,1.0
32.796147,-117.229189,2023-02-04 22:25:23+00:00,Baccharis sarothroides,Desert Broom,Plantae,6.0,3.546776294708252,218.4173583984375,0.12202238291501999,23.0,63.0,20.0,51.0,73.0,23.0,1.0
32.7893527178,-117.2316003499,2024-05-11 16:47:49+00:00,Baccharis sarothroides,Desert Broom,Plantae,1.0,3.433213233947754,74.34590911865234,0.07006639242172241,23.0,62.0,-2.0,51.0,72.0,22.0,1.0
32.7897833333,-117.2309333333,2019-03-06 20:45:21+00:00,Balanidae,,Animalia,0.0,1.4410409927368164,130.05255126953125,0.0661247968673706,23.0,73.0,-2.0,0.0,0.0,0.0,1.0
32.79111363,-117.2293996812,2019-03-06 20:57:00+00:00,Balanidae,,Animalia,2.0,3.30622935295105,270.0,0.07399355620145798,11.0,0.0,-2.0,49.0,72.0,24.0,1.0
32.78975333,-117.23095,2020-03-04 21:12:04+00:00,Balanidae,,Animalia,0.0,1.4410409927368164,130.05255126953125,0.0661247968673706,23.0,73.0,-2.0,0.0,0.0,0.0,1.0
32.7902246254,-117.2303747852,2020-03-11 22:31:34+00:00,Balanoidea,,Animalia,0.0,2.8802716732025146,130.0523681640625,0.09603254497051239,23.0,56.0,-2.0,0.0,0.0,0.0,1.0
32.7909616667,-117.2288366667,2022-04-27 20:49:48+00:00,Balanomorpha,Symmetrical Sessile Barnacles,Animalia,3.0,3.704791784286499,180.0,0.05613994225859642,11.0,0.0,-2.0,48.0,70.0,23.0,1.0
32.7907248773,-117.2276518868,2025-06-16 16:30:26+00:00,Balanomorpha,Symmetrical Sessile Barnacles,Animalia,0.0,0.9274099469184875,180.0,0.0024259774945676327,11.0,0.0,-2.0,0.0,0.0,0.0,1.0
32.7906546053,-117.2298305773,2020-03-04 09:58:00+00:00,Balanus glandula,Pacific Acorn Barnacle,Animalia,1.0,1.4410488605499268,130.0522918701172,0.0012941418681293726,23.0,71.0,-2.0,0.0,0.0,0.0,1.0
32.791012,-117.230524,2018-04-13 20:40:00+00:00,Batis maritima,Saltwort,Plantae,1.0,2.9905107021331787,338.3708190917969,0.10470286756753922,21.0,10.0,-2.0,49.0,72.0,24.0,1.0
32.7950405975,-117.2299121548,2019-01-19 18:47:42+00:00,Batis maritima,Saltwort,Plantae,3.0,3.4334213733673096,74.34688568115234,0.19704212248325348,22.0,29.0,20.0,50.0,72.0,23.0,1.0
32.7912349006,-117.2297894967,2019-03-06 20:57:40+00:00,Batis maritima,Saltwort,Plantae,0.0,3.4332826137542725,285.6537780761719,0.07399355620145798,11.0,0.0,-2.0,49.0,72.0,24.0,1.0
32.790795,-117.229875,2019-03-06 21:14:26+00:00,Batis maritima,Saltwort,Plantae,1.0,2.3922054767608643,292.7983093261719,0.05830712243914604,23.0,67.0,-2.0,49.0,72.0,24.0,1.0
32.7910616667,-117.2297833333,2019-03-06 21:34:14+00:00,Batis maritima,Saltwort,Plantae,0.0,3.4332826137542725,285.6537780761719,0.07399355620145798,11.0,0.0,-2.0,49.0,72.0,24.0,1.0
32.79555833,-117.22888,2020-01-25 21:14:13+00:00,Batis maritima,Saltwort,Plantae,-1.0,2.157301902770996,149.25552368164062,0.19442236423492432,22.0,38.0,20.0,49.0,73.0,21.0,1.0
32.7919807434,-117.2313995361,2020-01-26 23:36:33+00:00,Batis maritima,Saltwort,Plantae,2.0,5.576310157775879,80.4561996459961,0.20305684208869934,22.0,44.0,20.0,39.0,75.0,31.0,1.0
32.79113333,-117.22953833,2020-03-04 13:31:17+00:00,Batis maritima,Saltwort,Plantae,2.0,3.30622935295105,270.0,0.07399355620145798,11.0,0.0,-2.0,49.0,72.0,24.0,1.0
32.7896083333,-117.2314305556,2020-03-04 20:55:00+00:00,Batis maritima,Saltwort,Plantae,1.0,1.4410383701324463,130.05264282226562,0.06408825516700745,23.0,71.0,-2.0,51.0,72.0,22.0,1.0
32.79107167,-117.22966167,2020-03-04 21:31:26+00:00,Batis maritima,Saltwort,Plantae,0.0,3.4332826137542725,285.6537780761719,0.07399355620145798,11.0,0.0,-2.0,49.0,72.0,24.0,1.0
32.7899715433,-117.2309306558,2020-03-11 22:23:37+00:00,Batis maritima,Saltwort,Plantae,1.0,1.4410436153411865,130.05245971679688,0.1472601294517517,23.0,68.0,-2.0,0.0,0.0,0.0,1.0
32.7907940946,-117.2298580323,2020-03-11 22:36:20+00:00,Batis maritima,Saltwort,Plantae,1.0,2.3922054767608643,292.7983093261719,0.05830712243914604,23.0,67.0,-2.0,49.0,72.0,24.0,1.0
32.7911916667,-117.229745,2022-04-27 21:06:51+00:00,Batis maritima,Saltwort,Plantae,0.0,3.4332826137542725,285.6537780761719,0.07399355620145798,11.0,0.0,-2.0,49.0,72.0,24.0,1.0
32.7921416667,-117.2283866667,2023-01-30 17:56:40+00:00,Batis maritima,Saltwort,Plantae,-1.0,1.1031787395477295,270.0,0.1867130547761917,21.0,12.0,20.0,48.0,70.0,23.0,1.0
32.7956890801,-117.2282869509,2023-02-04 21:02:00+00:00,Batis maritima,Saltwort,Plantae,0.0,3.7888824939727783,240.73355102539062,0.16690227389335632,22.0,31.0,20.0,49.0,73.0,21.0,1.0
32.7950954509,-117.2278842236,2023-02-04 21:12:00+00:00,Batis maritima,Saltwort,Plantae,4.0,1.8543341159820557,180.0,0.14789268374443054,23.0,65.0,20.0,49.0,73.0,21.0,1.0
32.7952555556,-117.2284361111,2023-02-04 22:20:17+00:00,Batis maritima,Saltwort,Plantae,1.0,4.404714107513428,270.0,0.12865452468395233,23.0,60.0,20.0,49.0,73.0,21.0,1.0
32.7903909096,-117.2308426534,2023-06-05 14:26:31+00:00,Batis maritima,Saltwort,Plantae,1.0,4.404467582702637,270.0,0.17883774638175964,23.0,63.0,-2.0,0.0,0.0,0.0,1.0
32.7909972222,-117.2317805556,2023-06-20 18:00:00+00:00,Batis maritima,Saltwort,Plantae,4.0,8.805005073547363,95.99871826171875,0.12917357683181763,23.0,59.0,-2.0,39.0,75.0,31.0,1.0
32.7921833333,-117.231545,2024-01-27 22:49:27+00:00,Batis maritima,Saltwort,Plantae,5.0,6.842163562774658,105.65357971191406,0.14658282697200775,23.0,68.0,20.0,39.0,75.0,31.0,1.0
32.7927583333,-117.2311633333,2024-01-27 23:07:03+00:00,Batis maritima,Saltwort,Plantae,2.0,8.029680252075195,125.01235961914062,0.15860658884048462,22.0,49.0,20.0,49.0,72.0,24.0,1.0
32.7948633333,-117.2300633333,2024-01-27 23:46:28+00:00,Batis maritima,Saltwort,Plantae,3.0,3.4334213733673096,74.34688568115234,0.19704212248325348,22.0,29.0,20.0,50.0,72.0,23.0,1.0
32.7950487659,-117.2285413743,2024-02-03 18:27:33+00:00,Batis maritima,Saltwort,Plantae,-1.0,3.4334213733673096,285.6531066894531,0.13766473531723022,22.0,49.0,20.0,47.0,71.0,24.0,1.0
32.7917173467,-117.2277295855,2024-03-02 22:34:22+00:00,Batis maritima,Saltwort,Plantae,0.0,1.4410594701766968,310.05194091796875,0.1951679140329361,95.0,0.0,20.0,48.0,70.0,23.0,1.0
32.79447,-117.22763,2024-04-28 00:07:32+00:00,Batis maritima,Saltwort,Plantae,1.0,1.1032062768936157,270.0,0.15007136762142181,95.0,0.0,20.0,47.0,71.0,24.0,1.0
32.794661118,-117.228524579,2024-09-26 18:24:00+00:00,Batis maritima,Saltwort,Plantae,1.0,0.9274099469184875,180.0,0.14540407061576843,22.0,40.0,20.0,47.0,71.0,24.0,1.0
32.795530458,-117.2297500592,2024-09-26 19:38:17+00:00,Batis maritima,Saltwort,Plantae,1.0,0.0,-0.0,0.19635267555713654,22.0,41.0,20.0,51.0,73.0,23.0,1.0
32.795425,-117.2302166667,2025-02-01 17:43:41+00:00,Batis maritima,Saltwort,Plantae,2.0,3.433441400527954,74.34697723388672,0.1708993762731552,22.0,39.0,20.0,51.0,73.0,23.0,1.0
32.790975,-117.2298444444,2025-02-01 21:56:00+00:00,Batis maritima,Saltwort,Plantae,1.0,2.3922054767608643,292.7983093261719,0.05830712243914604,23.0,67.0,-2.0,49.0,72.0,24.0,1.0
32.7911861111,-117.2296972222,2025-02-01 22:02:00+00:00,Batis maritima,Saltwort,Plantae,0.0,3.4332826137542725,285.6537780761719,0.07399355620145798,11.0,0.0,-2.0,49.0,72.0,24.0,1.0
32.7954866667,-117.2292166667,2025-02-11 21:52:16+00:00,Batis maritima,Saltwort,Plantae,0.0,3.5467634201049805,141.58290100097656,0.1919148564338684,95.0,0.0,20.0,51.0,73.0,23.0,1.0
32.7956583333,-117.2290277778,2025-02-11 22:00:00+00:00,Batis maritima,Saltwort,Plantae,0.0,3.8646881580352783,163.43728637695312,0.20311467349529266,22.0,39.0,20.0,49.0,73.0,21.0,1.0
32.795825,-117.2287972222,2025-02-11 22:05:00+00:00,Batis maritima,Saltwort,Plantae,0.0,3.8646881580352783,163.43728637695312,0.20311467349529266,22.0,39.0,20.0,49.0,73.0,21.0,1.0
32.795445,-117.228745,2025-02-11 22:10:53+00:00,Batis maritima,Saltwort,Plantae,-1.0,2.392313241958618,247.20277404785156,0.16151370108127594,22.0,38.0,20.0,49.0,73.0,21.0,1.0
32.7947131219,-117.2282426523,2025-02-11 22:18:28+00:00,Batis maritima,Saltwort,Plantae,0.0,1.4410884380340576,130.05096435546875,0.14796149730682373,22.0,40.0,20.0,47.0,71.0,24.0,1.0
32.7950378019,-117.2302492708,2025-04-26 16:50:06+00:00,Batis maritima,Saltwort,Plantae,4.0,2.392300605773926,67.20264434814453,0.17610977590084076,23.0,63.0,20.0,50.0,72.0,23.0,1.0
32.7915555556,-117.2305527778,2025-07-02 18:46:00+00:00,Batis maritima,Saltwort,Plantae,-1.0,1.1031683683395386,90.0,0.1251722127199173,95.0,0.0,-2.0,49.0,72.0,24.0,1.0
32.7892444444,-117.2313666667,2025-07-12 15:25:00+00:00,Batis maritima,Saltwort,Plantae,0.0,1.4410357475280762,130.05271911621094,-0.003465859452262521,24.0,94.0,-2.0,51.0,72.0,22.0,1.0
32.7903861111,-117.2298166667,2025-07-12 15:32:00+00:00,Batis maritima,Saltwort,Plantae,0.0,0.9274099469184875,180.0,-0.021889347583055496,23.0,77.0,-2.0,0.0,0.0,0.0,1.0
32.79533641,-117.23026084,2025-10-09 19:52:12+00:00,Batis maritima,Saltwort,Plantae,2.0,3.433441400527954,74.34697723388672,0.1708993762731552,22.0,39.0,20.0,51.0,73.0,23.0,1.0
32.7954922489,-117.2301736901,2025-10-16 19:33:59+00:00,Batis maritima,Saltwort,Plantae,2.0,3.433441400527954,74.34697723388672,0.1708993762731552,22.0,39.0,20.0,51.0,73.0,23.0,1.0
32.79483531,-117.22942382,2025-10-16 19:52:34+00:00,Batis maritima,Saltwort,Plantae,-1.0,3.3063735961914062,90.0,0.19011558592319489,95.0,0.0,20.0,50.0,72.0,23.0,1.0
32.7954438469,-117.2300403939,2025-10-25 17:23:28+00:00,Batis maritima,Saltwort,Plantae,1.0,1.441096305847168,49.949302673339844,0.180143803358078,22.0,39.0,20.0,51.0,73.0,23.0,1.0
32.7910238179,-117.2297266592,2025-11-08 18:40:55+00:00,Batis maritima,Saltwort,Plantae,0.0,3.4332826137542725,285.6537780761719,0.07399355620145798,11.0,0.0,-2.0,49.0,72.0,24.0,1.0
32.795595,-117.23017,2025-11-09 19:08:31+00:00,Batis maritima,Saltwort,Plantae,2.0,3.433441400527954,74.34697723388672,0.1708993762731552,22.0,39.0,20.0,51.0,73.0,23.0,1.0
32.7955944444,-117.2290638889,2026-01-21 21:28:00+00:00,Batis maritima,Saltwort,Plantae,-1.0,2.157301902770996,149.25552368164062,0.19442236423492432,22.0,38.0,20.0,49.0,73.0,21.0,1.0
32.7954033333,-117.228705,2026-01-21 21:34:33+00:00,Batis maritima,Saltwort,Plantae,-1.0,2.392313241958618,247.20277404785156,0.16151370108127594,22.0,38.0,20.0,49.0,73.0,21.0,1.0
32.7945959978,-117.2289148149,2026-01-21 21:40:58+00:00,Batis maritima,Saltwort,Plantae,-1.0,2.9905283451080322,338.3699645996094,0.16031374037265778,21.0,15.0,20.0,47.0,71.0,24.0,1.0
32.7948,-117.227783,2026-01-21 21:53:00+00:00,Batis maritima,Saltwort,Plantae,2.0,3.864685297012329,196.56256103515625,0.1383926123380661,23.0,75.0,20.0,47.0,71.0,24.0,1.0
32.79444,-117.22773,2026-01-21 22:10:00+00:00,Batis maritima,Saltwort,Plantae,0.0,1.1032062768936157,270.0,0.15007136762142181,22.0,25.0,20.0,47.0,71.0,24.0,1.0
32.795367,-117.22905,2026-01-21 22:42:00+00:00,Batis maritima,Saltwort,Plantae,-1.0,2.157301902770996,149.25552368164062,0.19442236423492432,22.0,38.0,20.0,49.0,73.0,21.0,1.0
32.7961780667,-117.2295252937,2026-01-23 17:22:04+00:00,Batrachoseps major,Southern California Slender Salamander,Amphibia,4.0,3.546776294708252,218.4173583984375,0.1059708297252655,23.0,75.0,20.0,51.0,73.0,23.0,1.0
32.79576329,-117.23056232,2026-01-23 18:26:50+00:00,Batrachoseps major,Southern California Slender Salamander,Amphibia,4.0,4.404741287231445,90.0,0.1194462776184082,23.0,50.0,20.0,51.0,73.0,23.0,1.0
32.7956642833,-117.2306012983,2022-05-14 18:03:00+00:00,Bembix,,Insecta,4.0,4.404741287231445,90.0,0.1194462776184082,23.0,50.0,20.0,51.0,73.0,23.0,1.0
32.7900916667,-117.2321694444,2023-06-20 18:00:00+00:00,Bembix americana,American Sand Wasp,Insecta,1.0,7.169088840484619,130.05245971679688,0.09259801357984543,23.0,64.0,-2.0,51.0,72.0,22.0,1.0
32.7899333333,-117.2311466667,2024-09-12 18:18:37+00:00,Bembix americana,American Sand Wasp,Insecta,1.0,1.4410409927368164,130.05255126953125,0.14953842759132385,23.0,58.0,-2.0,0.0,0.0,0.0,1.0
32.795773939,-117.2306339207,2020-09-10 19:01:44+00:00,Bipalium kewense,Shovel-headed Garden Worm,Animalia,4.0,4.404741287231445,90.0,0.1194462776184082,23.0,50.0,20.0,51.0,73.0,23.0,1.0
32.790755,-117.2296916667,2019-03-06 20:51:47+00:00,Bittium,Needle-whelks,Mollusca,1.0,2.3922054767608643,292.7983093261719,0.05830712243914604,23.0,67.0,-2.0,49.0,72.0,24.0,1.0
32.7899638889,-117.2309333333,2025-02-01 21:49:00+00:00,Bivalvia,Bivalves,Mollusca,1.0,1.4410436153411865,130.05245971679688,0.1472601294517517,23.0,68.0,-2.0,0.0,0.0,0.0,1.0
32.789515201,-117.2314593663,2020-03-11 22:10:20+00:00,Blattodea,Cockroaches and Termites,Insecta,1.0,1.4410383701324463,130.05264282226562,0.06408825516700745,23.0,71.0,-2.0,51.0,72.0,22.0,1.0
32.78953,-117.23147,2020-03-11 22:10:09+00:00,Blattoidea,Typical Cockroaches and Termites,Insecta,1.0,1.4410383701324463,130.05264282226562,0.06408825516700745,23.0,71.0,-2.0,51.0,72.0,22.0,1.0
32.795845,-117.2302033333,2023-02-26 17:58:07+00:00,Bolbitius,,Fungi,2.0,3.4334511756896973,105.6529769897461,0.16354915499687195,22.0,31.0,20.0,51.0,73.0,23.0,1.0
32.7947083333,-117.2288194444,2025-06-16 14:25:33+00:00,Bombus californicus,California Bumble Bee,Insecta,-1.0,2.9905283451080322,338.3699645996094,0.16031374037265778,21.0,15.0,20.0,47.0,71.0,24.0,1.0
32.7896166667,-117.2321777778,2023-06-20 18:00:00+00:00,Bombus sonorus,Sonoran Bumble Bee,Insecta,4.0,10.82621955871582,53.66242980957031,0.13233546912670135,22.0,49.0,-2.0,51.0,72.0,22.0,1.0
32.7958616667,-117.2289583333,2023-06-21 17:20:59+00:00,Bombus sonorus,Sonoran Bumble Bee,Insecta,0.0,3.8646881580352783,163.43728637695312,0.20311467349529266,22.0,39.0,20.0,49.0,73.0,21.0,1.0
32.7899333333,-117.2323444444,2024-05-25 20:42:00+00:00,Bombus sonorus,Sonoran Bumble Bee,Insecta,4.0,6.154652118682861,63.23370361328125,0.09987203776836395,23.0,66.0,-2.0,51.0,72.0,22.0,1.0
32.79602,-117.230355,2024-06-19 18:48:19+00:00,Bombus sonorus,Sonoran Bumble Bee,Insecta,3.0,2.1573052406311035,149.25535583496094,0.10808767378330231,23.0,61.0,20.0,51.0,73.0,23.0,1.0
32.7899944444,-117.2322916667,2024-05-25 20:41:00+00:00,Bombus vosnesenskii,Yellow-faced Bumble Bee,Insecta,1.0,7.169088840484619,130.05245971679688,0.09259801357984543,23.0,64.0,-2.0,51.0,72.0,22.0,1.0
32.7920833333,-117.2316138889,2024-06-20 19:52:00+00:00,Bombus vosnesenskii,Yellow-faced Bumble Bee,Insecta,5.0,5.576310157775879,99.5438003540039,0.20743371546268463,22.0,44.0,20.0,39.0,75.0,31.0,1.0
32.7921263938,-117.2285319915,2013-01-13 11:13:00+00:00,Botaurus lentiginosus,American Bittern,Aves,-2.0,2.205540180206299,270.0,0.2039918303489685,95.0,0.0,20.0,48.0,70.0,23.0,1.0
32.7960151023,-117.230044666,2022-01-29 19:40:35+00:00,Brachyiulus,Short Snake Millipedes,Animalia,3.0,2.7802884578704834,180.0,0.12967248260974884,23.0,60.0,20.0,51.0,73.0,23.0,1.0
32.7911383333,-117.230125,2025-05-10 17:55:37+00:00,Brachyura,True Crabs,Animalia,-1.0,1.4410542249679565,310.0521240234375,0.11681777983903885,95.0,0.0,-2.0,49.0,72.0,24.0,1.0
32.796191,-117.229564,2023-07-30 04:33:00+00:00,Braconidae,Braconid Wasps,Insecta,4.0,3.546776294708252,218.4173583984375,0.1059708297252655,23.0,75.0,20.0,51.0,73.0,23.0,1.0
32.7955687867,-117.2305634167,2025-09-13 16:37:00+00:00,Braconidae,Braconid Wasps,Insecta,4.0,4.404727935791016,90.0,0.13322186470031738,22.0,38.0,20.0,51.0,73.0,23.0,1.0
32.7934076,-117.228756,2012-12-02 18:01:21+00:00,Branta bernicla,Brant,Aves,-1.0,0.9274099469184875,180.0,0.1348302960395813,95.0,0.0,20.0,47.0,71.0,24.0,1.0
32.789365275,-117.2313985935,2018-12-13 22:06:00+00:00,Branta bernicla,Brant,Aves,0.0,1.4410357475280762,130.05271911621094,-0.003465859452262521,24.0,94.0,-2.0,51.0,72.0,22.0,1.0
32.7896088641,-117.2312578566,2020-01-11 19:36:00+00:00,Branta bernicla,Brant,Aves,1.0,1.4410383701324463,130.05264282226562,0.06408825516700745,23.0,71.0,-2.0,51.0,72.0,22.0,1.0
32.795356,-117.228535,2023-01-21 16:10:00+00:00,Branta bernicla,Brant,Aves,-1.0,2.392313241958618,247.20277404785156,0.16151370108127594,22.0,38.0,20.0,49.0,73.0,21.0,1.0
32.7949637798,-117.228890004,2023-01-21 17:29:00+00:00,Branta bernicla,Brant,Aves,-2.0,1.4410910606384277,310.0508728027344,0.14952026307582855,22.0,40.0,20.0,47.0,71.0,24.0,1.0
32.792995,-117.227075,2023-01-25 21:50:18+00:00,Branta bernicla,Brant,Aves,0.0,3.3063013553619385,90.0,-0.014361402951180935,11.0,0.0,20.0,41.0,73.0,28.0,1.0
32.7956116667,-117.2295533333,2024-01-12 17:02:16+00:00,Branta bernicla,Brant,Aves,1.0,0.9274099469184875,180.0,0.19704265892505646,22.0,45.0,20.0,51.0,73.0,23.0,1.0
32.7934812708,-117.224052646,2026-01-03 20:47:00+00:00,Branta bernicla,Brant,Aves,1.0,5.964840888977051,21.62978172302246,0.1196034699678421,23.0,77.0,1.0,0.0,0.0,0.0,1.0
32.7932100372,-117.2298078447,2026-01-17 19:35:00+00:00,Branta bernicla,Brant,Aves,1.0,1.4410752058029175,49.9485969543457,0.19605720043182373,95.0,0.0,20.0,50.0,72.0,23.0,1.0
32.7937329345,-117.2245611268,2026-01-13 23:48:00+00:00,Branta bernicla nigricans,Black Brant,Aves,1.0,9.874309539794922,95.33609771728516,-0.012861526571214199,11.0,0.0,1.0,0.0,0.0,0.0,1.0
32.7905631904,-117.2297665571,2019-03-06 20:54:54+00:00,Branta canadensis,Canada Goose,Aves,1.0,1.4410488605499268,130.0522918701172,0.0012941418681293726,23.0,71.0,-2.0,0.0,0.0,0.0,1.0
32.7933391689,-117.228388751,2023-02-04 15:51:00+00:00,Branta canadensis,Canada Goose,Aves,-1.0,2.9905221462249756,201.6297149658203,0.11459707468748093,95.0,0.0,20.0,47.0,71.0,24.0,1.0
32.7941436979,-117.229309082,2022-04-27 20:14:49+00:00,Brassiceae,,Plantae,0.0,1.4410831928253174,229.94886779785156,0.18536525964736938,95.0,0.0,20.0,50.0,72.0,23.0,1.0
32.7912222222,-117.2298805556,2020-03-04 21:38:00+00:00,Brezia,Section Brezia,Plantae,-1.0,1.4410542249679565,310.0521240234375,0.11681777983903885,95.0,0.0,-2.0,49.0,72.0,24.0,1.0
32.7907625189,-117.2298234672,2020-03-11 22:38:36+00:00,Brezia,Section Brezia,Plantae,1.0,2.3922054767608643,292.7983093261719,0.05830712243914604,23.0,67.0,-2.0,49.0,72.0,24.0,1.0
32.795975,-117.2299722222,2023-06-20 18:00:00+00:00,Bromus diandrus,great brome,Plantae,3.0,2.7802884578704834,180.0,0.12967248260974884,23.0,60.0,20.0,51.0,73.0,23.0,1.0
32.78927,-117.2316066667,2023-12-09 19:06:00+00:00,Bucephala albeola,Bufflehead,Aves,1.0,3.433213233947754,74.34590911865234,0.07006639242172241,23.0,62.0,-2.0,51.0,72.0,22.0,1.0
32.7954830581,-117.2295548713,2024-01-12 16:31:00+00:00,Bucephala albeola,Bufflehead,Aves,1.0,2.157301902770996,149.25552368164062,0.19635267555713654,22.0,39.0,20.0,51.0,73.0,23.0,1.0
32.7956116667,-117.2295533333,2024-01-12 16:59:07+00:00,Bucephala albeola,Bufflehead,Aves,1.0,0.9274099469184875,180.0,0.19704265892505646,22.0,45.0,20.0,51.0,73.0,23.0,1.0
32.7933437162,-117.2254837451,2025-02-01 16:39:00+00:00,Bucephala albeola,Bufflehead,Aves,0.0,0.0,-0.0,-0.02626788429915905,11.0,0.0,20.0,41.0,73.0,28.0,1.0
32.7932100372,-117.2298078447,2026-01-17 19:33:00+00:00,Bucephala albeola,Bufflehead,Aves,1.0,1.4410752058029175,49.9485969543457,0.19605720043182373,95.0,0.0,20.0,50.0,72.0,23.0,1.0
32.7897016837,-117.231243518,2018-04-11 20:27:26+00:00,Bulla gouldiana,Cloudy Bubble Snail,Mollusca,1.0,4.315853595733643,310.05255126953125,0.14953842759132385,23.0,58.0,-2.0,51.0,72.0,22.0,1.0
32.7912666667,-117.2298883333,2018-04-11 21:11:26+00:00,Bulla gouldiana,Cloudy Bubble Snail,Mollusca,-1.0,1.4410542249679565,310.0521240234375,0.11681777983903885,95.0,0.0,-2.0,49.0,72.0,24.0,1.0
32.789822,-117.230996,2018-04-27 20:20:00+00:00,Bulla gouldiana,Cloudy Bubble Snail,Mollusca,1.0,1.4410409927368164,130.05255126953125,0.14953842759132385,23.0,58.0,-2.0,0.0,0.0,0.0,1.0
32.7909466667,-117.22953,2019-03-06 20:53:13+00:00,Bulla gouldiana,Cloudy Bubble Snail,Mollusca,1.0,2.880282163619995,229.9477996826172,0.05830712243914604,23.0,65.0,-2.0,49.0,72.0,24.0,1.0
32.7898020524,-117.2306432491,2019-03-06 21:01:00+00:00,Bulla gouldiana,Cloudy Bubble Snail,Mollusca,0.0,0.0,-0.0,-0.007864016108214855,24.0,88.0,-2.0,0.0,0.0,0.0,1.0
32.790975,-117.228455,2019-03-06 21:06:12+00:00,Bulla gouldiana,Cloudy Bubble Snail,Mollusca,1.0,2.3922054767608643,112.79830932617188,0.16133198142051697,11.0,0.0,-2.0,48.0,70.0,23.0,1.0
32.7908010688,-117.2281697207,2019-04-11 16:13:04+00:00,Bulla gouldiana,Cloudy Bubble Snail,Mollusca,1.0,0.0,-0.0,0.13407741487026215,95.0,0.0,-2.0,48.0,70.0,23.0,1.0
32.789895,-117.230805,2020-03-04 13:20:37+00:00,Bulla gouldiana,Cloudy Bubble Snail,Mollusca,0.0,1.4410409927368164,130.05255126953125,0.0661247968673706,23.0,73.0,-2.0,0.0,0.0,0.0,1.0
32.7897709458,-117.2310787439,2020-03-04 20:53:11+00:00,Bulla gouldiana,Cloudy Bubble Snail,Mollusca,1.0,1.4410409927368164,130.05255126953125,0.14953842759132385,23.0,58.0,-2.0,0.0,0.0,0.0,1.0
32.7900586103,-117.2306335102,2020-03-04 21:20:00+00:00,Bulla gouldiana,Cloudy Bubble Snail,Mollusca,0.0,2.157266616821289,149.25709533691406,0.08216650038957596,23.0,65.0,-2.0,0.0,0.0,0.0,1.0
32.789875,-117.23083667,2020-03-04 23:16:13+00:00,Bulla gouldiana,Cloudy Bubble Snail,Mollusca,0.0,1.4410409927368164,130.05255126953125,0.0661247968673706,23.0,73.0,-2.0,0.0,0.0,0.0,1.0
32.78987833,-117.23082833,2020-03-04 23:21:33+00:00,Bulla gouldiana,Cloudy Bubble Snail,Mollusca,0.0,1.4410409927368164,130.05255126953125,0.0661247968673706,23.0,73.0,-2.0,0.0,0.0,0.0,1.0
32.791205,-117.22968333,2020-03-11 22:42:26+00:00,Bulla gouldiana,Cloudy Bubble Snail,Mollusca,0.0,3.4332826137542725,285.6537780761719,0.07399355620145798,11.0,0.0,-2.0,49.0,72.0,24.0,1.0
32.7912216667,-117.2291416667,2022-04-27 20:52:08+00:00,Bulla gouldiana,Cloudy Bubble Snail,Mollusca,3.0,2.3922119140625,292.7982482910156,0.085202157497406,11.0,0.0,-2.0,49.0,72.0,24.0,1.0
32.7912237717,-117.2300456683,2022-04-27 21:57:21+00:00,Bulla gouldiana,Cloudy Bubble Snail,Mollusca,-1.0,1.4410542249679565,310.0521240234375,0.11681777983903885,95.0,0.0,-2.0,49.0,72.0,24.0,1.0
32.79105891,-117.22956739,2023-03-11 17:42:42+00:00,Bulla gouldiana,Cloudy Bubble Snail,Mollusca,2.0,3.30622935295105,270.0,0.07399355620145798,11.0,0.0,-2.0,49.0,72.0,24.0,1.0
32.7903138889,-117.2320861111,2023-06-20 18:00:00+00:00,Bulla gouldiana,Cloudy Bubble Snail,Mollusca,5.0,8.457596778869629,139.64630126953125,0.0892673060297966,23.0,50.0,-2.0,51.0,72.0,22.0,1.0
32.78965109,-117.23130738,2024-05-11 16:58:37+00:00,Bulla gouldiana,Cloudy Bubble Snail,Mollusca,1.0,1.4410383701324463,130.05264282226562,0.06408825516700745,23.0,71.0,-2.0,51.0,72.0,22.0,1.0
32.7912216667,-117.22992,2026-01-10 18:26:57+00:00,Bulla gouldiana,Cloudy Bubble Snail,Mollusca,-1.0,1.4410542249679565,310.0521240234375,0.11681777983903885,95.0,0.0,-2.0,49.0,72.0,24.0,1.0
32.7909055556,-117.228925,2026-01-10 18:47:24+00:00,Bulla gouldiana,Cloudy Bubble Snail,Mollusca,3.0,3.704791784286499,180.0,0.05613994225859642,11.0,0.0,-2.0,48.0,70.0,23.0,1.0
32.7938716667,-117.227075,2026-01-21 22:26:36+00:00,Bulla gouldiana,Cloudy Bubble Snail,Mollusca,1.0,0.0,-0.0,0.1362147182226181,95.0,0.0,20.0,41.0,73.0,28.0,1.0
32.7909233333,-117.232155,2019-03-07 18:55:00+00:00,Buteo jamaicensis,Red-tailed Hawk,Aves,8.0,4.404494762420654,90.0,0.07171253114938736,23.0,79.0,-2.0,39.0,75.0,31.0,1.0
32.7909333333,-117.2320722222,2019-03-07 19:50:00+00:00,Buteo jamaicensis,Red-tailed Hawk,Aves,8.0,4.404494762420654,90.0,0.07171253114938736,23.0,79.0,-2.0,39.0,75.0,31.0,1.0
32.7952595937,-117.2282411931,2020-02-01 17:57:00+00:00,Buteo jamaicensis,Red-tailed Hawk,Aves,3.0,3.7888643741607666,240.7333984375,0.133394256234169,23.0,55.0,20.0,49.0,73.0,21.0,1.0
32.7953064151,-117.228853246,2022-02-05 17:50:00+00:00,Buteo jamaicensis,Red-tailed Hawk,Aves,-2.0,1.4410936832427979,229.94921875,0.17733633518218994,22.0,20.0,20.0,49.0,73.0,21.0,1.0
32.7953584681,-117.2301369181,2022-11-23 16:19:00+00:00,Buteo jamaicensis,Red-tailed Hawk,Aves,1.0,1.441096305847168,49.949302673339844,0.180143803358078,22.0,39.0,20.0,51.0,73.0,23.0,1.0
32.7956141569,-117.2305426783,2023-01-21 16:51:00+00:00,Buteo jamaicensis,Red-tailed Hawk,Aves,4.0,4.404741287231445,90.0,0.1194462776184082,23.0,50.0,20.0,51.0,73.0,23.0,1.0
32.7950541484,-117.2284957767,2023-01-21 17:17:13+00:00,Buteo jamaicensis,Red-tailed Hawk,Aves,1.0,2.205609083175659,270.0,0.12666849792003632,22.0,41.0,20.0,47.0,71.0,24.0,1.0
32.79544,-117.22975,2023-01-21 17:50:00+00:00,Buteo jamaicensis,Red-tailed Hawk,Aves,1.0,0.0,-0.0,0.19635267555713654,22.0,41.0,20.0,51.0,73.0,23.0,1.0
32.7957541525,-117.2303252547,2023-01-21 18:03:27+00:00,Buteo jamaicensis,Red-tailed Hawk,Aves,2.0,3.4334511756896973,105.6529769897461,0.16354915499687195,22.0,31.0,20.0,51.0,73.0,23.0,1.0
32.7956351002,-117.2286374704,2023-02-04 17:37:00+00:00,Buteo jamaicensis,Red-tailed Hawk,Aves,0.0,2.7802884578704834,180.0,0.18270500004291534,22.0,31.0,20.0,49.0,73.0,21.0,1.0
32.7957117709,-117.2303916923,2023-02-04 18:03:58+00:00,Buteo jamaicensis,Red-tailed Hawk,Aves,2.0,3.4334511756896973,105.6529769897461,0.16354915499687195,22.0,31.0,20.0,51.0,73.0,23.0,1.0
32.7957309933,-117.2304899567,2023-02-04 19:14:00+00:00,Buteo jamaicensis,Red-tailed Hawk,Aves,4.0,4.404741287231445,90.0,0.1194462776184082,23.0,50.0,20.0,51.0,73.0,23.0,1.0
32.7956156585,-117.2298815666,2025-05-04 17:25:00+00:00,Buteo jamaicensis,Red-tailed Hawk,Aves,1.0,2.15730357170105,149.25543212890625,0.19868019223213196,22.0,40.0,20.0,51.0,73.0,23.0,1.0
32.7959783423,-117.2306666667,2021-05-24 18:01:19+00:00,Buteo lineatus,Red-shouldered Hawk,Aves,4.0,2.205636501312256,90.0,0.0928410217165947,23.0,68.0,20.0,51.0,73.0,23.0,1.0
32.7950972573,-117.2278558748,2025-11-13 20:32:00+00:00,Buteo lineatus,Red-shouldered Hawk,Aves,4.0,1.8543341159820557,180.0,0.14789268374443054,23.0,65.0,20.0,49.0,73.0,21.0,1.0
32.791887298,-117.2302389995,2024-07-06 03:36:44+00:00,Butorides virescens,Green Heron,Aves,-1.0,0.9274099469184875,-0.0,0.18566012382507324,95.0,0.0,20.0,49.0,72.0,24.0,1.0
32.7910833333,-117.2290633333,2022-04-27 20:51:20+00:00,Caenogastropoda,Caenogastropods,Mollusca,4.0,0.9274099469184875,-0.0,0.1848616600036621,95.0,0.0,-2.0,48.0,70.0,23.0,1.0
32.7902033333,-117.23033,2024-05-11 17:11:39+00:00,Caenogastropoda,Caenogastropods,Mollusca,0.0,0.0,-0.0,0.0027181501500308514,23.0,61.0,-2.0,0.0,0.0,0.0,1.0
32.79619,-117.229533,2023-07-30 03:36:00+00:00,Caenurgia togataria,,Insecta,4.0,3.546776294708252,218.4173583984375,0.1059708297252655,23.0,75.0,20.0,51.0,73.0,23.0,1.0
32.7962268698,-117.2294270676,2023-07-30 03:48:00+00:00,Caenurgia togataria,,Insecta,4.0,3.546776294708252,218.4173583984375,0.1059708297252655,23.0,75.0,20.0,51.0,73.0,23.0,1.0
32.795903261,-117.2292563392,2023-07-31 04:50:00+00:00,Caenurgia togataria,,Insecta,3.0,4.755953311920166,193.3832244873047,0.10409373044967651,22.0,49.0,20.0,51.0,73.0,23.0,1.0
32.7910577646,-117.2295452749,2017-06-04 23:04:49+00:00,Cakile maritima,European Searocket,Plantae,2.0,3.30622935295105,270.0,0.07399355620145798,11.0,0.0,-2.0,49.0,72.0,24.0,1.0
32.7896005909,-117.2313816551,2019-03-06 20:43:00+00:00,Cakile maritima,European Searocket,Plantae,1.0,1.4410383701324463,130.05264282226562,0.06408825516700745,23.0,71.0,-2.0,51.0,72.0,22.0,1.0
32.7903216667,-117.230355,2019-03-06 20:49:30+00:00,Cakile maritima,European Searocket,Plantae,0.0,2.8802716732025146,130.0523681640625,0.09603254497051239,23.0,56.0,-2.0,0.0,0.0,0.0,1.0
32.78959167,-117.23140833,2020-03-04 12:54:08+00:00,Cakile maritima,European Searocket,Plantae,1.0,1.4410383701324463,130.05264282226562,0.06408825516700745,23.0,71.0,-2.0,51.0,72.0,22.0,1.0
32.7901194444,-117.2307138889,2021-05-05 20:19:00+00:00,Cakile maritima,European Searocket,Plantae,1.0,1.4410436153411865,130.05245971679688,0.1472601294517517,23.0,68.0,-2.0,0.0,0.0,0.0,1.0
32.7908723119,-117.2297472403,2021-05-05 20:27:41+00:00,Cakile maritima,European Searocket,Plantae,1.0,2.3922054767608643,292.7983093261719,0.05830712243914604,23.0,67.0,-2.0,49.0,72.0,24.0,1.0
32.7895627611,-117.2314611176,2022-04-27 20:12:00+00:00,Cakile maritima,European Searocket,Plantae,1.0,1.4410383701324463,130.05264282226562,0.06408825516700745,23.0,71.0,-2.0,51.0,72.0,22.0,1.0
32.7903583333,-117.2303166667,2022-04-27 21:06:41+00:00,Cakile maritima,European Searocket,Plantae,0.0,2.8802716732025146,130.0523681640625,0.09603254497051239,23.0,56.0,-2.0,0.0,0.0,0.0,1.0
32.79036036,-117.230313935,2022-05-14 16:41:00+00:00,Cakile maritima,European Searocket,Plantae,0.0,2.8802716732025146,130.0523681640625,0.09603254497051239,23.0,56.0,-2.0,0.0,0.0,0.0,1.0
32.7896611111,-117.2313472222,2023-06-20 18:00:00+00:00,Cakile maritima,European Searocket,Plantae,1.0,1.4410383701324463,130.05264282226562,0.06408825516700745,23.0,71.0,-2.0,51.0,72.0,22.0,1.0
32.7896166667,-117.2315055556,2024-04-11 21:31:00+00:00,Cakile maritima,European Searocket,Plantae,1.0,3.5466694831848145,321.5848083496094,0.14769913256168365,22.0,46.0,-2.0,51.0,72.0,22.0,1.0
32.78981442,-117.2311078,2024-05-11 16:54:41+00:00,Cakile maritima,European Searocket,Plantae,1.0,1.4410409927368164,130.05255126953125,0.14953842759132385,23.0,58.0,-2.0,0.0,0.0,0.0,1.0
32.7899388889,-117.2310861111,2024-05-25 21:18:00+00:00,Cakile maritima,European Searocket,Plantae,1.0,1.4410409927368164,130.05255126953125,0.14953842759132385,23.0,58.0,-2.0,0.0,0.0,0.0,1.0
32.7897805556,-117.2308972222,2020-03-04 21:12:00+00:00,Calidris,Calidris Sandpipers,Aves,0.0,1.4410409927368164,130.05255126953125,0.0661247968673706,23.0,73.0,-2.0,0.0,0.0,0.0,1.0
32.7898614285,-117.2309010408,2020-03-04 23:12:46+00:00,Calidris,Calidris Sandpipers,Aves,0.0,1.4410409927368164,130.05255126953125,0.0661247968673706,23.0,73.0,-2.0,0.0,0.0,0.0,1.0
32.7952614563,-117.2282321741,2023-01-21 17:18:00+00:00,Calidris,Calidris Sandpipers,Aves,3.0,3.7888643741607666,240.7333984375,0.133394256234169,23.0,55.0,20.0,49.0,73.0,21.0,1.0
32.795662735,-117.2281979941,2023-01-21 17:23:00+00:00,Calidris,Calidris Sandpipers,Aves,3.0,5.576545715332031,260.45660400390625,0.14933940768241882,22.0,32.0,20.0,49.0,73.0,21.0,1.0
32.7909055556,-117.2297055556,2025-02-01 22:00:00+00:00,Calidris,Calidris Sandpipers,Aves,1.0,2.3922054767608643,292.7983093261719,0.05830712243914604,23.0,67.0,-2.0,49.0,72.0,24.0,1.0
32.789604527,-117.231095471,2015-01-07 18:18:00+00:00,Calidris alba,Sanderling,Aves,0.0,1.4410383701324463,130.05264282226562,0.06408825516700745,24.0,81.0,-2.0,0.0,0.0,0.0,1.0
32.7895795908,-117.2311181064,2015-01-07 18:17:00+00:00,Calidris alpina,Dunlin,Aves,0.0,1.4410383701324463,130.05264282226562,0.06408825516700745,24.0,81.0,-2.0,0.0,0.0,0.0,1.0
32.794117531,-117.2291403725,2018-07-28 18:47:00+00:00,Calidris alpina,Dunlin,Aves,0.0,1.4410831928253174,229.94886779785156,0.18536525964736938,95.0,0.0,20.0,50.0,72.0,23.0,1.0
32.7895161902,-117.231419738,2018-11-10 16:52:08+00:00,Calidris alpina,Dunlin,Aves,1.0,1.4410383701324463,130.05264282226562,0.06408825516700745,23.0,71.0,-2.0,51.0,72.0,22.0,1.0
32.7893757304,-117.2315159606,2021-01-01 21:20:00+00:00,Calidris alpina,Dunlin,Aves,1.0,3.433213233947754,74.34590911865234,0.07006639242172241,23.0,62.0,-2.0,51.0,72.0,22.0,1.0
32.7898442793,-117.2310760554,2023-01-21 15:34:00+00:00,Calidris alpina,Dunlin,Aves,1.0,1.4410409927368164,130.05255126953125,0.14953842759132385,23.0,58.0,-2.0,0.0,0.0,0.0,1.0
32.789856149,-117.2310162429,2024-12-15 15:46:45+00:00,Calidris alpina,Dunlin,Aves,1.0,1.4410409927368164,130.05255126953125,0.14953842759132385,23.0,58.0,-2.0,0.0,0.0,0.0,1.0
32.7939192012,-117.2277468708,2025-02-01 16:38:00+00:00,Calidris alpina,Dunlin,Aves,0.0,2.880340099334717,310.0512390136719,0.15461094677448273,95.0,0.0,20.0,47.0,71.0,24.0,1.0
32.7894549281,-117.2314220667,2017-01-28 18:01:00+00:00,Calidris canutus,Red Knot,Aves,1.0,1.4410383701324463,130.05264282226562,0.06408825516700745,23.0,71.0,-2.0,51.0,72.0,22.0,1.0
32.7894493081,-117.2314486101,2018-09-11 00:12:00+00:00,Calidris canutus,Red Knot,Aves,1.0,1.4410383701324463,130.05264282226562,0.06408825516700745,23.0,71.0,-2.0,51.0,72.0,22.0,1.0
32.7895715844,-117.2313325164,2018-11-10 17:44:00+00:00,Calidris canutus,Red Knot,Aves,1.0,1.4410383701324463,130.05264282226562,0.06408825516700745,23.0,71.0,-2.0,51.0,72.0,22.0,1.0
32.7893866845,-117.231270297,2020-11-28 18:52:00+00:00,Calidris canutus,Red Knot,Aves,0.0,1.4410357475280762,130.05271911621094,-0.003465859452262521,24.0,94.0,-2.0,51.0,72.0,22.0,1.0
32.7932121803,-117.2277355188,2019-08-06 17:47:00+00:00,Calidris mauri,Western Sandpiper,Aves,2.0,5.202883720397949,237.76971435546875,0.057586729526519775,95.0,0.0,20.0,47.0,71.0,24.0,1.0
32.78977,-117.23091167,2020-03-04 13:13:10+00:00,Calidris mauri,Western Sandpiper,Aves,0.0,1.4410409927368164,130.05255126953125,0.0661247968673706,23.0,73.0,-2.0,0.0,0.0,0.0,1.0
32.7898148787,-117.2308832831,2020-03-04 21:12:37+00:00,Calidris mauri,Western Sandpiper,Aves,0.0,1.4410409927368164,130.05255126953125,0.0661247968673706,23.0,73.0,-2.0,0.0,0.0,0.0,1.0
32.7893325682,-117.2314848737,2020-11-28 18:44:00+00:00,Calidris mauri,Western Sandpiper,Aves,0.0,1.4410357475280762,130.05271911621094,-0.003465859452262521,24.0,94.0,-2.0,51.0,72.0,22.0,1.0
32.7894095531,-117.2314845093,2021-01-01 21:21:00+00:00,Calidris mauri,Western Sandpiper,Aves,1.0,1.4410383701324463,130.05264282226562,0.06408825516700745,23.0,71.0,-2.0,51.0,72.0,22.0,1.0
32.7901694756,-117.2305919797,2023-01-21 15:02:00+00:00,Calidris mauri,Western Sandpiper,Aves,0.0,2.157266616821289,149.25709533691406,0.08216650038957596,23.0,65.0,-2.0,0.0,0.0,0.0,1.0
32.795644282,-117.2285385003,2023-02-11 17:44:10+00:00,Calidris mauri,Western Sandpiper,Aves,0.0,2.7802884578704834,180.0,0.18270500004291534,22.0,31.0,20.0,49.0,73.0,21.0,1.0
32.7909027778,-117.2295638889,2025-07-12 15:33:00+00:00,Calidris mauri,Western Sandpiper,Aves,1.0,2.880282163619995,229.9477996826172,0.05830712243914604,23.0,65.0,-2.0,49.0,72.0,24.0,1.0
32.7937842213,-117.2241917768,2026-01-13 22:58:00+00:00,Calidris mauri,Western Sandpiper,Aves,-5.0,8.583511352539062,310.0512390136719,0.1094362884759903,23.0,71.0,1.0,0.0,0.0,0.0,1.0
32.7939854644,-117.2242982703,2026-01-13 23:11:00+00:00,Calidris mauri,Western Sandpiper,Aves,-8.0,8.029747009277344,54.98797607421875,-0.012861526571214199,11.0,0.0,1.0,0.0,0.0,0.0,1.0
32.7938659637,-117.224231215,2026-01-13 23:24:00+00:00,Calidris mauri,Western Sandpiper,Aves,-8.0,8.029747009277344,54.98797607421875,-0.012861526571214199,11.0,0.0,1.0,0.0,0.0,0.0,1.0
32.7936589917,-117.2240918602,2026-01-17 23:15:00+00:00,Calidris mauri,Western Sandpiper,Aves,1.0,5.964840888977051,21.62978172302246,0.1196034699678421,23.0,77.0,1.0,0.0,0.0,0.0,1.0
32.792812518,-117.227268459,2026-01-21 22:45:00+00:00,Calidris mauri,Western Sandpiper,Aves,1.0,1.8543341159820557,180.0,-0.02203495241701603,11.0,0.0,20.0,48.0,70.0,23.0,1.0
32.7932805556,-117.2239444444,2026-01-29 20:42:00+00:00,Calidris mauri,Western Sandpiper,Aves,1.0,0.9274099469184875,-0.0,0.0990135669708252,23.0,58.0,1.0,0.0,0.0,0.0,1.0
32.7892909767,-117.2315372935,2018-12-13 22:14:00+00:00,Calidris minutilla,Least Sandpiper,Aves,1.0,3.433213233947754,74.34590911865234,0.07006639242172241,23.0,62.0,-2.0,51.0,72.0,22.0,1.0
32.7955634134,-117.2288530554,2020-02-01 18:29:00+00:00,Calidris minutilla,Least Sandpiper,Aves,-1.0,2.157301902770996,149.25552368164062,0.19442236423492432,22.0,38.0,20.0,49.0,73.0,21.0,1.0
32.7955004676,-117.2286287926,2020-02-01 20:48:00+00:00,Calidris minutilla,Least Sandpiper,Aves,-1.0,2.392313241958618,247.20277404785156,0.16151370108127594,22.0,38.0,20.0,49.0,73.0,21.0,1.0
32.795557772,-117.2292121291,2022-02-05 17:03:00+00:00,Calidris minutilla,Least Sandpiper,Aves,0.0,3.5467634201049805,141.58290100097656,0.1919148564338684,95.0,0.0,20.0,51.0,73.0,23.0,1.0
32.7956050201,-117.2288754871,2022-02-05 17:20:00+00:00,Calidris minutilla,Least Sandpiper,Aves,0.0,3.8646881580352783,163.43728637695312,0.20311467349529266,22.0,39.0,20.0,49.0,73.0,21.0,1.0
32.7956877259,-117.2287705677,2022-02-05 17:28:00+00:00,Calidris minutilla,Least Sandpiper,Aves,0.0,2.7802884578704834,180.0,0.18270500004291534,22.0,31.0,20.0,49.0,73.0,21.0,1.0
32.7954257939,-117.2296663122,2022-02-05 18:58:00+00:00,Calidris minutilla,Least Sandpiper,Aves,1.0,0.0,-0.0,0.19635267555713654,22.0,41.0,20.0,51.0,73.0,23.0,1.0
32.7899396205,-117.2308701599,2023-01-21 15:06:07+00:00,Calidris minutilla,Least Sandpiper,Aves,0.0,1.4410409927368164,130.05255126953125,0.0661247968673706,23.0,73.0,-2.0,0.0,0.0,0.0,1.0
32.795611116,-117.2289104951,2023-02-04 15:27:00+00:00,Calidris minutilla,Least Sandpiper,Aves,0.0,3.8646881580352783,163.43728637695312,0.20311467349529266,22.0,39.0,20.0,49.0,73.0,21.0,1.0
32.7948573454,-117.2277411213,2023-02-04 21:28:00+00:00,Calidris minutilla,Least Sandpiper,Aves,2.0,3.864685297012329,196.56256103515625,0.1383926123380661,23.0,75.0,20.0,47.0,71.0,24.0,1.0
32.7948099966,-117.227713836,2023-02-04 21:38:00+00:00,Calidris minutilla,Least Sandpiper,Aves,2.0,2.1572983264923096,210.74432373046875,0.1383926123380661,23.0,65.0,20.0,47.0,71.0,24.0,1.0
32.7911833333,-117.2293383333,2023-09-09 17:11:59+00:00,Calidris minutilla,Least Sandpiper,Aves,2.0,3.30622935295105,270.0,0.07399355620145798,11.0,0.0,-2.0,49.0,72.0,24.0,1.0
32.7905324916,-117.2303214572,2024-01-31 21:41:00+00:00,Calidris minutilla,Least Sandpiper,Aves,2.0,1.1031581163406372,90.0,0.1304217278957367,22.0,23.0,-2.0,0.0,0.0,0.0,1.0
32.7893716609,-117.2316808161,2024-04-13 16:17:12+00:00,Calidris minutilla,Least Sandpiper,Aves,1.0,3.433213233947754,74.34590911865234,0.07006639242172241,23.0,62.0,-2.0,51.0,72.0,22.0,1.0
32.7911416667,-117.230195,2024-07-14 17:25:01+00:00,Calidris minutilla,Least Sandpiper,Aves,-1.0,1.8543341159820557,-0.0,0.09041575342416763,95.0,0.0,-2.0,49.0,72.0,24.0,1.0
32.79560572,-117.2288803784,2025-02-01 16:45:00+00:00,Calidris minutilla,Least Sandpiper,Aves,0.0,3.8646881580352783,163.43728637695312,0.20311467349529266,22.0,39.0,20.0,49.0,73.0,21.0,1.0
32.7910069323,-117.2270953793,2025-08-20 17:52:00+00:00,Calidris minutilla,Least Sandpiper,Aves,0.0,0.9274099469184875,180.0,0.09833472967147827,95.0,0.0,-2.0,49.0,71.0,23.0,1.0
32.7907795347,-117.2297628311,2025-08-22 13:53:11+00:00,Calidris minutilla,Least Sandpiper,Aves,1.0,2.3922054767608643,292.7983093261719,0.05830712243914604,23.0,67.0,-2.0,49.0,72.0,24.0,1.0
32.7949309537,-117.2245042726,2026-01-03 20:43:00+00:00,Calidris minutilla,Least Sandpiper,Aves,2.0,2.8803610801696777,229.94912719726562,0.15919461846351624,95.0,0.0,1.0,0.0,0.0,0.0,1.0
32.7932582224,-117.2239782209,2026-01-17 23:14:00+00:00,Calidris minutilla,Least Sandpiper,Aves,1.0,1.4410752058029175,229.94859313964844,0.06297077238559723,23.0,58.0,1.0,0.0,0.0,0.0,1.0
32.7947566123,-117.2256473748,2026-01-21 22:02:00+00:00,Calidris minutilla,Least Sandpiper,Aves,4.0,2.9905283451080322,158.36997985839844,0.20334598422050476,95.0,0.0,20.0,41.0,73.0,28.0,1.0
32.7957716667,-117.2287,2019-02-10 22:40:16+00:00,Californicae,Cuscuta sect. Californicae,Plantae,0.0,2.7802884578704834,180.0,0.18270500004291534,22.0,31.0,20.0,49.0,73.0,21.0,1.0
32.7909583333,-117.229745,2019-03-06 21:34:55+00:00,Californicae,Cuscuta sect. Californicae,Plantae,1.0,2.3922054767608643,292.7983093261719,0.05830712243914604,23.0,67.0,-2.0,49.0,72.0,24.0,1.0
32.7910222222,-117.2297583333,2021-05-05 20:59:00+00:00,Californicae,Cuscuta sect. Californicae,Plantae,1.0,2.3922054767608643,292.7983093261719,0.05830712243914604,23.0,67.0,-2.0,49.0,72.0,24.0,1.0
32.7954783333,-117.2288583333,2025-02-11 22:08:24+00:00,Californicae,Cuscuta sect. Californicae,Plantae,-1.0,2.157301902770996,149.25552368164062,0.19442236423492432,22.0,38.0,20.0,49.0,73.0,21.0,1.0
32.795071691,-117.230280855,2025-05-24 16:34:58+00:00,Californicae,Cuscuta sect. Californicae,Plantae,3.0,2.880366325378418,49.949214935302734,0.1823185831308365,22.0,42.0,20.0,51.0,73.0,23.0,1.0
32.7906927453,-117.2298604626,2023-01-14 19:05:00+00:00,Californiconus californicus,California Cone,Mollusca,1.0,1.4410488605499268,130.0522918701172,0.0012941418681293726,23.0,71.0,-2.0,0.0,0.0,0.0,1.0
32.7912366667,-117.22995,2026-01-10 18:25:58+00:00,Californiconus californicus,California Cone,Mollusca,-1.0,1.4410542249679565,310.0521240234375,0.11681777983903885,95.0,0.0,-2.0,49.0,72.0,24.0,1.0
32.7912966667,-117.2298366667,2018-04-11 21:07:56+00:00,Callinectes,Blue Crabs,Animalia,0.0,3.306239604949951,270.0,0.1820506900548935,95.0,0.0,-2.0,49.0,72.0,24.0,1.0
32.7913133333,-117.22937,2021-05-05 20:31:16+00:00,Callinectes,Blue Crabs,Animalia,1.0,2.3922181129455566,292.7981872558594,0.1820506900548935,95.0,0.0,-2.0,49.0,72.0,24.0,1.0
32.7913133333,-117.2289666667,2021-05-05 20:36:37+00:00,Callinectes,Blue Crabs,Animalia,2.0,3.8646724224090576,16.561931610107422,0.22540289163589478,95.0,0.0,-2.0,48.0,70.0,23.0,1.0
32.7897633333,-117.2321166667,2024-07-05 22:25:34+00:00,Callinectes,Blue Crabs,Animalia,0.0,6.154652118682861,63.23370361328125,0.11766514927148819,22.0,42.0,-2.0,51.0,72.0,22.0,1.0
32.7913866667,-117.2295,2021-05-05 20:33:26+00:00,Callinectes arcuatus,Arched Swimming Crab,Animalia,1.0,2.3922181129455566,292.7981872558594,0.1820506900548935,95.0,0.0,-2.0,49.0,72.0,24.0,1.0
32.789795,-117.2321083333,2024-07-21 23:12:41+00:00,Callinectes arcuatus,Arched Swimming Crab,Animalia,0.0,6.154652118682861,63.23370361328125,0.11766514927148819,22.0,42.0,-2.0,51.0,72.0,22.0,1.0
32.7913277778,-117.2294083333,2021-05-05 20:31:00+00:00,Callinectes bellicosus,Warrior Swimming Crab,Animalia,1.0,2.3922181129455566,292.7981872558594,0.1820506900548935,95.0,0.0,-2.0,49.0,72.0,24.0,1.0
32.7963045489,-117.2289837749,2021-02-12 22:29:00+00:00,Calliphoridae,Blow Flies,Insecta,6.0,2.9905359745025635,158.36959838867188,0.119269460439682,23.0,61.0,20.0,49.0,73.0,21.0,1.0
32.7934076,-117.228756,2013-01-09 15:23:17+00:00,Calypte anna,Anna's Hummingbird,Aves,-1.0,0.9274099469184875,180.0,0.1348302960395813,95.0,0.0,20.0,47.0,71.0,24.0,1.0
32.7900805556,-117.2322472222,2019-03-07 19:21:00+00:00,Calypte anna,Anna's Hummingbird,Aves,1.0,7.169088840484619,130.05245971679688,0.09259801357984543,23.0,64.0,-2.0,51.0,72.0,22.0,1.0
32.7904201113,-117.2305960302,2019-04-11 16:59:21+00:00,Calypte anna,Anna's Hummingbird,Aves,2.0,2.1572682857513428,149.2570037841797,0.14154265820980072,23.0,56.0,-2.0,0.0,0.0,0.0,1.0
32.7959133832,-117.2298884718,2020-02-01 19:26:00+00:00,Calypte anna,Anna's Hummingbird,Aves,3.0,2.7802884578704834,180.0,0.12967248260974884,23.0,60.0,20.0,51.0,73.0,23.0,1.0
32.7926932131,-117.2312069302,2020-11-11 09:01:37+00:00,Calypte anna,Anna's Hummingbird,Aves,2.0,8.029680252075195,125.01235961914062,0.15860658884048462,22.0,49.0,20.0,49.0,72.0,24.0,1.0
32.79063833,-117.23217,2021-01-03 19:27:30+00:00,Calypte anna,Anna's Hummingbird,Aves,8.0,6.154697418212891,116.76608276367188,0.07844877988100052,23.0,62.0,-2.0,51.0,72.0,22.0,1.0
32.796220165,-117.2287268618,2021-07-16 08:07:33+00:00,Calypte anna,Anna's Hummingbird,Aves,5.0,2.9905359745025635,158.36959838867188,0.1278398334980011,22.0,38.0,20.0,49.0,73.0,21.0,1.0
32.7959614542,-117.2301363923,2022-02-05 18:45:00+00:00,Calypte anna,Anna's Hummingbird,Aves,3.0,2.7802884578704834,180.0,0.12967248260974884,23.0,60.0,20.0,51.0,73.0,23.0,1.0
32.7908478847,-117.2319801287,2022-07-22 02:03:00+00:00,Calypte anna,Anna's Hummingbird,Aves,4.0,8.805005073547363,95.99871826171875,0.12917357683181763,23.0,59.0,-2.0,39.0,75.0,31.0,1.0
32.7908422571,-117.2321220674,2022-12-12 22:33:00+00:00,Calypte anna,Anna's Hummingbird,Aves,8.0,4.404494762420654,90.0,0.07171253114938736,23.0,79.0,-2.0,39.0,75.0,31.0,1.0
32.7927571886,-117.2312323444,2023-12-26 17:30:00+00:00,Calypte anna,Anna's Hummingbird,Aves,6.0,7.544719219207764,119.26728057861328,0.15860658884048462,23.0,68.0,20.0,39.0,75.0,31.0,1.0
32.7906222222,-117.2322,2024-01-01 17:02:00+00:00,Calypte anna,Anna's Hummingbird,Aves,8.0,6.154697418212891,116.76608276367188,0.07844877988100052,23.0,62.0,-2.0,51.0,72.0,22.0,1.0
32.7920740847,-117.2309291657,2024-01-27 23:45:04+00:00,Calypte anna,Anna's Hummingbird,Aves,-1.0,2.1572790145874023,30.74346160888672,0.21034575998783112,95.0,0.0,20.0,49.0,72.0,24.0,1.0
32.792196565,-117.2315503496,2024-05-11 19:44:00+00:00,Calypte anna,Anna's Hummingbird,Aves,5.0,6.842163562774658,105.65357971191406,0.14658282697200775,23.0,68.0,20.0,39.0,75.0,31.0,1.0
32.7897410672,-117.2324266877,2024-05-11 19:51:00+00:00,Calypte anna,Anna's Hummingbird,Aves,4.0,6.154652118682861,63.23370361328125,0.09987203776836395,23.0,66.0,-2.0,51.0,72.0,22.0,1.0
32.7958669856,-117.2288186769,2025-02-01 15:49:00+00:00,Calypte anna,Anna's Hummingbird,Aves,0.0,3.8646881580352783,163.43728637695312,0.20311467349529266,22.0,39.0,20.0,49.0,73.0,21.0,1.0
32.7955871583,-117.2305477557,2025-02-01 16:49:00+00:00,Calypte anna,Anna's Hummingbird,Aves,4.0,4.404727935791016,90.0,0.13322186470031738,22.0,38.0,20.0,51.0,73.0,23.0,1.0
32.7954615782,-117.2304977137,2025-02-01 16:54:00+00:00,Calypte anna,Anna's Hummingbird,Aves,4.0,4.404727935791016,90.0,0.13322186470031738,22.0,38.0,20.0,51.0,73.0,23.0,1.0
32.7954666667,-117.2304383333,2025-02-11 23:09:48+00:00,Calypte anna,Anna's Hummingbird,Aves,4.0,4.404727935791016,90.0,0.13322186470031738,22.0,38.0,20.0,51.0,73.0,23.0,1.0
32.7953021501,-117.230479128,2025-04-11 21:52:09+00:00,Calypte anna,Anna's Hummingbird,Aves,4.0,3.433431386947632,74.34693145751953,0.1391647309064865,22.0,42.0,20.0,51.0,73.0,23.0,1.0
32.7956156585,-117.2298815666,2025-05-04 16:28:00+00:00,Calypte anna,Anna's Hummingbird,Aves,1.0,2.15730357170105,149.25543212890625,0.19868019223213196,22.0,40.0,20.0,51.0,73.0,23.0,1.0
32.7940833333,-117.23002,2025-11-28 18:33:55+00:00,Calypte anna,Anna's Hummingbird,Aves,3.0,6.590810298919678,90.0,0.18111039698123932,23.0,68.0,20.0,50.0,72.0,23.0,1.0
32.7951961681,-117.2304539732,2025-04-26 16:43:21+00:00,Calyptratae,Calyptrate Flies,Insecta,4.0,3.433431386947632,74.34693145751953,0.1391647309064865,22.0,42.0,20.0,51.0,73.0,23.0,1.0
32.78963833,-117.23137,2020-03-04 21:09:00+00:00,Camissoniopsis,Suncups,Plantae,1.0,1.4410383701324463,130.05264282226562,0.06408825516700745,23.0,71.0,-2.0,51.0,72.0,22.0,1.0
32.78962,-117.23139167,2020-03-04 23:08:27+00:00,Camissoniopsis,Suncups,Plantae,1.0,1.4410383701324463,130.05264282226562,0.06408825516700745,23.0,71.0,-2.0,51.0,72.0,22.0,1.0
32.7896484314,-117.2311841046,2020-03-11 22:13:47+00:00,Camissoniopsis,Suncups,Plantae,0.0,1.4410383701324463,130.05264282226562,0.06408825516700745,24.0,81.0,-2.0,0.0,0.0,0.0,1.0
32.7899563826,-117.2309796846,2020-03-11 22:22:26+00:00,Camissoniopsis,Suncups,Plantae,1.0,4.315861225128174,310.0524597167969,0.1575649529695511,23.0,68.0,-2.0,0.0,0.0,0.0,1.0
32.79023,-117.2305133333,2021-05-05 20:19:29+00:00,Camissoniopsis,Suncups,Plantae,2.0,2.1572682857513428,149.2570037841797,0.14154265820980072,23.0,56.0,-2.0,0.0,0.0,0.0,1.0
32.7897527778,-117.2313083333,2022-04-27 20:11:00+00:00,Camissoniopsis,Suncups,Plantae,1.0,4.315853595733643,310.05255126953125,0.14953842759132385,23.0,58.0,-2.0,51.0,72.0,22.0,1.0
32.7901333333,-117.2308116667,2022-04-27 20:16:43+00:00,Camissoniopsis,Suncups,Plantae,1.0,1.4410436153411865,130.05245971679688,0.1472601294517517,23.0,68.0,-2.0,0.0,0.0,0.0,1.0
32.7906339722,-117.230276,2024-05-10 19:33:51+00:00,Camissoniopsis,Suncups,Plantae,2.0,1.1031581163406372,90.0,0.1304217278957367,22.0,23.0,-2.0,0.0,0.0,0.0,1.0
32.7902805556,-117.2307583333,2024-05-25 21:35:00+00:00,Camissoniopsis,Suncups,Plantae,1.0,4.404467582702637,270.0,0.17883774638175964,23.0,63.0,-2.0,0.0,0.0,0.0,1.0
32.7903007,-117.2303914,2025-07-26 16:52:53+00:00,Camissoniopsis,Suncups,Plantae,0.0,2.8802716732025146,130.0523681640625,0.09603254497051239,23.0,56.0,-2.0,0.0,0.0,0.0,1.0
32.7903216667,-117.2303616667,2025-09-13 19:22:04+00:00,Camissoniopsis,Suncups,Plantae,0.0,2.8802716732025146,130.0523681640625,0.09603254497051239,23.0,56.0,-2.0,0.0,0.0,0.0,1.0
32.7927309443,-117.2310751704,2021-05-05 20:20:59+00:00,Camissoniopsis bistorta,California sun cup,Plantae,2.0,8.029680252075195,125.01235961914062,0.15860658884048462,22.0,49.0,20.0,49.0,72.0,24.0,1.0
32.7902333333,-117.2305216667,2022-04-27 20:14:22+00:00,Camissoniopsis bistorta,California sun cup,Plantae,2.0,2.1572682857513428,149.2570037841797,0.14154265820980072,23.0,56.0,-2.0,0.0,0.0,0.0,1.0
32.7905277778,-117.2305138889,2023-06-20 18:00:00+00:00,Camissoniopsis bistorta,California sun cup,Plantae,2.0,1.4410488605499268,310.0522766113281,0.13278251886367798,95.0,0.0,-2.0,0.0,0.0,0.0,1.0
32.7903731726,-117.2302610894,2017-06-04 22:56:36+00:00,Camissoniopsis cheiranthifolia,beach suncup,Plantae,0.0,2.8802716732025146,130.0523681640625,0.09603254497051239,23.0,56.0,-2.0,0.0,0.0,0.0,1.0
32.7902616667,-117.230475,2019-03-06 20:46:46+00:00,Camissoniopsis cheiranthifolia,beach suncup,Plantae,2.0,2.1572682857513428,149.2570037841797,0.14154265820980072,23.0,56.0,-2.0,0.0,0.0,0.0,1.0
32.7902311417,-117.2304581058,2019-03-06 20:51:51+00:00,Camissoniopsis cheiranthifolia,beach suncup,Plantae,2.0,2.1572682857513428,149.2570037841797,0.14154265820980072,23.0,56.0,-2.0,0.0,0.0,0.0,1.0
32.7906120988,-117.2302301602,2019-03-06 21:13:29+00:00,Camissoniopsis cheiranthifolia,beach suncup,Plantae,2.0,1.1031581163406372,90.0,0.1304217278957367,22.0,23.0,-2.0,0.0,0.0,0.0,1.0
32.7896445757,-117.2314468772,2019-04-11 15:34:28+00:00,Camissoniopsis cheiranthifolia,beach suncup,Plantae,1.0,1.4410383701324463,130.05264282226562,0.06408825516700745,23.0,71.0,-2.0,51.0,72.0,22.0,1.0
32.78963333,-117.23130833,2020-03-04 12:54:41+00:00,Camissoniopsis cheiranthifolia,beach suncup,Plantae,1.0,1.4410383701324463,130.05264282226562,0.06408825516700745,23.0,71.0,-2.0,51.0,72.0,22.0,1.0
32.7896268035,-117.2313794,2020-03-04 20:55:13+00:00,Camissoniopsis cheiranthifolia,beach suncup,Plantae,1.0,1.4410383701324463,130.05264282226562,0.06408825516700745,23.0,71.0,-2.0,51.0,72.0,22.0,1.0
32.7896916667,-117.2313694444,2020-03-04 21:08:00+00:00,Camissoniopsis cheiranthifolia,beach suncup,Plantae,1.0,4.315853595733643,310.05255126953125,0.14953842759132385,23.0,58.0,-2.0,51.0,72.0,22.0,1.0
32.790207,-117.2304869722,2020-03-04 21:16:00+00:00,Camissoniopsis cheiranthifolia,beach suncup,Plantae,0.0,2.157266616821289,149.25709533691406,0.08216650038957596,23.0,65.0,-2.0,0.0,0.0,0.0,1.0
32.7902926567,-117.2303760052,2020-03-04 22:02:57+00:00,Camissoniopsis cheiranthifolia,beach suncup,Plantae,0.0,2.8802716732025146,130.0523681640625,0.09603254497051239,23.0,56.0,-2.0,0.0,0.0,0.0,1.0
32.7898179135,-117.231180668,2020-03-11 22:13:52+00:00,Camissoniopsis cheiranthifolia,beach suncup,Plantae,1.0,1.4410409927368164,130.05255126953125,0.14953842759132385,23.0,58.0,-2.0,0.0,0.0,0.0,1.0
32.7902232002,-117.2304925393,2021-05-05 20:16:52+00:00,Camissoniopsis cheiranthifolia,beach suncup,Plantae,2.0,2.1572682857513428,149.2570037841797,0.14154265820980072,23.0,56.0,-2.0,0.0,0.0,0.0,1.0
32.7909283333,-117.2297533333,2021-05-05 20:59:25+00:00,Camissoniopsis cheiranthifolia,beach suncup,Plantae,1.0,2.3922054767608643,292.7983093261719,0.05830712243914604,23.0,67.0,-2.0,49.0,72.0,24.0,1.0
32.7909783333,-117.2297366667,2021-05-05 21:09:29+00:00,Camissoniopsis cheiranthifolia,beach suncup,Plantae,1.0,2.3922054767608643,292.7983093261719,0.05830712243914604,23.0,67.0,-2.0,49.0,72.0,24.0,1.0
32.7896789722,-117.2315339722,2022-04-27 20:10:43+00:00,Camissoniopsis cheiranthifolia,beach suncup,Plantae,-2.0,3.5466737747192383,321.5847473144531,0.18222789466381073,23.0,61.0,-2.0,51.0,72.0,22.0,1.0
32.7903833333,-117.2304,2022-04-27 20:22:59+00:00,Camissoniopsis cheiranthifolia,beach suncup,Plantae,0.0,2.8802716732025146,130.0523681640625,0.09603254497051239,23.0,56.0,-2.0,0.0,0.0,0.0,1.0
32.79018637,-117.2305503633,2022-05-14 16:40:00+00:00,Camissoniopsis cheiranthifolia,beach suncup,Plantae,0.0,2.157266616821289,149.25709533691406,0.08216650038957596,23.0,65.0,-2.0,0.0,0.0,0.0,1.0
32.7904616667,-117.2303466667,2023-01-21 15:29:58+00:00,Camissoniopsis cheiranthifolia,beach suncup,Plantae,0.0,2.8802716732025146,130.0523681640625,0.09603254497051239,23.0,56.0,-2.0,0.0,0.0,0.0,1.0
32.7893861111,-117.2316138889,2023-06-20 18:00:00+00:00,Camissoniopsis cheiranthifolia,beach suncup,Plantae,1.0,3.433213233947754,74.34590911865234,0.07006639242172241,23.0,62.0,-2.0,51.0,72.0,22.0,1.0
32.7896388889,-117.231475,2024-04-11 21:32:00+00:00,Camissoniopsis cheiranthifolia,beach suncup,Plantae,1.0,1.4410383701324463,130.05264282226562,0.06408825516700745,23.0,71.0,-2.0,51.0,72.0,22.0,1.0
32.7903972222,-117.2307583333,2024-04-11 21:44:00+00:00,Camissoniopsis cheiranthifolia,beach suncup,Plantae,1.0,4.404467582702637,270.0,0.17883774638175964,23.0,63.0,-2.0,0.0,0.0,0.0,1.0
32.789345677,-117.2315884476,2024-05-11 16:45:16+00:00,Camissoniopsis cheiranthifolia,beach suncup,Plantae,1.0,3.433213233947754,74.34590911865234,0.07006639242172241,23.0,62.0,-2.0,51.0,72.0,22.0,1.0
32.7893583337,-117.2315093224,2024-05-11 18:05:42+00:00,Camissoniopsis cheiranthifolia,beach suncup,Plantae,1.0,3.433213233947754,74.34590911865234,0.07006639242172241,23.0,62.0,-2.0,51.0,72.0,22.0,1.0
32.7896805556,-117.2313166667,2024-06-20 21:47:00+00:00,Camissoniopsis cheiranthifolia,beach suncup,Plantae,1.0,4.315853595733643,310.05255126953125,0.14953842759132385,23.0,58.0,-2.0,51.0,72.0,22.0,1.0
32.7904861111,-117.2306583333,2024-06-20 22:02:00+00:00,Camissoniopsis cheiranthifolia,beach suncup,Plantae,2.0,1.4410488605499268,310.0522766113281,0.13278251886367798,95.0,0.0,-2.0,0.0,0.0,0.0,1.0
32.7903283333,-117.23037,2025-02-01 21:00:31+00:00,Camissoniopsis cheiranthifolia,beach suncup,Plantae,0.0,2.8802716732025146,130.0523681640625,0.09603254497051239,23.0,56.0,-2.0,0.0,0.0,0.0,1.0
32.7903944444,-117.2303,2025-02-01 22:10:00+00:00,Camissoniopsis cheiranthifolia,beach suncup,Plantae,0.0,2.8802716732025146,130.0523681640625,0.09603254497051239,23.0,56.0,-2.0,0.0,0.0,0.0,1.0
32.7903083333,-117.2302972222,2025-07-12 15:29:00+00:00,Camissoniopsis cheiranthifolia,beach suncup,Plantae,0.0,2.8802716732025146,130.0523681640625,0.09603254497051239,23.0,56.0,-2.0,0.0,0.0,0.0,1.0
32.7904255595,-117.2309354135,2026-01-15 17:20:43+00:00,Camissoniopsis cheiranthifolia,beach suncup,Plantae,1.0,4.404467582702637,270.0,0.17883774638175964,23.0,63.0,-2.0,0.0,0.0,0.0,1.0
32.790325,-117.2303861111,2025-02-01 21:51:00+00:00,Camissoniopsis cheiranthifolia suffruticosa,shrubby beach primrose,Plantae,0.0,2.8802716732025146,130.0523681640625,0.09603254497051239,23.0,56.0,-2.0,0.0,0.0,0.0,1.0
32.7904194444,-117.2302777778,2025-02-01 22:09:00+00:00,Camissoniopsis cheiranthifolia suffruticosa,shrubby beach primrose,Plantae,0.0,2.8802716732025146,130.0523681640625,0.09603254497051239,23.0,56.0,-2.0,0.0,0.0,0.0,1.0
32.7956783333,-117.2305833333,2022-04-06 00:47:49+00:00,Camissoniopsis hirtella,hairy suncup,Plantae,4.0,4.404741287231445,90.0,0.1194462776184082,23.0,50.0,20.0,51.0,73.0,23.0,1.0
32.7896031691,-117.2313509883,2019-04-11 15:33:21+00:00,Camissoniopsis lewisii,Lewis' evening-primrose,Plantae,1.0,1.4410383701324463,130.05264282226562,0.06408825516700745,23.0,71.0,-2.0,51.0,72.0,22.0,1.0
32.7958785196,-117.2291462123,2024-12-14 18:01:19+00:00,Canis latrans,Coyote,Mammalia,3.0,4.755953311920166,193.3832244873047,0.10409373044967651,22.0,49.0,20.0,51.0,73.0,23.0,1.0
32.795757458,-117.2293250933,2022-09-08 18:29:26+00:00,Carpobrotus,sea figs,Plantae,1.0,2.9905333518981934,158.36972045898438,0.18014676868915558,22.0,36.0,20.0,51.0,73.0,23.0,1.0
32.7956716667,-117.2295616667,2023-02-04 19:02:58+00:00,Carpobrotus,sea figs,Plantae,1.0,0.9274099469184875,180.0,0.19704265892505646,22.0,45.0,20.0,51.0,73.0,23.0,1.0
32.7958,-117.229155,2025-02-11 22:37:55+00:00,Carpobrotus,sea figs,Plantae,1.0,2.9905333518981934,158.36972045898438,0.18014676868915558,22.0,36.0,20.0,51.0,73.0,23.0,1.0
32.7959169,-117.2299499,2025-04-26 17:57:00+00:00,Carpobrotus,sea figs,Plantae,3.0,2.7802884578704834,180.0,0.12967248260974884,23.0,60.0,20.0,51.0,73.0,23.0,1.0
32.7962083333,-117.2295611111,2023-06-20 18:00:00+00:00,Carpobrotus edulis,sea fig,Plantae,4.0,3.546776294708252,218.4173583984375,0.1059708297252655,23.0,75.0,20.0,51.0,73.0,23.0,1.0
32.7961972222,-117.2294694444,2024-06-20 22:43:00+00:00,Carpobrotus edulis,sea fig,Plantae,4.0,3.546776294708252,218.4173583984375,0.1059708297252655,23.0,75.0,20.0,51.0,73.0,23.0,1.0
32.7958,-117.22918,2025-02-01 19:55:59+00:00,Carpobrotus edulis,sea fig,Plantae,1.0,2.9905333518981934,158.36972045898438,0.18014676868915558,22.0,36.0,20.0,51.0,73.0,23.0,1.0
32.7961681384,-117.229695991,2025-03-11 00:35:39+00:00,Carpobrotus edulis,sea fig,Plantae,4.0,0.9274099469184875,180.0,0.1059708297252655,23.0,78.0,20.0,51.0,73.0,23.0,1.0
32.7960632487,-117.230024948,2025-08-07 01:50:57+00:00,Carpobrotus edulis,sea fig,Plantae,3.0,2.7802884578704834,180.0,0.12967248260974884,23.0,60.0,20.0,51.0,73.0,23.0,1.0
32.7958869934,-117.2299728394,2025-11-09 19:52:55+00:00,Carpobrotus edulis,sea fig,Plantae,3.0,2.7802884578704834,180.0,0.12967248260974884,23.0,60.0,20.0,51.0,73.0,23.0,1.0
32.79615,-117.2297833333,2025-12-14 16:55:02+00:00,Carpobrotus edulis,sea fig,Plantae,4.0,0.9274099469184875,180.0,0.1059708297252655,23.0,78.0,20.0,51.0,73.0,23.0,1.0
32.7913583333,-117.229355,2018-04-11 20:40:50+00:00,Caryophyllales,"pinks, cactuses, and allies",Plantae,1.0,2.3922181129455566,292.7981872558594,0.1820506900548935,95.0,0.0,-2.0,49.0,72.0,24.0,1.0
32.7911559586,-117.2299647053,2019-03-06 21:03:37+00:00,Caryophyllales,"pinks, cactuses, and allies",Plantae,-1.0,1.4410542249679565,310.0521240234375,0.11681777983903885,95.0,0.0,-2.0,49.0,72.0,24.0,1.0
32.7893944444,-117.2316888889,2020-03-04 20:45:00+00:00,Caryophyllales,"pinks, cactuses, and allies",Plantae,1.0,3.433213233947754,74.34590911865234,0.07006639242172241,23.0,62.0,-2.0,51.0,72.0,22.0,1.0
32.7908533333,-117.2297966667,2021-05-05 21:10:35+00:00,Caryophyllales,"pinks, cactuses, and allies",Plantae,1.0,2.3922054767608643,292.7983093261719,0.05830712243914604,23.0,67.0,-2.0,49.0,72.0,24.0,1.0
32.7956783333,-117.2295616667,2023-02-04 19:02:55+00:00,Caryophyllales,"pinks, cactuses, and allies",Plantae,1.0,0.9274099469184875,180.0,0.19704265892505646,22.0,45.0,20.0,51.0,73.0,23.0,1.0
32.795875,-117.23043,2023-02-26 17:41:15+00:00,Caryophyllales,"pinks, cactuses, and allies",Plantae,4.0,2.205636501312256,90.0,0.0928410217165947,23.0,68.0,20.0,51.0,73.0,23.0,1.0
32.79092,-117.2285166667,2024-01-31 21:23:38+00:00,Caryophyllales,"pinks, cactuses, and allies",Plantae,1.0,2.3922054767608643,112.79830932617188,0.16133198142051697,11.0,0.0,-2.0,48.0,70.0,23.0,1.0
32.7893625913,-117.231795413,2024-03-23 16:26:41+00:00,Caryophyllales,"pinks, cactuses, and allies",Plantae,3.0,9.192399024963379,45.55592346191406,0.10595002770423889,23.0,62.0,-2.0,51.0,72.0,22.0,1.0
32.7955283333,-117.22902,2025-02-11 22:05:04+00:00,Caryophyllales,"pinks, cactuses, and allies",Plantae,-1.0,2.157301902770996,149.25552368164062,0.19442236423492432,22.0,38.0,20.0,49.0,73.0,21.0,1.0
32.7956966667,-117.2304383333,2025-04-26 17:59:17+00:00,Centaurea melitensis,Maltese star-thistle,Plantae,4.0,4.404741287231445,90.0,0.1194462776184082,23.0,50.0,20.0,51.0,73.0,23.0,1.0
32.7903902114,-117.2301801791,2024-05-11 17:00:14+00:00,Ceramium,Banded Weeds,Plantae,0.0,2.8802716732025146,130.0523681640625,0.09603254497051239,23.0,56.0,-2.0,0.0,0.0,0.0,1.0
32.7893972222,-117.2316972222,2020-03-04 20:44:00+00:00,Ceratodon purpureus,Redshank,Plantae,1.0,3.433213233947754,74.34590911865234,0.07006639242172241,23.0,62.0,-2.0,51.0,72.0,22.0,1.0
32.7951481117,-117.2302921067,2022-02-26 17:07:00+00:00,Ceratopogonidae,Biting Midges,Insecta,3.0,2.880366325378418,49.949214935302734,0.1823185831308365,22.0,42.0,20.0,51.0,73.0,23.0,1.0
32.79122315,-117.22983848,2024-05-11 17:34:46+00:00,Cerithideopsis,,Mollusca,0.0,3.4332826137542725,285.6537780761719,0.07399355620145798,11.0,0.0,-2.0,49.0,72.0,24.0,1.0
32.7914640354,-117.2293443606,2018-04-11 20:38:42+00:00,Cerithideopsis californica,California Horn Snail,Mollusca,1.0,2.3922181129455566,292.7981872558594,0.1820506900548935,95.0,0.0,-2.0,49.0,72.0,24.0,1.0
32.7913573338,-117.2293744517,2018-04-11 20:52:46+00:00,Cerithideopsis californica,California Horn Snail,Mollusca,1.0,2.3922181129455566,292.7981872558594,0.1820506900548935,95.0,0.0,-2.0,49.0,72.0,24.0,1.0
32.7919883852,-117.2286059073,2018-04-11 21:20:29+00:00,Cerithideopsis californica,California Horn Snail,Mollusca,-2.0,1.441062092781067,310.0518493652344,0.18760229647159576,95.0,0.0,20.0,48.0,70.0,23.0,1.0
32.791084,-117.231039,2018-04-15 20:40:00+00:00,Cerithideopsis californica,California Horn Snail,Mollusca,-2.0,1.4410542249679565,130.05210876464844,0.17603649199008942,22.0,25.0,-2.0,49.0,72.0,24.0,1.0
32.7913894653,-117.2291641235,2019-03-06 20:53:48+00:00,Cerithideopsis californica,California Horn Snail,Mollusca,2.0,2.157275438308716,329.2566833496094,0.20044872164726257,95.0,0.0,-2.0,49.0,72.0,24.0,1.0
32.7911833333,-117.2300033333,2019-03-06 20:59:09+00:00,Cerithideopsis californica,California Horn Snail,Mollusca,-1.0,1.4410542249679565,310.0521240234375,0.11681777983903885,95.0,0.0,-2.0,49.0,72.0,24.0,1.0
32.7912115293,-117.2292013312,2019-03-06 21:05:52+00:00,Cerithideopsis californica,California Horn Snail,Mollusca,3.0,2.3922119140625,292.7982482910156,0.085202157497406,11.0,0.0,-2.0,49.0,72.0,24.0,1.0
32.7911616667,-117.230055,2019-03-06 21:25:49+00:00,Cerithideopsis californica,California Horn Snail,Mollusca,-1.0,1.4410542249679565,310.0521240234375,0.11681777983903885,95.0,0.0,-2.0,49.0,72.0,24.0,1.0
32.7895166667,-117.2315527778,2020-03-04 20:45:00+00:00,Cerithideopsis californica,California Horn Snail,Mollusca,1.0,3.5466694831848145,321.5848083496094,0.14769913256168365,22.0,46.0,-2.0,51.0,72.0,22.0,1.0
32.7912444444,-117.2298666667,2020-03-04 21:40:00+00:00,Cerithideopsis californica,California Horn Snail,Mollusca,0.0,3.4332826137542725,285.6537780761719,0.07399355620145798,11.0,0.0,-2.0,49.0,72.0,24.0,1.0
32.7911078859,-117.2302053717,2020-03-11 22:44:21+00:00,Cerithideopsis californica,California Horn Snail,Mollusca,-1.0,1.8543341159820557,-0.0,0.09041575342416763,95.0,0.0,-2.0,49.0,72.0,24.0,1.0
32.791065837,-117.2301968582,2020-03-11 22:54:34+00:00,Cerithideopsis californica,California Horn Snail,Mollusca,-1.0,1.8543341159820557,-0.0,0.09041575342416763,95.0,0.0,-2.0,49.0,72.0,24.0,1.0
32.7908033333,-117.2282416667,2021-05-05 20:49:10+00:00,Cerithideopsis californica,California Horn Snail,Mollusca,1.0,0.0,-0.0,0.13407741487026215,95.0,0.0,-2.0,48.0,70.0,23.0,1.0
32.790325,-117.232025,2023-02-04 20:33:46+00:00,Cerithideopsis californica,California Horn Snail,Mollusca,2.0,8.935253143310547,120.98356628417969,0.11470216512680054,23.0,50.0,-2.0,51.0,72.0,22.0,1.0
32.79292,-117.2271216667,2023-02-04 21:02:00+00:00,Cerithideopsis californica,California Horn Snail,Mollusca,0.0,3.3063013553619385,90.0,-0.014361402951180935,11.0,0.0,20.0,41.0,73.0,28.0,1.0
32.7955683333,-117.2282166667,2023-02-04 21:17:00+00:00,Cerithideopsis californica,California Horn Snail,Mollusca,3.0,3.306394100189209,270.0,0.15612448751926422,22.0,44.0,20.0,49.0,73.0,21.0,1.0
32.7921133333,-117.231575,2024-01-27 22:47:00+00:00,Cerithideopsis californica,California Horn Snail,Mollusca,5.0,6.842163562774658,105.65357971191406,0.14658282697200775,23.0,68.0,20.0,39.0,75.0,31.0,1.0
32.7954883333,-117.2300866667,2024-04-27 23:02:07+00:00,Cerithideopsis californica,California Horn Snail,Mollusca,1.0,1.441096305847168,49.949302673339844,0.180143803358078,22.0,39.0,20.0,51.0,73.0,23.0,1.0
32.7947289856,-117.2284987089,2024-09-26 18:32:15+00:00,Cerithideopsis californica,California Horn Snail,Mollusca,1.0,0.9274099469184875,180.0,0.14540407061576843,22.0,40.0,20.0,47.0,71.0,24.0,1.0
32.7904972222,-117.2301722222,2025-02-01 22:07:00+00:00,Cerithideopsis californica,California Horn Snail,Mollusca,2.0,1.1031581163406372,90.0,0.1304217278957367,22.0,23.0,-2.0,0.0,0.0,0.0,1.0
32.795625,-117.2289283333,2025-02-11 22:02:47+00:00,Cerithideopsis californica,California Horn Snail,Mollusca,0.0,3.8646881580352783,163.43728637695312,0.20311467349529266,22.0,39.0,20.0,49.0,73.0,21.0,1.0
32.7954883333,-117.2289283333,2025-02-11 22:07:47+00:00,Cerithideopsis californica,California Horn Snail,Mollusca,-1.0,2.157301902770996,149.25552368164062,0.19442236423492432,22.0,38.0,20.0,49.0,73.0,21.0,1.0
32.7947481132,-117.2281559659,2025-02-11 22:17:47+00:00,Cerithideopsis californica,California Horn Snail,Mollusca,0.0,1.4410884380340576,130.05096435546875,0.14796149730682373,22.0,40.0,20.0,47.0,71.0,24.0,1.0
32.7944533333,-117.2276616667,2025-02-11 22:25:21+00:00,Cerithideopsis californica,California Horn Snail,Mollusca,1.0,1.1032062768936157,270.0,0.15007136762142181,95.0,0.0,20.0,47.0,71.0,24.0,1.0
32.7958741319,-117.2279449181,2025-04-26 17:45:14+00:00,Cerithideopsis californica,California Horn Snail,Mollusca,5.0,2.3923258781433105,292.7970886230469,0.19398318231105804,23.0,56.0,20.0,49.0,73.0,21.0,1.0
32.795038774,-117.2298135953,2025-10-16 19:59:36+00:00,Cerithideopsis californica,California Horn Snail,Mollusca,1.0,4.500524044036865,101.86820220947266,0.19011558592319489,95.0,0.0,20.0,50.0,72.0,23.0,1.0
32.7953717587,-117.2300924741,2025-10-25 17:22:02+00:00,Cerithideopsis californica,California Horn Snail,Mollusca,1.0,1.441096305847168,49.949302673339844,0.180143803358078,22.0,39.0,20.0,51.0,73.0,23.0,1.0
32.7956916667,-117.2299883333,2025-11-09 19:35:56+00:00,Cerithideopsis californica,California Horn Snail,Mollusca,1.0,2.15730357170105,149.25543212890625,0.19868019223213196,22.0,40.0,20.0,51.0,73.0,23.0,1.0
32.7948616667,-117.230055,2025-11-28 18:22:40+00:00,Cerithideopsis californica,California Horn Snail,Mollusca,3.0,3.4334213733673096,74.34688568115234,0.19704212248325348,22.0,29.0,20.0,50.0,72.0,23.0,1.0
32.7954760583,-117.2302398831,2025-12-16 20:17:03+00:00,Cerithideopsis californica,California Horn Snail,Mollusca,2.0,3.433441400527954,74.34697723388672,0.1708993762731552,22.0,39.0,20.0,51.0,73.0,23.0,1.0
32.7908166667,-117.2286216667,2026-01-10 18:03:03+00:00,Cerithideopsis californica,California Horn Snail,Mollusca,3.0,3.5466909408569336,141.58438110351562,0.13433071970939636,11.0,0.0,-2.0,48.0,70.0,23.0,1.0
32.791225,-117.22992,2026-01-10 18:26:18+00:00,Cerithideopsis californica,California Horn Snail,Mollusca,-1.0,1.4410542249679565,310.0521240234375,0.11681777983903885,95.0,0.0,-2.0,49.0,72.0,24.0,1.0
32.7944704902,-117.2281721884,2026-01-21 21:33:23+00:00,Cerithideopsis californica,California Horn Snail,Mollusca,0.0,0.9274099469184875,180.0,0.1748141199350357,21.0,16.0,20.0,47.0,71.0,24.0,1.0
32.7955558158,-117.228062857,2026-01-21 21:56:00+00:00,Cerithideopsis californica,California Horn Snail,Mollusca,3.0,3.306394100189209,270.0,0.15612448751926422,22.0,44.0,20.0,49.0,73.0,21.0,1.0
32.7938333333,-117.2270883333,2026-01-21 22:28:00+00:00,Cerithideopsis californica,California Horn Snail,Mollusca,1.0,0.0,-0.0,0.1362147182226181,95.0,0.0,20.0,41.0,73.0,28.0,1.0
32.795887266,-117.228521472,2026-01-21 22:33:00+00:00,Cerithideopsis californica,California Horn Snail,Mollusca,3.0,5.122032642364502,205.44737243652344,0.14290045201778412,22.0,25.0,20.0,49.0,73.0,21.0,1.0
32.7954,-117.2291,2026-01-21 22:43:00+00:00,Cerithideopsis californica,California Horn Snail,Mollusca,0.0,3.5467634201049805,141.58290100097656,0.1919148564338684,95.0,0.0,20.0,51.0,73.0,23.0,1.0
32.795965,-117.230289,2022-01-29 19:39:54+00:00,Ceroplastes,Wax Scales,Insecta,3.0,2.1573052406311035,149.25535583496094,0.10808767378330231,23.0,61.0,20.0,51.0,73.0,23.0,1.0
32.7961861111,-117.2290638889,2024-11-14 21:07:22+00:00,Ceroplastes,Wax Scales,Insecta,6.0,2.9905359745025635,158.36959838867188,0.119269460439682,23.0,61.0,20.0,49.0,73.0,21.0,1.0
32.7959325433,-117.2303814517,2022-04-23 16:36:00+00:00,Chalcidoidea,Chalcidoid Wasps,Insecta,3.0,2.1573052406311035,149.25535583496094,0.10808767378330231,23.0,61.0,20.0,51.0,73.0,23.0,1.0
32.795952,-117.230591,2022-04-23 16:49:00+00:00,Chalcidoidea,Chalcidoid Wasps,Insecta,4.0,2.205636501312256,90.0,0.0928410217165947,23.0,68.0,20.0,51.0,73.0,23.0,1.0
32.7958172433,-117.2306702067,2022-04-23 17:21:00+00:00,Chalcidoidea,Chalcidoid Wasps,Insecta,4.0,4.404741287231445,90.0,0.1194462776184082,23.0,50.0,20.0,51.0,73.0,23.0,1.0
32.7897934114,-117.2309986651,2020-03-04 21:12:43+00:00,Charadriiformes,Shorebirds and Allies,Aves,1.0,1.4410409927368164,130.05255126953125,0.14953842759132385,23.0,58.0,-2.0,0.0,0.0,0.0,1.0
32.7956598847,-117.2288044349,2022-02-05 17:40:00+00:00,Charadriiformes,Shorebirds and Allies,Aves,0.0,3.8646881580352783,163.43728637695312,0.20311467349529266,22.0,39.0,20.0,49.0,73.0,21.0,1.0
32.79300882,-117.2310554024,2023-01-07 23:23:00+00:00,Charadriiformes,Shorebirds and Allies,Aves,5.0,5.746163368225098,130.05149841308594,0.13423486053943634,23.0,61.0,20.0,50.0,72.0,23.0,1.0
32.7911867346,-117.2298154612,2024-02-01 00:30:00+00:00,Charadriiformes,Shorebirds and Allies,Aves,0.0,3.4332826137542725,285.6537780761719,0.07399355620145798,11.0,0.0,-2.0,49.0,72.0,24.0,1.0
32.7914116667,-117.2299633333,2024-09-13 21:48:44+00:00,Charadriiformes,Shorebirds and Allies,Aves,-2.0,2.205519437789917,270.0,0.16301295161247253,95.0,0.0,-2.0,49.0,72.0,24.0,1.0
32.7952783333,-117.2287616667,2025-02-11 22:11:40+00:00,Charadriiformes,Shorebirds and Allies,Aves,-1.0,3.3063838481903076,270.0,0.11386697739362717,23.0,52.0,20.0,49.0,73.0,21.0,1.0
32.7955166667,-117.2303083333,2026-01-21 21:35:48+00:00,Charadriiformes,Shorebirds and Allies,Aves,2.0,3.433441400527954,74.34697723388672,0.1708993762731552,22.0,39.0,20.0,51.0,73.0,23.0,1.0
32.795325,-117.22895,2026-01-21 22:35:12+00:00,Charadriiformes,Shorebirds and Allies,Aves,-2.0,1.4410936832427979,229.94921875,0.17733633518218994,22.0,20.0,20.0,49.0,73.0,21.0,1.0
32.7906904696,-117.2302073614,2019-04-11 16:03:39+00:00,Charadrius semipalmatus,Semipalmated Plover,Aves,2.0,1.1031581163406372,90.0,0.1304217278957367,22.0,23.0,-2.0,0.0,0.0,0.0,1.0
32.7947662268,-117.2286445558,2019-08-06 17:53:00+00:00,Charadrius semipalmatus,Semipalmated Plover,Aves,0.0,2.39229416847229,292.79742431640625,0.14940303564071655,21.0,15.0,20.0,47.0,71.0,24.0,1.0
32.7947814005,-117.2286131006,2020-02-01 18:43:00+00:00,Charadrius semipalmatus,Semipalmated Plover,Aves,0.0,2.39229416847229,292.79742431640625,0.14940303564071655,21.0,15.0,20.0,47.0,71.0,24.0,1.0
32.789494917,-117.2313561277,2020-11-28 18:45:00+00:00,Charadrius semipalmatus,Semipalmated Plover,Aves,1.0,1.4410383701324463,130.05264282226562,0.06408825516700745,23.0,71.0,-2.0,51.0,72.0,22.0,1.0
32.78933,-117.2316583056,2025-01-01 19:51:00+00:00,Charadrius semipalmatus,Semipalmated Plover,Aves,1.0,3.433213233947754,74.34590911865234,0.07006639242172241,23.0,62.0,-2.0,51.0,72.0,22.0,1.0
32.7904027778,-117.2302472222,2025-02-01 22:08:00+00:00,Charadrius semipalmatus,Semipalmated Plover,Aves,0.0,2.8802716732025146,130.0523681640625,0.09603254497051239,23.0,56.0,-2.0,0.0,0.0,0.0,1.0
32.7938417002,-117.2242470108,2026-01-13 22:57:00+00:00,Charadrius semipalmatus,Semipalmated Plover,Aves,-8.0,8.029747009277344,54.98797607421875,-0.012861526571214199,11.0,0.0,1.0,0.0,0.0,0.0,1.0
32.7939381151,-117.2242741304,2026-01-13 23:07:00+00:00,Charadrius semipalmatus,Semipalmated Plover,Aves,-8.0,8.029747009277344,54.98797607421875,-0.012861526571214199,11.0,0.0,1.0,0.0,0.0,0.0,1.0
32.7932972222,-117.2239527778,2026-01-17 21:55:00+00:00,Charadrius semipalmatus,Semipalmated Plover,Aves,1.0,1.4410752058029175,229.94859313964844,0.06297077238559723,23.0,58.0,1.0,0.0,0.0,0.0,1.0
32.7932861111,-117.2239388889,2026-01-29 20:18:00+00:00,Charadrius semipalmatus,Semipalmated Plover,Aves,1.0,0.9274099469184875,-0.0,0.0990135669708252,23.0,58.0,1.0,0.0,0.0,0.0,1.0
32.7894376714,-117.2314943227,2019-03-06 20:44:12+00:00,Charadrius vociferus,Killdeer,Aves,1.0,3.5466694831848145,321.5848083496094,0.14769913256168365,22.0,46.0,-2.0,51.0,72.0,22.0,1.0
32.7904117238,-117.2320573654,2019-03-07 18:20:00+00:00,Charadrius vociferus,Killdeer,Aves,5.0,8.457596778869629,139.64630126953125,0.0892673060297966,23.0,50.0,-2.0,51.0,72.0,22.0,1.0
32.7906861111,-117.2321083333,2019-03-07 19:16:00+00:00,Charadrius vociferus,Killdeer,Aves,8.0,6.154697418212891,116.76608276367188,0.07844877988100052,23.0,62.0,-2.0,51.0,72.0,22.0,1.0
32.7894855772,-117.2315707249,2021-09-25 17:02:00+00:00,Charadrius vociferus,Killdeer,Aves,1.0,3.5466694831848145,321.5848083496094,0.14769913256168365,22.0,46.0,-2.0,51.0,72.0,22.0,1.0
32.7953455492,-117.2286194039,2022-02-05 17:19:00+00:00,Charadrius vociferus,Killdeer,Aves,-1.0,2.392313241958618,247.20277404785156,0.16151370108127594,22.0,38.0,20.0,49.0,73.0,21.0,1.0
32.7952678241,-117.2287373508,2022-02-05 17:43:00+00:00,Charadrius vociferus,Killdeer,Aves,-1.0,3.3063838481903076,270.0,0.11386697739362717,23.0,52.0,20.0,49.0,73.0,21.0,1.0
32.7905783333,-117.2300716667,2022-04-27 20:29:08+00:00,Charadrius vociferus,Killdeer,Aves,1.0,1.4410488605499268,49.947715759277344,0.12852990627288818,22.0,49.0,-2.0,0.0,0.0,0.0,1.0
32.789419048,-117.2315801833,2022-12-12 22:07:00+00:00,Charadrius vociferus,Killdeer,Aves,1.0,3.5466694831848145,321.5848083496094,0.14769913256168365,22.0,46.0,-2.0,51.0,72.0,22.0,1.0
32.7924166931,-117.2296683265,2024-01-14 22:16:00+00:00,Charadrius vociferus,Killdeer,Aves,-2.0,2.1572823524475098,210.74362182617188,0.2118079662322998,21.0,16.0,20.0,49.0,72.0,24.0,1.0
32.7955228333,-117.2290745915,2025-02-01 15:39:00+00:00,Charadrius vociferus,Killdeer,Aves,0.0,3.5467634201049805,141.58290100097656,0.1919148564338684,95.0,0.0,20.0,51.0,73.0,23.0,1.0
32.7956080731,-117.228889994,2025-02-01 15:50:00+00:00,Charadrius vociferus,Killdeer,Aves,0.0,3.8646881580352783,163.43728637695312,0.20311467349529266,22.0,39.0,20.0,49.0,73.0,21.0,1.0
32.7955784523,-117.228901914,2025-02-01 17:00:00+00:00,Charadrius vociferus,Killdeer,Aves,-1.0,2.157301902770996,149.25552368164062,0.19442236423492432,22.0,38.0,20.0,49.0,73.0,21.0,1.0
32.7952316667,-117.2285816667,2026-01-21 21:35:00+00:00,Charadrius vociferus,Killdeer,Aves,-1.0,3.3063838481903076,270.0,0.11386697739362717,23.0,52.0,20.0,49.0,73.0,21.0,1.0
32.7949480094,-117.2288444524,2026-01-21 22:35:00+00:00,Charadrius vociferus,Killdeer,Aves,-2.0,1.4410910606384277,310.0508728027344,0.14952026307582855,22.0,40.0,20.0,47.0,71.0,24.0,1.0
32.7959966667,-117.230605,2024-04-28 01:37:08+00:00,Chenopodiastrum,maple and nettle-leaved goosefoots,Plantae,4.0,2.205636501312256,90.0,0.0928410217165947,23.0,68.0,20.0,51.0,73.0,23.0,1.0
32.7956916667,-117.23047,2025-04-26 17:55:09+00:00,Chenopodiastrum murale,nettle-leaved goosefoot,Plantae,4.0,4.404741287231445,90.0,0.1194462776184082,23.0,50.0,20.0,51.0,73.0,23.0,1.0
32.7958259583,-117.2306137085,2025-05-24 16:53:35+00:00,Chenopodiastrum murale,nettle-leaved goosefoot,Plantae,4.0,4.404741287231445,90.0,0.1194462776184082,23.0,50.0,20.0,51.0,73.0,23.0,1.0
32.7911615818,-117.2318370362,2021-05-05 21:00:01+00:00,Chenopodioideae,saltbush subfamily,Plantae,5.0,8.805031776428223,95.99870300292969,0.13290642201900482,23.0,73.0,-2.0,39.0,75.0,31.0,1.0
32.7897498555,-117.2311725152,2020-03-11 22:16:48+00:00,Chione,,Mollusca,1.0,1.4410409927368164,130.05255126953125,0.14953842759132385,23.0,58.0,-2.0,0.0,0.0,0.0,1.0
32.7958873013,-117.2283188571,2025-04-26 17:04:06+00:00,Chione,,Mollusca,3.0,5.122032642364502,205.44737243652344,0.14290045201778412,22.0,25.0,20.0,49.0,73.0,21.0,1.0
32.7911916289,-117.2298717462,2018-04-11 21:21:00+00:00,Chione californiensis,California Venus,Mollusca,0.0,3.4332826137542725,285.6537780761719,0.07399355620145798,11.0,0.0,-2.0,49.0,72.0,24.0,1.0
32.7905399725,-117.2284875533,2020-03-11 23:18:51+00:00,Chione californiensis,California Venus,Mollusca,0.0,0.9274099469184875,180.0,0.01826682686805725,11.0,0.0,-2.0,0.0,0.0,0.0,1.0
32.790345,-117.2302383333,2021-05-05 20:22:38+00:00,Chione californiensis,California Venus,Mollusca,0.0,2.8802716732025146,130.0523681640625,0.09603254497051239,23.0,56.0,-2.0,0.0,0.0,0.0,1.0
32.7904972222,-117.2301722222,2025-02-01 22:07:00+00:00,Chione californiensis,California Venus,Mollusca,2.0,1.1031581163406372,90.0,0.1304217278957367,22.0,23.0,-2.0,0.0,0.0,0.0,1.0
32.7901722222,-117.2306277778,2025-02-01 22:13:00+00:00,Chione californiensis,California Venus,Mollusca,0.0,2.157266616821289,149.25709533691406,0.08216650038957596,23.0,65.0,-2.0,0.0,0.0,0.0,1.0
32.7958125249,-117.2283786816,2025-04-26 17:17:11+00:00,Chione californiensis,California Venus,Mollusca,0.0,3.7888824939727783,240.73355102539062,0.16690227389335632,22.0,31.0,20.0,49.0,73.0,21.0,1.0
32.79057,-117.230025,2020-03-04 23:26:16+00:00,Chione undatella,Wavy Chione,Mollusca,1.0,1.4410488605499268,49.947715759277344,0.12852990627288818,22.0,49.0,-2.0,0.0,0.0,0.0,1.0
32.795903261,-117.2292563392,2023-07-31 05:03:00+00:00,Chironomidae,Non-biting Midges,Insecta,3.0,4.755953311920166,193.3832244873047,0.10409373044967651,22.0,49.0,20.0,51.0,73.0,23.0,1.0
32.7957099821,-117.2305171564,2026-01-16 14:48:51+00:00,Chironomidae,Non-biting Midges,Insecta,4.0,4.404741287231445,90.0,0.1194462776184082,23.0,50.0,20.0,51.0,73.0,23.0,1.0
32.7894444444,-117.2319444444,2023-05-27 18:14:20+00:00,Chloridea virescens,Tobacco Budworm Moth,Insecta,-1.0,4.959386348724365,41.737728118896484,0.1649165153503418,22.0,23.0,-2.0,51.0,72.0,22.0,1.0
32.7955366667,-117.2290116667,2025-02-11 22:04:22+00:00,Chloridoideae,,Plantae,-1.0,2.157301902770996,149.25552368164062,0.19442236423492432,22.0,38.0,20.0,49.0,73.0,21.0,1.0
32.7909749095,-117.2308070027,2017-02-02 22:01:33+00:00,Chlorophyta,green algae,Plantae,-1.0,4.315885066986084,310.05218505859375,0.17486731708049774,95.0,0.0,-2.0,49.0,72.0,24.0,1.0
32.789405,-117.23145333,2020-03-04 20:53:59+00:00,Chlorophyta,green algae,Plantae,0.0,1.4410357475280762,130.05271911621094,-0.003465859452262521,24.0,94.0,-2.0,51.0,72.0,22.0,1.0
32.7903399803,-117.2301579082,2020-03-11 22:31:44+00:00,Chlorophyta,green algae,Plantae,0.0,2.8802716732025146,130.0523681640625,0.09603254497051239,23.0,56.0,-2.0,0.0,0.0,0.0,1.0
32.7949552447,-117.2279807205,2023-02-04 21:23:00+00:00,Chlorophyta,green algae,Plantae,2.0,3.864685297012329,196.56256103515625,0.1383926123380661,23.0,75.0,20.0,47.0,71.0,24.0,1.0
32.7909082208,-117.2310331464,2025-07-02 19:13:11+00:00,Chlorophyta,green algae,Plantae,-2.0,0.9274099469184875,-0.0,0.171094611287117,21.0,7.0,-2.0,49.0,72.0,24.0,1.0
32.7945583333,-117.2276833333,2026-01-21 22:03:17+00:00,Chlorophyta,green algae,Plantae,1.0,2.39229416847229,247.20257568359375,0.12678247690200806,22.0,45.0,20.0,47.0,71.0,24.0,1.0
32.7951322058,-117.2285055331,2026-01-21 23:22:00+00:00,Chlorophyta,green algae,Plantae,1.0,4.404714107513428,270.0,0.12865452468395233,23.0,60.0,20.0,49.0,73.0,21.0,1.0
32.790660174,-117.2312425655,2024-12-15 16:03:42+00:00,Chroicocephalus philadelphia,Bonaparte's Gull,Aves,-2.0,0.9274099469184875,180.0,0.1599976271390915,22.0,23.0,-2.0,51.0,72.0,22.0,1.0
32.79094,-117.231125,2019-01-15 22:15:00+00:00,Chromista,"kelp, diatoms, and allies",Chromista,-2.0,0.9274099469184875,-0.0,0.171094611287117,21.0,7.0,-2.0,49.0,72.0,24.0,1.0
32.7897216667,-117.2310116667,2022-04-27 20:12:54+00:00,Chromista,"kelp, diatoms, and allies",Chromista,1.0,1.4410409927368164,130.05255126953125,0.14953842759132385,23.0,58.0,-2.0,0.0,0.0,0.0,1.0
32.7944388889,-117.2274027778,2025-06-16 14:56:13+00:00,Chrysomelidae,Leaf Beetles,Insecta,1.0,1.4410858154296875,229.94894409179688,0.17405250668525696,22.0,37.0,20.0,47.0,71.0,24.0,1.0
32.7963045489,-117.2289837749,2021-02-12 23:31:00+00:00,Chrysoperla,Common Green Lacewings,Insecta,6.0,2.9905359745025635,158.36959838867188,0.119269460439682,23.0,61.0,20.0,49.0,73.0,21.0,1.0
32.79025,-117.2303388889,2022-04-27 21:06:00+00:00,Chthamalus,,Animalia,0.0,2.8802716732025146,130.0523681640625,0.09603254497051239,23.0,56.0,-2.0,0.0,0.0,0.0,1.0
32.7898861111,-117.2308722222,2022-04-27 20:16:00+00:00,Chthamalus dalli,Little Brown Barnacle,Animalia,0.0,1.4410409927368164,130.05255126953125,0.0661247968673706,23.0,73.0,-2.0,0.0,0.0,0.0,1.0
32.795425,-117.2304416667,2025-06-25 19:54:13+00:00,Cicadidae,Typical Cicadas,Insecta,4.0,4.404727935791016,90.0,0.13322186470031738,22.0,38.0,20.0,51.0,73.0,23.0,1.0
32.7909126364,-117.2296851407,2025-09-13 20:02:57+00:00,Cicindelidia trifasciata,S-banded Tiger Beetle,Insecta,1.0,2.3922054767608643,292.7983093261719,0.05830712243914604,23.0,67.0,-2.0,49.0,72.0,24.0,1.0
32.7915833333,-117.230545,2024-06-29 17:44:14+00:00,Ciona,,Animalia,-1.0,1.1031718254089355,90.0,0.13833141326904297,95.0,0.0,20.0,49.0,72.0,24.0,1.0
32.7913333333,-117.2297366667,2025-09-13 19:09:44+00:00,Cirolana harfordi,Harford's Isopod,Animalia,0.0,3.306239604949951,270.0,0.1820506900548935,95.0,0.0,-2.0,49.0,72.0,24.0,1.0
32.790393746,-117.2300745274,2023-01-25 21:39:27+00:00,Cirripedia,Barnacles,Animalia,0.0,0.9274099469184875,180.0,0.015301791951060295,24.0,88.0,-2.0,0.0,0.0,0.0,1.0
32.7934076,-117.228756,2013-01-09 15:26:05+00:00,Cistothorus palustris,Marsh Wren,Aves,-1.0,0.9274099469184875,180.0,0.1348302960395813,95.0,0.0,20.0,47.0,71.0,24.0,1.0
32.7926922307,-117.2312765026,2013-01-13 11:03:00+00:00,Cistothorus palustris,Marsh Wren,Aves,6.0,7.544719219207764,119.26728057861328,0.15860658884048462,23.0,68.0,20.0,39.0,75.0,31.0,1.0
32.7928984684,-117.2310347475,2015-01-21 18:51:00+00:00,Cistothorus palustris,Marsh Wren,Aves,2.0,8.029680252075195,125.01235961914062,0.15860658884048462,22.0,49.0,20.0,49.0,72.0,24.0,1.0
32.795749,-117.230282,2023-01-21 17:41:00+00:00,Cistothorus palustris,Marsh Wren,Aves,2.0,3.4334511756896973,105.6529769897461,0.16354915499687195,22.0,31.0,20.0,51.0,73.0,23.0,1.0
32.7955846713,-117.2291395696,2024-12-14 18:20:00+00:00,Cistothorus palustris,Marsh Wren,Aves,0.0,3.5467634201049805,141.58290100097656,0.1919148564338684,95.0,0.0,20.0,51.0,73.0,23.0,1.0
32.7929672329,-117.231061768,2025-11-06 18:46:00+00:00,Cistothorus palustris,Marsh Wren,Aves,5.0,5.746163368225098,130.05149841308594,0.13423486053943634,23.0,61.0,20.0,50.0,72.0,23.0,1.0
32.7961682443,-117.2294078666,2023-02-04 21:48:59+00:00,Cladophora columbiana,Green pin-cushion alga,Plantae,4.0,3.546776294708252,218.4173583984375,0.1059708297252655,23.0,75.0,20.0,51.0,73.0,23.0,1.0
32.7943166667,-117.2282466667,2026-01-26 20:55:32+00:00,Cladophora columbiana,Green pin-cushion alga,Plantae,0.0,0.9274099469184875,180.0,0.1748141199350357,21.0,16.0,20.0,47.0,71.0,24.0,1.0
32.7951216667,-117.2302783333,2024-04-28 01:01:44+00:00,Clastoptera lineatocollis,,Insecta,3.0,2.880366325378418,49.949214935302734,0.1823185831308365,22.0,42.0,20.0,51.0,73.0,23.0,1.0
32.7907866667,-117.2321866667,2019-01-03 19:37:00+00:00,Cleomella arborea,Bladderpod,Plantae,8.0,4.404494762420654,90.0,0.07171253114938736,23.0,79.0,-2.0,39.0,75.0,31.0,1.0
32.7902389365,-117.2308402789,2019-04-11 15:49:45+00:00,Cleomella arborea,Bladderpod,Plantae,1.0,4.404467582702637,270.0,0.17883774638175964,23.0,63.0,-2.0,0.0,0.0,0.0,1.0
32.7904177078,-117.2320985523,2020-03-11 23:40:46+00:00,Cleomella arborea,Bladderpod,Plantae,5.0,8.457596778869629,139.64630126953125,0.0892673060297966,23.0,50.0,-2.0,51.0,72.0,22.0,1.0
32.7951301883,-117.2304352667,2022-04-23 16:18:00+00:00,Cleomella arborea,Bladderpod,Plantae,4.0,3.433431386947632,74.34693145751953,0.1391647309064865,22.0,42.0,20.0,51.0,73.0,23.0,1.0
32.7954833333,-117.23033,2023-01-21 16:12:43+00:00,Cleomella arborea,Bladderpod,Plantae,2.0,3.433441400527954,74.34697723388672,0.1708993762731552,22.0,39.0,20.0,51.0,73.0,23.0,1.0
32.7959333333,-117.2304166667,2023-01-30 18:08:41+00:00,Cleomella arborea,Bladderpod,Plantae,4.0,2.205636501312256,90.0,0.0928410217165947,23.0,68.0,20.0,51.0,73.0,23.0,1.0
32.7915944444,-117.2316277778,2023-06-20 18:00:00+00:00,Cleomella arborea,Bladderpod,Plantae,4.0,4.315908432006836,130.0519256591797,0.1732897013425827,22.0,45.0,20.0,39.0,75.0,31.0,1.0
32.7928704693,-117.2282434831,2024-01-27 23:56:58+00:00,Cleomella arborea,Bladderpod,Plantae,-4.0,1.8543341159820557,-0.0,0.1313827633857727,95.0,0.0,20.0,48.0,70.0,23.0,1.0
32.7918611111,-117.2312861111,2024-04-11 20:50:00+00:00,Cleomella arborea,Bladderpod,Plantae,2.0,5.576310157775879,80.4561996459961,0.20305684208869934,22.0,44.0,20.0,39.0,75.0,31.0,1.0
32.7915527778,-117.2316805556,2024-06-20 20:29:00+00:00,Cleomella arborea,Bladderpod,Plantae,2.0,5.746100902557373,130.05201721191406,0.14803601801395416,22.0,47.0,-2.0,39.0,75.0,31.0,1.0
32.7959866667,-117.2304,2024-06-22 16:07:47+00:00,Cleomella arborea,Bladderpod,Plantae,3.0,2.1573052406311035,149.25535583496094,0.10808767378330231,23.0,61.0,20.0,51.0,73.0,23.0,1.0
32.7952123496,-117.2304553596,2024-09-26 17:40:09+00:00,Cleomella arborea,Bladderpod,Plantae,4.0,3.433431386947632,74.34693145751953,0.1391647309064865,22.0,42.0,20.0,51.0,73.0,23.0,1.0
32.7903216667,-117.2321783333,2025-02-01 17:20:43+00:00,Cleomella arborea,Bladderpod,Plantae,5.0,8.457596778869629,139.64630126953125,0.0892673060297966,23.0,50.0,-2.0,51.0,72.0,22.0,1.0
32.7951883333,-117.2304916667,2025-02-01 17:39:33+00:00,Cleomella arborea,Bladderpod,Plantae,4.0,3.433431386947632,74.34693145751953,0.1391647309064865,22.0,42.0,20.0,51.0,73.0,23.0,1.0
32.79522,-117.230505,2025-02-11 23:17:27+00:00,Cleomella arborea,Bladderpod,Plantae,4.0,3.433431386947632,74.34693145751953,0.1391647309064865,22.0,42.0,20.0,51.0,73.0,23.0,1.0
32.79583,-117.2306366667,2025-04-26 16:31:03+00:00,Cleomella arborea,Bladderpod,Plantae,4.0,4.404741287231445,90.0,0.1194462776184082,23.0,50.0,20.0,51.0,73.0,23.0,1.0
32.795156138,-117.2303692159,2025-04-26 17:18:28+00:00,Cleomella arborea,Bladderpod,Plantae,3.0,2.880366325378418,49.949214935302734,0.1823185831308365,22.0,42.0,20.0,51.0,73.0,23.0,1.0
32.79515,-117.2304383333,2025-05-17 16:49:05+00:00,Cleomella arborea,Bladderpod,Plantae,4.0,3.433431386947632,74.34693145751953,0.1391647309064865,22.0,42.0,20.0,51.0,73.0,23.0,1.0
32.7951957425,-117.2304845509,2025-05-24 16:27:19+00:00,Cleomella arborea,Bladderpod,Plantae,4.0,3.433431386947632,74.34693145751953,0.1391647309064865,22.0,42.0,20.0,51.0,73.0,23.0,1.0
32.7956164303,-117.2304253747,2025-05-24 16:55:15+00:00,Cleomella arborea,Bladderpod,Plantae,4.0,4.404741287231445,90.0,0.1194462776184082,23.0,50.0,20.0,51.0,73.0,23.0,1.0
32.7959777741,-117.2303643544,2025-05-24 17:00:15+00:00,Cleomella arborea,Bladderpod,Plantae,3.0,2.1573052406311035,149.25535583496094,0.10808767378330231,23.0,61.0,20.0,51.0,73.0,23.0,1.0
32.7952277783,-117.230419445,2025-08-15 20:06:00+00:00,Cleomella arborea,Bladderpod,Plantae,4.0,3.433431386947632,74.34693145751953,0.1391647309064865,22.0,42.0,20.0,51.0,73.0,23.0,1.0
32.795180555,-117.2304972217,2025-08-15 20:13:00+00:00,Cleomella arborea,Bladderpod,Plantae,4.0,3.433431386947632,74.34693145751953,0.1391647309064865,22.0,42.0,20.0,51.0,73.0,23.0,1.0
32.7954202772,-117.2301615632,2025-12-16 22:01:00+00:00,Cleomella arborea,Bladderpod,Plantae,2.0,3.433441400527954,74.34697723388672,0.1708993762731552,22.0,39.0,20.0,51.0,73.0,23.0,1.0
32.7962285608,-117.2294277381,2023-07-30 03:48:00+00:00,Clepsis,,Insecta,4.0,3.546776294708252,218.4173583984375,0.1059708297252655,23.0,75.0,20.0,51.0,73.0,23.0,1.0
32.7962252405,-117.2294380898,2023-07-30 04:31:00+00:00,Clepsis peritana,Garden Tortrix,Insecta,4.0,3.546776294708252,218.4173583984375,0.1059708297252655,23.0,75.0,20.0,51.0,73.0,23.0,1.0
32.7912138889,-117.2298555556,2025-05-10 16:51:47+00:00,Clevelandia ios,Arrow Goby,Actinopterygii,0.0,3.4332826137542725,285.6537780761719,0.07399355620145798,11.0,0.0,-2.0,49.0,72.0,24.0,1.0
32.7912555556,-117.2298805556,2025-07-03 16:53:14+00:00,Clevelandia ios,Arrow Goby,Actinopterygii,-1.0,1.4410542249679565,310.0521240234375,0.11681777983903885,95.0,0.0,-2.0,49.0,72.0,24.0,1.0
32.7957068819,-117.2305295616,2025-08-15 16:31:50+00:00,Clogmia albipunctata,Bathroom Moth Fly,Insecta,4.0,4.404741287231445,90.0,0.1194462776184082,23.0,50.0,20.0,51.0,73.0,23.0,1.0
32.7902966667,-117.2304,2022-04-27 20:18:29+00:00,Coccinella septempunctata,Seven-spotted Lady Beetle,Insecta,0.0,2.8802716732025146,130.0523681640625,0.09603254497051239,23.0,56.0,-2.0,0.0,0.0,0.0,1.0
32.7899466667,-117.23172,2023-04-22 16:59:42+00:00,Coccinella septempunctata,Seven-spotted Lady Beetle,Insecta,-2.0,1.1031512022018433,90.0,0.12903566658496857,22.0,42.0,-2.0,51.0,72.0,22.0,1.0
32.795805,-117.2292033333,2025-11-09 19:56:52+00:00,Coccinella septempunctata,Seven-spotted Lady Beetle,Insecta,1.0,2.9905333518981934,158.36972045898438,0.18014676868915558,22.0,36.0,20.0,51.0,73.0,23.0,1.0
32.7960407477,-117.2286397335,2025-04-26 17:24:59+00:00,Coccinellini,Black-spotted Lady Beetles,Insecta,2.0,4.6273674964904785,180.0,0.1663312166929245,21.0,15.0,20.0,49.0,73.0,21.0,1.0
32.791625,-117.2308666667,2026-01-26 19:22:11+00:00,Cochlicella barbara,Small Pointed Snail,Mollusca,0.0,2.205526351928711,90.0,0.19233864545822144,95.0,0.0,20.0,49.0,72.0,24.0,1.0
32.7961116667,-117.229995,2025-03-16 19:45:01+00:00,Cochlicopa lubrica,Glossy Pillar,Mollusca,3.0,2.7802884578704834,180.0,0.12967248260974884,23.0,60.0,20.0,51.0,73.0,23.0,1.0
32.7959866667,-117.2306283333,2022-04-05 23:41:45+00:00,Cochliomyia macellaria,Secondary Screwworm Fly,Insecta,4.0,2.205636501312256,90.0,0.0928410217165947,23.0,68.0,20.0,51.0,73.0,23.0,1.0
32.795903261,-117.2292563392,2023-07-31 04:45:00+00:00,Cochylina,,Insecta,3.0,4.755953311920166,193.3832244873047,0.10409373044967651,22.0,49.0,20.0,51.0,73.0,23.0,1.0
32.795903261,-117.2292563392,2023-07-31 04:54:00+00:00,Cochylis,,Insecta,3.0,4.755953311920166,193.3832244873047,0.10409373044967651,22.0,49.0,20.0,51.0,73.0,23.0,1.0
32.795903261,-117.2292563392,2023-07-31 05:07:00+00:00,Cochylis,,Insecta,3.0,4.755953311920166,193.3832244873047,0.10409373044967651,22.0,49.0,20.0,51.0,73.0,23.0,1.0
32.7962239105,-117.2294346113,2023-07-30 04:02:00+00:00,Coelopa,Bristly Kelp Flies,Insecta,4.0,3.546776294708252,218.4173583984375,0.1059708297252655,23.0,75.0,20.0,51.0,73.0,23.0,1.0
32.7961840717,-117.22957366,2023-07-30 04:28:00+00:00,Coelopa,Bristly Kelp Flies,Insecta,4.0,3.546776294708252,218.4173583984375,0.1059708297252655,23.0,75.0,20.0,51.0,73.0,23.0,1.0
32.7955947113,-117.230585888,2025-12-16 20:58:21+00:00,Coenosia tigrina,Common Tiger Fly,Insecta,4.0,4.404727935791016,90.0,0.13322186470031738,22.0,38.0,20.0,51.0,73.0,23.0,1.0
32.795903261,-117.2292563392,2023-07-31 05:13:00+00:00,Coleoptera,Beetles,Insecta,3.0,4.755953311920166,193.3832244873047,0.10409373044967651,22.0,49.0,20.0,51.0,73.0,23.0,1.0
32.7908833333,-117.232125,2022-06-18 18:17:21+00:00,Colletes,Cellophane Bees,Insecta,8.0,4.404494762420654,90.0,0.07171253114938736,23.0,79.0,-2.0,39.0,75.0,31.0,1.0
32.7958524167,-117.230675645,2022-09-24 16:30:00+00:00,Colletes,Cellophane Bees,Insecta,4.0,4.404741287231445,90.0,0.1194462776184082,23.0,50.0,20.0,51.0,73.0,23.0,1.0
32.7958803267,-117.2306917167,2022-09-24 17:16:00+00:00,Colletes ochraceus,Ochraceous Cellophane Bee,Insecta,5.0,3.4334611892700195,74.3470687866211,0.09977754950523376,24.0,80.0,20.0,51.0,73.0,23.0,1.0
32.795866215,-117.230673945,2022-09-24 17:47:00+00:00,Colletes ochraceus,Ochraceous Cellophane Bee,Insecta,4.0,4.404741287231445,90.0,0.1194462776184082,23.0,50.0,20.0,51.0,73.0,23.0,1.0
32.7956156585,-117.2298815666,2025-05-04 16:20:00+00:00,Contopus sordidulus,Western Wood-Pewee,Aves,1.0,2.15730357170105,149.25543212890625,0.19868019223213196,22.0,40.0,20.0,51.0,73.0,23.0,1.0
32.7954555556,-117.2279972222,2025-05-04 17:25:00+00:00,Contopus sordidulus,Western Wood-Pewee,Aves,3.0,3.306394100189209,270.0,0.15612448751926422,22.0,44.0,20.0,49.0,73.0,21.0,1.0
32.7957466667,-117.230505,2023-02-26 17:23:06+00:00,Coprinellus,,Fungi,4.0,4.404741287231445,90.0,0.1194462776184082,23.0,50.0,20.0,51.0,73.0,23.0,1.0
32.7906927453,-117.2298604626,2023-01-14 18:39:00+00:00,Coprinopsis,Inkcaps,Fungi,1.0,1.4410488605499268,130.0522918701172,0.0012941418681293726,23.0,71.0,-2.0,0.0,0.0,0.0,1.0
32.79565,-117.2300333333,2025-11-09 19:30:13+00:00,Corixidae,Water Boatmen,Insecta,1.0,2.15730357170105,149.25543212890625,0.19868019223213196,22.0,40.0,20.0,51.0,73.0,23.0,1.0
32.7903525951,-117.2304693797,2019-03-06 20:52:43+00:00,Cornu aspersum,Garden Snail,Mollusca,2.0,2.1572682857513428,149.2570037841797,0.14154265820980072,23.0,56.0,-2.0,0.0,0.0,0.0,1.0
32.7937383333,-117.2300633333,2024-01-27 23:35:31+00:00,Cornu aspersum,Garden Snail,Mollusca,3.0,4.5004706382751465,101.86834716796875,0.17015774548053741,23.0,65.0,20.0,50.0,72.0,23.0,1.0
32.79485,-117.2285,2025-02-11 22:15:16+00:00,Cornu aspersum,Garden Snail,Mollusca,1.0,2.205609083175659,270.0,0.12666849792003632,22.0,41.0,20.0,47.0,71.0,24.0,1.0
32.7960299242,-117.2300006256,2025-04-26 17:39:54+00:00,Cornu aspersum,Garden Snail,Mollusca,3.0,2.7802884578704834,180.0,0.12967248260974884,23.0,60.0,20.0,51.0,73.0,23.0,1.0
32.7956472222,-117.2293333333,2026-01-21 22:39:00+00:00,Cornu aspersum,Garden Snail,Mollusca,1.0,2.9905333518981934,158.36972045898438,0.18014676868915558,22.0,36.0,20.0,51.0,73.0,23.0,1.0
32.796025,-117.230155,2026-01-24 18:57:37+00:00,Cornu aspersum,Garden Snail,Mollusca,3.0,2.1573052406311035,149.25535583496094,0.10808767378330231,23.0,61.0,20.0,51.0,73.0,23.0,1.0
32.79588,-117.22987,2020-02-01 19:16:00+00:00,Corthylio calendula,Ruby-crowned Kinglet,Aves,3.0,2.990534782409668,158.36965942382812,0.14166799187660217,23.0,67.0,20.0,51.0,73.0,23.0,1.0
32.7952235186,-117.2283132608,2020-02-01 17:57:00+00:00,Corvus brachyrhynchos,American Crow,Aves,1.0,4.404714107513428,270.0,0.12865452468395233,23.0,60.0,20.0,49.0,73.0,21.0,1.0
32.7959042767,-117.2288840378,2022-02-05 17:07:00+00:00,Corvus brachyrhynchos,American Crow,Aves,3.0,5.654840469360352,168.785400390625,0.14608775079250336,22.0,39.0,20.0,49.0,73.0,21.0,1.0
32.7959064389,-117.2301772455,2023-02-04 16:50:00+00:00,Corvus brachyrhynchos,American Crow,Aves,3.0,2.1573052406311035,149.25535583496094,0.10808767378330231,23.0,61.0,20.0,51.0,73.0,23.0,1.0
32.79586325,-117.2284049383,2024-01-12 16:12:00+00:00,Corvus brachyrhynchos,American Crow,Aves,0.0,3.7888824939727783,240.73355102539062,0.16690227389335632,22.0,31.0,20.0,49.0,73.0,21.0,1.0
32.7958483333,-117.2285533333,2024-01-12 17:16:49+00:00,Corvus brachyrhynchos,American Crow,Aves,0.0,2.7802884578704834,180.0,0.18270500004291534,22.0,31.0,20.0,49.0,73.0,21.0,1.0
32.7961081953,-117.2294302582,2025-02-01 15:23:00+00:00,Corvus brachyrhynchos,American Crow,Aves,2.0,2.7802884578704834,180.0,0.14166799187660217,23.0,67.0,20.0,51.0,73.0,23.0,1.0
32.7959409356,-117.2305961979,2025-05-24 16:39:37+00:00,Corvus brachyrhynchos,American Crow,Aves,4.0,2.205636501312256,90.0,0.0928410217165947,23.0,68.0,20.0,51.0,73.0,23.0,1.0
32.7958533333,-117.2305583333,2025-12-14 18:56:40+00:00,Corvus brachyrhynchos,American Crow,Aves,4.0,4.404741287231445,90.0,0.1194462776184082,23.0,50.0,20.0,51.0,73.0,23.0,1.0
32.7908083333,-117.2297883333,2022-04-27 21:05:21+00:00,Corvus corax,Common Raven,Aves,1.0,2.3922054767608643,292.7983093261719,0.05830712243914604,23.0,67.0,-2.0,49.0,72.0,24.0,1.0
32.7956888444,-117.2305423021,2017-07-31 19:13:04+00:00,Cotinis mutabilis,Figeater Beetle,Insecta,4.0,4.404741287231445,90.0,0.1194462776184082,23.0,50.0,20.0,51.0,73.0,23.0,1.0
32.7959326749,-117.2305271819,2019-08-06 18:03:00+00:00,Cotinis mutabilis,Figeater Beetle,Insecta,4.0,2.205636501312256,90.0,0.0928410217165947,23.0,68.0,20.0,51.0,73.0,23.0,1.0
32.7955876816,-117.2303779604,2024-09-26 19:43:47+00:00,Cotinis mutabilis,Figeater Beetle,Insecta,2.0,3.433441400527954,74.34697723388672,0.1708993762731552,22.0,39.0,20.0,51.0,73.0,23.0,1.0
32.7957527778,-117.2306222222,2025-08-15 20:35:14+00:00,Cotinis mutabilis,Figeater Beetle,Insecta,4.0,4.404741287231445,90.0,0.1194462776184082,23.0,50.0,20.0,51.0,73.0,23.0,1.0
32.7959874,-117.2304749,2025-09-27 16:05:29+00:00,Cotinis mutabilis,Figeater Beetle,Insecta,4.0,2.205636501312256,90.0,0.0928410217165947,23.0,68.0,20.0,51.0,73.0,23.0,1.0
32.794,-117.23,2022-10-22 05:09:00+00:00,Coturnicops noveboracensis,Yellow Rail,Aves,3.0,6.590810298919678,90.0,0.18111039698123932,23.0,68.0,20.0,50.0,72.0,23.0,1.0
32.7896379959,-117.2311437038,2018-04-11 20:15:01+00:00,Crassostreinae,Cupped Oysters,Mollusca,0.0,1.4410383701324463,130.05264282226562,0.06408825516700745,24.0,81.0,-2.0,0.0,0.0,0.0,1.0
32.7913044859,-117.22931779,2018-04-11 20:53:35+00:00,Crassostreinae,Cupped Oysters,Mollusca,2.0,2.157275438308716,329.2566833496094,0.20044872164726257,95.0,0.0,-2.0,49.0,72.0,24.0,1.0
32.7899447317,-117.2309339048,2020-03-11 22:21:28+00:00,Crassostreinae,Cupped Oysters,Mollusca,0.0,1.4410409927368164,130.05255126953125,0.0661247968673706,23.0,73.0,-2.0,0.0,0.0,0.0,1.0
32.7904867463,-117.230163295,2020-03-11 22:32:00+00:00,Crassostreinae,Cupped Oysters,Mollusca,2.0,1.1031581163406372,90.0,0.1304217278957367,22.0,23.0,-2.0,0.0,0.0,0.0,1.0
32.7900361111,-117.2309277778,2024-04-11 21:39:00+00:00,Crassula connata,sand pygmyweed,Plantae,1.0,1.4410436153411865,130.05245971679688,0.1472601294517517,23.0,68.0,-2.0,0.0,0.0,0.0,1.0
32.7961840717,-117.22957366,2023-07-30 03:58:00+00:00,Creontiades,,Insecta,4.0,3.546776294708252,218.4173583984375,0.1059708297252655,23.0,75.0,20.0,51.0,73.0,23.0,1.0
32.795879364,-117.2302017212,2018-06-23 18:38:17+00:00,Cressa truxillensis,Alkali Weed,Plantae,3.0,2.1573052406311035,149.25535583496094,0.10808767378330231,23.0,61.0,20.0,51.0,73.0,23.0,1.0
32.7958416667,-117.2304833333,2023-06-20 18:00:00+00:00,Cressa truxillensis,Alkali Weed,Plantae,4.0,4.404741287231445,90.0,0.1194462776184082,23.0,50.0,20.0,51.0,73.0,23.0,1.0
32.795962,-117.230045,2025-02-11 22:46:13+00:00,Cressa truxillensis,Alkali Weed,Plantae,3.0,2.7802884578704834,180.0,0.12967248260974884,23.0,60.0,20.0,51.0,73.0,23.0,1.0
32.7958683484,-117.2282190901,2025-04-26 17:37:11+00:00,Cressa truxillensis,Alkali Weed,Plantae,3.0,5.576545715332031,260.45660400390625,0.14933940768241882,22.0,32.0,20.0,49.0,73.0,21.0,1.0
32.7959808256,-117.2300279886,2025-04-26 17:57:28+00:00,Cressa truxillensis,Alkali Weed,Plantae,3.0,2.7802884578704834,180.0,0.12967248260974884,23.0,60.0,20.0,51.0,73.0,23.0,1.0
32.7958795129,-117.2282124913,2025-12-13 17:17:00+00:00,Cressa truxillensis,Alkali Weed,Plantae,4.0,2.3923258781433105,247.20289611816406,0.15577995777130127,22.0,43.0,20.0,49.0,73.0,21.0,1.0
32.7908533333,-117.228645,2026-01-10 18:02:31+00:00,Crucibulum spinosum,Spiny Cup-and-Saucer,Mollusca,3.0,3.5466909408569336,141.58438110351562,0.13433071970939636,11.0,0.0,-2.0,48.0,70.0,23.0,1.0
32.7957688857,-117.230579182,2017-07-31 19:23:03+00:00,Cucullia,Hooded Owlets,Insecta,4.0,4.404741287231445,90.0,0.1194462776184082,23.0,50.0,20.0,51.0,73.0,23.0,1.0
32.7961840717,-117.22957366,2023-07-30 03:42:00+00:00,Culicinae,Culicine Mosquitoes,Insecta,4.0,3.546776294708252,218.4173583984375,0.1059708297252655,23.0,75.0,20.0,51.0,73.0,23.0,1.0
32.7903633333,-117.230575,2023-06-24 18:00:33+00:00,Curicaberis,,Arachnida,2.0,2.1572682857513428,149.2570037841797,0.14154265820980072,23.0,56.0,-2.0,0.0,0.0,0.0,1.0
32.7917098766,-117.229160294,2020-03-11 23:03:56+00:00,Cuscuta,dodders,Plantae,1.0,2.9905145168304443,21.629352569580078,0.22987645864486694,95.0,0.0,20.0,49.0,72.0,24.0,1.0
32.7916259655,-117.2292092067,2020-03-11 23:09:20+00:00,Cuscuta,dodders,Plantae,1.0,2.9905145168304443,21.629352569580078,0.22987645864486694,95.0,0.0,20.0,49.0,72.0,24.0,1.0
32.7910116667,-117.2297533333,2021-05-05 21:01:50+00:00,Cuscuta,dodders,Plantae,1.0,2.3922054767608643,292.7983093261719,0.05830712243914604,23.0,67.0,-2.0,49.0,72.0,24.0,1.0
32.7906927453,-117.2298604626,2023-01-14 19:29:00+00:00,Cuscuta,dodders,Plantae,1.0,1.4410488605499268,130.0522918701172,0.0012941418681293726,23.0,71.0,-2.0,0.0,0.0,0.0,1.0
32.7957083333,-117.2304166667,2025-04-26 18:01:34+00:00,Cuscuta,dodders,Plantae,4.0,4.404741287231445,90.0,0.1194462776184082,23.0,50.0,20.0,51.0,73.0,23.0,1.0
32.7943191528,-117.2276306152,2018-03-22 22:13:58+00:00,Cuscuta pacifica,Pacific goldenthread,Plantae,1.0,1.1032062768936157,270.0,0.15007136762142181,95.0,0.0,20.0,47.0,71.0,24.0,1.0
32.7960853577,-117.2285003662,2018-05-10 22:39:23+00:00,Cuscuta pacifica,Pacific goldenthread,Plantae,3.0,5.122032642364502,205.44737243652344,0.14290045201778412,22.0,25.0,20.0,49.0,73.0,21.0,1.0
32.7903862844,-117.2301862902,2019-03-06 20:49:54+00:00,Cuscuta pacifica,Pacific goldenthread,Plantae,0.0,2.8802716732025146,130.0523681640625,0.09603254497051239,23.0,56.0,-2.0,0.0,0.0,0.0,1.0
32.7909666667,-117.2297833333,2021-05-05 20:59:00+00:00,Cuscuta pacifica,Pacific goldenthread,Plantae,1.0,2.3922054767608643,292.7983093261719,0.05830712243914604,23.0,67.0,-2.0,49.0,72.0,24.0,1.0
32.790855,-117.2298666667,2022-04-27 20:32:11+00:00,Cuscuta pacifica,Pacific goldenthread,Plantae,1.0,2.3922054767608643,292.7983093261719,0.05830712243914604,23.0,67.0,-2.0,49.0,72.0,24.0,1.0
32.7956972222,-117.2304305556,2023-06-20 18:00:00+00:00,Cuscuta pacifica,Pacific goldenthread,Plantae,4.0,4.404741287231445,90.0,0.1194462776184082,23.0,50.0,20.0,51.0,73.0,23.0,1.0
32.7928166667,-117.2311466667,2024-01-27 23:11:13+00:00,Cuscuta pacifica,Pacific goldenthread,Plantae,2.0,8.029680252075195,125.01235961914062,0.15860658884048462,22.0,49.0,20.0,49.0,72.0,24.0,1.0
32.7954866667,-117.23008,2024-04-27 23:03:27+00:00,Cuscuta pacifica,Pacific goldenthread,Plantae,1.0,1.441096305847168,49.949302673339844,0.180143803358078,22.0,39.0,20.0,51.0,73.0,23.0,1.0
32.79055399,-117.23010644,2024-05-11 17:15:57+00:00,Cuscuta pacifica,Pacific goldenthread,Plantae,1.0,1.4410488605499268,49.947715759277344,0.12852990627288818,22.0,49.0,-2.0,0.0,0.0,0.0,1.0
32.7920694444,-117.2316055556,2024-06-20 19:56:00+00:00,Cuscuta pacifica,Pacific goldenthread,Plantae,5.0,5.576310157775879,99.5438003540039,0.20743371546268463,22.0,44.0,20.0,39.0,75.0,31.0,1.0
32.7921972222,-117.2315666667,2024-06-20 20:10:00+00:00,Cuscuta pacifica,Pacific goldenthread,Plantae,5.0,6.842163562774658,105.65357971191406,0.14658282697200775,23.0,68.0,20.0,39.0,75.0,31.0,1.0
32.7908133387,-117.229875,2025-02-01 21:57:46+00:00,Cuscuta pacifica,Pacific goldenthread,Plantae,1.0,2.3922054767608643,292.7983093261719,0.05830712243914604,23.0,67.0,-2.0,49.0,72.0,24.0,1.0
32.7950356997,-117.2288077,2025-02-10 23:25:41+00:00,Cuscuta pacifica,Pacific goldenthread,Plantae,-2.0,1.4410910606384277,310.0508728027344,0.14952026307582855,22.0,40.0,20.0,47.0,71.0,24.0,1.0
32.7955033333,-117.2287966667,2025-02-11 22:07:13+00:00,Cuscuta pacifica,Pacific goldenthread,Plantae,-1.0,2.392313241958618,247.20277404785156,0.16151370108127594,22.0,38.0,20.0,49.0,73.0,21.0,1.0
32.7951883333,-117.2284383333,2025-02-11 22:34:35+00:00,Cuscuta pacifica,Pacific goldenthread,Plantae,1.0,4.404714107513428,270.0,0.12865452468395233,23.0,60.0,20.0,49.0,73.0,21.0,1.0
32.7924549033,-117.2311327805,2025-03-16 19:53:00+00:00,Cuscuta pacifica,Pacific goldenthread,Plantae,0.0,5.2028489112854,122.23053741455078,0.18414336442947388,21.0,12.0,20.0,49.0,72.0,24.0,1.0
32.7950296,-117.2302959,2025-04-26 16:45:00+00:00,Cuscuta pacifica,Pacific goldenthread,Plantae,4.0,2.392300605773926,67.20264434814453,0.17610977590084076,23.0,63.0,20.0,50.0,72.0,23.0,1.0
32.7957513206,-117.2287800947,2025-04-26 17:15:42+00:00,Cuscuta pacifica,Pacific goldenthread,Plantae,0.0,2.7802884578704834,180.0,0.18270500004291534,22.0,31.0,20.0,49.0,73.0,21.0,1.0
32.795878239,-117.2283138056,2025-04-26 17:47:51+00:00,Cuscuta pacifica,Pacific goldenthread,Plantae,3.0,5.122032642364502,205.44737243652344,0.14290045201778412,22.0,25.0,20.0,49.0,73.0,21.0,1.0
32.7955583333,-117.2286133333,2025-05-04 17:11:02+00:00,Cuscuta pacifica,Pacific goldenthread,Plantae,-1.0,2.392313241958618,247.20277404785156,0.16151370108127594,22.0,38.0,20.0,49.0,73.0,21.0,1.0
32.795104296,-117.2302800325,2025-05-24 16:32:47+00:00,Cuscuta pacifica,Pacific goldenthread,Plantae,3.0,2.880366325378418,49.949214935302734,0.1823185831308365,22.0,42.0,20.0,51.0,73.0,23.0,1.0
32.7952061416,-117.230312489,2025-05-24 16:40:06+00:00,Cuscuta pacifica,Pacific goldenthread,Plantae,3.0,2.880366325378418,49.949214935302734,0.1823185831308365,22.0,42.0,20.0,51.0,73.0,23.0,1.0
32.794683921,-117.2286783313,2025-06-16 14:26:40+00:00,Cuscuta pacifica,Pacific goldenthread,Plantae,0.0,2.39229416847229,292.79742431640625,0.14940303564071655,21.0,15.0,20.0,47.0,71.0,24.0,1.0
32.7909583333,-117.2299861111,2025-07-12 15:31:00+00:00,Cuscuta pacifica,Pacific goldenthread,Plantae,-1.0,2.1572718620300293,329.2568664550781,0.16060450673103333,23.0,67.0,-2.0,49.0,72.0,24.0,1.0
32.7955772937,-117.2304233661,2025-08-16 18:02:56+00:00,Cuscuta pacifica,Pacific goldenthread,Plantae,4.0,4.404727935791016,90.0,0.13322186470031738,22.0,38.0,20.0,51.0,73.0,23.0,1.0
32.7957716667,-117.230055,2025-09-27 17:17:10+00:00,Cuscuta pacifica,Pacific goldenthread,Plantae,1.0,2.15730357170105,149.25543212890625,0.19868019223213196,22.0,40.0,20.0,51.0,73.0,23.0,1.0
32.7953615785,-117.2302594968,2025-10-09 19:56:11+00:00,Cuscuta pacifica,Pacific goldenthread,Plantae,2.0,3.433441400527954,74.34697723388672,0.1708993762731552,22.0,39.0,20.0,51.0,73.0,23.0,1.0
32.7958333333,-117.22863,2025-11-09 20:12:06+00:00,Cuscuta pacifica,Pacific goldenthread,Plantae,0.0,2.7802884578704834,180.0,0.18270500004291534,22.0,31.0,20.0,49.0,73.0,21.0,1.0
32.7955866667,-117.2296666667,2025-12-13 17:24:35+00:00,Cuscuta pacifica,Pacific goldenthread,Plantae,1.0,0.0,-0.0,0.19635267555713654,22.0,41.0,20.0,51.0,73.0,23.0,1.0
32.7954631709,-117.2302305477,2025-12-16 20:15:51+00:00,Cuscuta pacifica,Pacific goldenthread,Plantae,2.0,3.433441400527954,74.34697723388672,0.1708993762731552,22.0,39.0,20.0,51.0,73.0,23.0,1.0
32.7954202772,-117.2301615632,2025-12-16 21:50:00+00:00,Cuscuta pacifica,Pacific goldenthread,Plantae,2.0,3.433441400527954,74.34697723388672,0.1708993762731552,22.0,39.0,20.0,51.0,73.0,23.0,1.0
32.7947152341,-117.2282853126,2026-01-21 21:26:26+00:00,Cuscuta pacifica,Pacific goldenthread,Plantae,1.0,0.9274099469184875,180.0,0.14540407061576843,22.0,40.0,20.0,47.0,71.0,24.0,1.0
32.7958040389,-117.229004961,2026-01-21 21:41:00+00:00,Cuscuta pacifica,Pacific goldenthread,Plantae,0.0,3.8646881580352783,163.43728637695312,0.20311467349529266,22.0,39.0,20.0,49.0,73.0,21.0,1.0
32.7949533333,-117.2282716667,2026-01-21 21:50:00+00:00,Cuscuta pacifica,Pacific goldenthread,Plantae,1.0,2.205609083175659,270.0,0.12666849792003632,22.0,41.0,20.0,47.0,71.0,24.0,1.0
32.7957551032,-117.228568178,2026-01-21 22:40:00+00:00,Cuscuta pacifica,Pacific goldenthread,Plantae,0.0,2.7802884578704834,180.0,0.18270500004291534,22.0,31.0,20.0,49.0,73.0,21.0,1.0
32.795617,-117.229883,2026-01-21 22:50:00+00:00,Cuscuta pacifica,Pacific goldenthread,Plantae,1.0,2.15730357170105,149.25543212890625,0.19868019223213196,22.0,40.0,20.0,51.0,73.0,23.0,1.0
32.792621,-117.23088,2014-11-23 17:43:22+00:00,Cuscuta pacifica pacifica,,Plantae,-1.0,2.1572823524475098,149.25637817382812,0.1945434957742691,21.0,12.0,20.0,49.0,72.0,24.0,1.0
32.7894444444,-117.2319444444,2023-05-27 18:14:05+00:00,Cyclophora nanaria,Dwarf Tawny Wave,Insecta,-1.0,4.959386348724365,41.737728118896484,0.1649165153503418,22.0,23.0,-2.0,51.0,72.0,22.0,1.0
32.7924989316,-117.2313766759,2020-11-28 16:40:06+00:00,Cygnus columbianus,Tundra Swan,Aves,3.0,8.505062103271484,115.65796661376953,0.18414336442947388,23.0,67.0,20.0,39.0,75.0,31.0,1.0
32.7910576483,-117.2295743968,2020-11-28 18:50:00+00:00,Cygnus columbianus,Tundra Swan,Aves,2.0,3.30622935295105,270.0,0.07399355620145798,11.0,0.0,-2.0,49.0,72.0,24.0,1.0
32.7923583333,-117.2312972222,2020-11-28 19:26:00+00:00,Cygnus columbianus,Tundra Swan,Aves,2.0,6.654465675354004,97.9756088256836,0.19780150055885315,22.0,43.0,20.0,39.0,75.0,31.0,1.0
32.791905,-117.2314183333,2020-12-13 15:27:00+00:00,Cygnus columbianus,Tundra Swan,Aves,2.0,5.576310157775879,80.4561996459961,0.20305684208869934,22.0,44.0,20.0,39.0,75.0,31.0,1.0
32.7959416667,-117.2301466667,2025-02-01 19:09:53+00:00,Cylindropuntia,chollas,Plantae,3.0,2.1573052406311035,149.25535583496094,0.10808767378330231,23.0,61.0,20.0,51.0,73.0,23.0,1.0
32.7950914717,-117.2304771749,2025-05-24 16:27:38+00:00,Cylindropuntia,chollas,Plantae,4.0,3.433431386947632,74.34693145751953,0.1391647309064865,22.0,42.0,20.0,51.0,73.0,23.0,1.0
32.7951319563,-117.2304772587,2025-12-16 20:03:41+00:00,Cylindropuntia,chollas,Plantae,4.0,3.433431386947632,74.34693145751953,0.1391647309064865,22.0,42.0,20.0,51.0,73.0,23.0,1.0
32.79252,-117.230929,2014-11-23 16:30:09+00:00,Cylindropuntia cholla,Chain-link Cholla,Plantae,-1.0,2.1572823524475098,149.25637817382812,0.1945434957742691,21.0,12.0,20.0,49.0,72.0,24.0,1.0
32.7910193833,-117.2312765444,2024-01-27 22:21:47+00:00,Cylindropuntia cholla,Chain-link Cholla,Plantae,-1.0,2.3922054767608643,112.79830932617188,0.171094611287117,21.0,7.0,-2.0,39.0,75.0,31.0,1.0
32.79593041,-117.23018573,2025-08-07 01:49:21+00:00,Cylindropuntia cholla,Chain-link Cholla,Plantae,3.0,2.1573052406311035,149.25535583496094,0.10808767378330231,23.0,61.0,20.0,51.0,73.0,23.0,1.0
32.7952529113,-117.2304235615,2025-12-16 20:04:34+00:00,Cylindropuntia cholla,Chain-link Cholla,Plantae,4.0,3.433431386947632,74.34693145751953,0.1391647309064865,22.0,42.0,20.0,51.0,73.0,23.0,1.0
32.7954202772,-117.2301615632,2025-12-16 21:46:00+00:00,Cylindropuntia cholla,Chain-link Cholla,Plantae,2.0,3.433441400527954,74.34697723388672,0.1708993762731552,22.0,39.0,20.0,51.0,73.0,23.0,1.0
32.792621,-117.23088,2014-11-23 17:23:50+00:00,Cylindropuntia prolifera,Coast Cholla,Plantae,-1.0,2.1572823524475098,149.25637817382812,0.1945434957742691,21.0,12.0,20.0,49.0,72.0,24.0,1.0
32.7924116667,-117.2313,2023-02-04 16:43:58+00:00,Cylindropuntia prolifera,Coast Cholla,Plantae,3.0,8.505062103271484,115.65796661376953,0.18414336442947388,23.0,67.0,20.0,39.0,75.0,31.0,1.0
32.7959336,-117.230147,2025-04-26 17:55:00+00:00,Cylindropuntia prolifera,Coast Cholla,Plantae,3.0,2.1573052406311035,149.25535583496094,0.10808767378330231,23.0,61.0,20.0,51.0,73.0,23.0,1.0
32.7951344039,-117.2304835727,2025-05-24 16:33:12+00:00,Cylindropuntia prolifera,Coast Cholla,Plantae,4.0,3.433431386947632,74.34693145751953,0.1391647309064865,22.0,42.0,20.0,51.0,73.0,23.0,1.0
32.7958967504,-117.2302225657,2025-05-24 17:09:35+00:00,Cylindropuntia prolifera,Coast Cholla,Plantae,3.0,2.1573052406311035,149.25535583496094,0.10808767378330231,23.0,61.0,20.0,51.0,73.0,23.0,1.0
32.79591742,-117.2301906,2025-08-07 01:50:48+00:00,Cylindropuntia prolifera,Coast Cholla,Plantae,3.0,2.1573052406311035,149.25535583496094,0.10808767378330231,23.0,61.0,20.0,51.0,73.0,23.0,1.0
32.7959133333,-117.2304833333,2024-04-28 01:34:28+00:00,Cynodon dactylon,Bermuda grass,Plantae,4.0,2.205636501312256,90.0,0.0928410217165947,23.0,68.0,20.0,51.0,73.0,23.0,1.0
32.7958483333,-117.2285533333,2024-01-12 17:22:23+00:00,Cyperus,Flatsedges,Plantae,0.0,2.7802884578704834,180.0,0.18270500004291534,22.0,31.0,20.0,49.0,73.0,21.0,1.0
32.795975,-117.2300638889,2023-06-20 18:00:00+00:00,Cyperus eragrostis,tall flatsedge,Plantae,3.0,2.7802884578704834,180.0,0.12967248260974884,23.0,60.0,20.0,51.0,73.0,23.0,1.0
32.7959833333,-117.2300555556,2024-06-20 22:47:00+00:00,Cyperus eragrostis,tall flatsedge,Plantae,3.0,2.7802884578704834,180.0,0.12967248260974884,23.0,60.0,20.0,51.0,73.0,23.0,1.0
32.795903261,-117.2292563392,2023-07-31 04:54:00+00:00,Dagbertus,,Insecta,3.0,4.755953311920166,193.3832244873047,0.10409373044967651,22.0,49.0,20.0,51.0,73.0,23.0,1.0
32.7960267506,-117.2287783055,2020-02-01 18:37:00+00:00,Danaus plexippus,Monarch,Insecta,2.0,4.6273674964904785,180.0,0.1663312166929245,21.0,15.0,20.0,49.0,73.0,21.0,1.0
32.7959366667,-117.23053,2021-06-19 18:42:01+00:00,Danaus plexippus,Monarch,Insecta,4.0,2.205636501312256,90.0,0.0928410217165947,23.0,68.0,20.0,51.0,73.0,23.0,1.0
32.7896583333,-117.231255,2022-11-12 18:56:14+00:00,Danaus plexippus,Monarch,Insecta,1.0,1.4410383701324463,130.05264282226562,0.06408825516700745,23.0,71.0,-2.0,51.0,72.0,22.0,1.0
32.795928098,-117.2306752137,2025-05-24 18:20:20+00:00,Danaus plexippus,Monarch,Insecta,4.0,2.205636501312256,90.0,0.0928410217165947,23.0,68.0,20.0,51.0,73.0,23.0,1.0
32.7960033333,-117.2304,2025-07-12 19:13:00+00:00,Danaus plexippus,Monarch,Insecta,3.0,2.1573052406311035,149.25535583496094,0.10808767378330231,23.0,61.0,20.0,51.0,73.0,23.0,1.0
32.7919783333,-117.231545,2025-08-07 20:56:08+00:00,Danaus plexippus,Monarch,Insecta,5.0,5.576310157775879,99.5438003540039,0.20743371546268463,22.0,44.0,20.0,39.0,75.0,31.0,1.0
32.7909048169,-117.2318746664,2026-01-28 22:24:17+00:00,Danaus plexippus plexippus,Migratory Monarch,Insecta,4.0,8.805005073547363,95.99871826171875,0.12917357683181763,23.0,59.0,-2.0,39.0,75.0,31.0,1.0
32.7894189091,-117.2315910459,2024-07-19 01:41:54+00:00,Dasymutilla,,Insecta,1.0,3.5466694831848145,321.5848083496094,0.14769913256168365,22.0,46.0,-2.0,51.0,72.0,22.0,1.0
32.7913194444,-117.2317055556,2024-06-20 20:32:00+00:00,Dasymutilla californica,,Insecta,2.0,5.746100902557373,130.05201721191406,0.14803601801395416,22.0,47.0,-2.0,39.0,75.0,31.0,1.0
32.79565253,-117.23059378,2024-04-27 16:34:12+00:00,Datura,Devil's Trumpets,Plantae,4.0,4.404741287231445,90.0,0.1194462776184082,23.0,50.0,20.0,51.0,73.0,23.0,1.0
32.7959883333,-117.2305883333,2024-04-28 01:35:06+00:00,Datura wrightii,Sacred Datura,Plantae,4.0,2.205636501312256,90.0,0.0928410217165947,23.0,68.0,20.0,51.0,73.0,23.0,1.0
32.7958136975,-117.2306459025,2024-09-14 18:08:59+00:00,Datura wrightii,Sacred Datura,Plantae,4.0,4.404741287231445,90.0,0.1194462776184082,23.0,50.0,20.0,51.0,73.0,23.0,1.0
32.7956600174,-117.2306220839,2024-09-19 16:45:30+00:00,Datura wrightii,Sacred Datura,Plantae,4.0,4.404741287231445,90.0,0.1194462776184082,23.0,50.0,20.0,51.0,73.0,23.0,1.0
32.79566179,-117.23055335,2024-09-26 17:24:45+00:00,Datura wrightii,Sacred Datura,Plantae,4.0,4.404741287231445,90.0,0.1194462776184082,23.0,50.0,20.0,51.0,73.0,23.0,1.0
32.7955783333,-117.2305883333,2024-09-26 17:30:30+00:00,Datura wrightii,Sacred Datura,Plantae,4.0,4.404727935791016,90.0,0.13322186470031738,22.0,38.0,20.0,51.0,73.0,23.0,1.0
32.7956583333,-117.2305616667,2024-09-26 19:17:27+00:00,Datura wrightii,Sacred Datura,Plantae,4.0,4.404741287231445,90.0,0.1194462776184082,23.0,50.0,20.0,51.0,73.0,23.0,1.0
32.7958908081,-117.2306365967,2025-04-01 21:46:29+00:00,Datura wrightii,Sacred Datura,Plantae,4.0,2.205636501312256,90.0,0.0928410217165947,23.0,68.0,20.0,51.0,73.0,23.0,1.0
32.7959655917,-117.2306699719,2025-04-08 15:32:04+00:00,Datura wrightii,Sacred Datura,Plantae,4.0,2.205636501312256,90.0,0.0928410217165947,23.0,68.0,20.0,51.0,73.0,23.0,1.0
32.795969,-117.2306105,2025-04-26 16:05:00+00:00,Datura wrightii,Sacred Datura,Plantae,4.0,2.205636501312256,90.0,0.0928410217165947,23.0,68.0,20.0,51.0,73.0,23.0,1.0
32.7959783333,-117.2306366667,2025-04-26 16:20:23+00:00,Datura wrightii,Sacred Datura,Plantae,4.0,2.205636501312256,90.0,0.0928410217165947,23.0,68.0,20.0,51.0,73.0,23.0,1.0
32.7956590399,-117.2305193551,2025-04-26 16:34:25+00:00,Datura wrightii,Sacred Datura,Plantae,4.0,4.404741287231445,90.0,0.1194462776184082,23.0,50.0,20.0,51.0,73.0,23.0,1.0
32.7958339896,-117.2305235267,2025-05-21 00:18:47+00:00,Datura wrightii,Sacred Datura,Plantae,4.0,4.404741287231445,90.0,0.1194462776184082,23.0,50.0,20.0,51.0,73.0,23.0,1.0
32.7958667139,-117.2305879836,2025-05-24 16:23:50+00:00,Datura wrightii,Sacred Datura,Plantae,4.0,4.404741287231445,90.0,0.1194462776184082,23.0,50.0,20.0,51.0,73.0,23.0,1.0
32.7959605493,-117.2306114529,2025-05-24 16:31:01+00:00,Datura wrightii,Sacred Datura,Plantae,4.0,2.205636501312256,90.0,0.0928410217165947,23.0,68.0,20.0,51.0,73.0,23.0,1.0
32.7956603933,-117.2304351815,2025-05-24 16:52:33+00:00,Datura wrightii,Sacred Datura,Plantae,4.0,4.404741287231445,90.0,0.1194462776184082,23.0,50.0,20.0,51.0,73.0,23.0,1.0
32.79595974,-117.23059078,2025-08-07 02:08:03+00:00,Datura wrightii,Sacred Datura,Plantae,4.0,2.205636501312256,90.0,0.0928410217165947,23.0,68.0,20.0,51.0,73.0,23.0,1.0
32.795975,-117.2306833333,2025-08-15 17:00:24+00:00,Datura wrightii,Sacred Datura,Plantae,4.0,2.205636501312256,90.0,0.0928410217165947,23.0,68.0,20.0,51.0,73.0,23.0,1.0
32.7956361117,-117.2305722217,2025-08-15 19:57:00+00:00,Datura wrightii,Sacred Datura,Plantae,4.0,4.404741287231445,90.0,0.1194462776184082,23.0,50.0,20.0,51.0,73.0,23.0,1.0
32.7959365845,-117.2306671143,2025-11-09 18:11:18+00:00,Datura wrightii,Sacred Datura,Plantae,4.0,2.205636501312256,90.0,0.0928410217165947,23.0,68.0,20.0,51.0,73.0,23.0,1.0
32.795955,-117.230645,2025-11-29 17:23:50+00:00,Datura wrightii,Sacred Datura,Plantae,4.0,2.205636501312256,90.0,0.0928410217165947,23.0,68.0,20.0,51.0,73.0,23.0,1.0
32.7954202772,-117.2301615632,2025-12-16 22:14:00+00:00,Datura wrightii,Sacred Datura,Plantae,2.0,3.433441400527954,74.34697723388672,0.1708993762731552,22.0,39.0,20.0,51.0,73.0,23.0,1.0
32.7952537453,-117.2303502728,2025-06-05 21:20:27+00:00,Deinandra fasciculata,Clustered Tarweed,Plantae,3.0,2.880366325378418,49.949214935302734,0.1823185831308365,22.0,42.0,20.0,51.0,73.0,23.0,1.0
32.796082001,-117.2294410825,2026-01-24 17:48:16+00:00,Deroceras laeve,Meadow Slug,Mollusca,2.0,2.7802884578704834,180.0,0.14166799187660217,23.0,67.0,20.0,51.0,73.0,23.0,1.0
32.7959111111,-117.2301722222,2023-06-20 18:00:00+00:00,Diadasia,,Insecta,3.0,2.1573052406311035,149.25535583496094,0.10808767378330231,23.0,61.0,20.0,51.0,73.0,23.0,1.0
32.7913166667,-117.2295133333,2024-10-12 16:58:29+00:00,Diadumene lineata,Striped Green Sea Anemone,Animalia,1.0,2.3922181129455566,292.7981872558594,0.1820506900548935,95.0,0.0,-2.0,49.0,72.0,24.0,1.0
32.79548369,-117.23036273,2022-02-26 17:45:00+00:00,Dialictus,Metallic Sweat Bees,Insecta,2.0,3.433441400527954,74.34697723388672,0.1708993762731552,22.0,39.0,20.0,51.0,73.0,23.0,1.0
32.795915335,-117.23040919,2022-09-24 17:01:00+00:00,Dialictus,Metallic Sweat Bees,Insecta,3.0,2.1573052406311035,149.25535583496094,0.10808767378330231,23.0,61.0,20.0,51.0,73.0,23.0,1.0
32.7959013767,-117.2303756533,2022-09-24 17:06:00+00:00,Dialictus,Metallic Sweat Bees,Insecta,3.0,2.1573052406311035,149.25535583496094,0.10808767378330231,23.0,61.0,20.0,51.0,73.0,23.0,1.0
32.7958740267,-117.2306751967,2022-09-24 17:14:00+00:00,Dialictus,Metallic Sweat Bees,Insecta,4.0,4.404741287231445,90.0,0.1194462776184082,23.0,50.0,20.0,51.0,73.0,23.0,1.0
32.7894583333,-117.2315833333,2023-07-08 17:39:40+00:00,Dialictus,Metallic Sweat Bees,Insecta,1.0,3.5466694831848145,321.5848083496094,0.14769913256168365,22.0,46.0,-2.0,51.0,72.0,22.0,1.0
32.796188,-117.229562,2023-07-30 04:38:00+00:00,Dialictus,Metallic Sweat Bees,Insecta,4.0,3.546776294708252,218.4173583984375,0.1059708297252655,23.0,75.0,20.0,51.0,73.0,23.0,1.0
32.795966965,-117.230536625,2025-09-13 16:09:00+00:00,Dialictus,Metallic Sweat Bees,Insecta,4.0,2.205636501312256,90.0,0.0928410217165947,23.0,68.0,20.0,51.0,73.0,23.0,1.0
32.7929416667,-117.2310633333,2024-01-27 23:20:53+00:00,Didelphis virginiana,Virginia Opossum,Mammalia,5.0,5.746163368225098,130.05149841308594,0.13423486053943634,23.0,61.0,20.0,50.0,72.0,23.0,1.0
32.7963045489,-117.2289837749,2021-02-12 23:42:00+00:00,Diptera,Flies,Insecta,6.0,2.9905359745025635,158.36959838867188,0.119269460439682,23.0,61.0,20.0,49.0,73.0,21.0,1.0
32.7959583333,-117.2302333333,2022-01-29 19:33:44+00:00,Diptera,Flies,Insecta,3.0,2.1573052406311035,149.25535583496094,0.10808767378330231,23.0,61.0,20.0,51.0,73.0,23.0,1.0
32.7959470054,-117.2306117043,2022-04-09 22:40:24+00:00,Diptera,Flies,Insecta,4.0,2.205636501312256,90.0,0.0928410217165947,23.0,68.0,20.0,51.0,73.0,23.0,1.0
32.7946916244,-117.2280812987,2023-02-04 21:44:00+00:00,Diptera,Flies,Insecta,0.0,1.4410884380340576,130.05096435546875,0.14796149730682373,22.0,40.0,20.0,47.0,71.0,24.0,1.0
32.7906560001,-117.2299032608,2020-03-11 22:34:55+00:00,Distichlis,,Plantae,1.0,1.4410488605499268,49.947715759277344,0.12852990627288818,22.0,49.0,-2.0,0.0,0.0,0.0,1.0
32.7898534859,-117.2311137405,2019-03-06 20:47:00+00:00,Distichlis littoralis,shore grass,Plantae,1.0,1.4410409927368164,130.05255126953125,0.14953842759132385,23.0,58.0,-2.0,0.0,0.0,0.0,1.0
32.7909019277,-117.2299810838,2019-03-06 21:16:11+00:00,Distichlis littoralis,shore grass,Plantae,-1.0,2.1572718620300293,329.2568664550781,0.16060450673103333,23.0,67.0,-2.0,49.0,72.0,24.0,1.0
32.79555833,-117.22888,2020-01-25 21:14:17+00:00,Distichlis littoralis,shore grass,Plantae,-1.0,2.157301902770996,149.25552368164062,0.19442236423492432,22.0,38.0,20.0,49.0,73.0,21.0,1.0
32.7895583333,-117.2313916667,2020-03-04 20:56:00+00:00,Distichlis littoralis,shore grass,Plantae,1.0,1.4410383701324463,130.05264282226562,0.06408825516700745,23.0,71.0,-2.0,51.0,72.0,22.0,1.0
32.7896305556,-117.2313611111,2020-03-04 21:08:00+00:00,Distichlis littoralis,shore grass,Plantae,1.0,1.4410383701324463,130.05264282226562,0.06408825516700745,23.0,71.0,-2.0,51.0,72.0,22.0,1.0
32.7904076507,-117.230129955,2020-03-11 22:34:01+00:00,Distichlis littoralis,shore grass,Plantae,0.0,0.9274099469184875,180.0,0.015301791951060295,24.0,88.0,-2.0,0.0,0.0,0.0,1.0
32.7959633333,-117.2301333333,2023-02-27 17:53:08+00:00,Distichlis littoralis,shore grass,Plantae,3.0,2.7802884578704834,180.0,0.12967248260974884,23.0,60.0,20.0,51.0,73.0,23.0,1.0
32.7896055556,-117.2313833333,2023-06-20 18:00:00+00:00,Distichlis littoralis,shore grass,Plantae,1.0,1.4410383701324463,130.05264282226562,0.06408825516700745,23.0,71.0,-2.0,51.0,72.0,22.0,1.0
32.7953966667,-117.2301116667,2024-04-28 01:02:38+00:00,Distichlis littoralis,shore grass,Plantae,1.0,1.441096305847168,49.949302673339844,0.180143803358078,22.0,39.0,20.0,51.0,73.0,23.0,1.0
32.7896006614,-117.2314177721,2024-05-11 16:53:57+00:00,Distichlis littoralis,shore grass,Plantae,1.0,1.4410383701324463,130.05264282226562,0.06408825516700745,23.0,71.0,-2.0,51.0,72.0,22.0,1.0
32.795425,-117.2302083333,2025-02-01 17:44:14+00:00,Distichlis littoralis,shore grass,Plantae,2.0,3.433441400527954,74.34697723388672,0.1708993762731552,22.0,39.0,20.0,51.0,73.0,23.0,1.0
32.7905916667,-117.2300333333,2025-02-01 22:06:00+00:00,Distichlis littoralis,shore grass,Plantae,1.0,1.4410488605499268,49.947715759277344,0.12852990627288818,22.0,49.0,-2.0,0.0,0.0,0.0,1.0
32.7897833333,-117.2311555556,2025-02-01 22:31:00+00:00,Distichlis littoralis,shore grass,Plantae,1.0,1.4410409927368164,130.05255126953125,0.14953842759132385,23.0,58.0,-2.0,0.0,0.0,0.0,1.0
32.7956055556,-117.2289805556,2025-02-11 22:02:00+00:00,Distichlis littoralis,shore grass,Plantae,0.0,3.8646881580352783,163.43728637695312,0.20311467349529266,22.0,39.0,20.0,49.0,73.0,21.0,1.0
32.7952241991,-117.2284549569,2025-02-11 22:31:51+00:00,Distichlis littoralis,shore grass,Plantae,1.0,4.404714107513428,270.0,0.12865452468395233,23.0,60.0,20.0,49.0,73.0,21.0,1.0
32.78975,-117.2313944444,2025-07-12 15:25:00+00:00,Distichlis littoralis,shore grass,Plantae,1.0,4.315853595733643,310.05255126953125,0.14953842759132385,23.0,58.0,-2.0,51.0,72.0,22.0,1.0
32.7909583333,-117.2299861111,2025-07-12 15:31:00+00:00,Distichlis littoralis,shore grass,Plantae,-1.0,2.1572718620300293,329.2568664550781,0.16060450673103333,23.0,67.0,-2.0,49.0,72.0,24.0,1.0
32.7911583333,-117.2297444444,2025-09-13 18:33:04+00:00,Distichlis littoralis,shore grass,Plantae,0.0,3.4332826137542725,285.6537780761719,0.07399355620145798,11.0,0.0,-2.0,49.0,72.0,24.0,1.0
32.7961688864,-117.2293443963,2025-10-07 19:06:34+00:00,Distichlis littoralis,shore grass,Plantae,4.0,3.546776294708252,218.4173583984375,0.1059708297252655,23.0,75.0,20.0,51.0,73.0,23.0,1.0
32.79528296,-117.23022612,2025-10-09 19:55:41+00:00,Distichlis littoralis,shore grass,Plantae,3.0,2.880366325378418,49.949214935302734,0.1823185831308365,22.0,42.0,20.0,51.0,73.0,23.0,1.0
32.7954033677,-117.2302353143,2025-10-16 19:29:19+00:00,Distichlis littoralis,shore grass,Plantae,2.0,3.433441400527954,74.34697723388672,0.1708993762731552,22.0,39.0,20.0,51.0,73.0,23.0,1.0
32.7953614109,-117.2300461774,2025-10-25 17:22:23+00:00,Distichlis littoralis,shore grass,Plantae,1.0,1.441096305847168,49.949302673339844,0.180143803358078,22.0,39.0,20.0,51.0,73.0,23.0,1.0
32.7952272897,-117.2300687555,2025-10-25 17:30:49+00:00,Distichlis littoralis,shore grass,Plantae,2.0,2.880366325378418,49.949214935302734,0.18346251547336578,22.0,21.0,20.0,51.0,73.0,23.0,1.0
32.7905095368,-117.230170966,2025-11-08 17:36:08+00:00,Distichlis littoralis,shore grass,Plantae,2.0,1.1031581163406372,90.0,0.1304217278957367,22.0,23.0,-2.0,0.0,0.0,0.0,1.0
32.7954709458,-117.2302486351,2025-12-16 20:18:57+00:00,Distichlis littoralis,shore grass,Plantae,2.0,3.433441400527954,74.34697723388672,0.1708993762731552,22.0,39.0,20.0,51.0,73.0,23.0,1.0
32.7954202772,-117.2301615632,2025-12-16 21:52:00+00:00,Distichlis littoralis,shore grass,Plantae,2.0,3.433441400527954,74.34697723388672,0.1708993762731552,22.0,39.0,20.0,51.0,73.0,23.0,1.0
32.7948527778,-117.22795,2026-01-21 21:50:00+00:00,Distichlis littoralis,shore grass,Plantae,2.0,3.864685297012329,196.56256103515625,0.1383926123380661,23.0,75.0,20.0,47.0,71.0,24.0,1.0
32.794567,-117.2278,2026-01-21 22:07:00+00:00,Distichlis littoralis,shore grass,Plantae,0.0,2.157296657562256,210.74424743652344,0.12678247690200806,21.0,17.0,20.0,47.0,71.0,24.0,1.0
32.7959403992,-117.2303237915,2018-06-23 18:37:36+00:00,Distichlis spicata,Saltgrass,Plantae,3.0,2.1573052406311035,149.25535583496094,0.10808767378330231,23.0,61.0,20.0,51.0,73.0,23.0,1.0
32.7908866667,-117.2298133333,2022-04-27 20:32:50+00:00,Distichlis spicata,Saltgrass,Plantae,1.0,2.3922054767608643,292.7983093261719,0.05830712243914604,23.0,67.0,-2.0,49.0,72.0,24.0,1.0
32.7910383333,-117.229705,2022-04-27 21:07:25+00:00,Distichlis spicata,Saltgrass,Plantae,0.0,3.4332826137542725,285.6537780761719,0.07399355620145798,11.0,0.0,-2.0,49.0,72.0,24.0,1.0
32.7959931348,-117.2303285289,2022-10-08 16:33:23+00:00,Distichlis spicata,Saltgrass,Plantae,3.0,2.1573052406311035,149.25535583496094,0.10808767378330231,23.0,61.0,20.0,51.0,73.0,23.0,1.0
32.7906927453,-117.2298604626,2023-01-14 19:29:00+00:00,Distichlis spicata,Saltgrass,Plantae,1.0,1.4410488605499268,130.0522918701172,0.0012941418681293726,23.0,71.0,-2.0,0.0,0.0,0.0,1.0
32.794225,-117.2294916667,2023-01-30 18:02:25+00:00,Distichlis spicata,Saltgrass,Plantae,-1.0,0.0,-0.0,0.19988156855106354,95.0,0.0,20.0,50.0,72.0,23.0,1.0
32.790025,-117.2309111111,2023-06-20 18:00:00+00:00,Distichlis spicata,Saltgrass,Plantae,1.0,1.4410436153411865,130.05245971679688,0.1472601294517517,23.0,68.0,-2.0,0.0,0.0,0.0,1.0
32.7926810971,-117.2309729009,2024-01-27 23:25:54+00:00,Distichlis spicata,Saltgrass,Plantae,2.0,8.029680252075195,125.01235961914062,0.15860658884048462,22.0,49.0,20.0,49.0,72.0,24.0,1.0
32.7952366667,-117.230295,2024-04-28 01:06:03+00:00,Distichlis spicata,Saltgrass,Plantae,3.0,2.880366325378418,49.949214935302734,0.1823185831308365,22.0,42.0,20.0,51.0,73.0,23.0,1.0
32.7910095686,-117.2296986637,2024-05-11 17:06:02+00:00,Distichlis spicata,Saltgrass,Plantae,1.0,2.3922054767608643,292.7983093261719,0.05830712243914604,23.0,67.0,-2.0,49.0,72.0,24.0,1.0
32.7959638889,-117.2293027778,2025-02-01 21:23:00+00:00,Distichlis spicata,Saltgrass,Plantae,3.0,4.755953311920166,193.3832244873047,0.10409373044967651,22.0,49.0,20.0,51.0,73.0,23.0,1.0
32.789925,-117.2309416667,2025-02-01 21:49:00+00:00,Distichlis spicata,Saltgrass,Plantae,0.0,1.4410409927368164,130.05255126953125,0.0661247968673706,23.0,73.0,-2.0,0.0,0.0,0.0,1.0
32.7899638889,-117.2309638889,2025-02-01 22:16:00+00:00,Distichlis spicata,Saltgrass,Plantae,1.0,4.315861225128174,310.0524597167969,0.1575649529695511,23.0,68.0,-2.0,0.0,0.0,0.0,1.0
32.7959716667,-117.2298883333,2025-02-11 22:44:56+00:00,Distichlis spicata,Saltgrass,Plantae,3.0,2.7802884578704834,180.0,0.12967248260974884,23.0,60.0,20.0,51.0,73.0,23.0,1.0
32.7944028194,-117.229986079,2025-04-16 17:12:34+00:00,Distichlis spicata,Saltgrass,Plantae,3.0,5.499759674072266,90.0,0.17140023410320282,23.0,69.0,20.0,50.0,72.0,23.0,1.0
32.7959373,-117.2300132,2025-04-26 17:56:00+00:00,Distichlis spicata,Saltgrass,Plantae,3.0,2.7802884578704834,180.0,0.12967248260974884,23.0,60.0,20.0,51.0,73.0,23.0,1.0
32.7951724424,-117.2303240383,2025-05-24 16:37:53+00:00,Distichlis spicata,Saltgrass,Plantae,3.0,2.880366325378418,49.949214935302734,0.1823185831308365,22.0,42.0,20.0,51.0,73.0,23.0,1.0
32.7959856629,-117.2301250596,2025-05-24 17:06:31+00:00,Distichlis spicata,Saltgrass,Plantae,3.0,2.7802884578704834,180.0,0.12967248260974884,23.0,60.0,20.0,51.0,73.0,23.0,1.0
32.7957007718,-117.2305670044,2025-05-24 17:28:00+00:00,Distichlis spicata,Saltgrass,Plantae,4.0,4.404741287231445,90.0,0.1194462776184082,23.0,50.0,20.0,51.0,73.0,23.0,1.0
32.7954216,-117.23024448,2025-10-16 19:25:57+00:00,Distichlis spicata,Saltgrass,Plantae,2.0,3.433441400527954,74.34697723388672,0.1708993762731552,22.0,39.0,20.0,51.0,73.0,23.0,1.0
32.7957833333,-117.2301783333,2022-10-17 23:09:02+00:00,Dittrichia graveolens,Stinkwort,Plantae,2.0,3.4334511756896973,105.6529769897461,0.16354915499687195,22.0,31.0,20.0,51.0,73.0,23.0,1.0
32.7961783333,-117.2295,2024-12-19 17:14:52+00:00,Dittrichia graveolens,Stinkwort,Plantae,4.0,3.546776294708252,218.4173583984375,0.1059708297252655,23.0,75.0,20.0,51.0,73.0,23.0,1.0
32.7961840717,-117.22957366,2023-07-30 04:55:00+00:00,Dolichopodidae,Long-legged Flies,Insecta,4.0,3.546776294708252,218.4173583984375,0.1059708297252655,23.0,75.0,20.0,51.0,73.0,23.0,1.0
32.789925,-117.231125,2023-06-20 18:00:00+00:00,Dorymyrmex,Pyramid Ants,Insecta,1.0,1.4410409927368164,130.05255126953125,0.14953842759132385,23.0,58.0,-2.0,0.0,0.0,0.0,1.0
32.7899444444,-117.2312166667,2024-04-11 21:38:00+00:00,Dorymyrmex bicolor,Bicolored Pyramid Ant,Insecta,1.0,1.4410409927368164,130.05255126953125,0.14953842759132385,23.0,58.0,-2.0,0.0,0.0,0.0,1.0
32.7959033333,-117.2301783333,2023-02-26 17:45:36+00:00,Dudleya edulis,Fingertips,Plantae,3.0,2.1573052406311035,149.25535583496094,0.10808767378330231,23.0,61.0,20.0,51.0,73.0,23.0,1.0
32.7948725864,-117.2296372864,2024-01-27 23:37:20+00:00,Dudleya edulis,Fingertips,Plantae,1.0,4.500524044036865,101.86820220947266,0.19011558592319489,95.0,0.0,20.0,50.0,72.0,23.0,1.0
32.7951541178,-117.230489242,2025-11-18 21:18:28+00:00,Dudleya edulis,Fingertips,Plantae,4.0,3.433431386947632,74.34693145751953,0.1391647309064865,22.0,42.0,20.0,51.0,73.0,23.0,1.0
32.79568833,-117.23059667,2020-03-07 19:57:36+00:00,Dysdera crocata,Woodlouse Spider,Arachnida,4.0,4.404741287231445,90.0,0.1194462776184082,23.0,50.0,20.0,51.0,73.0,23.0,1.0
32.7936780516,-117.2288180524,2020-03-08 01:18:35+00:00,Dysdera crocata,Woodlouse Spider,Arachnida,-1.0,1.1031960248947144,270.0,0.172601580619812,95.0,0.0,20.0,47.0,71.0,24.0,1.0
32.7903858062,-117.2301564301,2024-05-11 17:00:01+00:00,Egregia menziesii,Feather Boa Kelp,Chromista,0.0,2.8802716732025146,130.0523681640625,0.09603254497051239,23.0,56.0,-2.0,0.0,0.0,0.0,1.0
32.790155,-117.230255,2024-05-11 17:13:29+00:00,Egregia menziesii,Feather Boa Kelp,Chromista,0.0,0.0,-0.0,0.0027181501500308514,23.0,61.0,-2.0,0.0,0.0,0.0,1.0
32.7902083425,-117.2302108818,2018-04-11 21:32:11+00:00,Egretta,Small Egrets and Herons,Aves,0.0,0.0,-0.0,0.0027181501500308514,23.0,61.0,-2.0,0.0,0.0,0.0,1.0
32.7915912355,-117.2317807075,2001-05-14 04:45:00+00:00,Egretta caerulea,Little Blue Heron,Aves,6.0,2.880297899246216,130.0519256591797,0.10694009065628052,23.0,60.0,20.0,39.0,75.0,31.0,1.0
32.7958427265,-117.2305101156,2012-12-13 18:03:00+00:00,Egretta caerulea,Little Blue Heron,Aves,4.0,4.404741287231445,90.0,0.1194462776184082,23.0,50.0,20.0,51.0,73.0,23.0,1.0
32.79252,-117.230929,2014-11-23 16:41:08+00:00,Egretta caerulea,Little Blue Heron,Aves,-1.0,2.1572823524475098,149.25637817382812,0.1945434957742691,21.0,12.0,20.0,49.0,72.0,24.0,1.0
32.7927548149,-117.2309951562,2018-07-28 18:47:00+00:00,Egretta caerulea,Little Blue Heron,Aves,2.0,8.029680252075195,125.01235961914062,0.15860658884048462,22.0,49.0,20.0,49.0,72.0,24.0,1.0
32.7953228569,-117.2303790002,2018-10-21 00:37:00+00:00,Egretta caerulea,Little Blue Heron,Aves,3.0,2.880366325378418,49.949214935302734,0.1823185831308365,22.0,42.0,20.0,51.0,73.0,23.0,1.0
32.7927097587,-117.2303456694,2020-05-09 16:10:24+00:00,Egretta caerulea,Little Blue Heron,Aves,-1.0,1.8543341159820557,180.0,0.23336441814899445,95.0,0.0,20.0,49.0,72.0,24.0,1.0
32.7911155533,-117.2293784667,2022-05-14 16:45:00+00:00,Egretta caerulea,Little Blue Heron,Aves,2.0,3.30622935295105,270.0,0.07399355620145798,11.0,0.0,-2.0,49.0,72.0,24.0,1.0
32.790825,-117.2274083333,2023-05-16 01:04:31+00:00,Egretta caerulea,Little Blue Heron,Aves,0.0,1.4410514831542969,130.0522003173828,0.11378967016935349,95.0,0.0,-2.0,48.0,70.0,23.0,1.0
32.7932816667,-117.2239416667,2024-06-24 15:03:00+00:00,Egretta caerulea,Little Blue Heron,Aves,1.0,0.9274099469184875,-0.0,0.0990135669708252,23.0,58.0,1.0,0.0,0.0,0.0,1.0
32.7954130033,-117.2302047367,2024-12-14 15:44:00+00:00,Egretta caerulea,Little Blue Heron,Aves,2.0,3.433441400527954,74.34697723388672,0.1708993762731552,22.0,39.0,20.0,51.0,73.0,23.0,1.0
32.7950972573,-117.2278558748,2025-11-13 20:32:00+00:00,Egretta caerulea,Little Blue Heron,Aves,4.0,1.8543341159820557,180.0,0.14789268374443054,23.0,65.0,20.0,49.0,73.0,21.0,1.0
32.7936083333,-117.2240616667,2026-01-10 18:26:20+00:00,Egretta caerulea,Little Blue Heron,Aves,1.0,5.964840888977051,21.62978172302246,0.1196034699678421,23.0,77.0,1.0,0.0,0.0,0.0,1.0
32.7946708885,-117.2286694381,2023-01-21 18:21:56+00:00,Egretta rufescens,Reddish Egret,Aves,0.0,2.39229416847229,292.79742431640625,0.14940303564071655,21.0,15.0,20.0,47.0,71.0,24.0,1.0
32.7933283333,-117.226355,2023-01-25 21:58:15+00:00,Egretta rufescens,Reddish Egret,Aves,0.0,0.0,-0.0,-0.031128117814660072,11.0,0.0,20.0,41.0,73.0,28.0,1.0
32.7954842316,-117.2301104665,2025-09-11 21:06:55+00:00,Egretta rufescens,Reddish Egret,Aves,1.0,1.441096305847168,49.949302673339844,0.180143803358078,22.0,39.0,20.0,51.0,73.0,23.0,1.0
32.7934076,-117.228756,2012-12-02 18:07:26+00:00,Egretta thula,Snowy Egret,Aves,-1.0,0.9274099469184875,180.0,0.1348302960395813,95.0,0.0,20.0,47.0,71.0,24.0,1.0
32.789460551,-117.2314151936,2019-03-06 20:42:14+00:00,Egretta thula,Snowy Egret,Aves,1.0,1.4410383701324463,130.05264282226562,0.06408825516700745,23.0,71.0,-2.0,51.0,72.0,22.0,1.0
32.7902099518,-117.2305377096,2019-03-06 20:48:38+00:00,Egretta thula,Snowy Egret,Aves,0.0,2.157266616821289,149.25709533691406,0.08216650038957596,23.0,65.0,-2.0,0.0,0.0,0.0,1.0
32.7949934925,-117.2301666955,2019-08-06 16:32:00+00:00,Egretta thula,Snowy Egret,Aves,4.0,2.392300605773926,67.20264434814453,0.17610977590084076,23.0,63.0,20.0,50.0,72.0,23.0,1.0
32.7892888889,-117.2316527778,2019-12-12 22:27:00+00:00,Egretta thula,Snowy Egret,Aves,1.0,3.433213233947754,74.34590911865234,0.07006639242172241,23.0,62.0,-2.0,51.0,72.0,22.0,1.0
32.7928603987,-117.2311300765,2020-01-11 17:38:57+00:00,Egretta thula,Snowy Egret,Aves,2.0,8.029680252075195,125.01235961914062,0.15860658884048462,22.0,49.0,20.0,49.0,72.0,24.0,1.0
32.7928464064,-117.231093528,2020-01-11 18:51:00+00:00,Egretta thula,Snowy Egret,Aves,2.0,8.029680252075195,125.01235961914062,0.15860658884048462,22.0,49.0,20.0,49.0,72.0,24.0,1.0
32.7908133333,-117.2297283333,2022-04-27 20:34:45+00:00,Egretta thula,Snowy Egret,Aves,1.0,2.3922054767608643,292.7983093261719,0.05830712243914604,23.0,67.0,-2.0,49.0,72.0,24.0,1.0
32.7916966667,-117.2267,2022-08-28 17:55:49+00:00,Egretta thula,Snowy Egret,Aves,0.0,1.1031718254089355,90.0,-0.03126996383070946,11.0,0.0,20.0,49.0,71.0,23.0,1.0
32.7925469161,-117.231356921,2022-09-13 19:37:00+00:00,Egretta thula,Snowy Egret,Aves,3.0,8.505062103271484,115.65796661376953,0.18414336442947388,23.0,67.0,20.0,39.0,75.0,31.0,1.0
32.7917272194,-117.2284291916,2023-01-13 17:58:51+00:00,Egretta thula,Snowy Egret,Aves,-1.0,0.9274099469184875,-0.0,0.17866428196430206,11.0,0.0,20.0,48.0,70.0,23.0,1.0
32.7916966667,-117.2284466667,2023-01-20 21:36:28+00:00,Egretta thula,Snowy Egret,Aves,-1.0,0.9274099469184875,-0.0,0.17866428196430206,11.0,0.0,20.0,48.0,70.0,23.0,1.0
32.7907590095,-117.2301247152,2023-01-21 15:23:00+00:00,Egretta thula,Snowy Egret,Aves,-1.0,2.1572718620300293,329.2568664550781,0.16060450673103333,23.0,67.0,-2.0,49.0,72.0,24.0,1.0
32.7955,-117.229109,2023-01-21 15:46:00+00:00,Egretta thula,Snowy Egret,Aves,0.0,3.5467634201049805,141.58290100097656,0.1919148564338684,95.0,0.0,20.0,51.0,73.0,23.0,1.0
32.7955725197,-117.2295337342,2023-01-21 17:51:00+00:00,Egretta thula,Snowy Egret,Aves,1.0,2.157301902770996,149.25552368164062,0.19635267555713654,22.0,39.0,20.0,51.0,73.0,23.0,1.0
32.7953424598,-117.2302452422,2023-02-04 15:42:00+00:00,Egretta thula,Snowy Egret,Aves,2.0,3.433441400527954,74.34697723388672,0.1708993762731552,22.0,39.0,20.0,51.0,73.0,23.0,1.0
32.7949897533,-117.2277800133,2023-02-04 21:18:00+00:00,Egretta thula,Snowy Egret,Aves,2.0,3.864685297012329,196.56256103515625,0.1383926123380661,23.0,75.0,20.0,47.0,71.0,24.0,1.0
32.7912833333,-117.2297533333,2023-07-08 17:13:13+00:00,Egretta thula,Snowy Egret,Aves,0.0,3.4332826137542725,285.6537780761719,0.07399355620145798,11.0,0.0,-2.0,49.0,72.0,24.0,1.0
32.79133477,-117.22960835,2023-07-08 17:56:50+00:00,Egretta thula,Snowy Egret,Aves,0.0,3.306239604949951,270.0,0.1820506900548935,95.0,0.0,-2.0,49.0,72.0,24.0,1.0
32.7958523883,-117.22842647,2024-01-12 16:55:00+00:00,Egretta thula,Snowy Egret,Aves,0.0,3.7888824939727783,240.73355102539062,0.16690227389335632,22.0,31.0,20.0,49.0,73.0,21.0,1.0
32.7956116667,-117.2295533333,2024-01-12 17:00:54+00:00,Egretta thula,Snowy Egret,Aves,1.0,0.9274099469184875,180.0,0.19704265892505646,22.0,45.0,20.0,51.0,73.0,23.0,1.0
32.7956116667,-117.2295533333,2024-01-12 17:06:25+00:00,Egretta thula,Snowy Egret,Aves,1.0,0.9274099469184875,180.0,0.19704265892505646,22.0,45.0,20.0,51.0,73.0,23.0,1.0
32.7958483333,-117.2285533333,2024-01-12 17:17:53+00:00,Egretta thula,Snowy Egret,Aves,0.0,2.7802884578704834,180.0,0.18270500004291534,22.0,31.0,20.0,49.0,73.0,21.0,1.0
32.7956003053,-117.2279884616,2024-01-12 17:28:00+00:00,Egretta thula,Snowy Egret,Aves,4.0,1.441096305847168,229.9492950439453,0.17429928481578827,23.0,65.0,20.0,49.0,73.0,21.0,1.0
32.7927033333,-117.2311866667,2024-01-27 23:08:56+00:00,Egretta thula,Snowy Egret,Aves,2.0,8.029680252075195,125.01235961914062,0.15860658884048462,22.0,49.0,20.0,49.0,72.0,24.0,1.0
32.79073,-117.2275866667,2024-01-31 21:34:25+00:00,Egretta thula,Snowy Egret,Aves,0.0,0.9274099469184875,180.0,0.0024259774945676327,11.0,0.0,-2.0,0.0,0.0,0.0,1.0
32.7909957238,-117.2301057213,2024-02-01 00:30:00+00:00,Egretta thula,Snowy Egret,Aves,-1.0,2.1572718620300293,329.2568664550781,0.16060450673103333,23.0,67.0,-2.0,49.0,72.0,24.0,1.0
32.7907805556,-117.2285583333,2024-02-03 20:11:16+00:00,Egretta thula,Snowy Egret,Aves,3.0,3.5466909408569336,141.58438110351562,0.13433071970939636,11.0,0.0,-2.0,48.0,70.0,23.0,1.0
32.794905,-117.228395,2024-04-27 23:42:00+00:00,Egretta thula,Snowy Egret,Aves,1.0,2.205609083175659,270.0,0.12666849792003632,22.0,41.0,20.0,47.0,71.0,24.0,1.0
32.792079257,-117.2312794442,2024-05-11 19:45:00+00:00,Egretta thula,Snowy Egret,Aves,2.0,5.576310157775879,80.4561996459961,0.20305684208869934,22.0,44.0,20.0,39.0,75.0,31.0,1.0
32.7902833678,-117.2319090199,2024-05-11 20:07:00+00:00,Egretta thula,Snowy Egret,Aves,2.0,8.935253143310547,120.98356628417969,0.11470216512680054,23.0,50.0,-2.0,51.0,72.0,22.0,1.0
32.7948255139,-117.2288850323,2024-09-26 19:46:31+00:00,Egretta thula,Snowy Egret,Aves,-2.0,1.4410910606384277,310.0508728027344,0.14952026307582855,22.0,40.0,20.0,47.0,71.0,24.0,1.0
32.795546,-117.230214,2024-12-14 15:53:00+00:00,Egretta thula,Snowy Egret,Aves,2.0,3.433441400527954,74.34697723388672,0.1708993762731552,22.0,39.0,20.0,51.0,73.0,23.0,1.0
32.79476173,-117.2279640095,2025-02-01 15:43:00+00:00,Egretta thula,Snowy Egret,Aves,0.0,2.157296657562256,210.74424743652344,0.12678247690200806,21.0,17.0,20.0,47.0,71.0,24.0,1.0
32.7955124459,-117.2302219102,2025-02-01 20:35:00+00:00,Egretta thula,Snowy Egret,Aves,2.0,3.433441400527954,74.34697723388672,0.1708993762731552,22.0,39.0,20.0,51.0,73.0,23.0,1.0
32.795834905,-117.2303314699,2025-04-29 01:57:58+00:00,Egretta thula,Snowy Egret,Aves,2.0,3.4334511756896973,105.6529769897461,0.16354915499687195,22.0,31.0,20.0,51.0,73.0,23.0,1.0
32.7954444444,-117.2279805556,2025-05-04 17:25:00+00:00,Egretta thula,Snowy Egret,Aves,4.0,1.441096305847168,229.9492950439453,0.17429928481578827,23.0,65.0,20.0,49.0,73.0,21.0,1.0
32.7921261997,-117.2269263,2025-05-07 15:13:56+00:00,Egretta thula,Snowy Egret,Aves,0.0,1.441064715385437,49.9482421875,-0.026923034340143204,11.0,0.0,20.0,49.0,71.0,23.0,1.0
32.7958966667,-117.2305666667,2025-05-24 16:03:55+00:00,Egretta thula,Snowy Egret,Aves,4.0,2.205636501312256,90.0,0.0928410217165947,23.0,68.0,20.0,51.0,73.0,23.0,1.0
32.7911611111,-117.230225,2025-07-12 17:11:00+00:00,Egretta thula,Snowy Egret,Aves,-1.0,1.8543341159820557,-0.0,0.09041575342416763,95.0,0.0,-2.0,49.0,72.0,24.0,1.0
32.79597472,-117.23022951,2025-08-07 02:02:48+00:00,Egretta thula,Snowy Egret,Aves,3.0,2.1573052406311035,149.25535583496094,0.10808767378330231,23.0,61.0,20.0,51.0,73.0,23.0,1.0
32.7951883333,-117.230325,2025-08-09 16:43:33+00:00,Egretta thula,Snowy Egret,Aves,3.0,2.880366325378418,49.949214935302734,0.1823185831308365,22.0,42.0,20.0,51.0,73.0,23.0,1.0
32.7911663618,-117.2295394721,2025-08-22 14:00:00+00:00,Egretta thula,Snowy Egret,Aves,2.0,3.30622935295105,270.0,0.07399355620145798,11.0,0.0,-2.0,49.0,72.0,24.0,1.0
32.7955783333,-117.230155,2025-11-09 19:04:55+00:00,Egretta thula,Snowy Egret,Aves,2.0,3.433441400527954,74.34697723388672,0.1708993762731552,22.0,39.0,20.0,51.0,73.0,23.0,1.0
32.7950972573,-117.2278558748,2025-11-13 20:32:00+00:00,Egretta thula,Snowy Egret,Aves,4.0,1.8543341159820557,180.0,0.14789268374443054,23.0,65.0,20.0,49.0,73.0,21.0,1.0
32.7936466667,-117.2270016667,2026-01-21 22:30:00+00:00,Egretta thula,Snowy Egret,Aves,1.0,1.4410779476165771,130.0513153076172,0.10115405917167664,11.0,0.0,20.0,41.0,73.0,28.0,1.0
32.7935067431,-117.2270693831,2026-01-21 22:35:00+00:00,Egretta thula,Snowy Egret,Aves,1.0,1.4410779476165771,130.0513153076172,0.10115405917167664,11.0,0.0,20.0,41.0,73.0,28.0,1.0
32.7935519389,-117.2258806204,2024-06-23 16:07:00+00:00,Egretta tricolor,Tricolored Heron,Aves,0.0,0.0,-0.0,-0.028741830959916115,11.0,0.0,20.0,41.0,73.0,28.0,1.0
32.7946543301,-117.2251908936,2024-06-23 20:28:00+00:00,Egretta tricolor,Tricolored Heron,Aves,1.0,3.4334115982055664,74.34683227539062,0.16425523161888123,95.0,0.0,20.0,41.0,73.0,28.0,1.0
32.7958984375,-117.2305526733,2025-11-09 18:42:12+00:00,Ehrharta erecta,panic veldtgrass,Plantae,4.0,2.205636501312256,90.0,0.0928410217165947,23.0,68.0,20.0,51.0,73.0,23.0,1.0
32.7958779559,-117.2305134684,2025-04-26 16:12:26+00:00,Ehrharta longiflora,longflower veldtgrass,Plantae,4.0,2.205636501312256,90.0,0.0928410217165947,23.0,68.0,20.0,51.0,73.0,23.0,1.0
32.7894439697,-117.2319412231,2019-03-06 20:33:30+00:00,Eleodes,Desert Stink Beetles,Insecta,-1.0,4.959386348724365,41.737728118896484,0.1649165153503418,22.0,23.0,-2.0,51.0,72.0,22.0,1.0
32.7893743442,-117.2317326005,2020-03-04 22:06:00+00:00,Eleodes,,Insecta,1.0,3.433213233947754,74.34590911865234,0.07006639242172241,23.0,62.0,-2.0,51.0,72.0,22.0,1.0
32.795925,-117.2305833333,2025-02-11 21:50:34+00:00,Eleodes,Desert Stink Beetles,Insecta,4.0,2.205636501312256,90.0,0.0928410217165947,23.0,68.0,20.0,51.0,73.0,23.0,1.0
32.7903966667,-117.23037,2024-12-15 16:43:50+00:00,Eleodes nigropilosa,,Insecta,0.0,2.8802716732025146,130.0523681640625,0.09603254497051239,23.0,56.0,-2.0,0.0,0.0,0.0,1.0
32.7957027778,-117.2305166667,2024-10-16 15:57:33+00:00,Emesaya brevipennis,,Insecta,4.0,4.404741287231445,90.0,0.1194462776184082,23.0,50.0,20.0,51.0,73.0,23.0,1.0
32.790405,-117.2299883333,2024-05-11 17:14:30+00:00,Empidoidea,"Dance Flies, Long-legged Flies, and Allies",Insecta,0.0,0.9274099469184875,180.0,0.015301791951060295,24.0,88.0,-2.0,0.0,0.0,0.0,1.0
32.795903261,-117.2292563392,2023-07-31 05:08:00+00:00,Empoasca,,Insecta,3.0,4.755953311920166,193.3832244873047,0.10409373044967651,22.0,49.0,20.0,51.0,73.0,23.0,1.0
32.7961840717,-117.22957366,2023-07-30 04:56:00+00:00,Empoascina,,Insecta,4.0,3.546776294708252,218.4173583984375,0.1059708297252655,23.0,75.0,20.0,51.0,73.0,23.0,1.0
32.7962241131,-117.2294354075,2023-07-30 05:01:00+00:00,Empoascina,,Insecta,4.0,3.546776294708252,218.4173583984375,0.1059708297252655,23.0,75.0,20.0,51.0,73.0,23.0,1.0
32.7895977209,-117.2323023343,2019-02-19 17:54:19+00:00,Encelia californica,California brittlebush,Plantae,7.0,5.67879056930542,35.51618957519531,0.09959039837121964,23.0,56.0,-2.0,51.0,72.0,22.0,1.0
32.7894296622,-117.2316840769,2019-03-06 20:43:00+00:00,Encelia californica,California brittlebush,Plantae,1.0,3.5466694831848145,321.5848083496094,0.14769913256168365,22.0,46.0,-2.0,51.0,72.0,22.0,1.0
32.7910016667,-117.232015,2019-03-26 22:10:00+00:00,Encelia californica,California brittlebush,Plantae,4.0,8.805005073547363,95.99871826171875,0.12917357683181763,23.0,59.0,-2.0,39.0,75.0,31.0,1.0
32.789405,-117.23175,2020-03-04 12:44:33+00:00,Encelia californica,California brittlebush,Plantae,1.0,3.433213233947754,74.34590911865234,0.07006639242172241,23.0,62.0,-2.0,51.0,72.0,22.0,1.0
32.789506,-117.2318549722,2020-03-04 20:38:00+00:00,Encelia californica,California brittlebush,Plantae,-1.0,4.959386348724365,41.737728118896484,0.1649165153503418,22.0,23.0,-2.0,51.0,72.0,22.0,1.0
32.789405,-117.23162,2020-03-04 20:43:56+00:00,Encelia californica,California brittlebush,Plantae,1.0,3.433213233947754,74.34590911865234,0.07006639242172241,23.0,62.0,-2.0,51.0,72.0,22.0,1.0
32.7893701481,-117.2316849232,2020-03-04 22:06:32+00:00,Encelia californica,California brittlebush,Plantae,1.0,3.433213233947754,74.34590911865234,0.07006639242172241,23.0,62.0,-2.0,51.0,72.0,22.0,1.0
32.7893434987,-117.231626775,2020-03-04 22:43:26+00:00,Encelia californica,California brittlebush,Plantae,1.0,3.433213233947754,74.34590911865234,0.07006639242172241,23.0,62.0,-2.0,51.0,72.0,22.0,1.0
32.78934667,-117.23175,2020-03-05 00:06:25+00:00,Encelia californica,California brittlebush,Plantae,1.0,3.433213233947754,74.34590911865234,0.07006639242172241,23.0,62.0,-2.0,51.0,72.0,22.0,1.0
32.7895577062,-117.2321039101,2020-03-11 23:32:06+00:00,Encelia californica,California brittlebush,Plantae,4.0,10.82621955871582,53.66242980957031,0.13233546912670135,22.0,49.0,-2.0,51.0,72.0,22.0,1.0
32.7959583333,-117.2303083333,2022-04-09 15:47:44+00:00,Encelia californica,California brittlebush,Plantae,3.0,2.1573052406311035,149.25535583496094,0.10808767378330231,23.0,61.0,20.0,51.0,73.0,23.0,1.0
32.7909758326,-117.2320885092,2022-07-30 19:00:32+00:00,Encelia californica,California brittlebush,Plantae,8.0,4.404494762420654,90.0,0.07171253114938736,23.0,79.0,-2.0,39.0,75.0,31.0,1.0
32.79590477,-117.230664395,2023-02-04 18:18:00+00:00,Encelia californica,California brittlebush,Plantae,4.0,2.205636501312256,90.0,0.0928410217165947,23.0,68.0,20.0,51.0,73.0,23.0,1.0
32.7959594727,-117.2302780151,2023-02-04 18:37:59+00:00,Encelia californica,California brittlebush,Plantae,3.0,2.1573052406311035,149.25535583496094,0.10808767378330231,23.0,61.0,20.0,51.0,73.0,23.0,1.0
32.7919722222,-117.2316805556,2023-06-20 18:00:00+00:00,Encelia californica,California brittlebush,Plantae,5.0,5.576310157775879,99.5438003540039,0.20743371546268463,22.0,44.0,20.0,39.0,75.0,31.0,1.0
32.7917922508,-117.2314017063,2024-01-27 22:22:27+00:00,Encelia californica,California brittlebush,Plantae,3.0,3.433302402496338,105.65367889404297,0.2153366357088089,22.0,42.0,20.0,39.0,75.0,31.0,1.0
32.7893774445,-117.2316254118,2024-02-03 21:46:45+00:00,Encelia californica,California brittlebush,Plantae,1.0,3.433213233947754,74.34590911865234,0.07006639242172241,23.0,62.0,-2.0,51.0,72.0,22.0,1.0
32.7920944444,-117.2315833333,2024-04-11 20:45:00+00:00,Encelia californica,California brittlebush,Plantae,5.0,5.576310157775879,99.5438003540039,0.20743371546268463,22.0,44.0,20.0,39.0,75.0,31.0,1.0
32.79562613,-117.23064955,2024-04-27 16:18:11+00:00,Encelia californica,California brittlebush,Plantae,4.0,4.404741287231445,90.0,0.1194462776184082,23.0,50.0,20.0,51.0,73.0,23.0,1.0
32.7959033333,-117.2306966667,2024-04-28 01:42:07+00:00,Encelia californica,California brittlebush,Plantae,5.0,3.4334611892700195,74.3470687866211,0.09977754950523376,24.0,80.0,20.0,51.0,73.0,23.0,1.0
32.79207959,-117.23159695,2024-05-12 20:26:46+00:00,Encelia californica,California brittlebush,Plantae,5.0,5.576310157775879,99.5438003540039,0.20743371546268463,22.0,44.0,20.0,39.0,75.0,31.0,1.0
32.7920305556,-117.2316277778,2024-05-25 20:00:00+00:00,Encelia californica,California brittlebush,Plantae,5.0,5.576310157775879,99.5438003540039,0.20743371546268463,22.0,44.0,20.0,39.0,75.0,31.0,1.0
32.7899277778,-117.2323444444,2024-05-25 20:42:00+00:00,Encelia californica,California brittlebush,Plantae,4.0,6.154652118682861,63.23370361328125,0.09987203776836395,23.0,66.0,-2.0,51.0,72.0,22.0,1.0
32.7900388889,-117.2322083333,2024-06-20 20:53:00+00:00,Encelia californica,California brittlebush,Plantae,1.0,7.169088840484619,130.05245971679688,0.09259801357984543,23.0,64.0,-2.0,51.0,72.0,22.0,1.0
32.795555693,-117.230624901,2024-09-26 17:41:04+00:00,Encelia californica,California brittlebush,Plantae,4.0,4.404727935791016,90.0,0.13322186470031738,22.0,38.0,20.0,51.0,73.0,23.0,1.0
32.7958861111,-117.2306583333,2024-09-26 19:34:00+00:00,Encelia californica,California brittlebush,Plantae,4.0,2.205636501312256,90.0,0.0928410217165947,23.0,68.0,20.0,51.0,73.0,23.0,1.0
32.7959539741,-117.2306950092,2025-02-10 21:44:38+00:00,Encelia californica,California brittlebush,Plantae,5.0,3.4334611892700195,74.3470687866211,0.09977754950523376,24.0,80.0,20.0,51.0,73.0,23.0,1.0
32.7959133333,-117.2307366667,2025-02-11 22:56:33+00:00,Encelia californica,California brittlebush,Plantae,5.0,3.4334611892700195,74.3470687866211,0.09977754950523376,24.0,80.0,20.0,51.0,73.0,23.0,1.0
32.7959533333,-117.230645,2025-04-09 23:33:07+00:00,Encelia californica,California brittlebush,Plantae,4.0,2.205636501312256,90.0,0.0928410217165947,23.0,68.0,20.0,51.0,73.0,23.0,1.0
32.7956396585,-117.2306179838,2025-04-11 22:16:54+00:00,Encelia californica,California brittlebush,Plantae,4.0,4.404741287231445,90.0,0.1194462776184082,23.0,50.0,20.0,51.0,73.0,23.0,1.0
32.7957055556,-117.2306416667,2025-04-17 18:42:36+00:00,Encelia californica,California brittlebush,Plantae,4.0,4.404741287231445,90.0,0.1194462776184082,23.0,50.0,20.0,51.0,73.0,23.0,1.0
32.7959524,-117.2306398,2025-04-26 16:04:00+00:00,Encelia californica,California brittlebush,Plantae,4.0,2.205636501312256,90.0,0.0928410217165947,23.0,68.0,20.0,51.0,73.0,23.0,1.0
32.7956542047,-117.2306031473,2025-04-26 16:27:18+00:00,Encelia californica,California brittlebush,Plantae,4.0,4.404741287231445,90.0,0.1194462776184082,23.0,50.0,20.0,51.0,73.0,23.0,1.0
32.7960299717,-117.2303755307,2025-04-26 16:33:55+00:00,Encelia californica,California brittlebush,Plantae,3.0,2.1573052406311035,149.25535583496094,0.10808767378330231,23.0,61.0,20.0,51.0,73.0,23.0,1.0
32.7959942,-117.2303503,2025-04-26 18:02:00+00:00,Encelia californica,California brittlebush,Plantae,3.0,2.1573052406311035,149.25535583496094,0.10808767378330231,23.0,61.0,20.0,51.0,73.0,23.0,1.0
32.7959787,-117.2306869,2025-04-26 18:16:00+00:00,Encelia californica,California brittlebush,Plantae,5.0,3.4334611892700195,74.3470687866211,0.09977754950523376,24.0,80.0,20.0,51.0,73.0,23.0,1.0
32.7960700989,-117.2291259766,2025-05-01 21:22:49+00:00,Encelia californica,California brittlebush,Plantae,3.0,4.755953311920166,193.3832244873047,0.10409373044967651,22.0,49.0,20.0,51.0,73.0,23.0,1.0
32.7960564829,-117.2302764091,2025-05-13 02:52:30+00:00,Encelia californica,California brittlebush,Plantae,3.0,2.1573052406311035,149.25535583496094,0.10808767378330231,23.0,61.0,20.0,51.0,73.0,23.0,1.0
32.795295,-117.2304916667,2025-05-17 17:01:45+00:00,Encelia californica,California brittlebush,Plantae,4.0,3.433431386947632,74.34693145751953,0.1391647309064865,22.0,42.0,20.0,51.0,73.0,23.0,1.0
32.7955401978,-117.2304887954,2025-05-24 16:23:43+00:00,Encelia californica,California brittlebush,Plantae,4.0,4.404727935791016,90.0,0.13322186470031738,22.0,38.0,20.0,51.0,73.0,23.0,1.0
32.7958727489,-117.2306802684,2025-05-24 16:49:06+00:00,Encelia californica,California brittlebush,Plantae,4.0,4.404741287231445,90.0,0.1194462776184082,23.0,50.0,20.0,51.0,73.0,23.0,1.0
32.7959421595,-117.2303242225,2025-05-24 16:55:12+00:00,Encelia californica,California brittlebush,Plantae,3.0,2.1573052406311035,149.25535583496094,0.10808767378330231,23.0,61.0,20.0,51.0,73.0,23.0,1.0
32.7951972217,-117.2303972217,2025-08-15 20:07:00+00:00,Encelia californica,California brittlebush,Plantae,3.0,2.880366325378418,49.949214935302734,0.1823185831308365,22.0,42.0,20.0,51.0,73.0,23.0,1.0
32.7958526611,-117.2306747437,2025-11-09 18:11:52+00:00,Encelia californica,California brittlebush,Plantae,4.0,4.404741287231445,90.0,0.1194462776184082,23.0,50.0,20.0,51.0,73.0,23.0,1.0
32.7959289551,-117.2305603027,2025-11-09 18:35:54+00:00,Encelia californica,California brittlebush,Plantae,4.0,2.205636501312256,90.0,0.0928410217165947,23.0,68.0,20.0,51.0,73.0,23.0,1.0
32.795140883,-117.2304331699,2025-12-16 20:06:35+00:00,Encelia californica,California brittlebush,Plantae,4.0,3.433431386947632,74.34693145751953,0.1391647309064865,22.0,42.0,20.0,51.0,73.0,23.0,1.0
32.7959333333,-117.2304222222,2025-12-16 20:22:00+00:00,Encelia californica,California brittlebush,Plantae,4.0,2.205636501312256,90.0,0.0928410217165947,23.0,68.0,20.0,51.0,73.0,23.0,1.0
32.7959633333,-117.2302033333,2026-01-21 21:16:58+00:00,Encelia californica,California brittlebush,Plantae,3.0,2.1573052406311035,149.25535583496094,0.10808767378330231,23.0,61.0,20.0,51.0,73.0,23.0,1.0
32.7958795129,-117.2280140078,2025-12-13 17:15:00+00:00,Engraulis mordax,Northern Anchovy,Actinopterygii,4.0,2.3923258781433105,247.20289611816406,0.15577995777130127,22.0,43.0,20.0,49.0,73.0,21.0,1.0
32.7961840717,-117.22957366,2023-07-30 03:52:00+00:00,Enochrus,,Insecta,4.0,3.546776294708252,218.4173583984375,0.1059708297252655,23.0,75.0,20.0,51.0,73.0,23.0,1.0
32.7962267113,-117.2294340245,2023-07-30 04:30:00+00:00,Enochrus,,Insecta,4.0,3.546776294708252,218.4173583984375,0.1059708297252655,23.0,75.0,20.0,51.0,73.0,23.0,1.0
32.7952132424,-117.230517337,2025-05-24 16:31:51+00:00,Entelegynae,Entelegyne Spiders,Arachnida,4.0,3.433431386947632,74.34693145751953,0.1391647309064865,22.0,42.0,20.0,51.0,73.0,23.0,1.0
32.7947006432,-117.228205095,2023-02-04 21:49:00+00:00,Ephydrini,,Insecta,0.0,1.4410884380340576,130.05096435546875,0.14796149730682373,22.0,40.0,20.0,47.0,71.0,24.0,1.0
32.7959833333,-117.2300722222,2023-06-20 18:00:00+00:00,Erigeron bonariensis,Flax-leaved Horseweed,Plantae,3.0,2.7802884578704834,180.0,0.12967248260974884,23.0,60.0,20.0,51.0,73.0,23.0,1.0
32.78940833,-117.23181167,2020-03-04 14:05:58+00:00,Eriogonum fasciculatum,California Buckwheat,Plantae,-1.0,4.959386348724365,41.737728118896484,0.1649165153503418,22.0,23.0,-2.0,51.0,72.0,22.0,1.0
32.7909240623,-117.2319434512,2021-08-09 17:25:06+00:00,Eriogonum fasciculatum,California Buckwheat,Plantae,4.0,8.805005073547363,95.99871826171875,0.12917357683181763,23.0,59.0,-2.0,39.0,75.0,31.0,1.0
32.7954530883,-117.230339385,2022-02-26 17:42:00+00:00,Eriogonum fasciculatum,California Buckwheat,Plantae,2.0,3.433441400527954,74.34697723388672,0.1708993762731552,22.0,39.0,20.0,51.0,73.0,23.0,1.0
32.7908595583,-117.2321188872,2022-07-11 03:04:40+00:00,Eriogonum fasciculatum,California Buckwheat,Plantae,8.0,4.404494762420654,90.0,0.07171253114938736,23.0,79.0,-2.0,39.0,75.0,31.0,1.0
32.7907812036,-117.2320195801,2022-07-22 02:25:00+00:00,Eriogonum fasciculatum,California Buckwheat,Plantae,4.0,8.805005073547363,95.99871826171875,0.12917357683181763,23.0,59.0,-2.0,39.0,75.0,31.0,1.0
32.790995,-117.23198,2022-07-30 18:59:28+00:00,Eriogonum fasciculatum,California Buckwheat,Plantae,4.0,8.805005073547363,95.99871826171875,0.12917357683181763,23.0,59.0,-2.0,39.0,75.0,31.0,1.0
32.7903055556,-117.2321083333,2023-06-20 18:00:00+00:00,Eriogonum fasciculatum,California Buckwheat,Plantae,5.0,8.457596778869629,139.64630126953125,0.0892673060297966,23.0,50.0,-2.0,51.0,72.0,22.0,1.0
32.7910277778,-117.2316805556,2024-04-11 20:59:00+00:00,Eriogonum fasciculatum,California Buckwheat,Plantae,0.0,6.842085361480713,105.65377044677734,0.17200078070163727,22.0,23.0,-2.0,39.0,75.0,31.0,1.0
32.7896416667,-117.2322388889,2024-04-11 21:23:00+00:00,Eriogonum fasciculatum,California Buckwheat,Plantae,4.0,10.82621955871582,53.66242980957031,0.13233546912670135,22.0,49.0,-2.0,51.0,72.0,22.0,1.0
32.7952633333,-117.23033,2024-04-28 01:04:53+00:00,Eriogonum fasciculatum,California Buckwheat,Plantae,3.0,2.880366325378418,49.949214935302734,0.1823185831308365,22.0,42.0,20.0,51.0,73.0,23.0,1.0
32.7917666667,-117.231475,2024-05-25 20:13:00+00:00,Eriogonum fasciculatum,California Buckwheat,Plantae,3.0,3.433302402496338,105.65367889404297,0.2153366357088089,22.0,42.0,20.0,39.0,75.0,31.0,1.0
32.7907138889,-117.2319111111,2024-06-20 20:43:00+00:00,Eriogonum fasciculatum,California Buckwheat,Plantae,4.0,9.998680114746094,100.58159637451172,0.12075749039649963,22.0,37.0,-2.0,51.0,72.0,22.0,1.0
32.79545827,-117.23048059,2024-09-26 17:26:05+00:00,Eriogonum fasciculatum,California Buckwheat,Plantae,4.0,4.404727935791016,90.0,0.13322186470031738,22.0,38.0,20.0,51.0,73.0,23.0,1.0
32.7950239135,-117.2303480935,2024-09-26 17:38:59+00:00,Eriogonum fasciculatum,California Buckwheat,Plantae,4.0,2.392300605773926,67.20264434814453,0.17610977590084076,23.0,63.0,20.0,50.0,72.0,23.0,1.0
32.7954934745,-117.2299737848,2024-09-26 17:44:42+00:00,Eriogonum fasciculatum,California Buckwheat,Plantae,1.0,1.441096305847168,49.949302673339844,0.180143803358078,22.0,39.0,20.0,51.0,73.0,23.0,1.0
32.7959533333,-117.2303083333,2024-09-26 18:30:46+00:00,Eriogonum fasciculatum,California Buckwheat,Plantae,3.0,2.1573052406311035,149.25535583496094,0.10808767378330231,23.0,61.0,20.0,51.0,73.0,23.0,1.0
32.7950342257,-117.2302874675,2024-09-26 19:36:34+00:00,Eriogonum fasciculatum,California Buckwheat,Plantae,4.0,2.392300605773926,67.20264434814453,0.17610977590084076,23.0,63.0,20.0,50.0,72.0,23.0,1.0
32.795395,-117.2305216667,2025-02-11 23:18:33+00:00,Eriogonum fasciculatum,California Buckwheat,Plantae,4.0,4.404727935791016,90.0,0.13322186470031738,22.0,38.0,20.0,51.0,73.0,23.0,1.0
32.79527,-117.2305,2025-05-17 17:01:26+00:00,Eriogonum fasciculatum,California Buckwheat,Plantae,4.0,3.433431386947632,74.34693145751953,0.1391647309064865,22.0,42.0,20.0,51.0,73.0,23.0,1.0
32.7958418892,-117.2299689883,2025-05-24 16:27:11+00:00,Eriogonum fasciculatum,California Buckwheat,Plantae,1.0,2.15730357170105,149.25543212890625,0.19868019223213196,22.0,40.0,20.0,51.0,73.0,23.0,1.0
32.795573012,-117.2304992193,2025-05-24 16:52:01+00:00,Eriogonum fasciculatum,California Buckwheat,Plantae,4.0,4.404727935791016,90.0,0.13322186470031738,22.0,38.0,20.0,51.0,73.0,23.0,1.0
32.7959746561,-117.230356781,2025-05-24 17:00:44+00:00,Eriogonum fasciculatum,California Buckwheat,Plantae,3.0,2.1573052406311035,149.25535583496094,0.10808767378330231,23.0,61.0,20.0,51.0,73.0,23.0,1.0
32.795145954,-117.2303751671,2025-05-24 17:23:13+00:00,Eriogonum fasciculatum,California Buckwheat,Plantae,3.0,2.880366325378418,49.949214935302734,0.1823185831308365,22.0,42.0,20.0,51.0,73.0,23.0,1.0
32.7899138889,-117.2308777778,2025-07-12 15:28:00+00:00,Eriogonum fasciculatum,California Buckwheat,Plantae,0.0,1.4410409927368164,130.05255126953125,0.0661247968673706,23.0,73.0,-2.0,0.0,0.0,0.0,1.0
32.79594237,-117.23052628,2025-08-07 01:45:49+00:00,Eriogonum fasciculatum,California Buckwheat,Plantae,4.0,2.205636501312256,90.0,0.0928410217165947,23.0,68.0,20.0,51.0,73.0,23.0,1.0
32.7952583333,-117.2304972217,2025-08-15 20:13:00+00:00,Eriogonum fasciculatum,California Buckwheat,Plantae,4.0,3.433431386947632,74.34693145751953,0.1391647309064865,22.0,42.0,20.0,51.0,73.0,23.0,1.0
32.7953087483,-117.2304746917,2025-09-13 16:40:00+00:00,Eriogonum fasciculatum,California Buckwheat,Plantae,4.0,3.433431386947632,74.34693145751953,0.1391647309064865,22.0,42.0,20.0,51.0,73.0,23.0,1.0
32.7959625445,-117.2296072899,2026-01-21 21:15:00+00:00,Eriogonum fasciculatum,California Buckwheat,Plantae,3.0,2.990534782409668,158.36965942382812,0.14166799187660217,23.0,67.0,20.0,51.0,73.0,23.0,1.0
32.7894027778,-117.2317055556,2020-03-04 20:44:00+00:00,Erodium cicutarium,Redstem Stork's-bill,Plantae,1.0,3.433213233947754,74.34590911865234,0.07006639242172241,23.0,62.0,-2.0,51.0,72.0,22.0,1.0
32.78976167,-117.231155,2020-03-11 22:14:04+00:00,Erodium cicutarium,Redstem Stork's-bill,Plantae,1.0,1.4410409927368164,130.05255126953125,0.14953842759132385,23.0,58.0,-2.0,0.0,0.0,0.0,1.0
32.7958212763,-117.2292648859,2025-04-26 17:30:13+00:00,Erodium cicutarium,Redstem Stork's-bill,Plantae,1.0,2.9905333518981934,158.36972045898438,0.18014676868915558,22.0,36.0,20.0,51.0,73.0,23.0,1.0
32.7959856112,-117.2304518615,2025-05-24 17:28:57+00:00,Erodium cicutarium,Redstem Stork's-bill,Plantae,4.0,2.205636501312256,90.0,0.0928410217165947,23.0,68.0,20.0,51.0,73.0,23.0,1.0
32.795995,-117.2301866667,2023-02-26 17:51:17+00:00,Erodium moschatum,musk stork's-bill,Plantae,3.0,2.1573052406311035,149.25535583496094,0.10808767378330231,23.0,61.0,20.0,51.0,73.0,23.0,1.0
32.7959633153,-117.2305480858,2017-05-16 18:04:24+00:00,Estigmene acrea,Salt Marsh Moth,Insecta,4.0,2.205636501312256,90.0,0.0928410217165947,23.0,68.0,20.0,51.0,73.0,23.0,1.0
32.79535,-117.2305366667,2017-06-03 18:37:20+00:00,Estigmene acrea,Salt Marsh Moth,Insecta,4.0,4.404727935791016,90.0,0.13322186470031738,22.0,38.0,20.0,51.0,73.0,23.0,1.0
32.7952741326,-117.230207428,2019-02-10 18:46:00+00:00,Estigmene acrea,Salt Marsh Moth,Insecta,3.0,2.880366325378418,49.949214935302734,0.1823185831308365,22.0,42.0,20.0,51.0,73.0,23.0,1.0
32.7958,-117.23069667,2020-03-07 19:06:14+00:00,Estigmene acrea,Salt Marsh Moth,Insecta,6.0,4.5005645751953125,78.13190460205078,0.06891442090272903,24.0,80.0,20.0,51.0,73.0,23.0,1.0
32.7959227222,-117.2280276944,2020-05-28 18:24:20+00:00,Estigmene acrea,Salt Marsh Moth,Insecta,4.0,2.3923258781433105,247.20289611816406,0.15577995777130127,22.0,43.0,20.0,49.0,73.0,21.0,1.0
32.795903261,-117.2292563392,2023-08-06 01:20:00+00:00,Estigmene acrea,Salt Marsh Moth,Insecta,3.0,4.755953311920166,193.3832244873047,0.10409373044967651,22.0,49.0,20.0,51.0,73.0,23.0,1.0
32.7929533333,-117.2305833333,2024-03-21 02:56:44+00:00,Estigmene acrea,Salt Marsh Moth,Insecta,1.0,5.678867816925049,144.4827117919922,0.2096710503101349,22.0,46.0,20.0,50.0,72.0,23.0,1.0
32.78943425,-117.23158948,2024-05-11 16:45:18+00:00,Estigmene acrea,Salt Marsh Moth,Insecta,1.0,3.5466694831848145,321.5848083496094,0.14769913256168365,22.0,46.0,-2.0,51.0,72.0,22.0,1.0
32.78934298,-117.23163849,2024-05-11 18:06:43+00:00,Estigmene acrea,Salt Marsh Moth,Insecta,1.0,3.433213233947754,74.34590911865234,0.07006639242172241,23.0,62.0,-2.0,51.0,72.0,22.0,1.0
32.79583,-117.23047,2024-05-25 17:15:43+00:00,Estigmene acrea,Salt Marsh Moth,Insecta,4.0,4.404741287231445,90.0,0.1194462776184082,23.0,50.0,20.0,51.0,73.0,23.0,1.0
32.7950853997,-117.2304185997,2025-11-22 18:35:30+00:00,Estigmene acrea,Salt Marsh Moth,Insecta,4.0,3.433431386947632,74.34693145751953,0.1391647309064865,22.0,42.0,20.0,51.0,73.0,23.0,1.0
32.7901611111,-117.2306583333,2021-05-05 20:19:00+00:00,Eulobus californicus,California primrose,Plantae,0.0,2.157266616821289,149.25709533691406,0.08216650038957596,23.0,65.0,-2.0,0.0,0.0,0.0,1.0
32.7956737517,-117.2306207817,2022-05-14 18:24:00+00:00,Euodynerus hidalgo,Hidalgo Mason Wasp,Insecta,4.0,4.404741287231445,90.0,0.1194462776184082,23.0,50.0,20.0,51.0,73.0,23.0,1.0
32.7958653283,-117.2306991367,2022-09-24 16:25:00+00:00,Euodynerus hidalgo,Hidalgo Mason Wasp,Insecta,6.0,4.5005645751953125,78.13190460205078,0.06891442090272903,24.0,80.0,20.0,51.0,73.0,23.0,1.0
32.7893903107,-117.2316581012,2024-05-11 16:43:34+00:00,Euphorbia maculata,Spotted spurge,Plantae,1.0,3.433213233947754,74.34590911865234,0.07006639242172241,23.0,62.0,-2.0,51.0,72.0,22.0,1.0
32.7959664585,-117.2305663583,2025-05-24 16:32:47+00:00,Euphorbia maculata,Spotted spurge,Plantae,4.0,2.205636501312256,90.0,0.0928410217165947,23.0,68.0,20.0,51.0,73.0,23.0,1.0
32.7959327698,-117.2305603027,2025-11-09 18:37:25+00:00,Euphorbia maculata,Spotted spurge,Plantae,4.0,2.205636501312256,90.0,0.0928410217165947,23.0,68.0,20.0,51.0,73.0,23.0,1.0
32.7912964591,-117.2295240255,2025-09-13 18:45:18+00:00,Excirolana chiltoni,Sand Piranha,Animalia,1.0,2.3922181129455566,292.7981872558594,0.1820506900548935,95.0,0.0,-2.0,49.0,72.0,24.0,1.0
32.7951862596,-117.2289384106,2022-02-05 17:52:00+00:00,Falco columbarius,Merlin,Aves,-2.0,1.4410936832427979,229.94921875,0.17733633518218994,22.0,20.0,20.0,49.0,73.0,21.0,1.0
32.7954673796,-117.2291130384,2025-02-01 16:37:00+00:00,Falco columbarius,Merlin,Aves,0.0,3.5467634201049805,141.58290100097656,0.1919148564338684,95.0,0.0,20.0,51.0,73.0,23.0,1.0
32.7954940796,-117.2280044556,2019-02-10 22:44:50+00:00,Falco peregrinus,Peregrine Falcon,Aves,3.0,3.306394100189209,270.0,0.15612448751926422,22.0,44.0,20.0,49.0,73.0,21.0,1.0
32.7909233333,-117.2321316667,2019-03-07 18:52:00+00:00,Falco peregrinus,Peregrine Falcon,Aves,8.0,4.404494762420654,90.0,0.07171253114938736,23.0,79.0,-2.0,39.0,75.0,31.0,1.0
32.7909111111,-117.232025,2019-03-07 19:48:00+00:00,Falco peregrinus,Peregrine Falcon,Aves,4.0,8.805005073547363,95.99871826171875,0.12917357683181763,23.0,59.0,-2.0,39.0,75.0,31.0,1.0
32.7957754692,-117.2295927428,2023-01-21 17:19:00+00:00,Falco peregrinus,Peregrine Falcon,Aves,1.0,0.9274099469184875,180.0,0.19704265892505646,22.0,45.0,20.0,51.0,73.0,23.0,1.0
32.792192305,-117.2313274879,2019-01-11 23:06:00+00:00,Falco sparverius,American Kestrel,Aves,2.0,6.654465675354004,97.9756088256836,0.19780150055885315,22.0,43.0,20.0,39.0,75.0,31.0,1.0
32.7909611111,-117.2319277778,2019-01-12 00:02:00+00:00,Falco sparverius,American Kestrel,Aves,4.0,8.805005073547363,95.99871826171875,0.12917357683181763,23.0,59.0,-2.0,39.0,75.0,31.0,1.0
32.7950972573,-117.2278558748,2025-11-13 20:32:00+00:00,Falco sparverius,American Kestrel,Aves,4.0,1.8543341159820557,180.0,0.14789268374443054,23.0,65.0,20.0,49.0,73.0,21.0,1.0
32.7960879227,-117.2285142168,2025-11-14 20:06:24+00:00,Falco sparverius,American Kestrel,Aves,3.0,5.122032642364502,205.44737243652344,0.14290045201778412,22.0,25.0,20.0,49.0,73.0,21.0,1.0
32.795725,-117.2305527778,2025-12-16 23:33:50+00:00,Falco sparverius,American Kestrel,Aves,4.0,4.404741287231445,90.0,0.1194462776184082,23.0,50.0,20.0,51.0,73.0,23.0,1.0
32.7955766667,-117.228935,2026-01-21 22:47:00+00:00,Falco sparverius,American Kestrel,Aves,-1.0,2.157301902770996,149.25552368164062,0.19442236423492432,22.0,38.0,20.0,49.0,73.0,21.0,1.0
32.7960675167,-117.2291433288,2026-01-26 00:19:00+00:00,Falco sparverius,American Kestrel,Aves,3.0,4.755953311920166,193.3832244873047,0.10409373044967651,22.0,49.0,20.0,51.0,73.0,23.0,1.0
32.7944763795,-117.2300283238,2025-04-16 17:18:05+00:00,Felis catus,Domestic Cat,Mammalia,3.0,5.499759674072266,90.0,0.17140023410320282,23.0,69.0,20.0,50.0,72.0,23.0,1.0
32.7961166667,-117.229995,2025-03-16 19:44:46+00:00,Forficula mediterranea,,Insecta,3.0,2.7802884578704834,180.0,0.12967248260974884,23.0,60.0,20.0,51.0,73.0,23.0,1.0
32.7960090637,-117.2304000854,2018-04-29 17:43:04+00:00,Frankenia salina,Alkali Heath,Plantae,3.0,2.1573052406311035,149.25535583496094,0.10808767378330231,23.0,61.0,20.0,51.0,73.0,23.0,1.0
32.7958068848,-117.2281951904,2018-05-10 22:40:28+00:00,Frankenia salina,Alkali Heath,Plantae,3.0,5.576545715332031,260.45660400390625,0.14933940768241882,22.0,32.0,20.0,49.0,73.0,21.0,1.0
32.7898399569,-117.2311432448,2019-03-06 20:47:00+00:00,Frankenia salina,Alkali Heath,Plantae,1.0,1.4410409927368164,130.05255126953125,0.14953842759132385,23.0,58.0,-2.0,0.0,0.0,0.0,1.0
32.7896628704,-117.2312951447,2019-03-06 21:15:11+00:00,Frankenia salina,Alkali Heath,Plantae,1.0,1.4410383701324463,130.05264282226562,0.06408825516700745,23.0,71.0,-2.0,51.0,72.0,22.0,1.0
32.7911888232,-117.2299291076,2019-03-06 21:35:03+00:00,Frankenia salina,Alkali Heath,Plantae,-1.0,1.4410542249679565,310.0521240234375,0.11681777983903885,95.0,0.0,-2.0,49.0,72.0,24.0,1.0
32.78970333,-117.23136167,2020-03-04 14:04:02+00:00,Frankenia salina,Alkali Heath,Plantae,1.0,4.315853595733643,310.05255126953125,0.14953842759132385,23.0,58.0,-2.0,51.0,72.0,22.0,1.0
32.7896111111,-117.2313916667,2020-03-04 21:08:00+00:00,Frankenia salina,Alkali Heath,Plantae,1.0,1.4410383701324463,130.05264282226562,0.06408825516700745,23.0,71.0,-2.0,51.0,72.0,22.0,1.0
32.7895945803,-117.2314521194,2020-03-04 22:54:50+00:00,Frankenia salina,Alkali Heath,Plantae,1.0,1.4410383701324463,130.05264282226562,0.06408825516700745,23.0,71.0,-2.0,51.0,72.0,22.0,1.0
32.7898828313,-117.231030129,2020-03-11 22:16:30+00:00,Frankenia salina,Alkali Heath,Plantae,1.0,1.4410409927368164,130.05255126953125,0.14953842759132385,23.0,58.0,-2.0,0.0,0.0,0.0,1.0
32.7899434325,-117.2309161351,2020-03-11 22:22:11+00:00,Frankenia salina,Alkali Heath,Plantae,0.0,1.4410409927368164,130.05255126953125,0.0661247968673706,23.0,73.0,-2.0,0.0,0.0,0.0,1.0
32.79068833,-117.22998,2020-03-11 22:35:46+00:00,Frankenia salina,Alkali Heath,Plantae,1.0,1.4410488605499268,49.947715759277344,0.12852990627288818,22.0,49.0,-2.0,0.0,0.0,0.0,1.0
32.790905,-117.2297966667,2021-05-05 20:59:38+00:00,Frankenia salina,Alkali Heath,Plantae,1.0,2.3922054767608643,292.7983093261719,0.05830712243914604,23.0,67.0,-2.0,49.0,72.0,24.0,1.0
32.7908333333,-117.2298055556,2021-05-05 21:10:00+00:00,Frankenia salina,Alkali Heath,Plantae,1.0,2.3922054767608643,292.7983093261719,0.05830712243914604,23.0,67.0,-2.0,49.0,72.0,24.0,1.0
32.7906413997,-117.2299737997,2022-04-27 20:25:12+00:00,Frankenia salina,Alkali Heath,Plantae,1.0,1.4410488605499268,49.947715759277344,0.12852990627288818,22.0,49.0,-2.0,0.0,0.0,0.0,1.0
32.7905716667,-117.230095,2022-04-27 20:30:39+00:00,Frankenia salina,Alkali Heath,Plantae,1.0,1.4410488605499268,49.947715759277344,0.12852990627288818,22.0,49.0,-2.0,0.0,0.0,0.0,1.0
32.790895,-117.2298133333,2022-04-27 21:08:18+00:00,Frankenia salina,Alkali Heath,Plantae,1.0,2.3922054767608643,292.7983093261719,0.05830712243914604,23.0,67.0,-2.0,49.0,72.0,24.0,1.0
32.79602482,-117.23038582,2022-08-31 18:30:11+00:00,Frankenia salina,Alkali Heath,Plantae,3.0,2.1573052406311035,149.25535583496094,0.10808767378330231,23.0,61.0,20.0,51.0,73.0,23.0,1.0
32.7957022,-117.230489,2022-09-24 17:26:46+00:00,Frankenia salina,Alkali Heath,Plantae,4.0,4.404741287231445,90.0,0.1194462776184082,23.0,50.0,20.0,51.0,73.0,23.0,1.0
32.7952237323,-117.2279074183,2023-02-04 21:07:00+00:00,Frankenia salina,Alkali Heath,Plantae,4.0,1.8543341159820557,180.0,0.14789268374443054,23.0,65.0,20.0,49.0,73.0,21.0,1.0
32.7960417804,-117.2299144828,2023-02-27 18:00:26+00:00,Frankenia salina,Alkali Heath,Plantae,3.0,2.7802884578704834,180.0,0.12967248260974884,23.0,60.0,20.0,51.0,73.0,23.0,1.0
32.7958596,-117.23008508,2023-03-02 18:44:20+00:00,Frankenia salina,Alkali Heath,Plantae,1.0,2.15730357170105,149.25543212890625,0.19868019223213196,22.0,40.0,20.0,51.0,73.0,23.0,1.0
32.7916106415,-117.2315458517,2023-06-05 15:08:07+00:00,Frankenia salina,Alkali Heath,Plantae,4.0,4.315908432006836,130.0519256591797,0.1732897013425827,22.0,45.0,20.0,39.0,75.0,31.0,1.0
32.7917944444,-117.2314611111,2023-06-20 18:00:00+00:00,Frankenia salina,Alkali Heath,Plantae,3.0,3.433302402496338,105.65367889404297,0.2153366357088089,22.0,42.0,20.0,39.0,75.0,31.0,1.0
32.7922166667,-117.2315533333,2024-01-27 22:49:53+00:00,Frankenia salina,Alkali Heath,Plantae,5.0,6.842163562774658,105.65357971191406,0.14658282697200775,23.0,68.0,20.0,39.0,75.0,31.0,1.0
32.7928996346,-117.2311257931,2024-02-21 19:51:50+00:00,Frankenia salina,Alkali Heath,Plantae,2.0,8.029680252075195,125.01235961914062,0.15860658884048462,22.0,49.0,20.0,49.0,72.0,24.0,1.0
32.7956366667,-117.230195,2024-04-28 00:59:10+00:00,Frankenia salina,Alkali Heath,Plantae,2.0,3.4334511756896973,105.6529769897461,0.16354915499687195,22.0,31.0,20.0,51.0,73.0,23.0,1.0
32.789647,-117.231469,2024-05-10 19:08:58+00:00,Frankenia salina,Alkali Heath,Plantae,1.0,1.4410383701324463,130.05264282226562,0.06408825516700745,23.0,71.0,-2.0,51.0,72.0,22.0,1.0
32.79207094,-117.23159227,2024-05-12 20:24:53+00:00,Frankenia salina,Alkali Heath,Plantae,5.0,5.576310157775879,99.5438003540039,0.20743371546268463,22.0,44.0,20.0,39.0,75.0,31.0,1.0
32.7920805556,-117.2316138889,2024-05-25 19:56:00+00:00,Frankenia salina,Alkali Heath,Plantae,5.0,5.576310157775879,99.5438003540039,0.20743371546268463,22.0,44.0,20.0,39.0,75.0,31.0,1.0
32.7920694444,-117.2316361111,2024-06-20 19:51:00+00:00,Frankenia salina,Alkali Heath,Plantae,5.0,5.576310157775879,99.5438003540039,0.20743371546268463,22.0,44.0,20.0,39.0,75.0,31.0,1.0
32.7918555556,-117.2315222222,2024-06-20 20:25:00+00:00,Frankenia salina,Alkali Heath,Plantae,5.0,5.576310157775879,99.5438003540039,0.20743371546268463,22.0,44.0,20.0,39.0,75.0,31.0,1.0
32.7953333333,-117.2302944444,2024-09-14 16:32:00+00:00,Frankenia salina,Alkali Heath,Plantae,3.0,2.880366325378418,49.949214935302734,0.1823185831308365,22.0,42.0,20.0,51.0,73.0,23.0,1.0
32.789975,-117.2310111111,2025-02-01 22:15:00+00:00,Frankenia salina,Alkali Heath,Plantae,1.0,4.315861225128174,310.0524597167969,0.1575649529695511,23.0,68.0,-2.0,0.0,0.0,0.0,1.0
32.7899138889,-117.2310638889,2025-02-01 22:30:00+00:00,Frankenia salina,Alkali Heath,Plantae,1.0,1.4410409927368164,130.05255126953125,0.14953842759132385,23.0,58.0,-2.0,0.0,0.0,0.0,1.0
32.7954854946,-117.2290338393,2025-02-11 22:02:21+00:00,Frankenia salina,Alkali Heath,Plantae,-1.0,2.157301902770996,149.25552368164062,0.19442236423492432,22.0,38.0,20.0,49.0,73.0,21.0,1.0
32.7948299722,-117.228271,2025-02-11 22:15:37+00:00,Frankenia salina,Alkali Heath,Plantae,1.0,2.205609083175659,270.0,0.12666849792003632,22.0,41.0,20.0,47.0,71.0,24.0,1.0
32.7947002882,-117.2278015875,2025-02-11 22:30:38+00:00,Frankenia salina,Alkali Heath,Plantae,0.0,2.157296657562256,210.74424743652344,0.12678247690200806,21.0,17.0,20.0,47.0,71.0,24.0,1.0
32.7960033333,-117.230325,2025-02-11 22:50:08+00:00,Frankenia salina,Alkali Heath,Plantae,3.0,2.1573052406311035,149.25535583496094,0.10808767378330231,23.0,61.0,20.0,51.0,73.0,23.0,1.0
32.7960583333,-117.2303027778,2025-03-16 19:45:00+00:00,Frankenia salina,Alkali Heath,Plantae,3.0,2.1573052406311035,149.25535583496094,0.10808767378330231,23.0,61.0,20.0,51.0,73.0,23.0,1.0
32.7924549033,-117.2311327805,2025-03-16 20:18:00+00:00,Frankenia salina,Alkali Heath,Plantae,0.0,5.2028489112854,122.23053741455078,0.18414336442947388,21.0,12.0,20.0,49.0,72.0,24.0,1.0
32.7954462185,-117.230405068,2025-04-11 22:42:12+00:00,Frankenia salina,Alkali Heath,Plantae,2.0,3.433441400527954,74.34697723388672,0.1708993762731552,22.0,39.0,20.0,51.0,73.0,23.0,1.0
32.7948805556,-117.2301861111,2025-04-17 19:00:14+00:00,Frankenia salina,Alkali Heath,Plantae,4.0,2.392300605773926,67.20264434814453,0.17610977590084076,23.0,63.0,20.0,50.0,72.0,23.0,1.0
32.7950724,-117.230283,2025-04-26 16:45:00+00:00,Frankenia salina,Alkali Heath,Plantae,3.0,2.880366325378418,49.949214935302734,0.1823185831308365,22.0,42.0,20.0,51.0,73.0,23.0,1.0
32.795715332,-117.2297592163,2025-04-26 17:06:14+00:00,Frankenia salina,Alkali Heath,Plantae,1.0,1.8543341159820557,180.0,0.19704265892505646,22.0,40.0,20.0,51.0,73.0,23.0,1.0
32.7959891735,-117.2300990672,2025-04-26 17:28:24+00:00,Frankenia salina,Alkali Heath,Plantae,3.0,2.7802884578704834,180.0,0.12967248260974884,23.0,60.0,20.0,51.0,73.0,23.0,1.0
32.7959566936,-117.2281219439,2025-04-26 17:39:20+00:00,Frankenia salina,Alkali Heath,Plantae,4.0,2.3923258781433105,247.20289611816406,0.15577995777130127,22.0,43.0,20.0,49.0,73.0,21.0,1.0
32.7959729,-117.2301281,2025-04-26 18:00:00+00:00,Frankenia salina,Alkali Heath,Plantae,3.0,2.7802884578704834,180.0,0.12967248260974884,23.0,60.0,20.0,51.0,73.0,23.0,1.0
32.7954166667,-117.2305216667,2025-05-17 17:02:17+00:00,Frankenia salina,Alkali Heath,Plantae,4.0,4.404727935791016,90.0,0.13322186470031738,22.0,38.0,20.0,51.0,73.0,23.0,1.0
32.795071858,-117.2303246242,2025-05-24 16:31:46+00:00,Frankenia salina,Alkali Heath,Plantae,3.0,2.880366325378418,49.949214935302734,0.1823185831308365,22.0,42.0,20.0,51.0,73.0,23.0,1.0
32.7951077779,-117.2303071628,2025-05-24 16:37:29+00:00,Frankenia salina,Alkali Heath,Plantae,3.0,2.880366325378418,49.949214935302734,0.1823185831308365,22.0,42.0,20.0,51.0,73.0,23.0,1.0
32.7959883333,-117.2304166667,2025-05-24 17:12:32+00:00,Frankenia salina,Alkali Heath,Plantae,4.0,2.205636501312256,90.0,0.0928410217165947,23.0,68.0,20.0,51.0,73.0,23.0,1.0
32.7947743843,-117.2291676701,2025-06-16 14:13:23+00:00,Frankenia salina,Alkali Heath,Plantae,-1.0,1.8543341159820557,-0.0,0.16023094952106476,95.0,0.0,20.0,50.0,72.0,23.0,1.0
32.7959810011,-117.2302796972,2025-06-28 17:21:50+00:00,Frankenia salina,Alkali Heath,Plantae,3.0,2.1573052406311035,149.25535583496094,0.10808767378330231,23.0,61.0,20.0,51.0,73.0,23.0,1.0
32.7909361111,-117.2309305556,2025-07-02 19:10:00+00:00,Frankenia salina,Alkali Heath,Plantae,-1.0,4.315885066986084,310.05218505859375,0.17486731708049774,95.0,0.0,-2.0,49.0,72.0,24.0,1.0
32.7906472222,-117.2300972222,2025-07-12 15:31:00+00:00,Frankenia salina,Alkali Heath,Plantae,1.0,1.4410488605499268,49.947715759277344,0.12852990627288818,22.0,49.0,-2.0,0.0,0.0,0.0,1.0
32.7959136963,-117.2305374146,2025-08-07 01:45:20+00:00,Frankenia salina,Alkali Heath,Plantae,4.0,2.205636501312256,90.0,0.0928410217165947,23.0,68.0,20.0,51.0,73.0,23.0,1.0
32.79597677,-117.23035128,2025-08-07 02:06:55+00:00,Frankenia salina,Alkali Heath,Plantae,3.0,2.1573052406311035,149.25535583496094,0.10808767378330231,23.0,61.0,20.0,51.0,73.0,23.0,1.0
32.7954166667,-117.230480555,2025-08-15 20:05:00+00:00,Frankenia salina,Alkali Heath,Plantae,4.0,4.404727935791016,90.0,0.13322186470031738,22.0,38.0,20.0,51.0,73.0,23.0,1.0
32.7952368371,-117.2300709308,2025-10-25 17:31:15+00:00,Frankenia salina,Alkali Heath,Plantae,2.0,2.880366325378418,49.949214935302734,0.18346251547336578,22.0,21.0,20.0,51.0,73.0,23.0,1.0
32.7958831787,-117.2305526733,2025-11-09 18:53:41+00:00,Frankenia salina,Alkali Heath,Plantae,4.0,2.205636501312256,90.0,0.0928410217165947,23.0,68.0,20.0,51.0,73.0,23.0,1.0
32.7957916667,-117.230055,2025-11-09 19:40:23+00:00,Frankenia salina,Alkali Heath,Plantae,1.0,2.15730357170105,149.25543212890625,0.19868019223213196,22.0,40.0,20.0,51.0,73.0,23.0,1.0
32.7950666667,-117.2283944444,2026-01-21 21:39:00+00:00,Frankenia salina,Alkali Heath,Plantae,1.0,4.404714107513428,270.0,0.12865452468395233,23.0,60.0,20.0,49.0,73.0,21.0,1.0
32.7948,-117.227783,2026-01-21 21:54:00+00:00,Frankenia salina,Alkali Heath,Plantae,2.0,3.864685297012329,196.56256103515625,0.1383926123380661,23.0,75.0,20.0,47.0,71.0,24.0,1.0
32.7946,-117.227717,2026-01-21 22:02:00+00:00,Frankenia salina,Alkali Heath,Plantae,1.0,2.39229416847229,247.20257568359375,0.12678247690200806,22.0,45.0,20.0,47.0,71.0,24.0,1.0
32.79515,-117.228967,2026-01-21 22:40:00+00:00,Frankenia salina,Alkali Heath,Plantae,-2.0,1.4410936832427979,229.94921875,0.17733633518218994,22.0,20.0,20.0,49.0,73.0,21.0,1.0
32.7959251086,-117.2300331485,2026-01-21 22:51:00+00:00,Frankenia salina,Alkali Heath,Plantae,3.0,2.7802884578704834,180.0,0.12967248260974884,23.0,60.0,20.0,51.0,73.0,23.0,1.0
32.7895846032,-117.2312119325,2019-03-06 20:45:31+00:00,Fulica americana,American Coot,Aves,0.0,1.4410383701324463,130.05264282226562,0.06408825516700745,24.0,81.0,-2.0,0.0,0.0,0.0,1.0
32.7958135238,-117.2304132051,2023-01-21 15:22:00+00:00,Fulica americana,American Coot,Aves,2.0,3.4334511756896973,105.6529769897461,0.16354915499687195,22.0,31.0,20.0,51.0,73.0,23.0,1.0
32.795937,-117.22804,2023-01-21 15:57:00+00:00,Fulica americana,American Coot,Aves,4.0,2.3923258781433105,247.20289611816406,0.15577995777130127,22.0,43.0,20.0,49.0,73.0,21.0,1.0
32.7959015393,-117.2281379528,2023-02-04 16:06:00+00:00,Fulica americana,American Coot,Aves,4.0,2.3923258781433105,247.20289611816406,0.15577995777130127,22.0,43.0,20.0,49.0,73.0,21.0,1.0
32.7958483333,-117.2285533333,2024-01-12 17:33:24+00:00,Fulica americana,American Coot,Aves,0.0,2.7802884578704834,180.0,0.18270500004291534,22.0,31.0,20.0,49.0,73.0,21.0,1.0
32.7953462996,-117.2292532834,2025-02-01 17:11:00+00:00,Fulica americana,American Coot,Aves,0.0,3.5467634201049805,141.58290100097656,0.1919148564338684,95.0,0.0,20.0,51.0,73.0,23.0,1.0
32.7956841098,-117.2297056512,2025-02-01 19:16:00+00:00,Fulica americana,American Coot,Aves,1.0,1.8543341159820557,180.0,0.19704265892505646,22.0,40.0,20.0,51.0,73.0,23.0,1.0
32.7950972573,-117.2278558748,2025-11-13 20:32:00+00:00,Fulica americana,American Coot,Aves,4.0,1.8543341159820557,180.0,0.14789268374443054,23.0,65.0,20.0,49.0,73.0,21.0,1.0
32.7907713982,-117.2307826584,2018-04-11 20:56:39+00:00,Fundulus parvipinnis,California Killifish,Actinopterygii,-1.0,4.315885066986084,310.05218505859375,0.17486731708049774,95.0,0.0,-2.0,49.0,72.0,24.0,1.0
32.7912133333,-117.2300033333,2018-04-11 21:14:07+00:00,Fundulus parvipinnis,California Killifish,Actinopterygii,-1.0,1.4410542249679565,310.0521240234375,0.11681777983903885,95.0,0.0,-2.0,49.0,72.0,24.0,1.0
32.7911179391,-117.2302170793,2019-03-06 21:28:51+00:00,Fundulus parvipinnis,California Killifish,Actinopterygii,-1.0,1.8543341159820557,-0.0,0.09041575342416763,95.0,0.0,-2.0,49.0,72.0,24.0,1.0
32.7911421786,-117.2301847534,2020-03-11 22:47:09+00:00,Fundulus parvipinnis,California Killifish,Actinopterygii,-1.0,1.8543341159820557,-0.0,0.09041575342416763,95.0,0.0,-2.0,49.0,72.0,24.0,1.0
32.7895472222,-117.2310777778,2021-05-05 20:09:00+00:00,Fundulus parvipinnis,California Killifish,Actinopterygii,0.0,1.4410383701324463,130.05264282226562,0.06408825516700745,24.0,81.0,-2.0,0.0,0.0,0.0,1.0
32.7911466667,-117.2291033333,2022-04-27 20:49:30+00:00,Fundulus parvipinnis,California Killifish,Actinopterygii,3.0,2.3922119140625,292.7982482910156,0.085202157497406,11.0,0.0,-2.0,49.0,72.0,24.0,1.0
32.7911716667,-117.2291116667,2022-04-27 20:56:46+00:00,Fundulus parvipinnis,California Killifish,Actinopterygii,3.0,2.3922119140625,292.7982482910156,0.085202157497406,11.0,0.0,-2.0,49.0,72.0,24.0,1.0
32.795088206,-117.2278282931,2023-02-04 21:12:00+00:00,Fundulus parvipinnis,California Killifish,Actinopterygii,4.0,1.8543341159820557,180.0,0.14789268374443054,23.0,65.0,20.0,49.0,73.0,21.0,1.0
32.7913479069,-117.2294908762,2023-03-11 18:36:11+00:00,Fundulus parvipinnis,California Killifish,Actinopterygii,1.0,2.3922181129455566,292.7981872558594,0.1820506900548935,95.0,0.0,-2.0,49.0,72.0,24.0,1.0
32.7911116667,-117.229095,2023-05-13 17:13:35+00:00,Fundulus parvipinnis,California Killifish,Actinopterygii,3.0,2.3922119140625,292.7982482910156,0.085202157497406,11.0,0.0,-2.0,49.0,72.0,24.0,1.0
32.79116455,-117.2301727441,2024-05-11 17:27:55+00:00,Fundulus parvipinnis,California Killifish,Actinopterygii,-1.0,1.8543341159820557,-0.0,0.09041575342416763,95.0,0.0,-2.0,49.0,72.0,24.0,1.0
32.791305,-117.2294466667,2024-05-11 17:38:23+00:00,Fundulus parvipinnis,California Killifish,Actinopterygii,1.0,2.3922181129455566,292.7981872558594,0.1820506900548935,95.0,0.0,-2.0,49.0,72.0,24.0,1.0
32.7913283333,-117.2302166667,2024-06-29 17:56:28+00:00,Fundulus parvipinnis,California Killifish,Actinopterygii,-2.0,1.1031683683395386,90.0,0.14319878816604614,95.0,0.0,-2.0,49.0,72.0,24.0,1.0
32.791028,-117.231756,2024-08-09 20:10:09+00:00,Fundulus parvipinnis,California Killifish,Actinopterygii,0.0,6.842085361480713,105.65377044677734,0.17200078070163727,22.0,23.0,-2.0,39.0,75.0,31.0,1.0
32.7912783333,-117.2296133333,2024-10-12 17:40:19+00:00,Fundulus parvipinnis,California Killifish,Actinopterygii,0.0,3.4332826137542725,285.6537780761719,0.07399355620145798,11.0,0.0,-2.0,49.0,72.0,24.0,1.0
32.7911777778,-117.2300805556,2025-03-08 17:58:16+00:00,Fundulus parvipinnis,California Killifish,Actinopterygii,-1.0,1.4410542249679565,310.0521240234375,0.11681777983903885,95.0,0.0,-2.0,49.0,72.0,24.0,1.0
32.79115,-117.2301666667,2025-03-08 18:20:19+00:00,Fundulus parvipinnis,California Killifish,Actinopterygii,-1.0,1.8543341159820557,-0.0,0.09041575342416763,95.0,0.0,-2.0,49.0,72.0,24.0,1.0
32.7911277778,-117.2301583333,2025-05-10 17:34:23+00:00,Fundulus parvipinnis,California Killifish,Actinopterygii,-1.0,1.8543341159820557,-0.0,0.09041575342416763,95.0,0.0,-2.0,49.0,72.0,24.0,1.0
32.7912140283,-117.2298945487,2025-07-03 16:23:14+00:00,Fundulus parvipinnis,California Killifish,Actinopterygii,-1.0,1.4410542249679565,310.0521240234375,0.11681777983903885,95.0,0.0,-2.0,49.0,72.0,24.0,1.0
32.7911947091,-117.2300469916,2025-07-12 15:46:00+00:00,Fundulus parvipinnis,California Killifish,Actinopterygii,-1.0,1.4410542249679565,310.0521240234375,0.11681777983903885,95.0,0.0,-2.0,49.0,72.0,24.0,1.0
32.7911583333,-117.23015,2025-07-12 15:54:00+00:00,Fundulus parvipinnis,California Killifish,Actinopterygii,-1.0,1.8543341159820557,-0.0,0.09041575342416763,95.0,0.0,-2.0,49.0,72.0,24.0,1.0
32.7911519027,-117.2301562284,2025-07-12 16:43:10+00:00,Fundulus parvipinnis,California Killifish,Actinopterygii,-1.0,1.8543341159820557,-0.0,0.09041575342416763,95.0,0.0,-2.0,49.0,72.0,24.0,1.0
32.7913166667,-117.2294466667,2025-07-12 17:47:19+00:00,Fundulus parvipinnis,California Killifish,Actinopterygii,1.0,2.3922181129455566,292.7981872558594,0.1820506900548935,95.0,0.0,-2.0,49.0,72.0,24.0,1.0
32.791213,-117.230033,2025-07-12 17:54:00+00:00,Fundulus parvipinnis,California Killifish,Actinopterygii,-1.0,1.4410542249679565,310.0521240234375,0.11681777983903885,95.0,0.0,-2.0,49.0,72.0,24.0,1.0
32.7912081805,-117.2296681904,2025-09-13 18:29:39+00:00,Fundulus parvipinnis,California Killifish,Actinopterygii,0.0,3.4332826137542725,285.6537780761719,0.07399355620145798,11.0,0.0,-2.0,49.0,72.0,24.0,1.0
32.791295,-117.229675,2025-09-13 18:38:22+00:00,Fundulus parvipinnis,California Killifish,Actinopterygii,0.0,3.306239604949951,270.0,0.1820506900548935,95.0,0.0,-2.0,49.0,72.0,24.0,1.0
32.7905903431,-117.2301931515,2025-11-08 17:55:42+00:00,Fundulus parvipinnis,California Killifish,Actinopterygii,2.0,1.1031581163406372,90.0,0.1304217278957367,22.0,23.0,-2.0,0.0,0.0,0.0,1.0
32.7905583333,-117.2301416667,2025-11-08 18:22:38+00:00,Fundulus parvipinnis,California Killifish,Actinopterygii,1.0,1.4410488605499268,49.947715759277344,0.12852990627288818,22.0,49.0,-2.0,0.0,0.0,0.0,1.0
32.7958795129,-117.2280140078,2025-12-13 17:15:00+00:00,Fundulus parvipinnis,California Killifish,Actinopterygii,4.0,2.3923258781433105,247.20289611816406,0.15577995777130127,22.0,43.0,20.0,49.0,73.0,21.0,1.0
32.791175,-117.2300716667,2026-01-10 18:13:33+00:00,Fundulus parvipinnis,California Killifish,Actinopterygii,-1.0,1.4410542249679565,310.0521240234375,0.11681777983903885,95.0,0.0,-2.0,49.0,72.0,24.0,1.0
32.7929269651,-117.2311367336,2024-11-16 15:31:01+00:00,Gallinago delicata,Wilson's Snipe,Aves,5.0,5.746163368225098,130.05149841308594,0.13423486053943634,23.0,61.0,20.0,50.0,72.0,23.0,1.0
32.7955987422,-117.2288938738,2025-02-01 16:10:00+00:00,Gallinago delicata,Wilson's Snipe,Aves,-1.0,2.157301902770996,149.25552368164062,0.19442236423492432,22.0,38.0,20.0,49.0,73.0,21.0,1.0
32.79553,-117.2303216667,2024-04-28 01:10:54+00:00,Gamochaeta stagnalis,Desert Cudweed,Plantae,2.0,3.433441400527954,74.34697723388672,0.1708993762731552,22.0,39.0,20.0,51.0,73.0,23.0,1.0
32.7912783333,-117.2292416667,2018-04-11 21:07:19+00:00,Gastropoda,Gastropods,Mollusca,3.0,2.3922119140625,292.7982482910156,0.085202157497406,11.0,0.0,-2.0,49.0,72.0,24.0,1.0
32.7905685283,-117.2299730931,2020-03-11 22:32:21+00:00,Gastropoda,Gastropods,Mollusca,1.0,1.4410488605499268,49.947715759277344,0.12852990627288818,22.0,49.0,-2.0,0.0,0.0,0.0,1.0
32.78958,-117.2309416667,2021-05-05 20:10:35+00:00,Gastropoda,Gastropods,Mollusca,0.0,0.0,-0.0,-0.010678420774638653,24.0,87.0,-2.0,0.0,0.0,0.0,1.0
32.795642,-117.229198,2023-02-05 00:18:49+00:00,Gastropoda,Gastropods,Mollusca,1.0,2.9905333518981934,158.36972045898438,0.18014676868915558,22.0,36.0,20.0,51.0,73.0,23.0,1.0
32.7901722222,-117.2306277778,2025-02-01 22:13:00+00:00,Gastropoda,Gastropods,Mollusca,0.0,2.157266616821289,149.25709533691406,0.08216650038957596,23.0,65.0,-2.0,0.0,0.0,0.0,1.0
32.7952026767,-117.2304360196,2025-09-09 21:02:04+00:00,Gea heptagon,Heptagonal Orbweaver,Arachnida,4.0,3.433431386947632,74.34693145751953,0.1391647309064865,22.0,42.0,20.0,51.0,73.0,23.0,1.0
32.7959160217,-117.2303445117,2022-02-26 18:17:00+00:00,Geometridae,Geometer Moths,Insecta,3.0,2.1573052406311035,149.25535583496094,0.10808767378330231,23.0,61.0,20.0,51.0,73.0,23.0,1.0
32.795559467,-117.2300761777,2023-01-21 16:32:00+00:00,Geothlypis trichas,Common Yellowthroat,Aves,1.0,1.441096305847168,49.949302673339844,0.180143803358078,22.0,39.0,20.0,51.0,73.0,23.0,1.0
32.7927810429,-117.2311890346,2023-12-02 20:19:00+00:00,Geothlypis trichas,Common Yellowthroat,Aves,2.0,8.029680252075195,125.01235961914062,0.15860658884048462,22.0,49.0,20.0,49.0,72.0,24.0,1.0
32.7939833333,-117.2296216667,2023-03-11 17:06:41+00:00,Geukensia demissa,Atlantic Ribbed Mussel,Mollusca,0.0,4.4046454429626465,90.0,0.21196001768112183,95.0,0.0,20.0,50.0,72.0,23.0,1.0
32.7913366667,-117.2295533333,2023-07-08 17:14:59+00:00,Gillichthys mirabilis,Longjaw Mudsucker,Actinopterygii,1.0,2.3922181129455566,292.7981872558594,0.1820506900548935,95.0,0.0,-2.0,49.0,72.0,24.0,1.0
32.7912111111,-117.2299972222,2025-07-03 17:21:27+00:00,Gillichthys mirabilis,Longjaw Mudsucker,Actinopterygii,-1.0,1.4410542249679565,310.0521240234375,0.11681777983903885,95.0,0.0,-2.0,49.0,72.0,24.0,1.0
32.7895840997,-117.2318288997,2025-07-11 16:30:07+00:00,Gillichthys mirabilis,Longjaw Mudsucker,Actinopterygii,-1.0,4.959386348724365,41.737728118896484,0.1649165153503418,22.0,23.0,-2.0,51.0,72.0,22.0,1.0
32.7904643258,-117.2307365948,2019-04-11 15:55:06+00:00,Glebionis coronaria,Garland Daisy,Plantae,1.0,4.404467582702637,270.0,0.17883774638175964,23.0,63.0,-2.0,0.0,0.0,0.0,1.0
32.7958503633,-117.22840177,2022-02-05 23:29:00+00:00,Glebionis coronaria,Garland Daisy,Plantae,0.0,3.7888824939727783,240.73355102539062,0.16690227389335632,22.0,31.0,20.0,49.0,73.0,21.0,1.0
32.7953851833,-117.2305213967,2022-04-23 16:06:00+00:00,Glebionis coronaria,Garland Daisy,Plantae,4.0,4.404727935791016,90.0,0.13322186470031738,22.0,38.0,20.0,51.0,73.0,23.0,1.0
32.7960916667,-117.2296444444,2023-06-20 18:00:00+00:00,Glebionis coronaria,Garland Daisy,Plantae,3.0,2.990534782409668,158.36965942382812,0.14166799187660217,23.0,67.0,20.0,51.0,73.0,23.0,1.0
32.7903944444,-117.2307972222,2024-04-11 21:44:00+00:00,Glebionis coronaria,Garland Daisy,Plantae,1.0,4.404467582702637,270.0,0.17883774638175964,23.0,63.0,-2.0,0.0,0.0,0.0,1.0
32.7908527778,-117.2308277778,2024-05-25 21:40:00+00:00,Glebionis coronaria,Garland Daisy,Plantae,-1.0,4.315885066986084,310.05218505859375,0.17486731708049774,95.0,0.0,-2.0,49.0,72.0,24.0,1.0
32.7960555556,-117.2300416667,2024-05-25 22:13:00+00:00,Glebionis coronaria,Garland Daisy,Plantae,3.0,2.7802884578704834,180.0,0.12967248260974884,23.0,60.0,20.0,51.0,73.0,23.0,1.0
32.7957899704,-117.229376671,2025-04-26 16:51:08+00:00,Glebionis coronaria,Garland Daisy,Plantae,1.0,0.9274099469184875,180.0,0.19704265892505646,22.0,45.0,20.0,51.0,73.0,23.0,1.0
32.7958111111,-117.2294694444,2026-01-21 21:26:00+00:00,Glebionis coronaria,Garland Daisy,Plantae,1.0,0.9274099469184875,180.0,0.19704265892505646,22.0,45.0,20.0,51.0,73.0,23.0,1.0
32.7897722222,-117.231225,2023-06-20 18:00:00+00:00,Glossaulax reclusiana,Recluz's Moon Snail,Mollusca,1.0,4.315853595733643,310.05255126953125,0.14953842759132385,23.0,58.0,-2.0,51.0,72.0,22.0,1.0
32.7910376061,-117.2303214391,2018-04-11 21:17:29+00:00,Gobioidei,Gobies and allies,Actinopterygii,-1.0,1.8543341159820557,-0.0,0.09041575342416763,95.0,0.0,-2.0,49.0,72.0,24.0,1.0
32.7913033333,-117.2301416667,2024-07-06 22:57:47+00:00,Gobionellinae,Estuarine gobies,Actinopterygii,-2.0,2.205519437789917,270.0,0.16301295161247253,95.0,0.0,-2.0,49.0,72.0,24.0,1.0
32.7906760072,-117.2299791823,2019-03-06 21:36:29+00:00,Grammica,Cuscuta subgen. Grammica,Plantae,1.0,1.4410488605499268,49.947715759277344,0.12852990627288818,22.0,49.0,-2.0,0.0,0.0,0.0,1.0
32.7911617421,-117.2300694791,2019-03-06 21:06:20+00:00,Grapsoidea,"Land, shore, and marsh crabs",Animalia,-1.0,1.4410542249679565,310.0521240234375,0.11681777983903885,95.0,0.0,-2.0,49.0,72.0,24.0,1.0
32.7911222222,-117.2301277778,2025-05-10 17:56:01+00:00,Grapsoidea,"Land, shore, and marsh crabs",Animalia,-1.0,1.4410542249679565,310.0521240234375,0.11681777983903885,95.0,0.0,-2.0,49.0,72.0,24.0,1.0
32.7958333333,-117.2285833333,2022-01-29 18:24:39+00:00,Gryllus,,Insecta,0.0,2.7802884578704834,180.0,0.18270500004291534,22.0,31.0,20.0,49.0,73.0,21.0,1.0
32.79067755,-117.23006943,2024-05-11 17:20:08+00:00,Gryllus,,Insecta,1.0,1.4410488605499268,49.947715759277344,0.12852990627288818,22.0,49.0,-2.0,0.0,0.0,0.0,1.0
32.790205,-117.23068,2024-12-15 16:49:20+00:00,Gryllus,,Insecta,0.0,2.157266616821289,149.25709533691406,0.08216650038957596,23.0,65.0,-2.0,0.0,0.0,0.0,1.0
32.7957167461,-117.230525203,2018-01-18 20:13:37+00:00,Gymnopilus,rustgills and gyms,Fungi,4.0,4.404741287231445,90.0,0.1194462776184082,23.0,50.0,20.0,51.0,73.0,23.0,1.0
32.7898333333,-117.230995,2024-05-11 16:09:29+00:00,Gymnura marmorata,California Butterfly Ray,Animalia,1.0,1.4410409927368164,130.05255126953125,0.14953842759132385,23.0,58.0,-2.0,0.0,0.0,0.0,1.0
32.7909075997,-117.2311442997,2025-08-10 15:53:51+00:00,Gymnura marmorata,California Butterfly Ray,Animalia,-2.0,0.9274099469184875,-0.0,0.171094611287117,21.0,7.0,-2.0,49.0,72.0,24.0,1.0
32.7959221017,-117.2303455117,2022-02-26 18:10:00+00:00,Habronattus,Paradise Jumping Spiders,Arachnida,3.0,2.1573052406311035,149.25535583496094,0.10808767378330231,23.0,61.0,20.0,51.0,73.0,23.0,1.0
32.79596288,-117.2302177068,2025-03-24 20:04:00+00:00,Habronattus,Paradise Jumping Spiders,Arachnida,3.0,2.1573052406311035,149.25535583496094,0.10808767378330231,23.0,61.0,20.0,51.0,73.0,23.0,1.0
32.7926295887,-117.231273204,2016-11-18 22:11:00+00:00,Haemorhous mexicanus,House Finch,Aves,3.0,8.505062103271484,115.65796661376953,0.18414336442947388,23.0,67.0,20.0,39.0,75.0,31.0,1.0
32.7904917347,-117.2320944631,2019-04-26 15:59:17+00:00,Haemorhous mexicanus,House Finch,Aves,8.0,6.154697418212891,116.76608276367188,0.07844877988100052,23.0,62.0,-2.0,51.0,72.0,22.0,1.0
32.7958892653,-117.2307193197,2021-05-25 16:35:29+00:00,Haemorhous mexicanus,House Finch,Aves,5.0,3.4334611892700195,74.3470687866211,0.09977754950523376,24.0,80.0,20.0,51.0,73.0,23.0,1.0
32.7917188241,-117.2317649735,2022-01-25 20:36:00+00:00,Haemorhous mexicanus,House Finch,Aves,6.0,2.880297899246216,130.0519256591797,0.10694009065628052,23.0,60.0,20.0,39.0,75.0,31.0,1.0
32.7960743942,-117.2292123852,2022-05-02 17:41:00+00:00,Haemorhous mexicanus,House Finch,Aves,3.0,4.755953311920166,193.3832244873047,0.10409373044967651,22.0,49.0,20.0,51.0,73.0,23.0,1.0
32.7925469161,-117.231356921,2022-09-13 19:39:00+00:00,Haemorhous mexicanus,House Finch,Aves,3.0,8.505062103271484,115.65796661376953,0.18414336442947388,23.0,67.0,20.0,39.0,75.0,31.0,1.0
32.7952822245,-117.2303156708,2023-01-17 16:09:00+00:00,Haemorhous mexicanus,House Finch,Aves,3.0,2.880366325378418,49.949214935302734,0.1823185831308365,22.0,42.0,20.0,51.0,73.0,23.0,1.0
32.7959759005,-117.229894072,2023-01-21 15:31:00+00:00,Haemorhous mexicanus,House Finch,Aves,3.0,2.7802884578704834,180.0,0.12967248260974884,23.0,60.0,20.0,51.0,73.0,23.0,1.0
32.7912692369,-117.2318019689,2024-05-11 19:48:00+00:00,Haemorhous mexicanus,House Finch,Aves,5.0,8.805031776428223,95.99870300292969,0.13290642201900482,23.0,73.0,-2.0,39.0,75.0,31.0,1.0
32.7896564996,-117.2324003502,2024-05-11 19:53:00+00:00,Haemorhous mexicanus,House Finch,Aves,7.0,5.67879056930542,35.51618957519531,0.09959039837121964,23.0,56.0,-2.0,51.0,72.0,22.0,1.0
32.7894642433,-117.2315364466,2024-05-11 19:58:00+00:00,Haemorhous mexicanus,House Finch,Aves,1.0,3.5466694831848145,321.5848083496094,0.14769913256168365,22.0,46.0,-2.0,51.0,72.0,22.0,1.0
32.795956279,-117.2302405254,2025-02-01 15:30:00+00:00,Haemorhous mexicanus,House Finch,Aves,3.0,2.1573052406311035,149.25535583496094,0.10808767378330231,23.0,61.0,20.0,51.0,73.0,23.0,1.0
32.7924549033,-117.2311327805,2025-03-16 19:59:00+00:00,Haemorhous mexicanus,House Finch,Aves,0.0,5.2028489112854,122.23053741455078,0.18414336442947388,21.0,12.0,20.0,49.0,72.0,24.0,1.0
32.7956156585,-117.2298815666,2025-05-04 17:40:00+00:00,Haemorhous mexicanus,House Finch,Aves,1.0,2.15730357170105,149.25543212890625,0.19868019223213196,22.0,40.0,20.0,51.0,73.0,23.0,1.0
32.7953928601,-117.2305636918,2025-05-24 16:29:12+00:00,Haemorhous mexicanus,House Finch,Aves,4.0,4.404727935791016,90.0,0.13322186470031738,22.0,38.0,20.0,51.0,73.0,23.0,1.0
32.7959369961,-117.2305713874,2025-05-24 16:43:16+00:00,Haemorhous mexicanus,House Finch,Aves,4.0,2.205636501312256,90.0,0.0928410217165947,23.0,68.0,20.0,51.0,73.0,23.0,1.0
32.7898666667,-117.2311166667,2024-05-25 21:08:00+00:00,Halictus,Furrow Bees,Insecta,1.0,1.4410409927368164,130.05255126953125,0.14953842759132385,23.0,58.0,-2.0,0.0,0.0,0.0,1.0
32.7955871083,-117.230561935,2022-05-14 15:22:00+00:00,Halictus ligatus,Ligated Furrow Bee,Insecta,4.0,4.404727935791016,90.0,0.13322186470031738,22.0,38.0,20.0,51.0,73.0,23.0,1.0
32.7959157633,-117.23036486,2022-09-24 17:09:00+00:00,Halictus ligatus,Ligated Furrow Bee,Insecta,3.0,2.1573052406311035,149.25535583496094,0.10808767378330231,23.0,61.0,20.0,51.0,73.0,23.0,1.0
32.7893966667,-117.2317583333,2023-07-08 17:41:45+00:00,Halictus ligatus,Ligated Furrow Bee,Insecta,1.0,3.433213233947754,74.34590911865234,0.07006639242172241,23.0,62.0,-2.0,51.0,72.0,22.0,1.0
32.7956582733,-117.230612635,2022-05-14 18:32:00+00:00,Halictus tripartitus,Tripartite Sweat Bee,Insecta,4.0,4.404741287231445,90.0,0.1194462776184082,23.0,50.0,20.0,51.0,73.0,23.0,1.0
32.7961833333,-117.2295138889,2023-06-20 18:00:00+00:00,Halictus tripartitus,Tripartite Sweat Bee,Insecta,4.0,3.546776294708252,218.4173583984375,0.1059708297252655,23.0,75.0,20.0,51.0,73.0,23.0,1.0
32.79133667,-117.22972167,2020-03-04 21:34:58+00:00,Haminoea,,Mollusca,0.0,3.306239604949951,270.0,0.1820506900548935,95.0,0.0,-2.0,49.0,72.0,24.0,1.0
32.791255,-117.2299116667,2024-05-11 17:36:07+00:00,Haminoea vesicula,Blister Glassy-bubble,Mollusca,-1.0,1.4410542249679565,310.0521240234375,0.11681777983903885,95.0,0.0,-2.0,49.0,72.0,24.0,1.0
32.7910944444,-117.2302638889,2025-07-12 17:22:00+00:00,Haminoea virescens,Green Bubble Snail,Mollusca,-1.0,1.8543341159820557,-0.0,0.09041575342416763,95.0,0.0,-2.0,49.0,72.0,24.0,1.0
32.7909375478,-117.2297518045,2025-11-08 18:55:10+00:00,Helicoidea,,Mollusca,1.0,2.3922054767608643,292.7983093261719,0.05830712243914604,23.0,67.0,-2.0,49.0,72.0,24.0,1.0
32.795325,-117.2303083333,2017-06-03 17:15:37+00:00,Heliotropium curassavicum,alkali heliotrope,Plantae,3.0,2.880366325378418,49.949214935302734,0.1823185831308365,22.0,42.0,20.0,51.0,73.0,23.0,1.0
32.7893611111,-117.2315666667,2020-03-04 12:44:00+00:00,Heliotropium curassavicum,alkali heliotrope,Plantae,1.0,3.433213233947754,74.34590911865234,0.07006639242172241,23.0,62.0,-2.0,51.0,72.0,22.0,1.0
32.7897845954,-117.232418256,2020-03-11 23:35:36+00:00,Heliotropium curassavicum,alkali heliotrope,Plantae,4.0,6.154652118682861,63.23370361328125,0.09987203776836395,23.0,66.0,-2.0,51.0,72.0,22.0,1.0
32.789901782,-117.2319892314,2021-05-05 19:48:34+00:00,Heliotropium curassavicum,alkali heliotrope,Plantae,-1.0,2.2054781913757324,90.0,0.15648823976516724,22.0,47.0,-2.0,51.0,72.0,22.0,1.0
32.7893333333,-117.2315616667,2021-05-05 21:16:27+00:00,Heliotropium curassavicum,alkali heliotrope,Plantae,1.0,3.433213233947754,74.34590911865234,0.07006639242172241,23.0,62.0,-2.0,51.0,72.0,22.0,1.0
32.7959833333,-117.2305533333,2021-10-15 23:54:26+00:00,Heliotropium curassavicum,alkali heliotrope,Plantae,4.0,2.205636501312256,90.0,0.0928410217165947,23.0,68.0,20.0,51.0,73.0,23.0,1.0
32.795939,-117.230395,2022-04-23 16:29:00+00:00,Heliotropium curassavicum,alkali heliotrope,Plantae,3.0,2.1573052406311035,149.25535583496094,0.10808767378330231,23.0,61.0,20.0,51.0,73.0,23.0,1.0
32.7941436979,-117.229309082,2022-04-27 19:59:59+00:00,Heliotropium curassavicum,alkali heliotrope,Plantae,0.0,1.4410831928253174,229.94886779785156,0.18536525964736938,95.0,0.0,20.0,50.0,72.0,23.0,1.0
32.7894334906,-117.2315688884,2022-04-27 20:09:00+00:00,Heliotropium curassavicum,alkali heliotrope,Plantae,1.0,3.5466694831848145,321.5848083496094,0.14769913256168365,22.0,46.0,-2.0,51.0,72.0,22.0,1.0
32.7893866667,-117.231575,2022-04-27 21:15:56+00:00,Heliotropium curassavicum,alkali heliotrope,Plantae,1.0,3.433213233947754,74.34590911865234,0.07006639242172241,23.0,62.0,-2.0,51.0,72.0,22.0,1.0
32.790675,-117.2319416667,2023-06-20 18:00:00+00:00,Heliotropium curassavicum,alkali heliotrope,Plantae,4.0,9.998680114746094,100.58159637451172,0.12075749039649963,22.0,37.0,-2.0,51.0,72.0,22.0,1.0
32.7917222222,-117.2314916667,2024-04-11 20:50:00+00:00,Heliotropium curassavicum,alkali heliotrope,Plantae,3.0,3.433302402496338,105.65367889404297,0.2153366357088089,22.0,42.0,20.0,39.0,75.0,31.0,1.0
32.7893428272,-117.2316481267,2024-05-11 16:43:42+00:00,Heliotropium curassavicum,alkali heliotrope,Plantae,1.0,3.433213233947754,74.34590911865234,0.07006639242172241,23.0,62.0,-2.0,51.0,72.0,22.0,1.0
32.792,-117.2315972222,2024-05-25 19:56:00+00:00,Heliotropium curassavicum,alkali heliotrope,Plantae,5.0,5.576310157775879,99.5438003540039,0.20743371546268463,22.0,44.0,20.0,39.0,75.0,31.0,1.0
32.7904444444,-117.2320861111,2024-05-25 20:32:00+00:00,Heliotropium curassavicum,alkali heliotrope,Plantae,5.0,8.457596778869629,139.64630126953125,0.0892673060297966,23.0,50.0,-2.0,51.0,72.0,22.0,1.0
32.7920583333,-117.2316138889,2024-06-20 19:51:00+00:00,Heliotropium curassavicum,alkali heliotrope,Plantae,5.0,5.576310157775879,99.5438003540039,0.20743371546268463,22.0,44.0,20.0,39.0,75.0,31.0,1.0
32.795598044,-117.2305559354,2024-09-26 17:35:39+00:00,Heliotropium curassavicum,alkali heliotrope,Plantae,4.0,4.404727935791016,90.0,0.13322186470031738,22.0,38.0,20.0,51.0,73.0,23.0,1.0
32.7959883333,-117.23047,2024-09-26 18:31:02+00:00,Heliotropium curassavicum,alkali heliotrope,Plantae,4.0,2.205636501312256,90.0,0.0928410217165947,23.0,68.0,20.0,51.0,73.0,23.0,1.0
32.7894472222,-117.2314611111,2025-02-01 22:32:00+00:00,Heliotropium curassavicum,alkali heliotrope,Plantae,1.0,1.4410383701324463,130.05264282226562,0.06408825516700745,23.0,71.0,-2.0,51.0,72.0,22.0,1.0
32.7957388145,-117.230500667,2025-04-11 22:52:15+00:00,Heliotropium curassavicum,alkali heliotrope,Plantae,4.0,4.404741287231445,90.0,0.1194462776184082,23.0,50.0,20.0,51.0,73.0,23.0,1.0
32.7959852576,-117.2304497759,2025-04-26 17:41:55+00:00,Heliotropium curassavicum,alkali heliotrope,Plantae,4.0,2.205636501312256,90.0,0.0928410217165947,23.0,68.0,20.0,51.0,73.0,23.0,1.0
32.795957997,-117.2302308306,2025-04-26 18:01:53+00:00,Heliotropium curassavicum,alkali heliotrope,Plantae,3.0,2.1573052406311035,149.25535583496094,0.10808767378330231,23.0,61.0,20.0,51.0,73.0,23.0,1.0
32.7956166667,-117.2305966667,2025-05-17 17:06:52+00:00,Heliotropium curassavicum,alkali heliotrope,Plantae,4.0,4.404741287231445,90.0,0.1194462776184082,23.0,50.0,20.0,51.0,73.0,23.0,1.0
32.795494589,-117.2305828497,2025-05-24 16:22:06+00:00,Heliotropium curassavicum,alkali heliotrope,Plantae,4.0,4.404727935791016,90.0,0.13322186470031738,22.0,38.0,20.0,51.0,73.0,23.0,1.0
32.7950725286,-117.2303202656,2025-05-24 16:35:06+00:00,Heliotropium curassavicum,alkali heliotrope,Plantae,3.0,2.880366325378418,49.949214935302734,0.1823185831308365,22.0,42.0,20.0,51.0,73.0,23.0,1.0
32.7959837253,-117.2304063478,2025-05-24 16:58:33+00:00,Heliotropium curassavicum,alkali heliotrope,Plantae,3.0,2.1573052406311035,149.25535583496094,0.10808767378330231,23.0,61.0,20.0,51.0,73.0,23.0,1.0
32.7898757956,-117.2323323414,2025-07-02 19:41:18+00:00,Heliotropium curassavicum,alkali heliotrope,Plantae,4.0,6.154652118682861,63.23370361328125,0.09987203776836395,23.0,66.0,-2.0,51.0,72.0,22.0,1.0
32.789478,-117.231373,2025-07-12 15:25:00+00:00,Heliotropium curassavicum,alkali heliotrope,Plantae,1.0,1.4410383701324463,130.05264282226562,0.06408825516700745,23.0,71.0,-2.0,51.0,72.0,22.0,1.0
32.79598013,-117.2303763283,2025-09-13 16:07:00+00:00,Heliotropium curassavicum,alkali heliotrope,Plantae,3.0,2.1573052406311035,149.25535583496094,0.10808767378330231,23.0,61.0,20.0,51.0,73.0,23.0,1.0
32.7955160989,-117.2305651848,2025-12-16 20:11:34+00:00,Heliotropium curassavicum,alkali heliotrope,Plantae,4.0,4.404727935791016,90.0,0.13322186470031738,22.0,38.0,20.0,51.0,73.0,23.0,1.0
32.789355,-117.231575,2022-04-27 20:00:12+00:00,Heliotropium curassavicum oculatum,,Plantae,1.0,3.433213233947754,74.34590911865234,0.07006639242172241,23.0,62.0,-2.0,51.0,72.0,22.0,1.0
32.796032965,-117.2303106263,2022-09-10 16:10:35+00:00,Heliotropium curassavicum oculatum,,Plantae,3.0,2.1573052406311035,149.25535583496094,0.10808767378330231,23.0,61.0,20.0,51.0,73.0,23.0,1.0
32.7955318619,-117.2305909172,2022-09-10 16:36:33+00:00,Heliotropium curassavicum oculatum,,Plantae,4.0,4.404727935791016,90.0,0.13322186470031738,22.0,38.0,20.0,51.0,73.0,23.0,1.0
32.7956216667,-117.23027,2024-04-27 21:57:12+00:00,Heliotropium curassavicum oculatum,,Plantae,2.0,3.4334511756896973,105.6529769897461,0.16354915499687195,22.0,31.0,20.0,51.0,73.0,23.0,1.0
32.7893473115,-117.2317785491,2024-05-11 16:41:13+00:00,Heliotropium curassavicum oculatum,,Plantae,3.0,9.192399024963379,45.55592346191406,0.10595002770423889,23.0,62.0,-2.0,51.0,72.0,22.0,1.0
32.7958694444,-117.2303083333,2024-09-14 16:27:00+00:00,Heliotropium curassavicum oculatum,,Plantae,2.0,3.4334511756896973,105.6529769897461,0.16354915499687195,22.0,31.0,20.0,51.0,73.0,23.0,1.0
32.795903261,-117.2292563392,2023-07-31 03:44:00+00:00,Hellula,,Insecta,3.0,4.755953311920166,193.3832244873047,0.10409373044967651,22.0,49.0,20.0,51.0,73.0,23.0,1.0
32.7961840717,-117.22957366,2023-07-30 03:37:00+00:00,Hellula rogatalis,Cabbage Webworm Moth,Insecta,4.0,3.546776294708252,218.4173583984375,0.1059708297252655,23.0,75.0,20.0,51.0,73.0,23.0,1.0
32.7961840717,-117.22957366,2023-07-30 03:48:00+00:00,Hellula rogatalis,Cabbage Webworm Moth,Insecta,4.0,3.546776294708252,218.4173583984375,0.1059708297252655,23.0,75.0,20.0,51.0,73.0,23.0,1.0
32.79622229,-117.2294326834,2023-07-30 04:03:00+00:00,Hellula rogatalis,Cabbage Webworm Moth,Insecta,4.0,3.546776294708252,218.4173583984375,0.1059708297252655,23.0,75.0,20.0,51.0,73.0,23.0,1.0
32.7961840717,-117.22957366,2023-07-30 04:33:00+00:00,Hellula rogatalis,Cabbage Webworm Moth,Insecta,4.0,3.546776294708252,218.4173583984375,0.1059708297252655,23.0,75.0,20.0,51.0,73.0,23.0,1.0
32.790345,-117.23018667,2020-03-04 13:26:09+00:00,Hemigrapsus oregonensis,Yellow Shore Crab,Animalia,0.0,2.8802716732025146,130.0523681640625,0.09603254497051239,23.0,56.0,-2.0,0.0,0.0,0.0,1.0
32.7903111111,-117.2302388889,2020-03-04 21:25:00+00:00,Hemigrapsus oregonensis,Yellow Shore Crab,Animalia,0.0,2.8802716732025146,130.0523681640625,0.09603254497051239,23.0,56.0,-2.0,0.0,0.0,0.0,1.0
32.7902367795,-117.2303276315,2020-03-04 23:24:48+00:00,Hemigrapsus oregonensis,Yellow Shore Crab,Animalia,0.0,2.8802716732025146,130.0523681640625,0.09603254497051239,23.0,56.0,-2.0,0.0,0.0,0.0,1.0
32.7899294347,-117.2309621518,2020-03-11 22:21:00+00:00,Hemigrapsus oregonensis,Yellow Shore Crab,Animalia,1.0,1.4410409927368164,130.05255126953125,0.14953842759132385,23.0,58.0,-2.0,0.0,0.0,0.0,1.0
32.791095,-117.22902,2022-04-27 20:51:40+00:00,Hemigrapsus oregonensis,Yellow Shore Crab,Animalia,4.0,0.9274099469184875,-0.0,0.1848616600036621,95.0,0.0,-2.0,48.0,70.0,23.0,1.0
32.7912,-117.2291333333,2022-04-27 20:57:36+00:00,Hemigrapsus oregonensis,Yellow Shore Crab,Animalia,3.0,2.3922119140625,292.7982482910156,0.085202157497406,11.0,0.0,-2.0,49.0,72.0,24.0,1.0
32.7911916667,-117.2302166667,2024-07-21 22:00:14+00:00,Hemigrapsus oregonensis,Yellow Shore Crab,Animalia,-1.0,1.8543341159820557,-0.0,0.09041575342416763,95.0,0.0,-2.0,49.0,72.0,24.0,1.0
32.7903466667,-117.2319033333,2024-08-04 21:22:51+00:00,Hemigrapsus oregonensis,Yellow Shore Crab,Animalia,2.0,8.935253143310547,120.98356628417969,0.11470216512680054,23.0,50.0,-2.0,51.0,72.0,22.0,1.0
32.7906269333,-117.2316946462,2025-07-02 19:32:51+00:00,Hemigrapsus oregonensis,Yellow Shore Crab,Animalia,-1.0,6.84204626083374,105.65386199951172,0.142134889960289,23.0,55.0,-2.0,51.0,72.0,22.0,1.0
32.7911216667,-117.2303,2025-07-15 16:29:23+00:00,Hemigrapsus oregonensis,Yellow Shore Crab,Animalia,-1.0,1.8543341159820557,-0.0,0.09041575342416763,95.0,0.0,-2.0,49.0,72.0,24.0,1.0
32.7947972222,-117.2277444444,2026-01-21 21:58:00+00:00,Hemigrapsus oregonensis,Yellow Shore Crab,Animalia,2.0,3.864685297012329,196.56256103515625,0.1383926123380661,23.0,75.0,20.0,47.0,71.0,24.0,1.0
32.794625,-117.2276916667,2026-01-21 22:04:59+00:00,Hemigrapsus oregonensis,Yellow Shore Crab,Animalia,1.0,2.39229416847229,247.20257568359375,0.12678247690200806,22.0,45.0,20.0,47.0,71.0,24.0,1.0
32.794333,-117.228067,2026-01-21 22:31:00+00:00,Hemigrapsus oregonensis,Yellow Shore Crab,Animalia,0.0,0.9274099469184875,180.0,0.1748141199350357,21.0,16.0,20.0,47.0,71.0,24.0,1.0
32.79474,-117.2277216667,2026-01-21 22:40:00+00:00,Hemigrapsus oregonensis,Yellow Shore Crab,Animalia,0.0,2.157296657562256,210.74424743652344,0.12678247690200806,21.0,17.0,20.0,47.0,71.0,24.0,1.0
32.7952861111,-117.2288388889,2025-03-24 19:24:00+00:00,Hemiptera,"True Bugs, Hoppers, Aphids, and allies",Insecta,-2.0,1.4410936832427979,229.94921875,0.17733633518218994,22.0,20.0,20.0,49.0,73.0,21.0,1.0
32.7954383333,-117.230255,2024-09-26 19:39:55+00:00,Heraclides rumiko,Western Giant Swallowtail,Insecta,2.0,3.433441400527954,74.34697723388672,0.1708993762731552,22.0,39.0,20.0,51.0,73.0,23.0,1.0
32.7950083333,-117.2304166667,2025-02-11 23:17:02+00:00,Heteromeles arbutifolia,Toyon,Plantae,5.0,2.392300605773926,67.20264434814453,0.11216988414525986,24.0,81.0,20.0,50.0,72.0,23.0,1.0
32.795005,-117.23037,2025-05-17 16:51:45+00:00,Heteromeles arbutifolia,Toyon,Plantae,4.0,2.392300605773926,67.20264434814453,0.17610977590084076,23.0,63.0,20.0,50.0,72.0,23.0,1.0
32.7950724867,-117.2304309906,2025-06-09 16:44:01+00:00,Heteromeles arbutifolia,Toyon,Plantae,4.0,3.433431386947632,74.34693145751953,0.1391647309064865,22.0,42.0,20.0,51.0,73.0,23.0,1.0
32.7950138883,-117.2303888883,2025-08-15 20:10:00+00:00,Heteromeles arbutifolia,Toyon,Plantae,4.0,2.392300605773926,67.20264434814453,0.17610977590084076,23.0,63.0,20.0,50.0,72.0,23.0,1.0
32.7950371569,-117.2303585709,2025-12-16 20:05:51+00:00,Heteromeles arbutifolia,Toyon,Plantae,4.0,2.392300605773926,67.20264434814453,0.17610977590084076,23.0,63.0,20.0,50.0,72.0,23.0,1.0
32.7954202772,-117.2301615632,2025-12-16 21:47:00+00:00,Heteromeles arbutifolia,Toyon,Plantae,2.0,3.433441400527954,74.34697723388672,0.1708993762731552,22.0,39.0,20.0,51.0,73.0,23.0,1.0
32.7949582,-117.2286255,2025-02-11 22:14:10+00:00,Heteroptera,True Bugs,Insecta,-1.0,3.4334213733673096,285.6531066894531,0.13766473531723022,22.0,49.0,20.0,47.0,71.0,24.0,1.0
32.7902,-117.2305833333,2025-02-01 22:12:00+00:00,Heterotheca grandiflora,Telegraphweed,Plantae,0.0,2.157266616821289,149.25709533691406,0.08216650038957596,23.0,65.0,-2.0,0.0,0.0,0.0,1.0
32.7961,-117.22971,2020-02-01 19:13:00+00:00,Hippodamia convergens,Convergent Lady Beetle,Insecta,3.0,2.990534782409668,158.36965942382812,0.14166799187660217,23.0,67.0,20.0,51.0,73.0,23.0,1.0
32.7959033333,-117.2306583333,2025-05-05 17:50:27+00:00,Hippodamia convergens,Convergent Lady Beetle,Insecta,4.0,2.205636501312256,90.0,0.0928410217165947,23.0,68.0,20.0,51.0,73.0,23.0,1.0
32.7956156585,-117.2298815666,2025-05-04 17:19:00+00:00,Hirundo rustica,Barn Swallow,Aves,1.0,2.15730357170105,149.25543212890625,0.19868019223213196,22.0,40.0,20.0,51.0,73.0,23.0,1.0
32.795575,-117.2303305556,2019-12-03 18:17:00+00:00,Hogna antelucana,,Arachnida,2.0,3.433441400527954,74.34697723388672,0.1708993762731552,22.0,39.0,20.0,51.0,73.0,23.0,1.0
32.795646575,-117.2303540517,2025-09-13 15:24:00+00:00,Homoeosoma,,Insecta,2.0,3.4334511756896973,105.6529769897461,0.16354915499687195,22.0,31.0,20.0,51.0,73.0,23.0,1.0
32.7912120919,-117.2297227796,2025-09-13 18:45:40+00:00,Hydroides,,Animalia,0.0,3.4332826137542725,285.6537780761719,0.07399355620145798,11.0,0.0,-2.0,49.0,72.0,24.0,1.0
32.7911116667,-117.2290033333,2021-05-05 20:42:48+00:00,Hydrophorinae,,Insecta,4.0,0.9274099469184875,-0.0,0.1848616600036621,95.0,0.0,-2.0,48.0,70.0,23.0,1.0
32.7947276998,-117.2280750078,2023-02-04 21:47:00+00:00,Hydrophorini,,Insecta,0.0,1.4410884380340576,130.05096435546875,0.14796149730682373,22.0,40.0,20.0,47.0,71.0,24.0,1.0
32.795605,-117.2301416667,2025-11-09 19:07:44+00:00,Hydrophorus,,Insecta,1.0,2.15730357170105,149.25543212890625,0.19868019223213196,22.0,40.0,20.0,51.0,73.0,23.0,1.0
32.7915912355,-117.2317807075,2001-05-14 04:29:00+00:00,Hydroprogne caspia,Caspian Tern,Aves,6.0,2.880297899246216,130.0519256591797,0.10694009065628052,23.0,60.0,20.0,39.0,75.0,31.0,1.0
32.79067,-117.228645,2022-04-27 20:52:42+00:00,Hydroprogne caspia,Caspian Tern,Aves,0.0,2.7802884578704834,180.0,-0.03058062493801117,11.0,0.0,-2.0,0.0,0.0,0.0,1.0
32.7906838675,-117.2311162948,2022-07-22 02:04:00+00:00,Hydroprogne caspia,Caspian Tern,Aves,-1.0,3.306208610534668,270.0,0.1599976271390915,22.0,27.0,-2.0,0.0,0.0,0.0,1.0
32.7945022713,-117.2276819452,2024-04-27 23:54:17+00:00,Hydroprogne caspia,Caspian Tern,Aves,1.0,1.1032062768936157,270.0,0.15007136762142181,95.0,0.0,20.0,47.0,71.0,24.0,1.0
32.7897924491,-117.231980092,2024-05-11 19:50:00+00:00,Hydroprogne caspia,Caspian Tern,Aves,-1.0,2.2054781913757324,90.0,0.15648823976516724,22.0,47.0,-2.0,51.0,72.0,22.0,1.0
32.7960313071,-117.2300795359,2019-09-20 19:12:00+00:00,Hylaeus,Masked Bees,Insecta,3.0,2.7802884578704834,180.0,0.12967248260974884,23.0,60.0,20.0,51.0,73.0,23.0,1.0
32.7956113317,-117.230594255,2022-09-24 17:18:00+00:00,Hylephila phyleus,Fiery Skipper,Insecta,4.0,4.404741287231445,90.0,0.1194462776184082,23.0,50.0,20.0,51.0,73.0,23.0,1.0
32.7961840717,-117.22957366,2023-07-30 04:52:00+00:00,Hyles lineata,White-lined Sphinx,Insecta,4.0,3.546776294708252,218.4173583984375,0.1059708297252655,23.0,75.0,20.0,51.0,73.0,23.0,1.0
32.7902195324,-117.2302043439,2024-05-11 16:56:56+00:00,Hymeniacidon perlevis,crumb-of-bread sponge,Animalia,0.0,2.8802716732025146,130.0523681640625,0.09603254497051239,23.0,56.0,-2.0,0.0,0.0,0.0,1.0
32.7906194444,-117.2285777778,2026-01-10 17:51:00+00:00,Hymeniacidon perlevis,crumb-of-bread sponge,Animalia,0.0,2.7802884578704834,180.0,-0.03058062493801117,11.0,0.0,-2.0,0.0,0.0,0.0,1.0
32.7911916667,-117.2301555556,2025-07-12 17:00:00+00:00,Hypnea,,Plantae,-1.0,1.8543341159820557,-0.0,0.09041575342416763,95.0,0.0,-2.0,49.0,72.0,24.0,1.0
32.795952,-117.230589,2022-04-23 16:51:00+00:00,Ichneumonidae,Ichneumonid Wasps,Insecta,4.0,2.205636501312256,90.0,0.0928410217165947,23.0,68.0,20.0,51.0,73.0,23.0,1.0
32.7961817381,-117.2286248707,2021-05-17 18:30:13+00:00,Icterus cucullatus,Hooded Oriole,Aves,5.0,2.9905359745025635,158.36959838867188,0.1278398334980011,22.0,38.0,20.0,49.0,73.0,21.0,1.0
32.7894366667,-117.23168,2024-05-11 16:52:16+00:00,Insecta,Insects,Insecta,1.0,3.5466694831848145,321.5848083496094,0.14769913256168365,22.0,46.0,-2.0,51.0,72.0,22.0,1.0
32.7915959538,-117.2299043603,2025-09-14 18:16:00+00:00,Ischnura ramburii,Rambur's Forktail,Insecta,-1.0,1.4410594701766968,229.9480743408203,0.19474110007286072,95.0,0.0,20.0,49.0,72.0,24.0,1.0
32.7898395762,-117.2309012128,2019-03-06 20:44:26+00:00,Isocoma menziesii,Coastal Goldenbush,Plantae,0.0,1.4410409927368164,130.05255126953125,0.0661247968673706,23.0,73.0,-2.0,0.0,0.0,0.0,1.0
32.7904616667,-117.2303866667,2019-03-06 21:16:45+00:00,Isocoma menziesii,Coastal Goldenbush,Plantae,0.0,2.8802716732025146,130.0523681640625,0.09603254497051239,23.0,56.0,-2.0,0.0,0.0,0.0,1.0
32.789375,-117.231645,2020-03-04 12:45:05+00:00,Isocoma menziesii,Coastal Goldenbush,Plantae,1.0,3.433213233947754,74.34590911865234,0.07006639242172241,23.0,62.0,-2.0,51.0,72.0,22.0,1.0
32.7901174291,-117.2308963063,2020-03-04 21:15:33+00:00,Isocoma menziesii,Coastal Goldenbush,Plantae,1.0,1.4410436153411865,130.05245971679688,0.1472601294517517,23.0,68.0,-2.0,0.0,0.0,0.0,1.0
32.789725,-117.2313166667,2020-03-04 22:04:00+00:00,Isocoma menziesii,Coastal Goldenbush,Plantae,1.0,4.315853595733643,310.05255126953125,0.14953842759132385,23.0,58.0,-2.0,51.0,72.0,22.0,1.0
32.79008667,-117.23082,2020-03-05 00:03:34+00:00,Isocoma menziesii,Coastal Goldenbush,Plantae,1.0,1.4410436153411865,130.05245971679688,0.1472601294517517,23.0,68.0,-2.0,0.0,0.0,0.0,1.0
32.7897173068,-117.2312771139,2020-03-11 22:13:40+00:00,Isocoma menziesii,Coastal Goldenbush,Plantae,1.0,4.315853595733643,310.05255126953125,0.14953842759132385,23.0,58.0,-2.0,51.0,72.0,22.0,1.0
32.7900139783,-117.2309958836,2020-03-11 22:19:07+00:00,Isocoma menziesii,Coastal Goldenbush,Plantae,1.0,4.315861225128174,310.0524597167969,0.1575649529695511,23.0,68.0,-2.0,0.0,0.0,0.0,1.0
32.7900461527,-117.2307529395,2020-03-11 22:24:46+00:00,Isocoma menziesii,Coastal Goldenbush,Plantae,1.0,1.4410436153411865,130.05245971679688,0.1472601294517517,23.0,68.0,-2.0,0.0,0.0,0.0,1.0
32.7894666667,-117.23162,2022-04-27 20:00:27+00:00,Isocoma menziesii,Coastal Goldenbush,Plantae,1.0,3.5466694831848145,321.5848083496094,0.14769913256168365,22.0,46.0,-2.0,51.0,72.0,22.0,1.0
32.789775,-117.2312083333,2022-04-27 20:12:00+00:00,Isocoma menziesii,Coastal Goldenbush,Plantae,1.0,1.4410409927368164,130.05255126953125,0.14953842759132385,23.0,58.0,-2.0,0.0,0.0,0.0,1.0
32.79007,-117.230775,2022-04-27 21:10:27+00:00,Isocoma menziesii,Coastal Goldenbush,Plantae,1.0,1.4410436153411865,130.05245971679688,0.1472601294517517,23.0,68.0,-2.0,0.0,0.0,0.0,1.0
32.7955893517,-117.2305963083,2022-05-14 15:21:00+00:00,Isocoma menziesii,Coastal Goldenbush,Plantae,4.0,4.404727935791016,90.0,0.13322186470031738,22.0,38.0,20.0,51.0,73.0,23.0,1.0
32.7901833333,-117.2307805556,2023-06-20 18:00:00+00:00,Isocoma menziesii,Coastal Goldenbush,Plantae,1.0,1.4410436153411865,130.05245971679688,0.1472601294517517,23.0,68.0,-2.0,0.0,0.0,0.0,1.0
32.7920537627,-117.2311502579,2024-01-27 22:31:19+00:00,Isocoma menziesii,Coastal Goldenbush,Plantae,0.0,3.7887566089630127,60.732486724853516,0.20305684208869934,22.0,20.0,20.0,49.0,72.0,24.0,1.0
32.7928883333,-117.2311333333,2024-01-27 23:17:46+00:00,Isocoma menziesii,Coastal Goldenbush,Plantae,2.0,8.029680252075195,125.01235961914062,0.15860658884048462,22.0,49.0,20.0,49.0,72.0,24.0,1.0
32.789354478,-117.2315969971,2024-02-03 21:46:01+00:00,Isocoma menziesii,Coastal Goldenbush,Plantae,1.0,3.433213233947754,74.34590911865234,0.07006639242172241,23.0,62.0,-2.0,51.0,72.0,22.0,1.0
32.7955666667,-117.2305216667,2024-09-26 17:26:07+00:00,Isocoma menziesii,Coastal Goldenbush,Plantae,4.0,4.404727935791016,90.0,0.13322186470031738,22.0,38.0,20.0,51.0,73.0,23.0,1.0
32.7955615382,-117.2304854442,2024-09-26 17:34:37+00:00,Isocoma menziesii,Coastal Goldenbush,Plantae,4.0,4.404727935791016,90.0,0.13322186470031738,22.0,38.0,20.0,51.0,73.0,23.0,1.0
32.79545445,-117.2304633447,2024-09-26 17:40:41+00:00,Isocoma menziesii,Coastal Goldenbush,Plantae,4.0,4.404727935791016,90.0,0.13322186470031738,22.0,38.0,20.0,51.0,73.0,23.0,1.0
32.7953916667,-117.2305216667,2024-09-26 17:47:58+00:00,Isocoma menziesii,Coastal Goldenbush,Plantae,4.0,4.404727935791016,90.0,0.13322186470031738,22.0,38.0,20.0,51.0,73.0,23.0,1.0
32.7956533525,-117.2304890772,2024-09-26 18:42:09+00:00,Isocoma menziesii,Coastal Goldenbush,Plantae,4.0,4.404741287231445,90.0,0.1194462776184082,23.0,50.0,20.0,51.0,73.0,23.0,1.0
32.7955866667,-117.2305,2024-09-26 19:19:13+00:00,Isocoma menziesii,Coastal Goldenbush,Plantae,4.0,4.404727935791016,90.0,0.13322186470031738,22.0,38.0,20.0,51.0,73.0,23.0,1.0
32.7960583021,-117.2300606375,2024-09-26 19:34:42+00:00,Isocoma menziesii,Coastal Goldenbush,Plantae,3.0,2.7802884578704834,180.0,0.12967248260974884,23.0,60.0,20.0,51.0,73.0,23.0,1.0
32.7905472222,-117.2301472222,2025-02-01 22:07:00+00:00,Isocoma menziesii,Coastal Goldenbush,Plantae,2.0,1.1031581163406372,90.0,0.1304217278957367,22.0,23.0,-2.0,0.0,0.0,0.0,1.0
32.7901833333,-117.2305972222,2025-02-01 22:13:00+00:00,Isocoma menziesii,Coastal Goldenbush,Plantae,0.0,2.157266616821289,149.25709533691406,0.08216650038957596,23.0,65.0,-2.0,0.0,0.0,0.0,1.0
32.795555,-117.2304616667,2025-02-11 23:09:16+00:00,Isocoma menziesii,Coastal Goldenbush,Plantae,4.0,4.404727935791016,90.0,0.13322186470031738,22.0,38.0,20.0,51.0,73.0,23.0,1.0
32.7955174819,-117.230482204,2025-05-24 17:26:28+00:00,Isocoma menziesii,Coastal Goldenbush,Plantae,4.0,4.404727935791016,90.0,0.13322186470031738,22.0,38.0,20.0,51.0,73.0,23.0,1.0
32.7895333333,-117.2320416667,2025-07-12 15:24:00+00:00,Isocoma menziesii,Coastal Goldenbush,Plantae,4.0,10.82621955871582,53.66242980957031,0.13233546912670135,22.0,49.0,-2.0,51.0,72.0,22.0,1.0
32.7954111117,-117.2304722217,2025-08-15 20:06:00+00:00,Isocoma menziesii,Coastal Goldenbush,Plantae,4.0,4.404727935791016,90.0,0.13322186470031738,22.0,38.0,20.0,51.0,73.0,23.0,1.0
32.7954740968,-117.2305170354,2025-09-13 16:17:00+00:00,Isocoma menziesii,Coastal Goldenbush,Plantae,4.0,4.404727935791016,90.0,0.13322186470031738,22.0,38.0,20.0,51.0,73.0,23.0,1.0
32.7906037842,-117.2302301437,2025-11-08 17:53:02+00:00,Isocoma menziesii,Coastal Goldenbush,Plantae,2.0,1.1031581163406372,90.0,0.1304217278957367,22.0,23.0,-2.0,0.0,0.0,0.0,1.0
32.7956695557,-117.2305145264,2025-11-09 18:24:07+00:00,Isocoma menziesii,Coastal Goldenbush,Plantae,4.0,4.404741287231445,90.0,0.1194462776184082,23.0,50.0,20.0,51.0,73.0,23.0,1.0
32.7956083333,-117.23037,2025-11-28 18:26:29+00:00,Isocoma menziesii,Coastal Goldenbush,Plantae,2.0,3.4334511756896973,105.6529769897461,0.16354915499687195,22.0,31.0,20.0,51.0,73.0,23.0,1.0
32.795636795,-117.2304024974,2025-12-16 20:21:22+00:00,Isocoma menziesii,Coastal Goldenbush,Plantae,2.0,3.4334511756896973,105.6529769897461,0.16354915499687195,22.0,31.0,20.0,51.0,73.0,23.0,1.0
32.7954202772,-117.2301615632,2025-12-16 21:59:00+00:00,Isocoma menziesii,Coastal Goldenbush,Plantae,2.0,3.433441400527954,74.34697723388672,0.1708993762731552,22.0,39.0,20.0,51.0,73.0,23.0,1.0
32.7904937882,-117.230390506,2026-01-15 17:24:14+00:00,Isocoma menziesii,Coastal Goldenbush,Plantae,2.0,1.1031581163406372,90.0,0.1304217278957367,22.0,23.0,-2.0,0.0,0.0,0.0,1.0
32.79578561,-117.23054058,2024-04-27 16:30:07+00:00,Iva,Marsh elders,Plantae,4.0,4.404741287231445,90.0,0.1194462776184082,23.0,50.0,20.0,51.0,73.0,23.0,1.0
32.7955131531,-117.2303924561,2018-06-22 21:56:34+00:00,Iva hayesiana,San Diego marsh-elder,Plantae,2.0,3.433441400527954,74.34697723388672,0.1708993762731552,22.0,39.0,20.0,51.0,73.0,23.0,1.0
32.7959283333,-117.2305,2021-06-19 18:46:49+00:00,Iva hayesiana,San Diego marsh-elder,Plantae,4.0,2.205636501312256,90.0,0.0928410217165947,23.0,68.0,20.0,51.0,73.0,23.0,1.0
32.7951216667,-117.2302866667,2024-04-28 01:00:34+00:00,Iva hayesiana,San Diego marsh-elder,Plantae,3.0,2.880366325378418,49.949214935302734,0.1823185831308365,22.0,42.0,20.0,51.0,73.0,23.0,1.0
32.7959111111,-117.2301638889,2024-06-20 22:48:00+00:00,Iva hayesiana,San Diego marsh-elder,Plantae,3.0,2.1573052406311035,149.25535583496094,0.10808767378330231,23.0,61.0,20.0,51.0,73.0,23.0,1.0
32.7951046599,-117.2303067922,2025-04-11 21:09:40+00:00,Iva hayesiana,San Diego marsh-elder,Plantae,3.0,2.880366325378418,49.949214935302734,0.1823185831308365,22.0,42.0,20.0,51.0,73.0,23.0,1.0
32.7958042349,-117.2306593881,2025-04-26 16:45:08+00:00,Iva hayesiana,San Diego marsh-elder,Plantae,4.0,4.404741287231445,90.0,0.1194462776184082,23.0,50.0,20.0,51.0,73.0,23.0,1.0
32.7950064792,-117.2303683778,2025-05-24 16:29:03+00:00,Iva hayesiana,San Diego marsh-elder,Plantae,4.0,2.392300605773926,67.20264434814453,0.17610977590084076,23.0,63.0,20.0,50.0,72.0,23.0,1.0
32.7950334063,-117.2303354541,2025-05-24 16:34:15+00:00,Iva hayesiana,San Diego marsh-elder,Plantae,4.0,2.392300605773926,67.20264434814453,0.17610977590084076,23.0,63.0,20.0,50.0,72.0,23.0,1.0
32.79521183,-117.23043441,2025-06-07 17:38:22+00:00,Iva hayesiana,San Diego marsh-elder,Plantae,4.0,3.433431386947632,74.34693145751953,0.1391647309064865,22.0,42.0,20.0,51.0,73.0,23.0,1.0
32.7952,-117.2304138883,2025-08-15 20:07:00+00:00,Iva hayesiana,San Diego marsh-elder,Plantae,3.0,2.880366325378418,49.949214935302734,0.1823185831308365,22.0,42.0,20.0,51.0,73.0,23.0,1.0
32.795845,-117.2305133333,2025-10-25 16:30:22+00:00,Iva hayesiana,San Diego marsh-elder,Plantae,4.0,4.404741287231445,90.0,0.1194462776184082,23.0,50.0,20.0,51.0,73.0,23.0,1.0
32.7959234384,-117.2304222104,2025-10-25 17:12:06+00:00,Iva hayesiana,San Diego marsh-elder,Plantae,4.0,2.205636501312256,90.0,0.0928410217165947,23.0,68.0,20.0,51.0,73.0,23.0,1.0
32.7959251404,-117.2305374146,2025-11-09 18:55:04+00:00,Iva hayesiana,San Diego marsh-elder,Plantae,4.0,2.205636501312256,90.0,0.0928410217165947,23.0,68.0,20.0,51.0,73.0,23.0,1.0
32.7952308604,-117.2303756699,2025-12-16 20:08:26+00:00,Iva hayesiana,San Diego marsh-elder,Plantae,3.0,2.880366325378418,49.949214935302734,0.1823185831308365,22.0,42.0,20.0,51.0,73.0,23.0,1.0
32.7906266414,-117.2299394758,2017-06-04 22:54:10+00:00,Jaumea carnosa,Marsh Jaumea,Plantae,1.0,1.4410488605499268,49.947715759277344,0.12852990627288818,22.0,49.0,-2.0,0.0,0.0,0.0,1.0
32.7947636973,-117.2296145094,2018-07-05 18:43:52+00:00,Jaumea carnosa,Marsh Jaumea,Plantae,0.0,4.5005106925964355,101.86824035644531,0.19309589266777039,95.0,0.0,20.0,50.0,72.0,23.0,1.0
32.7906747134,-117.230123996,2020-03-11 22:34:27+00:00,Jaumea carnosa,Marsh Jaumea,Plantae,1.0,1.4410488605499268,49.947715759277344,0.12852990627288818,22.0,49.0,-2.0,0.0,0.0,0.0,1.0
32.79097,-117.229745,2021-05-05 20:59:03+00:00,Jaumea carnosa,Marsh Jaumea,Plantae,1.0,2.3922054767608643,292.7983093261719,0.05830712243914604,23.0,67.0,-2.0,49.0,72.0,24.0,1.0
32.7907361111,-117.22995,2022-04-27 20:31:00+00:00,Jaumea carnosa,Marsh Jaumea,Plantae,1.0,1.4410488605499268,49.947715759277344,0.12852990627288818,22.0,49.0,-2.0,0.0,0.0,0.0,1.0
32.7905777778,-117.2305916667,2023-06-20 18:00:00+00:00,Jaumea carnosa,Marsh Jaumea,Plantae,2.0,1.4410488605499268,310.0522766113281,0.13278251886367798,95.0,0.0,-2.0,0.0,0.0,0.0,1.0
32.7944533333,-117.2276533333,2024-04-27 23:59:52+00:00,Jaumea carnosa,Marsh Jaumea,Plantae,1.0,1.1032062768936157,270.0,0.15007136762142181,95.0,0.0,20.0,47.0,71.0,24.0,1.0
32.7907030424,-117.2300103028,2024-05-11 17:21:28+00:00,Jaumea carnosa,Marsh Jaumea,Plantae,1.0,1.4410488605499268,49.947715759277344,0.12852990627288818,22.0,49.0,-2.0,0.0,0.0,0.0,1.0
32.7909431483,-117.230818592,2025-07-02 19:08:37+00:00,Jaumea carnosa,Marsh Jaumea,Plantae,-1.0,4.315885066986084,310.05218505859375,0.17486731708049774,95.0,0.0,-2.0,49.0,72.0,24.0,1.0
32.7911552997,-117.2299823997,2025-07-25 23:34:16+00:00,Jaumea carnosa,Marsh Jaumea,Plantae,-1.0,1.4410542249679565,310.0521240234375,0.11681777983903885,95.0,0.0,-2.0,49.0,72.0,24.0,1.0
32.7939999449,-117.2292383996,2025-10-13 14:40:17+00:00,Jaumea carnosa,Marsh Jaumea,Plantae,0.0,1.4410831928253174,229.94886779785156,0.18536525964736938,95.0,0.0,20.0,50.0,72.0,23.0,1.0
32.7906291195,-117.2301029858,2025-11-08 17:36:54+00:00,Jaumea carnosa,Marsh Jaumea,Plantae,1.0,1.4410488605499268,49.947715759277344,0.12852990627288818,22.0,49.0,-2.0,0.0,0.0,0.0,1.0
32.7947417897,-117.2251535939,2026-01-21 21:01:00+00:00,Jaumea carnosa,Marsh Jaumea,Plantae,1.0,3.4334115982055664,74.34683227539062,0.16425523161888123,95.0,0.0,20.0,41.0,73.0,28.0,1.0
32.7947616667,-117.227775,2026-01-21 21:54:03+00:00,Jaumea carnosa,Marsh Jaumea,Plantae,0.0,2.157296657562256,210.74424743652344,0.12678247690200806,21.0,17.0,20.0,47.0,71.0,24.0,1.0
32.7944361111,-117.2296222222,2026-01-21 22:26:00+00:00,Jaumea carnosa,Marsh Jaumea,Plantae,0.0,4.404673099517822,90.0,0.18154244124889374,22.0,45.0,20.0,50.0,72.0,23.0,1.0
32.795728047,-117.2283777411,2026-01-21 22:48:00+00:00,Jaumea carnosa,Marsh Jaumea,Plantae,0.0,3.7888824939727783,240.73355102539062,0.16690227389335632,22.0,31.0,20.0,49.0,73.0,21.0,1.0
32.7958602179,-117.2281235364,2025-04-26 17:40:34+00:00,Juncus,Rushes,Plantae,3.0,5.576545715332031,260.45660400390625,0.14933940768241882,22.0,32.0,20.0,49.0,73.0,21.0,1.0
32.7952664218,-117.2303230598,2025-05-24 16:40:42+00:00,Juncus acutus,spiny rush,Plantae,3.0,2.880366325378418,49.949214935302734,0.1823185831308365,22.0,42.0,20.0,51.0,73.0,23.0,1.0
32.7954601449,-117.2291932882,2026-01-24 00:17:49+00:00,Juncus acutus,spiny rush,Plantae,0.0,3.5467634201049805,141.58290100097656,0.1919148564338684,95.0,0.0,20.0,51.0,73.0,23.0,1.0
32.7958023374,-117.2303069624,2024-01-28 00:18:00+00:00,Juncus acutus leopoldii,Southwestern Spiny Rush,Plantae,2.0,3.4334511756896973,105.6529769897461,0.16354915499687195,22.0,31.0,20.0,51.0,73.0,23.0,1.0
32.79523,-117.2303083333,2024-04-28 01:03:57+00:00,Juncus acutus leopoldii,Southwestern Spiny Rush,Plantae,3.0,2.880366325378418,49.949214935302734,0.1823185831308365,22.0,42.0,20.0,51.0,73.0,23.0,1.0
32.789495,-117.2317966667,2022-04-27 21:16:26+00:00,Laennecia,,Plantae,-1.0,4.959386348724365,41.737728118896484,0.1649165153503418,22.0,23.0,-2.0,51.0,72.0,22.0,1.0
32.79572,-117.2293166667,2024-09-26 18:49:43+00:00,Laennecia,,Plantae,1.0,2.9905333518981934,158.36972045898438,0.18014676868915558,22.0,36.0,20.0,51.0,73.0,23.0,1.0
32.7924367157,-117.2303082006,2024-05-11 16:41:48+00:00,Laennecia coulteri,Coulter's horseweed,Plantae,-2.0,2.3922436237335205,112.79792785644531,0.19795022904872894,95.0,0.0,20.0,49.0,72.0,24.0,1.0
32.7893959685,-117.2313687579,2024-05-11 16:46:53+00:00,Laminariales,Kelps,Chromista,0.0,1.4410357475280762,130.05271911621094,-0.003465859452262521,24.0,94.0,-2.0,51.0,72.0,22.0,1.0
32.7960583333,-117.2300944444,2024-06-19 23:07:00+00:00,Lampropeltis californiae,California King Snake,Reptilia,3.0,2.7802884578704834,180.0,0.12967248260974884,23.0,60.0,20.0,51.0,73.0,23.0,1.0
32.790805,-117.2287833333,2021-05-05 20:54:29+00:00,Larus,Large White-headed Gulls,Aves,3.0,3.5466909408569336,141.58438110351562,0.13433071970939636,11.0,0.0,-2.0,48.0,70.0,23.0,1.0
32.793608,-117.228662,2012-12-31 15:44:05+00:00,Larus delawarensis,Ring-billed Gull,Aves,-1.0,1.1031960248947144,270.0,0.14593544602394104,95.0,0.0,20.0,47.0,71.0,24.0,1.0
32.7896283445,-117.2312836586,2022-12-03 22:18:00+00:00,Larus delawarensis,Ring-billed Gull,Aves,1.0,1.4410383701324463,130.05264282226562,0.06408825516700745,23.0,71.0,-2.0,51.0,72.0,22.0,1.0
32.7960596052,-117.2295073717,2025-02-01 15:19:00+00:00,Larus delawarensis,Ring-billed Gull,Aves,2.0,2.7802884578704834,180.0,0.14166799187660217,23.0,67.0,20.0,51.0,73.0,23.0,1.0
32.7932916667,-117.2239694444,2026-01-17 21:56:00+00:00,Larus delawarensis,Ring-billed Gull,Aves,1.0,1.4410752058029175,229.94859313964844,0.06297077238559723,23.0,58.0,1.0,0.0,0.0,0.0,1.0
32.7903716667,-117.230095,2019-03-06 21:05:39+00:00,Larus occidentalis,Western Gull,Aves,0.0,0.9274099469184875,180.0,0.015301791951060295,24.0,88.0,-2.0,0.0,0.0,0.0,1.0
32.78960833,-117.23134667,2020-03-04 12:53:17+00:00,Larus occidentalis,Western Gull,Aves,1.0,1.4410383701324463,130.05264282226562,0.06408825516700745,23.0,71.0,-2.0,51.0,72.0,22.0,1.0
32.7953045774,-117.2293783674,2022-02-05 17:40:00+00:00,Larus occidentalis,Western Gull,Aves,-1.0,3.7888643741607666,119.26659393310547,0.18101051449775696,95.0,0.0,20.0,51.0,73.0,23.0,1.0
32.7896802058,-117.2311870991,2022-12-03 22:18:00+00:00,Larus occidentalis,Western Gull,Aves,1.0,1.4410409927368164,130.05255126953125,0.14953842759132385,23.0,58.0,-2.0,0.0,0.0,0.0,1.0
32.7951132886,-117.2293295694,2024-01-12 16:34:00+00:00,Larus occidentalis,Western Gull,Aves,-2.0,2.1572999954223633,149.25559997558594,0.175980344414711,22.0,20.0,20.0,51.0,73.0,23.0,1.0
32.7896317954,-117.2322471669,2024-05-11 19:53:00+00:00,Larus occidentalis,Western Gull,Aves,4.0,10.82621955871582,53.66242980957031,0.13233546912670135,22.0,49.0,-2.0,51.0,72.0,22.0,1.0
32.7960153361,-117.2293741613,2025-02-01 15:53:00+00:00,Larus occidentalis,Western Gull,Aves,2.0,2.7802884578704834,180.0,0.14166799187660217,23.0,67.0,20.0,51.0,73.0,23.0,1.0
32.795323189,-117.2290849748,2025-02-01 16:16:00+00:00,Larus occidentalis,Western Gull,Aves,-2.0,2.1572999954223633,149.25559997558594,0.175980344414711,22.0,20.0,20.0,51.0,73.0,23.0,1.0
32.7956156585,-117.2298815666,2025-05-04 16:26:00+00:00,Larus occidentalis,Western Gull,Aves,1.0,2.15730357170105,149.25543212890625,0.19868019223213196,22.0,40.0,20.0,51.0,73.0,23.0,1.0
32.7960552282,-117.2299988709,2025-08-07 01:52:10+00:00,Larus occidentalis,Western Gull,Aves,3.0,2.7802884578704834,180.0,0.12967248260974884,23.0,60.0,20.0,51.0,73.0,23.0,1.0
32.7910968135,-117.2294277155,2025-09-13 19:13:44+00:00,Larus occidentalis,Western Gull,Aves,2.0,3.30622935295105,270.0,0.07399355620145798,11.0,0.0,-2.0,49.0,72.0,24.0,1.0
32.7958533333,-117.2305583333,2025-12-14 18:56:51+00:00,Larus occidentalis,Western Gull,Aves,4.0,4.404741287231445,90.0,0.1194462776184082,23.0,50.0,20.0,51.0,73.0,23.0,1.0
32.7958533333,-117.2305583333,2025-12-14 19:09:04+00:00,Larus occidentalis,Western Gull,Aves,4.0,4.404741287231445,90.0,0.1194462776184082,23.0,50.0,20.0,51.0,73.0,23.0,1.0
32.7958533333,-117.2305583333,2025-12-14 19:09:00+00:00,Larus smithsonianus,American Herring Gull,Aves,4.0,4.404741287231445,90.0,0.1194462776184082,23.0,50.0,20.0,51.0,73.0,23.0,1.0
32.7957138889,-117.2305222222,2024-12-14 16:13:00+00:00,Latrodectus geometricus,Brown Widow,Arachnida,4.0,4.404741287231445,90.0,0.1194462776184082,23.0,50.0,20.0,51.0,73.0,23.0,1.0
32.7950714927,-117.2303898033,2015-02-05 12:59:00+00:00,Leiothlypis celata,Orange-crowned Warbler,Aves,3.0,2.880366325378418,49.949214935302734,0.1823185831308365,22.0,42.0,20.0,51.0,73.0,23.0,1.0
32.7894107896,-117.2318906768,2022-12-12 22:10:00+00:00,Leiothlypis celata,Orange-crowned Warbler,Aves,-1.0,4.959386348724365,41.737728118896484,0.1649165153503418,22.0,23.0,-2.0,51.0,72.0,22.0,1.0
32.7908535527,-117.2321368626,2022-12-12 22:36:00+00:00,Leiothlypis celata,Orange-crowned Warbler,Aves,8.0,4.404494762420654,90.0,0.07171253114938736,23.0,79.0,-2.0,39.0,75.0,31.0,1.0
32.7959477038,-117.2303900711,2023-01-21 15:23:00+00:00,Leiothlypis celata,Orange-crowned Warbler,Aves,3.0,2.1573052406311035,149.25535583496094,0.10808767378330231,23.0,61.0,20.0,51.0,73.0,23.0,1.0
32.7962277124,-117.2294137627,2023-05-17 00:36:00+00:00,Leiothlypis celata,Orange-crowned Warbler,Aves,4.0,3.546776294708252,218.4173583984375,0.1059708297252655,23.0,75.0,20.0,51.0,73.0,23.0,1.0
32.7924166931,-117.2296683265,2024-01-14 22:31:00+00:00,Leiothlypis celata,Orange-crowned Warbler,Aves,-2.0,2.1572823524475098,210.74362182617188,0.2118079662322998,21.0,16.0,20.0,49.0,72.0,24.0,1.0
32.7957693766,-117.2298898406,2025-04-11 22:04:33+00:00,Leiothlypis celata,Orange-crowned Warbler,Aves,1.0,2.15730357170105,149.25543212890625,0.19868019223213196,22.0,40.0,20.0,51.0,73.0,23.0,1.0
32.795602,-117.230559,2022-04-23 16:22:00+00:00,Lema,,Insecta,4.0,4.404727935791016,90.0,0.13322186470031738,22.0,38.0,20.0,51.0,73.0,23.0,1.0
32.7952716705,-117.229687001,2022-04-23 16:32:00+00:00,Lema daturaphila,Three-lined Potato Beetle,Insecta,1.0,3.3063838481903076,90.0,0.18101051449775696,95.0,0.0,20.0,51.0,73.0,23.0,1.0
32.79136667,-117.23110833,2020-03-11 23:48:56+00:00,Lepidium didymum,Lesser swine-cress,Plantae,-1.0,3.5466995239257812,141.58421325683594,0.1828867793083191,22.0,24.0,-2.0,49.0,72.0,24.0,1.0
32.7956783333,-117.2305366667,2022-04-06 01:01:29+00:00,Lepidium didymum,Lesser swine-cress,Plantae,4.0,4.404741287231445,90.0,0.1194462776184082,23.0,50.0,20.0,51.0,73.0,23.0,1.0
32.795845,-117.2305666667,2022-04-06 01:17:39+00:00,Lepidium didymum,Lesser swine-cress,Plantae,4.0,4.404741287231445,90.0,0.1194462776184082,23.0,50.0,20.0,51.0,73.0,23.0,1.0
32.7957533333,-117.2304916667,2025-04-26 16:57:57+00:00,Lepidium didymum,Lesser swine-cress,Plantae,4.0,4.404741287231445,90.0,0.1194462776184082,23.0,50.0,20.0,51.0,73.0,23.0,1.0
32.7959348588,-117.2305608262,2025-05-24 16:23:27+00:00,Lepidium didymum,Lesser swine-cress,Plantae,4.0,2.205636501312256,90.0,0.0928410217165947,23.0,68.0,20.0,51.0,73.0,23.0,1.0
32.7894069907,-117.2315935605,2024-05-11 16:47:07+00:00,Lepidoptera,Butterflies and Moths,Insecta,1.0,3.5466694831848145,321.5848083496094,0.14769913256168365,22.0,46.0,-2.0,51.0,72.0,22.0,1.0
32.7899638889,-117.2323138889,2024-05-25 20:40:00+00:00,Lepidoptera,Butterflies and Moths,Insecta,4.0,6.154666900634766,116.76622772216797,0.11876685172319412,23.0,64.0,-2.0,51.0,72.0,22.0,1.0
32.7962131,-117.22951855,2023-01-13 22:39:36+00:00,Lepismatidae,Typical Silverfishes,Insecta,4.0,3.546776294708252,218.4173583984375,0.1059708297252655,23.0,75.0,20.0,51.0,73.0,23.0,1.0
32.7918883333,-117.2317116667,2024-01-27 22:35:28+00:00,Leporidae,Hares and Rabbits,Mammalia,5.0,5.576310157775879,99.5438003540039,0.20743371546268463,22.0,44.0,20.0,39.0,75.0,31.0,1.0
32.79159,-117.23061,2018-04-11 20:50:00+00:00,Leptocottus armatus,Pacific Staghorn Sculpin,Actinopterygii,-1.0,1.1031718254089355,90.0,0.13833141326904297,95.0,0.0,20.0,49.0,72.0,24.0,1.0
32.7911818975,-117.2293601185,2023-03-11 18:49:31+00:00,Leptocottus armatus,Pacific Staghorn Sculpin,Actinopterygii,2.0,3.30622935295105,270.0,0.07399355620145798,11.0,0.0,-2.0,49.0,72.0,24.0,1.0
32.7911283333,-117.2291033333,2023-05-13 17:17:38+00:00,Leptocottus armatus,Pacific Staghorn Sculpin,Actinopterygii,3.0,2.3922119140625,292.7982482910156,0.085202157497406,11.0,0.0,-2.0,49.0,72.0,24.0,1.0
32.7960517654,-117.230071821,2019-09-20 19:03:00+00:00,Leptotes marina,Marine Blue,Insecta,3.0,2.7802884578704834,180.0,0.12967248260974884,23.0,60.0,20.0,51.0,73.0,23.0,1.0
32.7953788247,-117.2304718941,2025-08-15 16:29:40+00:00,Leptotes marina,Marine Blue,Insecta,4.0,4.404727935791016,90.0,0.13322186470031738,22.0,38.0,20.0,51.0,73.0,23.0,1.0
32.7914056186,-117.2296188079,2018-04-11 20:00:49+00:00,Leptuca crenulata,Mexican Fiddler Crab,Animalia,0.0,3.306239604949951,270.0,0.1820506900548935,95.0,0.0,-2.0,49.0,72.0,24.0,1.0
32.7907575635,-117.2309655373,2018-04-11 20:13:39+00:00,Leptuca crenulata,Mexican Fiddler Crab,Animalia,-2.0,0.9274099469184875,-0.0,0.171094611287117,21.0,7.0,-2.0,49.0,72.0,24.0,1.0
32.7927780151,-117.2311096191,2018-04-11 20:37:48+00:00,Leptuca crenulata,Mexican Fiddler Crab,Animalia,2.0,8.029680252075195,125.01235961914062,0.15860658884048462,22.0,49.0,20.0,49.0,72.0,24.0,1.0
32.791325,-117.229255,2018-04-11 20:47:27+00:00,Leptuca crenulata,Mexican Fiddler Crab,Animalia,2.0,2.157275438308716,329.2566833496094,0.20044872164726257,95.0,0.0,-2.0,49.0,72.0,24.0,1.0
32.7914129896,-117.229582742,2018-04-11 20:56:46+00:00,Leptuca crenulata,Mexican Fiddler Crab,Animalia,1.0,2.3922181129455566,292.7981872558594,0.1820506900548935,95.0,0.0,-2.0,49.0,72.0,24.0,1.0
32.79550423,-117.22913845,2024-09-26 19:10:33+00:00,Leptuca crenulata,Mexican Fiddler Crab,Animalia,0.0,3.5467634201049805,141.58290100097656,0.1919148564338684,95.0,0.0,20.0,51.0,73.0,23.0,1.0
32.7944633333,-117.2277366667,2025-02-11 22:19:00+00:00,Leptuca crenulata,Mexican Fiddler Crab,Animalia,0.0,1.1032062768936157,270.0,0.15007136762142181,22.0,25.0,20.0,47.0,71.0,24.0,1.0
32.7955583333,-117.2288138889,2026-01-21 22:38:00+00:00,Leptuca crenulata,Mexican Fiddler Crab,Animalia,-1.0,2.157301902770996,149.25552368164062,0.19442236423492432,22.0,38.0,20.0,49.0,73.0,21.0,1.0
32.7957528211,-117.2305999696,2025-04-18 03:24:37+00:00,Leucaniini,Wainscot Moths,Insecta,4.0,4.404741287231445,90.0,0.1194462776184082,23.0,50.0,20.0,51.0,73.0,23.0,1.0
32.795455,-117.2305133333,2025-02-11 23:18:52+00:00,Leymus,,Plantae,4.0,4.404727935791016,90.0,0.13322186470031738,22.0,38.0,20.0,51.0,73.0,23.0,1.0
32.7955366667,-117.2303383333,2024-04-28 01:09:22+00:00,Leymus condensatus,giant wild rye,Plantae,2.0,3.433441400527954,74.34697723388672,0.1708993762731552,22.0,39.0,20.0,51.0,73.0,23.0,1.0
32.7954944444,-117.2305444444,2024-09-14 16:36:00+00:00,Leymus condensatus,giant wild rye,Plantae,4.0,4.404727935791016,90.0,0.13322186470031738,22.0,38.0,20.0,51.0,73.0,23.0,1.0
32.7959988,-117.2303332,2025-04-26 18:02:00+00:00,Leymus condensatus,giant wild rye,Plantae,3.0,2.1573052406311035,149.25535583496094,0.10808767378330231,23.0,61.0,20.0,51.0,73.0,23.0,1.0
32.7956458088,-117.2304541246,2025-05-24 16:53:15+00:00,Leymus condensatus,giant wild rye,Plantae,4.0,4.404741287231445,90.0,0.1194462776184082,23.0,50.0,20.0,51.0,73.0,23.0,1.0
32.7959363675,-117.2301679664,2025-10-03 17:54:27+00:00,Leymus condensatus,giant wild rye,Plantae,3.0,2.1573052406311035,149.25535583496094,0.10808767378330231,23.0,61.0,20.0,51.0,73.0,23.0,1.0
32.7910883333,-117.229125,2022-04-27 20:45:48+00:00,Life,life,,3.0,2.3922119140625,292.7982482910156,0.085202157497406,11.0,0.0,-2.0,49.0,72.0,24.0,1.0
32.7908666667,-117.2282783333,2023-01-25 21:31:41+00:00,Life,life,,1.0,2.3922054767608643,112.79830932617188,0.16133198142051697,11.0,0.0,-2.0,48.0,70.0,23.0,1.0
32.7932783333,-117.2265466667,2023-01-25 21:55:26+00:00,Life,life,,0.0,0.0,-0.0,-0.0336972177028656,11.0,0.0,20.0,41.0,73.0,28.0,1.0
32.7954716667,-117.2295833333,2024-04-27 23:14:53+00:00,Life,life,,1.0,2.157301902770996,149.25552368164062,0.19635267555713654,22.0,39.0,20.0,51.0,73.0,23.0,1.0
32.7913366667,-117.229805,2024-07-14 17:40:19+00:00,Life,life,,0.0,3.306239604949951,270.0,0.1820506900548935,95.0,0.0,-2.0,49.0,72.0,24.0,1.0
32.7945133333,-117.2276833333,2025-02-11 22:26:43+00:00,Life,life,,1.0,1.1032062768936157,270.0,0.15007136762142181,95.0,0.0,20.0,47.0,71.0,24.0,1.0
32.7909888889,-117.2293388889,2026-01-10 17:34:00+00:00,Life,life,,1.0,2.880282163619995,229.9477996826172,0.05830712243914604,23.0,65.0,-2.0,49.0,72.0,24.0,1.0
32.78974665,-117.23129279,2024-05-11 16:56:21+00:00,Ligia,Sea Slaters,Animalia,1.0,4.315853595733643,310.05255126953125,0.14953842759132385,23.0,58.0,-2.0,51.0,72.0,22.0,1.0
32.79113,-117.23008,2025-05-10 17:49:58+00:00,Ligia,Sea Slaters,Animalia,-1.0,1.4410542249679565,310.0521240234375,0.11681777983903885,95.0,0.0,-2.0,49.0,72.0,24.0,1.0
32.7930581852,-117.2309166949,2024-01-27 23:28:00+00:00,Ligia occidentalis,Western Sea Slater,Animalia,3.0,6.375370979309082,136.41871643066406,0.19934386014938354,23.0,50.0,20.0,50.0,72.0,23.0,1.0
32.7930816258,-117.2309045089,2024-01-28 01:48:00+00:00,Ligia occidentalis,Western Sea Slater,Animalia,3.0,6.375370979309082,136.41871643066406,0.19934386014938354,23.0,50.0,20.0,50.0,72.0,23.0,1.0
32.795575,-117.22902,2025-02-11 22:06:31+00:00,Ligia occidentalis,Western Sea Slater,Animalia,-1.0,2.157301902770996,149.25552368164062,0.19442236423492432,22.0,38.0,20.0,49.0,73.0,21.0,1.0
32.7902833837,-117.2312348,2018-11-10 17:37:34+00:00,Limnodromus,Dowitchers,Aves,-2.0,0.0,-0.0,0.1580936759710312,23.0,61.0,-2.0,51.0,72.0,22.0,1.0
32.7950383333,-117.2287966667,2023-02-04 19:17:14+00:00,Limonium,Sea-Lavenders,Plantae,-1.0,3.4334213733673096,285.6531066894531,0.13766473531723022,22.0,49.0,20.0,47.0,71.0,24.0,1.0
32.7962083333,-117.2295083333,2023-11-18 17:53:51+00:00,Limonium,Sea-Lavenders,Plantae,4.0,3.546776294708252,218.4173583984375,0.1059708297252655,23.0,75.0,20.0,51.0,73.0,23.0,1.0
32.7948608398,-117.2283172607,2024-02-03 18:27:22+00:00,Limonium,Sea-Lavenders,Plantae,1.0,2.205609083175659,270.0,0.12666849792003632,22.0,41.0,20.0,47.0,71.0,24.0,1.0
32.7960788565,-117.2294838032,2024-03-02 22:04:27+00:00,Limonium,Sea-Lavenders,Plantae,2.0,2.7802884578704834,180.0,0.14166799187660217,23.0,67.0,20.0,51.0,73.0,23.0,1.0
32.7910485864,-117.2297502962,2024-05-11 17:06:46+00:00,Limonium,Sea-Lavenders,Plantae,0.0,3.4332826137542725,285.6537780761719,0.07399355620145798,11.0,0.0,-2.0,49.0,72.0,24.0,1.0
32.7907172079,-117.2299740092,2024-05-11 17:22:07+00:00,Limonium,Sea-Lavenders,Plantae,1.0,1.4410488605499268,49.947715759277344,0.12852990627288818,22.0,49.0,-2.0,0.0,0.0,0.0,1.0
32.7949447804,-117.2298973849,2025-02-10 23:14:02+00:00,Limonium,Sea-Lavenders,Plantae,3.0,3.4334213733673096,74.34688568115234,0.19704212248325348,22.0,29.0,20.0,50.0,72.0,23.0,1.0
32.7947866667,-117.2277716667,2026-01-21 22:44:00+00:00,Limonium,Sea-Lavenders,Plantae,0.0,2.157296657562256,210.74424743652344,0.12678247690200806,21.0,17.0,20.0,47.0,71.0,24.0,1.0
32.7912716667,-117.229255,2018-04-11 20:37:29+00:00,Limonium californicum,Western Marsh Rosemary,Plantae,3.0,2.3922119140625,292.7982482910156,0.085202157497406,11.0,0.0,-2.0,49.0,72.0,24.0,1.0
32.791375,-117.229325,2018-04-11 20:50:00+00:00,Limonium californicum,Western Marsh Rosemary,Plantae,2.0,2.157275438308716,329.2566833496094,0.20044872164726257,95.0,0.0,-2.0,49.0,72.0,24.0,1.0
32.7913866667,-117.2293916667,2018-04-11 20:55:47+00:00,Limonium californicum,Western Marsh Rosemary,Plantae,1.0,2.3922181129455566,292.7981872558594,0.1820506900548935,95.0,0.0,-2.0,49.0,72.0,24.0,1.0
32.7911633333,-117.2299333333,2018-04-11 21:27:09+00:00,Limonium californicum,Western Marsh Rosemary,Plantae,-1.0,1.4410542249679565,310.0521240234375,0.11681777983903885,95.0,0.0,-2.0,49.0,72.0,24.0,1.0
32.791084,-117.231082,2018-04-12 20:30:00+00:00,Limonium californicum,Western Marsh Rosemary,Plantae,-2.0,1.4410542249679565,130.05210876464844,0.17603649199008942,22.0,25.0,-2.0,49.0,72.0,24.0,1.0
32.795135498,-117.2302398682,2018-07-20 18:03:56+00:00,Limonium californicum,Western Marsh Rosemary,Plantae,3.0,2.880366325378418,49.949214935302734,0.1823185831308365,22.0,42.0,20.0,51.0,73.0,23.0,1.0
32.79572,-117.22857,2019-02-10 18:14:13+00:00,Limonium californicum,Western Marsh Rosemary,Plantae,0.0,2.7802884578704834,180.0,0.18270500004291534,22.0,31.0,20.0,49.0,73.0,21.0,1.0
32.7912129903,-117.2292191942,2019-03-06 20:54:27+00:00,Limonium californicum,Western Marsh Rosemary,Plantae,3.0,2.3922119140625,292.7982482910156,0.085202157497406,11.0,0.0,-2.0,49.0,72.0,24.0,1.0
32.7912203316,-117.2298912798,2019-03-06 20:59:44+00:00,Limonium californicum,Western Marsh Rosemary,Plantae,-1.0,1.4410542249679565,310.0521240234375,0.11681777983903885,95.0,0.0,-2.0,49.0,72.0,24.0,1.0
32.7908266336,-117.230070904,2019-03-06 21:17:35+00:00,Limonium californicum,Western Marsh Rosemary,Plantae,-1.0,2.1572718620300293,329.2568664550781,0.16060450673103333,23.0,67.0,-2.0,49.0,72.0,24.0,1.0
32.7911533333,-117.22998,2019-03-06 21:22:45+00:00,Limonium californicum,Western Marsh Rosemary,Plantae,-1.0,1.4410542249679565,310.0521240234375,0.11681777983903885,95.0,0.0,-2.0,49.0,72.0,24.0,1.0
32.79562833,-117.22943833,2020-01-25 21:14:06+00:00,Limonium californicum,Western Marsh Rosemary,Plantae,1.0,0.9274099469184875,180.0,0.19704265892505646,22.0,45.0,20.0,51.0,73.0,23.0,1.0
32.7919807434,-117.2313995361,2020-01-26 23:36:45+00:00,Limonium californicum,Western Marsh Rosemary,Plantae,2.0,5.576310157775879,80.4561996459961,0.20305684208869934,22.0,44.0,20.0,39.0,75.0,31.0,1.0
32.78962167,-117.23143833,2020-03-04 12:45:12+00:00,Limonium californicum,Western Marsh Rosemary,Plantae,1.0,1.4410383701324463,130.05264282226562,0.06408825516700745,23.0,71.0,-2.0,51.0,72.0,22.0,1.0
32.789545,-117.23153667,2020-03-04 12:54:23+00:00,Limonium californicum,Western Marsh Rosemary,Plantae,1.0,3.5466694831848145,321.5848083496094,0.14769913256168365,22.0,46.0,-2.0,51.0,72.0,22.0,1.0
32.7896194444,-117.2313833333,2020-03-04 21:08:00+00:00,Limonium californicum,Western Marsh Rosemary,Plantae,1.0,1.4410383701324463,130.05264282226562,0.06408825516700745,23.0,71.0,-2.0,51.0,72.0,22.0,1.0
32.7911704382,-117.229901632,2020-03-04 21:36:50+00:00,Limonium californicum,Western Marsh Rosemary,Plantae,-1.0,1.4410542249679565,310.0521240234375,0.11681777983903885,95.0,0.0,-2.0,49.0,72.0,24.0,1.0
32.7912135913,-117.2300149445,2020-03-04 23:36:48+00:00,Limonium californicum,Western Marsh Rosemary,Plantae,-1.0,1.4410542249679565,310.0521240234375,0.11681777983903885,95.0,0.0,-2.0,49.0,72.0,24.0,1.0
32.7899013134,-117.2310218309,2020-03-11 22:18:08+00:00,Limonium californicum,Western Marsh Rosemary,Plantae,1.0,1.4410409927368164,130.05255126953125,0.14953842759132385,23.0,58.0,-2.0,0.0,0.0,0.0,1.0
32.7906916082,-117.2299599571,2020-03-11 22:35:45+00:00,Limonium californicum,Western Marsh Rosemary,Plantae,1.0,1.4410488605499268,49.947715759277344,0.12852990627288818,22.0,49.0,-2.0,0.0,0.0,0.0,1.0
32.78967,-117.23143,2022-04-27 20:13:18+00:00,Limonium californicum,Western Marsh Rosemary,Plantae,1.0,1.4410383701324463,130.05264282226562,0.06408825516700745,23.0,71.0,-2.0,51.0,72.0,22.0,1.0
32.7905666667,-117.2300866667,2022-04-27 20:30:46+00:00,Limonium californicum,Western Marsh Rosemary,Plantae,1.0,1.4410488605499268,49.947715759277344,0.12852990627288818,22.0,49.0,-2.0,0.0,0.0,0.0,1.0
32.79212,-117.22837,2023-01-30 17:56:21+00:00,Limonium californicum,Western Marsh Rosemary,Plantae,-1.0,1.1031787395477295,270.0,0.1867130547761917,21.0,12.0,20.0,48.0,70.0,23.0,1.0
32.7951830663,-117.2279355815,2023-02-04 21:11:00+00:00,Limonium californicum,Western Marsh Rosemary,Plantae,4.0,1.8543341159820557,180.0,0.14789268374443054,23.0,65.0,20.0,49.0,73.0,21.0,1.0
32.7948765023,-117.2293214905,2023-02-04 22:22:00+00:00,Limonium californicum,Western Marsh Rosemary,Plantae,-2.0,1.4410910606384277,49.94912338256836,0.18366976082324982,95.0,0.0,20.0,50.0,72.0,23.0,1.0
32.7904472222,-117.2320333333,2023-06-20 18:00:00+00:00,Limonium californicum,Western Marsh Rosemary,Plantae,5.0,8.457596778869629,139.64630126953125,0.0892673060297966,23.0,50.0,-2.0,51.0,72.0,22.0,1.0
32.7921643015,-117.2315855977,2024-01-27 22:45:30+00:00,Limonium californicum,Western Marsh Rosemary,Plantae,5.0,6.842163562774658,105.65357971191406,0.14658282697200775,23.0,68.0,20.0,39.0,75.0,31.0,1.0
32.7918752548,-117.2311484083,2024-01-27 22:51:56+00:00,Limonium californicum,Western Marsh Rosemary,Plantae,0.0,3.7887566089630127,60.732486724853516,0.20305684208869934,22.0,20.0,20.0,49.0,72.0,24.0,1.0
32.79238,-117.2313833333,2024-01-27 22:57:13+00:00,Limonium californicum,Western Marsh Rosemary,Plantae,3.0,8.505062103271484,115.65796661376953,0.18414336442947388,23.0,67.0,20.0,39.0,75.0,31.0,1.0
32.7939586963,-117.2296313817,2024-02-23 22:34:24+00:00,Limonium californicum,Western Marsh Rosemary,Plantae,0.0,4.4046454429626465,90.0,0.21196001768112183,95.0,0.0,20.0,50.0,72.0,23.0,1.0
32.7893466603,-117.2317390292,2024-05-11 16:44:13+00:00,Limonium californicum,Western Marsh Rosemary,Plantae,1.0,3.433213233947754,74.34590911865234,0.07006639242172241,23.0,62.0,-2.0,51.0,72.0,22.0,1.0
32.7925587583,-117.2313094667,2024-11-19 20:00:00+00:00,Limonium californicum,Western Marsh Rosemary,Plantae,3.0,8.505062103271484,115.65796661376953,0.18414336442947388,23.0,67.0,20.0,39.0,75.0,31.0,1.0
32.7905972222,-117.2300333333,2025-02-01 22:06:00+00:00,Limonium californicum,Western Marsh Rosemary,Plantae,1.0,1.4410488605499268,49.947715759277344,0.12852990627288818,22.0,49.0,-2.0,0.0,0.0,0.0,1.0
32.79568,-117.2290033333,2025-02-11 22:00:46+00:00,Limonium californicum,Western Marsh Rosemary,Plantae,0.0,3.8646881580352783,163.43728637695312,0.20311467349529266,22.0,39.0,20.0,49.0,73.0,21.0,1.0
32.7955033333,-117.2288133333,2025-02-11 22:07:11+00:00,Limonium californicum,Western Marsh Rosemary,Plantae,-1.0,2.157301902770996,149.25552368164062,0.19442236423492432,22.0,38.0,20.0,49.0,73.0,21.0,1.0
32.7945011735,-117.2282784226,2025-02-11 22:18:33+00:00,Limonium californicum,Western Marsh Rosemary,Plantae,0.0,1.8543341159820557,180.0,0.17788663506507874,21.0,12.0,20.0,47.0,71.0,24.0,1.0
32.7948577721,-117.2283659361,2025-03-01 22:13:46+00:00,Limonium californicum,Western Marsh Rosemary,Plantae,1.0,2.205609083175659,270.0,0.12666849792003632,22.0,41.0,20.0,47.0,71.0,24.0,1.0
32.7924549033,-117.2311327805,2025-03-16 20:26:00+00:00,Limonium californicum,Western Marsh Rosemary,Plantae,0.0,5.2028489112854,122.23053741455078,0.18414336442947388,21.0,12.0,20.0,49.0,72.0,24.0,1.0
32.7959612618,-117.228044998,2025-04-26 17:45:45+00:00,Limonium californicum,Western Marsh Rosemary,Plantae,4.0,2.3923258781433105,247.20289611816406,0.15577995777130127,22.0,43.0,20.0,49.0,73.0,21.0,1.0
32.7951090102,-117.2303118605,2025-05-24 16:37:03+00:00,Limonium californicum,Western Marsh Rosemary,Plantae,3.0,2.880366325378418,49.949214935302734,0.1823185831308365,22.0,42.0,20.0,51.0,73.0,23.0,1.0
32.7909352071,-117.230820842,2025-07-02 19:07:27+00:00,Limonium californicum,Western Marsh Rosemary,Plantae,-1.0,4.315885066986084,310.05218505859375,0.17486731708049774,95.0,0.0,-2.0,49.0,72.0,24.0,1.0
32.7908668415,-117.2316614287,2025-07-02 19:21:45+00:00,Limonium californicum,Western Marsh Rosemary,Plantae,0.0,5.576242923736572,99.54391479492188,0.15047627687454224,22.0,23.0,-2.0,39.0,75.0,31.0,1.0
32.7908519765,-117.2310163636,2025-07-26 17:40:00+00:00,Limonium californicum,Western Marsh Rosemary,Plantae,-2.0,0.9274099469184875,-0.0,0.171094611287117,21.0,7.0,-2.0,49.0,72.0,24.0,1.0
32.7952586487,-117.23024508,2025-08-23 16:23:12+00:00,Limonium californicum,Western Marsh Rosemary,Plantae,3.0,2.880366325378418,49.949214935302734,0.1823185831308365,22.0,42.0,20.0,51.0,73.0,23.0,1.0
32.79527722,-117.23023804,2025-10-09 19:54:48+00:00,Limonium californicum,Western Marsh Rosemary,Plantae,3.0,2.880366325378418,49.949214935302734,0.1823185831308365,22.0,42.0,20.0,51.0,73.0,23.0,1.0
32.7954135537,-117.2302532208,2025-10-16 19:29:54+00:00,Limonium californicum,Western Marsh Rosemary,Plantae,2.0,3.433441400527954,74.34697723388672,0.1708993762731552,22.0,39.0,20.0,51.0,73.0,23.0,1.0
32.7951074594,-117.2298379831,2025-10-16 19:56:15+00:00,Limonium californicum,Western Marsh Rosemary,Plantae,1.0,3.3063838481903076,90.0,0.18101051449775696,95.0,0.0,20.0,51.0,73.0,23.0,1.0
32.7953595668,-117.2300771904,2025-10-25 17:23:48+00:00,Limonium californicum,Western Marsh Rosemary,Plantae,1.0,1.441096305847168,49.949302673339844,0.180143803358078,22.0,39.0,20.0,51.0,73.0,23.0,1.0
32.7952719848,-117.2300523124,2025-10-25 17:36:21+00:00,Limonium californicum,Western Marsh Rosemary,Plantae,2.0,2.880366325378418,49.949214935302734,0.18346251547336578,22.0,21.0,20.0,51.0,73.0,23.0,1.0
32.7907344801,-117.229936335,2025-11-08 18:12:11+00:00,Limonium californicum,Western Marsh Rosemary,Plantae,1.0,1.4410488605499268,49.947715759277344,0.12852990627288818,22.0,49.0,-2.0,0.0,0.0,0.0,1.0
32.7954361111,-117.2288277778,2026-01-21 21:30:00+00:00,Limonium californicum,Western Marsh Rosemary,Plantae,-1.0,2.157301902770996,149.25552368164062,0.19442236423492432,22.0,38.0,20.0,49.0,73.0,21.0,1.0
32.7949833333,-117.229095,2026-01-21 21:37:19+00:00,Limonium californicum,Western Marsh Rosemary,Plantae,-2.0,1.4410910606384277,49.94912338256836,0.18366976082324982,95.0,0.0,20.0,50.0,72.0,23.0,1.0
32.7951666667,-117.2282638889,2026-01-21 21:44:00+00:00,Limonium californicum,Western Marsh Rosemary,Plantae,1.0,4.404714107513428,270.0,0.12865452468395233,23.0,60.0,20.0,49.0,73.0,21.0,1.0
32.7947416667,-117.227805,2026-01-21 21:52:13+00:00,Limonium californicum,Western Marsh Rosemary,Plantae,0.0,2.157296657562256,210.74424743652344,0.12678247690200806,21.0,17.0,20.0,47.0,71.0,24.0,1.0
32.7944466667,-117.2277183333,2026-01-21 22:11:00+00:00,Limonium californicum,Western Marsh Rosemary,Plantae,1.0,1.1032062768936157,270.0,0.15007136762142181,95.0,0.0,20.0,47.0,71.0,24.0,1.0
32.79515,-117.228967,2026-01-21 22:40:00+00:00,Limonium californicum,Western Marsh Rosemary,Plantae,-2.0,1.4410936832427979,229.94921875,0.17733633518218994,22.0,20.0,20.0,49.0,73.0,21.0,1.0
32.7957624283,-117.22912521,2024-12-14 17:09:00+00:00,Limonium perezii,Perez's sea lavender,Plantae,1.0,2.9905333518981934,158.36972045898438,0.18014676868915558,22.0,36.0,20.0,51.0,73.0,23.0,1.0
32.7959944444,-117.2291194444,2025-02-01 21:22:00+00:00,Limonium perezii,Perez's sea lavender,Plantae,3.0,4.755953311920166,193.3832244873047,0.10409373044967651,22.0,49.0,20.0,51.0,73.0,23.0,1.0
32.7959878,-117.2296391,2025-04-26 17:58:00+00:00,Limonium perezii,Perez's sea lavender,Plantae,3.0,2.990534782409668,158.36965942382812,0.14166799187660217,23.0,67.0,20.0,51.0,73.0,23.0,1.0
32.79609687,-117.22969816,2025-08-07 01:51:37+00:00,Limonium perezii,Perez's sea lavender,Plantae,3.0,2.990534782409668,158.36965942382812,0.14166799187660217,23.0,67.0,20.0,51.0,73.0,23.0,1.0
32.7959750353,-117.2292499211,2022-01-29 18:38:42+00:00,Limonium sinuatum,Blue statice,Plantae,3.0,4.755953311920166,193.3832244873047,0.10409373044967651,22.0,49.0,20.0,51.0,73.0,23.0,1.0
32.7960102591,-117.2300583732,2022-05-14 17:37:00+00:00,Limonium sinuatum,Blue statice,Plantae,3.0,2.7802884578704834,180.0,0.12967248260974884,23.0,60.0,20.0,51.0,73.0,23.0,1.0
32.7961111111,-117.2296,2023-06-20 18:00:00+00:00,Limonium sinuatum,Blue statice,Plantae,2.0,2.7802884578704834,180.0,0.14166799187660217,23.0,67.0,20.0,51.0,73.0,23.0,1.0
32.79605,-117.2294916667,2024-01-12 16:04:16+00:00,Limonium sinuatum,Blue statice,Plantae,2.0,2.7802884578704834,180.0,0.14166799187660217,23.0,67.0,20.0,51.0,73.0,23.0,1.0
32.7962083333,-117.2295383333,2024-01-27 21:13:20+00:00,Limonium sinuatum,Blue statice,Plantae,4.0,3.546776294708252,218.4173583984375,0.1059708297252655,23.0,75.0,20.0,51.0,73.0,23.0,1.0
32.7960583333,-117.2298283333,2024-01-27 23:58:56+00:00,Limonium sinuatum,Blue statice,Plantae,3.0,2.990534782409668,158.36965942382812,0.14166799187660217,23.0,67.0,20.0,51.0,73.0,23.0,1.0
32.7961194444,-117.2295611111,2024-04-11 22:15:00+00:00,Limonium sinuatum,Blue statice,Plantae,2.0,2.7802884578704834,180.0,0.14166799187660217,23.0,67.0,20.0,51.0,73.0,23.0,1.0
32.7961527778,-117.2295916667,2024-05-25 22:11:00+00:00,Limonium sinuatum,Blue statice,Plantae,4.0,3.546776294708252,218.4173583984375,0.1059708297252655,23.0,75.0,20.0,51.0,73.0,23.0,1.0
32.7961416667,-117.2295138889,2024-06-20 22:44:00+00:00,Limonium sinuatum,Blue statice,Plantae,2.0,2.7802884578704834,180.0,0.14166799187660217,23.0,67.0,20.0,51.0,73.0,23.0,1.0
32.79612,-117.22953,2024-09-26 18:50:30+00:00,Limonium sinuatum,Blue statice,Plantae,2.0,2.7802884578704834,180.0,0.14166799187660217,23.0,67.0,20.0,51.0,73.0,23.0,1.0
32.7961666667,-117.2297133333,2025-03-16 19:44:08+00:00,Limonium sinuatum,Blue statice,Plantae,4.0,0.9274099469184875,180.0,0.1059708297252655,23.0,78.0,20.0,51.0,73.0,23.0,1.0
32.7960761498,-117.2294818222,2025-04-17 18:38:19+00:00,Limonium sinuatum,Blue statice,Plantae,2.0,2.7802884578704834,180.0,0.14166799187660217,23.0,67.0,20.0,51.0,73.0,23.0,1.0
32.796091768,-117.2299806309,2025-04-26 17:30:49+00:00,Limonium sinuatum,Blue statice,Plantae,3.0,2.7802884578704834,180.0,0.12967248260974884,23.0,60.0,20.0,51.0,73.0,23.0,1.0
32.7959453,-117.2297107,2025-04-26 17:58:00+00:00,Limonium sinuatum,Blue statice,Plantae,3.0,2.990534782409668,158.36965942382812,0.14166799187660217,23.0,67.0,20.0,51.0,73.0,23.0,1.0
32.7961116667,-117.22982,2025-05-05 16:53:13+00:00,Limonium sinuatum,Blue statice,Plantae,3.0,2.990534782409668,158.36965942382812,0.14166799187660217,23.0,67.0,20.0,51.0,73.0,23.0,1.0
32.7941429823,-117.2293125818,2025-05-13 03:08:58+00:00,Limonium sinuatum,Blue statice,Plantae,0.0,1.4410831928253174,229.94886779785156,0.18536525964736938,95.0,0.0,20.0,50.0,72.0,23.0,1.0
32.7959345,-117.2295859997,2025-08-23 17:45:28+00:00,Limonium sinuatum,Blue statice,Plantae,2.0,2.7802884578704834,180.0,0.14166799187660217,23.0,67.0,20.0,51.0,73.0,23.0,1.0
32.7960586548,-117.2297668457,2025-12-29 19:31:16+00:00,Limonium sinuatum,Blue statice,Plantae,3.0,2.990534782409668,158.36965942382812,0.14166799187660217,23.0,67.0,20.0,51.0,73.0,23.0,1.0
32.79601962,-117.22915446,2026-01-23 17:37:16+00:00,Limonium sinuatum,Blue statice,Plantae,3.0,4.755953311920166,193.3832244873047,0.10409373044967651,22.0,49.0,20.0,51.0,73.0,23.0,1.0
32.7903716667,-117.2299116667,2019-03-06 20:51:25+00:00,Limosa fedoa,Marbled Godwit,Aves,0.0,0.9274099469184875,180.0,0.015301791951060295,24.0,88.0,-2.0,0.0,0.0,0.0,1.0
32.7925553137,-117.2309884155,2020-11-11 09:01:49+00:00,Limosa fedoa,Marbled Godwit,Aves,0.0,5.2028489112854,122.23053741455078,0.18414336442947388,21.0,12.0,20.0,49.0,72.0,24.0,1.0
32.7895219751,-117.2311951951,2020-11-28 18:44:00+00:00,Limosa fedoa,Marbled Godwit,Aves,0.0,1.4410383701324463,130.05264282226562,0.06408825516700745,24.0,81.0,-2.0,0.0,0.0,0.0,1.0
32.7925749264,-117.2312200961,2020-11-28 19:09:00+00:00,Limosa fedoa,Marbled Godwit,Aves,0.0,5.2028489112854,122.23053741455078,0.18414336442947388,21.0,12.0,20.0,49.0,72.0,24.0,1.0
32.7901916667,-117.2301333333,2021-05-05 21:12:33+00:00,Limosa fedoa,Marbled Godwit,Aves,0.0,0.0,-0.0,-0.02090093307197094,11.0,0.0,-2.0,0.0,0.0,0.0,1.0
32.7953204356,-117.229728196,2022-02-05 18:52:00+00:00,Limosa fedoa,Marbled Godwit,Aves,1.0,3.3063838481903076,90.0,0.18101051449775696,95.0,0.0,20.0,51.0,73.0,23.0,1.0
32.7941303,-117.2291748,2022-02-05 19:37:00+00:00,Limosa fedoa,Marbled Godwit,Aves,0.0,1.4410831928253174,229.94886779785156,0.18536525964736938,95.0,0.0,20.0,50.0,72.0,23.0,1.0
32.7892916667,-117.231605,2022-02-08 21:08:00+00:00,Limosa fedoa,Marbled Godwit,Aves,1.0,3.433213233947754,74.34590911865234,0.07006639242172241,23.0,62.0,-2.0,51.0,72.0,22.0,1.0
32.7906838675,-117.2311162948,2022-07-22 02:05:00+00:00,Limosa fedoa,Marbled Godwit,Aves,-1.0,3.306208610534668,270.0,0.1599976271390915,22.0,27.0,-2.0,0.0,0.0,0.0,1.0
32.7907135874,-117.2305421018,2023-01-21 15:14:00+00:00,Limosa fedoa,Marbled Godwit,Aves,2.0,1.4410488605499268,310.0522766113281,0.13278251886367798,95.0,0.0,-2.0,0.0,0.0,0.0,1.0
32.7956461651,-117.2294746363,2023-01-21 17:56:00+00:00,Limosa fedoa,Marbled Godwit,Aves,1.0,0.9274099469184875,180.0,0.19704265892505646,22.0,45.0,20.0,51.0,73.0,23.0,1.0
32.7955339985,-117.2287821264,2023-02-04 16:13:00+00:00,Limosa fedoa,Marbled Godwit,Aves,-1.0,2.392313241958618,247.20277404785156,0.16151370108127594,22.0,38.0,20.0,49.0,73.0,21.0,1.0
32.7956023874,-117.2290585648,2023-02-04 18:02:00+00:00,Limosa fedoa,Marbled Godwit,Aves,-1.0,2.157301902770996,149.25552368164062,0.19442236423492432,22.0,38.0,20.0,49.0,73.0,21.0,1.0
32.7896845785,-117.2312723158,2023-02-04 23:04:00+00:00,Limosa fedoa,Marbled Godwit,Aves,1.0,4.315853595733643,310.05255126953125,0.14953842759132385,23.0,58.0,-2.0,51.0,72.0,22.0,1.0
32.78927,-117.2316116667,2023-12-09 19:03:00+00:00,Limosa fedoa,Marbled Godwit,Aves,1.0,3.433213233947754,74.34590911865234,0.07006639242172241,23.0,62.0,-2.0,51.0,72.0,22.0,1.0
32.7927030744,-117.231253802,2023-12-26 17:22:00+00:00,Limosa fedoa,Marbled Godwit,Aves,6.0,7.544719219207764,119.26728057861328,0.15860658884048462,23.0,68.0,20.0,39.0,75.0,31.0,1.0
32.7909222222,-117.2320777778,2024-01-01 16:57:00+00:00,Limosa fedoa,Marbled Godwit,Aves,8.0,4.404494762420654,90.0,0.07171253114938736,23.0,79.0,-2.0,39.0,75.0,31.0,1.0
32.7958729083,-117.2283890917,2024-01-12 15:57:00+00:00,Limosa fedoa,Marbled Godwit,Aves,0.0,3.7888824939727783,240.73355102539062,0.16690227389335632,22.0,31.0,20.0,49.0,73.0,21.0,1.0
32.7958483333,-117.2285533333,2024-01-12 17:07:39+00:00,Limosa fedoa,Marbled Godwit,Aves,0.0,2.7802884578704834,180.0,0.18270500004291534,22.0,31.0,20.0,49.0,73.0,21.0,1.0
32.7924166931,-117.2296683265,2024-01-14 22:28:00+00:00,Limosa fedoa,Marbled Godwit,Aves,-2.0,2.1572823524475098,210.74362182617188,0.2118079662322998,21.0,16.0,20.0,49.0,72.0,24.0,1.0
32.7903472222,-117.2302694444,2024-02-03 20:00:26+00:00,Limosa fedoa,Marbled Godwit,Aves,0.0,2.8802716732025146,130.0523681640625,0.09603254497051239,23.0,56.0,-2.0,0.0,0.0,0.0,1.0
32.7893682663,-117.2315114179,2024-02-03 21:47:53+00:00,Limosa fedoa,Marbled Godwit,Aves,1.0,3.433213233947754,74.34590911865234,0.07006639242172241,23.0,62.0,-2.0,51.0,72.0,22.0,1.0
32.7956122133,-117.228642805,2024-12-14 15:16:00+00:00,Limosa fedoa,Marbled Godwit,Aves,0.0,2.7802884578704834,180.0,0.18270500004291534,22.0,31.0,20.0,49.0,73.0,21.0,1.0
32.7949714561,-117.2290420595,2025-02-01 15:55:00+00:00,Limosa fedoa,Marbled Godwit,Aves,-2.0,1.4410910606384277,310.0508728027344,0.14952026307582855,22.0,40.0,20.0,47.0,71.0,24.0,1.0
32.7911504143,-117.2295197037,2025-10-13 14:20:10+00:00,Limosa fedoa,Marbled Godwit,Aves,2.0,3.30622935295105,270.0,0.07399355620145798,11.0,0.0,-2.0,49.0,72.0,24.0,1.0
32.7931607685,-117.2239571362,2026-01-15 22:53:00+00:00,Limosa fedoa,Marbled Godwit,Aves,0.0,0.9274099469184875,180.0,0.022775717079639435,11.0,0.0,1.0,0.0,0.0,0.0,1.0
32.7932777778,-117.2239444444,2026-01-29 20:30:00+00:00,Limosa fedoa,Marbled Godwit,Aves,1.0,0.9274099469184875,-0.0,0.0990135669708252,23.0,58.0,1.0,0.0,0.0,0.0,1.0
32.7951251867,-117.230306915,2022-02-26 17:05:00+00:00,Linepithema humile,Argentine Ant,Insecta,3.0,2.880366325378418,49.949214935302734,0.1823185831308365,22.0,42.0,20.0,51.0,73.0,23.0,1.0
32.7959823657,-117.2289143968,2025-04-26 16:56:27+00:00,Linepithema humile,Argentine Ant,Insecta,3.0,5.654840469360352,168.785400390625,0.14608775079250336,22.0,39.0,20.0,49.0,73.0,21.0,1.0
32.7958838744,-117.2304165736,2025-08-13 16:34:11+00:00,Linepithema humile,Argentine Ant,Insecta,4.0,2.205636501312256,90.0,0.0928410217165947,23.0,68.0,20.0,51.0,73.0,23.0,1.0
32.7957883333,-117.2306533333,2022-10-23 21:53:18+00:00,Liorhyssus hyalinus,Hyaline Grass Bug,Insecta,4.0,4.404741287231445,90.0,0.1194462776184082,23.0,50.0,20.0,51.0,73.0,23.0,1.0
32.7959638889,-117.2300555556,2023-06-20 18:00:00+00:00,Lolium,,Plantae,3.0,2.7802884578704834,180.0,0.12967248260974884,23.0,60.0,20.0,51.0,73.0,23.0,1.0
32.795955,-117.2305533333,2024-04-28 01:32:42+00:00,Lolium,,Plantae,4.0,2.205636501312256,90.0,0.0928410217165947,23.0,68.0,20.0,51.0,73.0,23.0,1.0
32.7959746252,-117.2300645337,2025-04-26 17:56:15+00:00,Lolium × boucheanum,Hybrid Ryegrass,Plantae,3.0,2.7802884578704834,180.0,0.12967248260974884,23.0,60.0,20.0,51.0,73.0,23.0,1.0
32.79590744,-117.2303431,2022-02-26 18:27:00+00:00,Lonchaeini,,Insecta,3.0,2.1573052406311035,149.25535583496094,0.10808767378330231,23.0,61.0,20.0,51.0,73.0,23.0,1.0
32.7952426551,-117.2296455437,2023-01-17 16:10:00+00:00,Lonchura punctulata,Scaly-breasted Munia,Aves,1.0,3.3063838481903076,90.0,0.18101051449775696,95.0,0.0,20.0,51.0,73.0,23.0,1.0
32.7953392385,-117.2304765537,2025-02-01 19:00:00+00:00,Lonchura punctulata,Scaly-breasted Munia,Aves,4.0,4.404727935791016,90.0,0.13322186470031738,22.0,38.0,20.0,51.0,73.0,23.0,1.0
32.7930547432,-117.2265603597,2026-01-06 19:57:00+00:00,Lophodytes cucullatus,Hooded Merganser,Aves,0.0,0.0,-0.0,-0.03498369827866554,11.0,0.0,20.0,41.0,73.0,28.0,1.0
32.7962192251,-117.2294340245,2023-07-30 04:23:00+00:00,Lorita,,Insecta,4.0,3.546776294708252,218.4173583984375,0.1059708297252655,23.0,75.0,20.0,51.0,73.0,23.0,1.0
32.7961840717,-117.22957366,2023-07-30 04:22:00+00:00,Lorita scarificata,Chrysanthemum Flower Borer Moth,Insecta,4.0,3.546776294708252,218.4173583984375,0.1059708297252655,23.0,75.0,20.0,51.0,73.0,23.0,1.0
32.791171,-117.229528,2018-04-11 21:11:00+00:00,Lottia,Lottia Limpets,Mollusca,2.0,3.30622935295105,270.0,0.07399355620145798,11.0,0.0,-2.0,49.0,72.0,24.0,1.0
32.7903147173,-117.2303206108,2019-03-06 20:56:38+00:00,Lottia,Lottia Limpets,Mollusca,0.0,2.8802716732025146,130.0523681640625,0.09603254497051239,23.0,56.0,-2.0,0.0,0.0,0.0,1.0
32.790245,-117.23020333,2020-03-04 13:25:06+00:00,Lottia conus,,Mollusca,0.0,2.8802716732025146,130.0523681640625,0.09603254497051239,23.0,56.0,-2.0,0.0,0.0,0.0,1.0
32.7905350497,-117.2299964726,2020-03-04 21:26:11+00:00,Lottia limatula,File Limpet,Mollusca,1.0,1.4410488605499268,49.947715759277344,0.12852990627288818,22.0,49.0,-2.0,0.0,0.0,0.0,1.0
32.7901283333,-117.23047,2024-05-11 17:08:08+00:00,Lottia limatula,File Limpet,Mollusca,0.0,2.157266616821289,149.25709533691406,0.08216650038957596,23.0,65.0,-2.0,0.0,0.0,0.0,1.0
32.795637595,-117.2306271267,2025-09-13 15:36:00+00:00,Lucilia cuprina,Australian Sheep Blow Fly,Insecta,4.0,4.404741287231445,90.0,0.1194462776184082,23.0,50.0,20.0,51.0,73.0,23.0,1.0
32.7960510884,-117.229523291,2026-01-24 17:50:00+00:00,Lumbricidae,Lumbricid Earthworms,Animalia,2.0,2.7802884578704834,180.0,0.14166799187660217,23.0,67.0,20.0,51.0,73.0,23.0,1.0
32.795903321,-117.2301825508,2025-04-26 18:01:11+00:00,Lupinus bicolor,Miniature Lupine,Plantae,3.0,2.1573052406311035,149.25535583496094,0.10808767378330231,23.0,61.0,20.0,51.0,73.0,23.0,1.0
32.7959424444,-117.2302267236,2023-02-04 18:26:01+00:00,Lycium,boxthorns,Plantae,3.0,2.1573052406311035,149.25535583496094,0.10808767378330231,23.0,61.0,20.0,51.0,73.0,23.0,1.0
32.7951966667,-117.2302783333,2023-02-26 18:34:18+00:00,Lycium,boxthorns,Plantae,3.0,2.880366325378418,49.949214935302734,0.1823185831308365,22.0,42.0,20.0,51.0,73.0,23.0,1.0
32.7957583333,-117.23047,2025-04-26 17:25:07+00:00,Lycium,boxthorns,Plantae,4.0,4.404741287231445,90.0,0.1194462776184082,23.0,50.0,20.0,51.0,73.0,23.0,1.0
32.7922878312,-117.2310040429,2024-01-27 23:45:57+00:00,Lycium andersonii,Anderson Thornbush,Plantae,-1.0,4.4045634269714355,90.0,0.19780150055885315,22.0,43.0,20.0,49.0,72.0,24.0,1.0
32.7956466675,-117.2304000854,2018-07-20 18:00:04+00:00,Lycium californicum,California boxthorn,Plantae,2.0,3.4334511756896973,105.6529769897461,0.16354915499687195,22.0,31.0,20.0,51.0,73.0,23.0,1.0
32.7899213042,-117.2322524619,2020-03-11 23:39:23+00:00,Lycium californicum,California boxthorn,Plantae,0.0,6.154652118682861,63.23370361328125,0.11766514927148819,22.0,42.0,-2.0,51.0,72.0,22.0,1.0
32.795099,-117.230333,2022-02-26 17:30:41+00:00,Lycium californicum,California boxthorn,Plantae,3.0,2.880366325378418,49.949214935302734,0.1823185831308365,22.0,42.0,20.0,51.0,73.0,23.0,1.0
32.7953481267,-117.230519515,2022-04-23 16:11:00+00:00,Lycium californicum,California boxthorn,Plantae,4.0,4.404727935791016,90.0,0.13322186470031738,22.0,38.0,20.0,51.0,73.0,23.0,1.0
32.7959689275,-117.230226243,2023-02-04 18:15:44+00:00,Lycium californicum,California boxthorn,Plantae,3.0,2.1573052406311035,149.25535583496094,0.10808767378330231,23.0,61.0,20.0,51.0,73.0,23.0,1.0
32.7955055556,-117.2303555556,2023-06-20 18:00:00+00:00,Lycium californicum,California boxthorn,Plantae,2.0,3.433441400527954,74.34697723388672,0.1708993762731552,22.0,39.0,20.0,51.0,73.0,23.0,1.0
32.7950666667,-117.23033,2024-01-27 23:48:52+00:00,Lycium californicum,California boxthorn,Plantae,3.0,2.880366325378418,49.949214935302734,0.1823185831308365,22.0,42.0,20.0,51.0,73.0,23.0,1.0
32.7950744629,-117.2303085327,2024-03-12 17:51:08+00:00,Lycium californicum,California boxthorn,Plantae,3.0,2.880366325378418,49.949214935302734,0.1823185831308365,22.0,42.0,20.0,51.0,73.0,23.0,1.0
32.79515,-117.2302866667,2024-04-28 00:59:28+00:00,Lycium californicum,California boxthorn,Plantae,3.0,2.880366325378418,49.949214935302734,0.1823185831308365,22.0,42.0,20.0,51.0,73.0,23.0,1.0
32.7950583333,-117.230325,2025-02-01 17:46:08+00:00,Lycium californicum,California boxthorn,Plantae,4.0,2.392300605773926,67.20264434814453,0.17610977590084076,23.0,63.0,20.0,50.0,72.0,23.0,1.0
32.7959545991,-117.2302203108,2025-03-24 20:03:00+00:00,Lycium californicum,California boxthorn,Plantae,3.0,2.1573052406311035,149.25535583496094,0.10808767378330231,23.0,61.0,20.0,51.0,73.0,23.0,1.0
32.7950936132,-117.2303478601,2025-04-11 22:45:36+00:00,Lycium californicum,California boxthorn,Plantae,3.0,2.880366325378418,49.949214935302734,0.1823185831308365,22.0,42.0,20.0,51.0,73.0,23.0,1.0
32.7959598,-117.2301927,2025-04-26 17:53:00+00:00,Lycium californicum,California boxthorn,Plantae,3.0,2.1573052406311035,149.25535583496094,0.10808767378330231,23.0,61.0,20.0,51.0,73.0,23.0,1.0
32.7952103292,-117.2305171554,2025-05-24 16:32:39+00:00,Lycium californicum,California boxthorn,Plantae,4.0,3.433431386947632,74.34693145751953,0.1391647309064865,22.0,42.0,20.0,51.0,73.0,23.0,1.0
32.7954178211,-117.2302949523,2025-05-24 16:44:09+00:00,Lycium californicum,California boxthorn,Plantae,2.0,3.433441400527954,74.34697723388672,0.1708993762731552,22.0,39.0,20.0,51.0,73.0,23.0,1.0
32.7959495149,-117.2304662626,2025-05-24 17:05:26+00:00,Lycium californicum,California boxthorn,Plantae,4.0,2.205636501312256,90.0,0.0928410217165947,23.0,68.0,20.0,51.0,73.0,23.0,1.0
32.795945,-117.2302033333,2025-12-13 17:05:34+00:00,Lycium californicum,California boxthorn,Plantae,3.0,2.1573052406311035,149.25535583496094,0.10808767378330231,23.0,61.0,20.0,51.0,73.0,23.0,1.0
32.795175,-117.2305,2025-12-16 20:03:00+00:00,Lycium californicum,California boxthorn,Plantae,4.0,3.433431386947632,74.34693145751953,0.1391647309064865,22.0,42.0,20.0,51.0,73.0,23.0,1.0
32.7954202772,-117.2301615632,2025-12-16 21:48:00+00:00,Lycium californicum,California boxthorn,Plantae,2.0,3.433441400527954,74.34697723388672,0.1708993762731552,22.0,39.0,20.0,51.0,73.0,23.0,1.0
32.7951719548,-117.2288682576,2024-09-26 18:39:05+00:00,Lycosidae,Wolf Spiders,Arachnida,-2.0,1.4410936832427979,229.94921875,0.17733633518218994,22.0,20.0,20.0,49.0,73.0,21.0,1.0
32.7961023,-117.22946058,2023-01-13 22:40:09+00:00,Lycosinae,,Arachnida,2.0,2.7802884578704834,180.0,0.14166799187660217,23.0,67.0,20.0,51.0,73.0,23.0,1.0
32.795984225,-117.23007629,2022-05-14 17:38:00+00:00,Lysimachia arvensis,scarlet pimpernel,Plantae,3.0,2.7802884578704834,180.0,0.12967248260974884,23.0,60.0,20.0,51.0,73.0,23.0,1.0
32.7944301578,-117.2275157645,2022-05-20 00:41:39+00:00,Lysimachia arvensis,scarlet pimpernel,Plantae,1.0,1.1032062768936157,270.0,0.15007136762142181,95.0,0.0,20.0,47.0,71.0,24.0,1.0
32.7959722222,-117.230025,2023-06-20 18:00:00+00:00,Lysimachia arvensis,scarlet pimpernel,Plantae,3.0,2.7802884578704834,180.0,0.12967248260974884,23.0,60.0,20.0,51.0,73.0,23.0,1.0
32.7959055556,-117.2300416667,2024-06-20 22:47:00+00:00,Lysimachia arvensis,scarlet pimpernel,Plantae,3.0,2.7802884578704834,180.0,0.12967248260974884,23.0,60.0,20.0,51.0,73.0,23.0,1.0
32.7959666667,-117.2300861111,2023-06-20 18:00:00+00:00,Lythrum hyssopifolia,Hyssop Loosestrife,Plantae,3.0,2.7802884578704834,180.0,0.12967248260974884,23.0,60.0,20.0,51.0,73.0,23.0,1.0
32.7898662397,-117.2309722657,2020-03-11 22:19:41+00:00,Macrocystis pyrifera,Giant Kelp,Chromista,1.0,1.4410409927368164,130.05255126953125,0.14953842759132385,23.0,58.0,-2.0,0.0,0.0,0.0,1.0
32.789775,-117.23102,2022-04-27 20:12:52+00:00,Macrocystis pyrifera,Giant Kelp,Chromista,1.0,1.4410409927368164,130.05255126953125,0.14953842759132385,23.0,58.0,-2.0,0.0,0.0,0.0,1.0
32.7896805556,-117.231125,2022-04-27 21:08:00+00:00,Macrocystis pyrifera,Giant Kelp,Chromista,1.0,1.4410409927368164,130.05255126953125,0.14953842759132385,23.0,58.0,-2.0,0.0,0.0,0.0,1.0
32.7953766009,-117.2304599339,2025-04-23 17:50:57+00:00,Macronychiini,,Insecta,4.0,4.404727935791016,90.0,0.13322186470031738,22.0,38.0,20.0,51.0,73.0,23.0,1.0
32.7915283333,-117.2304833333,2024-08-04 22:13:10+00:00,Magallana,,Mollusca,-1.0,1.1031683683395386,90.0,0.1251722127199173,95.0,0.0,-2.0,49.0,72.0,24.0,1.0
32.7898166667,-117.2309716667,2018-04-11 20:17:42+00:00,Magallana gigas,Pacific Oyster,Mollusca,1.0,1.4410409927368164,130.05255126953125,0.14953842759132385,23.0,58.0,-2.0,0.0,0.0,0.0,1.0
32.7913333333,-117.2293333333,2018-04-11 20:54:06+00:00,Magallana gigas,Pacific Oyster,Mollusca,2.0,2.157275438308716,329.2566833496094,0.20044872164726257,95.0,0.0,-2.0,49.0,72.0,24.0,1.0
32.78978,-117.2309416667,2019-03-06 20:44:59+00:00,Magallana gigas,Pacific Oyster,Mollusca,0.0,1.4410409927368164,130.05255126953125,0.0661247968673706,23.0,73.0,-2.0,0.0,0.0,0.0,1.0
32.7898505306,-117.2308316786,2019-03-06 20:50:37+00:00,Magallana gigas,Pacific Oyster,Mollusca,0.0,1.4410409927368164,130.05255126953125,0.0661247968673706,23.0,73.0,-2.0,0.0,0.0,0.0,1.0
32.7908342333,-117.2297097624,2019-03-06 21:16:44+00:00,Magallana gigas,Pacific Oyster,Mollusca,1.0,2.3922054767608643,292.7983093261719,0.05830712243914604,23.0,67.0,-2.0,49.0,72.0,24.0,1.0
32.7910041809,-117.2317962646,2020-02-01 21:34:03+00:00,Magallana gigas,Pacific Oyster,Mollusca,4.0,8.805005073547363,95.99871826171875,0.12917357683181763,23.0,59.0,-2.0,39.0,75.0,31.0,1.0
32.78964667,-117.23111667,2020-03-04 12:55:28+00:00,Magallana gigas,Pacific Oyster,Mollusca,0.0,1.4410383701324463,130.05264282226562,0.06408825516700745,24.0,81.0,-2.0,0.0,0.0,0.0,1.0
32.78976333,-117.23094167,2020-03-04 13:13:06+00:00,Magallana gigas,Pacific Oyster,Mollusca,0.0,1.4410409927368164,130.05255126953125,0.0661247968673706,23.0,73.0,-2.0,0.0,0.0,0.0,1.0
32.789395,-117.231445,2020-03-04 20:51:10+00:00,Magallana gigas,Pacific Oyster,Mollusca,0.0,1.4410357475280762,130.05271911621094,-0.003465859452262521,24.0,94.0,-2.0,51.0,72.0,22.0,1.0
32.7902911764,-117.2302653283,2020-03-04 21:11:00+00:00,Magallana gigas,Pacific Oyster,Mollusca,0.0,2.8802716732025146,130.0523681640625,0.09603254497051239,23.0,56.0,-2.0,0.0,0.0,0.0,1.0
32.7898416451,-117.2308913734,2020-03-04 23:14:46+00:00,Magallana gigas,Pacific Oyster,Mollusca,0.0,1.4410409927368164,130.05255126953125,0.0661247968673706,23.0,73.0,-2.0,0.0,0.0,0.0,1.0
32.79,-117.23091167,2020-03-11 22:21:11+00:00,Magallana gigas,Pacific Oyster,Mollusca,1.0,1.4410436153411865,130.05245971679688,0.1472601294517517,23.0,68.0,-2.0,0.0,0.0,0.0,1.0
32.7898861111,-117.2308055556,2021-05-05 20:13:00+00:00,Magallana gigas,Pacific Oyster,Mollusca,0.0,1.4410409927368164,130.05255126953125,0.0661247968673706,23.0,73.0,-2.0,0.0,0.0,0.0,1.0
32.7901166667,-117.2304166667,2021-05-05 20:20:07+00:00,Magallana gigas,Pacific Oyster,Mollusca,0.0,2.157266616821289,149.25709533691406,0.08216650038957596,23.0,65.0,-2.0,0.0,0.0,0.0,1.0
32.7898166667,-117.2309116667,2022-04-27 20:12:08+00:00,Magallana gigas,Pacific Oyster,Mollusca,0.0,1.4410409927368164,130.05255126953125,0.0661247968673706,23.0,73.0,-2.0,0.0,0.0,0.0,1.0
32.7902944444,-117.2302694444,2022-04-27 20:22:00+00:00,Magallana gigas,Pacific Oyster,Mollusca,0.0,2.8802716732025146,130.0523681640625,0.09603254497051239,23.0,56.0,-2.0,0.0,0.0,0.0,1.0
32.7901949722,-117.230101,2022-04-27 21:07:00+00:00,Magallana gigas,Pacific Oyster,Mollusca,0.0,0.0,-0.0,-0.02090093307197094,11.0,0.0,-2.0,0.0,0.0,0.0,1.0
32.7909583333,-117.2317716667,2023-02-04 20:44:03+00:00,Magallana gigas,Pacific Oyster,Mollusca,4.0,8.805005073547363,95.99871826171875,0.12917357683181763,23.0,59.0,-2.0,39.0,75.0,31.0,1.0
32.7893413185,-117.2314045486,2024-05-11 16:45:17+00:00,Magallana gigas,Pacific Oyster,Mollusca,0.0,1.4410357475280762,130.05271911621094,-0.003465859452262521,24.0,94.0,-2.0,51.0,72.0,22.0,1.0
32.7897723578,-117.2309293785,2024-05-11 16:50:26+00:00,Magallana gigas,Pacific Oyster,Mollusca,0.0,1.4410409927368164,130.05255126953125,0.0661247968673706,23.0,73.0,-2.0,0.0,0.0,0.0,1.0
32.7916716667,-117.2305616667,2024-07-14 17:32:10+00:00,Magallana gigas,Pacific Oyster,Mollusca,-1.0,1.1031718254089355,90.0,0.13833141326904297,95.0,0.0,20.0,49.0,72.0,24.0,1.0
32.7910416723,-117.2301866667,2025-05-10 17:35:53+00:00,Magallana gigas,Pacific Oyster,Mollusca,-1.0,1.8543341159820557,-0.0,0.09041575342416763,95.0,0.0,-2.0,49.0,72.0,24.0,1.0
32.7909786835,-117.2317130864,2025-07-02 19:20:27+00:00,Magallana gigas,Pacific Oyster,Mollusca,0.0,5.576242923736572,99.54391479492188,0.15047627687454224,22.0,23.0,-2.0,39.0,75.0,31.0,1.0
32.791003827,-117.2317885236,2026-01-28 22:58:08+00:00,Magallana gigas,Pacific Oyster,Mollusca,4.0,8.805005073547363,95.99871826171875,0.12917357683181763,23.0,59.0,-2.0,39.0,75.0,31.0,1.0
32.7913966667,-117.2293383333,2018-04-11 20:40:28+00:00,Magnoliopsida,Dicots,Plantae,1.0,2.3922181129455566,292.7981872558594,0.1820506900548935,95.0,0.0,-2.0,49.0,72.0,24.0,1.0
32.79093,-117.2298133333,2019-03-06 21:25:39+00:00,Magnoliopsida,Dicots,Plantae,1.0,2.3922054767608643,292.7983093261719,0.05830712243914604,23.0,67.0,-2.0,49.0,72.0,24.0,1.0
32.79018833,-117.23055333,2020-03-04 13:16:14+00:00,Magnoliopsida,Dicots,Plantae,0.0,2.157266616821289,149.25709533691406,0.08216650038957596,23.0,65.0,-2.0,0.0,0.0,0.0,1.0
32.7912922786,-117.231190702,2020-03-11 23:49:59+00:00,Magnoliopsida,Dicots,Plantae,-2.0,1.4410542249679565,130.05210876464844,0.17603649199008942,22.0,25.0,-2.0,49.0,72.0,24.0,1.0
32.7909861111,-117.2286611111,2021-05-05 20:44:00+00:00,Magnoliopsida,Dicots,Plantae,3.0,3.5466909408569336,141.58438110351562,0.13433071970939636,11.0,0.0,-2.0,48.0,70.0,23.0,1.0
32.7959965915,-117.2304182501,2022-02-26 18:14:13+00:00,Magnoliopsida,Dicots,Plantae,4.0,2.205636501312256,90.0,0.0928410217165947,23.0,68.0,20.0,51.0,73.0,23.0,1.0
32.7959222222,-117.2301472222,2023-06-20 18:00:00+00:00,Magnoliopsida,Dicots,Plantae,3.0,2.1573052406311035,149.25535583496094,0.10808767378330231,23.0,61.0,20.0,51.0,73.0,23.0,1.0
32.7909466667,-117.22857,2024-01-31 21:29:24+00:00,Magnoliopsida,Dicots,Plantae,3.0,3.5466909408569336,141.58438110351562,0.13433071970939636,11.0,0.0,-2.0,48.0,70.0,23.0,1.0
32.7900560602,-117.2305058532,2024-02-01 00:30:00+00:00,Magnoliopsida,Dicots,Plantae,0.0,2.157266616821289,149.25709533691406,0.08216650038957596,23.0,65.0,-2.0,0.0,0.0,0.0,1.0
32.795351,-117.23055666,2024-09-26 17:27:56+00:00,Magnoliopsida,Dicots,Plantae,4.0,4.404727935791016,90.0,0.13322186470031738,22.0,38.0,20.0,51.0,73.0,23.0,1.0
32.79511328,-117.23043948,2024-09-26 17:40:52+00:00,Magnoliopsida,Dicots,Plantae,4.0,3.433431386947632,74.34693145751953,0.1391647309064865,22.0,42.0,20.0,51.0,73.0,23.0,1.0
32.7941429823,-117.2293125818,2025-05-13 03:10:51+00:00,Magnoliopsida,Dicots,Plantae,0.0,1.4410831928253174,229.94886779785156,0.18536525964736938,95.0,0.0,20.0,50.0,72.0,23.0,1.0
32.7954423381,-117.2304173281,2025-05-24 16:24:33+00:00,Magnoliopsida,Dicots,Plantae,4.0,4.404727935791016,90.0,0.13322186470031738,22.0,38.0,20.0,51.0,73.0,23.0,1.0
32.79593235,-117.23056195,2025-08-07 01:45:03+00:00,Magnoliopsida,Dicots,Plantae,4.0,2.205636501312256,90.0,0.0928410217165947,23.0,68.0,20.0,51.0,73.0,23.0,1.0
32.7959283333,-117.2280966667,2025-12-13 17:17:08+00:00,Magnoliopsida,Dicots,Plantae,4.0,2.3923258781433105,247.20289611816406,0.15577995777130127,22.0,43.0,20.0,49.0,73.0,21.0,1.0
32.7961666667,-117.2297366667,2025-12-14 16:55:15+00:00,Magnoliopsida,Dicots,Plantae,4.0,0.9274099469184875,180.0,0.1059708297252655,23.0,78.0,20.0,51.0,73.0,23.0,1.0
32.79558,-117.229905,2026-01-21 21:20:57+00:00,Magnoliopsida,Dicots,Plantae,1.0,1.441096305847168,49.949302673339844,0.180143803358078,22.0,39.0,20.0,51.0,73.0,23.0,1.0
32.7957183634,-117.2288909744,2026-01-21 21:33:00+00:00,Magnoliopsida,Dicots,Plantae,0.0,3.8646881580352783,163.43728637695312,0.20311467349529266,22.0,39.0,20.0,49.0,73.0,21.0,1.0
32.7953725019,-117.2286442234,2026-01-21 21:53:00+00:00,Magnoliopsida,Dicots,Plantae,-1.0,2.392313241958618,247.20277404785156,0.16151370108127594,22.0,38.0,20.0,49.0,73.0,21.0,1.0
32.7907203376,-117.2299391632,2019-03-06 21:13:38+00:00,Malephora,Fingerfigs,Plantae,1.0,1.4410488605499268,49.947715759277344,0.12852990627288818,22.0,49.0,-2.0,0.0,0.0,0.0,1.0
32.7911566646,-117.2301816474,2019-03-06 21:32:09+00:00,Malephora,Fingerfigs,Plantae,-1.0,1.8543341159820557,-0.0,0.09041575342416763,95.0,0.0,-2.0,49.0,72.0,24.0,1.0
32.7956,-117.22985,2023-02-04 19:02:30+00:00,Malephora,Fingerfigs,Plantae,1.0,0.0,-0.0,0.19635267555713654,22.0,41.0,20.0,51.0,73.0,23.0,1.0
32.79605,-117.22953,2024-01-12 16:04:12+00:00,Malephora,Fingerfigs,Plantae,2.0,2.7802884578704834,180.0,0.14166799187660217,23.0,67.0,20.0,51.0,73.0,23.0,1.0
32.7960965656,-117.2295385686,2024-03-02 22:03:56+00:00,Malephora,Fingerfigs,Plantae,2.0,2.7802884578704834,180.0,0.14166799187660217,23.0,67.0,20.0,51.0,73.0,23.0,1.0
32.7956466667,-117.2294466667,2024-04-27 23:17:42+00:00,Malephora,Fingerfigs,Plantae,1.0,0.9274099469184875,180.0,0.19704265892505646,22.0,45.0,20.0,51.0,73.0,23.0,1.0
32.7958216667,-117.229195,2025-02-01 19:55:38+00:00,Malephora,Fingerfigs,Plantae,1.0,2.9905333518981934,158.36972045898438,0.18014676868915558,22.0,36.0,20.0,51.0,73.0,23.0,1.0
32.7958177,-117.2298135,2025-04-26 17:57:00+00:00,Malephora,Fingerfigs,Plantae,1.0,1.8543341159820557,180.0,0.19704265892505646,22.0,40.0,20.0,51.0,73.0,23.0,1.0
32.79609804,-117.22998927,2025-08-07 01:54:11+00:00,Malephora,Fingerfigs,Plantae,3.0,2.7802884578704834,180.0,0.12967248260974884,23.0,60.0,20.0,51.0,73.0,23.0,1.0
32.79622,-117.2294616667,2025-12-14 16:58:53+00:00,Malephora,Fingerfigs,Plantae,4.0,3.546776294708252,218.4173583984375,0.1059708297252655,23.0,75.0,20.0,51.0,73.0,23.0,1.0
32.7960243225,-117.2286529541,2019-02-10 22:50:34+00:00,Malephora crocea,coppery mesemb,Plantae,2.0,4.6273674964904785,180.0,0.1663312166929245,21.0,15.0,20.0,49.0,73.0,21.0,1.0
32.790705,-117.2299633333,2019-03-06 21:35:24+00:00,Malephora crocea,coppery mesemb,Plantae,1.0,1.4410488605499268,49.947715759277344,0.12852990627288818,22.0,49.0,-2.0,0.0,0.0,0.0,1.0
32.79076333,-117.23001167,2020-03-04 13:28:11+00:00,Malephora crocea,coppery mesemb,Plantae,-1.0,2.1572718620300293,329.2568664550781,0.16060450673103333,23.0,67.0,-2.0,49.0,72.0,24.0,1.0
32.7907666667,-117.2299194444,2020-03-04 21:28:00+00:00,Malephora crocea,coppery mesemb,Plantae,-1.0,2.1572718620300293,329.2568664550781,0.16060450673103333,23.0,67.0,-2.0,49.0,72.0,24.0,1.0
32.7922461576,-117.2311634054,2020-03-11 22:35:18+00:00,Malephora crocea,coppery mesemb,Plantae,-1.0,4.4045634269714355,90.0,0.19780150055885315,22.0,43.0,20.0,49.0,72.0,24.0,1.0
32.79572,-117.229022,2022-01-29 18:09:57+00:00,Malephora crocea,coppery mesemb,Plantae,0.0,3.8646881580352783,163.43728637695312,0.20311467349529266,22.0,39.0,20.0,49.0,73.0,21.0,1.0
32.7954879722,-117.2303799722,2022-02-26 17:47:01+00:00,Malephora crocea,coppery mesemb,Plantae,2.0,3.433441400527954,74.34697723388672,0.1708993762731552,22.0,39.0,20.0,51.0,73.0,23.0,1.0
32.7907466667,-117.22992,2022-04-27 20:31:08+00:00,Malephora crocea,coppery mesemb,Plantae,1.0,1.4410488605499268,49.947715759277344,0.12852990627288818,22.0,49.0,-2.0,0.0,0.0,0.0,1.0
32.7957461672,-117.2293167058,2022-09-08 18:31:49+00:00,Malephora crocea,coppery mesemb,Plantae,1.0,2.9905333518981934,158.36972045898438,0.18014676868915558,22.0,36.0,20.0,51.0,73.0,23.0,1.0
32.79596,-117.229462,2023-02-05 00:04:36+00:00,Malephora crocea,coppery mesemb,Plantae,2.0,2.7802884578704834,180.0,0.14166799187660217,23.0,67.0,20.0,51.0,73.0,23.0,1.0
32.7961111111,-117.2296361111,2023-06-20 18:00:00+00:00,Malephora crocea,coppery mesemb,Plantae,3.0,2.990534782409668,158.36965942382812,0.14166799187660217,23.0,67.0,20.0,51.0,73.0,23.0,1.0
32.7906194444,-117.2303916667,2024-04-11 21:50:00+00:00,Malephora crocea,coppery mesemb,Plantae,2.0,1.1031581163406372,90.0,0.1304217278957367,22.0,23.0,-2.0,0.0,0.0,0.0,1.0
32.7961166667,-117.2296305556,2024-05-25 22:11:00+00:00,Malephora crocea,coppery mesemb,Plantae,3.0,2.990534782409668,158.36965942382812,0.14166799187660217,23.0,67.0,20.0,51.0,73.0,23.0,1.0
32.79567,-117.2296133333,2024-09-26 19:10:05+00:00,Malephora crocea,coppery mesemb,Plantae,1.0,1.8543341159820557,180.0,0.19704265892505646,22.0,40.0,20.0,51.0,73.0,23.0,1.0
32.7956616667,-117.2297666667,2024-09-26 19:59:47+00:00,Malephora crocea,coppery mesemb,Plantae,1.0,1.8543341159820557,180.0,0.19704265892505646,22.0,40.0,20.0,51.0,73.0,23.0,1.0
32.795825,-117.229355,2025-02-01 18:02:23+00:00,Malephora crocea,coppery mesemb,Plantae,1.0,0.9274099469184875,180.0,0.19704265892505646,22.0,45.0,20.0,51.0,73.0,23.0,1.0
32.7958972222,-117.2292861111,2025-02-01 21:23:00+00:00,Malephora crocea,coppery mesemb,Plantae,3.0,4.755953311920166,193.3832244873047,0.10409373044967651,22.0,49.0,20.0,51.0,73.0,23.0,1.0
32.7957493724,-117.229270696,2025-02-11 21:58:22+00:00,Malephora crocea,coppery mesemb,Plantae,1.0,2.9905333518981934,158.36972045898438,0.18014676868915558,22.0,36.0,20.0,51.0,73.0,23.0,1.0
32.7957633333,-117.2292166667,2025-02-11 22:38:29+00:00,Malephora crocea,coppery mesemb,Plantae,1.0,2.9905333518981934,158.36972045898438,0.18014676868915558,22.0,36.0,20.0,51.0,73.0,23.0,1.0
32.7956366667,-117.229745,2025-03-27 18:31:52+00:00,Malephora crocea,coppery mesemb,Plantae,1.0,1.8543341159820557,180.0,0.19704265892505646,22.0,40.0,20.0,51.0,73.0,23.0,1.0
32.7961457059,-117.2298510058,2025-04-26 16:41:52+00:00,Malephora crocea,coppery mesemb,Plantae,4.0,0.9274099469184875,180.0,0.1059708297252655,23.0,78.0,20.0,51.0,73.0,23.0,1.0
32.7959644,-117.2299684,2025-04-26 17:56:00+00:00,Malephora crocea,coppery mesemb,Plantae,3.0,2.7802884578704834,180.0,0.12967248260974884,23.0,60.0,20.0,51.0,73.0,23.0,1.0
32.7959022522,-117.22996521,2025-11-09 19:52:23+00:00,Malephora crocea,coppery mesemb,Plantae,3.0,2.7802884578704834,180.0,0.12967248260974884,23.0,60.0,20.0,51.0,73.0,23.0,1.0
32.79587222,-117.22992778,2026-01-21 21:18:00+00:00,Malephora crocea,coppery mesemb,Plantae,1.0,2.15730357170105,149.25543212890625,0.19868019223213196,22.0,40.0,20.0,51.0,73.0,23.0,1.0
32.7957466667,-117.230195,2026-01-21 21:23:14+00:00,Malephora crocea,coppery mesemb,Plantae,2.0,3.4334511756896973,105.6529769897461,0.16354915499687195,22.0,31.0,20.0,51.0,73.0,23.0,1.0
32.7957033333,-117.2291416667,2026-01-21 22:40:37+00:00,Malephora crocea,coppery mesemb,Plantae,1.0,2.9905333518981934,158.36972045898438,0.18014676868915558,22.0,36.0,20.0,51.0,73.0,23.0,1.0
32.7903861111,-117.2298166667,2025-07-12 15:32:00+00:00,Malephora purpureocrocea,Carmine Fingerfig,Plantae,0.0,0.9274099469184875,180.0,-0.021889347583055496,23.0,77.0,-2.0,0.0,0.0,0.0,1.0
32.79552722,-117.23042931,2019-02-10 22:50:55+00:00,Malosma laurina,laurel sumac,Plantae,4.0,4.404727935791016,90.0,0.13322186470031738,22.0,38.0,20.0,51.0,73.0,23.0,1.0
32.7956103115,-117.2304308229,2022-02-26 18:17:15+00:00,Malosma laurina,laurel sumac,Plantae,4.0,4.404741287231445,90.0,0.1194462776184082,23.0,50.0,20.0,51.0,73.0,23.0,1.0
32.795045,-117.23037,2024-10-17 22:08:24+00:00,Malosma laurina,laurel sumac,Plantae,4.0,2.392300605773926,67.20264434814453,0.17610977590084076,23.0,63.0,20.0,50.0,72.0,23.0,1.0
32.7960866667,-117.2286383333,2025-02-01 17:50:38+00:00,Malosma laurina,laurel sumac,Plantae,2.0,4.6273674964904785,180.0,0.1663312166929245,21.0,15.0,20.0,49.0,73.0,21.0,1.0
32.79501815,-117.23041724,2025-02-01 20:03:17+00:00,Malosma laurina,laurel sumac,Plantae,5.0,2.392300605773926,67.20264434814453,0.11216988414525986,24.0,81.0,20.0,50.0,72.0,23.0,1.0
32.7955179,-117.2304335,2025-04-26 16:10:00+00:00,Malosma laurina,laurel sumac,Plantae,4.0,4.404727935791016,90.0,0.13322186470031738,22.0,38.0,20.0,51.0,73.0,23.0,1.0
32.7950662309,-117.2304024009,2025-05-24 16:32:49+00:00,Malosma laurina,laurel sumac,Plantae,3.0,2.880366325378418,49.949214935302734,0.1823185831308365,22.0,42.0,20.0,51.0,73.0,23.0,1.0
32.7949743765,-117.23041364,2025-05-24 17:20:13+00:00,Malosma laurina,laurel sumac,Plantae,4.0,2.392300605773926,67.20264434814453,0.17610977590084076,23.0,63.0,20.0,50.0,72.0,23.0,1.0
32.79500555,-117.2303833333,2025-08-15 20:11:00+00:00,Malosma laurina,laurel sumac,Plantae,4.0,2.392300605773926,67.20264434814453,0.17610977590084076,23.0,63.0,20.0,50.0,72.0,23.0,1.0
32.7951322077,-117.2302460858,2025-12-16 20:05:41+00:00,Malosma laurina,laurel sumac,Plantae,3.0,2.880366325378418,49.949214935302734,0.1823185831308365,22.0,42.0,20.0,51.0,73.0,23.0,1.0
32.7958917756,-117.2305974733,2020-04-26 18:38:51+00:00,Malva,Mallows,Plantae,4.0,2.205636501312256,90.0,0.0928410217165947,23.0,68.0,20.0,51.0,73.0,23.0,1.0
32.7960859,-117.2301061997,2022-04-23 18:08:04+00:00,Malva multiflora,Cretan mallow,Plantae,3.0,2.7802884578704834,180.0,0.12967248260974884,23.0,60.0,20.0,51.0,73.0,23.0,1.0
32.7960870772,-117.2301275656,2024-05-10 19:45:35+00:00,Malva multiflora,Cretan mallow,Plantae,3.0,2.7802884578704834,180.0,0.12967248260974884,23.0,60.0,20.0,51.0,73.0,23.0,1.0
32.79125485,-117.22969189,2024-09-13 22:02:30+00:00,Mammalia,Mammals,Mammalia,0.0,3.4332826137542725,285.6537780761719,0.07399355620145798,11.0,0.0,-2.0,49.0,72.0,24.0,1.0
32.7903890503,-117.2308118641,2025-07-03 17:51:57+00:00,Mammalia,Mammals,Mammalia,1.0,4.404467582702637,270.0,0.17883774638175964,23.0,63.0,-2.0,0.0,0.0,0.0,1.0
32.7957383333,-117.23053,2021-07-30 06:53:17+00:00,Manduca sexta,Carolina Sphinx,Insecta,4.0,4.404741287231445,90.0,0.1194462776184082,23.0,50.0,20.0,51.0,73.0,23.0,1.0
32.7956440099,-117.2305075895,2024-09-26 17:22:45+00:00,Manduca sexta,Carolina Sphinx,Insecta,4.0,4.404741287231445,90.0,0.1194462776184082,23.0,50.0,20.0,51.0,73.0,23.0,1.0
32.7956527239,-117.230635509,2024-09-26 17:33:55+00:00,Manduca sexta,Carolina Sphinx,Insecta,4.0,4.404741287231445,90.0,0.1194462776184082,23.0,50.0,20.0,51.0,73.0,23.0,1.0
32.795795,-117.2306283333,2024-09-26 19:17:11+00:00,Manduca sexta,Carolina Sphinx,Insecta,4.0,4.404741287231445,90.0,0.1194462776184082,23.0,50.0,20.0,51.0,73.0,23.0,1.0
32.7957621959,-117.2305120862,2024-09-26 19:44:27+00:00,Manduca sexta,Carolina Sphinx,Insecta,4.0,4.404741287231445,90.0,0.1194462776184082,23.0,50.0,20.0,51.0,73.0,23.0,1.0
32.7940777778,-117.2272944444,2026-01-21 22:31:00+00:00,Marah,Man-roots,Plantae,1.0,0.0,-0.0,0.15744894742965698,95.0,0.0,20.0,47.0,71.0,24.0,1.0
32.794105,-117.2273166667,2026-01-21 22:30:47+00:00,Marah macrocarpa,Chilicothe,Plantae,1.0,0.0,-0.0,0.15744894742965698,95.0,0.0,20.0,47.0,71.0,24.0,1.0
32.7934076,-117.228756,2012-12-02 18:13:45+00:00,Mareca americana,American Wigeon,Aves,-1.0,0.9274099469184875,180.0,0.1348302960395813,95.0,0.0,20.0,47.0,71.0,24.0,1.0
32.7925185334,-117.2309684321,2020-11-11 09:22:23+00:00,Mareca americana,American Wigeon,Aves,0.0,5.2028489112854,122.23053741455078,0.18414336442947388,21.0,12.0,20.0,49.0,72.0,24.0,1.0
32.795012569,-117.2288341456,2022-02-05 17:36:00+00:00,Mareca americana,American Wigeon,Aves,-2.0,1.4410910606384277,310.0508728027344,0.14952026307582855,22.0,40.0,20.0,47.0,71.0,24.0,1.0
32.795166516,-117.2291549157,2022-02-05 17:55:00+00:00,Mareca americana,American Wigeon,Aves,-2.0,2.1572999954223633,149.25559997558594,0.175980344414711,22.0,20.0,20.0,51.0,73.0,23.0,1.0
32.7892883333,-117.2316133333,2022-02-08 21:09:00+00:00,Mareca americana,American Wigeon,Aves,1.0,3.433213233947754,74.34590911865234,0.07006639242172241,23.0,62.0,-2.0,51.0,72.0,22.0,1.0
32.7923470499,-117.2308846651,2023-01-17 15:56:00+00:00,Mareca americana,American Wigeon,Aves,-2.0,0.0,-0.0,0.20666207373142242,95.0,0.0,20.0,49.0,72.0,24.0,1.0
32.7957684567,-117.2303449764,2023-01-21 15:30:00+00:00,Mareca americana,American Wigeon,Aves,2.0,3.4334511756896973,105.6529769897461,0.16354915499687195,22.0,31.0,20.0,51.0,73.0,23.0,1.0
32.7959202467,-117.2284216783,2023-01-21 15:52:00+00:00,Mareca americana,American Wigeon,Aves,3.0,5.122032642364502,205.44737243652344,0.14290045201778412,22.0,25.0,20.0,49.0,73.0,21.0,1.0
32.79536,-117.228602,2023-01-21 16:00:00+00:00,Mareca americana,American Wigeon,Aves,-1.0,2.392313241958618,247.20277404785156,0.16151370108127594,22.0,38.0,20.0,49.0,73.0,21.0,1.0
32.7955452118,-117.2290354461,2023-02-04 15:30:00+00:00,Mareca americana,American Wigeon,Aves,-1.0,2.157301902770996,149.25552368164062,0.19442236423492432,22.0,38.0,20.0,49.0,73.0,21.0,1.0
32.7955468162,-117.2288931915,2023-02-04 16:00:00+00:00,Mareca americana,American Wigeon,Aves,-1.0,2.157301902770996,149.25552368164062,0.19442236423492432,22.0,38.0,20.0,49.0,73.0,21.0,1.0
32.79534,-117.229287,2023-02-04 16:14:00+00:00,Mareca americana,American Wigeon,Aves,0.0,3.5467634201049805,141.58290100097656,0.1919148564338684,95.0,0.0,20.0,51.0,73.0,23.0,1.0
32.795864715,-117.2284320717,2024-01-12 16:08:00+00:00,Mareca americana,American Wigeon,Aves,0.0,3.7888824939727783,240.73355102539062,0.16690227389335632,22.0,31.0,20.0,49.0,73.0,21.0,1.0
32.7957033333,-117.2293016667,2024-01-12 16:21:46+00:00,Mareca americana,American Wigeon,Aves,1.0,2.9905333518981934,158.36972045898438,0.18014676868915558,22.0,36.0,20.0,51.0,73.0,23.0,1.0
32.7951854395,-117.2294368575,2024-01-12 16:47:00+00:00,Mareca americana,American Wigeon,Aves,-1.0,3.7888643741607666,119.26659393310547,0.18101051449775696,95.0,0.0,20.0,51.0,73.0,23.0,1.0
32.7958483333,-117.2285533333,2024-01-12 17:11:22+00:00,Mareca americana,American Wigeon,Aves,0.0,2.7802884578704834,180.0,0.18270500004291534,22.0,31.0,20.0,49.0,73.0,21.0,1.0
32.7924166931,-117.2296683265,2024-01-14 22:26:00+00:00,Mareca americana,American Wigeon,Aves,-2.0,2.1572823524475098,210.74362182617188,0.2118079662322998,21.0,16.0,20.0,49.0,72.0,24.0,1.0
32.7955513367,-117.2288412883,2024-12-14 16:09:00+00:00,Mareca americana,American Wigeon,Aves,-1.0,2.157301902770996,149.25552368164062,0.19442236423492432,22.0,38.0,20.0,49.0,73.0,21.0,1.0
32.7952223997,-117.2293053965,2025-02-01 15:57:00+00:00,Mareca americana,American Wigeon,Aves,-2.0,2.1572999954223633,149.25559997558594,0.175980344414711,22.0,20.0,20.0,51.0,73.0,23.0,1.0
32.7956648477,-117.2304585592,2025-02-01 16:02:00+00:00,Mareca americana,American Wigeon,Aves,4.0,4.404741287231445,90.0,0.1194462776184082,23.0,50.0,20.0,51.0,73.0,23.0,1.0
32.7954247503,-117.2299100306,2025-02-01 16:51:00+00:00,Mareca americana,American Wigeon,Aves,1.0,1.441096305847168,49.949302673339844,0.180143803358078,22.0,39.0,20.0,51.0,73.0,23.0,1.0
32.7901416667,-117.2306055556,2025-02-01 22:25:00+00:00,Mareca americana,American Wigeon,Aves,0.0,2.157266616821289,149.25709533691406,0.08216650038957596,23.0,65.0,-2.0,0.0,0.0,0.0,1.0
32.7924549033,-117.2311327805,2025-03-16 19:55:00+00:00,Mareca americana,American Wigeon,Aves,0.0,5.2028489112854,122.23053741455078,0.18414336442947388,21.0,12.0,20.0,49.0,72.0,24.0,1.0
32.7950972573,-117.2278558748,2025-11-13 20:32:00+00:00,Mareca americana,American Wigeon,Aves,4.0,1.8543341159820557,180.0,0.14789268374443054,23.0,65.0,20.0,49.0,73.0,21.0,1.0
32.7956862997,-117.2304792,2025-11-22 16:47:42+00:00,Mareca americana,American Wigeon,Aves,4.0,4.404741287231445,90.0,0.1194462776184082,23.0,50.0,20.0,51.0,73.0,23.0,1.0
32.7957616667,-117.230505,2025-04-26 17:11:13+00:00,Medicago polymorpha,bur clover,Plantae,4.0,4.404741287231445,90.0,0.1194462776184082,23.0,50.0,20.0,51.0,73.0,23.0,1.0
32.7934076,-117.228756,2012-12-02 18:22:09+00:00,Megaceryle alcyon,Belted Kingfisher,Aves,-1.0,0.9274099469184875,180.0,0.1348302960395813,95.0,0.0,20.0,47.0,71.0,24.0,1.0
32.7908142673,-117.2319989051,2019-03-26 20:58:00+00:00,Megaceryle alcyon,Belted Kingfisher,Aves,4.0,8.805005073547363,95.99871826171875,0.12917357683181763,23.0,59.0,-2.0,39.0,75.0,31.0,1.0
32.793452887,-117.2285165535,2019-03-26 21:53:00+00:00,Megaceryle alcyon,Belted Kingfisher,Aves,0.0,1.1031960248947144,270.0,0.11868446320295334,95.0,0.0,20.0,47.0,71.0,24.0,1.0
32.7925258272,-117.2310484082,2020-11-11 09:18:57+00:00,Megaceryle alcyon,Belted Kingfisher,Aves,0.0,5.2028489112854,122.23053741455078,0.18414336442947388,21.0,12.0,20.0,49.0,72.0,24.0,1.0
32.794763,-117.229091,2023-01-21 15:52:00+00:00,Megaceryle alcyon,Belted Kingfisher,Aves,-1.0,1.8543341159820557,-0.0,0.16023094952106476,95.0,0.0,20.0,50.0,72.0,23.0,1.0
32.792552684,-117.2299410203,2023-11-28 16:47:00+00:00,Megaceryle alcyon,Belted Kingfisher,Aves,-3.0,0.9274099469184875,180.0,0.2244354784488678,95.0,0.0,20.0,49.0,72.0,24.0,1.0
32.7926669982,-117.2311911181,2023-12-28 17:12:00+00:00,Megaceryle alcyon,Belted Kingfisher,Aves,2.0,8.029680252075195,125.01235961914062,0.15860658884048462,22.0,49.0,20.0,49.0,72.0,24.0,1.0
32.7912828597,-117.2301433541,2024-11-09 18:55:04+00:00,Megaceryle alcyon,Belted Kingfisher,Aves,-1.0,1.4410542249679565,310.0521240234375,0.11681777983903885,95.0,0.0,-2.0,49.0,72.0,24.0,1.0
32.7909555556,-117.2320333333,2024-11-17 18:46:31+00:00,Megaceryle alcyon,Belted Kingfisher,Aves,8.0,4.404494762420654,90.0,0.07171253114938736,23.0,79.0,-2.0,39.0,75.0,31.0,1.0
32.7962429724,-117.2282114784,2025-03-16 20:44:00+00:00,Megaceryle alcyon,Belted Kingfisher,Aves,4.0,1.4411042928695679,49.94956588745117,0.20336003601551056,23.0,57.0,20.0,49.0,73.0,21.0,1.0
32.7924030856,-117.2302439424,2025-11-06 16:46:00+00:00,Megaceryle alcyon,Belted Kingfisher,Aves,-2.0,2.3922436237335205,112.79792785644531,0.19795022904872894,95.0,0.0,20.0,49.0,72.0,24.0,1.0
32.7912987352,-117.230599478,2025-11-08 19:52:00+00:00,Megaceryle alcyon,Belted Kingfisher,Aves,-1.0,1.1031683683395386,90.0,0.1251722127199173,95.0,0.0,-2.0,49.0,72.0,24.0,1.0
32.7950972573,-117.2278558748,2025-11-13 20:32:00+00:00,Megaceryle alcyon,Belted Kingfisher,Aves,4.0,1.8543341159820557,180.0,0.14789268374443054,23.0,65.0,20.0,49.0,73.0,21.0,1.0
32.7925185558,-117.2299643397,2026-01-17 21:28:00+00:00,Megaceryle alcyon,Belted Kingfisher,Aves,-3.0,0.9274099469184875,180.0,0.2244354784488678,95.0,0.0,20.0,49.0,72.0,24.0,1.0
32.7893116667,-117.2315216667,2025-07-05 05:59:07+00:00,Megalorchestia californiana,California Beach Flea,Animalia,1.0,3.433213233947754,74.34590911865234,0.07006639242172241,23.0,62.0,-2.0,51.0,72.0,22.0,1.0
32.7959466667,-117.2305966667,2025-03-21 16:45:21+00:00,Megascapheus bottae,,Mammalia,4.0,2.205636501312256,90.0,0.0928410217165947,23.0,68.0,20.0,51.0,73.0,23.0,1.0
32.7909375478,-117.2297518045,2025-11-08 18:56:24+00:00,Megascapheus bottae,,Mammalia,1.0,2.3922054767608643,292.7983093261719,0.05830712243914604,23.0,67.0,-2.0,49.0,72.0,24.0,1.0
32.790201,-117.23048,2020-03-04 22:01:26+00:00,Megastraea undosa,Wavy Turban,Mollusca,0.0,2.157266616821289,149.25709533691406,0.08216650038957596,23.0,65.0,-2.0,0.0,0.0,0.0,1.0
32.7902427083,-117.2307101918,2024-05-11 17:02:49+00:00,Megastraea undosa,Wavy Turban,Mollusca,1.0,4.404467582702637,270.0,0.17883774638175964,23.0,63.0,-2.0,0.0,0.0,0.0,1.0
32.791675,-117.2306133333,2024-08-03 22:38:06+00:00,Megastraea undosa,Wavy Turban,Mollusca,-1.0,1.1031718254089355,90.0,0.13833141326904297,95.0,0.0,20.0,49.0,72.0,24.0,1.0
32.790205,-117.2304216667,2024-08-03 23:19:58+00:00,Megastraea undosa,Wavy Turban,Mollusca,0.0,2.157266616821289,149.25709533691406,0.08216650038957596,23.0,65.0,-2.0,0.0,0.0,0.0,1.0
32.79292,-117.2271216667,2023-02-04 21:02:00+00:00,Melampus,,Mollusca,0.0,3.3063013553619385,90.0,-0.014361402951180935,11.0,0.0,20.0,41.0,73.0,28.0,1.0
32.78967162,-117.2313837,2024-05-11 16:57:31+00:00,Melampus,,Mollusca,1.0,1.4410383701324463,130.05264282226562,0.06408825516700745,23.0,71.0,-2.0,51.0,72.0,22.0,1.0
32.791175,-117.2300416667,2020-03-04 21:42:00+00:00,Melampus olivaceus,Salt Marsh Snail,Mollusca,-1.0,1.4410542249679565,310.0521240234375,0.11681777983903885,95.0,0.0,-2.0,49.0,72.0,24.0,1.0
32.79176667,-117.22910333,2020-03-11 23:02:47+00:00,Melampus olivaceus,Salt Marsh Snail,Mollusca,1.0,2.9905145168304443,21.629352569580078,0.22987645864486694,95.0,0.0,20.0,49.0,72.0,24.0,1.0
32.78969167,-117.2324,2020-03-11 23:33:49+00:00,Melampus olivaceus,Salt Marsh Snail,Mollusca,4.0,6.154652118682861,63.23370361328125,0.09987203776836395,23.0,66.0,-2.0,51.0,72.0,22.0,1.0
32.7956778067,-117.2286034515,2023-02-04 20:59:00+00:00,Melampus olivaceus,Salt Marsh Snail,Mollusca,0.0,2.7802884578704834,180.0,0.18270500004291534,22.0,31.0,20.0,49.0,73.0,21.0,1.0
32.7950966667,-117.2282716667,2024-04-28 00:33:12+00:00,Melampus olivaceus,Salt Marsh Snail,Mollusca,1.0,4.404714107513428,270.0,0.12865452468395233,23.0,60.0,20.0,49.0,73.0,21.0,1.0
32.7897060055,-117.2312983158,2024-05-11 17:01:07+00:00,Melampus olivaceus,Salt Marsh Snail,Mollusca,1.0,4.315853595733643,310.05255126953125,0.14953842759132385,23.0,58.0,-2.0,51.0,72.0,22.0,1.0
32.7903659223,-117.2319505458,2024-07-21 23:05:31+00:00,Melampus olivaceus,Salt Marsh Snail,Mollusca,2.0,8.935253143310547,120.98356628417969,0.11470216512680054,23.0,50.0,-2.0,51.0,72.0,22.0,1.0
32.795325,-117.2291305556,2024-09-26 19:44:20+00:00,Melampus olivaceus,Salt Marsh Snail,Mollusca,-2.0,2.1572999954223633,149.25559997558594,0.175980344414711,22.0,20.0,20.0,51.0,73.0,23.0,1.0
32.7953133333,-117.2285533333,2025-02-11 22:35:47+00:00,Melampus olivaceus,Salt Marsh Snail,Mollusca,-1.0,3.3063838481903076,270.0,0.11386697739362717,23.0,52.0,20.0,49.0,73.0,21.0,1.0
32.7959020151,-117.2305410429,2025-10-25 16:48:04+00:00,Melampus olivaceus,Salt Marsh Snail,Mollusca,4.0,2.205636501312256,90.0,0.0928410217165947,23.0,68.0,20.0,51.0,73.0,23.0,1.0
32.794333,-117.228067,2026-01-21 22:32:00+00:00,Melampus olivaceus,Salt Marsh Snail,Mollusca,0.0,0.9274099469184875,180.0,0.1748141199350357,21.0,16.0,20.0,47.0,71.0,24.0,1.0
32.7940220732,-117.2250066472,2025-11-28 18:53:00+00:00,Melanitta deglandi,White-winged Scoter,Aves,4.0,6.654606819152832,97.97543334960938,-0.023541314527392387,11.0,0.0,1.0,0.0,0.0,0.0,1.0
32.79563306,-117.23058974,2020-09-10 19:09:03+00:00,Melanoplinae,Spur-throated Grasshoppers,Insecta,4.0,4.404741287231445,90.0,0.1194462776184082,23.0,50.0,20.0,51.0,73.0,23.0,1.0
32.795903261,-117.2292563392,2023-07-31 05:07:00+00:00,Melanoplinae,Spur-throated Grasshoppers,Insecta,3.0,4.755953311920166,193.3832244873047,0.10409373044967651,22.0,49.0,20.0,51.0,73.0,23.0,1.0
32.7962241131,-117.2294387184,2023-07-30 04:39:00+00:00,Melanoplus,North American Spur-throated Grasshoppers,Insecta,4.0,3.546776294708252,218.4173583984375,0.1059708297252655,23.0,75.0,20.0,51.0,73.0,23.0,1.0
32.7961840717,-117.22957366,2023-07-30 04:27:00+00:00,Melanoplus cinereus,Gray Sagebrush Grasshopper,Insecta,4.0,3.546776294708252,218.4173583984375,0.1059708297252655,23.0,75.0,20.0,51.0,73.0,23.0,1.0
32.7905194444,-117.2305611111,2023-06-20 18:00:00+00:00,Melilotus albus,White Sweetclover,Plantae,2.0,1.4410488605499268,310.0522766113281,0.13278251886367798,95.0,0.0,-2.0,0.0,0.0,0.0,1.0
32.7899972222,-117.2308888889,2024-04-11 21:38:00+00:00,Melilotus indicus,small melilot,Plantae,1.0,1.4410436153411865,130.05245971679688,0.1472601294517517,23.0,68.0,-2.0,0.0,0.0,0.0,1.0
32.7900082665,-117.2309117765,2024-05-11 17:02:35+00:00,Melilotus indicus,small melilot,Plantae,1.0,1.4410436153411865,130.05245971679688,0.1472601294517517,23.0,68.0,-2.0,0.0,0.0,0.0,1.0
32.7902611111,-117.2308111111,2024-05-25 21:33:00+00:00,Melissodes,,Insecta,1.0,4.404467582702637,270.0,0.17883774638175964,23.0,63.0,-2.0,0.0,0.0,0.0,1.0
32.7898916667,-117.2310944444,2024-05-25 21:19:00+00:00,Melissodes tepidus,,Insecta,1.0,1.4410409927368164,130.05255126953125,0.14953842759132385,23.0,58.0,-2.0,0.0,0.0,0.0,1.0
32.795778826,-117.2299139343,2025-04-26 16:42:52+00:00,Mellisugini,Bee Hummingbirds and Allies,Aves,1.0,2.15730357170105,149.25543212890625,0.19868019223213196,22.0,40.0,20.0,51.0,73.0,23.0,1.0
32.7946683119,-117.2300061956,2021-12-12 01:10:43+00:00,Melolonthinae,June Beetles,Insecta,3.0,4.404686450958252,90.0,0.18127182126045227,22.0,36.0,20.0,50.0,72.0,23.0,1.0
32.7934076,-117.228756,2013-01-09 16:11:01+00:00,Melospiza georgiana,Swamp Sparrow,Aves,-1.0,0.9274099469184875,180.0,0.1348302960395813,95.0,0.0,20.0,47.0,71.0,24.0,1.0
32.792596967,-117.2313301467,2013-01-13 11:03:00+00:00,Melospiza georgiana,Swamp Sparrow,Aves,3.0,8.505062103271484,115.65796661376953,0.18414336442947388,23.0,67.0,20.0,39.0,75.0,31.0,1.0
32.79252,-117.230929,2014-11-23 16:45:04+00:00,Melospiza lincolnii,Lincoln's Sparrow,Aves,-1.0,2.1572823524475098,149.25637817382812,0.1945434957742691,21.0,12.0,20.0,49.0,72.0,24.0,1.0
32.7907617361,-117.2320478713,2019-03-07 18:16:00+00:00,Melospiza melodia,Song Sparrow,Aves,8.0,4.404494762420654,90.0,0.07171253114938736,23.0,79.0,-2.0,39.0,75.0,31.0,1.0
32.7908694444,-117.2318888889,2019-03-07 19:11:00+00:00,Melospiza melodia,Song Sparrow,Aves,4.0,8.805005073547363,95.99871826171875,0.12917357683181763,23.0,59.0,-2.0,39.0,75.0,31.0,1.0
32.7908694444,-117.2319555556,2020-09-27 16:42:00+00:00,Melospiza melodia,Song Sparrow,Aves,4.0,8.805005073547363,95.99871826171875,0.12917357683181763,23.0,59.0,-2.0,39.0,75.0,31.0,1.0
32.7909233333,-117.2320783333,2020-09-27 16:53:00+00:00,Melospiza melodia,Song Sparrow,Aves,8.0,4.404494762420654,90.0,0.07171253114938736,23.0,79.0,-2.0,39.0,75.0,31.0,1.0
32.7907643567,-117.2321866067,2022-05-14 17:06:00+00:00,Melospiza melodia,Song Sparrow,Aves,8.0,4.404494762420654,90.0,0.07171253114938736,23.0,79.0,-2.0,39.0,75.0,31.0,1.0
32.7958483333,-117.2285533333,2024-01-12 17:21:06+00:00,Melospiza melodia,Song Sparrow,Aves,0.0,2.7802884578704834,180.0,0.18270500004291534,22.0,31.0,20.0,49.0,73.0,21.0,1.0
32.7954650193,-117.2293617562,2024-01-12 18:22:00+00:00,Melospiza melodia,Song Sparrow,Aves,1.0,2.157301902770996,149.25552368164062,0.19635267555713654,22.0,39.0,20.0,51.0,73.0,23.0,1.0
32.796005,-117.2303866667,2025-02-11 22:50:45+00:00,Melospiza melodia,Song Sparrow,Aves,3.0,2.1573052406311035,149.25535583496094,0.10808767378330231,23.0,61.0,20.0,51.0,73.0,23.0,1.0
32.7956156585,-117.2298815666,2025-05-04 16:52:00+00:00,Melospiza melodia,Song Sparrow,Aves,1.0,2.15730357170105,149.25543212890625,0.19868019223213196,22.0,40.0,20.0,51.0,73.0,23.0,1.0
32.7950620002,-117.230380177,2025-05-24 16:35:49+00:00,Melospiza melodia,Song Sparrow,Aves,4.0,2.392300605773926,67.20264434814453,0.17610977590084076,23.0,63.0,20.0,50.0,72.0,23.0,1.0
32.7954666667,-117.2304166667,2022-09-09 01:44:59+00:00,Melozone crissalis,California Towhee,Aves,4.0,4.404727935791016,90.0,0.13322186470031738,22.0,38.0,20.0,51.0,73.0,23.0,1.0
32.7955970656,-117.2304459481,2023-02-04 18:18:00+00:00,Melozone crissalis,California Towhee,Aves,4.0,4.404727935791016,90.0,0.13322186470031738,22.0,38.0,20.0,51.0,73.0,23.0,1.0
32.7951902416,-117.2303981304,2025-02-01 20:15:00+00:00,Melozone crissalis,California Towhee,Aves,3.0,2.880366325378418,49.949214935302734,0.1823185831308365,22.0,42.0,20.0,51.0,73.0,23.0,1.0
32.7953034512,-117.2305356761,2025-05-24 16:28:18+00:00,Melozone crissalis,California Towhee,Aves,4.0,3.433431386947632,74.34693145751953,0.1391647309064865,22.0,42.0,20.0,51.0,73.0,23.0,1.0
32.7954383333,-117.2304783333,2025-05-24 17:16:57+00:00,Melozone crissalis,California Towhee,Aves,4.0,4.404727935791016,90.0,0.13322186470031738,22.0,38.0,20.0,51.0,73.0,23.0,1.0
32.79252,-117.230929,2014-11-23 16:24:52+00:00,Mergus serrator,Red-breasted Merganser,Aves,-1.0,2.1572823524475098,149.25637817382812,0.1945434957742691,21.0,12.0,20.0,49.0,72.0,24.0,1.0
32.792621,-117.23088,2014-11-23 17:31:16+00:00,Mergus serrator,Red-breasted Merganser,Aves,-1.0,2.1572823524475098,149.25637817382812,0.1945434957742691,21.0,12.0,20.0,49.0,72.0,24.0,1.0
32.7908461217,-117.2320228289,2023-12-02 23:06:00+00:00,Mergus serrator,Red-breasted Merganser,Aves,4.0,8.805005073547363,95.99871826171875,0.12917357683181763,23.0,59.0,-2.0,39.0,75.0,31.0,1.0
32.7927030744,-117.2312430732,2023-12-28 17:38:00+00:00,Mergus serrator,Red-breasted Merganser,Aves,6.0,7.544719219207764,119.26728057861328,0.15860658884048462,23.0,68.0,20.0,39.0,75.0,31.0,1.0
32.79118,-117.2301383333,2024-07-05 23:09:45+00:00,Mergus serrator,Red-breasted Merganser,Aves,-1.0,1.4410542249679565,310.0521240234375,0.11681777983903885,95.0,0.0,-2.0,49.0,72.0,24.0,1.0
32.7932100372,-117.2298078447,2026-01-17 19:35:00+00:00,Mergus serrator,Red-breasted Merganser,Aves,1.0,1.4410752058029175,49.9485969543457,0.19605720043182373,95.0,0.0,20.0,50.0,72.0,23.0,1.0
32.7925185558,-117.2299643397,2026-01-17 21:39:00+00:00,Mergus serrator,Red-breasted Merganser,Aves,-3.0,0.9274099469184875,180.0,0.2244354784488678,95.0,0.0,20.0,49.0,72.0,24.0,1.0
32.7956374997,-117.2294779,2022-12-10 17:48:21+00:00,Mesembryanthemum,ice plants,Plantae,1.0,0.9274099469184875,180.0,0.19704265892505646,22.0,45.0,20.0,51.0,73.0,23.0,1.0
32.7907086119,-117.2321766605,2020-07-10 17:08:31+00:00,Mesembryanthemum crystallinum,Crystalline ice plant,Plantae,8.0,6.154697418212891,116.76608276367188,0.07844877988100052,23.0,62.0,-2.0,51.0,72.0,22.0,1.0
32.7907354804,-117.2320911941,2021-06-15 15:32:31+00:00,Mesembryanthemum crystallinum,Crystalline ice plant,Plantae,8.0,6.154697418212891,116.76608276367188,0.07844877988100052,23.0,62.0,-2.0,51.0,72.0,22.0,1.0
32.7896883333,-117.2314,2022-04-27 20:14:04+00:00,Mesembryanthemum crystallinum,Crystalline ice plant,Plantae,1.0,4.315853595733643,310.05255126953125,0.14953842759132385,23.0,58.0,-2.0,51.0,72.0,22.0,1.0
32.7956461441,-117.2296377273,2023-01-28 19:41:32+00:00,Mesembryanthemum crystallinum,Crystalline ice plant,Plantae,1.0,1.8543341159820557,180.0,0.19704265892505646,22.0,40.0,20.0,51.0,73.0,23.0,1.0
32.7958600997,-117.2288431,2023-02-04 16:20:11+00:00,Mesembryanthemum crystallinum,Crystalline ice plant,Plantae,0.0,3.8646881580352783,163.43728637695312,0.20311467349529266,22.0,39.0,20.0,49.0,73.0,21.0,1.0
32.7958333333,-117.2302783333,2023-02-26 17:44:10+00:00,Mesembryanthemum crystallinum,Crystalline ice plant,Plantae,2.0,3.4334511756896973,105.6529769897461,0.16354915499687195,22.0,31.0,20.0,51.0,73.0,23.0,1.0
32.7959555556,-117.2292944444,2024-09-26 19:46:00+00:00,Mesembryanthemum crystallinum,Crystalline ice plant,Plantae,3.0,4.755953311920166,193.3832244873047,0.10409373044967651,22.0,49.0,20.0,51.0,73.0,23.0,1.0
32.7957416667,-117.22915,2025-02-11 22:36:59+00:00,Mesembryanthemum crystallinum,Crystalline ice plant,Plantae,1.0,2.9905333518981934,158.36972045898438,0.18014676868915558,22.0,36.0,20.0,51.0,73.0,23.0,1.0
32.7956191609,-117.2305127251,2025-04-26 16:55:05+00:00,Mesembryanthemum crystallinum,Crystalline ice plant,Plantae,4.0,4.404741287231445,90.0,0.1194462776184082,23.0,50.0,20.0,51.0,73.0,23.0,1.0
32.7958012111,-117.2289568336,2025-04-26 17:06:26+00:00,Mesembryanthemum crystallinum,Crystalline ice plant,Plantae,0.0,3.8646881580352783,163.43728637695312,0.20311467349529266,22.0,39.0,20.0,49.0,73.0,21.0,1.0
32.7959758882,-117.2300662101,2025-04-26 17:30:09+00:00,Mesembryanthemum crystallinum,Crystalline ice plant,Plantae,3.0,2.7802884578704834,180.0,0.12967248260974884,23.0,60.0,20.0,51.0,73.0,23.0,1.0
32.7959343,-117.2299943,2025-04-26 17:56:00+00:00,Mesembryanthemum crystallinum,Crystalline ice plant,Plantae,3.0,2.7802884578704834,180.0,0.12967248260974884,23.0,60.0,20.0,51.0,73.0,23.0,1.0
32.7959490242,-117.230562335,2025-05-24 16:31:40+00:00,Mesembryanthemum crystallinum,Crystalline ice plant,Plantae,4.0,2.205636501312256,90.0,0.0928410217165947,23.0,68.0,20.0,51.0,73.0,23.0,1.0
32.7896722222,-117.2309861111,2025-07-12 15:27:00+00:00,Mesembryanthemum crystallinum,Crystalline ice plant,Plantae,0.0,1.4410383701324463,130.05264282226562,0.06408825516700745,24.0,81.0,-2.0,0.0,0.0,0.0,1.0
32.7957638558,-117.2303182727,2025-08-23 17:50:37+00:00,Mesembryanthemum crystallinum,Crystalline ice plant,Plantae,2.0,3.4334511756896973,105.6529769897461,0.16354915499687195,22.0,31.0,20.0,51.0,73.0,23.0,1.0
32.7958116667,-117.2292166667,2025-11-09 19:55:55+00:00,Mesembryanthemum crystallinum,Crystalline ice plant,Plantae,1.0,2.9905333518981934,158.36972045898438,0.18014676868915558,22.0,36.0,20.0,51.0,73.0,23.0,1.0
32.795925,-117.2281033333,2025-12-13 17:17:11+00:00,Mesembryanthemum crystallinum,Crystalline ice plant,Plantae,4.0,2.3923258781433105,247.20289611816406,0.15577995777130127,22.0,43.0,20.0,49.0,73.0,21.0,1.0
32.7955916667,-117.229855,2026-01-21 21:25:00+00:00,Mesembryanthemum crystallinum,Crystalline ice plant,Plantae,1.0,0.0,-0.0,0.19635267555713654,22.0,41.0,20.0,51.0,73.0,23.0,1.0
32.7958565746,-117.2298597491,2026-01-21 22:48:00+00:00,Mesembryanthemum crystallinum,Crystalline ice plant,Plantae,1.0,1.8543341159820557,180.0,0.19704265892505646,22.0,40.0,20.0,51.0,73.0,23.0,1.0
32.7898450405,-117.2310210895,2020-03-11 22:16:36+00:00,Mesembryanthemum nodiflorum,Slender Iceplant,Plantae,1.0,1.4410409927368164,130.05255126953125,0.14953842759132385,23.0,58.0,-2.0,0.0,0.0,0.0,1.0
32.7894366667,-117.2314916667,2021-05-05 21:16:30+00:00,Mesembryanthemum nodiflorum,Slender Iceplant,Plantae,1.0,1.4410383701324463,130.05264282226562,0.06408825516700745,23.0,71.0,-2.0,51.0,72.0,22.0,1.0
32.7894583333,-117.2315666667,2022-04-27 20:09:50+00:00,Mesembryanthemum nodiflorum,Slender Iceplant,Plantae,1.0,3.5466694831848145,321.5848083496094,0.14769913256168365,22.0,46.0,-2.0,51.0,72.0,22.0,1.0
32.78947,-117.2315216667,2022-04-27 21:15:32+00:00,Mesembryanthemum nodiflorum,Slender Iceplant,Plantae,1.0,3.5466694831848145,321.5848083496094,0.14769913256168365,22.0,46.0,-2.0,51.0,72.0,22.0,1.0
32.7895641681,-117.2315343709,2023-06-05 14:19:51+00:00,Mesembryanthemum nodiflorum,Slender Iceplant,Plantae,1.0,3.5466694831848145,321.5848083496094,0.14769913256168365,22.0,46.0,-2.0,51.0,72.0,22.0,1.0
32.7958416667,-117.230475,2023-06-20 18:00:00+00:00,Mesembryanthemum nodiflorum,Slender Iceplant,Plantae,4.0,4.404741287231445,90.0,0.1194462776184082,23.0,50.0,20.0,51.0,73.0,23.0,1.0
32.789920963,-117.2310625112,2023-06-24 17:37:23+00:00,Mesembryanthemum nodiflorum,Slender Iceplant,Plantae,1.0,1.4410409927368164,130.05255126953125,0.14953842759132385,23.0,58.0,-2.0,0.0,0.0,0.0,1.0
32.7902361111,-117.2307277778,2024-04-11 21:39:00+00:00,Mesembryanthemum nodiflorum,Slender Iceplant,Plantae,1.0,4.404467582702637,270.0,0.17883774638175964,23.0,63.0,-2.0,0.0,0.0,0.0,1.0
32.7895382094,-117.2314203904,2024-05-11 16:51:27+00:00,Mesembryanthemum nodiflorum,Slender Iceplant,Plantae,1.0,1.4410383701324463,130.05264282226562,0.06408825516700745,23.0,71.0,-2.0,51.0,72.0,22.0,1.0
32.7900146786,-117.2308389378,2024-05-11 17:01:18+00:00,Mesembryanthemum nodiflorum,Slender Iceplant,Plantae,1.0,1.4410436153411865,130.05245971679688,0.1472601294517517,23.0,68.0,-2.0,0.0,0.0,0.0,1.0
32.789925,-117.231025,2024-06-20 21:58:00+00:00,Mesembryanthemum nodiflorum,Slender Iceplant,Plantae,1.0,1.4410409927368164,130.05255126953125,0.14953842759132385,23.0,58.0,-2.0,0.0,0.0,0.0,1.0
32.7962283333,-117.2294216667,2025-08-23 17:45:47+00:00,Mesembryanthemum nodiflorum,Slender Iceplant,Plantae,4.0,3.546776294708252,218.4173583984375,0.1059708297252655,23.0,75.0,20.0,51.0,73.0,23.0,1.0
32.795381925,-117.230191268,2025-12-16 20:19:08+00:00,Mesembryanthemum nodiflorum,Slender Iceplant,Plantae,2.0,3.433441400527954,74.34697723388672,0.1708993762731552,22.0,39.0,20.0,51.0,73.0,23.0,1.0
32.7916833333,-117.2307666667,2026-01-26 19:16:29+00:00,Metacyrba taeniola,Ribbon Jumping Spider,Arachnida,0.0,2.205526351928711,90.0,0.19233864545822144,95.0,0.0,20.0,49.0,72.0,24.0,1.0
32.7963045489,-117.2289837749,2021-02-12 23:42:00+00:00,Microgastrinae,,Insecta,6.0,2.9905359745025635,158.36959838867188,0.119269460439682,23.0,61.0,20.0,49.0,73.0,21.0,1.0
32.7915912355,-117.2317807075,2001-05-14 06:44:00+00:00,Mimus polyglottos,Northern Mockingbird,Aves,6.0,2.880297899246216,130.0519256591797,0.10694009065628052,23.0,60.0,20.0,39.0,75.0,31.0,1.0
32.7960475752,-117.2292373268,2022-05-02 17:41:00+00:00,Mimus polyglottos,Northern Mockingbird,Aves,3.0,4.755953311920166,193.3832244873047,0.10409373044967651,22.0,49.0,20.0,51.0,73.0,23.0,1.0
32.7960763622,-117.2299948696,2022-06-05 23:40:00+00:00,Mimus polyglottos,Northern Mockingbird,Aves,3.0,2.7802884578704834,180.0,0.12967248260974884,23.0,60.0,20.0,51.0,73.0,23.0,1.0
32.7955639656,-117.23062525,2023-01-17 16:12:00+00:00,Mimus polyglottos,Northern Mockingbird,Aves,4.0,4.404727935791016,90.0,0.13322186470031738,22.0,38.0,20.0,51.0,73.0,23.0,1.0
32.7957516805,-117.230679302,2023-01-21 16:54:00+00:00,Mimus polyglottos,Northern Mockingbird,Aves,4.0,4.404741287231445,90.0,0.1194462776184082,23.0,50.0,20.0,51.0,73.0,23.0,1.0
32.7927391506,-117.2312108867,2023-12-26 18:01:00+00:00,Mimus polyglottos,Northern Mockingbird,Aves,2.0,8.029680252075195,125.01235961914062,0.15860658884048462,22.0,49.0,20.0,49.0,72.0,24.0,1.0
32.7951132886,-117.2293295694,2024-01-12 17:36:00+00:00,Mimus polyglottos,Northern Mockingbird,Aves,-2.0,2.1572999954223633,149.25559997558594,0.175980344414711,22.0,20.0,20.0,51.0,73.0,23.0,1.0
32.7959873813,-117.2302856305,2025-02-01 15:22:00+00:00,Mimus polyglottos,Northern Mockingbird,Aves,3.0,2.1573052406311035,149.25535583496094,0.10808767378330231,23.0,61.0,20.0,51.0,73.0,23.0,1.0
32.7954202772,-117.2301615632,2025-12-16 22:13:00+00:00,Mimus polyglottos,Northern Mockingbird,Aves,2.0,3.433441400527954,74.34697723388672,0.1708993762731552,22.0,39.0,20.0,51.0,73.0,23.0,1.0
32.7962229858,-117.2294357638,2023-07-30 04:39:00+00:00,Miridae,Plant Bugs,Insecta,4.0,3.546776294708252,218.4173583984375,0.1059708297252655,23.0,75.0,20.0,51.0,73.0,23.0,1.0
32.7907666667,-117.2299333333,2025-11-08 18:26:08+00:00,Mistharnophantia,,Insecta,-1.0,2.1572718620300293,329.2568664550781,0.16060450673103333,23.0,67.0,-2.0,49.0,72.0,24.0,1.0
32.791175,-117.2301866667,2024-06-29 18:34:38+00:00,Mugil,Common Mullets,Actinopterygii,-1.0,1.8543341159820557,-0.0,0.09041575342416763,95.0,0.0,-2.0,49.0,72.0,24.0,1.0
32.7918205261,-117.2314300537,2020-01-26 23:27:28+00:00,Murgantia histrionica,Harlequin Bug,Insecta,3.0,3.433302402496338,105.65367889404297,0.2153366357088089,22.0,42.0,20.0,39.0,75.0,31.0,1.0
32.7951109617,-117.230419515,2022-04-23 16:16:00+00:00,Murgantia histrionica,Harlequin Bug,Insecta,4.0,3.433431386947632,74.34693145751953,0.1391647309064865,22.0,42.0,20.0,51.0,73.0,23.0,1.0
32.795706405,-117.2305098133,2022-04-23 16:29:00+00:00,Murgantia histrionica,Harlequin Bug,Insecta,4.0,4.404741287231445,90.0,0.1194462776184082,23.0,50.0,20.0,51.0,73.0,23.0,1.0
32.7941436979,-117.229309082,2022-05-28 16:41:53+00:00,Murgantia histrionica,Harlequin Bug,Insecta,0.0,1.4410831928253174,229.94886779785156,0.18536525964736938,95.0,0.0,20.0,50.0,72.0,23.0,1.0
32.7957031133,-117.23053284,2022-09-24 16:45:00+00:00,Murgantia histrionica,Harlequin Bug,Insecta,4.0,4.404741287231445,90.0,0.1194462776184082,23.0,50.0,20.0,51.0,73.0,23.0,1.0
32.7926336396,-117.2300972429,2024-01-27 23:58:04+00:00,Murgantia histrionica,Harlequin Bug,Insecta,-3.0,0.9274099469184875,180.0,0.2244354784488678,95.0,0.0,20.0,49.0,72.0,24.0,1.0
32.7958083333,-117.2306899444,2024-09-14 17:17:00+00:00,Murgantia histrionica,Harlequin Bug,Insecta,6.0,4.5005645751953125,78.13190460205078,0.06891442090272903,24.0,80.0,20.0,51.0,73.0,23.0,1.0
32.79520208,-117.23049371,2024-09-14 17:37:10+00:00,Murgantia histrionica,Harlequin Bug,Insecta,4.0,3.433431386947632,74.34693145751953,0.1391647309064865,22.0,42.0,20.0,51.0,73.0,23.0,1.0
32.7951883333,-117.2305,2025-02-01 17:39:21+00:00,Murgantia histrionica,Harlequin Bug,Insecta,4.0,3.433431386947632,74.34693145751953,0.1391647309064865,22.0,42.0,20.0,51.0,73.0,23.0,1.0
32.7951361111,-117.2304722222,2025-04-17 18:53:11+00:00,Murgantia histrionica,Harlequin Bug,Insecta,4.0,3.433431386947632,74.34693145751953,0.1391647309064865,22.0,42.0,20.0,51.0,73.0,23.0,1.0
32.7957383333,-117.230475,2025-04-26 16:57:18+00:00,Murgantia histrionica,Harlequin Bug,Insecta,4.0,4.404741287231445,90.0,0.1194462776184082,23.0,50.0,20.0,51.0,73.0,23.0,1.0
32.7957466667,-117.2305133333,2025-04-26 17:06:01+00:00,Murgantia histrionica,Harlequin Bug,Insecta,4.0,4.404741287231445,90.0,0.1194462776184082,23.0,50.0,20.0,51.0,73.0,23.0,1.0
32.7957674765,-117.2305148095,2025-04-26 18:14:30+00:00,Murgantia histrionica,Harlequin Bug,Insecta,4.0,4.404741287231445,90.0,0.1194462776184082,23.0,50.0,20.0,51.0,73.0,23.0,1.0
32.7953216667,-117.2304466667,2025-05-05 18:10:40+00:00,Murgantia histrionica,Harlequin Bug,Insecta,4.0,3.433431386947632,74.34693145751953,0.1391647309064865,22.0,42.0,20.0,51.0,73.0,23.0,1.0
32.7952,-117.230505,2025-05-17 16:56:59+00:00,Murgantia histrionica,Harlequin Bug,Insecta,4.0,3.433431386947632,74.34693145751953,0.1391647309064865,22.0,42.0,20.0,51.0,73.0,23.0,1.0
32.7952038311,-117.2305013147,2025-05-24 16:26:31+00:00,Murgantia histrionica,Harlequin Bug,Insecta,4.0,3.433431386947632,74.34693145751953,0.1391647309064865,22.0,42.0,20.0,51.0,73.0,23.0,1.0
32.7959936997,-117.2305637599,2025-05-24 16:33:40+00:00,Murgantia histrionica,Harlequin Bug,Insecta,4.0,2.205636501312256,90.0,0.0928410217165947,23.0,68.0,20.0,51.0,73.0,23.0,1.0
32.7952550801,-117.2305012631,2025-06-05 17:42:13+00:00,Murgantia histrionica,Harlequin Bug,Insecta,4.0,3.433431386947632,74.34693145751953,0.1391647309064865,22.0,42.0,20.0,51.0,73.0,23.0,1.0
32.79545719,-117.23042997,2025-06-07 17:05:01+00:00,Murgantia histrionica,Harlequin Bug,Insecta,4.0,4.404727935791016,90.0,0.13322186470031738,22.0,38.0,20.0,51.0,73.0,23.0,1.0
32.7957333333,-117.2306133333,2025-09-10 18:07:14+00:00,Murgantia histrionica,Harlequin Bug,Insecta,4.0,4.404741287231445,90.0,0.1194462776184082,23.0,50.0,20.0,51.0,73.0,23.0,1.0
32.7951931983,-117.2304831833,2025-09-13 16:45:00+00:00,Murgantia histrionica,Harlequin Bug,Insecta,4.0,3.433431386947632,74.34693145751953,0.1391647309064865,22.0,42.0,20.0,51.0,73.0,23.0,1.0
32.7953017673,-117.2303972799,2025-12-16 20:02:49+00:00,Murgantia histrionica,Harlequin Bug,Insecta,3.0,2.880366325378418,49.949214935302734,0.1823185831308365,22.0,42.0,20.0,51.0,73.0,23.0,1.0
32.7956602,-117.2306612,2025-12-16 20:24:13+00:00,Murgantia histrionica,Harlequin Bug,Insecta,4.0,4.404741287231445,90.0,0.1194462776184082,23.0,50.0,20.0,51.0,73.0,23.0,1.0
32.7954202772,-117.2301615632,2025-12-16 21:40:00+00:00,Murgantia histrionica,Harlequin Bug,Insecta,2.0,3.433441400527954,74.34697723388672,0.1708993762731552,22.0,39.0,20.0,51.0,73.0,23.0,1.0
32.795903261,-117.2292563392,2023-07-31 04:46:00+00:00,Muscoidea,Muscoid Flies,Insecta,3.0,4.755953311920166,193.3832244873047,0.10409373044967651,22.0,49.0,20.0,51.0,73.0,23.0,1.0
32.7954202772,-117.2301615632,2025-12-16 21:44:00+00:00,Muscoidea,Muscoid Flies,Insecta,2.0,3.433441400527954,74.34697723388672,0.1708993762731552,22.0,39.0,20.0,51.0,73.0,23.0,1.0
32.7956156585,-117.2298815666,2025-05-04 16:11:00+00:00,Myiarchus cinerascens,Ash-throated Flycatcher,Aves,1.0,2.15730357170105,149.25543212890625,0.19868019223213196,22.0,40.0,20.0,51.0,73.0,23.0,1.0
32.7956156585,-117.2298815666,2025-05-04 16:17:00+00:00,Myiarchus cinerascens,Ash-throated Flycatcher,Aves,1.0,2.15730357170105,149.25543212890625,0.19868019223213196,22.0,40.0,20.0,51.0,73.0,23.0,1.0
32.7956156585,-117.2298815666,2025-05-04 16:44:00+00:00,Myiarchus cinerascens,Ash-throated Flycatcher,Aves,1.0,2.15730357170105,149.25543212890625,0.19868019223213196,22.0,40.0,20.0,51.0,73.0,23.0,1.0
32.7956156585,-117.2298815666,2025-05-04 16:55:00+00:00,Myiarchus cinerascens,Ash-throated Flycatcher,Aves,1.0,2.15730357170105,149.25543212890625,0.19868019223213196,22.0,40.0,20.0,51.0,73.0,23.0,1.0
32.7954444444,-117.2279805556,2025-05-04 17:25:00+00:00,Myiarchus cinerascens,Ash-throated Flycatcher,Aves,4.0,1.441096305847168,229.9492950439453,0.17429928481578827,23.0,65.0,20.0,49.0,73.0,21.0,1.0
32.7951861111,-117.2284611111,2025-02-11 22:32:00+00:00,Myosotella myosotis,Mouse-eared Snail,Mollusca,1.0,4.404714107513428,270.0,0.12865452468395233,23.0,60.0,20.0,49.0,73.0,21.0,1.0
32.7941166667,-117.22753,2026-01-21 22:21:12+00:00,Myosotella myosotis,Mouse-eared Snail,Mollusca,1.0,1.1032028198242188,270.0,0.17474384605884552,95.0,0.0,20.0,47.0,71.0,24.0,1.0
32.7908208501,-117.2297727597,2019-03-06 21:14:17+00:00,Mytiloidea,True Mussels,Mollusca,1.0,2.3922054767608643,292.7983093261719,0.05830712243914604,23.0,67.0,-2.0,49.0,72.0,24.0,1.0
32.7944666667,-117.227945,2025-02-11 22:18:01+00:00,Mytilus californianus,California Mussel,Mollusca,0.0,1.1032062768936157,270.0,0.15007136762142181,22.0,25.0,20.0,47.0,71.0,24.0,1.0
32.790855,-117.2297216667,2019-03-06 21:15:29+00:00,Mytilus edulis,Blue Mussel Complex,Mollusca,1.0,2.3922054767608643,292.7983093261719,0.05830712243914604,23.0,67.0,-2.0,49.0,72.0,24.0,1.0
32.7911133333,-117.2292783333,2019-03-06 20:55:06+00:00,Mytilus galloprovincialis,Mediterranean Mussel,Mollusca,3.0,2.3922119140625,292.7982482910156,0.085202157497406,11.0,0.0,-2.0,49.0,72.0,24.0,1.0
32.7912457793,-117.2295675339,2025-11-08 18:45:36+00:00,Mytilus galloprovincialis,Mediterranean Mussel,Mollusca,2.0,3.30622935295105,270.0,0.07399355620145798,11.0,0.0,-2.0,49.0,72.0,24.0,1.0
32.7948527778,-117.2294916667,2025-06-16 14:03:17+00:00,Naemia seriata,Seaside Lady Beetle,Insecta,-1.0,3.3063735961914062,90.0,0.19011558592319489,95.0,0.0,20.0,50.0,72.0,23.0,1.0
32.7898833333,-117.2308666667,2019-03-06 20:44:27+00:00,Nannopterum auritum,Double-crested Cormorant,Aves,0.0,1.4410409927368164,130.05255126953125,0.0661247968673706,23.0,73.0,-2.0,0.0,0.0,0.0,1.0
32.7893216667,-117.2315366667,2022-04-27 20:02:20+00:00,Nannopterum auritum,Double-crested Cormorant,Aves,1.0,3.433213233947754,74.34590911865234,0.07006639242172241,23.0,62.0,-2.0,51.0,72.0,22.0,1.0
32.7951132886,-117.2293295694,2024-01-12 17:44:00+00:00,Nannopterum auritum,Double-crested Cormorant,Aves,-2.0,2.1572999954223633,149.25559997558594,0.175980344414711,22.0,20.0,20.0,51.0,73.0,23.0,1.0
32.7894583333,-117.2316583333,2024-05-25 20:55:00+00:00,Nannopterum auritum,Double-crested Cormorant,Aves,1.0,3.5466694831848145,321.5848083496094,0.14769913256168365,22.0,46.0,-2.0,51.0,72.0,22.0,1.0
32.79523,-117.2303166667,2024-04-28 01:06:43+00:00,Nassella tenuissima,Mexican feathergrass,Plantae,3.0,2.880366325378418,49.949214935302734,0.1823185831308365,22.0,42.0,20.0,51.0,73.0,23.0,1.0
32.79103104,-117.2296097,2023-03-11 17:41:09+00:00,Navanax inermis,California Aglaja,Mollusca,0.0,3.4332826137542725,285.6537780761719,0.07399355620145798,11.0,0.0,-2.0,49.0,72.0,24.0,1.0
32.791,-117.2295216667,2023-03-11 18:14:06+00:00,Navanax inermis,California Aglaja,Mollusca,1.0,2.880282163619995,229.9477996826172,0.05830712243914604,23.0,65.0,-2.0,49.0,72.0,24.0,1.0
32.7909216667,-117.2309283333,2024-07-14 17:08:47+00:00,Navanax inermis,California Aglaja,Mollusca,-1.0,4.315885066986084,310.05218505859375,0.17486731708049774,95.0,0.0,-2.0,49.0,72.0,24.0,1.0
32.7909216667,-117.2296216667,2025-02-01 21:09:42+00:00,Navanax inermis,California Aglaja,Mollusca,1.0,2.3922054767608643,292.7983093261719,0.05830712243914604,23.0,67.0,-2.0,49.0,72.0,24.0,1.0
32.791175,-117.2301277778,2025-03-08 18:01:18+00:00,Navanax inermis,California Aglaja,Mollusca,-1.0,1.4410542249679565,310.0521240234375,0.11681777983903885,95.0,0.0,-2.0,49.0,72.0,24.0,1.0
32.7893734,-117.2314858,2025-07-10 16:16:20+00:00,Navanax inermis,California Aglaja,Mollusca,0.0,1.4410357475280762,130.05271911621094,-0.003465859452262521,24.0,94.0,-2.0,51.0,72.0,22.0,1.0
32.7912033333,-117.230025,2025-09-13 15:12:20+00:00,Navanax inermis,California Aglaja,Mollusca,-1.0,1.4410542249679565,310.0521240234375,0.11681777983903885,95.0,0.0,-2.0,49.0,72.0,24.0,1.0
32.7902555556,-117.2303472222,2021-05-05 21:12:00+00:00,Neogastropoda,,Mollusca,0.0,2.8802716732025146,130.0523681640625,0.09603254497051239,23.0,56.0,-2.0,0.0,0.0,0.0,1.0
32.7958376,-117.23040014,2022-08-31 18:11:07+00:00,Neoscona,Spotted Orbweavers,Arachnida,2.0,3.4334511756896973,105.6529769897461,0.16354915499687195,22.0,31.0,20.0,51.0,73.0,23.0,1.0
32.7957728314,-117.2305241972,2025-09-11 19:51:11+00:00,Neoscona,Spotted Orbweavers,Arachnida,4.0,4.404741287231445,90.0,0.1194462776184082,23.0,50.0,20.0,51.0,73.0,23.0,1.0
32.7953694583,-117.2302828233,2022-02-26 17:13:00+00:00,Neotephritis finalis,Sunflower Seed Maggot,Insecta,2.0,3.433441400527954,74.34697723388672,0.1708993762731552,22.0,39.0,20.0,51.0,73.0,23.0,1.0
32.7959230717,-117.2303456717,2022-02-26 18:08:00+00:00,Neotephritis finalis,Sunflower Seed Maggot,Insecta,3.0,2.1573052406311035,149.25535583496094,0.10808767378330231,23.0,61.0,20.0,51.0,73.0,23.0,1.0
32.7893445453,-117.2317679879,2024-02-10 18:55:25+00:00,Neotephritis finalis,Sunflower Seed Maggot,Insecta,3.0,9.192399024963379,45.55592346191406,0.10595002770423889,23.0,62.0,-2.0,51.0,72.0,22.0,1.0
32.7911722222,-117.2301333333,2025-07-12 17:27:00+00:00,Nereididae,Ragworms and Allies,Animalia,-1.0,1.4410542249679565,310.0521240234375,0.11681777983903885,95.0,0.0,-2.0,49.0,72.0,24.0,1.0
32.7912861111,-117.2294444444,2025-07-12 17:47:16+00:00,Nereididae,Ragworms and Allies,Animalia,2.0,3.30622935295105,270.0,0.07399355620145798,11.0,0.0,-2.0,49.0,72.0,24.0,1.0
32.7895033333,-117.23153,2024-12-15 16:56:38+00:00,Niambia capensis,African Cape Isopod,Animalia,1.0,3.5466694831848145,321.5848083496094,0.14769913256168365,22.0,46.0,-2.0,51.0,72.0,22.0,1.0
32.79068,-117.232155,2018-04-30 21:06:53+00:00,Nicotiana glauca,tree tobacco,Plantae,8.0,6.154697418212891,116.76608276367188,0.07844877988100052,23.0,62.0,-2.0,51.0,72.0,22.0,1.0
32.789465203,-117.2320339457,2019-04-26 15:54:05+00:00,Nicotiana glauca,tree tobacco,Plantae,4.0,10.82621955871582,53.66242980957031,0.13233546912670135,22.0,49.0,-2.0,51.0,72.0,22.0,1.0
32.7958924007,-117.2298807288,2020-02-01 17:55:00+00:00,Nicotiana glauca,tree tobacco,Plantae,3.0,2.7802884578704834,180.0,0.12967248260974884,23.0,60.0,20.0,51.0,73.0,23.0,1.0
32.7899068902,-117.2323336514,2020-03-11 23:39:51+00:00,Nicotiana glauca,tree tobacco,Plantae,4.0,6.154652118682861,63.23370361328125,0.09987203776836395,23.0,66.0,-2.0,51.0,72.0,22.0,1.0
32.7958039967,-117.2288670933,2022-02-05 23:25:00+00:00,Nicotiana glauca,tree tobacco,Plantae,0.0,3.8646881580352783,163.43728637695312,0.20311467349529266,22.0,39.0,20.0,49.0,73.0,21.0,1.0
32.790825,-117.23223,2022-07-30 18:53:42+00:00,Nicotiana glauca,tree tobacco,Plantae,8.0,4.404494762420654,90.0,0.07171253114938736,23.0,79.0,-2.0,39.0,75.0,31.0,1.0
32.7958483333,-117.2285533333,2024-01-12 17:12:27+00:00,Nicotiana glauca,tree tobacco,Plantae,0.0,2.7802884578704834,180.0,0.18270500004291534,22.0,31.0,20.0,49.0,73.0,21.0,1.0
32.7900388889,-117.2322305556,2024-06-20 20:57:00+00:00,Nicotiana glauca,tree tobacco,Plantae,1.0,7.169088840484619,130.05245971679688,0.09259801357984543,23.0,64.0,-2.0,51.0,72.0,22.0,1.0
32.7903675987,-117.2307417915,2026-01-15 17:21:26+00:00,Nicotiana glauca,tree tobacco,Plantae,1.0,4.404467582702637,270.0,0.17883774638175964,23.0,63.0,-2.0,0.0,0.0,0.0,1.0
32.7923253586,-117.2297000816,2009-11-15 22:53:00+00:00,Numenius americanus,Long-billed Curlew,Aves,-2.0,2.157280683517456,329.2564697265625,0.21782225370407104,21.0,15.0,20.0,49.0,72.0,24.0,1.0
32.7947919444,-117.2289929913,2018-07-18 21:24:58+00:00,Numenius americanus,Long-billed Curlew,Aves,-1.0,2.9905283451080322,338.3699645996094,0.16031374037265778,21.0,15.0,20.0,47.0,71.0,24.0,1.0
32.7941303,-117.2291748,2021-09-11 14:16:00+00:00,Numenius americanus,Long-billed Curlew,Aves,0.0,1.4410831928253174,229.94886779785156,0.18536525964736938,95.0,0.0,20.0,50.0,72.0,23.0,1.0
32.790955,-117.2320383333,2021-12-04 16:42:36+00:00,Numenius americanus,Long-billed Curlew,Aves,8.0,4.404494762420654,90.0,0.07171253114938736,23.0,79.0,-2.0,39.0,75.0,31.0,1.0
32.7950533022,-117.2289044457,2022-02-05 17:48:00+00:00,Numenius americanus,Long-billed Curlew,Aves,-2.0,1.4410910606384277,310.0508728027344,0.14952026307582855,22.0,40.0,20.0,47.0,71.0,24.0,1.0
32.7941303,-117.2291748,2022-02-05 21:39:00+00:00,Numenius americanus,Long-billed Curlew,Aves,0.0,1.4410831928253174,229.94886779785156,0.18536525964736938,95.0,0.0,20.0,50.0,72.0,23.0,1.0
32.7945265483,-117.2289383406,2022-07-22 02:15:00+00:00,Numenius americanus,Long-billed Curlew,Aves,1.0,0.9274099469184875,-0.0,0.1863887459039688,21.0,16.0,20.0,47.0,71.0,24.0,1.0
32.7909076363,-117.2298047758,2023-01-21 15:24:00+00:00,Numenius americanus,Long-billed Curlew,Aves,1.0,2.3922054767608643,292.7983093261719,0.05830712243914604,23.0,67.0,-2.0,49.0,72.0,24.0,1.0
32.7956366055,-117.2287461215,2023-02-04 15:38:00+00:00,Numenius americanus,Long-billed Curlew,Aves,0.0,2.7802884578704834,180.0,0.18270500004291534,22.0,31.0,20.0,49.0,73.0,21.0,1.0
32.7951719285,-117.2290522771,2024-08-31 17:22:00+00:00,Numenius americanus,Long-billed Curlew,Aves,-2.0,1.4410936832427979,229.94921875,0.17733633518218994,22.0,20.0,20.0,49.0,73.0,21.0,1.0
32.7899466667,-117.2311083333,2024-09-12 18:19:05+00:00,Numenius americanus,Long-billed Curlew,Aves,1.0,4.315861225128174,310.0524597167969,0.1575649529695511,23.0,68.0,-2.0,0.0,0.0,0.0,1.0
32.7955876529,-117.2299749867,2025-02-01 15:36:00+00:00,Numenius americanus,Long-billed Curlew,Aves,1.0,1.441096305847168,49.949302673339844,0.180143803358078,22.0,39.0,20.0,51.0,73.0,23.0,1.0
32.7953006421,-117.2287577453,2025-02-01 16:02:00+00:00,Numenius americanus,Long-billed Curlew,Aves,-1.0,3.3063838481903076,270.0,0.11386697739362717,23.0,52.0,20.0,49.0,73.0,21.0,1.0
32.7953186796,-117.228907949,2025-02-01 17:20:00+00:00,Numenius americanus,Long-billed Curlew,Aves,-2.0,1.4410936832427979,229.94921875,0.17733633518218994,22.0,20.0,20.0,49.0,73.0,21.0,1.0
32.7953730801,-117.2298971583,2025-02-01 18:39:00+00:00,Numenius americanus,Long-billed Curlew,Aves,1.0,1.441096305847168,49.949302673339844,0.180143803358078,22.0,39.0,20.0,51.0,73.0,23.0,1.0
32.7909055556,-117.2297055556,2025-02-01 22:00:00+00:00,Numenius americanus,Long-billed Curlew,Aves,1.0,2.3922054767608643,292.7983093261719,0.05830712243914604,23.0,67.0,-2.0,49.0,72.0,24.0,1.0
32.7901833333,-117.2305833333,2025-02-01 22:21:00+00:00,Numenius americanus,Long-billed Curlew,Aves,0.0,2.157266616821289,149.25709533691406,0.08216650038957596,23.0,65.0,-2.0,0.0,0.0,0.0,1.0
32.7932100372,-117.2298078447,2026-01-17 19:33:00+00:00,Numenius americanus,Long-billed Curlew,Aves,1.0,1.4410752058029175,49.9485969543457,0.19605720043182373,95.0,0.0,20.0,50.0,72.0,23.0,1.0
32.795153495,-117.230321998,2015-02-05 12:58:00+00:00,Numenius hudsonicus,Hudsonian Whimbrel,Aves,3.0,2.880366325378418,49.949214935302734,0.1823185831308365,22.0,42.0,20.0,51.0,73.0,23.0,1.0
32.792558964,-117.2310269808,2020-11-11 09:06:25+00:00,Numenius hudsonicus,Hudsonian Whimbrel,Aves,0.0,5.2028489112854,122.23053741455078,0.18414336442947388,21.0,12.0,20.0,49.0,72.0,24.0,1.0
32.7929971668,-117.2310984189,2020-11-28 18:12:00+00:00,Numenius hudsonicus,Hudsonian Whimbrel,Aves,5.0,5.746163368225098,130.05149841308594,0.13423486053943634,23.0,61.0,20.0,50.0,72.0,23.0,1.0
32.7925723017,-117.231218755,2020-11-28 19:09:00+00:00,Numenius hudsonicus,Hudsonian Whimbrel,Aves,0.0,5.2028489112854,122.23053741455078,0.18414336442947388,21.0,12.0,20.0,49.0,72.0,24.0,1.0
32.79053018,-117.231830502,2021-05-05 21:12:33+00:00,Numenius hudsonicus,Hudsonian Whimbrel,Aves,4.0,9.998680114746094,100.58159637451172,0.12075749039649963,22.0,37.0,-2.0,51.0,72.0,22.0,1.0
32.789445033,-117.2315581521,2022-12-12 22:07:00+00:00,Numenius hudsonicus,Hudsonian Whimbrel,Aves,1.0,3.5466694831848145,321.5848083496094,0.14769913256168365,22.0,46.0,-2.0,51.0,72.0,22.0,1.0
32.792926,-117.230983,2023-01-21 18:52:00+00:00,Numenius hudsonicus,Hudsonian Whimbrel,Aves,5.0,5.746163368225098,130.05149841308594,0.13423486053943634,23.0,61.0,20.0,50.0,72.0,23.0,1.0
32.7956156585,-117.2298815666,2025-05-04 16:37:00+00:00,Numenius hudsonicus,Hudsonian Whimbrel,Aves,1.0,2.15730357170105,149.25543212890625,0.19868019223213196,22.0,40.0,20.0,51.0,73.0,23.0,1.0
32.7946192805,-117.2244491216,2023-03-01 02:20:00+00:00,Nyctanassa violacea,Yellow-crowned Night Heron,Aves,2.0,2.9905283451080322,201.63002014160156,0.19593863189220428,23.0,64.0,1.0,0.0,0.0,0.0,1.0
32.7958583333,-117.2283222222,2023-05-16 01:08:40+00:00,Nyctanassa violacea,Yellow-crowned Night Heron,Aves,0.0,3.7888824939727783,240.73355102539062,0.16690227389335632,22.0,31.0,20.0,49.0,73.0,21.0,1.0
32.7956156585,-117.2298815666,2025-05-04 16:29:00+00:00,Nyctanassa violacea,Yellow-crowned Night Heron,Aves,1.0,2.15730357170105,149.25543212890625,0.19868019223213196,22.0,40.0,20.0,51.0,73.0,23.0,1.0
32.7954444444,-117.2279805556,2025-05-04 17:25:00+00:00,Nyctanassa violacea,Yellow-crowned Night Heron,Aves,4.0,1.441096305847168,229.9492950439453,0.17429928481578827,23.0,65.0,20.0,49.0,73.0,21.0,1.0
32.7909166667,-117.2316666667,2025-07-11 16:28:29+00:00,Nyctanassa violacea,Yellow-crowned Night Heron,Aves,0.0,5.576242923736572,99.54391479492188,0.15047627687454224,22.0,23.0,-2.0,39.0,75.0,31.0,1.0
32.79128,-117.230102,2025-07-12 15:35:00+00:00,Nyctanassa violacea,Yellow-crowned Night Heron,Aves,-1.0,1.4410542249679565,310.0521240234375,0.11681777983903885,95.0,0.0,-2.0,49.0,72.0,24.0,1.0
32.7931388714,-117.2238926577,2026-01-04 23:58:00+00:00,Nyctanassa violacea,Yellow-crowned Night Heron,Aves,0.0,0.9274099469184875,180.0,0.12117308378219604,11.0,0.0,1.0,0.0,0.0,0.0,1.0
32.7899534616,-117.2314760454,2022-07-22 02:28:00+00:00,Nycticorax nycticorax,Black-crowned Night Heron,Aves,-2.0,4.315861225128174,310.0524597167969,0.1575649529695511,23.0,62.0,-2.0,51.0,72.0,22.0,1.0
32.7956454617,-117.230548091,2022-08-11 17:48:00+00:00,Nyia gazophylax,,Insecta,4.0,4.404741287231445,90.0,0.1194462776184082,23.0,50.0,20.0,51.0,73.0,23.0,1.0
32.7958759831,-117.2303944454,2025-08-13 16:36:05+00:00,Oecobius,Wall Spiders,Arachnida,3.0,2.1573052406311035,149.25535583496094,0.10808767378330231,23.0,61.0,20.0,51.0,73.0,23.0,1.0
32.7897818547,-117.2307384649,2019-03-06 20:54:00+00:00,Oligochaeta,Earthworms and Allies,Animalia,0.0,1.4410409927368164,130.05255126953125,0.0661247968673706,23.0,73.0,-2.0,0.0,0.0,0.0,1.0
32.789707453,-117.2312444957,2020-03-11 22:13:57+00:00,Onagraceae,evening primrose family,Plantae,1.0,4.315853595733643,310.05255126953125,0.14953842759132385,23.0,58.0,-2.0,51.0,72.0,22.0,1.0
32.7902775379,-117.2304956184,2020-03-11 22:28:38+00:00,Onagraceae,evening primrose family,Plantae,2.0,2.1572682857513428,149.2570037841797,0.14154265820980072,23.0,56.0,-2.0,0.0,0.0,0.0,1.0
32.79022,-117.2305666667,2021-05-05 20:19:19+00:00,Onagraceae,evening primrose family,Plantae,2.0,2.1572682857513428,149.2570037841797,0.14154265820980072,23.0,56.0,-2.0,0.0,0.0,0.0,1.0
32.7909083333,-117.2297666667,2021-05-05 20:59:10+00:00,Onagraceae,evening primrose family,Plantae,1.0,2.3922054767608643,292.7983093261719,0.05830712243914604,23.0,67.0,-2.0,49.0,72.0,24.0,1.0
32.7956966667,-117.23047,2025-04-26 17:55:44+00:00,Opuntia,Prickly Pears,Plantae,4.0,4.404741287231445,90.0,0.1194462776184082,23.0,50.0,20.0,51.0,73.0,23.0,1.0
32.7957083333,-117.2304533333,2025-04-26 17:57:19+00:00,Opuntioideae,,Plantae,4.0,4.404741287231445,90.0,0.1194462776184082,23.0,50.0,20.0,51.0,73.0,23.0,1.0
32.7900399295,-117.2323061217,2018-12-26 19:20:49+00:00,Oreoscoptes montanus,Sage Thrasher,Aves,4.0,6.154666900634766,116.76622772216797,0.11876685172319412,23.0,64.0,-2.0,51.0,72.0,22.0,1.0
32.7900498167,-117.2322940047,2019-01-06 18:05:04+00:00,Oreoscoptes montanus,Sage Thrasher,Aves,1.0,7.169088840484619,130.05245971679688,0.09259801357984543,23.0,64.0,-2.0,51.0,72.0,22.0,1.0
32.7894601022,-117.2319473688,2022-12-03 22:03:00+00:00,Oreoscoptes montanus,Sage Thrasher,Aves,-1.0,4.959386348724365,41.737728118896484,0.1649165153503418,22.0,23.0,-2.0,51.0,72.0,22.0,1.0
32.7905681879,-117.2321336825,2022-12-12 22:27:00+00:00,Oreoscoptes montanus,Sage Thrasher,Aves,8.0,6.154697418212891,116.76608276367188,0.07844877988100052,23.0,62.0,-2.0,51.0,72.0,22.0,1.0
32.7952711521,-117.2302902871,2023-01-08 22:50:00+00:00,Oreoscoptes montanus,Sage Thrasher,Aves,3.0,2.880366325378418,49.949214935302734,0.1823185831308365,22.0,42.0,20.0,51.0,73.0,23.0,1.0
32.7909082671,-117.2319833629,2023-12-26 15:59:00+00:00,Oreoscoptes montanus,Sage Thrasher,Aves,4.0,8.805005073547363,95.99871826171875,0.12917357683181763,23.0,59.0,-2.0,39.0,75.0,31.0,1.0
32.7958883333,-117.23059,2020-04-21 22:47:00+00:00,Orgyia vetusta,Western Tussock Moth,Insecta,4.0,2.205636501312256,90.0,0.0928410217165947,23.0,68.0,20.0,51.0,73.0,23.0,1.0
32.7950693677,-117.2302998975,2025-10-03 22:49:31+00:00,Orphulella pelidna,Spotted-winged Grasshopper,Insecta,3.0,2.880366325378418,49.949214935302734,0.1823185831308365,22.0,42.0,20.0,51.0,73.0,23.0,1.0
32.790097408,-117.2307841201,2024-02-03 22:14:04+00:00,Orthoptera,"Grasshoppers, Crickets, and Katydids",Insecta,1.0,1.4410436153411865,130.05245971679688,0.1472601294517517,23.0,68.0,-2.0,0.0,0.0,0.0,1.0
32.7902034828,-117.2301949594,2020-03-11 22:32:36+00:00,Ostrea,Flat Oysters,Mollusca,0.0,0.0,-0.0,0.0027181501500308514,23.0,61.0,-2.0,0.0,0.0,0.0,1.0
32.7893692302,-117.2313399241,2024-05-11 16:45:50+00:00,Ostrea lurida,Olympia Oyster,Mollusca,0.0,1.4410357475280762,130.05271911621094,-0.003465859452262521,24.0,94.0,-2.0,51.0,72.0,22.0,1.0
32.79012,-117.2307583333,2025-07-03 17:56:12+00:00,Otala lactea,Milk Snail,Mollusca,1.0,1.4410436153411865,130.05245971679688,0.1472601294517517,23.0,68.0,-2.0,0.0,0.0,0.0,1.0
32.7958166667,-117.2305694444,2025-02-26 22:00:00+00:00,Otospermophilus beecheyi,California Ground Squirrel,Mammalia,4.0,4.404741287231445,90.0,0.1194462776184082,23.0,50.0,20.0,51.0,73.0,23.0,1.0
32.7901166667,-117.2308388889,2025-07-12 15:28:00+00:00,Otospermophilus beecheyi,California Ground Squirrel,Mammalia,1.0,1.4410436153411865,130.05245971679688,0.1472601294517517,23.0,68.0,-2.0,0.0,0.0,0.0,1.0
32.7894868342,-117.2314455726,2020-03-11 22:13:38+00:00,Oxalis pes-caprae,Bermuda buttercup,Plantae,1.0,1.4410383701324463,130.05264282226562,0.06408825516700745,23.0,71.0,-2.0,51.0,72.0,22.0,1.0
32.7933466667,-117.224005,2022-03-06 18:13:50+00:00,Oxalis pes-caprae,Bermuda buttercup,Plantae,1.0,1.4410752058029175,229.94859313964844,0.06297077238559723,23.0,58.0,1.0,0.0,0.0,0.0,1.0
32.7957849471,-117.2304043936,2024-02-21 21:00:43+00:00,Oxalis pes-caprae,Bermuda buttercup,Plantae,2.0,3.4334511756896973,105.6529769897461,0.16354915499687195,22.0,31.0,20.0,51.0,73.0,23.0,1.0
32.7950388889,-117.2300861111,2024-04-11 22:34:00+00:00,Oxalis pes-caprae,Bermuda buttercup,Plantae,3.0,3.4334213733673096,74.34688568115234,0.19704212248325348,22.0,29.0,20.0,50.0,72.0,23.0,1.0
32.795633,-117.2304611,2025-04-26 16:10:00+00:00,Oxalis pes-caprae,Bermuda buttercup,Plantae,4.0,4.404741287231445,90.0,0.1194462776184082,23.0,50.0,20.0,51.0,73.0,23.0,1.0
32.7956271,-117.2304308,2025-04-26 16:35:00+00:00,Oxalis pes-caprae,Bermuda buttercup,Plantae,4.0,4.404741287231445,90.0,0.1194462776184082,23.0,50.0,20.0,51.0,73.0,23.0,1.0
32.7892456055,-117.2313919067,2018-09-11 00:15:51+00:00,Pachygrapsus crassipes,Striped Shore Crab,Animalia,0.0,1.4410357475280762,130.05271911621094,-0.003465859452262521,24.0,94.0,-2.0,51.0,72.0,22.0,1.0
32.7912033333,-117.23005,2019-03-06 21:04:16+00:00,Pachygrapsus crassipes,Striped Shore Crab,Animalia,-1.0,1.4410542249679565,310.0521240234375,0.11681777983903885,95.0,0.0,-2.0,49.0,72.0,24.0,1.0
32.79102,-117.2296916667,2019-03-06 21:23:28+00:00,Pachygrapsus crassipes,Striped Shore Crab,Animalia,1.0,2.3922054767608643,292.7983093261719,0.05830712243914604,23.0,67.0,-2.0,49.0,72.0,24.0,1.0
32.7913825693,-117.2301232569,2019-03-06 21:32:17+00:00,Pachygrapsus crassipes,Striped Shore Crab,Animalia,-2.0,2.205519437789917,270.0,0.16301295161247253,95.0,0.0,-2.0,49.0,72.0,24.0,1.0
32.791725,-117.2306133333,2019-04-17 22:31:40+00:00,Pachygrapsus crassipes,Striped Shore Crab,Animalia,-1.0,1.1031718254089355,90.0,0.13833141326904297,95.0,0.0,20.0,49.0,72.0,24.0,1.0
32.7911638889,-117.2302694444,2020-03-04 21:41:00+00:00,Pachygrapsus crassipes,Striped Shore Crab,Animalia,-1.0,1.8543341159820557,-0.0,0.09041575342416763,95.0,0.0,-2.0,49.0,72.0,24.0,1.0
32.7913899625,-117.2293003613,2020-03-11 23:00:09+00:00,Pachygrapsus crassipes,Striped Shore Crab,Animalia,2.0,2.157275438308716,329.2566833496094,0.20044872164726257,95.0,0.0,-2.0,49.0,72.0,24.0,1.0
32.7917239822,-117.2291772563,2020-03-11 23:06:39+00:00,Pachygrapsus crassipes,Striped Shore Crab,Animalia,1.0,2.9905145168304443,21.629352569580078,0.22987645864486694,95.0,0.0,20.0,49.0,72.0,24.0,1.0
32.791965,-117.230017,2022-02-05 21:05:09+00:00,Pachygrapsus crassipes,Striped Shore Crab,Animalia,-1.0,1.441062092781067,310.0518493652344,0.20603212714195251,95.0,0.0,20.0,49.0,72.0,24.0,1.0
32.7907861111,-117.2288888889,2022-04-27 20:55:00+00:00,Pachygrapsus crassipes,Striped Shore Crab,Animalia,3.0,3.704791784286499,180.0,0.05613994225859642,11.0,0.0,-2.0,48.0,70.0,23.0,1.0
32.795588,-117.229242,2023-02-05 00:17:43+00:00,Pachygrapsus crassipes,Striped Shore Crab,Animalia,0.0,3.5467634201049805,141.58290100097656,0.1919148564338684,95.0,0.0,20.0,51.0,73.0,23.0,1.0
32.7945533333,-117.227745,2024-04-28 00:04:34+00:00,Pachygrapsus crassipes,Striped Shore Crab,Animalia,0.0,2.157296657562256,210.74424743652344,0.12678247690200806,21.0,17.0,20.0,47.0,71.0,24.0,1.0
32.7898339302,-117.2310831489,2024-05-11 16:57:46+00:00,Pachygrapsus crassipes,Striped Shore Crab,Animalia,1.0,1.4410409927368164,130.05255126953125,0.14953842759132385,23.0,58.0,-2.0,0.0,0.0,0.0,1.0
32.7911716667,-117.22918,2024-05-11 17:46:54+00:00,Pachygrapsus crassipes,Striped Shore Crab,Animalia,3.0,2.3922119140625,292.7982482910156,0.085202157497406,11.0,0.0,-2.0,49.0,72.0,24.0,1.0
32.7904033333,-117.23185,2024-06-29 20:16:52+00:00,Pachygrapsus crassipes,Striped Shore Crab,Animalia,2.0,8.935253143310547,120.98356628417969,0.11470216512680054,23.0,50.0,-2.0,51.0,72.0,22.0,1.0
32.79117,-117.2301033333,2024-07-20 21:43:33+00:00,Pachygrapsus crassipes,Striped Shore Crab,Animalia,-1.0,1.4410542249679565,310.0521240234375,0.11681777983903885,95.0,0.0,-2.0,49.0,72.0,24.0,1.0
32.7916616667,-117.230575,2024-08-04 22:16:50+00:00,Pachygrapsus crassipes,Striped Shore Crab,Animalia,-1.0,1.1031718254089355,90.0,0.13833141326904297,95.0,0.0,20.0,49.0,72.0,24.0,1.0
32.7903059043,-117.2308389145,2025-03-08 18:30:00+00:00,Pachygrapsus crassipes,Striped Shore Crab,Animalia,1.0,4.404467582702637,270.0,0.17883774638175964,23.0,63.0,-2.0,0.0,0.0,0.0,1.0
32.7911833333,-117.230125,2025-07-12 17:36:00+00:00,Pachygrapsus crassipes,Striped Shore Crab,Animalia,-1.0,1.4410542249679565,310.0521240234375,0.11681777983903885,95.0,0.0,-2.0,49.0,72.0,24.0,1.0
32.7913033333,-117.229355,2025-07-12 17:51:22+00:00,Pachygrapsus crassipes,Striped Shore Crab,Animalia,1.0,2.3922181129455566,292.7981872558594,0.1820506900548935,95.0,0.0,-2.0,49.0,72.0,24.0,1.0
32.79185,-117.2310116667,2025-07-14 15:05:08+00:00,Pachygrapsus crassipes,Striped Shore Crab,Animalia,0.0,3.7887566089630127,60.732486724853516,0.20305684208869934,22.0,20.0,20.0,49.0,72.0,24.0,1.0
32.7927666667,-117.2294833333,2025-11-28 18:58:41+00:00,Pachygrapsus crassipes,Striped Shore Crab,Animalia,0.0,2.9905195236206055,201.6295928955078,0.17963503301143646,95.0,0.0,20.0,49.0,72.0,24.0,1.0
32.7946194444,-117.2277055556,2026-01-21 22:00:00+00:00,Pachygrapsus crassipes,Striped Shore Crab,Animalia,1.0,2.39229416847229,247.20257568359375,0.12678247690200806,22.0,45.0,20.0,47.0,71.0,24.0,1.0
32.794167,-117.227633,2026-01-21 22:18:00+00:00,Pachygrapsus crassipes,Striped Shore Crab,Animalia,1.0,1.1032028198242188,270.0,0.17474384605884552,95.0,0.0,20.0,47.0,71.0,24.0,1.0
32.79382,-117.227075,2026-01-21 22:26:30+00:00,Pachygrapsus crassipes,Striped Shore Crab,Animalia,1.0,0.0,-0.0,0.1362147182226181,95.0,0.0,20.0,41.0,73.0,28.0,1.0
32.7956883333,-117.229055,2024-01-12 17:09:53+00:00,Pagurus venturensis,Ventura Hermit Crab,Animalia,0.0,3.8646881580352783,163.43728637695312,0.20311467349529266,22.0,39.0,20.0,49.0,73.0,21.0,1.0
32.7897662736,-117.2312701707,2021-01-01 21:07:00+00:00,Pandion haliaetus,Osprey,Aves,1.0,4.315853595733643,310.05255126953125,0.14953842759132385,23.0,58.0,-2.0,51.0,72.0,22.0,1.0
32.794485466,-117.2279404751,2023-02-04 17:58:00+00:00,Pandion haliaetus,Osprey,Aves,0.0,1.1032062768936157,270.0,0.15007136762142181,22.0,25.0,20.0,47.0,71.0,24.0,1.0
32.7907916667,-117.2283033333,2024-01-31 21:32:23+00:00,Pandion haliaetus,Osprey,Aves,1.0,2.3922054767608643,112.79830932617188,0.16133198142051697,11.0,0.0,-2.0,48.0,70.0,23.0,1.0
32.7913624181,-117.2299347645,2024-02-01 00:30:00+00:00,Pandion haliaetus,Osprey,Aves,-2.0,2.205519437789917,270.0,0.16301295161247253,95.0,0.0,-2.0,49.0,72.0,24.0,1.0
32.7912267116,-117.2297590971,2025-05-10 17:22:05+00:00,Pandion haliaetus,Osprey,Aves,0.0,3.4332826137542725,285.6537780761719,0.07399355620145798,11.0,0.0,-2.0,49.0,72.0,24.0,1.0
32.7919208386,-117.2271101232,2025-08-20 17:51:00+00:00,Pandion haliaetus,Osprey,Aves,1.0,1.441062092781067,49.94815444946289,-0.00820618774741888,95.0,0.0,20.0,49.0,71.0,23.0,1.0
32.7950972573,-117.2278558748,2025-11-13 20:32:00+00:00,Pandion haliaetus carolinensis,American Osprey,Aves,4.0,1.8543341159820557,180.0,0.14789268374443054,23.0,65.0,20.0,49.0,73.0,21.0,1.0
32.7958917658,-117.2305168211,2025-08-01 20:56:33+00:00,Panoquina errans,Wandering Skipper,Insecta,4.0,2.205636501312256,90.0,0.0928410217165947,23.0,68.0,20.0,51.0,73.0,23.0,1.0
32.7953275305,-117.2304772586,2025-08-15 20:52:53+00:00,Panoquina errans,Wandering Skipper,Insecta,4.0,3.433431386947632,74.34693145751953,0.1391647309064865,22.0,42.0,20.0,51.0,73.0,23.0,1.0
32.7960517654,-117.230071821,2019-09-20 20:45:00+00:00,Paragus haemorrhous,Common Grass Skimmer,Insecta,3.0,2.7802884578704834,180.0,0.12967248260974884,23.0,60.0,20.0,51.0,73.0,23.0,1.0
32.795572985,-117.2306109383,2022-05-14 18:00:00+00:00,Paragus haemorrhous,Common Grass Skimmer,Insecta,4.0,4.404727935791016,90.0,0.13322186470031738,22.0,38.0,20.0,51.0,73.0,23.0,1.0
32.795612365,-117.230592455,2022-09-24 17:18:00+00:00,Paragus haemorrhous,Common Grass Skimmer,Insecta,4.0,4.404741287231445,90.0,0.1194462776184082,23.0,50.0,20.0,51.0,73.0,23.0,1.0
32.7902866667,-117.230545,2024-12-15 16:46:13+00:00,Paralabrax maculatofasciatus,Spotted Sand Bass,Actinopterygii,2.0,2.1572682857513428,149.2570037841797,0.14154265820980072,23.0,56.0,-2.0,0.0,0.0,0.0,1.0
32.7919208386,-117.2271101232,2025-08-20 17:51:00+00:00,Paralabrax maculatofasciatus,Spotted Sand Bass,Actinopterygii,1.0,1.441062092781067,49.94815444946289,-0.00820618774741888,95.0,0.0,20.0,49.0,71.0,23.0,1.0
32.7960517654,-117.230071821,2019-09-20 19:10:00+00:00,Parancistrocerus declivatus,,Insecta,3.0,2.7802884578704834,180.0,0.12967248260974884,23.0,60.0,20.0,51.0,73.0,23.0,1.0
32.7956083333,-117.23027,2024-04-27 22:07:55+00:00,Parapholis incurva,Sickle Grass,Plantae,2.0,3.4334511756896973,105.6529769897461,0.16354915499687195,22.0,31.0,20.0,51.0,73.0,23.0,1.0
32.7949818619,-117.2280348232,2023-02-04 21:17:00+00:00,Pardosa,Thin-legged Wolf Spiders,Arachnida,1.0,2.9905295372009277,201.63009643554688,0.12764371931552887,23.0,75.0,20.0,47.0,71.0,24.0,1.0
32.7953916667,-117.2287616667,2025-02-11 22:36:16+00:00,Pardosa,Thin-legged Wolf Spiders,Arachnida,-1.0,2.392313241958618,247.20277404785156,0.16151370108127594,22.0,38.0,20.0,49.0,73.0,21.0,1.0
32.7958183289,-117.2300720215,2025-11-09 19:41:38+00:00,Pardosa,Thin-legged Wolf Spiders,Arachnida,1.0,2.15730357170105,149.25543212890625,0.19868019223213196,22.0,40.0,20.0,51.0,73.0,23.0,1.0
32.79252,-117.230929,2014-11-23 16:30:59+00:00,Passer domesticus,House Sparrow,Aves,-1.0,2.1572823524475098,149.25637817382812,0.1945434957742691,21.0,12.0,20.0,49.0,72.0,24.0,1.0
32.792621,-117.23088,2014-11-23 17:31:05+00:00,Passer domesticus,House Sparrow,Aves,-1.0,2.1572823524475098,149.25637817382812,0.1945434957742691,21.0,12.0,20.0,49.0,72.0,24.0,1.0
32.7927992591,-117.2311004616,2015-01-21 18:48:00+00:00,Passer domesticus,House Sparrow,Aves,2.0,8.029680252075195,125.01235961914062,0.15860658884048462,22.0,49.0,20.0,49.0,72.0,24.0,1.0
32.7926352765,-117.23128125,2016-11-18 22:11:00+00:00,Passer domesticus,House Sparrow,Aves,3.0,8.505062103271484,115.65796661376953,0.18414336442947388,23.0,67.0,20.0,39.0,75.0,31.0,1.0
32.7902888889,-117.2322083333,2019-03-07 19:19:00+00:00,Passer domesticus,House Sparrow,Aves,5.0,8.457596778869629,139.64630126953125,0.0892673060297966,23.0,50.0,-2.0,51.0,72.0,22.0,1.0
32.7897527778,-117.2325277778,2019-03-26 22:04:00+00:00,Passer domesticus,House Sparrow,Aves,4.0,6.154652118682861,63.23370361328125,0.09987203776836395,23.0,66.0,-2.0,51.0,72.0,22.0,1.0
32.7917083333,-117.2316833333,2020-09-27 16:38:00+00:00,Passer domesticus,House Sparrow,Aves,4.0,4.315908432006836,130.0519256591797,0.1732897013425827,22.0,45.0,20.0,39.0,75.0,31.0,1.0
32.7907305556,-117.2320166667,2020-09-27 16:43:00+00:00,Passer domesticus,House Sparrow,Aves,4.0,9.998680114746094,100.58159637451172,0.12075749039649963,22.0,37.0,-2.0,51.0,72.0,22.0,1.0
32.7910611904,-117.2320381767,2020-09-27 16:48:00+00:00,Passer domesticus,House Sparrow,Aves,8.0,3.30622935295105,90.0,0.07772672921419144,23.0,79.0,-2.0,39.0,75.0,31.0,1.0
32.7958483333,-117.2285533333,2024-01-12 17:32:27+00:00,Passer domesticus,House Sparrow,Aves,0.0,2.7802884578704834,180.0,0.18270500004291534,22.0,31.0,20.0,49.0,73.0,21.0,1.0
32.790192209,-117.2322301057,2024-10-05 14:09:44+00:00,Passer domesticus,House Sparrow,Aves,1.0,7.169088840484619,130.05245971679688,0.09259801357984543,23.0,64.0,-2.0,51.0,72.0,22.0,1.0
32.7960059722,-117.2303009722,2025-02-01 00:05:05+00:00,Passer domesticus,House Sparrow,Aves,3.0,2.1573052406311035,149.25535583496094,0.10808767378330231,23.0,61.0,20.0,51.0,73.0,23.0,1.0
32.7959698,-117.23044796,2025-08-07 01:47:43+00:00,Passer domesticus,House Sparrow,Aves,4.0,2.205636501312256,90.0,0.0928410217165947,23.0,68.0,20.0,51.0,73.0,23.0,1.0
32.7926230113,-117.2313157351,2013-01-13 10:52:00+00:00,Passerculus sandwichensis,Savannah Sparrow,Aves,3.0,8.505062103271484,115.65796661376953,0.18414336442947388,23.0,67.0,20.0,39.0,75.0,31.0,1.0
32.7907805236,-117.2320282459,2017-01-19 22:03:00+00:00,Passerculus sandwichensis,Savannah Sparrow,Aves,4.0,8.805005073547363,95.99871826171875,0.12917357683181763,23.0,59.0,-2.0,39.0,75.0,31.0,1.0
32.7957667009,-117.2287179558,2020-02-01 18:52:00+00:00,Passerculus sandwichensis,Savannah Sparrow,Aves,0.0,2.7802884578704834,180.0,0.18270500004291534,22.0,31.0,20.0,49.0,73.0,21.0,1.0
32.7957762099,-117.2287341923,2022-02-05 17:37:00+00:00,Passerculus sandwichensis,Savannah Sparrow,Aves,0.0,2.7802884578704834,180.0,0.18270500004291534,22.0,31.0,20.0,49.0,73.0,21.0,1.0
32.7956344089,-117.2291076013,2022-02-05 18:21:00+00:00,Passerculus sandwichensis,Savannah Sparrow,Aves,1.0,2.9905333518981934,158.36972045898438,0.18014676868915558,22.0,36.0,20.0,51.0,73.0,23.0,1.0
32.7959827651,-117.2302873012,2022-02-05 18:46:00+00:00,Passerculus sandwichensis,Savannah Sparrow,Aves,3.0,2.1573052406311035,149.25535583496094,0.10808767378330231,23.0,61.0,20.0,51.0,73.0,23.0,1.0
32.7955282823,-117.2297304826,2022-02-05 19:09:00+00:00,Passerculus sandwichensis,Savannah Sparrow,Aves,1.0,0.0,-0.0,0.19635267555713654,22.0,41.0,20.0,51.0,73.0,23.0,1.0
32.7959037508,-117.2302956071,2023-01-21 15:30:00+00:00,Passerculus sandwichensis,Savannah Sparrow,Aves,3.0,2.1573052406311035,149.25535583496094,0.10808767378330231,23.0,61.0,20.0,51.0,73.0,23.0,1.0
32.7957144904,-117.2302208133,2023-01-21 16:00:00+00:00,Passerculus sandwichensis,Savannah Sparrow,Aves,2.0,3.4334511756896973,105.6529769897461,0.16354915499687195,22.0,31.0,20.0,51.0,73.0,23.0,1.0
32.7956445952,-117.2299432046,2023-01-21 16:05:00+00:00,Passerculus sandwichensis,Savannah Sparrow,Aves,1.0,2.15730357170105,149.25543212890625,0.19868019223213196,22.0,40.0,20.0,51.0,73.0,23.0,1.0
32.7958779549,-117.2303804047,2023-01-21 16:34:00+00:00,Passerculus sandwichensis,Savannah Sparrow,Aves,3.0,2.1573052406311035,149.25535583496094,0.10808767378330231,23.0,61.0,20.0,51.0,73.0,23.0,1.0
32.7957994056,-117.2294831716,2023-01-21 17:53:00+00:00,Passerculus sandwichensis,Savannah Sparrow,Aves,1.0,0.9274099469184875,180.0,0.19704265892505646,22.0,45.0,20.0,51.0,73.0,23.0,1.0
32.7961089962,-117.2292634164,2023-02-04 15:15:00+00:00,Passerculus sandwichensis,Savannah Sparrow,Aves,3.0,4.755953311920166,193.3832244873047,0.10409373044967651,22.0,49.0,20.0,51.0,73.0,23.0,1.0
32.7956391956,-117.2291412455,2023-02-04 15:20:00+00:00,Passerculus sandwichensis,Savannah Sparrow,Aves,1.0,2.9905333518981934,158.36972045898438,0.18014676868915558,22.0,36.0,20.0,51.0,73.0,23.0,1.0
32.79560462,-117.2292597866,2023-02-04 15:29:00+00:00,Passerculus sandwichensis,Savannah Sparrow,Aves,1.0,2.9905333518981934,158.36972045898438,0.18014676868915558,22.0,36.0,20.0,51.0,73.0,23.0,1.0
32.795746162,-117.2287037537,2023-02-04 15:36:00+00:00,Passerculus sandwichensis,Savannah Sparrow,Aves,0.0,2.7802884578704834,180.0,0.18270500004291534,22.0,31.0,20.0,49.0,73.0,21.0,1.0
32.795634749,-117.2290018724,2023-02-04 15:57:00+00:00,Passerculus sandwichensis,Savannah Sparrow,Aves,0.0,3.8646881580352783,163.43728637695312,0.20311467349529266,22.0,39.0,20.0,49.0,73.0,21.0,1.0
32.7956531828,-117.22905597,2023-02-04 16:04:00+00:00,Passerculus sandwichensis,Savannah Sparrow,Aves,0.0,3.8646881580352783,163.43728637695312,0.20311467349529266,22.0,39.0,20.0,49.0,73.0,21.0,1.0
32.7957499322,-117.2286023202,2023-02-04 16:29:00+00:00,Passerculus sandwichensis,Savannah Sparrow,Aves,0.0,2.7802884578704834,180.0,0.18270500004291534,22.0,31.0,20.0,49.0,73.0,21.0,1.0
32.7945958785,-117.2284076017,2023-02-04 22:04:00+00:00,Passerculus sandwichensis,Savannah Sparrow,Aves,1.0,0.9274099469184875,180.0,0.14540407061576843,22.0,40.0,20.0,47.0,71.0,24.0,1.0
32.7927645192,-117.2312021665,2023-12-28 17:28:00+00:00,Passerculus sandwichensis,Savannah Sparrow,Aves,2.0,8.029680252075195,125.01235961914062,0.15860658884048462,22.0,49.0,20.0,49.0,72.0,24.0,1.0
32.796035,-117.2294466667,2024-01-12 16:46:38+00:00,Passerculus sandwichensis,Savannah Sparrow,Aves,2.0,2.7802884578704834,180.0,0.14166799187660217,23.0,67.0,20.0,51.0,73.0,23.0,1.0
32.7954830573,-117.229351027,2024-01-12 18:24:00+00:00,Passerculus sandwichensis,Savannah Sparrow,Aves,1.0,2.157301902770996,149.25552368164062,0.19635267555713654,22.0,39.0,20.0,51.0,73.0,23.0,1.0
32.7924166931,-117.2296683265,2024-01-14 22:32:00+00:00,Passerculus sandwichensis,Savannah Sparrow,Aves,-2.0,2.1572823524475098,210.74362182617188,0.2118079662322998,21.0,16.0,20.0,49.0,72.0,24.0,1.0
32.7944939415,-117.2276165682,2024-04-28 00:09:04+00:00,Passerculus sandwichensis,Savannah Sparrow,Aves,1.0,1.1032062768936157,270.0,0.15007136762142181,95.0,0.0,20.0,47.0,71.0,24.0,1.0
32.7959409138,-117.23008019,2025-02-01 15:16:00+00:00,Passerculus sandwichensis,Savannah Sparrow,Aves,3.0,2.7802884578704834,180.0,0.12967248260974884,23.0,60.0,20.0,51.0,73.0,23.0,1.0
32.7959270687,-117.2302031526,2025-02-01 15:21:00+00:00,Passerculus sandwichensis,Savannah Sparrow,Aves,3.0,2.1573052406311035,149.25535583496094,0.10808767378330231,23.0,61.0,20.0,51.0,73.0,23.0,1.0
32.7958513495,-117.2287758502,2025-02-01 15:46:00+00:00,Passerculus sandwichensis,Savannah Sparrow,Aves,0.0,2.7802884578704834,180.0,0.18270500004291534,22.0,31.0,20.0,49.0,73.0,21.0,1.0
32.7957276238,-117.2288428154,2025-02-01 16:08:00+00:00,Passerculus sandwichensis,Savannah Sparrow,Aves,0.0,3.8646881580352783,163.43728637695312,0.20311467349529266,22.0,39.0,20.0,49.0,73.0,21.0,1.0
32.7957328345,-117.2287787039,2025-02-01 16:13:00+00:00,Passerculus sandwichensis,Savannah Sparrow,Aves,0.0,2.7802884578704834,180.0,0.18270500004291534,22.0,31.0,20.0,49.0,73.0,21.0,1.0
32.7958539218,-117.2287257947,2025-02-01 16:18:00+00:00,Passerculus sandwichensis,Savannah Sparrow,Aves,0.0,2.7802884578704834,180.0,0.18270500004291534,22.0,31.0,20.0,49.0,73.0,21.0,1.0
32.7957287512,-117.2289988088,2025-02-01 16:23:00+00:00,Passerculus sandwichensis,Savannah Sparrow,Aves,0.0,3.8646881580352783,163.43728637695312,0.20311467349529266,22.0,39.0,20.0,49.0,73.0,21.0,1.0
32.7957020082,-117.2289599546,2025-02-01 16:42:00+00:00,Passerculus sandwichensis,Savannah Sparrow,Aves,0.0,3.8646881580352783,163.43728637695312,0.20311467349529266,22.0,39.0,20.0,49.0,73.0,21.0,1.0
32.7957925927,-117.2287105687,2025-02-01 16:55:00+00:00,Passerculus sandwichensis,Savannah Sparrow,Aves,0.0,2.7802884578704834,180.0,0.18270500004291534,22.0,31.0,20.0,49.0,73.0,21.0,1.0
32.7958212062,-117.2287533712,2025-02-01 17:03:00+00:00,Passerculus sandwichensis,Savannah Sparrow,Aves,0.0,2.7802884578704834,180.0,0.18270500004291534,22.0,31.0,20.0,49.0,73.0,21.0,1.0
32.795734102,-117.2287095679,2025-02-01 17:16:00+00:00,Passerculus sandwichensis,Savannah Sparrow,Aves,0.0,2.7802884578704834,180.0,0.18270500004291534,22.0,31.0,20.0,49.0,73.0,21.0,1.0
32.7958869233,-117.2287718269,2025-02-01 17:31:00+00:00,Passerculus sandwichensis,Savannah Sparrow,Aves,2.0,4.6273674964904785,180.0,0.1663312166929245,21.0,15.0,20.0,49.0,73.0,21.0,1.0
32.79100076,-117.22962662,2025-04-12 16:58:54+00:00,Passerculus sandwichensis,Savannah Sparrow,Aves,1.0,2.3922054767608643,292.7983093261719,0.05830712243914604,23.0,67.0,-2.0,49.0,72.0,24.0,1.0
32.7959513466,-117.2305561096,2025-04-26 17:24:12+00:00,Passerculus sandwichensis,Savannah Sparrow,Aves,4.0,2.205636501312256,90.0,0.0928410217165947,23.0,68.0,20.0,51.0,73.0,23.0,1.0
32.7929283333,-117.2296133333,2025-11-28 18:49:58+00:00,Passerculus sandwichensis,Savannah Sparrow,Aves,1.0,1.4410725831985474,229.94850158691406,0.18424439430236816,21.0,16.0,20.0,50.0,72.0,23.0,1.0
32.7934076,-117.228756,2012-12-02 18:42:11+00:00,Passerculus sandwichensis beldingi,Belding's Sparrow,Aves,-1.0,0.9274099469184875,180.0,0.1348302960395813,95.0,0.0,20.0,47.0,71.0,24.0,1.0
32.79252,-117.230929,2014-11-23 16:32:26+00:00,Passerculus sandwichensis beldingi,Belding's Sparrow,Aves,-1.0,2.1572823524475098,149.25637817382812,0.1945434957742691,21.0,12.0,20.0,49.0,72.0,24.0,1.0
32.7953405705,-117.2301809075,2019-02-10 18:42:00+00:00,Passerculus sandwichensis beldingi,Belding's Sparrow,Aves,2.0,3.433441400527954,74.34697723388672,0.1708993762731552,22.0,39.0,20.0,51.0,73.0,23.0,1.0
32.790276539,-117.2306757988,2023-01-21 15:08:00+00:00,Passerculus sandwichensis beldingi,Belding's Sparrow,Aves,2.0,2.1572682857513428,149.2570037841797,0.14154265820980072,23.0,56.0,-2.0,0.0,0.0,0.0,1.0
32.796016,-117.228345,2023-01-21 16:13:00+00:00,Passerculus sandwichensis beldingi,Belding's Sparrow,Aves,3.0,5.122032642364502,205.44737243652344,0.14290045201778412,22.0,25.0,20.0,49.0,73.0,21.0,1.0
32.79569,-117.229043,2023-01-21 16:29:00+00:00,Passerculus sandwichensis beldingi,Belding's Sparrow,Aves,0.0,3.8646881580352783,163.43728637695312,0.20311467349529266,22.0,39.0,20.0,49.0,73.0,21.0,1.0
32.7957666667,-117.228945,2024-01-12 17:41:00+00:00,Passerculus sandwichensis beldingi,Belding's Sparrow,Aves,0.0,3.8646881580352783,163.43728637695312,0.20311467349529266,22.0,39.0,20.0,49.0,73.0,21.0,1.0
32.7946325954,-117.2278077945,2024-04-27 23:47:18+00:00,Passerculus sandwichensis beldingi,Belding's Sparrow,Aves,0.0,2.157296657562256,210.74424743652344,0.12678247690200806,21.0,17.0,20.0,47.0,71.0,24.0,1.0
32.7924549033,-117.2311327805,2025-03-16 20:33:00+00:00,Passerculus sandwichensis beldingi,Belding's Sparrow,Aves,0.0,5.2028489112854,122.23053741455078,0.18414336442947388,21.0,12.0,20.0,49.0,72.0,24.0,1.0
32.7956156585,-117.2298815666,2025-05-04 16:28:00+00:00,Passerculus sandwichensis beldingi,Belding's Sparrow,Aves,1.0,2.15730357170105,149.25543212890625,0.19868019223213196,22.0,40.0,20.0,51.0,73.0,23.0,1.0
32.7928999252,-117.231161244,2022-11-13 20:05:00+00:00,Passerculus sandwichensis rostratus,Large-billed Savannah Sparrow,Aves,2.0,8.029680252075195,125.01235961914062,0.15860658884048462,22.0,49.0,20.0,49.0,72.0,24.0,1.0
32.7905387711,-117.2304544425,2024-12-15 16:00:26+00:00,Passerculus sandwichensis rostratus,Large-billed Savannah Sparrow,Aves,2.0,1.4410488605499268,310.0522766113281,0.13278251886367798,95.0,0.0,-2.0,0.0,0.0,0.0,1.0
32.7956027331,-117.2304891859,2021-07-28 23:55:27+00:00,Passeriformes,Perching Birds,Aves,4.0,4.404727935791016,90.0,0.13322186470031738,22.0,38.0,20.0,51.0,73.0,23.0,1.0
32.790295,-117.2303916667,2022-04-27 20:15:34+00:00,Pelagophycus porra,Elk Kelp,Chromista,0.0,2.8802716732025146,130.0523681640625,0.09603254497051239,23.0,56.0,-2.0,0.0,0.0,0.0,1.0
32.7905416667,-117.230025,2025-05-10 18:06:43+00:00,Pelecanus,Pelicans,Aves,1.0,1.4410488605499268,49.947715759277344,0.12852990627288818,22.0,49.0,-2.0,0.0,0.0,0.0,1.0
32.7906283333,-117.2299583333,2022-04-27 20:37:28+00:00,Pelecanus occidentalis,Brown Pelican,Aves,1.0,1.4410488605499268,49.947715759277344,0.12852990627288818,22.0,49.0,-2.0,0.0,0.0,0.0,1.0
32.79115,-117.2265466667,2024-01-31 21:37:41+00:00,Pelecanus occidentalis,Brown Pelican,Aves,0.0,0.0,-0.0,-0.02686171792447567,11.0,0.0,-2.0,49.0,71.0,23.0,1.0
32.7911166451,-117.2299280773,2024-02-01 00:30:00+00:00,Pelecanus occidentalis,Brown Pelican,Aves,-1.0,1.4410542249679565,310.0521240234375,0.11681777983903885,95.0,0.0,-2.0,49.0,72.0,24.0,1.0
32.7934076,-117.228756,2012-12-02 18:01:56+00:00,Pelecanus occidentalis californicus,California Brown Pelican,Aves,-1.0,0.9274099469184875,180.0,0.1348302960395813,95.0,0.0,20.0,47.0,71.0,24.0,1.0
32.7951592617,-117.2304709933,2022-05-14 17:57:00+00:00,Peleteria,,Insecta,4.0,3.433431386947632,74.34693145751953,0.1391647309064865,22.0,42.0,20.0,51.0,73.0,23.0,1.0
32.793945,-117.224175,2026-01-06 19:55:03+00:00,Pellaea stictica,,Insecta,-5.0,8.583511352539062,310.0512390136719,0.1094362884759903,23.0,71.0,1.0,0.0,0.0,0.0,1.0
32.795605,-117.2305216667,2025-09-13 17:08:19+00:00,Pelochrista,Pelochrista Moths,Insecta,4.0,4.404741287231445,90.0,0.1194462776184082,23.0,50.0,20.0,51.0,73.0,23.0,1.0
32.7955379132,-117.2286419218,2025-03-24 19:01:00+00:00,Pentacora signoreti,,Insecta,-1.0,2.392313241958618,247.20277404785156,0.16151370108127594,22.0,38.0,20.0,49.0,73.0,21.0,1.0
32.7956634833,-117.230584065,2022-05-14 18:01:00+00:00,Pepsis,New World Tarantula-hawk Wasps,Insecta,4.0,4.404741287231445,90.0,0.1194462776184082,23.0,50.0,20.0,51.0,73.0,23.0,1.0
32.7956417779,-117.2304638475,2025-05-16 21:00:36+00:00,Pepsis,New World Tarantula-hawk Wasps,Insecta,4.0,4.404741287231445,90.0,0.1194462776184082,23.0,50.0,20.0,51.0,73.0,23.0,1.0
32.7955321916,-117.2304437257,2025-05-24 16:22:29+00:00,Pepsis,New World Tarantula-hawk Wasps,Insecta,4.0,4.404727935791016,90.0,0.13322186470031738,22.0,38.0,20.0,51.0,73.0,23.0,1.0
32.7957383333,-117.2304166667,2025-04-26 18:02:17+00:00,Perizoma epictata,,Insecta,4.0,4.404741287231445,90.0,0.1194462776184082,23.0,50.0,20.0,51.0,73.0,23.0,1.0
32.7956156585,-117.2298815666,2025-05-04 16:16:00+00:00,Perizoma epictata,,Insecta,1.0,2.15730357170105,149.25543212890625,0.19868019223213196,22.0,40.0,20.0,51.0,73.0,23.0,1.0
32.7902969471,-117.2304260937,2019-03-06 20:54:08+00:00,Peucetia,Green Lynx Spiders,Arachnida,2.0,2.1572682857513428,149.2570037841797,0.14154265820980072,23.0,56.0,-2.0,0.0,0.0,0.0,1.0
32.7902916667,-117.2303783333,2019-03-06 20:50:02+00:00,Peucetia viridans,Green Lynx Spider,Arachnida,0.0,2.8802716732025146,130.0523681640625,0.09603254497051239,23.0,56.0,-2.0,0.0,0.0,0.0,1.0
32.7901383333,-117.230745,2023-07-08 17:02:11+00:00,Peucetia viridans,Green Lynx Spider,Arachnida,1.0,1.4410436153411865,130.05245971679688,0.1472601294517517,23.0,68.0,-2.0,0.0,0.0,0.0,1.0
32.7901466667,-117.2306283333,2023-12-04 18:22:55+00:00,Peucetia viridans,Green Lynx Spider,Arachnida,0.0,2.157266616821289,149.25709533691406,0.08216650038957596,23.0,65.0,-2.0,0.0,0.0,0.0,1.0
32.7901533333,-117.2306533333,2023-12-04 18:54:14+00:00,Peucetia viridans,Green Lynx Spider,Arachnida,0.0,2.157266616821289,149.25709533691406,0.08216650038957596,23.0,65.0,-2.0,0.0,0.0,0.0,1.0
32.7951778751,-117.2303444892,2025-10-03 22:54:41+00:00,Peucetia viridans,Green Lynx Spider,Arachnida,3.0,2.880366325378418,49.949214935302734,0.1823185831308365,22.0,42.0,20.0,51.0,73.0,23.0,1.0
32.791734,-117.23061,2018-04-11 21:10:00+00:00,Phaeophyceae,brown algae,Chromista,-1.0,1.1031718254089355,90.0,0.13833141326904297,95.0,0.0,20.0,49.0,72.0,24.0,1.0
32.7893470629,-117.2313349542,2019-10-26 22:08:17+00:00,Phaeophyceae,brown algae,Chromista,0.0,1.4410357475280762,130.05271911621094,-0.003465859452262521,24.0,94.0,-2.0,51.0,72.0,22.0,1.0
32.7958458858,-117.2286859131,2025-04-26 17:00:31+00:00,Phainopepla nitens,Phainopepla,Aves,0.0,2.7802884578704834,180.0,0.18270500004291534,22.0,31.0,20.0,49.0,73.0,21.0,1.0
32.7894964193,-117.2317734361,2025-07-03 18:00:16+00:00,Phalacrocoracidae,Cormorants and Shags,Aves,-1.0,4.959386348724365,41.737728118896484,0.1649165153503418,22.0,23.0,-2.0,51.0,72.0,22.0,1.0
32.7952533333,-117.2302633333,2021-07-24 03:03:13+00:00,Phalaropus,Phalaropes,Aves,3.0,2.880366325378418,49.949214935302734,0.1823185831308365,22.0,42.0,20.0,51.0,73.0,23.0,1.0
32.7953259027,-117.2302599777,2021-07-24 03:24:10+00:00,Phalaropus lobatus,Red-necked Phalarope,Aves,3.0,2.880366325378418,49.949214935302734,0.1823185831308365,22.0,42.0,20.0,51.0,73.0,23.0,1.0
32.795095,-117.2302866667,2021-07-26 22:40:41+00:00,Phalaropus lobatus,Red-necked Phalarope,Aves,3.0,2.880366325378418,49.949214935302734,0.1823185831308365,22.0,42.0,20.0,51.0,73.0,23.0,1.0
32.7906927453,-117.2298604626,2023-01-14 19:01:00+00:00,Phrontis,,Mollusca,1.0,1.4410488605499268,130.0522918701172,0.0012941418681293726,23.0,71.0,-2.0,0.0,0.0,0.0,1.0
32.7893783333,-117.2313783333,2018-04-11 20:14:07+00:00,Phrontis tiarula,Western Mud Nassa,Mollusca,0.0,1.4410357475280762,130.05271911621094,-0.003465859452262521,24.0,94.0,-2.0,51.0,72.0,22.0,1.0
32.789521,-117.231397,2018-04-12 20:10:00+00:00,Phrontis tiarula,Western Mud Nassa,Mollusca,1.0,1.4410383701324463,130.05264282226562,0.06408825516700745,23.0,71.0,-2.0,51.0,72.0,22.0,1.0
32.7911408589,-117.2301935575,2019-03-06 21:30:06+00:00,Phrontis tiarula,Western Mud Nassa,Mollusca,-1.0,1.8543341159820557,-0.0,0.09041575342416763,95.0,0.0,-2.0,49.0,72.0,24.0,1.0
32.7895666667,-117.2310861111,2021-05-05 20:09:00+00:00,Phrontis tiarula,Western Mud Nassa,Mollusca,0.0,1.4410383701324463,130.05264282226562,0.06408825516700745,24.0,81.0,-2.0,0.0,0.0,0.0,1.0
32.79113,-117.2292416667,2021-05-05 20:30:25+00:00,Phrontis tiarula,Western Mud Nassa,Mollusca,3.0,2.3922119140625,292.7982482910156,0.085202157497406,11.0,0.0,-2.0,49.0,72.0,24.0,1.0
32.791074192,-117.2290224249,2022-04-27 20:50:48+00:00,Phrontis tiarula,Western Mud Nassa,Mollusca,4.0,0.9274099469184875,-0.0,0.1848616600036621,95.0,0.0,-2.0,48.0,70.0,23.0,1.0
32.7900377289,-117.2305257899,2024-05-11 16:53:25+00:00,Phrontis tiarula,Western Mud Nassa,Mollusca,0.0,2.157266616821289,149.25709533691406,0.08216650038957596,23.0,65.0,-2.0,0.0,0.0,0.0,1.0
32.7909616667,-117.23078,2024-06-29 19:52:57+00:00,Phrontis tiarula,Western Mud Nassa,Mollusca,-1.0,4.315885066986084,310.05218505859375,0.17486731708049774,95.0,0.0,-2.0,49.0,72.0,24.0,1.0
32.7905088374,-117.2317435965,2025-07-02 19:28:44+00:00,Phrontis tiarula,Western Mud Nassa,Mollusca,-1.0,6.84204626083374,105.65386199951172,0.142134889960289,23.0,55.0,-2.0,51.0,72.0,22.0,1.0
32.7912027778,-117.2301472222,2025-07-12 17:01:00+00:00,Phrontis tiarula,Western Mud Nassa,Mollusca,-1.0,1.8543341159820557,-0.0,0.09041575342416763,95.0,0.0,-2.0,49.0,72.0,24.0,1.0
32.79117,-117.2299416667,2026-01-10 18:23:44+00:00,Phrontis tiarula,Western Mud Nassa,Mollusca,-1.0,1.4410542249679565,310.0521240234375,0.11681777983903885,95.0,0.0,-2.0,49.0,72.0,24.0,1.0
32.79435,-117.228745,2024-08-01 18:00:38+00:00,Pinales,conifers,Plantae,0.0,1.4410858154296875,130.05105590820312,0.18886497616767883,21.0,12.0,20.0,47.0,71.0,24.0,1.0
32.7894783333,-117.2315,2022-04-27 21:14:26+00:00,Pinus,pines,Plantae,1.0,3.5466694831848145,321.5848083496094,0.14769913256168365,22.0,46.0,-2.0,51.0,72.0,22.0,1.0
32.7950397437,-117.2299507,2025-02-10 22:54:51+00:00,Pirata,pirate wolf spiders,Arachnida,3.0,3.4334213733673096,74.34688568115234,0.19704212248325348,22.0,29.0,20.0,50.0,72.0,23.0,1.0
32.7947944007,-117.2299554437,2025-02-10 23:17:00+00:00,Pirata,pirate wolf spiders,Arachnida,3.0,4.404686450958252,90.0,0.18127182126045227,22.0,36.0,20.0,50.0,72.0,23.0,1.0
32.7912111111,-117.2299972222,2025-07-03 17:21:32+00:00,Piscicolidae,,Animalia,-1.0,1.4410542249679565,310.0521240234375,0.11681777983903885,95.0,0.0,-2.0,49.0,72.0,24.0,1.0
32.7913107723,-117.2293814087,2018-04-11 21:01:34+00:00,Plantae,Plants,Plantae,1.0,2.3922181129455566,292.7981872558594,0.1820506900548935,95.0,0.0,-2.0,49.0,72.0,24.0,1.0
32.790291,-117.230266,2018-05-27 20:20:00+00:00,Plantae,Plants,Plantae,0.0,2.8802716732025146,130.0523681640625,0.09603254497051239,23.0,56.0,-2.0,0.0,0.0,0.0,1.0
32.7899970988,-117.2308990344,2020-03-11 22:24:50+00:00,Plantae,Plants,Plantae,1.0,1.4410436153411865,130.05245971679688,0.1472601294517517,23.0,68.0,-2.0,0.0,0.0,0.0,1.0
32.7905750089,-117.2299594247,2020-03-11 22:32:17+00:00,Plantae,Plants,Plantae,1.0,1.4410488605499268,49.947715759277344,0.12852990627288818,22.0,49.0,-2.0,0.0,0.0,0.0,1.0
32.7894280297,-117.2315669952,2020-03-11 23:31:11+00:00,Plantae,Plants,Plantae,1.0,3.5466694831848145,321.5848083496094,0.14769913256168365,22.0,46.0,-2.0,51.0,72.0,22.0,1.0
32.7909143382,-117.2318913103,2021-08-09 17:27:00+00:00,Plantae,Plants,Plantae,4.0,8.805005073547363,95.99871826171875,0.12917357683181763,23.0,59.0,-2.0,39.0,75.0,31.0,1.0
32.794475,-117.2276916667,2025-02-11 22:18:51+00:00,Plantae,Plants,Plantae,1.0,1.1032062768936157,270.0,0.15007136762142181,95.0,0.0,20.0,47.0,71.0,24.0,1.0
32.79542181,-117.23024176,2025-10-16 19:26:54+00:00,Plantae,Plants,Plantae,2.0,3.433441400527954,74.34697723388672,0.1708993762731552,22.0,39.0,20.0,51.0,73.0,23.0,1.0
32.79478807,-117.22959335,2025-10-16 19:53:51+00:00,Plantae,Plants,Plantae,-1.0,1.1032097339630127,90.0,0.19309589266777039,95.0,0.0,20.0,50.0,72.0,23.0,1.0
32.7961840717,-117.22957366,2023-07-30 03:36:00+00:00,Platyedra,,Insecta,4.0,3.546776294708252,218.4173583984375,0.1059708297252655,23.0,75.0,20.0,51.0,73.0,23.0,1.0
32.795903261,-117.2292563392,2023-07-31 04:45:00+00:00,Platyedra subcinerea,Cotton stem moth,Insecta,3.0,4.755953311920166,193.3832244873047,0.10409373044967651,22.0,49.0,20.0,51.0,73.0,23.0,1.0
32.7961840717,-117.22957366,2023-07-30 03:45:00+00:00,Platynota,,Insecta,4.0,3.546776294708252,218.4173583984375,0.1059708297252655,23.0,75.0,20.0,51.0,73.0,23.0,1.0
32.7961840717,-117.22957366,2023-07-30 04:27:00+00:00,Platynota,,Insecta,4.0,3.546776294708252,218.4173583984375,0.1059708297252655,23.0,75.0,20.0,51.0,73.0,23.0,1.0
32.795903261,-117.2292563392,2023-07-31 03:44:00+00:00,Platynota,,Insecta,3.0,4.755953311920166,193.3832244873047,0.10409373044967651,22.0,49.0,20.0,51.0,73.0,23.0,1.0
32.7961840717,-117.22957366,2023-07-30 04:28:00+00:00,Platynota stultana,Omnivorous Leafroller Moth,Insecta,4.0,3.546776294708252,218.4173583984375,0.1059708297252655,23.0,75.0,20.0,51.0,73.0,23.0,1.0
32.7929848898,-117.2310094336,2023-11-26 18:51:00+00:00,Plegadis chihi,White-faced Ibis,Aves,5.0,5.746163368225098,130.05149841308594,0.13423486053943634,23.0,61.0,20.0,50.0,72.0,23.0,1.0
32.7897189309,-117.2309774538,2015-01-07 18:17:00+00:00,Pluvialis squatarola,Black-bellied Plover,Aves,1.0,1.4410409927368164,130.05255126953125,0.14953842759132385,23.0,58.0,-2.0,0.0,0.0,0.0,1.0
32.795463311,-117.2286490688,2022-02-05 17:09:00+00:00,Pluvialis squatarola,Black-bellied Plover,Aves,-1.0,2.392313241958618,247.20277404785156,0.16151370108127594,22.0,38.0,20.0,49.0,73.0,21.0,1.0
32.7954107977,-117.2286717405,2022-02-05 17:14:00+00:00,Pluvialis squatarola,Black-bellied Plover,Aves,-1.0,2.392313241958618,247.20277404785156,0.16151370108127594,22.0,38.0,20.0,49.0,73.0,21.0,1.0
32.7903617763,-117.2302561041,2022-07-22 01:49:00+00:00,Pluvialis squatarola,Black-bellied Plover,Aves,0.0,2.8802716732025146,130.0523681640625,0.09603254497051239,23.0,56.0,-2.0,0.0,0.0,0.0,1.0
32.7911957,-117.229177,2024-05-11 17:48:07+00:00,Pluvialis squatarola,Black-bellied Plover,Aves,3.0,2.3922119140625,292.7982482910156,0.085202157497406,11.0,0.0,-2.0,49.0,72.0,24.0,1.0
32.7898533502,-117.2311111298,2024-05-11 19:57:00+00:00,Pluvialis squatarola,Black-bellied Plover,Aves,1.0,1.4410409927368164,130.05255126953125,0.14953842759132385,23.0,58.0,-2.0,0.0,0.0,0.0,1.0
32.7909055556,-117.2297055556,2025-02-01 22:00:00+00:00,Pluvialis squatarola,Black-bellied Plover,Aves,1.0,2.3922054767608643,292.7983093261719,0.05830712243914604,23.0,67.0,-2.0,49.0,72.0,24.0,1.0
32.7904027778,-117.2302472222,2025-02-01 22:08:00+00:00,Pluvialis squatarola,Black-bellied Plover,Aves,0.0,2.8802716732025146,130.0523681640625,0.09603254497051239,23.0,56.0,-2.0,0.0,0.0,0.0,1.0
32.7901416667,-117.2306222222,2025-02-01 22:22:00+00:00,Pluvialis squatarola,Black-bellied Plover,Aves,0.0,2.157266616821289,149.25709533691406,0.08216650038957596,23.0,65.0,-2.0,0.0,0.0,0.0,1.0
32.7931626675,-117.2239085603,2026-01-15 22:53:00+00:00,Pluvialis squatarola,Black-bellied Plover,Aves,0.0,0.9274099469184875,180.0,0.12117308378219604,11.0,0.0,1.0,0.0,0.0,0.0,1.0
32.7925185558,-117.2299643397,2026-01-17 21:53:00+00:00,Pluvialis squatarola,Black-bellied Plover,Aves,-3.0,0.9274099469184875,180.0,0.2244354784488678,95.0,0.0,20.0,49.0,72.0,24.0,1.0
32.7930941784,-117.2238839652,2026-01-17 23:35:00+00:00,Pluvialis squatarola,Black-bellied Plover,Aves,0.0,0.9274099469184875,180.0,0.12117308378219604,11.0,0.0,1.0,0.0,0.0,0.0,1.0
32.7957000484,-117.2305673456,2025-05-24 16:24:34+00:00,Poa,Meadow-grasses,Plantae,4.0,4.404741287231445,90.0,0.1194462776184082,23.0,50.0,20.0,51.0,73.0,23.0,1.0
32.7909222398,-117.2299245143,2019-03-06 21:30:41+00:00,Poaceae,Grasses,Plantae,-1.0,2.1572718620300293,329.2568664550781,0.16060450673103333,23.0,67.0,-2.0,49.0,72.0,24.0,1.0
32.7958716667,-117.2304466667,2023-02-26 17:41:20+00:00,Poaceae,Grasses,Plantae,4.0,4.404741287231445,90.0,0.1194462776184082,23.0,50.0,20.0,51.0,73.0,23.0,1.0
32.7958722222,-117.2304833333,2023-06-20 18:00:00+00:00,Poaceae,Grasses,Plantae,4.0,4.404741287231445,90.0,0.1194462776184082,23.0,50.0,20.0,51.0,73.0,23.0,1.0
32.7960674131,-117.2302165472,2025-05-24 17:03:48+00:00,Poaceae,Grasses,Plantae,3.0,2.1573052406311035,149.25535583496094,0.10808767378330231,23.0,61.0,20.0,51.0,73.0,23.0,1.0
32.7910388889,-117.2289722222,2021-05-05 20:43:00+00:00,Poales,"Grasses, Sedges, Cattails, and Allies",Plantae,4.0,0.9274099469184875,-0.0,0.1848616600036621,95.0,0.0,-2.0,48.0,70.0,23.0,1.0
32.7933232911,-117.2249521751,2023-12-01 19:28:00+00:00,Podiceps auritus,Horned Grebe,Aves,0.0,0.0,-0.0,-0.018802041187882423,11.0,0.0,1.0,0.0,0.0,0.0,1.0
32.7931433635,-117.2239266391,2026-01-15 22:54:00+00:00,Podiceps auritus,Horned Grebe,Aves,0.0,0.9274099469184875,180.0,0.12117308378219604,11.0,0.0,1.0,0.0,0.0,0.0,1.0
32.7893823898,-117.231359454,2024-05-11 16:47:31+00:00,Podiceps nigricollis,Eared Grebe,Aves,0.0,1.4410357475280762,130.05271911621094,-0.003465859452262521,24.0,94.0,-2.0,51.0,72.0,22.0,1.0
32.7950972573,-117.2278558748,2025-11-13 20:32:00+00:00,Podilymbus podiceps,Pied-billed Grebe,Aves,4.0,1.8543341159820557,180.0,0.14789268374443054,23.0,65.0,20.0,49.0,73.0,21.0,1.0
32.791255,-117.2297133333,2024-06-22 19:28:19+00:00,Poecilia latipinna,Sailfin Molly,Actinopterygii,0.0,3.4332826137542725,285.6537780761719,0.07399355620145798,11.0,0.0,-2.0,49.0,72.0,24.0,1.0
32.79605,-117.2281416667,2025-11-09 19:27:56+00:00,Poecilia latipinna,Sailfin Molly,Actinopterygii,4.0,2.3923258781433105,247.20289611816406,0.15577995777130127,22.0,43.0,20.0,49.0,73.0,21.0,1.0
32.7913547354,-117.2293890362,2018-04-11 21:04:09+00:00,Polychaeta,Polychaete Worms,Animalia,1.0,2.3922181129455566,292.7981872558594,0.1820506900548935,95.0,0.0,-2.0,49.0,72.0,24.0,1.0
32.7911722222,-117.230125,2025-07-12 17:28:00+00:00,Polychaeta,Polychaete Worms,Animalia,-1.0,1.4410542249679565,310.0521240234375,0.11681777983903885,95.0,0.0,-2.0,49.0,72.0,24.0,1.0
32.7945961612,-117.23001156,2021-12-11 18:43:26+00:00,Polyphaga,"Water, Rove, Scarab, Long-horned, Leaf, and Snout Beetles",Insecta,3.0,4.404686450958252,90.0,0.18127182126045227,22.0,36.0,20.0,50.0,72.0,23.0,1.0
32.7956785507,-117.2304846378,2023-01-21 18:19:48+00:00,Polypogon viridis,water beard grass,Plantae,4.0,4.404741287231445,90.0,0.1194462776184082,23.0,50.0,20.0,51.0,73.0,23.0,1.0
32.7961083333,-117.22998,2025-03-16 19:45:06+00:00,Porcellio laevis,Swift Woodlouse,Animalia,3.0,2.7802884578704834,180.0,0.12967248260974884,23.0,60.0,20.0,51.0,73.0,23.0,1.0
32.7912474758,-117.229826136,2018-04-11 21:00:08+00:00,Portunidae,Swimming Crabs,Animalia,0.0,3.4332826137542725,285.6537780761719,0.07399355620145798,11.0,0.0,-2.0,49.0,72.0,24.0,1.0
32.79158,-117.229575,2021-05-05 20:33:24+00:00,Portuninae,,Animalia,1.0,1.4410594701766968,310.05194091796875,0.2303164005279541,95.0,0.0,20.0,49.0,72.0,24.0,1.0
32.7912716667,-117.2293616667,2021-05-05 20:35:41+00:00,Portunoidea,Swimming Crabs and Allies,Animalia,2.0,3.30622935295105,270.0,0.07399355620145798,11.0,0.0,-2.0,49.0,72.0,24.0,1.0
32.793200481,-117.230386267,2023-11-28 17:58:00+00:00,Porzana carolina,Sora,Aves,2.0,4.315955638885498,130.05140686035156,0.19186657667160034,22.0,27.0,20.0,50.0,72.0,23.0,1.0
32.7929589113,-117.231070597,2024-01-14 19:10:00+00:00,Porzana carolina,Sora,Aves,5.0,5.746163368225098,130.05149841308594,0.13423486053943634,23.0,61.0,20.0,50.0,72.0,23.0,1.0
32.795433501,-117.2302368656,2017-12-21 22:11:54+00:00,Procyon lotor,Common Raccoon,Mammalia,2.0,3.433441400527954,74.34697723388672,0.1708993762731552,22.0,39.0,20.0,51.0,73.0,23.0,1.0
32.7952356517,-117.2281259671,2022-02-05 19:00:35+00:00,Procyon lotor,Common Raccoon,Mammalia,3.0,3.7888643741607666,240.7333984375,0.133394256234169,23.0,55.0,20.0,49.0,73.0,21.0,1.0
32.7921366667,-117.2315666667,2024-01-27 22:48:04+00:00,Procyon lotor,Common Raccoon,Mammalia,5.0,6.842163562774658,105.65357971191406,0.14658282697200775,23.0,68.0,20.0,39.0,75.0,31.0,1.0
32.794975,-117.2303783333,2025-05-04 17:47:06+00:00,Procyon lotor,Common Raccoon,Mammalia,4.0,2.392300605773926,67.20264434814453,0.17610977590084076,23.0,63.0,20.0,50.0,72.0,23.0,1.0
32.7953159469,-117.230482134,2025-05-04 18:30:00+00:00,Procyon lotor,Common Raccoon,Mammalia,4.0,3.433431386947632,74.34693145751953,0.1391647309064865,22.0,42.0,20.0,51.0,73.0,23.0,1.0
32.79485,-117.2300633333,2025-11-28 18:24:46+00:00,Procyon lotor,Common Raccoon,Mammalia,3.0,3.4334213733673096,74.34688568115234,0.19704212248325348,22.0,29.0,20.0,50.0,72.0,23.0,1.0
32.7954866667,-117.228705,2026-01-21 21:30:31+00:00,Procyon lotor,Common Raccoon,Mammalia,-1.0,2.392313241958618,247.20277404785156,0.16151370108127594,22.0,38.0,20.0,49.0,73.0,21.0,1.0
32.7958298219,-117.2284909458,2026-01-21 22:27:00+00:00,Procyon lotor,Common Raccoon,Mammalia,0.0,3.7888824939727783,240.73355102539062,0.16690227389335632,22.0,31.0,20.0,49.0,73.0,21.0,1.0
32.7954351804,-117.2302390119,2023-01-17 16:15:00+00:00,Psaltriparus minimus,Bushtit,Aves,2.0,3.433441400527954,74.34697723388672,0.1708993762731552,22.0,39.0,20.0,51.0,73.0,23.0,1.0
32.795075,-117.23033,2025-02-11 23:10:48+00:00,Psaltriparus minimus,Bushtit,Aves,3.0,2.880366325378418,49.949214935302734,0.1823185831308365,22.0,42.0,20.0,51.0,73.0,23.0,1.0
32.7953633333,-117.2304833333,2025-05-24 17:17:33+00:00,Psaltriparus minimus,Bushtit,Aves,4.0,4.404727935791016,90.0,0.13322186470031738,22.0,38.0,20.0,51.0,73.0,23.0,1.0
32.7953315294,-117.2305200902,2026-01-08 16:20:33+00:00,Psathyrellaceae,Brittlestems and Allies,Fungi,4.0,3.433431386947632,74.34693145751953,0.1391647309064865,22.0,42.0,20.0,51.0,73.0,23.0,1.0
32.7958239251,-117.2301907971,2023-03-30 18:38:05+00:00,Pseudognaphalium,rabbit-tobaccos,Plantae,2.0,3.4334511756896973,105.6529769897461,0.16354915499687195,22.0,31.0,20.0,51.0,73.0,23.0,1.0
32.7959888889,-117.2301777778,2024-04-11 22:28:00+00:00,Pseudognaphalium,rabbit-tobaccos,Plantae,3.0,2.1573052406311035,149.25535583496094,0.10808767378330231,23.0,61.0,20.0,51.0,73.0,23.0,1.0
32.79591664,-117.23013289,2025-08-07 02:00:34+00:00,Pseudognaphalium,rabbit-tobaccos,Plantae,3.0,2.7802884578704834,180.0,0.12967248260974884,23.0,60.0,20.0,51.0,73.0,23.0,1.0
32.79586,-117.22921,2024-01-12 17:13:51+00:00,Pseudognaphalium biolettii,two-color rabbit tobacco,Plantae,1.0,2.9905333518981934,158.36972045898438,0.18014676868915558,22.0,36.0,20.0,51.0,73.0,23.0,1.0
32.79582,-117.2302466667,2024-01-27 23:55:41+00:00,Pseudognaphalium biolettii,two-color rabbit tobacco,Plantae,2.0,3.4334511756896973,105.6529769897461,0.16354915499687195,22.0,31.0,20.0,51.0,73.0,23.0,1.0
32.7958306298,-117.2303084471,2024-02-29 18:24:46+00:00,Pseudognaphalium biolettii,two-color rabbit tobacco,Plantae,2.0,3.4334511756896973,105.6529769897461,0.16354915499687195,22.0,31.0,20.0,51.0,73.0,23.0,1.0
32.7959470125,-117.2301878316,2025-04-26 17:54:42+00:00,Pseudognaphalium biolettii,two-color rabbit tobacco,Plantae,3.0,2.1573052406311035,149.25535583496094,0.10808767378330231,23.0,61.0,20.0,51.0,73.0,23.0,1.0
32.7952232508,-117.2303622589,2025-04-26 18:00:36+00:00,Pseudognaphalium biolettii,two-color rabbit tobacco,Plantae,3.0,2.880366325378418,49.949214935302734,0.1823185831308365,22.0,42.0,20.0,51.0,73.0,23.0,1.0
32.7959722222,-117.2301555556,2024-05-25 22:19:00+00:00,Pseudognaphalium californicum,California cudweed,Plantae,3.0,2.1573052406311035,149.25535583496094,0.10808767378330231,23.0,61.0,20.0,51.0,73.0,23.0,1.0
32.7959722222,-117.2301027778,2024-06-20 22:48:00+00:00,Pseudognaphalium californicum,California cudweed,Plantae,3.0,2.7802884578704834,180.0,0.12967248260974884,23.0,60.0,20.0,51.0,73.0,23.0,1.0
32.7958603,-117.2301913,2025-04-26 18:00:00+00:00,Pseudognaphalium californicum,California cudweed,Plantae,2.0,3.4334511756896973,105.6529769897461,0.16354915499687195,22.0,31.0,20.0,51.0,73.0,23.0,1.0
32.7959501142,-117.2301319164,2025-08-07 01:48:39+00:00,Pseudognaphalium californicum,California cudweed,Plantae,3.0,2.7802884578704834,180.0,0.12967248260974884,23.0,60.0,20.0,51.0,73.0,23.0,1.0
32.7959271033,-117.230346335,2022-02-26 18:03:00+00:00,Pteromalini,,Insecta,3.0,2.1573052406311035,149.25535583496094,0.10808767378330231,23.0,61.0,20.0,51.0,73.0,23.0,1.0
32.7959325433,-117.2303814517,2022-04-23 16:36:00+00:00,Pteromalini,,Insecta,3.0,2.1573052406311035,149.25535583496094,0.10808767378330231,23.0,61.0,20.0,51.0,73.0,23.0,1.0
32.795684,-117.2304969722,2024-09-14 17:05:53+00:00,Pterophoridae,Plume Moths,Insecta,4.0,4.404741287231445,90.0,0.1194462776184082,23.0,50.0,20.0,51.0,73.0,23.0,1.0
32.79065,-117.22997167,2020-03-04 23:27:41+00:00,Pteropurpura festiva,Festive Murex,Mollusca,1.0,1.4410488605499268,49.947715759277344,0.12852990627288818,22.0,49.0,-2.0,0.0,0.0,0.0,1.0
32.790245,-117.230325,2021-05-05 21:11:45+00:00,Pteropurpura festiva,Festive Murex,Mollusca,0.0,2.8802716732025146,130.0523681640625,0.09603254497051239,23.0,56.0,-2.0,0.0,0.0,0.0,1.0
32.7902216667,-117.2304,2024-08-03 23:18:06+00:00,Pteropurpura festiva,Festive Murex,Mollusca,0.0,2.8802716732025146,130.0523681640625,0.09603254497051239,23.0,56.0,-2.0,0.0,0.0,0.0,1.0
32.7952345274,-117.2289085987,2025-02-11 22:05:24+00:00,Pterygota,Winged and Once-winged Insects,Insecta,-2.0,1.4410936832427979,229.94921875,0.17733633518218994,22.0,20.0,20.0,49.0,73.0,21.0,1.0
32.79572,-117.2306366667,2022-06-21 20:48:06+00:00,Pulvinaria,,Insecta,4.0,4.404741287231445,90.0,0.1194462776184082,23.0,50.0,20.0,51.0,73.0,23.0,1.0
32.79120749,-117.22924141,2023-03-11 17:11:55+00:00,Pyrosomatida,Pyrosomes,Animalia,3.0,2.3922119140625,292.7982482910156,0.085202157497406,11.0,0.0,-2.0,49.0,72.0,24.0,1.0
32.7913033333,-117.2301416667,2024-07-06 22:57:47+00:00,Quietula y-cauda,Shadow Goby,Actinopterygii,-2.0,2.205519437789917,270.0,0.16301295161247253,95.0,0.0,-2.0,49.0,72.0,24.0,1.0
32.7911277778,-117.2301583333,2025-05-10 17:34:00+00:00,Quietula y-cauda,Shadow Goby,Actinopterygii,-1.0,1.8543341159820557,-0.0,0.09041575342416763,95.0,0.0,-2.0,49.0,72.0,24.0,1.0
32.7913666667,-117.22963,2025-09-13 18:59:43+00:00,Quietula y-cauda,Shadow Goby,Actinopterygii,0.0,3.306239604949951,270.0,0.1820506900548935,95.0,0.0,-2.0,49.0,72.0,24.0,1.0
32.7931559615,-117.2289994355,2019-08-06 17:41:00+00:00,Rallus obsoletus,Ridgway's Rail,Aves,0.0,3.433351993560791,74.3465576171875,0.19328919053077698,21.0,19.0,20.0,47.0,71.0,24.0,1.0
32.7928941945,-117.2307727202,2024-01-13 18:37:05+00:00,Rallus obsoletus,Ridgway's Rail,Aves,0.0,4.959467887878418,138.26119995117188,0.2245834320783615,22.0,22.0,20.0,49.0,72.0,24.0,1.0
32.7912466667,-117.2302033333,2024-09-21 01:33:56+00:00,Rallus obsoletus,Ridgway's Rail,Aves,-1.0,1.8543341159820557,-0.0,0.09041575342416763,95.0,0.0,-2.0,49.0,72.0,24.0,1.0
32.795804689,-117.2306296935,2025-04-26 17:33:22+00:00,Rallus obsoletus,Ridgway's Rail,Aves,4.0,4.404741287231445,90.0,0.1194462776184082,23.0,50.0,20.0,51.0,73.0,23.0,1.0
32.7960166667,-117.2300861111,2024-06-20 22:46:00+00:00,Raphanus raphanistrum,Wild radish,Plantae,3.0,2.7802884578704834,180.0,0.12967248260974884,23.0,60.0,20.0,51.0,73.0,23.0,1.0
32.7960388889,-117.2300194444,2023-06-20 18:00:00+00:00,Raphanus raphanistrum sativus,garden radish,Plantae,3.0,2.7802884578704834,180.0,0.12967248260974884,23.0,60.0,20.0,51.0,73.0,23.0,1.0
32.7962833333,-117.228805,2025-05-04 17:06:12+00:00,Rattus rattus,Black Rat,Mammalia,6.0,2.9905359745025635,158.36959838867188,0.119269460439682,23.0,61.0,20.0,49.0,73.0,21.0,1.0
32.7961840717,-117.22957366,2023-07-30 04:22:00+00:00,Rhinacloa,,Insecta,4.0,3.546776294708252,218.4173583984375,0.1059708297252655,23.0,75.0,20.0,51.0,73.0,23.0,1.0
32.7962210746,-117.2294286601,2023-07-30 04:25:00+00:00,Rhinacloa forticornis,Western Plant Bug,Insecta,4.0,3.546776294708252,218.4173583984375,0.1059708297252655,23.0,75.0,20.0,51.0,73.0,23.0,1.0
32.7956122667,-117.2305372617,2022-04-23 17:13:00+00:00,Rhopalomyia californica,Coyote Brush Bud Gall Midge,Insecta,4.0,4.404741287231445,90.0,0.1194462776184082,23.0,50.0,20.0,51.0,73.0,23.0,1.0
32.795843595,-117.2306647617,2023-02-04 18:56:00+00:00,Rhus integrifolia,lemonade berry,Plantae,4.0,4.404741287231445,90.0,0.1194462776184082,23.0,50.0,20.0,51.0,73.0,23.0,1.0
32.796025,-117.2304166667,2024-02-17 23:30:34+00:00,Rhus integrifolia,lemonade berry,Plantae,4.0,2.205636501312256,90.0,0.0928410217165947,23.0,68.0,20.0,51.0,73.0,23.0,1.0
32.79575325,-117.23062955,2024-04-27 16:21:06+00:00,Rhus integrifolia,lemonade berry,Plantae,4.0,4.404741287231445,90.0,0.1194462776184082,23.0,50.0,20.0,51.0,73.0,23.0,1.0
32.7958633333,-117.2306666667,2024-04-28 01:31:05+00:00,Rhus integrifolia,lemonade berry,Plantae,4.0,4.404741287231445,90.0,0.1194462776184082,23.0,50.0,20.0,51.0,73.0,23.0,1.0
32.7952305556,-117.2304833333,2024-09-14 16:35:00+00:00,Rhus integrifolia,lemonade berry,Plantae,4.0,3.433431386947632,74.34693145751953,0.1391647309064865,22.0,42.0,20.0,51.0,73.0,23.0,1.0
32.7960186152,-117.2295505795,2024-09-26 17:40:30+00:00,Rhus integrifolia,lemonade berry,Plantae,2.0,2.7802884578704834,180.0,0.14166799187660217,23.0,67.0,20.0,51.0,73.0,23.0,1.0
32.7959616667,-117.2303033333,2024-09-26 18:30:43+00:00,Rhus integrifolia,lemonade berry,Plantae,3.0,2.1573052406311035,149.25535583496094,0.10808767378330231,23.0,61.0,20.0,51.0,73.0,23.0,1.0
32.7952083333,-117.2304533333,2024-09-26 19:35:23+00:00,Rhus integrifolia,lemonade berry,Plantae,4.0,3.433431386947632,74.34693145751953,0.1391647309064865,22.0,42.0,20.0,51.0,73.0,23.0,1.0
32.79543,-117.2305366667,2024-09-26 19:44:04+00:00,Rhus integrifolia,lemonade berry,Plantae,4.0,4.404727935791016,90.0,0.13322186470031738,22.0,38.0,20.0,51.0,73.0,23.0,1.0
32.795395,-117.23053,2024-10-17 22:01:27+00:00,Rhus integrifolia,lemonade berry,Plantae,4.0,4.404727935791016,90.0,0.13322186470031738,22.0,38.0,20.0,51.0,73.0,23.0,1.0
32.7959716667,-117.2304083333,2025-02-01 18:04:53+00:00,Rhus integrifolia,lemonade berry,Plantae,3.0,2.1573052406311035,149.25535583496094,0.10808767378330231,23.0,61.0,20.0,51.0,73.0,23.0,1.0
32.79596444,-117.23039157,2025-02-01 19:00:41+00:00,Rhus integrifolia,lemonade berry,Plantae,3.0,2.1573052406311035,149.25535583496094,0.10808767378330231,23.0,61.0,20.0,51.0,73.0,23.0,1.0
32.79517382,-117.23042007,2025-02-01 19:53:43+00:00,Rhus integrifolia,lemonade berry,Plantae,4.0,3.433431386947632,74.34693145751953,0.1391647309064865,22.0,42.0,20.0,51.0,73.0,23.0,1.0
32.795975,-117.2303,2025-02-11 22:47:40+00:00,Rhus integrifolia,lemonade berry,Plantae,3.0,2.1573052406311035,149.25535583496094,0.10808767378330231,23.0,61.0,20.0,51.0,73.0,23.0,1.0
32.7957055556,-117.2306416667,2025-04-17 18:42:55+00:00,Rhus integrifolia,lemonade berry,Plantae,4.0,4.404741287231445,90.0,0.1194462776184082,23.0,50.0,20.0,51.0,73.0,23.0,1.0
32.79540871,-117.23049329,2025-04-26 16:53:57+00:00,Rhus integrifolia,lemonade berry,Plantae,4.0,4.404727935791016,90.0,0.13322186470031738,22.0,38.0,20.0,51.0,73.0,23.0,1.0
32.795969,-117.2302891,2025-04-26 17:54:00+00:00,Rhus integrifolia,lemonade berry,Plantae,3.0,2.1573052406311035,149.25535583496094,0.10808767378330231,23.0,61.0,20.0,51.0,73.0,23.0,1.0
32.7958521713,-117.2306533625,2025-05-24 16:30:08+00:00,Rhus integrifolia,lemonade berry,Plantae,4.0,4.404741287231445,90.0,0.1194462776184082,23.0,50.0,20.0,51.0,73.0,23.0,1.0
32.7952095308,-117.2305127141,2025-06-28 17:35:05+00:00,Rhus integrifolia,lemonade berry,Plantae,4.0,3.433431386947632,74.34693145751953,0.1391647309064865,22.0,42.0,20.0,51.0,73.0,23.0,1.0
32.795980548,-117.2304298156,2025-08-07 01:44:10+00:00,Rhus integrifolia,lemonade berry,Plantae,4.0,2.205636501312256,90.0,0.0928410217165947,23.0,68.0,20.0,51.0,73.0,23.0,1.0
32.790645,-117.2284916667,2026-01-10 17:58:54+00:00,Ruditapes philippinarum,Japanese Littleneck,Mollusca,0.0,0.9274099469184875,180.0,0.01826682686805725,11.0,0.0,-2.0,0.0,0.0,0.0,1.0
32.795743,-117.2306055467,2022-05-14 15:26:00+00:00,Rumex,docks and sorrels,Plantae,4.0,4.404741287231445,90.0,0.1194462776184082,23.0,50.0,20.0,51.0,73.0,23.0,1.0
32.790371622,-117.2303893325,2017-06-04 23:12:07+00:00,Rumex spinosus,Devil's Thorn,Plantae,0.0,2.8802716732025146,130.0523681640625,0.09603254497051239,23.0,56.0,-2.0,0.0,0.0,0.0,1.0
32.7894033333,-117.2315883333,2019-03-06 20:43:49+00:00,Rumex spinosus,Devil's Thorn,Plantae,1.0,3.433213233947754,74.34590911865234,0.07006639242172241,23.0,62.0,-2.0,51.0,72.0,22.0,1.0
32.7903966667,-117.2304083333,2019-03-06 21:16:46+00:00,Rumex spinosus,Devil's Thorn,Plantae,0.0,2.8802716732025146,130.0523681640625,0.09603254497051239,23.0,56.0,-2.0,0.0,0.0,0.0,1.0
32.7897874452,-117.2311012914,2019-04-11 15:39:53+00:00,Rumex spinosus,Devil's Thorn,Plantae,1.0,1.4410409927368164,130.05255126953125,0.14953842759132385,23.0,58.0,-2.0,0.0,0.0,0.0,1.0
32.7893611111,-117.2317277778,2020-03-04 12:42:00+00:00,Rumex spinosus,Devil's Thorn,Plantae,1.0,3.433213233947754,74.34590911865234,0.07006639242172241,23.0,62.0,-2.0,51.0,72.0,22.0,1.0
32.789345,-117.23178,2020-03-05 00:07:00+00:00,Rumex spinosus,Devil's Thorn,Plantae,3.0,9.192399024963379,45.55592346191406,0.10595002770423889,23.0,62.0,-2.0,51.0,72.0,22.0,1.0
32.7899342543,-117.2312148662,2020-03-11 22:16:19+00:00,Rumex spinosus,Devil's Thorn,Plantae,1.0,1.4410409927368164,130.05255126953125,0.14953842759132385,23.0,58.0,-2.0,0.0,0.0,0.0,1.0
32.7904280255,-117.2310590162,2020-03-11 22:24:05+00:00,Rumex spinosus,Devil's Thorn,Plantae,-2.0,3.7887027263641357,299.2679748535156,0.1580936759710312,22.0,37.0,-2.0,0.0,0.0,0.0,1.0
32.7901611111,-117.2306277778,2021-05-05 20:19:00+00:00,Rumex spinosus,Devil's Thorn,Plantae,0.0,2.157266616821289,149.25709533691406,0.08216650038957596,23.0,65.0,-2.0,0.0,0.0,0.0,1.0
32.7918916667,-117.2316666667,2022-02-05 20:21:24+00:00,Rumex spinosus,Devil's Thorn,Plantae,5.0,5.576310157775879,99.5438003540039,0.20743371546268463,22.0,44.0,20.0,39.0,75.0,31.0,1.0
32.790325,-117.230355,2022-04-27 20:18:24+00:00,Rumex spinosus,Devil's Thorn,Plantae,0.0,2.8802716732025146,130.0523681640625,0.09603254497051239,23.0,56.0,-2.0,0.0,0.0,0.0,1.0
32.7957416667,-117.2305133333,2023-02-26 17:23:27+00:00,Rumex spinosus,Devil's Thorn,Plantae,4.0,4.404741287231445,90.0,0.1194462776184082,23.0,50.0,20.0,51.0,73.0,23.0,1.0
32.7903055556,-117.2307666667,2023-06-20 18:00:00+00:00,Rumex spinosus,Devil's Thorn,Plantae,1.0,4.404467582702637,270.0,0.17883774638175964,23.0,63.0,-2.0,0.0,0.0,0.0,1.0
32.7908583333,-117.232125,2024-01-27 21:57:29+00:00,Rumex spinosus,Devil's Thorn,Plantae,8.0,4.404494762420654,90.0,0.07171253114938736,23.0,79.0,-2.0,39.0,75.0,31.0,1.0
32.7893619347,-117.2315930428,2024-05-11 18:07:41+00:00,Rumex spinosus,Devil's Thorn,Plantae,1.0,3.433213233947754,74.34590911865234,0.07006639242172241,23.0,62.0,-2.0,51.0,72.0,22.0,1.0
32.7956589699,-117.2304695472,2025-04-16 17:27:58+00:00,Rumex spinosus,Devil's Thorn,Plantae,4.0,4.404741287231445,90.0,0.1194462776184082,23.0,50.0,20.0,51.0,73.0,23.0,1.0
32.7957533333,-117.2304916667,2025-04-26 16:55:34+00:00,Rumex spinosus,Devil's Thorn,Plantae,4.0,4.404741287231445,90.0,0.1194462776184082,23.0,50.0,20.0,51.0,73.0,23.0,1.0
32.7958255623,-117.2304251797,2025-05-24 17:27:34+00:00,Rumex spinosus,Devil's Thorn,Plantae,4.0,4.404741287231445,90.0,0.1194462776184082,23.0,50.0,20.0,51.0,73.0,23.0,1.0
32.7958840784,-117.2306593287,2020-01-27 21:19:53+00:00,Rumina decollata,Decollate Snail,Mollusca,4.0,2.205636501312256,90.0,0.0928410217165947,23.0,68.0,20.0,51.0,73.0,23.0,1.0
32.7959543961,-117.2302500835,2022-01-29 19:33:11+00:00,Rumina decollata,Decollate Snail,Mollusca,3.0,2.1573052406311035,149.25535583496094,0.10808767378330231,23.0,61.0,20.0,51.0,73.0,23.0,1.0
32.7915374652,-117.2305342835,2025-07-02 18:48:00+00:00,Ruppia maritima,widgeongrass,Plantae,-1.0,1.1031683683395386,90.0,0.1251722127199173,95.0,0.0,-2.0,49.0,72.0,24.0,1.0
32.7909423247,-117.2315296903,2025-07-02 19:15:10+00:00,Ruppia maritima,widgeongrass,Plantae,0.0,5.576242923736572,99.54391479492188,0.15047627687454224,22.0,23.0,-2.0,39.0,75.0,31.0,1.0
32.7960472703,-117.2299886358,2025-08-07 01:50:59+00:00,Ruschieae,Brightfig Tribe,Plantae,3.0,2.7802884578704834,180.0,0.12967248260974884,23.0,60.0,20.0,51.0,73.0,23.0,1.0
32.7913346851,-117.2318658895,2014-10-10 14:06:00+00:00,Rynchops niger,Black Skimmer,Aves,5.0,6.654404640197754,97.97567749023438,0.11661464720964432,23.0,75.0,-2.0,39.0,75.0,31.0,1.0
32.7894148196,-117.2314391801,2020-01-11 18:26:49+00:00,Rynchops niger,Black Skimmer,Aves,1.0,1.4410383701324463,130.05264282226562,0.06408825516700745,23.0,71.0,-2.0,51.0,72.0,22.0,1.0
32.7894601885,-117.2313860254,2020-01-11 19:40:00+00:00,Rynchops niger,Black Skimmer,Aves,1.0,1.4410383701324463,130.05264282226562,0.06408825516700745,23.0,71.0,-2.0,51.0,72.0,22.0,1.0
32.7911361111,-117.2315444444,2020-09-27 16:49:00+00:00,Rynchops niger,Black Skimmer,Aves,0.0,6.842085361480713,105.65377044677734,0.17200078070163727,22.0,23.0,-2.0,39.0,75.0,31.0,1.0
32.7919031783,-117.2267147394,2020-11-28 19:13:00+00:00,Rynchops niger,Black Skimmer,Aves,0.0,1.1031752824783325,90.0,-0.030741972848773003,11.0,0.0,20.0,49.0,71.0,23.0,1.0
32.7908016667,-117.2322166667,2022-06-26 20:36:00+00:00,Rynchops niger,Black Skimmer,Aves,8.0,4.404494762420654,90.0,0.07171253114938736,23.0,79.0,-2.0,39.0,75.0,31.0,1.0
32.7899534616,-117.2314760454,2022-07-22 02:24:00+00:00,Rynchops niger,Black Skimmer,Aves,-2.0,4.315861225128174,310.0524597167969,0.1575649529695511,23.0,62.0,-2.0,51.0,72.0,22.0,1.0
32.793716728,-117.228086602,2023-02-04 15:50:00+00:00,Rynchops niger,Black Skimmer,Aves,0.0,2.3922688961029053,292.79766845703125,0.10859514027833939,95.0,0.0,20.0,47.0,71.0,24.0,1.0
32.7938543297,-117.2253174215,2023-02-12 01:39:00+00:00,Rynchops niger,Black Skimmer,Aves,0.0,0.0,-0.0,-0.025948641821742058,11.0,0.0,20.0,41.0,73.0,28.0,1.0
32.7932952209,-117.2239549687,2024-06-24 14:41:00+00:00,Rynchops niger,Black Skimmer,Aves,1.0,1.4410752058029175,229.94859313964844,0.06297077238559723,23.0,58.0,1.0,0.0,0.0,0.0,1.0
32.7941725774,-117.226011407,2026-01-13 23:53:00+00:00,Rynchops niger,Black Skimmer,Aves,3.0,2.1572930812835693,149.2559051513672,0.031258005648851395,11.0,0.0,20.0,41.0,73.0,28.0,1.0
32.795903261,-117.2292563392,2023-08-21 05:15:00+00:00,Sabulodes aegrotata,Omnivorous Looper,Insecta,3.0,4.755953311920166,193.3832244873047,0.10409373044967651,22.0,49.0,20.0,51.0,73.0,23.0,1.0
32.79566,-117.2288666667,2023-02-04 21:46:00+00:00,Saldidae,Shore bugs,Insecta,0.0,3.8646881580352783,163.43728637695312,0.20311467349529266,22.0,39.0,20.0,49.0,73.0,21.0,1.0
32.7954033333,-117.2302466667,2025-02-11 22:32:15+00:00,Saldidae,Shore bugs,Insecta,2.0,3.433441400527954,74.34697723388672,0.1708993762731552,22.0,39.0,20.0,51.0,73.0,23.0,1.0
32.79566,-117.2288666667,2023-02-04 21:44:00+00:00,Saldula,,Insecta,0.0,3.8646881580352783,163.43728637695312,0.20311467349529266,22.0,39.0,20.0,49.0,73.0,21.0,1.0
32.7949383333,-117.2279566667,2023-02-04 22:00:00+00:00,Saldula,,Insecta,2.0,3.864685297012329,196.56256103515625,0.1383926123380661,23.0,75.0,20.0,47.0,71.0,24.0,1.0
32.7914083333,-117.2293466667,2018-04-11 20:38:26+00:00,Salicornia,pickleweeds,Plantae,1.0,2.3922181129455566,292.7981872558594,0.1820506900548935,95.0,0.0,-2.0,49.0,72.0,24.0,1.0
32.789825,-117.2310861111,2020-03-04 21:10:00+00:00,Salicornia,pickleweeds,Plantae,1.0,1.4410409927368164,130.05255126953125,0.14953842759132385,23.0,58.0,-2.0,0.0,0.0,0.0,1.0
32.7909765742,-117.2303273218,2020-03-11 22:52:42+00:00,Salicornia,pickleweeds,Plantae,0.0,3.5466909408569336,38.41561508178711,0.08547541499137878,95.0,0.0,-2.0,49.0,72.0,24.0,1.0
32.7909166667,-117.2283866667,2021-05-05 20:47:12+00:00,Salicornia,pickleweeds,Plantae,1.0,2.3922054767608643,112.79830932617188,0.16133198142051697,11.0,0.0,-2.0,48.0,70.0,23.0,1.0
32.7950383333,-117.2287616667,2023-02-04 19:17:25+00:00,Salicornia,pickleweeds,Plantae,-1.0,3.4334213733673096,285.6531066894531,0.13766473531723022,22.0,49.0,20.0,47.0,71.0,24.0,1.0
32.7956067492,-117.228514636,2023-07-28 20:54:30+00:00,Salicornia,pickleweeds,Plantae,0.0,3.7888824939727783,240.73355102539062,0.16690227389335632,22.0,31.0,20.0,49.0,73.0,21.0,1.0
32.7958483333,-117.2285533333,2024-01-12 17:11:05+00:00,Salicornia,pickleweeds,Plantae,0.0,2.7802884578704834,180.0,0.18270500004291534,22.0,31.0,20.0,49.0,73.0,21.0,1.0
32.7895408077,-117.2314252519,2024-05-11 16:52:46+00:00,Salicornia,pickleweeds,Plantae,1.0,1.4410383701324463,130.05264282226562,0.06408825516700745,23.0,71.0,-2.0,51.0,72.0,22.0,1.0
32.7911203277,-117.2304353599,2024-05-11 17:07:15+00:00,Salicornia,pickleweeds,Plantae,-1.0,2.157273769378662,329.25677490234375,0.13488943874835968,95.0,0.0,-2.0,49.0,72.0,24.0,1.0
32.7954059997,-117.2292137,2025-02-10 22:32:31+00:00,Salicornia,pickleweeds,Plantae,0.0,3.5467634201049805,141.58290100097656,0.1919148564338684,95.0,0.0,20.0,51.0,73.0,23.0,1.0
32.794495,-117.2277216667,2025-02-11 22:25:04+00:00,Salicornia,pickleweeds,Plantae,0.0,1.1032062768936157,270.0,0.15007136762142181,22.0,25.0,20.0,47.0,71.0,24.0,1.0
32.79530017,-117.23023897,2025-10-09 19:46:08+00:00,Salicornia,pickleweeds,Plantae,3.0,2.880366325378418,49.949214935302734,0.1823185831308365,22.0,42.0,20.0,51.0,73.0,23.0,1.0
32.7955694444,-117.2303305556,2025-12-16 20:20:00+00:00,Salicornia,pickleweeds,Plantae,2.0,3.433441400527954,74.34697723388672,0.1708993762731552,22.0,39.0,20.0,51.0,73.0,23.0,1.0
32.79072,-117.2302083333,2019-03-06 21:07:30+00:00,Salicornia bigelovii,Dwarf Glasswort,Plantae,2.0,1.1031581163406372,90.0,0.1304217278957367,22.0,23.0,-2.0,0.0,0.0,0.0,1.0
32.79478833,-117.22871333,2020-01-25 21:19:33+00:00,Salicornia bigelovii,Dwarf Glasswort,Plantae,0.0,2.39229416847229,292.79742431640625,0.14940303564071655,21.0,15.0,20.0,47.0,71.0,24.0,1.0
32.7916259766,-117.2311935425,2020-01-26 23:39:23+00:00,Salicornia bigelovii,Dwarf Glasswort,Plantae,1.0,3.433302402496338,105.65367889404297,0.2153366357088089,95.0,0.0,20.0,49.0,72.0,24.0,1.0
32.7909902393,-117.2299545631,2020-03-04 21:39:58+00:00,Salicornia bigelovii,Dwarf Glasswort,Plantae,-1.0,2.1572718620300293,329.2568664550781,0.16060450673103333,23.0,67.0,-2.0,49.0,72.0,24.0,1.0
32.7909555556,-117.2287833333,2021-05-05 20:45:00+00:00,Salicornia bigelovii,Dwarf Glasswort,Plantae,3.0,3.5466909408569336,141.58438110351562,0.13433071970939636,11.0,0.0,-2.0,48.0,70.0,23.0,1.0
32.7926522363,-117.2294304743,2024-01-27 23:36:36+00:00,Salicornia bigelovii,Dwarf Glasswort,Plantae,0.0,2.9905195236206055,201.6295928955078,0.17963503301143646,95.0,0.0,20.0,49.0,72.0,24.0,1.0
32.7956166667,-117.22943,2024-04-27 23:16:43+00:00,Salicornia bigelovii,Dwarf Glasswort,Plantae,1.0,0.9274099469184875,180.0,0.19704265892505646,22.0,45.0,20.0,51.0,73.0,23.0,1.0
32.7945904,-117.22905477,2024-09-26 19:42:59+00:00,Salicornia bigelovii,Dwarf Glasswort,Plantae,-1.0,2.9905283451080322,338.3699645996094,0.16031374037265778,21.0,15.0,20.0,47.0,71.0,24.0,1.0
32.7956466667,-117.2290416667,2025-02-11 22:00:30+00:00,Salicornia bigelovii,Dwarf Glasswort,Plantae,0.0,3.8646881580352783,163.43728637695312,0.20311467349529266,22.0,39.0,20.0,49.0,73.0,21.0,1.0
32.795555,-117.2289416667,2025-02-11 22:05:34+00:00,Salicornia bigelovii,Dwarf Glasswort,Plantae,-1.0,2.157301902770996,149.25552368164062,0.19442236423492432,22.0,38.0,20.0,49.0,73.0,21.0,1.0
32.7945149898,-117.2277019148,2025-02-11 22:28:11+00:00,Salicornia bigelovii,Dwarf Glasswort,Plantae,1.0,1.1032062768936157,270.0,0.15007136762142181,95.0,0.0,20.0,47.0,71.0,24.0,1.0
32.7909879255,-117.230436004,2025-07-02 19:03:40+00:00,Salicornia bigelovii,Dwarf Glasswort,Plantae,1.0,2.9905107021331787,338.3708190917969,0.10470286756753922,21.0,10.0,-2.0,49.0,72.0,24.0,1.0
32.79477142,-117.22958624,2025-10-16 19:57:36+00:00,Salicornia bigelovii,Dwarf Glasswort,Plantae,-1.0,1.1032097339630127,90.0,0.19309589266777039,95.0,0.0,20.0,50.0,72.0,23.0,1.0
32.7956383333,-117.2299716667,2026-01-21 21:25:46+00:00,Salicornia bigelovii,Dwarf Glasswort,Plantae,1.0,2.15730357170105,149.25543212890625,0.19868019223213196,22.0,40.0,20.0,51.0,73.0,23.0,1.0
32.7947,-117.22805,2026-01-21 21:47:16+00:00,Salicornia bigelovii,Dwarf Glasswort,Plantae,0.0,1.4410884380340576,130.05096435546875,0.14796149730682373,22.0,40.0,20.0,47.0,71.0,24.0,1.0
32.794567,-117.227817,2026-01-21 22:06:00+00:00,Salicornia bigelovii,Dwarf Glasswort,Plantae,0.0,2.157296657562256,210.74424743652344,0.12678247690200806,21.0,17.0,20.0,47.0,71.0,24.0,1.0
32.7957596126,-117.2282999571,2026-01-21 22:21:00+00:00,Salicornia bigelovii,Dwarf Glasswort,Plantae,0.0,3.7888824939727783,240.73355102539062,0.16690227389335632,22.0,31.0,20.0,49.0,73.0,21.0,1.0
32.7943166667,-117.2275866667,2026-01-21 22:30:06+00:00,Salicornia bigelovii,Dwarf Glasswort,Plantae,1.0,1.1032062768936157,270.0,0.15007136762142181,95.0,0.0,20.0,47.0,71.0,24.0,1.0
32.791243,-117.229528,2018-04-11 20:37:00+00:00,Salicornia pacifica,Pacific Glasswort,Plantae,2.0,3.30622935295105,270.0,0.07399355620145798,11.0,0.0,-2.0,49.0,72.0,24.0,1.0
32.791517,-117.230438,2018-04-11 21:25:00+00:00,Salicornia pacifica,Pacific Glasswort,Plantae,-1.0,1.1031683683395386,90.0,0.1251722127199173,95.0,0.0,-2.0,49.0,72.0,24.0,1.0
32.7913853713,-117.229795307,2019-03-06 20:55:00+00:00,Salicornia pacifica,Pacific Glasswort,Plantae,0.0,3.306239604949951,270.0,0.1820506900548935,95.0,0.0,-2.0,49.0,72.0,24.0,1.0
32.7911658073,-117.2298310978,2019-03-06 21:07:09+00:00,Salicornia pacifica,Pacific Glasswort,Plantae,0.0,3.4332826137542725,285.6537780761719,0.07399355620145798,11.0,0.0,-2.0,49.0,72.0,24.0,1.0
32.7912238004,-117.2298549071,2019-03-06 21:20:43+00:00,Salicornia pacifica,Pacific Glasswort,Plantae,0.0,3.4332826137542725,285.6537780761719,0.07399355620145798,11.0,0.0,-2.0,49.0,72.0,24.0,1.0
32.7896702818,-117.2313273351,2020-03-04 21:10:14+00:00,Salicornia pacifica,Pacific Glasswort,Plantae,1.0,1.4410383701324463,130.05264282226562,0.06408825516700745,23.0,71.0,-2.0,51.0,72.0,22.0,1.0
32.7912137703,-117.2298226713,2020-03-04 21:41:11+00:00,Salicornia pacifica,Pacific Glasswort,Plantae,0.0,3.4332826137542725,285.6537780761719,0.07399355620145798,11.0,0.0,-2.0,49.0,72.0,24.0,1.0
32.7911715414,-117.2300245126,2020-03-04 23:39:39+00:00,Salicornia pacifica,Pacific Glasswort,Plantae,-1.0,1.4410542249679565,310.0521240234375,0.11681777983903885,95.0,0.0,-2.0,49.0,72.0,24.0,1.0
32.7911207253,-117.2301794671,2020-03-11 22:53:25+00:00,Salicornia pacifica,Pacific Glasswort,Plantae,-1.0,1.8543341159820557,-0.0,0.09041575342416763,95.0,0.0,-2.0,49.0,72.0,24.0,1.0
32.7913112399,-117.2291776691,2020-03-11 23:00:16+00:00,Salicornia pacifica,Pacific Glasswort,Plantae,2.0,2.157275438308716,329.2566833496094,0.20044872164726257,95.0,0.0,-2.0,49.0,72.0,24.0,1.0
32.7930533333,-117.2289883333,2023-01-30 17:59:29+00:00,Salicornia pacifica,Pacific Glasswort,Plantae,0.0,3.433351993560791,74.3465576171875,0.19328919053077698,21.0,19.0,20.0,47.0,71.0,24.0,1.0
32.7926635742,-117.2300643921,2023-04-20 19:16:25+00:00,Salicornia pacifica,Pacific Glasswort,Plantae,-1.0,2.9905195236206055,201.6295928955078,0.22878503799438477,95.0,0.0,20.0,49.0,72.0,24.0,1.0
32.79,-117.2310194444,2023-06-20 18:00:00+00:00,Salicornia pacifica,Pacific Glasswort,Plantae,1.0,4.315861225128174,310.0524597167969,0.1575649529695511,23.0,68.0,-2.0,0.0,0.0,0.0,1.0
32.7954883333,-117.2299416667,2024-04-27 23:08:23+00:00,Salicornia pacifica,Pacific Glasswort,Plantae,1.0,1.441096305847168,49.949302673339844,0.180143803358078,22.0,39.0,20.0,51.0,73.0,23.0,1.0
32.7897971,-117.23120266,2024-05-11 17:02:16+00:00,Salicornia pacifica,Pacific Glasswort,Plantae,1.0,1.4410409927368164,130.05255126953125,0.14953842759132385,23.0,58.0,-2.0,0.0,0.0,0.0,1.0
32.7950876447,-117.2303712143,2024-09-26 17:47:20+00:00,Salicornia pacifica,Pacific Glasswort,Plantae,3.0,2.880366325378418,49.949214935302734,0.1823185831308365,22.0,42.0,20.0,51.0,73.0,23.0,1.0
32.7910305556,-117.2296527778,2025-02-01 22:03:00+00:00,Salicornia pacifica,Pacific Glasswort,Plantae,0.0,3.4332826137542725,285.6537780761719,0.07399355620145798,11.0,0.0,-2.0,49.0,72.0,24.0,1.0
32.7955371144,-117.2296763357,2025-02-01 23:40:02+00:00,Salicornia pacifica,Pacific Glasswort,Plantae,1.0,0.0,-0.0,0.19635267555713654,22.0,41.0,20.0,51.0,73.0,23.0,1.0
32.7957333333,-117.22908,2025-02-11 21:58:22+00:00,Salicornia pacifica,Pacific Glasswort,Plantae,1.0,2.9905333518981934,158.36972045898438,0.18014676868915558,22.0,36.0,20.0,51.0,73.0,23.0,1.0
32.79558,-117.2290583333,2025-02-11 22:06:20+00:00,Salicornia pacifica,Pacific Glasswort,Plantae,-1.0,2.157301902770996,149.25552368164062,0.19442236423492432,22.0,38.0,20.0,49.0,73.0,21.0,1.0
32.7944839722,-117.227653,2025-02-11 22:21:55+00:00,Salicornia pacifica,Pacific Glasswort,Plantae,1.0,1.1032062768936157,270.0,0.15007136762142181,95.0,0.0,20.0,47.0,71.0,24.0,1.0
32.7924549033,-117.2311327805,2025-03-16 20:35:00+00:00,Salicornia pacifica,Pacific Glasswort,Plantae,0.0,5.2028489112854,122.23053741455078,0.18414336442947388,21.0,12.0,20.0,49.0,72.0,24.0,1.0
32.789625,-117.231475,2025-04-17 19:33:01+00:00,Salicornia pacifica,Pacific Glasswort,Plantae,1.0,1.4410383701324463,130.05264282226562,0.06408825516700745,23.0,71.0,-2.0,51.0,72.0,22.0,1.0
32.7950551,-117.2303167,2025-04-26 16:45:00+00:00,Salicornia pacifica,Pacific Glasswort,Plantae,4.0,2.392300605773926,67.20264434814453,0.17610977590084076,23.0,63.0,20.0,50.0,72.0,23.0,1.0
32.7956874,-117.230496,2025-04-26 17:29:00+00:00,Salicornia pacifica,Pacific Glasswort,Plantae,4.0,4.404741287231445,90.0,0.1194462776184082,23.0,50.0,20.0,51.0,73.0,23.0,1.0
32.7950615064,-117.2302998976,2025-05-24 16:32:19+00:00,Salicornia pacifica,Pacific Glasswort,Plantae,4.0,2.392300605773926,67.20264434814453,0.17610977590084076,23.0,63.0,20.0,50.0,72.0,23.0,1.0
32.7909735041,-117.2304349863,2025-07-02 19:03:25+00:00,Salicornia pacifica,Pacific Glasswort,Plantae,1.0,2.9905107021331787,338.3708190917969,0.10470286756753922,21.0,10.0,-2.0,49.0,72.0,24.0,1.0
32.7895724083,-117.2318710861,2025-08-02 15:20:34+00:00,Salicornia pacifica,Pacific Glasswort,Plantae,-1.0,4.959386348724365,41.737728118896484,0.1649165153503418,22.0,23.0,-2.0,51.0,72.0,22.0,1.0
32.7953976983,-117.2304231933,2025-09-13 17:08:00+00:00,Salicornia pacifica,Pacific Glasswort,Plantae,4.0,4.404727935791016,90.0,0.13322186470031738,22.0,38.0,20.0,51.0,73.0,23.0,1.0
32.7953537414,-117.2300740891,2025-10-25 17:21:31+00:00,Salicornia pacifica,Pacific Glasswort,Plantae,1.0,1.441096305847168,49.949302673339844,0.180143803358078,22.0,39.0,20.0,51.0,73.0,23.0,1.0
32.7906133333,-117.23002,2025-11-08 17:37:07+00:00,Salicornia pacifica,Pacific Glasswort,Plantae,1.0,1.4410488605499268,49.947715759277344,0.12852990627288818,22.0,49.0,-2.0,0.0,0.0,0.0,1.0
32.7958333333,-117.2300633333,2025-11-09 19:40:51+00:00,Salicornia pacifica,Pacific Glasswort,Plantae,1.0,2.15730357170105,149.25543212890625,0.19868019223213196,22.0,40.0,20.0,51.0,73.0,23.0,1.0
32.7959022522,-117.2300643921,2025-11-09 19:49:59+00:00,Salicornia pacifica,Pacific Glasswort,Plantae,3.0,2.7802884578704834,180.0,0.12967248260974884,23.0,60.0,20.0,51.0,73.0,23.0,1.0
32.7955694444,-117.2303388889,2025-12-16 20:20:00+00:00,Salicornia pacifica,Pacific Glasswort,Plantae,2.0,3.433441400527954,74.34697723388672,0.1708993762731552,22.0,39.0,20.0,51.0,73.0,23.0,1.0
32.7956283333,-117.2299333333,2026-01-21 21:26:39+00:00,Salicornia pacifica,Pacific Glasswort,Plantae,1.0,2.15730357170105,149.25543212890625,0.19868019223213196,22.0,40.0,20.0,51.0,73.0,23.0,1.0
32.79465,-117.227833,2026-01-21 22:05:00+00:00,Salicornia pacifica,Pacific Glasswort,Plantae,0.0,2.157296657562256,210.74424743652344,0.12678247690200806,21.0,17.0,20.0,47.0,71.0,24.0,1.0
32.793967,-117.2275,2026-01-21 22:28:00+00:00,Salicornia pacifica,Pacific Glasswort,Plantae,1.0,2.1572911739349365,329.2559814453125,0.15461094677448273,95.0,0.0,20.0,47.0,71.0,24.0,1.0
32.7957,-117.2291416667,2026-01-21 22:40:22+00:00,Salicornia pacifica,Pacific Glasswort,Plantae,1.0,2.9905333518981934,158.36972045898438,0.18014676868915558,22.0,36.0,20.0,51.0,73.0,23.0,1.0
32.7911590513,-117.2301862028,2024-05-11 17:21:18+00:00,Salicornieae,,Plantae,-1.0,1.8543341159820557,-0.0,0.09041575342416763,95.0,0.0,-2.0,49.0,72.0,24.0,1.0
32.7956024759,-117.2297035905,2025-02-01 23:40:44+00:00,Salicornieae,,Plantae,1.0,0.0,-0.0,0.19635267555713654,22.0,41.0,20.0,51.0,73.0,23.0,1.0
32.7953533333,-117.2287883333,2025-02-11 22:35:50+00:00,Salicornieae,,Plantae,-1.0,2.392313241958618,247.20277404785156,0.16151370108127594,22.0,38.0,20.0,49.0,73.0,21.0,1.0
32.7952466626,-117.2300583312,2025-10-25 17:32:02+00:00,Salicornieae,,Plantae,2.0,2.880366325378418,49.949214935302734,0.18346251547336578,22.0,21.0,20.0,51.0,73.0,23.0,1.0
32.7957855958,-117.2299808029,2025-12-16 20:17:07+00:00,Salicornieae,,Plantae,1.0,2.15730357170105,149.25543212890625,0.19868019223213196,22.0,40.0,20.0,51.0,73.0,23.0,1.0
32.7912527778,-117.2298583333,2020-03-04 21:43:00+00:00,Salicornioideae,,Plantae,0.0,3.4332826137542725,285.6537780761719,0.07399355620145798,11.0,0.0,-2.0,49.0,72.0,24.0,1.0
32.7958166667,-117.2306166667,2025-05-16 19:26:57+00:00,Salix laevigata,red willow,Plantae,4.0,4.404741287231445,90.0,0.1194462776184082,23.0,50.0,20.0,51.0,73.0,23.0,1.0
32.795653615,-117.230573147,2017-07-08 16:53:17+00:00,Salsola,Russian Thistles,Plantae,4.0,4.404741287231445,90.0,0.1194462776184082,23.0,50.0,20.0,51.0,73.0,23.0,1.0
32.795797505,-117.2288790883,2022-02-05 23:23:00+00:00,Salsola,Russian Thistles,Plantae,0.0,3.8646881580352783,163.43728637695312,0.20311467349529266,22.0,39.0,20.0,49.0,73.0,21.0,1.0
32.7895395266,-117.2314666333,2022-04-27 20:10:00+00:00,Salsola,Russian Thistles,Plantae,1.0,1.4410383701324463,130.05264282226562,0.06408825516700745,23.0,71.0,-2.0,51.0,72.0,22.0,1.0
32.7957216667,-117.2293616667,2026-01-21 21:27:21+00:00,Salsola,Russian Thistles,Plantae,1.0,0.9274099469184875,180.0,0.19704265892505646,22.0,45.0,20.0,51.0,73.0,23.0,1.0
32.794017,-117.2276,2026-01-21 22:21:00+00:00,Salsola,Russian Thistles,Plantae,1.0,1.1032028198242188,270.0,0.17474384605884552,95.0,0.0,20.0,47.0,71.0,24.0,1.0
32.7903194444,-117.2308,2025-07-12 15:28:00+00:00,Salsola australis,Southern Russian Thistle,Plantae,1.0,4.404467582702637,270.0,0.17883774638175964,23.0,63.0,-2.0,0.0,0.0,0.0,1.0
32.7904283333,-117.2304083333,2019-03-06 21:19:44+00:00,Salsola tragus,Prickly Russian Thistle,Plantae,0.0,2.8802716732025146,130.0523681640625,0.09603254497051239,23.0,56.0,-2.0,0.0,0.0,0.0,1.0
32.7901416667,-117.2306277778,2025-02-01 22:22:00+00:00,Salsola tragus,Prickly Russian Thistle,Plantae,0.0,2.157266616821289,149.25709533691406,0.08216650038957596,23.0,65.0,-2.0,0.0,0.0,0.0,1.0
32.7956866667,-117.2293333333,2026-01-21 22:40:00+00:00,Salsola tragus,Prickly Russian Thistle,Plantae,1.0,2.9905333518981934,158.36972045898438,0.18014676868915558,22.0,36.0,20.0,51.0,73.0,23.0,1.0
32.7959928275,-117.2302797947,2025-05-24 17:04:31+00:00,Salvia apiana,white sage,Plantae,3.0,2.1573052406311035,149.25535583496094,0.10808767378330231,23.0,61.0,20.0,51.0,73.0,23.0,1.0
32.7959696389,-117.2303096097,2025-05-24 17:02:13+00:00,Salvia clevelandii × leucophylla,,Plantae,3.0,2.1573052406311035,149.25535583496094,0.10808767378330231,23.0,61.0,20.0,51.0,73.0,23.0,1.0
32.79556691,-117.23061374,2025-02-01 20:16:51+00:00,Salvia mellifera,black sage,Plantae,4.0,4.404727935791016,90.0,0.13322186470031738,22.0,38.0,20.0,51.0,73.0,23.0,1.0
32.7950116667,-117.2302633333,2024-04-28 00:57:56+00:00,Sambucus cerulea,blue elder,Plantae,4.0,2.392300605773926,67.20264434814453,0.17610977590084076,23.0,63.0,20.0,50.0,72.0,23.0,1.0
32.7950462276,-117.230260636,2025-04-11 21:11:15+00:00,Sambucus cerulea,blue elder,Plantae,4.0,2.392300605773926,67.20264434814453,0.17610977590084076,23.0,63.0,20.0,50.0,72.0,23.0,1.0
32.7950611111,-117.2302888889,2025-04-17 18:59:12+00:00,Sambucus cerulea,blue elder,Plantae,4.0,2.392300605773926,67.20264434814453,0.17610977590084076,23.0,63.0,20.0,50.0,72.0,23.0,1.0
32.7950234,-117.2303639,2025-04-26 16:45:00+00:00,Sambucus cerulea,blue elder,Plantae,4.0,2.392300605773926,67.20264434814453,0.17610977590084076,23.0,63.0,20.0,50.0,72.0,23.0,1.0
32.7950366667,-117.2303466667,2025-05-17 16:51:00+00:00,Sambucus cerulea,blue elder,Plantae,4.0,2.392300605773926,67.20264434814453,0.17610977590084076,23.0,63.0,20.0,50.0,72.0,23.0,1.0
32.7950554303,-117.2303967089,2025-05-24 16:33:41+00:00,Sambucus cerulea,blue elder,Plantae,4.0,2.392300605773926,67.20264434814453,0.17610977590084076,23.0,63.0,20.0,50.0,72.0,23.0,1.0
32.7950761747,-117.230424285,2025-05-24 17:20:45+00:00,Sambucus cerulea,blue elder,Plantae,4.0,3.433431386947632,74.34693145751953,0.1391647309064865,22.0,42.0,20.0,51.0,73.0,23.0,1.0
32.7897224426,-117.2311096191,2019-03-06 20:43:55+00:00,Sargassum muticum,Japanese Wireweed,Chromista,1.0,1.4410409927368164,130.05255126953125,0.14953842759132385,23.0,58.0,-2.0,0.0,0.0,0.0,1.0
32.7955713111,-117.2296926665,2019-03-06 22:54:00+00:00,Sargassum muticum,Japanese Wireweed,Chromista,1.0,0.0,-0.0,0.19635267555713654,22.0,41.0,20.0,51.0,73.0,23.0,1.0
32.7906927453,-117.2298604626,2023-01-14 19:02:00+00:00,Sargassum muticum,Japanese Wireweed,Chromista,1.0,1.4410488605499268,130.0522918701172,0.0012941418681293726,23.0,71.0,-2.0,0.0,0.0,0.0,1.0
32.7909466667,-117.2285083333,2024-01-31 21:24:06+00:00,Sargassum muticum,Japanese Wireweed,Chromista,1.0,2.3922054767608643,112.79830932617188,0.16133198142051697,11.0,0.0,-2.0,48.0,70.0,23.0,1.0
32.7907633333,-117.2277366667,2024-01-31 21:33:59+00:00,Sargassum muticum,Japanese Wireweed,Chromista,1.0,0.9274099469184875,-0.0,0.13407741487026215,11.0,0.0,-2.0,48.0,70.0,23.0,1.0
32.7930683,-117.2273904,2024-01-31 21:49:35+00:00,Sargassum muticum,Japanese Wireweed,Chromista,3.0,2.880324363708496,130.05149841308594,0.02102907933294773,11.0,0.0,20.0,47.0,71.0,24.0,1.0
32.7958488683,-117.23066919,2022-09-24 16:32:00+00:00,Sassacus vitis,Buttonhook Leafbeetle Jumping Spider,Arachnida,4.0,4.404741287231445,90.0,0.1194462776184082,23.0,50.0,20.0,51.0,73.0,23.0,1.0
32.7951974518,-117.2304712337,2025-06-28 17:37:08+00:00,Sassacus vitis,Buttonhook Leafbeetle Jumping Spider,Arachnida,4.0,3.433431386947632,74.34693145751953,0.1391647309064865,22.0,42.0,20.0,51.0,73.0,23.0,1.0
32.7959653247,-117.2306284681,2025-07-10 15:30:55+00:00,Sassacus vitis,Buttonhook Leafbeetle Jumping Spider,Arachnida,4.0,2.205636501312256,90.0,0.0928410217165947,23.0,68.0,20.0,51.0,73.0,23.0,1.0
32.7934076,-117.228756,2012-12-02 18:21:45+00:00,Sayornis nigricans,Black Phoebe,Aves,-1.0,0.9274099469184875,180.0,0.1348302960395813,95.0,0.0,20.0,47.0,71.0,24.0,1.0
32.7954952798,-117.2303977217,2019-08-06 16:35:00+00:00,Sayornis nigricans,Black Phoebe,Aves,2.0,3.433441400527954,74.34697723388672,0.1708993762731552,22.0,39.0,20.0,51.0,73.0,23.0,1.0
32.7922388889,-117.2313388889,2020-09-27 16:36:00+00:00,Sayornis nigricans,Black Phoebe,Aves,2.0,6.654465675354004,97.9756088256836,0.19780150055885315,22.0,43.0,20.0,39.0,75.0,31.0,1.0
32.795475,-117.2304083333,2022-09-09 01:44:52+00:00,Sayornis nigricans,Black Phoebe,Aves,2.0,3.433441400527954,74.34697723388672,0.1708993762731552,22.0,39.0,20.0,51.0,73.0,23.0,1.0
32.7956357353,-117.2303430609,2023-01-21 16:20:00+00:00,Sayornis nigricans,Black Phoebe,Aves,2.0,3.4334511756896973,105.6529769897461,0.16354915499687195,22.0,31.0,20.0,51.0,73.0,23.0,1.0
32.795579,-117.23032,2023-01-21 17:55:00+00:00,Sayornis nigricans,Black Phoebe,Aves,2.0,3.433441400527954,74.34697723388672,0.1708993762731552,22.0,39.0,20.0,51.0,73.0,23.0,1.0
32.7924166931,-117.2296683265,2024-01-14 22:28:00+00:00,Sayornis nigricans,Black Phoebe,Aves,-2.0,2.1572823524475098,210.74362182617188,0.2118079662322998,21.0,16.0,20.0,49.0,72.0,24.0,1.0
32.7954891907,-117.2284830252,2025-02-01 17:20:00+00:00,Sayornis nigricans,Black Phoebe,Aves,1.0,4.500550746917725,281.8681335449219,0.1647218018770218,23.0,50.0,20.0,49.0,73.0,21.0,1.0
32.794975,-117.2303777778,2025-05-04 17:47:00+00:00,Sayornis nigricans,Black Phoebe,Aves,4.0,2.392300605773926,67.20264434814453,0.17610977590084076,23.0,63.0,20.0,50.0,72.0,23.0,1.0
32.7949810183,-117.2304312983,2025-09-13 16:54:00+00:00,Sayornis nigricans,Black Phoebe,Aves,5.0,2.392300605773926,67.20264434814453,0.11216988414525986,24.0,81.0,20.0,50.0,72.0,23.0,1.0
32.7949866667,-117.2302466667,2025-11-28 19:08:53+00:00,Sayornis nigricans,Black Phoebe,Aves,4.0,2.392300605773926,67.20264434814453,0.17610977590084076,23.0,63.0,20.0,50.0,72.0,23.0,1.0
32.7959012164,-117.2306790668,2026-01-21 23:00:00+00:00,Sayornis nigricans,Black Phoebe,Aves,4.0,2.205636501312256,90.0,0.0928410217165947,23.0,68.0,20.0,51.0,73.0,23.0,1.0
32.79252,-117.230929,2014-11-23 16:24:03+00:00,Sayornis saya,Say's Phoebe,Aves,-1.0,2.1572823524475098,149.25637817382812,0.1945434957742691,21.0,12.0,20.0,49.0,72.0,24.0,1.0
32.792621,-117.23088,2014-11-23 17:24:23+00:00,Sayornis saya,Say's Phoebe,Aves,-1.0,2.1572823524475098,149.25637817382812,0.1945434957742691,21.0,12.0,20.0,49.0,72.0,24.0,1.0
32.7951406618,-117.2302352522,2019-02-10 18:46:00+00:00,Sayornis saya,Say's Phoebe,Aves,3.0,2.880366325378418,49.949214935302734,0.1823185831308365,22.0,42.0,20.0,51.0,73.0,23.0,1.0
32.7924133333,-117.2313983333,2020-11-28 19:28:00+00:00,Sayornis saya,Say's Phoebe,Aves,3.0,8.505062103271484,115.65796661376953,0.18414336442947388,23.0,67.0,20.0,39.0,75.0,31.0,1.0
32.7959533333,-117.230255,2021-11-13 09:35:58+00:00,Sayornis saya,Say's Phoebe,Aves,3.0,2.1573052406311035,149.25535583496094,0.10808767378330231,23.0,61.0,20.0,51.0,73.0,23.0,1.0
32.7957590649,-117.2287908083,2022-02-05 17:02:00+00:00,Sayornis saya,Say's Phoebe,Aves,0.0,2.7802884578704834,180.0,0.18270500004291534,22.0,31.0,20.0,49.0,73.0,21.0,1.0
32.7957099435,-117.2285383317,2022-02-05 17:24:00+00:00,Sayornis saya,Say's Phoebe,Aves,0.0,2.7802884578704834,180.0,0.18270500004291534,22.0,31.0,20.0,49.0,73.0,21.0,1.0
32.7909476433,-117.2321334306,2022-12-12 22:25:00+00:00,Sayornis saya,Say's Phoebe,Aves,8.0,4.404494762420654,90.0,0.07171253114938736,23.0,79.0,-2.0,39.0,75.0,31.0,1.0
32.792196371,-117.2315595324,2023-01-21 15:48:00+00:00,Sayornis saya,Say's Phoebe,Aves,5.0,6.842163562774658,105.65357971191406,0.14658282697200775,23.0,68.0,20.0,39.0,75.0,31.0,1.0
32.7957212545,-117.2303468771,2023-01-21 16:01:00+00:00,Sayornis saya,Say's Phoebe,Aves,2.0,3.4334511756896973,105.6529769897461,0.16354915499687195,22.0,31.0,20.0,51.0,73.0,23.0,1.0
32.7959288437,-117.2287851047,2023-01-21 17:14:00+00:00,Sayornis saya,Say's Phoebe,Aves,2.0,4.6273674964904785,180.0,0.1663312166929245,21.0,15.0,20.0,49.0,73.0,21.0,1.0
32.792847,-117.23099,2023-01-21 19:04:00+00:00,Sayornis saya,Say's Phoebe,Aves,2.0,8.029680252075195,125.01235961914062,0.15860658884048462,22.0,49.0,20.0,49.0,72.0,24.0,1.0
32.7955111741,-117.2285854566,2023-02-04 15:35:00+00:00,Sayornis saya,Say's Phoebe,Aves,-1.0,2.392313241958618,247.20277404785156,0.16151370108127594,22.0,38.0,20.0,49.0,73.0,21.0,1.0
32.7955166043,-117.229614046,2023-02-04 21:10:00+00:00,Sayornis saya,Say's Phoebe,Aves,1.0,0.0,-0.0,0.19635267555713654,22.0,41.0,20.0,51.0,73.0,23.0,1.0
32.7958,-117.22935,2024-01-12 07:00:40+00:00,Sayornis saya,Say's Phoebe,Aves,1.0,0.9274099469184875,180.0,0.19704265892505646,22.0,45.0,20.0,51.0,73.0,23.0,1.0
32.79575112,-117.2290756,2024-01-12 16:50:00+00:00,Sayornis saya,Say's Phoebe,Aves,1.0,2.9905333518981934,158.36972045898438,0.18014676868915558,22.0,36.0,20.0,51.0,73.0,23.0,1.0
32.796035,-117.2294466667,2024-01-12 16:55:11+00:00,Sayornis saya,Say's Phoebe,Aves,2.0,2.7802884578704834,180.0,0.14166799187660217,23.0,67.0,20.0,51.0,73.0,23.0,1.0
32.795760225,-117.2300464867,2024-12-14 15:54:00+00:00,Sayornis saya,Say's Phoebe,Aves,1.0,2.15730357170105,149.25543212890625,0.19868019223213196,22.0,40.0,20.0,51.0,73.0,23.0,1.0
32.7959481617,-117.2293079933,2024-12-14 17:22:00+00:00,Sayornis saya,Say's Phoebe,Aves,3.0,4.755953311920166,193.3832244873047,0.10409373044967651,22.0,49.0,20.0,51.0,73.0,23.0,1.0
32.7956130816,-117.2304366096,2025-02-01 15:27:00+00:00,Sayornis saya,Say's Phoebe,Aves,4.0,4.404741287231445,90.0,0.1194462776184082,23.0,50.0,20.0,51.0,73.0,23.0,1.0
32.7954898837,-117.2284864283,2025-02-01 16:31:00+00:00,Sayornis saya,Say's Phoebe,Aves,1.0,4.500550746917725,281.8681335449219,0.1647218018770218,23.0,50.0,20.0,49.0,73.0,21.0,1.0
32.7958893318,-117.2287746042,2025-02-01 16:46:00+00:00,Sayornis saya,Say's Phoebe,Aves,2.0,4.6273674964904785,180.0,0.1663312166929245,21.0,15.0,20.0,49.0,73.0,21.0,1.0
32.7896416667,-117.2313083333,2025-11-08 17:22:14+00:00,Sayornis saya,Say's Phoebe,Aves,1.0,1.4410383701324463,130.05264282226562,0.06408825516700745,23.0,71.0,-2.0,51.0,72.0,22.0,1.0
32.7958833333,-117.22847,2025-11-09 20:01:00+00:00,Sayornis saya,Say's Phoebe,Aves,3.0,5.122032642364502,205.44737243652344,0.14290045201778412,22.0,25.0,20.0,49.0,73.0,21.0,1.0
32.7960529067,-117.2297257781,2026-01-21 22:52:00+00:00,Sayornis saya,Say's Phoebe,Aves,3.0,2.990534782409668,158.36965942382812,0.14166799187660217,23.0,67.0,20.0,51.0,73.0,23.0,1.0
32.7958232164,-117.230283148,2022-01-29 20:13:01+00:00,Sceloporus occidentalis,Western Fence Lizard,Reptilia,2.0,3.4334511756896973,105.6529769897461,0.16354915499687195,22.0,31.0,20.0,51.0,73.0,23.0,1.0
32.7958595367,-117.23069218,2022-09-24 17:31:00+00:00,Sceloporus occidentalis,Western Fence Lizard,Reptilia,6.0,4.5005645751953125,78.13190460205078,0.06891442090272903,24.0,80.0,20.0,51.0,73.0,23.0,1.0
32.79592312,-117.22917896,2024-01-27 20:18:20+00:00,Sceloporus occidentalis,Western Fence Lizard,Reptilia,3.0,4.755953311920166,193.3832244873047,0.10409373044967651,22.0,49.0,20.0,51.0,73.0,23.0,1.0
32.795658576,-117.2306609272,2024-09-26 17:41:08+00:00,Sceloporus occidentalis,Western Fence Lizard,Reptilia,4.0,4.404741287231445,90.0,0.1194462776184082,23.0,50.0,20.0,51.0,73.0,23.0,1.0
32.7957083333,-117.2304533333,2025-04-26 18:00:57+00:00,Sceloporus occidentalis,Western Fence Lizard,Reptilia,4.0,4.404741287231445,90.0,0.1194462776184082,23.0,50.0,20.0,51.0,73.0,23.0,1.0
32.79578,-117.2305366667,2025-05-10 15:28:36+00:00,Sceloporus occidentalis,Western Fence Lizard,Reptilia,4.0,4.404741287231445,90.0,0.1194462776184082,23.0,50.0,20.0,51.0,73.0,23.0,1.0
32.7959068632,-117.2306859681,2025-05-24 16:36:54+00:00,Sceloporus occidentalis,Western Fence Lizard,Reptilia,5.0,3.4334611892700195,74.3470687866211,0.09977754950523376,24.0,80.0,20.0,51.0,73.0,23.0,1.0
32.7958980203,-117.2307033186,2025-05-24 16:56:55+00:00,Sceloporus occidentalis,Western Fence Lizard,Reptilia,5.0,3.4334611892700195,74.3470687866211,0.09977754950523376,24.0,80.0,20.0,51.0,73.0,23.0,1.0
32.7959530192,-117.2305666454,2025-05-24 17:51:46+00:00,Sceloporus occidentalis,Western Fence Lizard,Reptilia,4.0,2.205636501312256,90.0,0.0928410217165947,23.0,68.0,20.0,51.0,73.0,23.0,1.0
32.7959517064,-117.2306519375,2025-08-28 22:25:26+00:00,Sceloporus occidentalis,Western Fence Lizard,Reptilia,4.0,2.205636501312256,90.0,0.0928410217165947,23.0,68.0,20.0,51.0,73.0,23.0,1.0
32.7953863909,-117.23042873,2025-11-22 17:28:36+00:00,Sceloporus occidentalis,Western Fence Lizard,Reptilia,4.0,4.404727935791016,90.0,0.13322186470031738,22.0,38.0,20.0,51.0,73.0,23.0,1.0
32.79479167,-117.23000333,2019-11-02 19:06:47+00:00,Schinus terebinthifolia,Brazilian pepper,Plantae,3.0,4.404686450958252,90.0,0.18127182126045227,22.0,36.0,20.0,50.0,72.0,23.0,1.0
32.7958483333,-117.2285533333,2024-01-12 17:24:18+00:00,Schinus terebinthifolia,Brazilian pepper,Plantae,0.0,2.7802884578704834,180.0,0.18270500004291534,22.0,31.0,20.0,49.0,73.0,21.0,1.0
32.79589204,-117.230340565,2022-02-26 18:46:00+00:00,Schistocerca nitens,Gray Bird Grasshopper,Insecta,3.0,2.1573052406311035,149.25535583496094,0.10808767378330231,23.0,61.0,20.0,51.0,73.0,23.0,1.0
32.7957111111,-117.2305,2025-05-21 00:26:00+00:00,Schistocerca nitens,Gray Bird Grasshopper,Insecta,4.0,4.404741287231445,90.0,0.1194462776184082,23.0,50.0,20.0,51.0,73.0,23.0,1.0
32.790208571,-117.2305499029,2025-02-01 22:28:00+00:00,Sciaenidae,Drums,Actinopterygii,0.0,2.157266616821289,149.25709533691406,0.08216650038957596,23.0,65.0,-2.0,0.0,0.0,0.0,1.0
32.7909616667,-117.2308416667,2017-02-02 21:56:56+00:00,Scolopacidae,Sandpipers and Allies,Aves,-1.0,4.315885066986084,310.05218505859375,0.17486731708049774,95.0,0.0,-2.0,49.0,72.0,24.0,1.0
32.79438644,-117.2243315848,2026-01-14 00:09:00+00:00,Scolopacidae,Sandpipers and Allies,Aves,0.0,5.964848518371582,158.3700408935547,0.13345171511173248,23.0,60.0,1.0,0.0,0.0,0.0,1.0
32.7912410859,-117.229449302,2023-06-16 15:53:37+00:00,Scomber japonicus,Pacific Chub Mackerel,Actinopterygii,2.0,3.30622935295105,270.0,0.07399355620145798,11.0,0.0,-2.0,49.0,72.0,24.0,1.0
32.7957026544,-117.2305168211,2024-10-16 15:57:15+00:00,Scudderia mexicana,Mexican Bush Katydid,Insecta,4.0,4.404741287231445,90.0,0.1194462776184082,23.0,50.0,20.0,51.0,73.0,23.0,1.0
32.7960013537,-117.2303130646,2022-02-05 18:50:00+00:00,Selasphorus,"Rufous, Allen's, and Allied Hummingbirds",Aves,3.0,2.1573052406311035,149.25535583496094,0.10808767378330231,23.0,61.0,20.0,51.0,73.0,23.0,1.0
32.7908478847,-117.2319801287,2022-07-22 01:53:00+00:00,Selasphorus,"Rufous, Allen's, and Allied Hummingbirds",Aves,4.0,8.805005073547363,95.99871826171875,0.12917357683181763,23.0,59.0,-2.0,39.0,75.0,31.0,1.0
32.795984543,-117.2303855966,2025-04-26 17:48:23+00:00,Selasphorus,"Rufous, Allen's, and Allied Hummingbirds",Aves,3.0,2.1573052406311035,149.25535583496094,0.10808767378330231,23.0,61.0,20.0,51.0,73.0,23.0,1.0
32.7909866667,-117.2320866667,2021-12-04 16:29:50+00:00,Selasphorus sasin,Allen's Hummingbird,Aves,8.0,4.404494762420654,90.0,0.07171253114938736,23.0,79.0,-2.0,39.0,75.0,31.0,1.0
32.7957977768,-117.2290458199,2022-02-05 17:04:00+00:00,Selasphorus sasin,Allen's Hummingbird,Aves,0.0,3.8646881580352783,163.43728637695312,0.20311467349529266,22.0,39.0,20.0,49.0,73.0,21.0,1.0
32.7953358683,-117.2305123283,2022-04-23 16:13:00+00:00,Selasphorus sasin,Allen's Hummingbird,Aves,4.0,4.404727935791016,90.0,0.13322186470031738,22.0,38.0,20.0,51.0,73.0,23.0,1.0
32.7905575339,-117.2321324412,2022-12-03 21:49:00+00:00,Selasphorus sasin,Allen's Hummingbird,Aves,8.0,6.154697418212891,116.76608276367188,0.07844877988100052,23.0,62.0,-2.0,51.0,72.0,22.0,1.0
32.795633593,-117.2295094511,2023-01-17 16:16:00+00:00,Selasphorus sasin,Allen's Hummingbird,Aves,1.0,0.9274099469184875,180.0,0.19704265892505646,22.0,45.0,20.0,51.0,73.0,23.0,1.0
32.795925,-117.228885,2023-01-21 15:48:00+00:00,Selasphorus sasin,Allen's Hummingbird,Aves,3.0,5.654840469360352,168.785400390625,0.14608775079250336,22.0,39.0,20.0,49.0,73.0,21.0,1.0
32.7959264305,-117.2301886267,2023-01-21 16:30:00+00:00,Selasphorus sasin,Allen's Hummingbird,Aves,3.0,2.1573052406311035,149.25535583496094,0.10808767378330231,23.0,61.0,20.0,51.0,73.0,23.0,1.0
32.7959315747,-117.2287339698,2023-02-04 16:07:00+00:00,Selasphorus sasin,Allen's Hummingbird,Aves,2.0,4.6273674964904785,180.0,0.1663312166929245,21.0,15.0,20.0,49.0,73.0,21.0,1.0
32.7915816667,-117.2318616667,2023-12-09 22:40:00+00:00,Selasphorus sasin,Allen's Hummingbird,Aves,6.0,2.880297899246216,130.0519256591797,0.10694009065628052,23.0,60.0,20.0,39.0,75.0,31.0,1.0
32.7958483333,-117.2285533333,2024-01-12 17:22:13+00:00,Selasphorus sasin,Allen's Hummingbird,Aves,0.0,2.7802884578704834,180.0,0.18270500004291534,22.0,31.0,20.0,49.0,73.0,21.0,1.0
32.7959676881,-117.2301650149,2025-02-01 15:17:00+00:00,Selasphorus sasin,Allen's Hummingbird,Aves,3.0,2.1573052406311035,149.25535583496094,0.10808767378330231,23.0,61.0,20.0,51.0,73.0,23.0,1.0
32.7960063964,-117.2300745114,2025-02-01 15:25:00+00:00,Selasphorus sasin,Allen's Hummingbird,Aves,3.0,2.7802884578704834,180.0,0.12967248260974884,23.0,60.0,20.0,51.0,73.0,23.0,1.0
32.7952045918,-117.2304082809,2025-02-01 19:51:00+00:00,Selasphorus sasin,Allen's Hummingbird,Aves,3.0,2.880366325378418,49.949214935302734,0.1823185831308365,22.0,42.0,20.0,51.0,73.0,23.0,1.0
32.7951241861,-117.2304056139,2025-02-01 20:13:00+00:00,Selasphorus sasin,Allen's Hummingbird,Aves,3.0,2.880366325378418,49.949214935302734,0.1823185831308365,22.0,42.0,20.0,51.0,73.0,23.0,1.0
32.7960518823,-117.230221691,2025-02-11 21:58:22+00:00,Selasphorus sasin,Allen's Hummingbird,Aves,3.0,2.1573052406311035,149.25535583496094,0.10808767378330231,23.0,61.0,20.0,51.0,73.0,23.0,1.0
32.7954833333,-117.2304383333,2025-02-11 23:09:41+00:00,Selasphorus sasin,Allen's Hummingbird,Aves,4.0,4.404727935791016,90.0,0.13322186470031738,22.0,38.0,20.0,51.0,73.0,23.0,1.0
32.7960112802,-117.2303664074,2025-04-26 17:48:43+00:00,Selasphorus sasin,Allen's Hummingbird,Aves,3.0,2.1573052406311035,149.25535583496094,0.10808767378330231,23.0,61.0,20.0,51.0,73.0,23.0,1.0
32.7956156585,-117.2298815666,2025-05-04 15:54:00+00:00,Selasphorus sasin,Allen's Hummingbird,Aves,1.0,2.15730357170105,149.25543212890625,0.19868019223213196,22.0,40.0,20.0,51.0,73.0,23.0,1.0
32.79588,-117.2304383333,2025-05-04 16:15:55+00:00,Selasphorus sasin,Allen's Hummingbird,Aves,4.0,2.205636501312256,90.0,0.0928410217165947,23.0,68.0,20.0,51.0,73.0,23.0,1.0
32.7955764486,-117.2303464172,2025-05-24 16:49:33+00:00,Selasphorus sasin,Allen's Hummingbird,Aves,2.0,3.433441400527954,74.34697723388672,0.1708993762731552,22.0,39.0,20.0,51.0,73.0,23.0,1.0
32.7958533333,-117.2305583333,2025-12-14 18:45:54+00:00,Selasphorus sasin,Allen's Hummingbird,Aves,4.0,4.404741287231445,90.0,0.1194462776184082,23.0,50.0,20.0,51.0,73.0,23.0,1.0
32.7955030297,-117.230422231,2025-12-16 20:11:39+00:00,Selasphorus sasin,Allen's Hummingbird,Aves,4.0,4.404727935791016,90.0,0.13322186470031738,22.0,38.0,20.0,51.0,73.0,23.0,1.0
32.7932100372,-117.2298078447,2026-01-17 19:34:00+00:00,Selasphorus sasin,Allen's Hummingbird,Aves,1.0,1.4410752058029175,49.9485969543457,0.19605720043182373,95.0,0.0,20.0,50.0,72.0,23.0,1.0
32.7925185558,-117.2299643397,2026-01-17 21:30:00+00:00,Selasphorus sasin,Allen's Hummingbird,Aves,-3.0,0.9274099469184875,180.0,0.2244354784488678,95.0,0.0,20.0,49.0,72.0,24.0,1.0
32.7959654209,-117.2305152487,2026-01-21 21:50:00+00:00,Selasphorus sasin,Allen's Hummingbird,Aves,4.0,2.205636501312256,90.0,0.0928410217165947,23.0,68.0,20.0,51.0,73.0,23.0,1.0
32.7959866667,-117.2303916667,2026-01-21 22:53:01+00:00,Selasphorus sasin,Allen's Hummingbird,Aves,3.0,2.1573052406311035,149.25535583496094,0.10808767378330231,23.0,61.0,20.0,51.0,73.0,23.0,1.0
32.7959103669,-117.2303639352,2025-04-26 17:56:49+00:00,Senecio vulgaris,common groundsel,Plantae,3.0,2.1573052406311035,149.25535583496094,0.10808767378330231,23.0,61.0,20.0,51.0,73.0,23.0,1.0
32.7906666197,-117.232165867,2022-12-12 22:25:00+00:00,Setophaga coronata,Yellow-rumped Warbler,Aves,8.0,6.154697418212891,116.76608276367188,0.07844877988100052,23.0,62.0,-2.0,51.0,72.0,22.0,1.0
32.7957858057,-117.2302176644,2023-01-21 15:38:00+00:00,Setophaga coronata,Yellow-rumped Warbler,Aves,2.0,3.4334511756896973,105.6529769897461,0.16354915499687195,22.0,31.0,20.0,51.0,73.0,23.0,1.0
32.795631,-117.230262,2023-01-21 18:10:00+00:00,Setophaga coronata,Yellow-rumped Warbler,Aves,2.0,3.4334511756896973,105.6529769897461,0.16354915499687195,22.0,31.0,20.0,51.0,73.0,23.0,1.0
32.7959492537,-117.2287196016,2023-02-04 16:51:00+00:00,Setophaga coronata,Yellow-rumped Warbler,Aves,2.0,4.6273674964904785,180.0,0.1663312166929245,21.0,15.0,20.0,49.0,73.0,21.0,1.0
32.7957525,-117.2305618083,2023-02-04 19:04:00+00:00,Setophaga coronata,Yellow-rumped Warbler,Aves,4.0,4.404741287231445,90.0,0.1194462776184082,23.0,50.0,20.0,51.0,73.0,23.0,1.0
32.7958590025,-117.2307256983,2025-05-24 16:27:02+00:00,Sisymbrium irio,London rocket,Plantae,6.0,4.5005645751953125,78.13190460205078,0.06891442090272903,24.0,80.0,20.0,51.0,73.0,23.0,1.0
32.7951850891,-117.2304763794,2018-05-25 20:12:11+00:00,Sisyrinchium bellum,western blue-eyed grass,Plantae,4.0,3.433431386947632,74.34693145751953,0.1391647309064865,22.0,42.0,20.0,51.0,73.0,23.0,1.0
32.78933,-117.2316283333,2022-04-27 20:02:57+00:00,Solanum nigrum,black nightshade,Plantae,1.0,3.433213233947754,74.34590911865234,0.07006639242172241,23.0,62.0,-2.0,51.0,72.0,22.0,1.0
32.7893368,-117.2316146997,2022-04-27 21:15:42+00:00,Solanum nigrum,black nightshade,Plantae,1.0,3.433213233947754,74.34590911865234,0.07006639242172241,23.0,62.0,-2.0,51.0,72.0,22.0,1.0
32.7959777778,-117.2300555556,2023-06-20 18:00:00+00:00,Solanum nigrum,black nightshade,Plantae,3.0,2.7802884578704834,180.0,0.12967248260974884,23.0,60.0,20.0,51.0,73.0,23.0,1.0
32.7901833333,-117.230605,2024-03-23 17:17:18+00:00,Solanum nigrum,Black Nightshade Complex,Plantae,0.0,2.157266616821289,149.25709533691406,0.08216650038957596,23.0,65.0,-2.0,0.0,0.0,0.0,1.0
32.7959866667,-117.2306616667,2024-04-28 01:41:26+00:00,Solanum nigrum,black nightshade,Plantae,4.0,2.205636501312256,90.0,0.0928410217165947,23.0,68.0,20.0,51.0,73.0,23.0,1.0
32.7902333333,-117.2306966667,2024-04-30 21:34:55+00:00,Solanum nigrum,Black Nightshade Complex,Plantae,1.0,4.404467582702637,270.0,0.17883774638175964,23.0,63.0,-2.0,0.0,0.0,0.0,1.0
32.79022396,-117.23053899,2024-05-11 17:09:40+00:00,Solanum nigrum,black nightshade,Plantae,2.0,2.1572682857513428,149.2570037841797,0.14154265820980072,23.0,56.0,-2.0,0.0,0.0,0.0,1.0
32.7902133333,-117.2306216667,2025-02-01 21:11:23+00:00,Solanum nigrum,black nightshade,Plantae,0.0,2.157266616821289,149.25709533691406,0.08216650038957596,23.0,65.0,-2.0,0.0,0.0,0.0,1.0
32.7902111111,-117.2305972222,2025-02-01 22:12:00+00:00,Solanum nigrum,black nightshade,Plantae,0.0,2.157266616821289,149.25709533691406,0.08216650038957596,23.0,65.0,-2.0,0.0,0.0,0.0,1.0
32.7951127978,-117.230402234,2025-06-05 21:12:53+00:00,Solanum nigrum,black nightshade,Plantae,3.0,2.880366325378418,49.949214935302734,0.1823185831308365,22.0,42.0,20.0,51.0,73.0,23.0,1.0
32.7958638642,-117.2305832058,2025-09-09 19:19:09+00:00,Solanum nigrum,black nightshade,Plantae,4.0,4.404741287231445,90.0,0.1194462776184082,23.0,50.0,20.0,51.0,73.0,23.0,1.0
32.7961840717,-117.22957366,2023-07-30 03:51:00+00:00,Solenopsis molesta,Molesta-group Thief Ants,Insecta,4.0,3.546776294708252,218.4173583984375,0.1059708297252655,23.0,75.0,20.0,51.0,73.0,23.0,1.0
32.7905166667,-117.2301166667,2022-04-27 20:30:41+00:00,Solenopsis xyloni,Southern Fire Ant,Insecta,1.0,1.4410488605499268,49.947715759277344,0.12852990627288818,22.0,49.0,-2.0,0.0,0.0,0.0,1.0
32.7903633333,-117.2307583333,2024-04-30 21:28:58+00:00,Sonchus,sow thistles,Plantae,1.0,4.404467582702637,270.0,0.17883774638175964,23.0,63.0,-2.0,0.0,0.0,0.0,1.0
32.7959033352,-117.230517005,2025-04-26 17:44:43+00:00,Sonchus,sow thistles,Plantae,4.0,2.205636501312256,90.0,0.0928410217165947,23.0,68.0,20.0,51.0,73.0,23.0,1.0
32.7893027617,-117.2315596138,2019-03-06 20:41:35+00:00,Sonchus asper,prickly sowthistle,Plantae,1.0,3.433213233947754,74.34590911865234,0.07006639242172241,23.0,62.0,-2.0,51.0,72.0,22.0,1.0
32.7898481584,-117.2310613208,2020-03-11 22:17:03+00:00,Sonchus asper,prickly sowthistle,Plantae,1.0,1.4410409927368164,130.05255126953125,0.14953842759132385,23.0,58.0,-2.0,0.0,0.0,0.0,1.0
32.7952323722,-117.2303137272,2024-03-09 01:17:14+00:00,Sonchus asper,prickly sowthistle,Plantae,3.0,2.880366325378418,49.949214935302734,0.1823185831308365,22.0,42.0,20.0,51.0,73.0,23.0,1.0
32.7957011386,-117.2291394556,2025-04-26 17:30:24+00:00,Sonchus asper,prickly sowthistle,Plantae,1.0,2.9905333518981934,158.36972045898438,0.18014676868915558,22.0,36.0,20.0,51.0,73.0,23.0,1.0
32.79605,-117.2302866667,2021-11-06 23:05:51+00:00,Sonchus oleraceus,Common Sow-thistle,Plantae,3.0,2.1573052406311035,149.25535583496094,0.10808767378330231,23.0,61.0,20.0,51.0,73.0,23.0,1.0
32.79594265,-117.22859274,2022-02-05 23:26:00+00:00,Sonchus oleraceus,Common Sow-thistle,Plantae,2.0,4.6273674964904785,180.0,0.1663312166929245,21.0,15.0,20.0,49.0,73.0,21.0,1.0
32.7958416667,-117.2304694444,2023-06-20 18:00:00+00:00,Sonchus oleraceus,Common Sow-thistle,Plantae,4.0,4.404741287231445,90.0,0.1194462776184082,23.0,50.0,20.0,51.0,73.0,23.0,1.0
32.7960277778,-117.2300333333,2024-06-20 22:46:00+00:00,Sonchus oleraceus,Common Sow-thistle,Plantae,3.0,2.7802884578704834,180.0,0.12967248260974884,23.0,60.0,20.0,51.0,73.0,23.0,1.0
32.7959012031,-117.2305383577,2025-04-26 17:43:44+00:00,Sonchus oleraceus,Common Sow-thistle,Plantae,4.0,2.205636501312256,90.0,0.0928410217165947,23.0,68.0,20.0,51.0,73.0,23.0,1.0
32.7959074499,-117.2305426375,2025-05-24 16:23:06+00:00,Sonchus oleraceus,Common Sow-thistle,Plantae,4.0,2.205636501312256,90.0,0.0928410217165947,23.0,68.0,20.0,51.0,73.0,23.0,1.0
32.7913883333,-117.229355,2018-04-11 20:39:47+00:00,Spartina,cord-grasses,Plantae,1.0,2.3922181129455566,292.7981872558594,0.1820506900548935,95.0,0.0,-2.0,49.0,72.0,24.0,1.0
32.7913000435,-117.2292748747,2018-04-11 21:00:08+00:00,Spartina,cord-grasses,Plantae,2.0,2.157275438308716,329.2566833496094,0.20044872164726257,95.0,0.0,-2.0,49.0,72.0,24.0,1.0
32.7913166667,-117.229675,2020-03-04 21:32:00+00:00,Spartina,cord-grasses,Plantae,0.0,3.306239604949951,270.0,0.1820506900548935,95.0,0.0,-2.0,49.0,72.0,24.0,1.0
32.7909867284,-117.228570573,2024-01-31 21:24:51+00:00,Spartina,cord-grasses,Plantae,3.0,3.5466909408569336,141.58438110351562,0.13433071970939636,11.0,0.0,-2.0,48.0,70.0,23.0,1.0
32.7955033333,-117.230155,2024-04-27 22:54:38+00:00,Spartina,cord-grasses,Plantae,2.0,3.433441400527954,74.34697723388672,0.1708993762731552,22.0,39.0,20.0,51.0,73.0,23.0,1.0
32.7944317854,-117.2281763061,2025-02-11 22:20:02+00:00,Spartina,cord-grasses,Plantae,0.0,0.9274099469184875,180.0,0.1748141199350357,21.0,16.0,20.0,47.0,71.0,24.0,1.0
32.7944416667,-117.2277133333,2025-02-11 22:29:16+00:00,Spartina,cord-grasses,Plantae,1.0,1.1032062768936157,270.0,0.15007136762142181,95.0,0.0,20.0,47.0,71.0,24.0,1.0
32.7934076,-117.228756,2013-01-09 15:21:19+00:00,Spatula discors,Blue-winged Teal,Aves,-1.0,0.9274099469184875,180.0,0.1348302960395813,95.0,0.0,20.0,47.0,71.0,24.0,1.0
32.795975,-117.230077,2022-01-29 19:41:10+00:00,Spergularia,Sand-Spurries,Plantae,3.0,2.7802884578704834,180.0,0.12967248260974884,23.0,60.0,20.0,51.0,73.0,23.0,1.0
32.7959430598,-117.2300584987,2025-05-16 21:14:39+00:00,Spergularia,Sand-Spurries,Plantae,3.0,2.7802884578704834,180.0,0.12967248260974884,23.0,60.0,20.0,51.0,73.0,23.0,1.0
32.7900361111,-117.2309111111,2024-04-11 21:38:00+00:00,Spergularia macrotheca,Sticky Sand-Spurrey,Plantae,1.0,1.4410436153411865,130.05245971679688,0.1472601294517517,23.0,68.0,-2.0,0.0,0.0,0.0,1.0
32.7950366667,-117.2291333333,2024-04-27 23:39:55+00:00,Spergularia marina,Saltmarsh Sand Spurry,Plantae,-2.0,1.4410910606384277,49.94912338256836,0.18366976082324982,95.0,0.0,20.0,50.0,72.0,23.0,1.0
32.7924549033,-117.2311327805,2025-03-16 20:38:00+00:00,Spinus psaltria,Lesser Goldfinch,Aves,0.0,5.2028489112854,122.23053741455078,0.18414336442947388,21.0,12.0,20.0,49.0,72.0,24.0,1.0
32.79138,-117.2293166667,2018-04-11 20:39:25+00:00,Sporobolus foliosus,California Cordgrass,Plantae,2.0,2.157275438308716,329.2566833496094,0.20044872164726257,95.0,0.0,-2.0,49.0,72.0,24.0,1.0
32.7911383333,-117.2301866667,2018-04-11 21:16:58+00:00,Sporobolus foliosus,California Cordgrass,Plantae,-1.0,1.8543341159820557,-0.0,0.09041575342416763,95.0,0.0,-2.0,49.0,72.0,24.0,1.0
32.791445,-117.230695,2018-08-22 20:40:00+00:00,Sporobolus foliosus,California Cordgrass,Plantae,-1.0,1.8543341159820557,180.0,0.19290779531002045,95.0,0.0,-2.0,49.0,72.0,24.0,1.0
32.7910862408,-117.2302247806,2019-03-06 21:27:06+00:00,Sporobolus foliosus,California Cordgrass,Plantae,-1.0,1.8543341159820557,-0.0,0.09041575342416763,95.0,0.0,-2.0,49.0,72.0,24.0,1.0
32.7912527778,-117.2293166667,2021-05-05 20:37:00+00:00,Sporobolus foliosus,California Cordgrass,Plantae,3.0,2.3922119140625,292.7982482910156,0.085202157497406,11.0,0.0,-2.0,49.0,72.0,24.0,1.0
32.7911116667,-117.2289883333,2021-05-05 20:42:39+00:00,Sporobolus foliosus,California Cordgrass,Plantae,4.0,0.9274099469184875,-0.0,0.1848616600036621,95.0,0.0,-2.0,48.0,70.0,23.0,1.0
32.791135634,-117.2289620287,2022-04-27 20:48:48+00:00,Sporobolus foliosus,California Cordgrass,Plantae,4.0,0.9274099469184875,-0.0,0.1848616600036621,95.0,0.0,-2.0,48.0,70.0,23.0,1.0
32.79073,-117.228355,2023-01-25 21:31:37+00:00,Sporobolus foliosus,California Cordgrass,Plantae,0.0,0.9274099469184875,180.0,0.01826682686805725,11.0,0.0,-2.0,0.0,0.0,0.0,1.0
32.79097,-117.2286,2024-01-31 21:23:04+00:00,Sporobolus foliosus,California Cordgrass,Plantae,3.0,3.5466909408569336,141.58438110351562,0.13433071970939636,11.0,0.0,-2.0,48.0,70.0,23.0,1.0
32.7909929208,-117.2297117622,2024-01-31 21:30:00+00:00,Sporobolus foliosus,California Cordgrass,Plantae,1.0,2.3922054767608643,292.7983093261719,0.05830712243914604,23.0,67.0,-2.0,49.0,72.0,24.0,1.0
32.7908963,-117.2269141997,2024-01-31 21:57:18+00:00,Sporobolus foliosus,California Cordgrass,Plantae,0.0,0.9274099469184875,180.0,0.09833472967147827,95.0,0.0,-2.0,49.0,71.0,23.0,1.0
32.791145565,-117.2301847303,2024-05-11 17:20:31+00:00,Sporobolus foliosus,California Cordgrass,Plantae,-1.0,1.8543341159820557,-0.0,0.09041575342416763,95.0,0.0,-2.0,49.0,72.0,24.0,1.0
32.7945153809,-117.2283705987,2024-09-26 18:21:27+00:00,Sporobolus foliosus,California Cordgrass,Plantae,0.0,1.8543341159820557,180.0,0.17788663506507874,21.0,12.0,20.0,47.0,71.0,24.0,1.0
32.7955383333,-117.2290033333,2025-02-11 22:04:12+00:00,Sporobolus foliosus,California Cordgrass,Plantae,-1.0,2.157301902770996,149.25552368164062,0.19442236423492432,22.0,38.0,20.0,49.0,73.0,21.0,1.0
32.7944703124,-117.2276175956,2025-02-11 22:18:33+00:00,Sporobolus foliosus,California Cordgrass,Plantae,1.0,1.1032062768936157,270.0,0.15007136762142181,95.0,0.0,20.0,47.0,71.0,24.0,1.0
32.7944366667,-117.227745,2025-02-11 22:29:12+00:00,Sporobolus foliosus,California Cordgrass,Plantae,0.0,1.1032062768936157,270.0,0.15007136762142181,22.0,25.0,20.0,47.0,71.0,24.0,1.0
32.7924549033,-117.2311327805,2025-03-16 19:52:00+00:00,Sporobolus foliosus,California Cordgrass,Plantae,0.0,5.2028489112854,122.23053741455078,0.18414336442947388,21.0,12.0,20.0,49.0,72.0,24.0,1.0
32.7924549033,-117.2311327805,2025-03-16 20:31:00+00:00,Sporobolus foliosus,California Cordgrass,Plantae,0.0,5.2028489112854,122.23053741455078,0.18414336442947388,21.0,12.0,20.0,49.0,72.0,24.0,1.0
32.7957043,-117.2305147,2025-04-26 17:31:00+00:00,Sporobolus foliosus,California Cordgrass,Plantae,4.0,4.404741287231445,90.0,0.1194462776184082,23.0,50.0,20.0,51.0,73.0,23.0,1.0
32.7912722222,-117.2302305556,2025-07-02 18:40:00+00:00,Sporobolus foliosus,California Cordgrass,Plantae,-1.0,1.8543341159820557,-0.0,0.09041575342416763,95.0,0.0,-2.0,49.0,72.0,24.0,1.0
32.7915444444,-117.2305583333,2025-07-02 18:48:00+00:00,Sporobolus foliosus,California Cordgrass,Plantae,-1.0,1.1031683683395386,90.0,0.1251722127199173,95.0,0.0,-2.0,49.0,72.0,24.0,1.0
32.7893138889,-117.2316527778,2025-07-12 15:25:00+00:00,Sporobolus foliosus,California Cordgrass,Plantae,1.0,3.433213233947754,74.34590911865234,0.07006639242172241,23.0,62.0,-2.0,51.0,72.0,22.0,1.0
32.7911805556,-117.230125,2025-07-12 17:04:00+00:00,Sporobolus foliosus,California Cordgrass,Plantae,-1.0,1.4410542249679565,310.0521240234375,0.11681777983903885,95.0,0.0,-2.0,49.0,72.0,24.0,1.0
32.79529563,-117.23026968,2025-10-09 19:57:02+00:00,Sporobolus foliosus,California Cordgrass,Plantae,3.0,2.880366325378418,49.949214935302734,0.1823185831308365,22.0,42.0,20.0,51.0,73.0,23.0,1.0
32.794765304,-117.2295174372,2025-10-16 19:54:44+00:00,Sporobolus foliosus,California Cordgrass,Plantae,-1.0,1.1032097339630127,90.0,0.19309589266777039,95.0,0.0,20.0,50.0,72.0,23.0,1.0
32.7951804018,-117.2300430532,2025-10-25 17:38:04+00:00,Sporobolus foliosus,California Cordgrass,Plantae,2.0,2.880366325378418,49.949214935302734,0.18346251547336578,22.0,21.0,20.0,51.0,73.0,23.0,1.0
32.7954507564,-117.2301976565,2025-12-16 20:15:02+00:00,Sporobolus foliosus,California Cordgrass,Plantae,2.0,3.433441400527954,74.34697723388672,0.1708993762731552,22.0,39.0,20.0,51.0,73.0,23.0,1.0
32.79472,-117.2277066667,2026-01-21 21:56:00+00:00,Sporobolus foliosus,California Cordgrass,Plantae,1.0,2.39229416847229,247.20257568359375,0.12678247690200806,22.0,45.0,20.0,47.0,71.0,24.0,1.0
32.7944805556,-117.2276694444,2026-01-21 22:04:00+00:00,Sporobolus foliosus,California Cordgrass,Plantae,1.0,1.1032062768936157,270.0,0.15007136762142181,95.0,0.0,20.0,47.0,71.0,24.0,1.0
32.794483,-117.227717,2026-01-21 22:10:00+00:00,Sporobolus foliosus,California Cordgrass,Plantae,1.0,1.1032062768936157,270.0,0.15007136762142181,95.0,0.0,20.0,47.0,71.0,24.0,1.0
32.7942283333,-117.227555,2026-01-21 22:18:51+00:00,Sporobolus foliosus,California Cordgrass,Plantae,1.0,1.1032028198242188,270.0,0.17474384605884552,95.0,0.0,20.0,47.0,71.0,24.0,1.0
32.794603546,-117.2283315218,2026-01-21 22:36:51+00:00,Sporobolus foliosus,California Cordgrass,Plantae,1.0,0.9274099469184875,180.0,0.14540407061576843,22.0,40.0,20.0,47.0,71.0,24.0,1.0
32.7956468784,-117.2279496375,2026-01-21 22:54:00+00:00,Sporobolus foliosus,California Cordgrass,Plantae,5.0,3.4334511756896973,254.34701538085938,0.19884878396987915,22.0,48.0,20.0,49.0,73.0,21.0,1.0
32.7957883333,-117.230095,2025-09-10 17:24:53+00:00,Stagmomantis californica,California Mantis,Insecta,1.0,2.15730357170105,149.25543212890625,0.19868019223213196,22.0,40.0,20.0,51.0,73.0,23.0,1.0
32.795903261,-117.2292563392,2023-08-23 03:03:00+00:00,Steatoda grossa,False Black Widow,Arachnida,3.0,4.755953311920166,193.3832244873047,0.10409373044967651,22.0,49.0,20.0,51.0,73.0,23.0,1.0
32.7959594727,-117.2303009033,2020-01-26 22:33:55+00:00,Steatoda nobilis,Noble False Widow,Arachnida,3.0,2.1573052406311035,149.25535583496094,0.10808767378330231,23.0,61.0,20.0,51.0,73.0,23.0,1.0
32.7962,-117.22912,2024-01-05 20:38:35+00:00,Steatoda nobilis,Noble False Widow,Arachnida,6.0,3.546776294708252,218.4173583984375,0.12202238291501999,23.0,63.0,20.0,51.0,73.0,23.0,1.0
32.7957027778,-117.2305166667,2024-10-16 15:57:59+00:00,Steatoda nobilis,Noble False Widow,Arachnida,4.0,4.404741287231445,90.0,0.1194462776184082,23.0,50.0,20.0,51.0,73.0,23.0,1.0
32.7958755493,-117.2305679321,2025-11-09 18:39:08+00:00,Steatoda nobilis,Noble False Widow,Arachnida,4.0,2.205636501312256,90.0,0.0928410217165947,23.0,68.0,20.0,51.0,73.0,23.0,1.0
32.7955989419,-117.2288820004,2025-02-01 16:46:00+00:00,Stelgidopteryx serripennis,Northern Rough-winged Swallow,Aves,-1.0,2.157301902770996,149.25552368164062,0.19442236423492432,22.0,38.0,20.0,49.0,73.0,21.0,1.0
32.7896083333,-117.2311083333,2022-04-27 20:12:03+00:00,Sterna forsteri,Forster's Tern,Aves,0.0,1.4410383701324463,130.05264282226562,0.06408825516700745,24.0,81.0,-2.0,0.0,0.0,0.0,1.0
32.7911391948,-117.2301810422,2024-05-11 17:17:39+00:00,Sterna forsteri,Forster's Tern,Aves,-1.0,1.8543341159820557,-0.0,0.09041575342416763,95.0,0.0,-2.0,49.0,72.0,24.0,1.0
32.7941436979,-117.229309082,2022-04-27 20:51:36+00:00,Sterninae,True Terns,Aves,0.0,1.4410831928253174,229.94886779785156,0.18536525964736938,95.0,0.0,20.0,50.0,72.0,23.0,1.0
32.7907361111,-117.22985,2023-08-12 17:40:37+00:00,Sterninae,True Terns,Aves,1.0,1.4410488605499268,130.0522918701172,0.0012941418681293726,23.0,71.0,-2.0,0.0,0.0,0.0,1.0
32.795990056,-117.2303992167,2023-01-21 18:33:41+00:00,Stigmella prunifoliella,,Insecta,3.0,2.1573052406311035,149.25535583496094,0.10808767378330231,23.0,61.0,20.0,51.0,73.0,23.0,1.0
32.789845,-117.2310716667,2024-02-21 23:35:23+00:00,Strongylocentrotus purpuratus,Pacific Purple Sea Urchin,Animalia,1.0,1.4410409927368164,130.05255126953125,0.14953842759132385,23.0,58.0,-2.0,0.0,0.0,0.0,1.0
32.7895500148,-117.2322579763,2020-01-11 19:37:00+00:00,Sturnella neglecta,Western Meadowlark,Aves,4.0,10.82621955871582,53.66242980957031,0.13233546912670135,22.0,49.0,-2.0,51.0,72.0,22.0,1.0
32.7925887265,-117.2311966622,2020-11-11 09:33:09+00:00,Sturnella neglecta,Western Meadowlark,Aves,0.0,5.2028489112854,122.23053741455078,0.18414336442947388,21.0,12.0,20.0,49.0,72.0,24.0,1.0
32.7906805556,-117.2318222222,2020-09-27 16:47:00+00:00,Sturnus vulgaris,European Starling,Aves,4.0,9.998680114746094,100.58159637451172,0.12075749039649963,22.0,37.0,-2.0,51.0,72.0,22.0,1.0
32.7955504052,-117.2300987088,2023-01-21 15:34:00+00:00,Sturnus vulgaris,European Starling,Aves,1.0,1.441096305847168,49.949302673339844,0.180143803358078,22.0,39.0,20.0,51.0,73.0,23.0,1.0
32.7956156585,-117.2298815666,2025-05-04 17:42:00+00:00,Sturnus vulgaris,European Starling,Aves,1.0,2.15730357170105,149.25543212890625,0.19868019223213196,22.0,40.0,20.0,51.0,73.0,23.0,1.0
32.7953700878,-117.2302231193,2017-12-21 22:10:57+00:00,Suaeda,Seepweeds,Plantae,2.0,3.433441400527954,74.34697723388672,0.1708993762731552,22.0,39.0,20.0,51.0,73.0,23.0,1.0
32.7908667829,-117.2298030184,2020-03-11 22:38:28+00:00,Suaeda,Seepweeds,Plantae,1.0,2.3922054767608643,292.7983093261719,0.05830712243914604,23.0,67.0,-2.0,49.0,72.0,24.0,1.0
32.7912527778,-117.230125,2025-02-01 21:56:00+00:00,Suaeda,Seepweeds,Plantae,-1.0,1.4410542249679565,310.0521240234375,0.11681777983903885,95.0,0.0,-2.0,49.0,72.0,24.0,1.0
32.7910833333,-117.2296222222,2025-02-01 22:03:00+00:00,Suaeda,Seepweeds,Plantae,0.0,3.4332826137542725,285.6537780761719,0.07399355620145798,11.0,0.0,-2.0,49.0,72.0,24.0,1.0
32.7900083333,-117.2311388889,2025-02-01 22:30:00+00:00,Suaeda,Seepweeds,Plantae,1.0,4.315861225128174,310.0524597167969,0.1575649529695511,23.0,68.0,-2.0,0.0,0.0,0.0,1.0
32.7959133333,-117.2280666667,2025-11-09 20:10:52+00:00,Suaeda,Seepweeds,Plantae,4.0,2.3923258781433105,247.20289611816406,0.15577995777130127,22.0,43.0,20.0,49.0,73.0,21.0,1.0
32.7956916667,-117.2291805556,2026-01-21 22:40:00+00:00,Suaeda,Seepweeds,Plantae,1.0,2.9905333518981934,158.36972045898438,0.18014676868915558,22.0,36.0,20.0,51.0,73.0,23.0,1.0
32.79565,-117.229317,2026-01-21 22:47:00+00:00,Suaeda,Seepweeds,Plantae,1.0,2.9905333518981934,158.36972045898438,0.18014676868915558,22.0,36.0,20.0,51.0,73.0,23.0,1.0
32.7913966667,-117.229355,2018-04-11 20:55:36+00:00,Suaeda esteroa,Estuary Seablite,Plantae,1.0,2.3922181129455566,292.7981872558594,0.1820506900548935,95.0,0.0,-2.0,49.0,72.0,24.0,1.0
32.791229,-117.230695,2018-04-12 20:30:00+00:00,Suaeda esteroa,Estuary Seablite,Plantae,-2.0,1.1031649112701416,270.0,0.20011571049690247,22.0,25.0,-2.0,49.0,72.0,24.0,1.0
32.7911866667,-117.2298583333,2019-03-06 20:58:27+00:00,Suaeda esteroa,Estuary Seablite,Plantae,0.0,3.4332826137542725,285.6537780761719,0.07399355620145798,11.0,0.0,-2.0,49.0,72.0,24.0,1.0
32.7912392328,-117.2297987436,2019-03-06 21:09:11+00:00,Suaeda esteroa,Estuary Seablite,Plantae,0.0,3.4332826137542725,285.6537780761719,0.07399355620145798,11.0,0.0,-2.0,49.0,72.0,24.0,1.0
32.7910727874,-117.229815855,2019-03-06 21:29:46+00:00,Suaeda esteroa,Estuary Seablite,Plantae,0.0,3.4332826137542725,285.6537780761719,0.07399355620145798,11.0,0.0,-2.0,49.0,72.0,24.0,1.0
32.7899444383,-117.2310582922,2019-04-11 15:47:37+00:00,Suaeda esteroa,Estuary Seablite,Plantae,1.0,1.4410409927368164,130.05255126953125,0.14953842759132385,23.0,58.0,-2.0,0.0,0.0,0.0,1.0
32.7908619037,-117.2299146153,2020-03-11 22:38:21+00:00,Suaeda esteroa,Estuary Seablite,Plantae,-1.0,2.1572718620300293,329.2568664550781,0.16060450673103333,23.0,67.0,-2.0,49.0,72.0,24.0,1.0
32.7954177856,-117.23021698,2021-03-22 18:41:29+00:00,Suaeda esteroa,Estuary Seablite,Plantae,2.0,3.433441400527954,74.34697723388672,0.1708993762731552,22.0,39.0,20.0,51.0,73.0,23.0,1.0
32.79485,-117.2293866667,2023-01-30 18:04:09+00:00,Suaeda esteroa,Estuary Seablite,Plantae,-1.0,3.3063735961914062,90.0,0.19011558592319489,95.0,0.0,20.0,50.0,72.0,23.0,1.0
32.795295,-117.2288283333,2023-02-04 19:22:51+00:00,Suaeda esteroa,Estuary Seablite,Plantae,-2.0,1.4410936832427979,229.94921875,0.17733633518218994,22.0,20.0,20.0,49.0,73.0,21.0,1.0
32.7957203895,-117.2282923153,2023-02-04 21:04:00+00:00,Suaeda esteroa,Estuary Seablite,Plantae,0.0,3.7888824939727783,240.73355102539062,0.16690227389335632,22.0,31.0,20.0,49.0,73.0,21.0,1.0
32.7948376087,-117.2293255138,2023-02-04 22:22:00+00:00,Suaeda esteroa,Estuary Seablite,Plantae,-2.0,1.4410910606384277,49.94912338256836,0.18366976082324982,95.0,0.0,20.0,50.0,72.0,23.0,1.0
32.7923883333,-117.2313833333,2024-01-27 22:57:36+00:00,Suaeda esteroa,Estuary Seablite,Plantae,3.0,8.505062103271484,115.65796661376953,0.18414336442947388,23.0,67.0,20.0,39.0,75.0,31.0,1.0
32.7922945213,-117.2308641576,2024-01-27 23:07:05+00:00,Suaeda esteroa,Estuary Seablite,Plantae,-2.0,0.0,-0.0,0.20666207373142242,95.0,0.0,20.0,49.0,72.0,24.0,1.0
32.7909611111,-117.2285333333,2024-01-31 21:31:48+00:00,Suaeda esteroa,Estuary Seablite,Plantae,3.0,3.5466909408569336,141.58438110351562,0.13433071970939636,11.0,0.0,-2.0,48.0,70.0,23.0,1.0
32.7955283333,-117.2302116667,2024-04-27 22:29:40+00:00,Suaeda esteroa,Estuary Seablite,Plantae,2.0,3.433441400527954,74.34697723388672,0.1708993762731552,22.0,39.0,20.0,51.0,73.0,23.0,1.0
32.79117108,-117.23009174,2024-05-11 17:20:49+00:00,Suaeda esteroa,Estuary Seablite,Plantae,-1.0,1.4410542249679565,310.0521240234375,0.11681777983903885,95.0,0.0,-2.0,49.0,72.0,24.0,1.0
32.7912131,-117.2296601,2024-09-13 22:12:01+00:00,Suaeda esteroa,Estuary Seablite,Plantae,0.0,3.4332826137542725,285.6537780761719,0.07399355620145798,11.0,0.0,-2.0,49.0,72.0,24.0,1.0
32.79002,-117.2307366667,2024-12-15 16:52:25+00:00,Suaeda esteroa,Estuary Seablite,Plantae,1.0,1.4410436153411865,130.05245971679688,0.1472601294517517,23.0,68.0,-2.0,0.0,0.0,0.0,1.0
32.7899388889,-117.2309416667,2025-02-01 21:49:00+00:00,Suaeda esteroa,Estuary Seablite,Plantae,0.0,1.4410409927368164,130.05255126953125,0.0661247968673706,23.0,73.0,-2.0,0.0,0.0,0.0,1.0
32.7906742087,-117.2299611011,2025-02-01 21:56:11+00:00,Suaeda esteroa,Estuary Seablite,Plantae,1.0,1.4410488605499268,49.947715759277344,0.12852990627288818,22.0,49.0,-2.0,0.0,0.0,0.0,1.0
32.790061,-117.2308979997,2025-02-08 18:12:43+00:00,Suaeda esteroa,Estuary Seablite,Plantae,1.0,1.4410436153411865,130.05245971679688,0.1472601294517517,23.0,68.0,-2.0,0.0,0.0,0.0,1.0
32.7951308997,-117.2288991,2025-02-10 23:21:27+00:00,Suaeda esteroa,Estuary Seablite,Plantae,-2.0,1.4410936832427979,229.94921875,0.17733633518218994,22.0,20.0,20.0,49.0,73.0,21.0,1.0
32.7957416667,-117.2290416667,2025-02-11 21:57:00+00:00,Suaeda esteroa,Estuary Seablite,Plantae,0.0,3.8646881580352783,163.43728637695312,0.20311467349529266,22.0,39.0,20.0,49.0,73.0,21.0,1.0
32.7956366667,-117.229325,2025-02-11 22:07:38+00:00,Suaeda esteroa,Estuary Seablite,Plantae,1.0,2.9905333518981934,158.36972045898438,0.18014676868915558,22.0,36.0,20.0,51.0,73.0,23.0,1.0
32.7945508808,-117.2276495398,2025-02-11 22:20:13+00:00,Suaeda esteroa,Estuary Seablite,Plantae,1.0,2.39229416847229,247.20257568359375,0.12678247690200806,22.0,45.0,20.0,47.0,71.0,24.0,1.0
32.7957166667,-117.22902,2025-02-11 22:37:42+00:00,Suaeda esteroa,Estuary Seablite,Plantae,0.0,3.8646881580352783,163.43728637695312,0.20311467349529266,22.0,39.0,20.0,49.0,73.0,21.0,1.0
32.7924549033,-117.2311327805,2025-03-16 20:31:00+00:00,Suaeda esteroa,Estuary Seablite,Plantae,0.0,5.2028489112854,122.23053741455078,0.18414336442947388,21.0,12.0,20.0,49.0,72.0,24.0,1.0
32.7959932387,-117.2280039267,2025-04-26 17:41:26+00:00,Suaeda esteroa,Estuary Seablite,Plantae,4.0,2.3923258781433105,247.20289611816406,0.15577995777130127,22.0,43.0,20.0,49.0,73.0,21.0,1.0
32.7911305556,-117.2296444444,2025-05-10 16:25:59+00:00,Suaeda esteroa,Estuary Seablite,Plantae,0.0,3.4332826137542725,285.6537780761719,0.07399355620145798,11.0,0.0,-2.0,49.0,72.0,24.0,1.0
32.7909459437,-117.2308356673,2025-07-02 19:08:59+00:00,Suaeda esteroa,Estuary Seablite,Plantae,-1.0,4.315885066986084,310.05218505859375,0.17486731708049774,95.0,0.0,-2.0,49.0,72.0,24.0,1.0
32.7900638889,-117.2311166667,2025-07-12 15:27:00+00:00,Suaeda esteroa,Estuary Seablite,Plantae,1.0,4.315861225128174,310.0524597167969,0.1575649529695511,23.0,68.0,-2.0,0.0,0.0,0.0,1.0
32.7952090134,-117.230290352,2025-10-09 19:39:26+00:00,Suaeda esteroa,Estuary Seablite,Plantae,3.0,2.880366325378418,49.949214935302734,0.1823185831308365,22.0,42.0,20.0,51.0,73.0,23.0,1.0
32.7953775041,-117.2300548946,2025-10-25 17:21:06+00:00,Suaeda esteroa,Estuary Seablite,Plantae,1.0,1.441096305847168,49.949302673339844,0.180143803358078,22.0,39.0,20.0,51.0,73.0,23.0,1.0
32.7952549718,-117.2300643816,2025-10-25 17:35:30+00:00,Suaeda esteroa,Estuary Seablite,Plantae,2.0,2.880366325378418,49.949214935302734,0.18346251547336578,22.0,21.0,20.0,51.0,73.0,23.0,1.0
32.7910216667,-117.2297133333,2025-11-08 18:38:58+00:00,Suaeda esteroa,Estuary Seablite,Plantae,1.0,2.3922054767608643,292.7983093261719,0.05830712243914604,23.0,67.0,-2.0,49.0,72.0,24.0,1.0
32.7911578731,-117.2296335806,2025-11-08 18:44:12+00:00,Suaeda esteroa,Estuary Seablite,Plantae,0.0,3.4332826137542725,285.6537780761719,0.07399355620145798,11.0,0.0,-2.0,49.0,72.0,24.0,1.0
32.79572,-117.2290416667,2025-12-13 17:12:19+00:00,Suaeda esteroa,Estuary Seablite,Plantae,0.0,3.8646881580352783,163.43728637695312,0.20311467349529266,22.0,39.0,20.0,49.0,73.0,21.0,1.0
32.79552,-117.2287666667,2026-01-21 21:30:34+00:00,Suaeda esteroa,Estuary Seablite,Plantae,-1.0,2.392313241958618,247.20277404785156,0.16151370108127594,22.0,38.0,20.0,49.0,73.0,21.0,1.0
32.7950783333,-117.2284,2026-01-21 21:40:13+00:00,Suaeda esteroa,Estuary Seablite,Plantae,1.0,4.404714107513428,270.0,0.12865452468395233,23.0,60.0,20.0,49.0,73.0,21.0,1.0
32.794945,-117.2282716667,2026-01-21 21:52:00+00:00,Suaeda esteroa,Estuary Seablite,Plantae,1.0,2.205609083175659,270.0,0.12666849792003632,22.0,41.0,20.0,47.0,71.0,24.0,1.0
32.7944416667,-117.2276166667,2026-01-21 22:08:00+00:00,Suaeda esteroa,Estuary Seablite,Plantae,1.0,1.1032062768936157,270.0,0.15007136762142181,95.0,0.0,20.0,47.0,71.0,24.0,1.0
32.794395,-117.2276083333,2026-01-21 22:13:20+00:00,Suaeda esteroa,Estuary Seablite,Plantae,1.0,1.1032062768936157,270.0,0.15007136762142181,95.0,0.0,20.0,47.0,71.0,24.0,1.0
32.7956666667,-117.229155,2026-01-21 22:40:03+00:00,Suaeda esteroa,Estuary Seablite,Plantae,1.0,2.9905333518981934,158.36972045898438,0.18014676868915558,22.0,36.0,20.0,51.0,73.0,23.0,1.0
32.7957122642,-117.227991503,2026-01-21 22:51:00+00:00,Suaeda esteroa,Estuary Seablite,Plantae,3.0,5.576545715332031,260.45660400390625,0.14933940768241882,22.0,32.0,20.0,49.0,73.0,21.0,1.0
32.7924020961,-117.2314164509,2019-04-11 17:50:44+00:00,Suaeda taxifolia,Woolly Seablite,Plantae,3.0,8.505062103271484,115.65796661376953,0.18414336442947388,23.0,67.0,20.0,39.0,75.0,31.0,1.0
32.7956540979,-117.2296573025,2024-04-04 17:51:53+00:00,Suaeda taxifolia,Woolly Seablite,Plantae,1.0,1.8543341159820557,180.0,0.19704265892505646,22.0,40.0,20.0,51.0,73.0,23.0,1.0
32.7956305556,-117.2295527778,2025-02-11 22:41:00+00:00,Suaeda taxifolia,Woolly Seablite,Plantae,1.0,0.9274099469184875,180.0,0.19704265892505646,22.0,45.0,20.0,51.0,73.0,23.0,1.0
32.7924549033,-117.2311327805,2025-03-16 19:54:00+00:00,Suaeda taxifolia,Woolly Seablite,Plantae,0.0,5.2028489112854,122.23053741455078,0.18414336442947388,21.0,12.0,20.0,49.0,72.0,24.0,1.0
32.7896722222,-117.2309861111,2025-07-12 15:27:00+00:00,Suaeda taxifolia,Woolly Seablite,Plantae,0.0,1.4410383701324463,130.05264282226562,0.06408825516700745,24.0,81.0,-2.0,0.0,0.0,0.0,1.0
32.7903861111,-117.2298166667,2025-07-12 15:32:00+00:00,Suaeda taxifolia,Woolly Seablite,Plantae,0.0,0.9274099469184875,180.0,-0.021889347583055496,23.0,77.0,-2.0,0.0,0.0,0.0,1.0
32.7956616667,-117.2293383333,2025-12-13 17:10:34+00:00,Suaeda taxifolia,Woolly Seablite,Plantae,1.0,0.9274099469184875,180.0,0.19704265892505646,22.0,45.0,20.0,51.0,73.0,23.0,1.0
32.795605,-117.2292633333,2026-01-21 22:41:46+00:00,Suaeda taxifolia,Woolly Seablite,Plantae,1.0,2.9905333518981934,158.36972045898438,0.18014676868915558,22.0,36.0,20.0,51.0,73.0,23.0,1.0
32.79565,-117.229317,2026-01-21 22:48:00+00:00,Suaeda taxifolia,Woolly Seablite,Plantae,1.0,2.9905333518981934,158.36972045898438,0.18014676868915558,22.0,36.0,20.0,51.0,73.0,23.0,1.0
32.7953071594,-117.2303771973,2018-07-20 18:10:52+00:00,Sylvilagus audubonii,Desert Cottontail,Mammalia,3.0,2.880366325378418,49.949214935302734,0.1823185831308365,22.0,42.0,20.0,51.0,73.0,23.0,1.0
32.7959716667,-117.230605,2025-04-26 16:40:32+00:00,Sylvilagus audubonii,Desert Cottontail,Mammalia,4.0,2.205636501312256,90.0,0.0928410217165947,23.0,68.0,20.0,51.0,73.0,23.0,1.0
32.7960133333,-117.23047,2025-05-03 16:08:24+00:00,Sylvilagus audubonii,Desert Cottontail,Mammalia,4.0,2.205636501312256,90.0,0.0928410217165947,23.0,68.0,20.0,51.0,73.0,23.0,1.0
32.7956156585,-117.2298815666,2025-05-04 17:07:00+00:00,Sylvilagus audubonii,Desert Cottontail,Mammalia,1.0,2.15730357170105,149.25543212890625,0.19868019223213196,22.0,40.0,20.0,51.0,73.0,23.0,1.0
32.7959116667,-117.2305366667,2025-05-24 16:03:08+00:00,Sylvilagus audubonii,Desert Cottontail,Mammalia,4.0,2.205636501312256,90.0,0.0928410217165947,23.0,68.0,20.0,51.0,73.0,23.0,1.0
32.7962241131,-117.2294380898,2023-07-30 04:39:00+00:00,Symmoca,,Insecta,4.0,3.546776294708252,218.4173583984375,0.1059708297252655,23.0,75.0,20.0,51.0,73.0,23.0,1.0
32.7961840717,-117.22957366,2023-07-30 04:40:00+00:00,Symmoca signatella,,Insecta,4.0,3.546776294708252,218.4173583984375,0.1059708297252655,23.0,75.0,20.0,51.0,73.0,23.0,1.0
32.795903261,-117.2292563392,2023-07-31 05:03:00+00:00,Symmoca signatella,,Insecta,3.0,4.755953311920166,193.3832244873047,0.10409373044967651,22.0,49.0,20.0,51.0,73.0,23.0,1.0
32.795634655,-117.2305426817,2022-05-14 17:52:00+00:00,Syritta pipiens,Thick-legged Hover Fly,Insecta,4.0,4.404741287231445,90.0,0.1194462776184082,23.0,50.0,20.0,51.0,73.0,23.0,1.0
32.7960517654,-117.230071821,2019-09-20 20:46:00+00:00,Tachypompilus unicolor,Western Red-tailed Spider Wasp,Insecta,3.0,2.7802884578704834,180.0,0.12967248260974884,23.0,60.0,20.0,51.0,73.0,23.0,1.0
32.791024,-117.229478,2022-04-27 20:37:40+00:00,Tagelus,,Mollusca,2.0,3.30622935295105,270.0,0.07399355620145798,11.0,0.0,-2.0,49.0,72.0,24.0,1.0
32.7909317821,-117.2295814931,2022-04-27 20:37:28+00:00,Tagelus californianus,California Jackknife Clam,Mollusca,1.0,2.880282163619995,229.9477996826172,0.05830712243914604,23.0,65.0,-2.0,49.0,72.0,24.0,1.0
32.7907861111,-117.2286666667,2026-01-10 17:51:06+00:00,Tagelus californianus,California Jackknife Clam,Mollusca,3.0,3.5466909408569336,141.58438110351562,0.13433071970939636,11.0,0.0,-2.0,48.0,70.0,23.0,1.0
32.7912216667,-117.2299283333,2026-01-10 18:26:41+00:00,Tagelus californianus,California Jackknife Clam,Mollusca,-1.0,1.4410542249679565,310.0521240234375,0.11681777983903885,95.0,0.0,-2.0,49.0,72.0,24.0,1.0
32.79113,-117.2301716667,2025-05-10 17:29:54+00:00,Tectipleura,,Mollusca,-1.0,1.8543341159820557,-0.0,0.09041575342416763,95.0,0.0,-2.0,49.0,72.0,24.0,1.0
32.7902222222,-117.2301777778,2020-03-04 22:02:00+00:00,Tegula aureotincta,Gilded Tegula,Mollusca,0.0,2.8802716732025146,130.0523681640625,0.09603254497051239,23.0,56.0,-2.0,0.0,0.0,0.0,1.0
32.7893199778,-117.2316990048,2020-03-04 22:07:13+00:00,Tenebrionidae,Darkling Beetles,Insecta,1.0,3.433213233947754,74.34590911865234,0.07006639242172241,23.0,62.0,-2.0,51.0,72.0,22.0,1.0
32.7949194444,-117.2300027778,2025-06-16 13:56:15+00:00,Tetragnatha,,Arachnida,3.0,3.4334213733673096,74.34688568115234,0.19704212248325348,22.0,29.0,20.0,50.0,72.0,23.0,1.0
32.7944388889,-117.2274,2025-06-16 14:57:09+00:00,Tetragnatha,,Arachnida,1.0,1.4410858154296875,229.94894409179688,0.17405250668525696,22.0,37.0,20.0,47.0,71.0,24.0,1.0
32.790625,-117.2301194444,2025-11-08 17:56:58+00:00,Tetragnatha,,Arachnida,1.0,1.4410488605499268,49.947715759277344,0.12852990627288818,22.0,49.0,-2.0,0.0,0.0,0.0,1.0
32.7904383333,-117.2302783333,2024-07-05 22:41:27+00:00,Thalasseus elegans,Elegant Tern,Aves,0.0,2.8802716732025146,130.0523681640625,0.09603254497051239,23.0,56.0,-2.0,0.0,0.0,0.0,1.0
32.789705,-117.231155,2024-07-06 22:16:42+00:00,Thalasseus elegans,Elegant Tern,Aves,1.0,1.4410409927368164,130.05255126953125,0.14953842759132385,23.0,58.0,-2.0,0.0,0.0,0.0,1.0
32.7909076363,-117.2298047758,2023-01-21 15:24:00+00:00,Thalasseus maximus,Royal Tern,Aves,1.0,2.3922054767608643,292.7983093261719,0.05830712243914604,23.0,67.0,-2.0,49.0,72.0,24.0,1.0
32.794552189,-117.2277513403,2024-04-28 00:01:48+00:00,Thalasseus maximus,Royal Tern,Aves,0.0,2.157296657562256,210.74424743652344,0.12678247690200806,21.0,17.0,20.0,47.0,71.0,24.0,1.0
32.7897732007,-117.2311642393,2024-08-09 20:22:34+00:00,Thalasseus maximus,Royal Tern,Aves,1.0,1.4410409927368164,130.05255126953125,0.14953842759132385,23.0,58.0,-2.0,0.0,0.0,0.0,1.0
32.795090206,-117.2280028567,2023-02-04 21:16:00+00:00,Theba pisana,White Italian Snail,Mollusca,3.0,3.7888643741607666,240.7333984375,0.133394256234169,23.0,55.0,20.0,49.0,73.0,21.0,1.0
32.7950366667,-117.23027,2024-09-26 19:36:36+00:00,Thebini,,Mollusca,4.0,2.392300605773926,67.20264434814453,0.17610977590084076,23.0,63.0,20.0,50.0,72.0,23.0,1.0
32.795955,-117.2305916667,2025-11-09 18:55:30+00:00,Theridiinae,,Arachnida,4.0,2.205636501312256,90.0,0.0928410217165947,23.0,68.0,20.0,51.0,73.0,23.0,1.0
32.78976333,-117.23094167,2020-03-04 13:13:06+00:00,Thoracicalcarea,Thoracican Barnacles,Animalia,0.0,1.4410409927368164,130.05255126953125,0.0661247968673706,23.0,73.0,-2.0,0.0,0.0,0.0,1.0
32.790455,-117.23004167,2020-03-04 13:26:06+00:00,Thoracicalcarea,Thoracican Barnacles,Animalia,0.0,0.9274099469184875,180.0,0.015301791951060295,24.0,88.0,-2.0,0.0,0.0,0.0,1.0
32.7897916667,-117.2309416667,2020-03-04 21:12:00+00:00,Thoracicalcarea,Thoracican Barnacles,Animalia,0.0,1.4410409927368164,130.05255126953125,0.0661247968673706,23.0,73.0,-2.0,0.0,0.0,0.0,1.0
32.79135,-117.229295,2018-04-11 20:44:23+00:00,Thoracotremata,Thoracotrematan Crabs,Animalia,2.0,2.157275438308716,329.2566833496094,0.20044872164726257,95.0,0.0,-2.0,49.0,72.0,24.0,1.0
32.7953660383,-117.23052637,2022-04-23 16:09:00+00:00,Thripinae,,Insecta,4.0,4.404727935791016,90.0,0.13322186470031738,22.0,38.0,20.0,51.0,73.0,23.0,1.0
32.795463864,-117.2304313826,2025-07-10 18:38:11+00:00,Tibicinoides vanduzeei,Van Duzee's Cicada,Insecta,4.0,4.404727935791016,90.0,0.13322186470031738,22.0,38.0,20.0,51.0,73.0,23.0,1.0
32.7959368266,-117.229772303,2026-01-24 17:49:10+00:00,Tipulidae,Large Crane Flies,Insecta,3.0,2.990534782409668,158.36965942382812,0.14166799187660217,23.0,67.0,20.0,51.0,73.0,23.0,1.0
32.7958416667,-117.2305133333,2022-04-06 03:26:03+00:00,Tipulinae,,Insecta,4.0,4.404741287231445,90.0,0.1194462776184082,23.0,50.0,20.0,51.0,73.0,23.0,1.0
32.7908605384,-117.2274818179,2019-04-11 16:28:14+00:00,Tivela stultorum,Pismo Clam,Mollusca,1.0,1.4410514831542969,130.0522003173828,0.09728775918483734,95.0,0.0,-2.0,48.0,70.0,23.0,1.0
32.7894027778,-117.23165,2020-03-04 20:44:00+00:00,Tortula muralis,Wall Screw-moss,Plantae,1.0,3.433213233947754,74.34590911865234,0.07006639242172241,23.0,62.0,-2.0,51.0,72.0,22.0,1.0
32.7955825333,-117.2306110567,2022-04-23 16:03:00+00:00,Toxomerus marginatus,Margined Calligrapher,Insecta,4.0,4.404727935791016,90.0,0.13322186470031738,22.0,38.0,20.0,51.0,73.0,23.0,1.0
32.795953,-117.230584,2022-04-23 16:48:00+00:00,Toxomerus marginatus,Margined Calligrapher,Insecta,4.0,2.205636501312256,90.0,0.0928410217165947,23.0,68.0,20.0,51.0,73.0,23.0,1.0
32.795945,-117.230545,2026-01-21 20:40:42+00:00,Trachelas pacificus,Bull-headed sac spider,Arachnida,4.0,2.205636501312256,90.0,0.0928410217165947,23.0,68.0,20.0,51.0,73.0,23.0,1.0
32.7958016667,-117.2301166667,2023-02-04 22:10:00+00:00,Trichocorixa,,Insecta,1.0,2.15730357170105,149.25543212890625,0.19868019223213196,22.0,40.0,20.0,51.0,73.0,23.0,1.0
32.795744366,-117.2305915877,2025-10-17 03:06:20+00:00,Trichopolia,,Insecta,4.0,4.404741287231445,90.0,0.1194462776184082,23.0,50.0,20.0,51.0,73.0,23.0,1.0
32.79048,-117.230705,2023-01-21 15:15:16+00:00,Trifolieae,,Plantae,1.0,4.404467582702637,270.0,0.17883774638175964,23.0,63.0,-2.0,0.0,0.0,0.0,1.0
32.7931366667,-117.2306283333,2022-04-09 23:04:19+00:00,Triglochin,Arrowgrasses,Plantae,1.0,5.678867816925049,144.4827117919922,0.2096710503101349,22.0,46.0,20.0,50.0,72.0,23.0,1.0
32.795495,-117.2302033333,2024-04-27 22:37:50+00:00,Triglochin concinna,Slender Arrowgrass,Plantae,2.0,3.433441400527954,74.34697723388672,0.1708993762731552,22.0,39.0,20.0,51.0,73.0,23.0,1.0
32.7955494581,-117.2299628368,2024-05-01 14:49:29+00:00,Triglochin concinna,Slender Arrowgrass,Plantae,1.0,1.441096305847168,49.949302673339844,0.180143803358078,22.0,39.0,20.0,51.0,73.0,23.0,1.0
32.7928942222,-117.230855139,2024-07-03 18:48:51+00:00,Triglochin concinna,Slender Arrowgrass,Plantae,0.0,4.959467887878418,138.26119995117188,0.2245834320783615,22.0,22.0,20.0,49.0,72.0,24.0,1.0
32.7954963505,-117.2293738648,2024-09-26 18:05:19+00:00,Triglochin concinna,Slender Arrowgrass,Plantae,1.0,2.157301902770996,149.25552368164062,0.19635267555713654,22.0,39.0,20.0,51.0,73.0,23.0,1.0
32.7951444444,-117.2283055556,2025-03-01 22:41:00+00:00,Triglochin concinna,Slender Arrowgrass,Plantae,1.0,4.404714107513428,270.0,0.12865452468395233,23.0,60.0,20.0,49.0,73.0,21.0,1.0
32.7954805556,-117.2282638889,2025-03-24 18:53:00+00:00,Triglochin concinna,Slender Arrowgrass,Plantae,1.0,4.500550746917725,281.8681335449219,0.1647218018770218,23.0,50.0,20.0,49.0,73.0,21.0,1.0
32.7944027778,-117.2299861111,2025-04-16 17:12:15+00:00,Triglochin concinna,Slender Arrowgrass,Plantae,3.0,5.499759674072266,90.0,0.17140023410320282,23.0,69.0,20.0,50.0,72.0,23.0,1.0
32.7949408274,-117.2297975996,2025-06-16 14:09:14+00:00,Triglochin concinna,Slender Arrowgrass,Plantae,1.0,4.500524044036865,101.86820220947266,0.19011558592319489,95.0,0.0,20.0,50.0,72.0,23.0,1.0
32.7908683619,-117.2316619403,2025-07-02 19:22:37+00:00,Triglochin concinna,Slender Arrowgrass,Plantae,0.0,5.576242923736572,99.54391479492188,0.15047627687454224,22.0,23.0,-2.0,39.0,75.0,31.0,1.0
32.7899417494,-117.2320929542,2025-07-02 19:43:52+00:00,Triglochin concinna,Slender Arrowgrass,Plantae,0.0,6.154652118682861,63.23370361328125,0.11766514927148819,22.0,42.0,-2.0,51.0,72.0,22.0,1.0
32.7916975972,-117.2291103379,2020-03-11 23:04:40+00:00,Triglochin concinna concinna,,Plantae,1.0,2.9905145168304443,21.629352569580078,0.22987645864486694,95.0,0.0,20.0,49.0,72.0,24.0,1.0
32.7954416667,-117.2302633333,2018-03-31 18:56:18+00:00,Tringa,"Shanks, Tattlers, and Allies",Aves,2.0,3.433441400527954,74.34697723388672,0.1708993762731552,22.0,39.0,20.0,51.0,73.0,23.0,1.0
32.7907743592,-117.2318234915,2020-03-11 23:42:05+00:00,Tringa,"Shanks, Tattlers, and Allies",Aves,4.0,8.805005073547363,95.99871826171875,0.12917357683181763,23.0,59.0,-2.0,39.0,75.0,31.0,1.0
32.7949508588,-117.2301402276,2019-02-10 18:51:00+00:00,Tringa melanoleuca,Greater Yellowlegs,Aves,3.0,3.4334213733673096,74.34688568115234,0.19704212248325348,22.0,29.0,20.0,50.0,72.0,23.0,1.0
32.7950587069,-117.2294897816,2020-02-01 20:41:00+00:00,Tringa melanoleuca,Greater Yellowlegs,Aves,-1.0,3.3063735961914062,90.0,0.19011558592319489,95.0,0.0,20.0,50.0,72.0,23.0,1.0
32.7906444444,-117.2285472222,2020-03-04 21:57:00+00:00,Tringa melanoleuca,Greater Yellowlegs,Aves,0.0,2.7802884578704834,180.0,-0.03058062493801117,11.0,0.0,-2.0,0.0,0.0,0.0,1.0
32.7954534472,-117.2298099702,2022-02-05 19:07:00+00:00,Tringa melanoleuca,Greater Yellowlegs,Aves,1.0,0.0,-0.0,0.19635267555713654,22.0,41.0,20.0,51.0,73.0,23.0,1.0
32.7912862826,-117.2319407929,2023-02-03 19:35:00+00:00,Tringa melanoleuca,Greater Yellowlegs,Aves,5.0,8.805031776428223,95.99870300292969,0.13290642201900482,23.0,73.0,-2.0,39.0,75.0,31.0,1.0
32.7955306888,-117.2291955846,2023-02-04 17:56:00+00:00,Tringa melanoleuca,Greater Yellowlegs,Aves,0.0,3.5467634201049805,141.58290100097656,0.1919148564338684,95.0,0.0,20.0,51.0,73.0,23.0,1.0
32.7955317699,-117.2288888568,2023-02-04 18:48:00+00:00,Tringa melanoleuca,Greater Yellowlegs,Aves,-1.0,2.157301902770996,149.25552368164062,0.19442236423492432,22.0,38.0,20.0,49.0,73.0,21.0,1.0
32.7954803307,-117.2299390242,2025-02-01 15:37:00+00:00,Tringa melanoleuca,Greater Yellowlegs,Aves,1.0,1.441096305847168,49.949302673339844,0.180143803358078,22.0,39.0,20.0,51.0,73.0,23.0,1.0
32.795697827,-117.230336713,2025-02-01 20:01:00+00:00,Tringa melanoleuca,Greater Yellowlegs,Aves,2.0,3.4334511756896973,105.6529769897461,0.16354915499687195,22.0,31.0,20.0,51.0,73.0,23.0,1.0
32.7947492072,-117.2289896784,2026-01-21 22:38:00+00:00,Tringa melanoleuca,Greater Yellowlegs,Aves,-1.0,2.9905283451080322,338.3699645996094,0.16031374037265778,21.0,15.0,20.0,47.0,71.0,24.0,1.0
32.789925,-117.2307883333,2018-04-11 20:18:07+00:00,Tringa semipalmata,Willet,Aves,0.0,1.4410409927368164,130.05255126953125,0.0661247968673706,23.0,73.0,-2.0,0.0,0.0,0.0,1.0
32.7912055556,-117.2319805556,2019-03-26 22:11:00+00:00,Tringa semipalmata,Willet,Aves,5.0,8.805031776428223,95.99870300292969,0.13290642201900482,23.0,73.0,-2.0,39.0,75.0,31.0,1.0
32.7902096139,-117.2301898472,2020-03-11 22:32:06+00:00,Tringa semipalmata,Willet,Aves,0.0,0.0,-0.0,0.0027181501500308514,23.0,61.0,-2.0,0.0,0.0,0.0,1.0
32.7926204579,-117.2309941183,2020-11-11 09:04:38+00:00,Tringa semipalmata,Willet,Aves,0.0,5.2028489112854,122.23053741455078,0.18414336442947388,21.0,12.0,20.0,49.0,72.0,24.0,1.0
32.7895851106,-117.2312381105,2020-11-28 18:44:00+00:00,Tringa semipalmata,Willet,Aves,1.0,1.4410383701324463,130.05264282226562,0.06408825516700745,23.0,71.0,-2.0,51.0,72.0,22.0,1.0
32.792467911,-117.2308212852,2020-11-28 19:13:00+00:00,Tringa semipalmata,Willet,Aves,-1.0,2.1572823524475098,149.25637817382812,0.1945434957742691,21.0,12.0,20.0,49.0,72.0,24.0,1.0
32.79399248,-117.2278534032,2022-02-05 17:10:00+00:00,Tringa semipalmata,Willet,Aves,0.0,2.2055883407592773,270.0,0.17474384605884552,95.0,0.0,20.0,47.0,71.0,24.0,1.0
32.7951104535,-117.2294597364,2022-02-05 18:27:00+00:00,Tringa semipalmata,Willet,Aves,-1.0,3.7888643741607666,119.26659393310547,0.18101051449775696,95.0,0.0,20.0,51.0,73.0,23.0,1.0
32.7941303,-117.2291748,2022-02-05 21:38:00+00:00,Tringa semipalmata,Willet,Aves,0.0,1.4410831928253174,229.94886779785156,0.18536525964736938,95.0,0.0,20.0,50.0,72.0,23.0,1.0
32.7906838675,-117.2311162948,2022-07-22 02:18:00+00:00,Tringa semipalmata,Willet,Aves,-1.0,3.306208610534668,270.0,0.1599976271390915,22.0,27.0,-2.0,0.0,0.0,0.0,1.0
32.7895118551,-117.2315419609,2022-12-12 22:07:00+00:00,Tringa semipalmata,Willet,Aves,1.0,3.5466694831848145,321.5848083496094,0.14769913256168365,22.0,46.0,-2.0,51.0,72.0,22.0,1.0
32.7904054681,-117.230103516,2023-01-21 15:24:00+00:00,Tringa semipalmata,Willet,Aves,0.0,0.9274099469184875,180.0,0.015301791951060295,24.0,88.0,-2.0,0.0,0.0,0.0,1.0
32.795399,-117.228684,2023-01-21 16:03:00+00:00,Tringa semipalmata,Willet,Aves,-1.0,2.392313241958618,247.20277404785156,0.16151370108127594,22.0,38.0,20.0,49.0,73.0,21.0,1.0
32.7946890127,-117.2291534554,2023-01-21 16:19:09+00:00,Tringa semipalmata,Willet,Aves,-1.0,1.8543341159820557,-0.0,0.16023094952106476,95.0,0.0,20.0,50.0,72.0,23.0,1.0
32.7952027501,-117.228337469,2023-01-21 17:43:00+00:00,Tringa semipalmata,Willet,Aves,1.0,4.404714107513428,270.0,0.12865452468395233,23.0,60.0,20.0,49.0,73.0,21.0,1.0
32.7954231594,-117.2296030656,2023-02-04 16:26:00+00:00,Tringa semipalmata,Willet,Aves,1.0,2.157301902770996,149.25552368164062,0.19635267555713654,22.0,39.0,20.0,51.0,73.0,23.0,1.0
32.793056177,-117.2309656241,2023-11-28 17:46:00+00:00,Tringa semipalmata,Willet,Aves,5.0,5.746163368225098,130.05149841308594,0.13423486053943634,23.0,61.0,20.0,50.0,72.0,23.0,1.0
32.795868,-117.228407,2024-01-12 16:00:00+00:00,Tringa semipalmata,Willet,Aves,0.0,3.7888824939727783,240.73355102539062,0.16690227389335632,22.0,31.0,20.0,49.0,73.0,21.0,1.0
32.7953296716,-117.2285723875,2024-01-12 16:50:00+00:00,Tringa semipalmata,Willet,Aves,-1.0,3.3063838481903076,270.0,0.11386697739362717,23.0,52.0,20.0,49.0,73.0,21.0,1.0
32.7956116667,-117.2295533333,2024-01-12 17:05:59+00:00,Tringa semipalmata,Willet,Aves,1.0,0.9274099469184875,180.0,0.19704265892505646,22.0,45.0,20.0,51.0,73.0,23.0,1.0
32.7912192587,-117.229510595,2024-01-31 21:39:00+00:00,Tringa semipalmata,Willet,Aves,2.0,3.30622935295105,270.0,0.07399355620145798,11.0,0.0,-2.0,49.0,72.0,24.0,1.0
32.7949033333,-117.228395,2024-04-27 23:42:18+00:00,Tringa semipalmata,Willet,Aves,1.0,2.205609083175659,270.0,0.12666849792003632,22.0,41.0,20.0,47.0,71.0,24.0,1.0
32.7955581,-117.2291121917,2024-12-14 15:18:00+00:00,Tringa semipalmata,Willet,Aves,0.0,3.5467634201049805,141.58290100097656,0.1919148564338684,95.0,0.0,20.0,51.0,73.0,23.0,1.0
32.79559643,-117.2300107317,2024-12-14 15:49:00+00:00,Tringa semipalmata,Willet,Aves,1.0,1.441096305847168,49.949302673339844,0.180143803358078,22.0,39.0,20.0,51.0,73.0,23.0,1.0
32.7951743791,-117.2291225257,2025-02-01 15:45:00+00:00,Tringa semipalmata,Willet,Aves,-2.0,2.1572999954223633,149.25559997558594,0.175980344414711,22.0,20.0,20.0,51.0,73.0,23.0,1.0
32.7952735857,-117.2292888227,2025-02-01 16:14:00+00:00,Tringa semipalmata,Willet,Aves,-2.0,2.1572999954223633,149.25559997558594,0.175980344414711,22.0,20.0,20.0,51.0,73.0,23.0,1.0
32.7948586079,-117.2287451933,2025-02-01 18:38:00+00:00,Tringa semipalmata,Willet,Aves,-1.0,3.4334213733673096,285.6531066894531,0.13766473531723022,22.0,49.0,20.0,47.0,71.0,24.0,1.0
32.7950972573,-117.2278558748,2025-11-13 20:32:00+00:00,Tringa semipalmata,Willet,Aves,4.0,1.8543341159820557,180.0,0.14789268374443054,23.0,65.0,20.0,49.0,73.0,21.0,1.0
32.7957181,-117.2305736997,2025-11-22 19:00:57+00:00,Tringa semipalmata,Willet,Aves,4.0,4.404741287231445,90.0,0.1194462776184082,23.0,50.0,20.0,51.0,73.0,23.0,1.0
32.7958533333,-117.2305583333,2025-12-14 18:56:19+00:00,Tringa semipalmata,Willet,Aves,4.0,4.404741287231445,90.0,0.1194462776184082,23.0,50.0,20.0,51.0,73.0,23.0,1.0
32.7928502197,-117.2308751561,2015-01-21 18:31:00+00:00,Troglodytes aedon,Northern House Wren,Aves,0.0,4.959467887878418,138.26119995117188,0.2245834320783615,22.0,22.0,20.0,49.0,72.0,24.0,1.0
32.7955166667,-117.2301716667,2024-04-27 22:56:01+00:00,Trombidia,"Velvet Mites, Chiggers, and Relatives",Arachnida,2.0,3.433441400527954,74.34697723388672,0.1708993762731552,22.0,39.0,20.0,51.0,73.0,23.0,1.0
32.7963045489,-117.2289837749,2021-02-12 22:27:00+00:00,Trupanea,,Insecta,6.0,2.9905359745025635,158.36959838867188,0.119269460439682,23.0,61.0,20.0,49.0,73.0,21.0,1.0
32.7955242622,-117.2304081012,2023-01-21 15:39:00+00:00,Turdus migratorius,American Robin,Aves,2.0,3.433441400527954,74.34697723388672,0.1708993762731552,22.0,39.0,20.0,51.0,73.0,23.0,1.0
32.7940979004,-117.2274780273,2024-02-03 18:34:21+00:00,Typha,Cattails,Plantae,1.0,1.1032028198242188,270.0,0.17474384605884552,95.0,0.0,20.0,47.0,71.0,24.0,1.0
32.7959533333,-117.230295,2021-11-13 10:29:53+00:00,Tyrannus,Kingbirds,Aves,3.0,2.1573052406311035,149.25535583496094,0.10808767378330231,23.0,61.0,20.0,51.0,73.0,23.0,1.0
32.7925469161,-117.231356921,2022-09-13 19:35:00+00:00,Tyrannus,Kingbirds,Aves,3.0,8.505062103271484,115.65796661376953,0.18414336442947388,23.0,67.0,20.0,39.0,75.0,31.0,1.0
32.7896776909,-117.2313394421,2024-05-11 19:58:00+00:00,Tyrannus verticalis,Western Kingbird,Aves,1.0,4.315853595733643,310.05255126953125,0.14953842759132385,23.0,58.0,-2.0,51.0,72.0,22.0,1.0
32.7956156585,-117.2298815666,2025-05-04 16:21:00+00:00,Tyrannus verticalis,Western Kingbird,Aves,1.0,2.15730357170105,149.25543212890625,0.19868019223213196,22.0,40.0,20.0,51.0,73.0,23.0,1.0
32.791868775,-117.2317328237,2019-04-26 20:06:00+00:00,Tyrannus vociferans,Cassin's Kingbird,Aves,5.0,5.576310157775879,99.5438003540039,0.20743371546268463,22.0,44.0,20.0,39.0,75.0,31.0,1.0
32.7926169302,-117.2313159851,2020-11-28 19:10:00+00:00,Tyrannus vociferans,Cassin's Kingbird,Aves,3.0,8.505062103271484,115.65796661376953,0.18414336442947388,23.0,67.0,20.0,39.0,75.0,31.0,1.0
32.7959619499,-117.2303599141,2021-05-25 16:38:36+00:00,Tyrannus vociferans,Cassin's Kingbird,Aves,3.0,2.1573052406311035,149.25535583496094,0.10808767378330231,23.0,61.0,20.0,51.0,73.0,23.0,1.0
32.7946777152,-117.2292069865,2021-09-11 14:01:00+00:00,Tyrannus vociferans,Cassin's Kingbird,Aves,-1.0,1.8543341159820557,-0.0,0.16023094952106476,95.0,0.0,20.0,50.0,72.0,23.0,1.0
32.7909716667,-117.2321433333,2022-06-26 20:33:00+00:00,Tyrannus vociferans,Cassin's Kingbird,Aves,8.0,4.404494762420654,90.0,0.07171253114938736,23.0,79.0,-2.0,39.0,75.0,31.0,1.0
32.7909566667,-117.2320533333,2022-06-26 20:44:00+00:00,Tyrannus vociferans,Cassin's Kingbird,Aves,8.0,4.404494762420654,90.0,0.07171253114938736,23.0,79.0,-2.0,39.0,75.0,31.0,1.0
32.7908476919,-117.2322184566,2022-12-12 22:25:00+00:00,Tyrannus vociferans,Cassin's Kingbird,Aves,8.0,4.404494762420654,90.0,0.07171253114938736,23.0,79.0,-2.0,39.0,75.0,31.0,1.0
32.795993,-117.22866,2023-01-21 15:42:00+00:00,Tyrannus vociferans,Cassin's Kingbird,Aves,2.0,4.6273674964904785,180.0,0.1663312166929245,21.0,15.0,20.0,49.0,73.0,21.0,1.0
32.7959379913,-117.2287310942,2023-02-04 16:28:00+00:00,Tyrannus vociferans,Cassin's Kingbird,Aves,2.0,4.6273674964904785,180.0,0.1663312166929245,21.0,15.0,20.0,49.0,73.0,21.0,1.0
32.7956431871,-117.2304390371,2024-04-27 16:39:04+00:00,Tyrannus vociferans,Cassin's Kingbird,Aves,4.0,4.404741287231445,90.0,0.1194462776184082,23.0,50.0,20.0,51.0,73.0,23.0,1.0
32.7907863307,-117.2298685416,2024-05-11 19:47:00+00:00,Tyrannus vociferans,Cassin's Kingbird,Aves,1.0,2.3922054767608643,292.7983093261719,0.05830712243914604,23.0,67.0,-2.0,49.0,72.0,24.0,1.0
32.7956156585,-117.2298815666,2025-05-04 16:55:00+00:00,Tyrannus vociferans,Cassin's Kingbird,Aves,1.0,2.15730357170105,149.25543212890625,0.19868019223213196,22.0,40.0,20.0,51.0,73.0,23.0,1.0
32.795903261,-117.2292563392,2023-08-31 00:22:00+00:00,Tyto furcata,American Barn Owl,Aves,3.0,4.755953311920166,193.3832244873047,0.10409373044967651,22.0,49.0,20.0,51.0,73.0,23.0,1.0
32.7909073752,-117.2302681779,2019-08-13 20:59:57+00:00,Uca princeps,Large Mexican Fiddler Crab,Animalia,0.0,3.5466909408569336,38.41561508178711,0.08547541499137878,95.0,0.0,-2.0,49.0,72.0,24.0,1.0
32.791295,-117.2294466667,2019-03-06 21:12:10+00:00,Ulva,Sea Lettuces,Plantae,1.0,2.3922181129455566,292.7981872558594,0.1820506900548935,95.0,0.0,-2.0,49.0,72.0,24.0,1.0
32.7894256495,-117.2313907854,2020-03-04 20:45:12+00:00,Ulva,Sea Lettuces,Plantae,1.0,1.4410383701324463,130.05264282226562,0.06408825516700745,23.0,71.0,-2.0,51.0,72.0,22.0,1.0
32.7894547052,-117.2313036227,2020-03-04 22:48:02+00:00,Ulva,Sea Lettuces,Plantae,1.0,1.4410383701324463,130.05264282226562,0.06408825516700745,23.0,71.0,-2.0,51.0,72.0,22.0,1.0
32.7903300321,-117.2303098567,2020-03-11 22:31:59+00:00,Ulva,Sea Lettuces,Plantae,0.0,2.8802716732025146,130.0523681640625,0.09603254497051239,23.0,56.0,-2.0,0.0,0.0,0.0,1.0
32.7912305268,-117.2297503495,2020-03-11 22:41:09+00:00,Ulva,Sea Lettuces,Plantae,0.0,3.4332826137542725,285.6537780761719,0.07399355620145798,11.0,0.0,-2.0,49.0,72.0,24.0,1.0
32.7899972222,-117.2305666667,2022-04-27 20:15:00+00:00,Ulva,Sea Lettuces,Plantae,0.0,2.157266616821289,149.25709533691406,0.08216650038957596,23.0,65.0,-2.0,0.0,0.0,0.0,1.0
32.7910883333,-117.2290583333,2022-04-27 20:52:00+00:00,Ulva,Sea Lettuces,Plantae,4.0,0.9274099469184875,-0.0,0.1848616600036621,95.0,0.0,-2.0,48.0,70.0,23.0,1.0
32.7941436979,-117.229309082,2022-04-27 21:05:05+00:00,Ulva,Sea Lettuces,Plantae,0.0,1.4410831928253174,229.94886779785156,0.18536525964736938,95.0,0.0,20.0,50.0,72.0,23.0,1.0
32.7902310575,-117.2302193475,2024-05-11 16:56:38+00:00,Ulva,Sea Lettuces,Plantae,0.0,2.8802716732025146,130.0523681640625,0.09603254497051239,23.0,56.0,-2.0,0.0,0.0,0.0,1.0
32.7930666667,-117.2297583333,2025-11-28 18:46:57+00:00,Ulva,Sea Lettuces,Plantae,1.0,1.4410725831985474,229.94850158691406,0.18424439430236816,21.0,16.0,20.0,50.0,72.0,23.0,1.0
32.79395,-117.227633,2026-01-21 22:24:00+00:00,Ulva,Sea Lettuces,Plantae,1.0,2.1572911739349365,329.2559814453125,0.15461094677448273,95.0,0.0,20.0,47.0,71.0,24.0,1.0
32.7895505727,-117.2310938315,2019-03-06 20:43:45+00:00,Ulva intestinalis,Gutweed,Plantae,0.0,1.4410383701324463,130.05264282226562,0.06408825516700745,24.0,81.0,-2.0,0.0,0.0,0.0,1.0
32.7913293645,-117.2293294799,2019-03-06 20:52:44+00:00,Ulva intestinalis,Gutweed,Plantae,2.0,2.157275438308716,329.2566833496094,0.20044872164726257,95.0,0.0,-2.0,49.0,72.0,24.0,1.0
32.7894533333,-117.2311866667,2021-05-05 20:06:34+00:00,Ulva intestinalis,Gutweed,Plantae,0.0,1.4410383701324463,130.05264282226562,0.06408825516700745,24.0,81.0,-2.0,0.0,0.0,0.0,1.0
32.7911,-117.22918,2022-04-27 20:48:27+00:00,Ulva intestinalis,Gutweed,Plantae,3.0,2.3922119140625,292.7982482910156,0.085202157497406,11.0,0.0,-2.0,49.0,72.0,24.0,1.0
32.7897633333,-117.2307366667,2022-04-27 21:09:19+00:00,Ulva intestinalis,Gutweed,Plantae,0.0,1.4410409927368164,130.05255126953125,0.0661247968673706,23.0,73.0,-2.0,0.0,0.0,0.0,1.0
32.7895616667,-117.23133,2025-02-08 17:29:50+00:00,Ulva intestinalis,Gutweed,Plantae,1.0,1.4410383701324463,130.05264282226562,0.06408825516700745,23.0,71.0,-2.0,51.0,72.0,22.0,1.0
32.7947883333,-117.2279966667,2026-01-21 21:47:01+00:00,Ulva intestinalis,Gutweed,Plantae,0.0,1.4410884380340576,130.05096435546875,0.14796149730682373,22.0,40.0,20.0,47.0,71.0,24.0,1.0
32.7940055556,-117.227325,2026-01-21 22:18:00+00:00,Ulva intestinalis,Gutweed,Plantae,1.0,0.0,-0.0,0.15744894742965698,95.0,0.0,20.0,47.0,71.0,24.0,1.0
32.79402,-117.2275783333,2026-01-21 22:23:31+00:00,Ulva intestinalis,Gutweed,Plantae,1.0,1.1032028198242188,270.0,0.17474384605884552,95.0,0.0,20.0,47.0,71.0,24.0,1.0
32.79138,-117.2292866667,2018-04-11 20:52:39+00:00,Ulva lactuca,Broadleaf Sea Lettuce,Plantae,2.0,2.157275438308716,329.2566833496094,0.20044872164726257,95.0,0.0,-2.0,49.0,72.0,24.0,1.0
32.791229,-117.230438,2018-04-11 21:00:00+00:00,Ulva lactuca,Broadleaf Sea Lettuce,Plantae,-1.0,2.157273769378662,329.25677490234375,0.13488943874835968,95.0,0.0,-2.0,49.0,72.0,24.0,1.0
32.791296311,-117.2294888338,2019-03-06 21:10:54+00:00,Ulva lactuca,Broadleaf Sea Lettuce,Plantae,1.0,2.3922181129455566,292.7981872558594,0.1820506900548935,95.0,0.0,-2.0,49.0,72.0,24.0,1.0
32.7905566744,-117.2304649527,2019-03-06 21:23:00+00:00,Ulva lactuca,Broadleaf Sea Lettuce,Plantae,2.0,1.4410488605499268,310.0522766113281,0.13278251886367798,95.0,0.0,-2.0,0.0,0.0,0.0,1.0
32.7896423536,-117.2313515266,2020-03-04 20:54:00+00:00,Ulva lactuca,Broadleaf Sea Lettuce,Plantae,1.0,1.4410383701324463,130.05264282226562,0.06408825516700745,23.0,71.0,-2.0,51.0,72.0,22.0,1.0
32.7894283333,-117.23123,2021-05-05 20:06:48+00:00,Ulva lactuca,Broadleaf Sea Lettuce,Plantae,1.0,1.4410383701324463,130.05264282226562,0.06408825516700745,23.0,71.0,-2.0,51.0,72.0,22.0,1.0
32.7911611111,-117.2290944444,2022-04-27 20:48:00+00:00,Ulva lactuca,Broadleaf Sea Lettuce,Plantae,3.0,2.3922119140625,292.7982482910156,0.085202157497406,11.0,0.0,-2.0,49.0,72.0,24.0,1.0
32.7910833333,-117.22905,2022-04-27 20:53:16+00:00,Ulva lactuca,Broadleaf Sea Lettuce,Plantae,4.0,0.9274099469184875,-0.0,0.1848616600036621,95.0,0.0,-2.0,48.0,70.0,23.0,1.0
32.793005,-117.22753,2024-01-31 21:47:22+00:00,Ulva lactuca,Broadleaf Sea Lettuce,Plantae,2.0,5.746163368225098,229.94850158691406,0.026668526232242584,11.0,0.0,20.0,47.0,71.0,24.0,1.0
32.7911251449,-117.2295720507,2024-02-01 00:30:00+00:00,Ulva lactuca,Broadleaf Sea Lettuce,Plantae,2.0,3.30622935295105,270.0,0.07399355620145798,11.0,0.0,-2.0,49.0,72.0,24.0,1.0
32.7950055556,-117.2297972222,2026-01-21 21:55:00+00:00,Ulva lactuca,Broadleaf Sea Lettuce,Plantae,1.0,4.500524044036865,101.86820220947266,0.19011558592319489,95.0,0.0,20.0,50.0,72.0,23.0,1.0
32.794675,-117.2277138889,2026-01-21 22:00:00+00:00,Ulva lactuca,Broadleaf Sea Lettuce,Plantae,1.0,2.39229416847229,247.20257568359375,0.12678247690200806,22.0,45.0,20.0,47.0,71.0,24.0,1.0
32.79465,-117.2277133333,2026-01-21 22:09:58+00:00,Ulva lactuca,Broadleaf Sea Lettuce,Plantae,1.0,2.39229416847229,247.20257568359375,0.12678247690200806,22.0,45.0,20.0,47.0,71.0,24.0,1.0
32.7936583333,-117.22705,2026-01-21 22:26:28+00:00,Ulva lactuca,Broadleaf Sea Lettuce,Plantae,1.0,1.4410779476165771,130.0513153076172,0.10115405917167664,11.0,0.0,20.0,41.0,73.0,28.0,1.0
32.7945933333,-117.2277233333,2026-01-21 22:39:00+00:00,Ulva lactuca,Broadleaf Sea Lettuce,Plantae,0.0,2.157296657562256,210.74424743652344,0.12678247690200806,21.0,17.0,20.0,47.0,71.0,24.0,1.0
32.7952777157,-117.2284713076,2026-01-21 22:56:00+00:00,Ulva lactuca,Broadleaf Sea Lettuce,Plantae,1.0,4.404714107513428,270.0,0.12865452468395233,23.0,60.0,20.0,49.0,73.0,21.0,1.0
32.7902949855,-117.2304308488,2019-03-06 20:49:52+00:00,Ulvales,Sea Lettuces and Allies,Plantae,2.0,2.1572682857513428,149.2570037841797,0.14154265820980072,23.0,56.0,-2.0,0.0,0.0,0.0,1.0
32.7913466667,-117.22947,2018-04-11 20:35:10+00:00,Ulvophyceae,Ulvophycean green algae,Plantae,1.0,2.3922181129455566,292.7981872558594,0.1820506900548935,95.0,0.0,-2.0,49.0,72.0,24.0,1.0
32.7927780151,-117.2311096191,2018-04-11 20:53:06+00:00,Ulvophyceae,Ulvophycean green algae,Plantae,2.0,8.029680252075195,125.01235961914062,0.15860658884048462,22.0,49.0,20.0,49.0,72.0,24.0,1.0
32.7894133333,-117.2313616667,2019-03-06 20:42:40+00:00,Ulvophyceae,Ulvophycean green algae,Plantae,1.0,1.4410383701324463,130.05264282226562,0.06408825516700745,23.0,71.0,-2.0,51.0,72.0,22.0,1.0
32.79095,-117.2285416667,2024-01-31 21:29:35+00:00,Ulvophyceae,Ulvophycean green algae,Plantae,3.0,3.5466909408569336,141.58438110351562,0.13433071970939636,11.0,0.0,-2.0,48.0,70.0,23.0,1.0
32.7900009155,-117.2311096191,2019-03-06 20:44:42+00:00,Urile penicillatus,Brandt's Cormorant,Aves,1.0,4.315861225128174,310.0524597167969,0.1575649529695511,23.0,68.0,-2.0,0.0,0.0,0.0,1.0
32.791732957,-117.2302567071,2024-08-13 17:18:12+00:00,Urobatis halleri,Haller's Round Ray,Animalia,-1.0,0.9274099469184875,180.0,0.16015635430812836,95.0,0.0,20.0,49.0,72.0,24.0,1.0
32.7912033333,-117.2300116667,2025-09-13 15:14:49+00:00,Urobatis halleri,Haller's Round Ray,Animalia,-1.0,1.4410542249679565,310.0521240234375,0.11681777983903885,95.0,0.0,-2.0,49.0,72.0,24.0,1.0
32.7938133333,-117.2300416667,2025-11-28 18:38:00+00:00,Urobatis halleri,Haller's Round Ray,Animalia,3.0,4.5004706382751465,101.86834716796875,0.17015774548053741,23.0,65.0,20.0,50.0,72.0,23.0,1.0
32.7959560242,-117.2305976227,2022-04-09 22:40:27+00:00,Uroleucon,Large Daisy Aphids,Insecta,4.0,2.205636501312256,90.0,0.0928410217165947,23.0,68.0,20.0,51.0,73.0,23.0,1.0
32.7909366667,-117.2321216667,2019-01-03 19:37:00+00:00,Urtica urens,Dwarf Nettle,Plantae,8.0,4.404494762420654,90.0,0.07171253114938736,23.0,79.0,-2.0,39.0,75.0,31.0,1.0
32.7959758,-117.2306629,2025-04-26 18:16:00+00:00,Urtica urens,Dwarf Nettle,Plantae,4.0,2.205636501312256,90.0,0.0928410217165947,23.0,68.0,20.0,51.0,73.0,23.0,1.0
32.794955,-117.2302783333,2025-11-28 19:09:29+00:00,Urtica urens,Dwarf Nettle,Plantae,4.0,2.392300605773926,67.20264434814453,0.17610977590084076,23.0,63.0,20.0,50.0,72.0,23.0,1.0
32.7950547212,-117.2303506812,2026-01-24 00:15:09+00:00,Urtica urens,Dwarf Nettle,Plantae,4.0,2.392300605773926,67.20264434814453,0.17610977590084076,23.0,63.0,20.0,50.0,72.0,23.0,1.0
32.790025,-117.2309416667,2022-04-27 20:17:44+00:00,Uta stansburiana,Common Side-blotched Lizard,Reptilia,1.0,1.4410436153411865,130.05245971679688,0.1472601294517517,23.0,68.0,-2.0,0.0,0.0,0.0,1.0
32.7959044325,-117.2306329106,2025-05-24 16:27:42+00:00,Uta stansburiana elegans,Western Side-blotched Lizard,Reptilia,4.0,2.205636501312256,90.0,0.0928410217165947,23.0,68.0,20.0,51.0,73.0,23.0,1.0
32.78941333,-117.23181167,2020-03-04 20:38:59+00:00,Vanessa cardui,Painted Lady,Insecta,-1.0,4.959386348724365,41.737728118896484,0.1649165153503418,22.0,23.0,-2.0,51.0,72.0,22.0,1.0
32.79052177,-117.23003096,2024-05-11 17:17:45+00:00,Velella velella,By-the-wind Sailor,Animalia,1.0,1.4410488605499268,49.947715759277344,0.12852990627288818,22.0,49.0,-2.0,0.0,0.0,0.0,1.0
32.7910466667,-117.2301783333,2025-05-10 17:35:02+00:00,Veneridae,Venus Clams,Mollusca,-1.0,1.8543341159820557,-0.0,0.09041575342416763,95.0,0.0,-2.0,49.0,72.0,24.0,1.0
32.7896178374,-117.2311504931,2019-03-06 20:46:14+00:00,Venerinae,,Mollusca,0.0,1.4410383701324463,130.05264282226562,0.06408825516700745,24.0,81.0,-2.0,0.0,0.0,0.0,1.0
32.7959948102,-117.2302398527,2025-05-24 17:02:59+00:00,Veromessor andrei,Andre's Harvester Ant,Insecta,3.0,2.1573052406311035,149.25535583496094,0.10808767378330231,23.0,61.0,20.0,51.0,73.0,23.0,1.0
32.7956466667,-117.2289633333,2025-02-11 22:01:18+00:00,Vertebrata,Vertebrates,Animalia,0.0,3.8646881580352783,163.43728637695312,0.20311467349529266,22.0,39.0,20.0,49.0,73.0,21.0,1.0
32.7910416667,-117.22905,2026-01-10 17:44:49+00:00,Vertebrata,Vertebrates,Animalia,4.0,0.9274099469184875,-0.0,0.1848616600036621,95.0,0.0,-2.0,48.0,70.0,23.0,1.0
32.7901783333,-117.2306283333,2022-05-05 22:01:54+00:00,Xanthium,Cockleburs,Plantae,0.0,2.157266616821289,149.25709533691406,0.08216650038957596,23.0,65.0,-2.0,0.0,0.0,0.0,1.0
32.7909133333,-117.2320866667,2022-06-18 18:15:17+00:00,Zadontomerus,,Insecta,8.0,4.404494762420654,90.0,0.07171253114938736,23.0,79.0,-2.0,39.0,75.0,31.0,1.0
32.7963045489,-117.2289837749,2021-02-12 23:45:00+00:00,Zelus renardii,Leafhopper Assassin Bug,Insecta,6.0,2.9905359745025635,158.36959838867188,0.119269460439682,23.0,61.0,20.0,49.0,73.0,21.0,1.0
32.7915912355,-117.2317807075,2001-05-13 09:27:00+00:00,Zenaida macroura,Mourning Dove,Aves,6.0,2.880297899246216,130.0519256591797,0.10694009065628052,23.0,60.0,20.0,39.0,75.0,31.0,1.0
32.7956211622,-117.2289220321,2019-01-02 19:18:00+00:00,Zenaida macroura,Mourning Dove,Aves,0.0,3.8646881580352783,163.43728637695312,0.20311467349529266,22.0,39.0,20.0,49.0,73.0,21.0,1.0
32.7901411452,-117.2322504844,2019-03-07 18:19:00+00:00,Zenaida macroura,Mourning Dove,Aves,1.0,7.169088840484619,130.05245971679688,0.09259801357984543,23.0,64.0,-2.0,51.0,72.0,22.0,1.0
32.790685,-117.23211,2019-03-07 19:16:00+00:00,Zenaida macroura,Mourning Dove,Aves,8.0,6.154697418212891,116.76608276367188,0.07844877988100052,23.0,62.0,-2.0,51.0,72.0,22.0,1.0
32.7906805556,-117.2318222222,2020-09-27 16:46:00+00:00,Zenaida macroura,Mourning Dove,Aves,4.0,9.998680114746094,100.58159637451172,0.12075749039649963,22.0,37.0,-2.0,51.0,72.0,22.0,1.0
32.7894076471,-117.2317066446,2021-01-01 21:02:00+00:00,Zenaida macroura,Mourning Dove,Aves,1.0,3.5466694831848145,321.5848083496094,0.14769913256168365,22.0,46.0,-2.0,51.0,72.0,22.0,1.0
32.795932,-117.229745,2023-01-21 18:07:00+00:00,Zenaida macroura,Mourning Dove,Aves,3.0,2.990534782409668,158.36965942382812,0.14166799187660217,23.0,67.0,20.0,51.0,73.0,23.0,1.0
32.7959479002,-117.2306896042,2023-02-04 18:16:00+00:00,Zenaida macroura,Mourning Dove,Aves,5.0,3.4334611892700195,74.3470687866211,0.09977754950523376,24.0,80.0,20.0,51.0,73.0,23.0,1.0
32.7955316605,-117.2294041875,2024-08-31 17:41:00+00:00,Zenaida macroura,Mourning Dove,Aves,1.0,2.157301902770996,149.25552368164062,0.19635267555713654,22.0,39.0,20.0,51.0,73.0,23.0,1.0
32.7934076,-117.228756,2012-12-02 19:26:30+00:00,Zonotrichia leucophrys,White-crowned Sparrow,Aves,-1.0,0.9274099469184875,180.0,0.1348302960395813,95.0,0.0,20.0,47.0,71.0,24.0,1.0
32.7953228569,-117.2303790002,2018-10-21 00:43:00+00:00,Zonotrichia leucophrys,White-crowned Sparrow,Aves,3.0,2.880366325378418,49.949214935302734,0.1823185831308365,22.0,42.0,20.0,51.0,73.0,23.0,1.0
32.7906694444,-117.2321694444,2019-03-07 19:45:00+00:00,Zonotrichia leucophrys,White-crowned Sparrow,Aves,8.0,6.154697418212891,116.76608276367188,0.07844877988100052,23.0,62.0,-2.0,51.0,72.0,22.0,1.0
32.7907378987,-117.2322118186,2019-03-26 21:12:00+00:00,Zonotrichia leucophrys,White-crowned Sparrow,Aves,8.0,6.154697418212891,116.76608276367188,0.07844877988100052,23.0,62.0,-2.0,51.0,72.0,22.0,1.0
32.7906777778,-117.2320861111,2019-03-26 22:08:00+00:00,Zonotrichia leucophrys,White-crowned Sparrow,Aves,8.0,6.154697418212891,116.76608276367188,0.07844877988100052,23.0,62.0,-2.0,51.0,72.0,22.0,1.0
32.7907416667,-117.2322222222,2019-12-12 22:05:00+00:00,Zonotrichia leucophrys,White-crowned Sparrow,Aves,8.0,6.154697418212891,116.76608276367188,0.07844877988100052,23.0,62.0,-2.0,51.0,72.0,22.0,1.0
32.796283236,-117.2289072012,2020-02-01 19:00:00+00:00,Zonotrichia leucophrys,White-crowned Sparrow,Aves,6.0,2.9905359745025635,158.36959838867188,0.119269460439682,23.0,61.0,20.0,49.0,73.0,21.0,1.0
32.791391711,-117.2317333785,2021-03-01 04:05:00+00:00,Zonotrichia leucophrys,White-crowned Sparrow,Aves,2.0,5.746100902557373,130.05201721191406,0.14803601801395416,22.0,47.0,-2.0,39.0,75.0,31.0,1.0
32.7905233157,-117.2321572516,2022-12-03 21:57:00+00:00,Zonotrichia leucophrys,White-crowned Sparrow,Aves,8.0,6.154697418212891,116.76608276367188,0.07844877988100052,23.0,62.0,-2.0,51.0,72.0,22.0,1.0
32.795886958,-117.2302390119,2023-01-17 16:12:00+00:00,Zonotrichia leucophrys,White-crowned Sparrow,Aves,3.0,2.1573052406311035,149.25535583496094,0.10808767378330231,23.0,61.0,20.0,51.0,73.0,23.0,1.0
32.7959712986,-117.2305292106,2023-01-21 15:21:00+00:00,Zonotrichia leucophrys,White-crowned Sparrow,Aves,4.0,2.205636501312256,90.0,0.0928410217165947,23.0,68.0,20.0,51.0,73.0,23.0,1.0
32.7941627502,-117.2292404175,2023-01-29 00:05:27+00:00,Zonotrichia leucophrys,White-crowned Sparrow,Aves,0.0,1.4410831928253174,229.94886779785156,0.18536525964736938,95.0,0.0,20.0,50.0,72.0,23.0,1.0
32.7959533333,-117.2304466667,2023-01-30 18:09:17+00:00,Zonotrichia leucophrys,White-crowned Sparrow,Aves,4.0,2.205636501312256,90.0,0.0928410217165947,23.0,68.0,20.0,51.0,73.0,23.0,1.0
32.7958483333,-117.2285533333,2024-01-12 17:24:29+00:00,Zonotrichia leucophrys,White-crowned Sparrow,Aves,0.0,2.7802884578704834,180.0,0.18270500004291534,22.0,31.0,20.0,49.0,73.0,21.0,1.0
32.7958483333,-117.2285533333,2024-01-12 17:32:27+00:00,Zonotrichia leucophrys,White-crowned Sparrow,Aves,0.0,2.7802884578704834,180.0,0.18270500004291534,22.0,31.0,20.0,49.0,73.0,21.0,1.0
32.7893663384,-117.2315328756,2019-03-06 20:42:52+00:00,Zostera marina,Eelgrass,Plantae,1.0,3.433213233947754,74.34590911865234,0.07006639242172241,23.0,62.0,-2.0,51.0,72.0,22.0,1.0
32.7904383333,-117.2301716667,2022-04-27 20:31:00+00:00,Zostera marina,Eelgrass,Plantae,0.0,2.8802716732025146,130.0523681640625,0.09603254497051239,23.0,56.0,-2.0,0.0,0.0,0.0,1.0
32.7893377073,-117.2313449003,2019-10-26 22:07:06+00:00,Zosteraceae,Seagrasses,Plantae,0.0,1.4410357475280762,130.05271911621094,-0.003465859452262521,24.0,94.0,-2.0,51.0,72.0,22.0,1.0
