scientific_name,common_name,iconic_taxon_name,present_in_main,predicted_present,probability_of_presence,main_obs_count,backup_obs_count,avg_elevation,avg_ndvi,avg_soil_clay,Prediction_Result
Atrimitra idae,Ida's Mitre,Mollusca,0,1,0.954199925381863,0.0,15,5.533333333333333,-0.016917777620255946,1.7333333333333334,False Positive (Imputed/Missing)
Haemorhous mexicanus,House Finch,Aves,0,1,0.8852836288400519,0.0,69,52.971014492753625,0.1474813765481762,21.971014492753625,False Positive (Imputed/Missing)
Croton californicus,California croton,Plantae,0,1,0.880905743260702,0.0,293,61.508532423208194,0.15243558163528959,20.023890784982935,False Positive (Imputed/Missing)
Heliotropium curassavicum,alkali heliotrope,Plantae,0,1,0.8720438271537783,0.0,109,8.541284403669724,0.0875033709827229,15.073394495412844,False Positive (Imputed/Missing)
Cardionema ramosissima,Sandcarpet,Plantae,0,1,0.8667615876972566,0.0,400,73.47,0.15072074912488456,20.86,False Positive (Imputed/Missing)
Heliotropium curassavicum oculatum,Unknown,Plantae,0,1,0.8642285071346868,0.0,14,6.071428571428571,0.07201449745999912,13.785714285714286,False Positive (Imputed/Missing)
Calystegia,false bindweeds,Plantae,0,1,0.8608439362765663,0.0,65,60.8,0.15352834388613698,24.353846153846153,False Positive (Imputed/Missing)
Aspidoscelis hyperythrus,Orange-throated Whiptail,Reptilia,0,1,0.8587642779162049,0.0,76,69.80263157894737,0.14599307905882591,20.276315789473685,False Positive (Imputed/Missing)
Amaranthaceae,Amaranth family,Plantae,0,1,0.8502900032091588,0.0,15,10.066666666666666,0.10416374274839953,15.2,False Positive (Imputed/Missing)
Cordylanthus rigidus,Stiffbranch Bird's Beak,Plantae,0,1,0.8496131415247182,0.0,105,73.20952380952382,0.15746185204812455,23.17142857142857,False Positive (Imputed/Missing)
Plantago coronopus,Buck's-horn Plantain,Plantae,0,1,0.8472677940730191,0.0,21,14.571428571428571,0.11652383793677597,16.333333333333332,False Positive (Imputed/Missing)
Sisyrinchium bellum,western blue-eyed grass,Plantae,0,1,0.8374635240823793,0.0,218,67.75229357798165,0.15326643736879209,24.871559633027523,False Positive (Imputed/Missing)
Solanum umbelliferum,Unknown,Plantae,0,1,0.8320726176030104,0.0,120,65.575,0.15745329391211269,24.283333333333335,False Positive (Imputed/Missing)
Caulanthus heterophyllus,San Diego Wild Cabbage,Plantae,0,1,0.8294012419438185,0.0,53,77.47169811320755,0.15353731234680928,22.50943396226415,False Positive (Imputed/Missing)
Hypochaeris glabra,Smooth Cat's Ear,Plantae,0,1,0.8283861232413631,0.0,53,67.45283018867924,0.1559130839019451,23.735849056603772,False Positive (Imputed/Missing)
Matthiola incana,hoary stock,Plantae,0,1,0.8272538800508907,0.0,266,26.048872180451127,0.10824576149916945,15.721804511278195,False Positive (Imputed/Missing)
Solanum parishii,Parish's nightshade,Plantae,0,1,0.8268266951871539,0.0,389,66.94344473007712,0.16257968990271068,23.55012853470437,False Positive (Imputed/Missing)
Eriogonum parvifolium,Seacliff Wild Buckwheat,Plantae,0,1,0.8262302963066716,0.0,186,32.02150537634409,0.12531680334359405,14.510752688172044,False Positive (Imputed/Missing)
Eriophyllum confertiflorum confertiflorum,Unknown,Plantae,0,1,0.8253015400597118,0.0,262,73.24045801526718,0.15606248806735482,24.33587786259542,False Positive (Imputed/Missing)
Calochortus splendens,Splendid Mariposa Lily,Plantae,0,1,0.8238222627351113,0.0,187,57.101604278074866,0.1555741758827857,25.032085561497325,False Positive (Imputed/Missing)
Sonchus oleraceus,Common Sow-thistle,Plantae,0,1,0.8229299406979317,0.0,30,30.366666666666667,0.15833161696791645,22.0,False Positive (Imputed/Missing)
Salvia apiana,white sage,Plantae,0,1,0.8179875165240863,0.0,234,55.6025641025641,0.15185667743158135,23.042735042735043,False Positive (Imputed/Missing)
Cordylanthus rigidus setiger,Bristly Bird's Beak,Plantae,0,1,0.8144604233175137,0.0,114,71.03508771929825,0.16501883711469797,22.780701754385966,False Positive (Imputed/Missing)
Malosma laurina,laurel sumac,Plantae,0,1,0.8100992478704415,0.0,360,65.94166666666666,0.164715629722923,24.072222222222223,False Positive (Imputed/Missing)
Cynoglosseae,Unknown,Plantae,0,1,0.8083433493688965,0.0,21,60.333333333333336,0.1501135918356123,22.19047619047619,False Positive (Imputed/Missing)
Erysimum capitatum,Western Wallflower,Plantae,0,1,0.8065545806000206,0.0,129,54.01550387596899,0.1636683435518612,24.0,False Positive (Imputed/Missing)
Erysimum,Wallflowers,Plantae,0,1,0.8031113863391783,0.0,64,49.734375,0.1650929684983566,24.453125,False Positive (Imputed/Missing)
Phacelia ramosissima,branching phacelia,Plantae,0,1,0.8004744272681885,0.0,82,26.134146341463413,0.1771493799893594,24.134146341463413,False Positive (Imputed/Missing)
Pogonomyrmex californicus,California Harvester Ant,Insecta,0,1,0.7999430276249002,0.0,51,63.568627450980394,0.1498959830724725,20.45098039215686,False Positive (Imputed/Missing)
Malacothrix saxatilis,Cliff Aster,Plantae,0,1,0.7986394489390379,0.0,22,64.9090909090909,0.15602198581803925,20.954545454545453,False Positive (Imputed/Missing)
Abronia umbellata,Pink Sand Verbena,Plantae,0,1,0.7980630647877593,0.0,1188,52.99326599326599,0.14308548180123018,22.40824915824916,False Positive (Imputed/Missing)
Camissoniopsis cheiranthifolia suffruticosa,shrubby beach primrose,Plantae,0,1,0.7979552116610702,0.0,22,25.636363636363637,0.1044328730892051,21.59090909090909,False Positive (Imputed/Missing)
Funastrum heterophyllum,Hartweg's climbing milkweed,Plantae,0,1,0.7962519209508772,0.0,231,57.5974025974026,0.14922780408100644,12.913419913419913,False Positive (Imputed/Missing)
Chaenactis glabriuscula,Common Yellow Chaenactis,Plantae,0,1,0.7957254856639809,0.0,380,55.213157894736845,0.14839572303585313,18.36578947368421,False Positive (Imputed/Missing)
Hesperoyucca whipplei,chaparral yucca,Plantae,0,1,0.7944347228062795,0.0,97,74.48453608247422,0.15209659381011095,24.587628865979383,False Positive (Imputed/Missing)
Galium angustifolium,Narrow-leaved Bedstraw,Plantae,0,1,0.7926496137964826,0.0,277,73.69314079422382,0.16189477497220894,24.451263537906136,False Positive (Imputed/Missing)
Agavoideae,Century plant subfamily,Plantae,0,1,0.791930217327355,0.0,17,68.17647058823529,0.14448802983936138,21.647058823529413,False Positive (Imputed/Missing)
Myiarchus cinerascens,Ash-throated Flycatcher,Aves,0,1,0.7902621308347058,0.0,27,47.629629629629626,0.16736474853974798,22.703703703703702,False Positive (Imputed/Missing)
Pogonomyrmex,Typical American Harvester Ants,Insecta,0,1,0.7899580898179084,0.0,97,70.11340206185567,0.14383362629210822,22.90721649484536,False Positive (Imputed/Missing)
Hooveria parviflora,small-flowered soaproot,Plantae,0,1,0.7859233910377526,0.0,178,73.69662921348315,0.14847208902742082,24.10112359550562,False Positive (Imputed/Missing)
Phytoplasma pini,Unknown,Unknown,0,1,0.7854234249957246,0.0,35,65.05714285714286,0.1411894157528877,25.257142857142856,False Positive (Imputed/Missing)
Abronia,sand verbenas,Plantae,0,1,0.7844181755620909,0.0,92,49.65217391304348,0.14440780359765754,20.891304347826086,False Positive (Imputed/Missing)
Osmadenia tenella,False Rosinweed,Plantae,0,1,0.7841751924185812,0.0,406,64.63054187192118,0.14601664955319438,21.366995073891626,False Positive (Imputed/Missing)
Diadasia australis,Cactus chimney bees,Insecta,0,1,0.7839487850383826,0.0,131,49.541984732824424,0.15820846601410674,24.801526717557252,False Positive (Imputed/Missing)
Anthophila,Bees,Insecta,0,1,0.7833813743565345,0.0,59,57.016949152542374,0.1548045287698002,22.0,False Positive (Imputed/Missing)
Silene laciniata,cardinal catchfly,Plantae,0,1,0.7818789491993333,0.0,205,74.2,0.16345816330938798,25.819512195121952,False Positive (Imputed/Missing)
Abronia umbellata umbellata,Beach Sand Verbena,Plantae,0,1,0.7808933771269061,0.0,42,49.95238095238095,0.13698811354559087,22.047619047619047,False Positive (Imputed/Missing)
Salvia mellifera,black sage,Plantae,0,1,0.7795780338471606,0.0,861,73.20557491289199,0.16344002743752434,23.715447154471544,False Positive (Imputed/Missing)
Callipepla californica,California Quail,Aves,0,1,0.7775196250091615,0.0,26,74.5,0.1635041532035057,24.384615384615383,False Positive (Imputed/Missing)
Solanum xanti,purple nightshade,Plantae,0,1,0.7764606610586487,0.0,52,63.46153846153846,0.16534522061164558,24.26923076923077,False Positive (Imputed/Missing)
Delphinium,larkspurs,Plantae,0,1,0.775577514135306,0.0,27,64.74074074074075,0.1617366459082674,19.59259259259259,False Positive (Imputed/Missing)
Spergularia,Sand-Spurries,Plantae,0,1,0.7752006801637806,0.0,32,38.09375,0.15080959093756968,24.5625,False Positive (Imputed/Missing)
Zadontomerus,Unknown,Insecta,0,1,0.7748119068103126,0.0,641,59.847113884555384,0.16549606352765545,23.16380655226209,False Positive (Imputed/Missing)
Senecio californicus,California ragwort,Plantae,0,1,0.7712263067507432,0.0,169,56.27810650887574,0.14789802320962822,19.130177514792898,False Positive (Imputed/Missing)
Perdita hirticeps,Unknown,Insecta,0,1,0.7712047686814826,0.0,404,65.1559405940594,0.16471248263917343,22.096534653465348,False Positive (Imputed/Missing)
Acmispon strigosus,strigose lotus,Plantae,0,1,0.768710823920326,0.0,24,53.416666666666664,0.15919842633108294,20.666666666666668,False Positive (Imputed/Missing)
Castilleja affinis affinis,Coast Paintbrush,Plantae,0,1,0.7674771975231193,0.0,34,67.05882352941177,0.14929801474927976,25.176470588235293,False Positive (Imputed/Missing)
Papilio zelicaon,Anise Swallowtail,Insecta,0,1,0.7673387752699614,0.0,23,66.65217391304348,0.15700334440106928,22.130434782608695,False Positive (Imputed/Missing)
Eschscholzia,Desert Poppies,Plantae,0,1,0.7662277105811153,0.0,47,59.48936170212766,0.14670904852608413,18.319148936170212,False Positive (Imputed/Missing)
Perdita,Unknown,Insecta,0,1,0.7631503504369562,0.0,81,64.79012345679013,0.15698209915448114,23.54320987654321,False Positive (Imputed/Missing)
Passerculus sandwichensis,Savannah Sparrow,Aves,0,1,0.7615170291378722,0.0,13,4.230769230769231,0.12609367753164125,18.53846153846154,False Positive (Imputed/Missing)
Pogonomyrmex subnitidus,Unknown,Insecta,0,1,0.7610419089663265,0.0,37,67.08108108108108,0.14581246533103887,21.0,False Positive (Imputed/Missing)
Lasioglossum sisymbrii,Tansy Mustard Sweat Bee,Insecta,0,1,0.7595039309888636,0.0,46,56.82608695652174,0.1590217113818811,23.17391304347826,False Positive (Imputed/Missing)
Phacelia distans,distant phacelia,Plantae,0,1,0.7589928241951646,0.0,247,63.19028340080972,0.14530716560449192,17.90688259109312,False Positive (Imputed/Missing)
Silene laciniata laciniata,Mexican pink,Plantae,0,1,0.7574248407303429,0.0,126,72.66666666666667,0.1649656507467466,25.928571428571427,False Positive (Imputed/Missing)
Narnia femorata,Unknown,Insecta,0,1,0.7547734142386886,0.0,23,45.95652173913044,0.1544190685710181,22.695652173913043,False Positive (Imputed/Missing)
Buteo lineatus,Red-shouldered Hawk,Aves,0,1,0.7529185215285045,0.0,16,31.125,0.1751857153140008,22.875,False Positive (Imputed/Missing)
Ambrosia psilostachya,western ragweed,Plantae,0,1,0.7520686470986434,0.0,42,13.452380952380953,0.15197960056719323,22.11904761904762,False Positive (Imputed/Missing)
Junonia grisea,Gray Buckeye,Insecta,0,1,0.7518519212335846,0.0,18,39.55555555555556,0.15427094118462667,20.0,False Positive (Imputed/Missing)
Ceratina acantha,Unknown,Insecta,0,1,0.7512626263342304,0.0,101,59.415841584158414,0.16392696907024568,23.14851485148515,False Positive (Imputed/Missing)
Copestylum marginatum,Unknown,Insecta,0,1,0.7483234360613783,0.0,70,61.4,0.15891288635986187,22.714285714285715,False Positive (Imputed/Missing)
Onagraceae,evening primrose family,Plantae,0,1,0.7463137756098351,0.0,22,49.95454545454545,0.13466193171387364,17.59090909090909,False Positive (Imputed/Missing)
Erigeron foliosus,Leafy Fleabane,Plantae,0,1,0.7462153805695904,0.0,148,73.04729729729729,0.17266517238238369,25.08783783783784,False Positive (Imputed/Missing)
Listrus,Unknown,Insecta,0,1,0.7442976637594617,0.0,39,66.58974358974359,0.1614545902762657,23.641025641025642,False Positive (Imputed/Missing)
Calyptridium monandrum,common pussypaws,Plantae,0,1,0.7438405238598171,0.0,16,69.5,0.16079790238291022,22.75,False Positive (Imputed/Missing)
Lynx rufus,Bobcat,Mammalia,0,1,0.7419253627494489,0.0,18,40.888888888888886,0.17368744851814374,24.22222222222222,False Positive (Imputed/Missing)
Plagiobothrys collinus,Cooper's Popcornflower,Plantae,0,1,0.7413378612429815,0.0,18,66.22222222222223,0.1616968363523483,22.22222222222222,False Positive (Imputed/Missing)
Dasymutilla aureola,Pacific Velvet Ant,Insecta,0,1,0.7391150297822638,0.0,34,62.470588235294116,0.15686166921959202,24.205882352941178,False Positive (Imputed/Missing)
Rumex crispus,curled dock,Plantae,0,1,0.7384388145187402,0.0,20,11.7,0.17254304476082322,19.7,False Positive (Imputed/Missing)
Malvella leprosa,alkali mallow,Plantae,0,1,0.7378859374753847,0.0,42,9.261904761904763,0.17968508822932128,20.785714285714285,False Positive (Imputed/Missing)
Helminthotheca echioides,bristly oxtongue,Plantae,0,1,0.736329411250238,0.0,32,9.5,0.17554550385102627,22.03125,False Positive (Imputed/Missing)
Ashmeadiella,Unknown,Insecta,0,1,0.731020817256336,0.0,86,72.95348837209302,0.15659496248808014,23.546511627906977,False Positive (Imputed/Missing)
Layia platyglossa,tidy tips,Plantae,0,1,0.7290899796324377,0.0,32,64.0625,0.1347924268338829,24.03125,False Positive (Imputed/Missing)
Lupinus bicolor,Miniature Lupine,Plantae,0,1,0.7288952304447944,0.0,20,14.7,0.1778051648288965,22.25,False Positive (Imputed/Missing)
Glaucopsyche lygdamus,Silvery Blue,Insecta,0,1,0.7278133684407261,0.0,39,45.35897435897436,0.1685934185217588,21.641025641025642,False Positive (Imputed/Missing)
Dasymutilla,Unknown,Insecta,0,1,0.727182548124179,0.0,17,50.94117647058823,0.15749136183191742,21.647058823529413,False Positive (Imputed/Missing)
Ammopelmatus mahogany,Mahogany Jerusalem Cricket,Insecta,0,1,0.7260749870537783,0.0,14,44.07142857142857,0.10944952746441619,15.5,False Positive (Imputed/Missing)
Eriocoma coronata,crested needle grass,Plantae,0,1,0.7249996324954234,0.0,53,78.84905660377359,0.1629578721410823,24.132075471698112,False Positive (Imputed/Missing)
Parancistrocerus declivatus,Unknown,Insecta,0,1,0.7249888077810633,0.0,78,62.96153846153846,0.17140741531665507,22.08974358974359,False Positive (Imputed/Missing)
Cerastes,Unknown,Plantae,0,1,0.7234426142429015,0.0,18,76.94444444444444,0.16334772275553805,23.0,False Positive (Imputed/Missing)
Ceanothus verrucosus,Wart-stemmed Ceanothus,Plantae,0,1,0.7220993585175708,0.0,781,82.32266325224072,0.16103446577579048,23.813060179257363,False Positive (Imputed/Missing)
Ammophila,Thread-waisted Sand Wasps,Insecta,0,1,0.7220079513527875,0.0,24,57.083333333333336,0.16280556966861084,20.041666666666668,False Positive (Imputed/Missing)
Psilocarphus tenellus,slender woolly-marbles,Plantae,0,1,0.7211964898936751,0.0,18,50.5,0.15931372634238664,23.666666666666668,False Positive (Imputed/Missing)
Galium angustifolium angustifolium,narrowleaf bedstraw,Plantae,0,1,0.7209531187551232,0.0,14,70.5,0.15255645556109285,24.857142857142858,False Positive (Imputed/Missing)
Melica imperfecta,smallflower melicgrass,Plantae,0,1,0.719648257810529,0.0,47,60.1063829787234,0.17994793964193218,22.70212765957447,False Positive (Imputed/Missing)
Brachythecium,Unknown,Plantae,0,1,0.719145400391578,0.0,17,78.0,0.15384391782914889,22.764705882352942,False Positive (Imputed/Missing)
Dasymutilla californica,Unknown,Insecta,0,1,0.717677735618372,0.0,17,53.705882352941174,0.15856758702327217,20.529411764705884,False Positive (Imputed/Missing)
Conophorus,Unknown,Insecta,0,1,0.7147515069453622,0.0,35,68.05714285714286,0.16457387379237579,22.771428571428572,False Positive (Imputed/Missing)
Apiomerus californicus,California Bee Assassin,Insecta,0,1,0.7130935380716639,0.0,27,31.703703703703702,0.1609493874841266,24.48148148148148,False Positive (Imputed/Missing)
Simmondsia chinensis,jojoba,Plantae,0,1,0.7094450353936306,0.0,47,81.38297872340425,0.15123112626532287,22.21276595744681,False Positive (Imputed/Missing)
Diadasia,Unknown,Insecta,0,1,0.7076290572429016,0.0,62,38.064516129032256,0.16662769896849505,22.516129032258064,False Positive (Imputed/Missing)
Attalus,Unknown,Insecta,0,1,0.7071345823349141,0.0,17,67.88235294117646,0.16153705733663892,22.176470588235293,False Positive (Imputed/Missing)
Ichneumonidae,Ichneumonid Wasps,Insecta,0,1,0.7027127592213589,0.0,12,65.16666666666667,0.14034831865380204,17.083333333333332,False Positive (Imputed/Missing)
Anthophora curta,Short Sun-digger Bee,Insecta,0,1,0.7024899745191654,0.0,58,68.91379310344827,0.15895966337672593,22.120689655172413,False Positive (Imputed/Missing)
Primula clevelandii,Padre's Shooting Star,Plantae,0,1,0.7019263063647043,0.0,29,69.65517241379311,0.1667763012750395,25.862068965517242,False Positive (Imputed/Missing)
Chorizanthe procumbens,prostrate spineflower,Plantae,0,1,0.7013468893346567,0.0,38,58.28947368421053,0.1576725017083318,24.289473684210527,False Positive (Imputed/Missing)
Paratiphia,Unknown,Insecta,0,1,0.701324129715667,0.0,51,66.68627450980392,0.15998980928869805,23.215686274509803,False Positive (Imputed/Missing)
Castilleja subinclusa,Longleaf paintbrush,Plantae,0,1,0.7009830144850614,0.0,18,65.94444444444444,0.15807638731267712,25.77777777777778,False Positive (Imputed/Missing)
Solanum americanum,American black nightshade,Plantae,0,1,0.7003167406591002,0.0,14,49.5,0.16766390257648056,23.214285714285715,False Positive (Imputed/Missing)
Cordylanthus,Bird's-beaks,Plantae,0,1,0.6984852270520835,0.0,13,66.3076923076923,0.16319083021237296,19.307692307692307,False Positive (Imputed/Missing)
Orgyia vetusta,Western Tussock Moth,Insecta,0,1,0.69751153666374,0.0,66,57.015151515151516,0.14153530787337906,18.545454545454547,False Positive (Imputed/Missing)
Galium porrigens,graceful bedstraw,Plantae,0,1,0.6962653654691092,0.0,12,64.83333333333333,0.167178055892388,23.583333333333332,False Positive (Imputed/Missing)
Primula clevelandii clevelandii,Cleveland's Shooting Star,Plantae,0,1,0.6952337632901143,0.0,32,71.71875,0.1640773164108395,25.6875,False Positive (Imputed/Missing)
Juncus acutus leopoldii,Southwestern Spiny Rush,Plantae,0,1,0.6913108351310163,0.0,41,6.878048780487805,0.17436146445390652,23.78048780487805,False Positive (Imputed/Missing)
Conophorus fenestratus,Cone-snout Bee Fly,Insecta,0,1,0.6913071299145365,0.0,29,63.827586206896555,0.15302139109578622,25.862068965517242,False Positive (Imputed/Missing)
Stagmomantis californica,California Mantis,Insecta,0,1,0.6911072990164708,0.0,11,21.272727272727273,0.1442793166603554,18.0,False Positive (Imputed/Missing)
Ceanothus,Ceanothus,Plantae,0,1,0.6901007887143082,0.0,38,83.39473684210526,0.15824333225425918,24.026315789473685,False Positive (Imputed/Missing)
Lupinus hirsutissimus,Stinging Lupine,Plantae,0,1,0.6900667454149533,0.0,24,65.66666666666667,0.16265111106137434,26.75,False Positive (Imputed/Missing)
Bromus diandrus,great brome,Plantae,0,1,0.6882562110848358,0.0,13,23.076923076923077,0.16004188530720193,23.0,False Positive (Imputed/Missing)
Gnaphaliinae,"cudweeds, everlastings, and pussytoes",Plantae,0,1,0.6882009259737725,0.0,12,60.583333333333336,0.1591375935822725,24.5,False Positive (Imputed/Missing)
Vespula pensylvanica,Western Yellowjacket,Insecta,0,1,0.6877417185875736,0.0,55,56.6,0.17485193298621607,22.672727272727272,False Positive (Imputed/Missing)
Poales,"Grasses, Sedges, Cattails, and Allies",Plantae,0,1,0.6855253832470353,0.0,12,44.083333333333336,0.15024701878428456,24.0,False Positive (Imputed/Missing)
Andricus quercuscalifornicus,California Gall Wasp,Insecta,0,1,0.6825452766481631,0.0,42,68.19047619047619,0.16530938712613918,22.785714285714285,False Positive (Imputed/Missing)
Euphilotes bernardino,Bernardino Blue,Insecta,0,1,0.6824752503912693,0.0,15,65.8,0.14692315757274624,24.666666666666668,False Positive (Imputed/Missing)
Juncus acutus,spiny rush,Plantae,0,1,0.680966380016977,0.0,21,5.095238095238095,0.16797763215644018,23.38095238095238,False Positive (Imputed/Missing)
Galium nuttallii,San Diego bedstraw,Plantae,0,1,0.6809496091635412,0.0,48,80.14583333333333,0.16462585624928272,22.166666666666668,False Positive (Imputed/Missing)
Claytonia,spring beauties,Plantae,0,1,0.6809255506401409,0.0,15,60.13333333333333,0.16951022446155542,25.466666666666665,False Positive (Imputed/Missing)
Andrena,Mining Bees,Insecta,0,1,0.6799738907812084,0.0,89,53.752808988764045,0.15643302317750585,18.775280898876403,False Positive (Imputed/Missing)
Hylaeus,Masked Bees,Insecta,0,1,0.6798100109214645,0.0,84,73.76190476190476,0.1670056396119651,22.75,False Positive (Imputed/Missing)
Lactista gibbosus,trailside grasshopper,Insecta,0,1,0.6770739168120635,0.0,11,52.18181818181818,0.15707835690541697,12.727272727272727,False Positive (Imputed/Missing)
Colletes ochraceus,Ochraceous Cellophane Bee,Insecta,0,1,0.675917959683217,0.0,38,50.73684210526316,0.15365786879862606,18.657894736842106,False Positive (Imputed/Missing)
Mirabilis,four o'clocks,Plantae,0,1,0.6752580137609151,0.0,16,63.5625,0.16541673894971606,23.9375,False Positive (Imputed/Missing)
Micranthophora,Unknown,Insecta,0,1,0.6749643505274011,0.0,43,75.93023255813954,0.15189898083376327,22.790697674418606,False Positive (Imputed/Missing)
Orgyia,Unknown,Insecta,0,1,0.6744475298032836,0.0,35,60.885714285714286,0.14088662681835035,22.0,False Positive (Imputed/Missing)
Ascomycota,Ascomycete Fungi,Fungi,0,1,0.6737345389659628,0.0,41,55.68292682926829,0.1670595454279242,22.73170731707317,False Positive (Imputed/Missing)
Dasymutilla flammifera,Unknown,Insecta,0,1,0.6727798669734081,0.0,15,74.13333333333334,0.15419704665740327,23.266666666666666,False Positive (Imputed/Missing)
Melissodes,Unknown,Insecta,0,1,0.6724499114139004,0.0,73,55.63013698630137,0.15516255591830158,19.835616438356166,False Positive (Imputed/Missing)
Clematis pauciflora,Southern California clematis,Plantae,0,1,0.6717997441962873,0.0,120,64.64166666666667,0.16685982737690205,25.358333333333334,False Positive (Imputed/Missing)
Cneoridium dumosum,Bushrue,Plantae,0,1,0.671032786042045,0.0,798,81.66666666666667,0.16554925228027917,24.36340852130326,False Positive (Imputed/Missing)
Erigeron foliosus foliosus,Thread stemmed fleabane,Plantae,0,1,0.6701889604511885,0.0,17,81.58823529411765,0.16471909819280395,23.176470588235293,False Positive (Imputed/Missing)
Stephanomeria virgata,rod wirelettuce,Plantae,0,1,0.6695231070436873,0.0,13,73.46153846153847,0.15939374669240067,24.615384615384617,False Positive (Imputed/Missing)
Iris pseudacorus,Yellow Iris,Plantae,0,1,0.6688382645360141,0.0,17,10.941176470588236,0.18567023297552673,22.88235294117647,False Positive (Imputed/Missing)
Tachinidae,Tachinid Flies,Insecta,0,1,0.666588903006076,0.0,22,61.63636363636363,0.17278404093601482,19.818181818181817,False Positive (Imputed/Missing)
Sylvilagus,Cottontail Rabbits,Mammalia,0,1,0.6662148758922019,0.0,11,67.0,0.14172558283263983,22.727272727272727,False Positive (Imputed/Missing)
Stylocline gnaphalioides,everlasting neststraw,Plantae,0,1,0.6650062177017274,0.0,112,82.40178571428571,0.14797928649932143,23.303571428571427,False Positive (Imputed/Missing)
Perdita californica,California Fairy Bee,Insecta,0,1,0.6646689310414347,0.0,58,73.86206896551724,0.1595362373467149,25.689655172413794,False Positive (Imputed/Missing)
Chrysothrix,Gold Dust Lichens,Fungi,0,1,0.6618344639813066,0.0,15,75.8,0.16396118650833763,23.933333333333334,False Positive (Imputed/Missing)
Odocoileus hemionus,Mule Deer,Mammalia,0,1,0.6617147767663748,0.0,19,12.368421052631579,0.18591949069186256,23.36842105263158,False Positive (Imputed/Missing)
Delphinium parryi,San Bernardino larkspur,Plantae,0,1,0.6612175000008982,0.0,16,28.375,0.18177015380933878,24.25,False Positive (Imputed/Missing)
Halictus tripartitus,Tripartite Sweat Bee,Insecta,0,1,0.6599123442709877,0.0,41,55.4390243902439,0.16701123917975072,24.51219512195122,False Positive (Imputed/Missing)
Diabrotica undecimpunctata,Spotted Cucumber Beetle,Insecta,0,1,0.6578307693071213,0.0,23,18.956521739130434,0.17525056846763773,23.217391304347824,False Positive (Imputed/Missing)
Hesperapis,Unknown,Insecta,0,1,0.657317406586409,0.0,121,63.53719008264463,0.14274556494571944,18.330578512396695,False Positive (Imputed/Missing)
Senecio,groundsels,Plantae,0,1,0.6566917741998851,0.0,13,53.30769230769231,0.13929294450924942,20.0,False Positive (Imputed/Missing)
Malachiinae,Malachite Beetles,Insecta,0,1,0.6562416857919565,0.0,11,44.45454545454545,0.15548350797458124,21.272727272727273,False Positive (Imputed/Missing)
Blitum californicum,California Goosefoot,Plantae,0,1,0.655262084912612,0.0,39,39.743589743589745,0.1890936081226055,23.076923076923077,False Positive (Imputed/Missing)
Clematis,Clematis and leatherflowers,Plantae,0,1,0.6549922383488879,0.0,16,55.625,0.1691401563584804,26.5,False Positive (Imputed/Missing)
Cyclosa turbinata,Humped Trashline Orbweaver,Arachnida,0,1,0.6547745950365007,0.0,11,70.9090909090909,0.15847522020339963,24.454545454545453,False Positive (Imputed/Missing)
Pluchea sericea,arrowweed,Plantae,0,1,0.6523753053076248,0.0,24,0.4166666666666667,0.12370056565850969,20.75,False Positive (Imputed/Missing)
Closterocoris amoenus,Unknown,Insecta,0,1,0.6512285993329773,0.0,38,59.13157894736842,0.16030806420665034,18.526315789473685,False Positive (Imputed/Missing)
Largus californicus,California Bordered Plant Bug,Insecta,0,1,0.6487600655779584,0.0,34,57.0,0.15060583523967686,20.58823529411765,False Positive (Imputed/Missing)
Ehrharta erecta,panic veldtgrass,Plantae,0,1,0.6486816624914097,0.0,11,57.27272727272727,0.15587977387688373,22.545454545454547,False Positive (Imputed/Missing)
Diplacus × australis,San Diego Monkeyflower,Plantae,0,1,0.6483047373258428,0.0,65,81.92307692307692,0.1547896711872174,23.215384615384615,False Positive (Imputed/Missing)
Prenolepis imparis,American Winter Ant,Insecta,0,1,0.648092873802685,0.0,16,62.3125,0.17245756927877662,24.9375,False Positive (Imputed/Missing)
Nomada,Nomad Bees,Insecta,0,1,0.6473030489490897,0.0,23,41.43478260869565,0.16192947198515348,23.47826086956522,False Positive (Imputed/Missing)
Ceratina arizonensis,Arizona Small carpenter,Insecta,0,1,0.6459640511983605,0.0,21,36.42857142857143,0.16956505818026404,17.714285714285715,False Positive (Imputed/Missing)
Melinis repens,Natal Grass,Plantae,0,1,0.6459283702042959,0.0,17,71.58823529411765,0.15511305893168728,23.705882352941178,False Positive (Imputed/Missing)
Jepsonia parryi,Parry's Jepsonia,Plantae,0,1,0.6437774709604536,0.0,13,77.38461538461539,0.16902622236655304,23.692307692307693,False Positive (Imputed/Missing)
Anas platyrhynchos,Mallard,Aves,0,1,0.643330271831265,0.0,12,3.1666666666666665,0.15393946599215266,20.833333333333332,False Positive (Imputed/Missing)
Geometridae,Geometer Moths,Insecta,0,1,0.6418464865036573,0.0,12,40.333333333333336,0.16232484206557268,21.666666666666668,False Positive (Imputed/Missing)
Polycarpon depressum,California manyseed,Plantae,0,1,0.6414355634263678,0.0,22,76.36363636363636,0.15296726809306574,21.727272727272727,False Positive (Imputed/Missing)
Habronattus elegans,Unknown,Arachnida,0,1,0.6413956479127858,0.0,12,64.33333333333333,0.16750172773996985,21.833333333333332,False Positive (Imputed/Missing)
Riccia sorocarpa,Common Crystalwort,Plantae,0,1,0.6390043295366385,0.0,14,69.85714285714286,0.1518731383340699,21.785714285714285,False Positive (Imputed/Missing)
Lomatium lucidum,Shiny Biscuitroot,Plantae,0,1,0.6388673764755601,0.0,238,86.03781512605042,0.15783992779104644,23.373949579831933,False Positive (Imputed/Missing)
Heteroptera,True Bugs,Insecta,0,1,0.6386155781692003,0.0,22,62.59090909090909,0.14995246168903326,16.181818181818183,False Positive (Imputed/Missing)
Johnstonella angustifolia,narrow-leaved cryptantha,Plantae,0,1,0.6363472216129807,0.0,14,64.07142857142857,0.14429983390229087,20.357142857142858,False Positive (Imputed/Missing)
Pompilidae,Spider Wasps,Insecta,0,1,0.6358330601427649,0.0,18,61.55555555555556,0.16158051002356738,23.055555555555557,False Positive (Imputed/Missing)
Dumosae,Unknown,Plantae,0,1,0.6349661945731427,0.0,25,82.08,0.15551751762628552,24.08,False Positive (Imputed/Missing)
Prionus californicus,California Root Borer,Insecta,0,1,0.6348844523386354,0.0,11,72.9090909090909,0.1487500948662107,21.363636363636363,False Positive (Imputed/Missing)
Phacelia,Scorpionweeds,Plantae,0,1,0.63455537970179,0.0,10,48.8,0.16143377348780627,19.9,False Positive (Imputed/Missing)
Sympistis perscripta,Scribbled Sallow,Insecta,0,1,0.6341913727262368,0.0,14,72.42857142857143,0.15511669857161384,21.928571428571427,False Positive (Imputed/Missing)
Cotula coronopifolia,Brass Buttons,Plantae,0,1,0.633542758673443,0.0,21,4.857142857142857,0.17177158381257734,23.285714285714285,False Positive (Imputed/Missing)
Melanoplus,North American Spur-throated Grasshoppers,Insecta,0,1,0.6330694869762321,0.0,14,44.142857142857146,0.1696076999817575,20.928571428571427,False Positive (Imputed/Missing)
Cactophagus spinolae,Cactus Weevil,Insecta,0,1,0.6330391323525594,0.0,25,40.52,0.16938357472419735,26.2,False Positive (Imputed/Missing)
Bryaceae,Unknown,Plantae,0,1,0.6295798990996935,0.0,12,75.08333333333333,0.16551513100663817,22.666666666666668,False Positive (Imputed/Missing)
Plagiobothrys nothofulvus,Rusty Popcornflower,Plantae,0,1,0.6269267400163194,0.0,11,64.81818181818181,0.15763628753748804,25.363636363636363,False Positive (Imputed/Missing)
Flavoparmelia subcapitata,Unknown,Fungi,0,1,0.6266750051221252,0.0,19,71.47368421052632,0.16794214593736745,22.94736842105263,False Positive (Imputed/Missing)
Xylococcus bicolor,mission manzanita,Plantae,0,1,0.6260387269507303,0.0,561,87.48663101604278,0.15583613925279777,23.458110516934045,False Positive (Imputed/Missing)
Atriplex prostrata,Creeping Saltbush,Plantae,0,1,0.6232894292487283,0.0,24,4.083333333333333,0.18775190995074806,25.25,False Positive (Imputed/Missing)
Physcia adscendens,Hooded Rosette Lichen,Fungi,0,1,0.6225491457846362,0.0,15,55.2,0.16382808089256284,22.866666666666667,False Positive (Imputed/Missing)
Crocanthemum scoparium,peak rushrose,Plantae,0,1,0.6215988047989083,0.0,381,83.83202099737532,0.15389180832647587,24.335958005249346,False Positive (Imputed/Missing)
Latrodectus hesperus,Western Black Widow,Arachnida,0,1,0.6214569174706132,0.0,11,32.81818181818182,0.13330452550541264,21.181818181818183,False Positive (Imputed/Missing)
Artemisia palmeri,San Diego Sagewort,Plantae,0,1,0.6198896244588183,0.0,34,10.852941176470589,0.2141872782479314,22.852941176470587,False Positive (Imputed/Missing)
Fulica americana,American Coot,Aves,0,1,0.6182035454217268,0.0,15,2.8666666666666667,0.13663933426141733,21.666666666666668,False Positive (Imputed/Missing)
Galium aparine,catchweed bedstraw,Plantae,0,1,0.6158845817541696,0.0,11,52.63636363636363,0.17619035460732196,25.0,False Positive (Imputed/Missing)
Limonium californicum,Western Marsh Rosemary,Plantae,0,1,0.6130125534979167,0.0,36,3.3333333333333335,0.18520908471610809,24.38888888888889,False Positive (Imputed/Missing)
Stephanomeria exigua deanei,Deane's wirelettuce,Plantae,0,1,0.6125355463400664,0.0,10,29.1,0.17081294506788253,22.9,False Positive (Imputed/Missing)
Quercus,oaks,Plantae,0,1,0.6116979286979203,0.0,73,87.46575342465754,0.15667675843794046,22.84931506849315,False Positive (Imputed/Missing)
Perdita interrupta,California Poppy Fairy Bee,Insecta,0,1,0.6115057317398056,0.0,31,60.064516129032256,0.1530306795912404,20.580645161290324,False Positive (Imputed/Missing)
Carex triquetra,trigonous sedge,Plantae,0,1,0.6106697828059802,0.0,33,81.15151515151516,0.16926019209803952,22.21212121212121,False Positive (Imputed/Missing)
Nerium oleander,oleander,Plantae,0,1,0.6102795367599453,0.0,12,5.583333333333333,0.046004554567237614,25.833333333333332,False Positive (Imputed/Missing)
Apiastrum angustifolium,mock parsley,Plantae,0,1,0.6067687488414959,0.0,34,60.1764705882353,0.15542652742827637,22.764705882352942,False Positive (Imputed/Missing)
Salicornieae,Unknown,Plantae,0,1,0.6052373738266051,0.0,14,5.5,0.17296766330088884,24.5,False Positive (Imputed/Missing)
Cuscuta pacifica,Pacific goldenthread,Plantae,0,1,0.6031749125937593,0.0,53,7.226415094339623,0.1999282209940676,26.90566037735849,False Positive (Imputed/Missing)
Chalcidoidea,Chalcidoid Wasps,Insecta,0,1,0.6018765786177181,0.0,22,82.45454545454545,0.1505557342686436,22.545454545454547,False Positive (Imputed/Missing)
Distichlis littoralis,shore grass,Plantae,0,1,0.5994768955911721,0.0,24,1.7083333333333333,0.1832123231142759,24.833333333333332,False Positive (Imputed/Missing)
Agave americana,American century plant,Plantae,0,1,0.5980290950684389,0.0,14,80.78571428571429,0.14117811354143275,23.785714285714285,False Positive (Imputed/Missing)
Pyrrhospora quernea,Sulphured Crimson Dot Lichen,Fungi,0,1,0.5963860130744355,0.0,14,70.21428571428571,0.17414491730076923,24.428571428571427,False Positive (Imputed/Missing)
Melaleuca nesophila,Showy Honey-myrtle,Plantae,0,1,0.5957139399565414,0.0,70,6.314285714285714,0.06929452376706255,24.985714285714284,False Positive (Imputed/Missing)
Opuntia engelmannii,Engelmann's Pricklypear,Plantae,0,1,0.5955842041465238,0.0,10,77.7,0.15760102868080134,24.5,False Positive (Imputed/Missing)
Geron,Unknown,Insecta,0,1,0.5924227117073877,0.0,31,74.70967741935483,0.15827641275621226,23.29032258064516,False Positive (Imputed/Missing)
Scrophularia californica,California beeplant,Plantae,0,1,0.5918086664347869,0.0,338,64.30473372781066,0.17130071381051862,21.91715976331361,False Positive (Imputed/Missing)
Paragus haemorrhous,Common Grass Skimmer,Insecta,0,1,0.5917732091195493,0.0,45,57.2,0.17020411358939272,22.511111111111113,False Positive (Imputed/Missing)
Bombyliidae,Bee Flies,Insecta,0,1,0.5904190462063639,0.0,19,68.57894736842105,0.17771761276220016,24.473684210526315,False Positive (Imputed/Missing)
Collinsia heterophylla,Purple Chinese Houses,Plantae,0,1,0.5898997621524927,0.0,20,15.8,0.20019759312272067,24.7,False Positive (Imputed/Missing)
Cucurbita foetidissima,Buffalo Gourd,Plantae,0,1,0.5886253631994968,0.0,42,13.714285714285714,0.19132215848990844,20.452380952380953,False Positive (Imputed/Missing)
Mareca americana,American Wigeon,Aves,0,1,0.585958072467498,0.0,13,0.3076923076923077,0.14917793182226324,23.23076923076923,False Positive (Imputed/Missing)
Bombylius,Greater Bee Flies,Insecta,0,1,0.5836643388768987,0.0,15,63.13333333333333,0.17197025517622627,25.533333333333335,False Positive (Imputed/Missing)
Crocanthemum,Frostweeds,Plantae,0,1,0.5830928858205907,0.0,151,84.05298013245033,0.15635157559091678,24.655629139072847,False Positive (Imputed/Missing)
Phloeodes diabolicus,Diabolical Ironclad Beetle,Insecta,0,1,0.5829421879526533,0.0,14,31.357142857142858,0.18748574916805535,22.285714285714285,False Positive (Imputed/Missing)
Zeltnera venusta,California Centaury,Plantae,0,1,0.5809311204216241,0.0,293,88.03071672354949,0.15022657770955927,23.68941979522184,False Positive (Imputed/Missing)
Calochortus,mariposa lilies,Plantae,0,1,0.5801453724422183,0.0,10,73.6,0.15581022650003432,26.5,False Positive (Imputed/Missing)
Lopidea marginata,Margined Scarlet Plant Bug,Insecta,0,1,0.5800194579034845,0.0,15,65.33333333333333,0.16783298651377357,21.6,False Positive (Imputed/Missing)
Philanthus gibbosus,Hump-backed Beewolf,Insecta,0,1,0.5783566517775822,0.0,14,71.28571428571429,0.16818934625812937,24.5,False Positive (Imputed/Missing)
Anthocharis sara,Sara Orangetip,Insecta,0,1,0.5782545985103829,0.0,24,16.666666666666668,0.19580952761073903,21.958333333333332,False Positive (Imputed/Missing)
Parapholis incurva,Sickle Grass,Plantae,0,1,0.5768897076445659,0.0,14,10.642857142857142,0.1799191284392561,24.0,False Positive (Imputed/Missing)
Acarospora,cobblestone lichens,Fungi,0,1,0.5757708946043177,0.0,16,83.3125,0.14043715223670003,23.8125,False Positive (Imputed/Missing)
Frullania catalinae,Unknown,Plantae,0,1,0.5754269642304174,0.0,24,41.75,0.18352043318251765,22.333333333333332,False Positive (Imputed/Missing)
Largus,Unknown,Insecta,0,1,0.5741796018303358,0.0,11,59.36363636363637,0.17872181128371842,21.454545454545453,False Positive (Imputed/Missing)
Diadasia diminuta,Globemallow chimney bees,Insecta,0,1,0.5735997987811283,0.0,16,62.1875,0.171978092752397,20.875,False Positive (Imputed/Missing)
Brachythecium albicans,Whitish Feather-moss,Plantae,0,1,0.5729035726556052,0.0,10,66.7,0.1661517299711704,22.3,False Positive (Imputed/Missing)
Phymata pacifica,Unknown,Insecta,0,1,0.5690934043155393,0.0,11,50.45454545454545,0.17958096414804456,23.818181818181817,False Positive (Imputed/Missing)
Formica fusca,fusca-group Field Ants and Allies,Insecta,0,1,0.5683542752314502,0.0,11,45.27272727272727,0.1698137826540253,26.90909090909091,False Positive (Imputed/Missing)
Leptuca crenulata,Mexican Fiddler Crab,Animalia,0,1,0.5673773384202295,0.0,21,5.428571428571429,0.19409705556574317,26.333333333333332,False Positive (Imputed/Missing)
Eupeodes volucris,Large-tailed Aphideater,Insecta,0,1,0.5665348884130383,0.0,13,71.61538461538461,0.16325644002510947,24.76923076923077,False Positive (Imputed/Missing)
Pholistoma auritum,Fiesta Flower,Plantae,0,1,0.5656227154650932,0.0,17,12.529411764705882,0.19281705205931376,24.647058823529413,False Positive (Imputed/Missing)
Dactylopius,Cochineal Scale Bugs,Insecta,0,1,0.5643778742010656,0.0,28,81.67857142857143,0.1684454267046281,24.714285714285715,False Positive (Imputed/Missing)
Descurainia pinnata,Western Tansymustard,Plantae,0,1,0.562722324164932,0.0,43,52.906976744186046,0.17904997876910272,22.069767441860463,False Positive (Imputed/Missing)
Evernia prunastri,Oakmoss,Fungi,0,1,0.5593579071761526,0.0,13,42.84615384615385,0.18404165254189414,22.153846153846153,False Positive (Imputed/Missing)
Parmotrema hypotropum,powdered ruffle lichen,Fungi,0,1,0.5576478002931959,0.0,10,82.8,0.15164658501744266,22.7,False Positive (Imputed/Missing)
Pholistoma auritum auritum,Unknown,Plantae,0,1,0.5529798364587336,0.0,12,14.75,0.18881542732318235,24.333333333333332,False Positive (Imputed/Missing)
Rhopalomyia audibertiae,White Sage Leaf Gall Midge,Insecta,0,1,0.5525080689889904,0.0,11,62.63636363636363,0.18164333159273316,23.09090909090909,False Positive (Imputed/Missing)
Bolboschoenus maritimus,sea clubrush,Plantae,0,1,0.5518919669559401,0.0,11,6.0,0.18518332188779654,23.90909090909091,False Positive (Imputed/Missing)
Diploicia canescens,White Pleated Lichen,Fungi,0,1,0.5508909921782504,0.0,23,47.04347826086956,0.1748656552770863,23.434782608695652,False Positive (Imputed/Missing)
Cynipini,Oak Gall Wasps,Insecta,0,1,0.5499761289042847,0.0,15,80.4,0.1658427854379018,23.466666666666665,False Positive (Imputed/Missing)
Gamochaeta stagnalis,Desert Cudweed,Plantae,0,1,0.5489163587400039,0.0,10,73.6,0.14603460133075713,22.1,False Positive (Imputed/Missing)
Bombus sonorus,Sonoran Bumble Bee,Insecta,0,1,0.5488036622860913,0.0,16,33.625,0.16647865017876026,26.3125,False Positive (Imputed/Missing)
Cupido amyntula,Western Tailed-Blue,Insecta,0,1,0.5484757831009486,0.0,12,8.166666666666666,0.1839536366363366,22.083333333333332,False Positive (Imputed/Missing)
Coelocnemis magna,Unknown,Insecta,0,1,0.5479763237555446,0.0,15,82.13333333333334,0.15848185718059538,23.2,False Positive (Imputed/Missing)
Viola pedunculata,California Golden Violet,Plantae,0,1,0.5448722144120639,0.0,11,46.81818181818182,0.15857291492548853,27.09090909090909,False Positive (Imputed/Missing)
Ips paraconfusus,California Fivespined Ip,Insecta,0,1,0.543613546927871,0.0,12,81.33333333333333,0.14099487413962677,23.166666666666668,False Positive (Imputed/Missing)
Artemisia dracunculus,Tarragon,Plantae,0,1,0.5425442986668632,0.0,94,49.648936170212764,0.17179834010436176,21.70212765957447,False Positive (Imputed/Missing)
Conium maculatum,poison hemlock,Plantae,0,1,0.5424692451047248,0.0,13,14.384615384615385,0.18243543115945957,23.076923076923077,False Positive (Imputed/Missing)
Stenopogonini,Unknown,Insecta,0,1,0.5411541963652642,0.0,10,61.9,0.18577189296483992,22.6,False Positive (Imputed/Missing)
Amorpha fruticosa,false indigo bush,Plantae,0,1,0.5396914276978865,0.0,21,7.9523809523809526,0.2812092211984452,23.857142857142858,False Positive (Imputed/Missing)
Paraprosopis,Unknown,Insecta,0,1,0.5390966948982258,0.0,32,73.78125,0.16759516065940258,23.3125,False Positive (Imputed/Missing)
Parmotrema hypoleucinum,Lacy Powdered-ruffle,Fungi,0,1,0.5386038405497761,0.0,16,82.6875,0.16426844801753757,22.375,False Positive (Imputed/Missing)
Crocanthemum aldersonii,Alderson's rushrose,Plantae,0,1,0.5358490322363453,0.0,92,87.52173913043478,0.1518913128453752,23.33695652173913,False Positive (Imputed/Missing)
Anemopsis californica,Yerba Mansa,Plantae,0,1,0.5329185304104495,0.0,18,4.777777777777778,0.20278645720746777,21.666666666666668,False Positive (Imputed/Missing)
Solanum douglasii,greenspot nightshade,Plantae,0,1,0.5308685796847838,0.0,12,31.583333333333332,0.18209365631143248,20.166666666666668,False Positive (Imputed/Missing)
Eucycla,Unknown,Plantae,0,1,0.5303012139362546,0.0,10,84.5,0.16024620980024334,21.0,False Positive (Imputed/Missing)
Pseudomyrmex apache,Apache Twig Ant,Insecta,0,1,0.5290167019153028,0.0,14,79.5,0.16130412316748072,25.214285714285715,False Positive (Imputed/Missing)
Caulanthus lasiophyllus,California mustard,Plantae,0,1,0.5252553411615059,0.0,11,69.63636363636364,0.17101584408770903,18.363636363636363,False Positive (Imputed/Missing)
Lonicera subspicata denudata,Johnston's honeysuckle,Plantae,0,1,0.5191207357154309,0.0,139,61.0,0.165029155907871,21.41007194244604,False Positive (Imputed/Missing)
Diploschistes,Crater Lichens,Fungi,0,1,0.5176917839273937,0.0,14,86.5,0.1573310340089457,22.928571428571427,False Positive (Imputed/Missing)
Xanthium orientale,common cocklebur,Plantae,0,1,0.512443481661769,0.0,14,17.928571428571427,0.16962794121354816,22.928571428571427,False Positive (Imputed/Missing)
Neotoma,Unknown,Mammalia,0,1,0.50835599128211,0.0,13,88.0,0.1565521262012995,22.23076923076923,False Positive (Imputed/Missing)
Aporus,Unknown,Insecta,0,1,0.5080356252544637,0.0,12,43.5,0.17399618712564305,23.166666666666668,False Positive (Imputed/Missing)
Osmiini,Unknown,Insecta,0,1,0.5033279376633885,0.0,21,71.14285714285714,0.15873849746726804,24.238095238095237,False Positive (Imputed/Missing)
Argiope aurantia,Yellow Garden Spider,Arachnida,0,1,0.5018472142401955,0.0,20,2.95,0.20150042101740834,24.1,False Positive (Imputed/Missing)
Oloptum miliaceum,Smilo Grass,Plantae,0,1,0.5016348898521569,0.0,15,39.2,0.19742415845394132,21.066666666666666,False Positive (Imputed/Missing)
Argopecten ventricosus,Pacific Calico Scallop,Mollusca,1,1,0.9885341681187327,3.0,21,4.285714285714286,-0.003146554964284114,3.5714285714285716,True Positive (Underrepresented)
Crossata californica,California frog shell,Mollusca,1,1,0.9876089767249852,3.0,11,5.818181818181818,0.0016364036127924813,9.0,True Positive (Underrepresented)
Larus californicus,California Gull,Aves,1,1,0.9855686792866529,3.0,53,4.716981132075472,0.003212635554724715,9.69811320754717,True Positive (Underrepresented)
Anomia peruviana,Pearly Jingle,Mollusca,1,1,0.9830757784511245,1.0,10,2.4,-0.008033250924199828,5.0,True Positive (Underrepresented)
Amiantis callosa,White Venus,Mollusca,1,1,0.9813835017694846,1.0,11,1.0909090909090908,-0.01405871727249839,2.272727272727273,True Positive (Underrepresented)
Syngnathus californiensis,Kelp Pipefish,Actinopterygii,1,1,0.9811148556587004,3.0,10,6.2,0.04830984580330548,9.0,True Positive (Underrepresented)
Caesia fossata,Channeled Basket Snail,Mollusca,1,1,0.9776175196366416,3.0,7,4.428571428571429,0.010021747555583686,3.5714285714285716,True Positive (Underrepresented)
Chione undatella,Wavy Chione,Mollusca,1,1,0.9741644432406003,3.0,6,5.333333333333333,0.01442445041660295,4.0,True Positive (Underrepresented)
Lepas anatifera,Pelagic Gooseneck Barnacle,Animalia,1,1,0.9697845999313572,1.0,6,1.8333333333333333,-0.000736030905197067,4.166666666666667,True Positive (Underrepresented)
Neobernaya spadicea,Chestnut Cowry,Mollusca,1,1,0.9667984928797319,2.0,10,4.1,-0.028238041792064898,0.0,True Positive (Underrepresented)
Platyodon cancellatus,Boring Softshell Clam,Mollusca,1,1,0.9667022470461912,1.0,17,2.588235294117647,-0.028985583716455626,1.588235294117647,True Positive (Underrepresented)
Bassia hyssopifolia,Fivehorn smotherweed,Plantae,1,1,0.9656332173629213,3.0,7,6.571428571428571,0.05621728154697585,3.7142857142857144,True Positive (Underrepresented)
Platyrhinoidis triseriata,Thornback Guitarfish,Animalia,1,1,0.9651808222239266,1.0,4,9.0,-0.014300941023975574,6.25,True Positive (Underrepresented)
Pandion haliaetus carolinensis,American Osprey,Aves,1,1,0.964999057184595,1.0,8,10.125,0.0552683281803183,8.375,True Positive (Underrepresented)
Gari californica,California Sunset Clam,Mollusca,1,1,0.9645805127954007,2.0,5,10.0,0.011601662542670962,4.8,True Positive (Underrepresented)
Menesiniella regalis,Unknown,Animalia,1,1,0.9639203968954202,2.0,6,6.0,-0.017333621780077635,4.0,True Positive (Underrepresented)
Saxidomus nuttalli,California Butterclam,Mollusca,1,1,0.9637165628729466,3.0,12,4.083333333333333,0.000644851165513193,2.3333333333333335,True Positive (Underrepresented)
Chione,Unknown,Mollusca,1,1,0.9596321259653119,1.0,5,13.6,-0.008545062411576482,4.0,True Positive (Underrepresented)
Chione californiensis,California Venus,Mollusca,1,1,0.9568316516915651,1.0,7,1.4285714285714286,-0.02678816526063847,3.2857142857142856,True Positive (Underrepresented)
Pluvialis squatarola,Black-bellied Plover,Aves,1,1,0.9544945488869513,1.0,6,0.8333333333333334,0.021342810709029433,4.333333333333333,True Positive (Underrepresented)
Salpinctes obsoletus,Rock Wren,Aves,1,1,0.9531546008048417,3.0,10,16.6,0.08325086813420055,7.9,True Positive (Underrepresented)
Pleurobrachia bachei,Pacific Sea Gooseberry,Animalia,1,1,0.9474843314956337,1.0,5,0.0,-0.017841846914961962,0.0,True Positive (Underrepresented)
Porpita porpita,Blue Button,Animalia,1,1,0.9470599974823174,3.0,4,0.0,-0.01584933348931372,0.0,True Positive (Underrepresented)
Engraulis mordax,Northern Anchovy,Actinopterygii,1,1,0.9457860889817156,2.0,4,5.75,-0.01700159860774875,6.25,True Positive (Underrepresented)
Naticidae,Moon Snails,Mollusca,1,1,0.9442235925364305,1.0,5,3.4,0.01100555658340448,0.0,True Positive (Underrepresented)
Zostera marina,Eelgrass,Plantae,1,1,0.9371174899676303,1.0,4,3.75,-0.04404000798240297,6.5,True Positive (Underrepresented)
Maxwellia gemma,Gem Murex,Mollusca,1,1,0.9356965525987256,1.0,6,2.3333333333333335,-0.027068381197750565,0.0,True Positive (Underrepresented)
Aurelia labiata,Greater Moon Jelly,Animalia,1,1,0.9308350625278191,2.0,5,1.0,-0.055358568951487476,0.0,True Positive (Underrepresented)
Carcharodon carcharias,Great White Shark,Animalia,1,1,0.9248719769355396,2.0,11,27.90909090909091,0.0756693716076287,4.7272727272727275,True Positive (Underrepresented)
Petricola carditoides,Hearty Petricola,Mollusca,1,1,0.9108252572587484,3.0,6,0.6666666666666666,-0.03951026685535907,0.0,True Positive (Underrepresented)
Paralichthys californicus,California Halibut,Actinopterygii,1,1,0.8997212006085334,1.0,3,1.3333333333333333,0.015730475385983805,7.0,True Positive (Underrepresented)
Ehrharta longiflora,longflower veldtgrass,Plantae,1,1,0.8947231722963204,1.0,76,47.63157894736842,0.15606915166503502,21.69736842105263,True Positive (Underrepresented)
Penitella penita,Flat-tip Piddock,Mollusca,1,1,0.894600658941961,1.0,3,2.6666666666666665,-0.017036626115441298,0.0,True Positive (Underrepresented)
Acmispon,deervetch,Plantae,1,1,0.8936739080532174,1.0,71,59.901408450704224,0.1498480060623145,21.788732394366196,True Positive (Underrepresented)
Cryptantha intermedia,Clearwater cryptantha,Plantae,1,1,0.8918574404566031,3.0,341,65.30498533724341,0.15317236497736042,21.73900293255132,True Positive (Underrepresented)
Pipilo maculatus,Spotted Towhee,Aves,1,1,0.8904937249770851,3.0,64,62.59375,0.16280043451115486,23.015625,True Positive (Underrepresented)
Carpobrotus,sea figs,Plantae,1,1,0.8903496218426723,3.0,35,30.37142857142857,0.10774244138239214,8.314285714285715,True Positive (Underrepresented)
Carpobrotus edulis,sea fig,Plantae,1,1,0.8898788511998392,2.0,52,32.94230769230769,0.13751475620441708,17.71153846153846,True Positive (Underrepresented)
Modiolus capax,Fat Horse Mussel,Mollusca,1,1,0.8898517410359433,1.0,3,12.666666666666666,0.04286823095753787,8.0,True Positive (Underrepresented)
Larus brachyrhynchus,Short-billed Gull,Aves,1,1,0.8884992391878406,1.0,3,6.333333333333333,-0.014608180771271398,8.666666666666666,True Positive (Underrepresented)
Paropsis atomaria,Dotted Paropsine Leaf Beetle,Insecta,1,1,0.8868589849515348,2.0,8,12.75,0.026553731644526114,6.125,True Positive (Underrepresented)
Thylacodes,Unknown,Mollusca,1,1,0.8867955711923455,2.0,2,9.0,0.0230357805266976,0.0,True Positive (Underrepresented)
Ophiodermella inermis,Snakeskin Turrid,Mollusca,1,1,0.8867067645027695,2.0,2,8.0,0.0119356270879507,0.0,True Positive (Underrepresented)
Lupinus truncatus,collared annual lupine,Plantae,1,1,0.8863609352016095,1.0,131,47.541984732824424,0.1586208646079056,19.106870229007633,True Positive (Underrepresented)
Stephanomeria,Wirelettuces,Plantae,1,1,0.8863129239403509,3.0,166,64.53012048192771,0.15513238503810867,23.02409638554217,True Positive (Underrepresented)
Hipponix tumens,Ribbed Hoof Snail,Mollusca,1,1,0.886272318682457,2.0,4,2.5,-0.0382374022156,0.0,True Positive (Underrepresented)
Hordeum,Barleys,Plantae,1,1,0.8834303251674653,1.0,10,8.6,0.12026735171675676,13.4,True Positive (Underrepresented)
Thalasseus elegans,Elegant Tern,Aves,1,1,0.8820941872726197,1.0,13,12.461538461538462,0.024208937413417383,17.76923076923077,True Positive (Underrepresented)
Oxalis pes-caprae,Bermuda buttercup,Plantae,1,1,0.8805380359182756,3.0,112,34.732142857142854,0.14172518732292308,18.303571428571427,True Positive (Underrepresented)
Silene gallica,Small-flowered Catchfly,Plantae,1,1,0.8805202944794854,2.0,79,58.49367088607595,0.1540516455528102,24.39240506329114,True Positive (Underrepresented)
Pinus torreyana torreyana,Torrey Pine,Plantae,1,1,0.8791865421136801,2.0,308,74.47077922077922,0.14970768955475708,22.175324675324674,True Positive (Underrepresented)
Agave shawii,Shaw's Agave,Plantae,1,1,0.8791156900315821,1.0,522,77.84674329501915,0.15370728817707732,21.743295019157088,True Positive (Underrepresented)
Leiothlypis celata,Orange-crowned Warbler,Aves,1,1,0.8782182986827359,1.0,38,61.68421052631579,0.16098913864085546,23.55263157894737,True Positive (Underrepresented)
Autobranchia,Unknown,Mollusca,1,1,0.8764926289821057,1.0,2,13.0,0.03771131392568345,12.0,True Positive (Underrepresented)
Setophaga coronata,Yellow-rumped Warbler,Aves,1,1,0.8764654750045395,1.0,42,48.214285714285715,0.15599255654073893,23.095238095238095,True Positive (Underrepresented)
Calystegia macrostegia,coast morning glory,Plantae,1,1,0.8757162445839475,2.0,620,61.53709677419355,0.16058690641075368,24.169354838709676,True Positive (Underrepresented)
Ulvales,Sea Lettuces and Allies,Plantae,1,1,0.8753893275623077,1.0,2,9.0,-0.0020897118374705002,0.0,True Positive (Underrepresented)
Falco sparverius,American Kestrel,Aves,1,1,0.8708582861172025,1.0,35,31.34285714285714,0.15825933611818718,21.485714285714284,True Positive (Underrepresented)
Dudleya,Liveforever,Plantae,1,1,0.8703765259390324,3.0,54,71.68518518518519,0.1450098538426337,21.925925925925927,True Positive (Underrepresented)
Aphelocoma californica,California Scrub-Jay,Aves,1,1,0.868750113724984,1.0,61,69.11475409836065,0.1648357418961212,22.80327868852459,True Positive (Underrepresented)
Pterostegia drymarioides,Fairy Mist,Plantae,1,1,0.8678296289671983,1.0,65,57.815384615384616,0.15902977259113232,21.16923076923077,True Positive (Underrepresented)
Corvus,Crows and Ravens,Aves,1,1,0.8634630011538899,1.0,4,20.5,0.0409905379638076,7.25,True Positive (Underrepresented)
Troglodytes aedon,Northern House Wren,Aves,1,1,0.8627979344025101,1.0,27,45.333333333333336,0.15348055627610946,24.22222222222222,True Positive (Underrepresented)
Pleurobrachia,Sea Gooseberries,Animalia,1,1,0.8626867414358219,3.0,2,0.0,-0.011310358531773099,0.0,True Positive (Underrepresented)
Amphistichus argenteus,Barred Surfperch,Actinopterygii,1,1,0.861678927442282,1.0,2,3.5,0.0019143465906381503,12.5,True Positive (Underrepresented)
Crepidula,Typical Slippersnails,Mollusca,1,1,0.8613010324644019,3.0,2,0.0,0.00772291049361225,0.0,True Positive (Underrepresented)
Lepidium nitidum,Shining Pepperweed,Plantae,1,1,0.8600561092230751,1.0,47,43.5531914893617,0.1517822463461693,20.0,True Positive (Underrepresented)
Zenaida macroura,Mourning Dove,Aves,1,1,0.859422102173016,1.0,33,67.84848484848484,0.1574929717815283,23.393939393939394,True Positive (Underrepresented)
Kelletia kelletii,Kellet's Whelk,Mollusca,1,1,0.8586605526932138,1.0,3,0.0,-0.05090531334280963,0.0,True Positive (Underrepresented)
Lepidium,Pepperweeds,Plantae,1,1,0.8586235211824969,2.0,31,41.96774193548387,0.13333277620615494,21.161290322580644,True Positive (Underrepresented)
Amphisbetia furcata,Unknown,Animalia,1,1,0.8584057958385292,1.0,2,0.0,-0.0251490892842412,0.0,True Positive (Underrepresented)
Spinus psaltria,Lesser Goldfinch,Aves,1,1,0.856842287437993,1.0,37,66.21621621621621,0.16289697990224164,21.513513513513512,True Positive (Underrepresented)
Dichondra occidentalis,western ponysfoot,Plantae,1,1,0.8566551390490675,2.0,104,69.98076923076923,0.15778573000660306,23.875,True Positive (Underrepresented)
Opuntia × demissa,Unknown,Plantae,1,1,0.8565468768063512,1.0,61,71.29508196721312,0.15378016636508407,23.311475409836067,True Positive (Underrepresented)
Pterygophora californica,stalked kelp,Chromista,1,1,0.8545153751646323,1.0,2,4.5,0.0152477473020553,0.0,True Positive (Underrepresented)
Aimophila ruficeps,Rufous-crowned Sparrow,Aves,1,1,0.8530950768728679,1.0,81,50.55555555555556,0.13302539334988883,14.975308641975309,True Positive (Underrepresented)
Camissoniopsis cheiranthifolia,beach suncup,Plantae,1,1,0.851473096645684,1.0,324,36.54938271604938,0.12647178430788583,18.021604938271604,True Positive (Underrepresented)
Atriplex,Saltbushes,Plantae,1,1,0.8511469922262834,2.0,18,36.611111111111114,0.12161898654368183,19.5,True Positive (Underrepresented)
Hedypnois rhagadioloides,Cretanweed,Plantae,1,1,0.8505832947259276,3.0,49,45.06122448979592,0.14100479950406108,24.102040816326532,True Positive (Underrepresented)
Tyrannus vociferans,Cassin's Kingbird,Aves,1,1,0.8504195779783423,2.0,24,27.0,0.15385825435320533,21.625,True Positive (Underrepresented)
Ctenophora,Comb Jellies,Animalia,1,1,0.8500926595059289,2.0,1,0.0,0.0057877814397215,0.0,True Positive (Underrepresented)
Polyorchis penicillatus,Red-eye Medusa,Animalia,1,1,0.8499751321357523,1.0,1,0.0,-0.0014460701495409,0.0,True Positive (Underrepresented)
Ampithoidae,Unknown,Animalia,1,1,0.8493408323898849,1.0,1,0.0,-0.0079121300950646,0.0,True Positive (Underrepresented)
Phoca vitulina,Harbor Seal,Mammalia,1,1,0.8489073820531022,1.0,2,4.5,0.0062676817178726005,0.0,True Positive (Underrepresented)
Eriophyllum,Woolly sunflowers,Plantae,1,1,0.8474791490832789,1.0,35,64.94285714285714,0.14664697561945228,23.857142857142858,True Positive (Underrepresented)
Cardamine californica,milkmaids,Plantae,1,1,0.8464089297798318,1.0,261,67.82375478927203,0.15925219496605036,25.701149425287355,True Positive (Underrepresented)
Augochlorella pomoniella,Peridot Sweat Bee,Insecta,1,1,0.845915696892274,3.0,245,62.673469387755105,0.15440185810534318,22.273469387755103,True Positive (Underrepresented)
Lupinus,lupines,Plantae,1,1,0.8455039165263243,1.0,29,58.96551724137931,0.15442507200199979,20.862068965517242,True Positive (Underrepresented)
Parapholas californica,Scale-sided Piddock,Mollusca,1,1,0.8442802976220796,2.0,2,4.0,-0.01856099255383015,0.0,True Positive (Underrepresented)
Astropecten,Unknown,Animalia,1,1,0.842725046549783,3.0,1,0.0,-0.0154938669875264,0.0,True Positive (Underrepresented)
Chaetopterus,Unknown,Animalia,1,1,0.8417588913508312,3.0,1,0.0,-0.0488567724823951,0.0,True Positive (Underrepresented)
Isocoma,Jimmyweeds and Goldenbushes,Plantae,1,1,0.8408750013820804,1.0,22,50.22727272727273,0.12331462600691748,20.727272727272727,True Positive (Underrepresented)
Opuntia semispinosa,Unknown,Plantae,1,1,0.8385760929523243,3.0,42,71.57142857142857,0.1568510993605568,23.61904761904762,True Positive (Underrepresented)
Agapostemon subtilior,Fine striped sweat bee,Insecta,1,1,0.8367874690552582,1.0,419,64.18138424821002,0.16278570941993897,21.69689737470167,True Positive (Underrepresented)
Lumbrineridae,Unknown,Animalia,1,1,0.8360032443083396,1.0,1,0.0,-0.0505948476493358,0.0,True Positive (Underrepresented)
Polypodium californicum,California Polypody,Plantae,1,1,0.8356490214301435,3.0,316,70.10126582278481,0.16385849963990035,24.54746835443038,True Positive (Underrepresented)
Sylvilagus bachmani,Brush Rabbit,Mammalia,1,1,0.8349496191823285,1.0,36,70.5,0.15280637776272163,23.5,True Positive (Underrepresented)
Leptotes marina,Marine Blue,Insecta,1,1,0.8332870030208235,1.0,108,62.24074074074074,0.15938056612180335,22.166666666666668,True Positive (Underrepresented)
Psaltriparus minimus,Bushtit,Aves,1,1,0.8312753719563782,3.0,53,73.79245283018868,0.159591147359812,23.943396226415093,True Positive (Underrepresented)
Abronia maritima,red sand-verbena,Plantae,1,1,0.8301658795317304,1.0,39,9.743589743589743,0.11346080383429157,16.564102564102566,True Positive (Underrepresented)
Bromus,bromes,Plantae,1,1,0.8298766129216107,1.0,19,52.0,0.15338996091955584,20.789473684210527,True Positive (Underrepresented)
Megalorchestia benedicti,Unknown,Animalia,1,1,0.8288700718486396,2.0,1,0.0,-0.0058469013310968,0.0,True Positive (Underrepresented)
Lasthenia gracilis,common goldfields,Plantae,1,1,0.8277564962250668,1.0,46,41.91304347826087,0.1327522615699664,18.23913043478261,True Positive (Underrepresented)
Neverita lewisii,Lewis's Moon Snail,Mollusca,1,1,0.8268115619069346,1.0,2,0.0,-0.04323178995400665,0.0,True Positive (Underrepresented)
Plantago erecta,dot-seed plantain,Plantae,1,1,0.8265411308069938,1.0,108,60.407407407407405,0.15157289251133244,23.11111111111111,True Positive (Underrepresented)
Cladonia,pixie cup and reindeer lichens,Fungi,1,1,0.8264653819650414,3.0,106,80.78301886792453,0.1591015647885934,22.5188679245283,True Positive (Underrepresented)
Ardea alba,Great Egret,Aves,1,1,0.82577933969149,2.0,55,4.654545454545454,0.13854102964766996,23.181818181818183,True Positive (Underrepresented)
Diplacus,Unknown,Plantae,1,1,0.8242454640613559,1.0,49,78.12244897959184,0.16118357885552909,22.612244897959183,True Positive (Underrepresented)
Dryobates nuttallii,Nuttall's Woodpecker,Aves,1,1,0.8238461371534612,1.0,19,65.52631578947368,0.16142419804083669,24.42105263157895,True Positive (Underrepresented)
Larinae,Gulls,Aves,1,1,0.8237954385246468,1.0,2,0.0,-0.007823582738637948,13.5,True Positive (Underrepresented)
Castilleja,Paintbrushes,Plantae,1,1,0.8219969068618499,3.0,129,62.72093023255814,0.15591283598842545,26.34108527131783,True Positive (Underrepresented)
Mola mola,Common Mola,Actinopterygii,1,1,0.8213613437481646,3.0,2,6.5,0.03772601485252375,13.5,True Positive (Underrepresented)
Arthropoda,Arthropods,Animalia,1,1,0.8206476689835878,1.0,20,53.55,0.16278420351445672,19.6,True Positive (Underrepresented)
Pholistoma racemosum,Racemed Fiestaflower,Plantae,1,1,0.8203038307186855,2.0,41,54.170731707317074,0.1471224899699048,26.0,True Positive (Underrepresented)
Spergularia macrotheca,Sticky Sand-Spurrey,Plantae,1,1,0.8197278704449071,1.0,30,20.833333333333332,0.15241832534472144,24.6,True Positive (Underrepresented)
Erodium cicutarium,Redstem Stork's-bill,Plantae,1,1,0.8193283321224495,2.0,52,43.17307692307692,0.14071894265138182,19.28846153846154,True Positive (Underrepresented)
Randallia ornata,globose sand crab,Animalia,1,1,0.818004676803527,2.0,1,6.0,-0.0481966808438301,0.0,True Positive (Underrepresented)
Eriophyllum confertiflorum,Golden Yarrow,Plantae,1,1,0.8175872587458064,2.0,460,73.87608695652175,0.15435033596687664,24.33695652173913,True Positive (Underrepresented)
Galium,bedstraws,Plantae,1,1,0.8174206273361748,1.0,94,70.45744680851064,0.16226324026888986,24.04255319148936,True Positive (Underrepresented)
Pezizomycotina,Sac Fungi and Lichens,Fungi,1,1,0.8172487300288706,1.0,39,70.25641025641026,0.1583405501949481,22.923076923076923,True Positive (Underrepresented)
Chenopodiastrum murale,nettle-leaved goosefoot,Plantae,1,1,0.8142890759928928,3.0,13,56.07692307692308,0.13515784075626955,16.692307692307693,True Positive (Underrepresented)
Stephanomeria exigua,Small Wirelettuce,Plantae,1,1,0.8138692545411839,1.0,23,66.26086956521739,0.15505395408557804,22.217391304347824,True Positive (Underrepresented)
Mollusca,Molluscs,Mollusca,1,1,0.8137366872702471,1.0,2,3.5,0.031482797116041156,11.5,True Positive (Underrepresented)
Elgaria multicarinata webbii,San Diego Alligator Lizard,Reptilia,1,1,0.8133776251327841,2.0,19,48.63157894736842,0.15836165404241334,22.05263157894737,True Positive (Underrepresented)
Grapsoidea,"Land, shore, and marsh crabs",Animalia,1,1,0.8111021957036777,1.0,1,0.0,0.0282034408301115,0.0,True Positive (Underrepresented)
Pituophis catenifer,Gopher Snake,Reptilia,1,1,0.8108723843694511,2.0,14,53.642857142857146,0.14829378681523456,20.857142857142858,True Positive (Underrepresented)
Ostrea lurida,Olympia Oyster,Mollusca,1,1,0.8105624262175221,3.0,2,0.0,-0.03666796628385785,0.0,True Positive (Underrepresented)
Astropecten armatus,Spiny Sand Star,Animalia,1,1,0.8092265049514088,1.0,1,0.0,-0.061722531914711,0.0,True Positive (Underrepresented)
Dipterostemon capitatus capitatus,Unknown,Plantae,1,1,0.8074744332497669,2.0,100,68.14,0.16605637483298774,24.26,True Positive (Underrepresented)
Janthina umbilicata,Elongated Violet Snail,Mollusca,1,1,0.8071677160062648,1.0,2,0.0,-0.052059058099985095,0.0,True Positive (Underrepresented)
Lepidium lasiocarpum,Hairypod Pepperweed,Plantae,1,1,0.8068731919665734,2.0,16,35.0625,0.12809109129011625,21.625,True Positive (Underrepresented)
Insecta,Insects,Insecta,1,1,0.8051106558367378,2.0,35,63.857142857142854,0.15901413730212619,21.34285714285714,True Positive (Underrepresented)
Chromista,"kelp, diatoms, and allies",Chromista,1,1,0.8048652845231403,2.0,2,0.0,-0.06314559094607824,0.0,True Positive (Underrepresented)
Cryptopleura ruprechtiana,Grape Tongue,Plantae,1,1,0.8036555493890105,1.0,1,0.0,-0.0447143837809562,0.0,True Positive (Underrepresented)
Apodemia virgulti,Behr's Metalmark,Insecta,1,1,0.8029591915163513,2.0,46,55.84782608695652,0.1557620921698601,23.608695652173914,True Positive (Underrepresented)
Uria aalge,Common Murre,Aves,1,1,0.8016019256613031,2.0,2,9.5,0.02174652973189945,0.0,True Positive (Underrepresented)
Sambucus cerulea,blue elder,Plantae,1,1,0.8015592101892167,1.0,69,25.82608695652174,0.17830020556415335,24.72463768115942,True Positive (Underrepresented)
Peucetia viridans,Green Lynx Spider,Arachnida,1,1,0.7983889401044202,1.0,17,45.411764705882355,0.1519529455724884,23.529411764705884,True Positive (Underrepresented)
Littorinidae,Periwinkle Snails,Mollusca,1,1,0.7979068076474952,2.0,1,8.0,0.023090872913599,0.0,True Positive (Underrepresented)
Lottia pelta,Shield Limpet,Mollusca,1,1,0.7979068076474952,1.0,1,8.0,0.023090872913599,0.0,True Positive (Underrepresented)
Scaphopoda,Tusk Shells,Mollusca,1,1,0.7979068076474952,1.0,1,8.0,0.023090872913599,0.0,True Positive (Underrepresented)
Turbonilla,Unknown,Mollusca,1,1,0.7979068076474952,1.0,1,8.0,0.023090872913599,0.0,True Positive (Underrepresented)
Pooideae,Unknown,Plantae,1,1,0.7976935119333727,2.0,16,44.1875,0.1470125094056129,21.125,True Positive (Underrepresented)
Lottia digitalis,Fingered Limpet Complex,Mollusca,1,1,0.7972782917322341,1.0,1,7.0,0.0136971799656748,0.0,True Positive (Underrepresented)
Fiona pinnata,Feather Aeolid,Mollusca,1,1,0.7971030542804656,1.0,1,0.0,-0.0154938669875264,0.0,True Positive (Underrepresented)
Sciaenidae,Drums,Actinopterygii,1,1,0.7923231903061386,1.0,2,0.0,0.0057877814397215,0.0,True Positive (Underrepresented)
Pterygota,Winged and Once-winged Insects,Insecta,1,1,0.7919675482948919,2.0,25,56.0,0.1465131479501724,21.72,True Positive (Underrepresented)
Lampropeltis californiae,California King Snake,Reptilia,1,1,0.7915801271359777,1.0,18,60.611111111111114,0.16034126726703507,23.0,True Positive (Underrepresented)
Pseudacris regilla,Pacific chorus frog,Amphibia,1,1,0.7909637499433818,3.0,28,46.714285714285715,0.17482488442744523,22.535714285714285,True Positive (Underrepresented)
Caenogastropoda,Caenogastropods,Mollusca,1,1,0.7903903044324143,2.0,1,0.0,-0.0451257303357124,0.0,True Positive (Underrepresented)
Crassostreinae,Cupped Oysters,Mollusca,1,1,0.7903903044324143,2.0,1,0.0,-0.0451257303357124,0.0,True Positive (Underrepresented)
Heteroconchia,Unknown,Mollusca,1,1,0.7896301016561101,1.0,1,0.0,0.0214681159704923,0.0,True Positive (Underrepresented)
Pinus,pines,Plantae,1,1,0.7887255817995958,1.0,17,59.8235294117647,0.1555875487187329,23.941176470588236,True Positive (Underrepresented)
Opuntia microdasys,Bunny Ears Cactus,Plantae,1,1,0.7884779475880836,1.0,1,0.0,0.0168918911367654,0.0,True Positive (Underrepresented)
Phyllospadix scouleri,Scouler's Surfgrass,Plantae,1,1,0.7880857336215717,1.0,1,0.0,-0.0181618984788656,0.0,True Positive (Underrepresented)
Ramalina,bushy lichens,Fungi,1,1,0.786821859567706,3.0,38,47.60526315789474,0.17402963516743555,22.710526315789473,True Positive (Underrepresented)
Rhamnus crocea,Redberry Buckthorn,Plantae,1,1,0.7849290037693182,1.0,366,69.96448087431693,0.16605930764207744,24.94535519125683,True Positive (Underrepresented)
Excirolana,Unknown,Animalia,1,1,0.7813830134887098,1.0,1,5.0,0.0404280610382556,0.0,True Positive (Underrepresented)
Pelecanus,Pelicans,Aves,1,1,0.780959834231375,1.0,2,9.0,0.0630020946264267,0.0,True Positive (Underrepresented)
Camissoniopsis lewisii,Lewis' evening-primrose,Plantae,1,1,0.77973069387948,1.0,42,56.0,0.15495809557892024,21.80952380952381,True Positive (Underrepresented)
Masticophis lateralis,Striped Racer,Reptilia,1,1,0.7796429963947853,3.0,23,70.34782608695652,0.16591390416673987,23.304347826086957,True Positive (Underrepresented)
Cladophora columbiana,Green pin-cushion alga,Plantae,1,1,0.7795950021487799,1.0,3,31.666666666666668,0.060919954441487734,6.666666666666667,True Positive (Underrepresented)
Formicidae,Ants,Insecta,1,1,0.7795914963980182,3.0,27,55.888888888888886,0.1596069628441775,24.074074074074073,True Positive (Underrepresented)
Calasterella californica,California asterella,Plantae,1,1,0.7780376092678065,1.0,36,71.63888888888889,0.18119425202409423,23.22222222222222,True Positive (Underrepresented)
Suaeda,Seepweeds,Plantae,1,1,0.7768225486243873,2.0,4,9.5,0.09015058726072309,14.0,True Positive (Underrepresented)
Elgaria multicarinata,Southern Alligator Lizard,Reptilia,1,1,0.7766390311982979,3.0,17,46.470588235294116,0.16526592479032626,21.705882352941178,True Positive (Underrepresented)
Daucus pusillus,American wild carrot,Plantae,1,1,0.7765996527496054,2.0,16,34.0625,0.15723801730200643,23.5625,True Positive (Underrepresented)
Cacama crepitans,Coastal Cactus Dodger,Insecta,1,1,0.7760533270591398,3.0,20,58.6,0.155702206492424,22.05,True Positive (Underrepresented)
Erynnis funeralis,Funereal Duskywing,Insecta,1,1,0.7746536413892794,2.0,22,68.27272727272727,0.15519462864507325,22.772727272727273,True Positive (Underrepresented)
Coleoptera,Beetles,Insecta,1,1,0.7738180116949566,3.0,51,57.05882352941177,0.16435240355192443,23.45098039215686,True Positive (Underrepresented)
Jaumea carnosa,Marsh Jaumea,Plantae,1,1,0.7733760650891671,2.0,53,6.0754716981132075,0.16884113865781503,23.77358490566038,True Positive (Underrepresented)
Candelaria pacifica,Pacific Candleflame Lichen,Fungi,1,1,0.7707699631223317,3.0,24,81.16666666666667,0.16204043508817748,22.875,True Positive (Underrepresented)
Porichthys myriaster,Specklefin Midshipman,Actinopterygii,1,1,0.7705698853666738,1.0,1,0.0,0.0143432728946208,0.0,True Positive (Underrepresented)
Hordeum murinum,wall barley,Plantae,1,1,0.770390339763738,2.0,8,35.375,0.11651811376214022,16.25,True Positive (Underrepresented)
Acari,Mites and Ticks,Arachnida,1,1,0.7694085009226779,2.0,12,41.583333333333336,0.14216235931962726,20.583333333333332,True Positive (Underrepresented)
Ageleninae,Typical Funnel Weavers,Arachnida,1,1,0.7682721120031198,3.0,16,67.75,0.16784255951642987,24.375,True Positive (Underrepresented)
Heterotheca grandiflora,Telegraphweed,Plantae,1,1,0.7676771123616615,3.0,179,49.22346368715084,0.15251447967976828,22.849162011173185,True Positive (Underrepresented)
Ribes speciosum,Fuchsiaflower Gooseberry,Plantae,1,1,0.7651154524309312,3.0,125,21.44,0.18871311435103413,22.496,True Positive (Underrepresented)
Catharus guttatus,Hermit Thrush,Aves,1,1,0.7642589010510873,2.0,14,73.71428571428571,0.15017630106636454,21.857142857142858,True Positive (Underrepresented)
Ammopelmatus,North American Jerusalem Crickets,Insecta,1,1,0.7641767176169298,1.0,20,64.7,0.15234394669532772,20.4,True Positive (Underrepresented)
Brephidium exilis,Western Pygmy-Blue,Insecta,1,1,0.7638906891762326,3.0,24,25.958333333333332,0.16020401784529284,24.0,True Positive (Underrepresented)
Halictus ligatus,Ligated Furrow Bee,Insecta,1,1,0.7638354277871393,2.0,56,20.053571428571427,0.1487792760266789,19.267857142857142,True Positive (Underrepresented)
Bassia,smotherweeds,Plantae,1,1,0.763703548294001,1.0,1,6.0,0.0153223006054759,0.0,True Positive (Underrepresented)
Castilleja foliolosa,felt paintbrush,Plantae,1,1,0.7633253477163163,2.0,405,67.73086419753086,0.17303259900690593,27.19753086419753,True Positive (Underrepresented)
Flavoparmelia caperata,common greenshield lichen,Fungi,1,1,0.7632306663368776,1.0,61,77.91803278688525,0.16686579902641102,22.40983606557377,True Positive (Underrepresented)
Laurencia subopposita,Unknown,Plantae,1,1,0.7623951113140418,1.0,1,0.0,-0.0058469013310968,0.0,True Positive (Underrepresented)
Erigeron canadensis,horseweed,Plantae,1,1,0.7621484073900259,2.0,19,52.578947368421055,0.15824863745978,22.0,True Positive (Underrepresented)
Solanum,nightshades,Plantae,1,1,0.7617045537082683,2.0,32,60.5,0.1640522831585258,24.4375,True Positive (Underrepresented)
Cladonia chlorophaea,Unknown,Fungi,1,1,0.7616832683400008,3.0,23,73.26086956521739,0.16813148882078083,22.26086956521739,True Positive (Underrepresented)
Bombus,Bumble Bees,Insecta,1,1,0.7610424531125681,1.0,60,67.25,0.16525037673612433,22.7,True Positive (Underrepresented)
Cichorieae,"Lettuce, Chicory, Dandelion and Salsify Tribe",Plantae,1,1,0.7602071180069213,1.0,16,60.0,0.15856521017849443,24.75,True Positive (Underrepresented)
Cycloneda sanguinea,Spotless Lady Beetle,Insecta,1,1,0.7595858284377389,1.0,21,40.42857142857143,0.16387808890569774,22.142857142857142,True Positive (Underrepresented)
Brassicaceae,mustard family,Plantae,1,1,0.7585025582217478,3.0,12,50.25,0.1541346292942762,20.083333333333332,True Positive (Underrepresented)
Frankenia salina,Alkali Heath,Plantae,1,1,0.758419449652234,1.0,120,12.183333333333334,0.17220331368347006,24.0,True Positive (Underrepresented)
Ophiothrix,Unknown,Animalia,1,1,0.7580550575938022,2.0,1,4.0,0.0486105978488922,0.0,True Positive (Underrepresented)
Bombus melanopygus,Black-tailed Bumble Bee,Insecta,1,1,0.7560705363131437,1.0,47,60.93617021276596,0.16599608704130697,22.27659574468085,True Positive (Underrepresented)
Micralictoides ruficaudus,Red-tailed Micro-Shortface,Insecta,1,1,0.7526764911050813,1.0,127,62.59055118110236,0.15857909883805144,25.393700787401574,True Positive (Underrepresented)
Malva,Mallows,Plantae,1,1,0.7505866217089938,1.0,7,11.571428571428571,0.13274845906666344,9.571428571428571,True Positive (Underrepresented)
Planes minutus,Gulfweed Crab,Animalia,1,1,0.7490637352039222,2.0,4,7.0,0.03535564290359615,19.0,True Positive (Underrepresented)
Pentagramma viscosa,Sticky goldback fern,Plantae,1,1,0.7490533122229012,1.0,37,69.51351351351352,0.17554357728442627,26.72972972972973,True Positive (Underrepresented)
Asilinae,Unknown,Insecta,1,1,0.747190887180825,1.0,23,67.82608695652173,0.15349740049113395,24.652173913043477,True Positive (Underrepresented)
Pusula solandri,Solander's Trivia,Mollusca,1,1,0.7453153647647397,1.0,1,0.0,-0.0749595090746879,0.0,True Positive (Underrepresented)
Sympetrum corruptum,Variegated Meadowhawk,Insecta,1,1,0.7426388125670991,1.0,26,70.11538461538461,0.15618392509909773,22.53846153846154,True Positive (Underrepresented)
Diplacus puniceus,red bush monkeyflower,Plantae,1,1,0.7420625302809388,1.0,795,81.31698113207547,0.15909201530915382,22.617610062893082,True Positive (Underrepresented)
Lepadidae,Goose Barnacles,Animalia,1,1,0.7416968434087687,1.0,1,14.0,0.0001602806878509,0.0,True Positive (Underrepresented)
Cressa truxillensis,Alkali Weed,Plantae,1,1,0.740812004405378,2.0,92,5.043478260869565,0.16540506436570504,25.07608695652174,True Positive (Underrepresented)
Selasphorus,"Rufous, Allen's, and Allied Hummingbirds",Aves,1,1,0.7403047672502131,1.0,13,49.0,0.1513399521891887,21.23076923076923,True Positive (Underrepresented)
Zonotrichia atricapilla,Golden-crowned Sparrow,Aves,1,1,0.74000795914175,2.0,13,60.0,0.15809124077741912,22.76923076923077,True Positive (Underrepresented)
Phidippus johnsoni,Johnson's Jumping Spider,Arachnida,1,1,0.7392586517878257,1.0,15,40.86666666666667,0.17136483689149218,22.2,True Positive (Underrepresented)
Corethrogyne,Unknown,Plantae,1,1,0.7390117438087227,1.0,17,77.58823529411765,0.1511855511104359,18.176470588235293,True Positive (Underrepresented)
Colletes,Cellophane Bees,Insecta,1,1,0.7372378293757864,1.0,40,47.325,0.1586250569671392,19.1,True Positive (Underrepresented)
Boraginaceae,borage family,Plantae,1,1,0.7359961341757361,1.0,15,76.06666666666666,0.16503832836945848,22.4,True Positive (Underrepresented)
Semele,Unknown,Mollusca,1,1,0.7318659406911806,1.0,1,14.0,0.0247572157531976,0.0,True Positive (Underrepresented)
Dufourea,Short-faced Bees,Insecta,1,1,0.7306469602316479,1.0,62,67.14516129032258,0.15591038715454836,26.20967741935484,True Positive (Underrepresented)
Hazardia squarrosa,saw-toothed goldenbush,Plantae,1,1,0.7300085222397913,1.0,199,82.14070351758794,0.16082901370959662,22.55778894472362,True Positive (Underrepresented)
Apantesis proxima,Mexican Tiger Moth,Insecta,1,1,0.7285611544763634,1.0,8,46.375,0.12743918690830466,6.25,True Positive (Underrepresented)
Fulmarus glacialis,Northern Fulmar,Aves,1,1,0.7277748169364319,3.0,2,16.5,0.021439096890389902,0.0,True Positive (Underrepresented)
Neogastropoda,Unknown,Mollusca,1,1,0.7262288399881077,3.0,1,0.0,-0.0756963342428207,0.0,True Positive (Underrepresented)
Hylephila phyleus,Fiery Skipper,Insecta,1,1,0.7250153421975932,1.0,20,67.1,0.15301470868289468,22.3,True Positive (Underrepresented)
Diptera,Flies,Insecta,1,1,0.7249357777575566,3.0,37,61.270270270270274,0.1644549891352653,24.594594594594593,True Positive (Underrepresented)
Xanthium strumarium,rough cocklebur,Plantae,1,1,0.7247442391725258,1.0,20,20.9,0.18809028491377827,22.8,True Positive (Underrepresented)
Eleodes,Unknown,Insecta,1,1,0.7231264806167079,2.0,15,51.46666666666667,0.15403124267856277,22.6,True Positive (Underrepresented)
Lycium,boxthorns,Plantae,1,1,0.7216223875201359,1.0,13,68.07692307692308,0.13244734016748572,23.846153846153847,True Positive (Underrepresented)
Raphanus raphanistrum,Wild radish,Plantae,1,1,0.7210107039458724,1.0,20,5.95,0.17985464893281455,23.0,True Positive (Underrepresented)
Passeriformes,Perching Birds,Aves,1,1,0.7147721489466077,1.0,8,54.25,0.12984361080452794,18.625,True Positive (Underrepresented)
Phidippus phoenix,Phoenix Jumping Spider,Arachnida,1,1,0.7143666909054461,1.0,14,56.0,0.15867025830915993,24.928571428571427,True Positive (Underrepresented)
Anthrenus lepidus,Unknown,Insecta,1,1,0.7137838742126611,1.0,17,54.76470588235294,0.17659379804835595,22.764705882352942,True Positive (Underrepresented)
Bothriocyrtum californicum,California Trapdoor Spider,Arachnida,1,1,0.7135099119620726,1.0,26,47.38461538461539,0.16983195910086996,26.615384615384617,True Positive (Underrepresented)
Pellaea andromedifolia,Coffee Fern,Plantae,1,1,0.7116740066085209,3.0,18,67.38888888888889,0.17596402515967682,23.333333333333332,True Positive (Underrepresented)
Toxomerus marginatus,Margined Calligrapher,Insecta,1,1,0.711536647447964,1.0,34,51.294117647058826,0.16838446303325535,23.441176470588236,True Positive (Underrepresented)
Uropappus lindleyi,silverpuffs,Plantae,1,1,0.710881023824553,1.0,24,47.708333333333336,0.16946646757423875,24.666666666666668,True Positive (Underrepresented)
Stephanocystis dioica,Unknown,Chromista,1,1,0.7108492509728359,3.0,3,9.0,0.024520722528298667,16.666666666666668,True Positive (Underrepresented)
Dufourea australis,Southwestern Shortface,Insecta,1,1,0.7104929139149943,1.0,25,48.64,0.15735091716051097,24.64,True Positive (Underrepresented)
Eleodes nigropilosa,Unknown,Insecta,1,1,0.7092429006303037,1.0,14,42.642857142857146,0.13748004447136603,13.714285714285714,True Positive (Underrepresented)
Lon melane,Umber Skipper,Insecta,1,1,0.7073895752415817,1.0,16,42.9375,0.18008626298978922,21.4375,True Positive (Underrepresented)
Brachycera,Brachyceran Flies,Insecta,1,1,0.7063892293416681,2.0,9,63.0,0.15353394051392869,18.22222222222222,True Positive (Underrepresented)
Thryomanes bewickii,Bewick's Wren,Aves,1,1,0.7062409299791189,1.0,17,82.47058823529412,0.15452580723692383,24.352941176470587,True Positive (Underrepresented)
Eucrypta chrysanthemifolia chrysanthemifolia,Unknown,Plantae,1,1,0.7056690180539711,2.0,20,76.7,0.17841050326824184,21.9,True Positive (Underrepresented)
Chaceia ovoidea,Wart-necked Piddock,Mollusca,1,1,0.7046670257943434,1.0,1,15.0,0.0035620320122689,0.0,True Positive (Underrepresented)
Agelenidae,Funnel Weavers,Arachnida,1,1,0.7033804935709778,1.0,13,78.07692307692308,0.16659495349113754,24.153846153846153,True Positive (Underrepresented)
Agelenopsis aperta,Desert Grass Spider,Arachnida,1,1,0.7033282861316427,1.0,13,71.3076923076923,0.17336088820145676,23.384615384615383,True Positive (Underrepresented)
Chrysothrix candelaris,gold dust lichen,Fungi,1,1,0.7025943129073597,2.0,13,75.3076923076923,0.1515420477550763,20.923076923076923,True Positive (Underrepresented)
Araneae,Spiders,Arachnida,1,1,0.7019902383245128,2.0,11,56.0,0.16251894222064447,23.90909090909091,True Positive (Underrepresented)
Solenopsis xyloni,Southern Fire Ant,Insecta,1,1,0.6987664222070782,1.0,16,60.8125,0.14922104263678188,26.5625,True Positive (Underrepresented)
Facciolella equatorialis,Dogface Witch Eel,Actinopterygii,1,1,0.6947309322841254,1.0,1,0.0,0.0296256355941295,0.0,True Positive (Underrepresented)
Allograpta obliqua,Oblique Streaktail,Insecta,1,1,0.6932639941155078,1.0,29,73.89655172413794,0.1706028423946479,22.689655172413794,True Positive (Underrepresented)
Pentagramma,Unknown,Plantae,1,1,0.6928408400694057,1.0,12,72.75,0.17275954037904737,24.0,True Positive (Underrepresented)
Aeronautes saxatalis,White-throated Swift,Aves,1,1,0.6922575071463615,1.0,11,68.27272727272727,0.16323256086219434,23.818181818181817,True Positive (Underrepresented)
Lasioglossum,Unknown,Insecta,1,1,0.6919035095423187,1.0,103,32.8252427184466,0.16981156264404645,25.29126213592233,True Positive (Underrepresented)
Pellaea andromedifolia pubescens,Unknown,Plantae,1,1,0.691581636563695,3.0,39,64.71794871794872,0.17859859993824587,24.153846153846153,True Positive (Underrepresented)
Medicago polymorpha,bur clover,Plantae,1,1,0.6909532826571043,3.0,16,15.5625,0.17418420035392043,25.6875,True Positive (Underrepresented)
Dorymyrmex,Pyramid Ants,Insecta,1,1,0.6904625370144877,2.0,15,54.4,0.15847428987423576,21.733333333333334,True Positive (Underrepresented)
Nassella pulchra,purple needlegrass,Plantae,1,1,0.6892741440442705,1.0,13,60.46153846153846,0.1678069623617025,24.846153846153847,True Positive (Underrepresented)
Cercopoidea,Spittlebugs and Froghoppers,Insecta,1,1,0.6871381517892287,1.0,13,65.15384615384616,0.15373115785993058,24.46153846153846,True Positive (Underrepresented)
Trachynia,purple false-bromes,Plantae,1,1,0.6870578111574449,1.0,14,57.857142857142854,0.15410605764814783,25.642857142857142,True Positive (Underrepresented)
Baccharis salicifolia,mule fat,Plantae,1,1,0.6866549534533861,1.0,13,6.923076923076923,0.1733175510397324,21.53846153846154,True Positive (Underrepresented)
Aphididae,Aphids,Insecta,1,1,0.6861068604901502,2.0,8,62.25,0.14375546015799043,20.75,True Positive (Underrepresented)
Sonchus,sow thistles,Plantae,1,1,0.683172100040727,1.0,12,32.666666666666664,0.16156472638249395,25.0,True Positive (Underrepresented)
Foeniculum vulgare,fennel,Plantae,1,1,0.6808260143567346,2.0,62,12.35483870967742,0.19858392255921514,24.56451612903226,True Positive (Underrepresented)
Polypogon monspeliensis,rabbitfoot grass,Plantae,1,1,0.6806913518068337,2.0,12,8.583333333333334,0.15312224222968018,22.166666666666668,True Positive (Underrepresented)
Agapostemon,Unknown,Insecta,1,1,0.6792769026606397,1.0,21,75.85714285714286,0.15995448331038153,23.952380952380953,True Positive (Underrepresented)
Neotephritis finalis,Sunflower Seed Maggot,Insecta,1,1,0.6779221923228805,1.0,22,67.36363636363636,0.165421823547645,20.90909090909091,True Positive (Underrepresented)
Selaginella cinerascens,Ashy Spikemoss,Plantae,1,1,0.6763325688548092,1.0,52,83.23076923076923,0.1539801927999808,23.48076923076923,True Positive (Underrepresented)
Ostreidae,True Oysters,Mollusca,1,1,0.6759993437284412,3.0,2,7.5,0.11590286716818805,12.0,True Positive (Underrepresented)
Quercus dumosa,Nuttall's scrub oak,Plantae,1,1,0.6758480521465033,2.0,358,86.47206703910615,0.1546185774177146,23.670391061452513,True Positive (Underrepresented)
Linepithema humile,Argentine Ant,Insecta,1,1,0.6704753328792463,3.0,16,51.0,0.16880336496978995,21.875,True Positive (Underrepresented)
Copestylum violaceum,Unknown,Insecta,1,1,0.6693309208772845,1.0,26,63.34615384615385,0.17256611757553536,22.115384615384617,True Positive (Underrepresented)
Bubo virginianus,Great Horned Owl,Aves,1,1,0.6671729770134405,1.0,11,54.90909090909091,0.18805558573115952,23.0,True Positive (Underrepresented)
Polioptila caerulea,Blue-gray Gnatcatcher,Aves,1,1,0.6670303676488137,1.0,13,83.38461538461539,0.15747524454043457,22.923076923076923,True Positive (Underrepresented)
Ricinus communis,castor bean,Plantae,1,1,0.6659279755105915,1.0,14,36.357142857142854,0.1672715895942279,21.5,True Positive (Underrepresented)
Ammophila aberti,Abert's Thread-waisted Wasp,Insecta,1,1,0.6655621380521578,1.0,10,71.8,0.14323289021849628,21.8,True Positive (Underrepresented)
Halictini,Unknown,Insecta,1,1,0.6655371938970809,1.0,10,62.4,0.14110117256641383,20.7,True Positive (Underrepresented)
Parmotrema,Ruffle Lichens,Fungi,1,1,0.662570387651893,1.0,68,88.36764705882354,0.16178351509220454,22.485294117647058,True Positive (Underrepresented)
Dorymyrmex insanus,Crazy Pyramid Ant,Insecta,1,1,0.6621111296026586,1.0,13,51.69230769230769,0.16003707624398741,16.692307692307693,True Positive (Underrepresented)
Trimerotropis pallidipennis,Pallid-winged Grasshopper,Insecta,1,1,0.6583767923318409,2.0,7,59.57142857142857,0.11699309293180701,19.857142857142858,True Positive (Underrepresented)
Hemiargus ceraunus,Ceraunus Blue,Insecta,1,1,0.657629492243756,1.0,12,51.5,0.16608284910519916,21.5,True Positive (Underrepresented)
Tringa semipalmata inornata,Western Willet,Aves,1,1,0.6562233688890755,1.0,4,6.0,0.08601863798685368,18.5,True Positive (Underrepresented)
Hemiptera,"True Bugs, Hoppers, Aphids, and allies",Insecta,1,1,0.6561426649441234,1.0,9,50.44444444444444,0.16040298839410144,17.22222222222222,True Positive (Underrepresented)
Arthroceras subterminale,Parish's glasswort,Plantae,1,1,0.6549419095195936,1.0,34,4.147058823529412,0.18129467525902912,26.470588235294116,True Positive (Underrepresented)
Teloschistaceae,"sunburst lichens, firedots, and allies",Fungi,1,1,0.6546458762307239,1.0,12,40.0,0.1728704472382863,24.5,True Positive (Underrepresented)
Amsinckia menziesii,Common Fiddleneck,Plantae,1,1,0.6543299358826752,1.0,14,24.0,0.1743663836802755,22.857142857142858,True Positive (Underrepresented)
Adenostoma fasciculatum,chamise,Plantae,1,1,0.6519404404550163,2.0,532,88.75751879699249,0.15177868583932852,23.400375939849624,True Positive (Underrepresented)
Bromus madritensis,Compact Brome,Plantae,1,1,0.6512267247627861,1.0,11,71.63636363636364,0.1823800531300631,23.636363636363637,True Positive (Underrepresented)
Pentagramma glanduloviscida,San Diego Silverback Fern,Plantae,1,1,0.6477280389443462,1.0,17,54.411764705882355,0.18937415322836704,22.823529411764707,True Positive (Underrepresented)
Sicyonia penicillata,peanut rock shrimp,Animalia,1,1,0.6469555200433715,1.0,1,15.0,0.0364793613553047,0.0,True Positive (Underrepresented)
Agaricomycetes,"Mushrooms, Bracket Fungi, Puffballs, and Allies",Fungi,1,1,0.6435032273680275,2.0,11,73.81818181818181,0.15269749205220826,23.0,True Positive (Underrepresented)
Tropaeolum majus,garden nasturtium,Plantae,1,1,0.6431710144007508,1.0,13,13.307692307692308,0.18112035210315994,20.923076923076923,True Positive (Underrepresented)
Masticophis lateralis lateralis,California Striped Racer,Reptilia,1,1,0.642092287665945,3.0,7,58.285714285714285,0.14987272130591525,17.0,True Positive (Underrepresented)
Muscoidea,Muscoid Flies,Insecta,1,1,0.634729114764948,1.0,9,64.22222222222223,0.17012987699773574,19.88888888888889,True Positive (Underrepresented)
Telmatogetoninae,Intertidal Midges,Insecta,1,1,0.6347226539883517,2.0,2,9.5,0.0810377914458513,12.0,True Positive (Underrepresented)
Pseudognaphalium microcephalum,Feltleaf Everlasting,Plantae,1,1,0.6346106816604966,1.0,7,52.857142857142854,0.14237659530980243,23.857142857142858,True Positive (Underrepresented)
Schistocerca nitens,Gray Bird Grasshopper,Insecta,1,1,0.6338345379495003,2.0,13,20.846153846153847,0.1860517400961655,23.0,True Positive (Underrepresented)
Quercus agrifolia,coast live oak,Plantae,1,1,0.6301036648475529,1.0,12,79.75,0.1673601667086283,22.833333333333332,True Positive (Underrepresented)
Nucella,Unknown,Mollusca,1,1,0.629042202818105,2.0,1,0.0,0.0864918008446693,0.0,True Positive (Underrepresented)
Leptosyne,Unknown,Plantae,1,1,0.6272872604399721,1.0,7,63.285714285714285,0.15346999040671755,26.285714285714285,True Positive (Underrepresented)
Parmotrema reticulatum,Black Sheet Lichen,Fungi,1,1,0.6264585379021093,1.0,12,73.41666666666667,0.17014194031556443,22.25,True Positive (Underrepresented)
Aphanisma blitoides,San Diego Coastal-Creeper,Plantae,1,1,0.6256104210233094,1.0,9,23.22222222222222,0.10955424855152761,24.444444444444443,True Positive (Underrepresented)
Aechmophorus,Western and Clark's Grebes,Aves,1,1,0.6251739228874655,1.0,3,45.666666666666664,0.09112783521413799,8.333333333333334,True Positive (Underrepresented)
Juncus bufonius,Toad rush,Plantae,1,1,0.6211189586781228,1.0,9,70.55555555555556,0.14717361744907162,24.333333333333332,True Positive (Underrepresented)
Lema daturaphila,Three-lined Potato Beetle,Insecta,1,1,0.6195822378287982,1.0,4,7.5,0.12285890057682987,12.0,True Positive (Underrepresented)
Pontia protodice,Checkered White,Insecta,1,1,0.6188418663598024,2.0,10,49.9,0.16590692028403278,24.8,True Positive (Underrepresented)
Brassica tournefortii,Saharan Mustard,Plantae,1,1,0.6183179496972835,3.0,7,47.142857142857146,0.14582380226680208,20.428571428571427,True Positive (Underrepresented)
Salix lasiolepis,Arroyo Willow,Plantae,1,1,0.6172399081888125,1.0,19,18.842105263157894,0.21143270166296704,21.68421052631579,True Positive (Underrepresented)
Polycarpon tetraphyllum,fourleaf manyseed,Plantae,1,1,0.6122201742378665,1.0,8,66.75,0.14159013703465462,22.0,True Positive (Underrepresented)
Parmelioideae,typical shield lichens,Fungi,1,1,0.6121727878967586,1.0,31,89.3225806451613,0.16127573506486026,22.548387096774192,True Positive (Underrepresented)
Artemisia,wormwoods and sagebrushes,Plantae,1,1,0.6109367400596892,1.0,7,40.285714285714285,0.1649892649480274,22.142857142857142,True Positive (Underrepresented)
Campiglossa picciola,Unknown,Insecta,1,1,0.6091771823308195,1.0,9,71.0,0.1724881099330054,20.444444444444443,True Positive (Underrepresented)
Carnivora,Carnivorans,Mammalia,1,1,0.6082755413148819,1.0,10,41.0,0.17736321836709973,24.9,True Positive (Underrepresented)
Eleodes carbonaria,Unknown,Insecta,1,1,0.6079542464546921,2.0,8,29.0,0.1235646340064704,26.875,True Positive (Underrepresented)
Myoporum acuminatum,Boobialla,Plantae,1,1,0.6076257556869077,1.0,13,37.61538461538461,0.1541876042118439,21.0,True Positive (Underrepresented)
Sassacus vitis,Buttonhook Leafbeetle Jumping Spider,Arachnida,1,1,0.6068125255397736,1.0,7,67.14285714285714,0.1589472549302237,22.285714285714285,True Positive (Underrepresented)
Melyridae,Soft-winged Flower Beetles,Insecta,1,1,0.6062026321875027,1.0,9,43.44444444444444,0.15783170859018958,22.11111111111111,True Positive (Underrepresented)
Villini,banded bee flies,Insecta,1,1,0.6014671196279063,3.0,8,60.75,0.16492987051606176,24.375,True Positive (Underrepresented)
Phalacrocoracidae,Cormorants and Shags,Aves,1,1,0.5951671547999168,2.0,2,11.5,0.058546469546854454,24.5,True Positive (Underrepresented)
Erigeron,fleabanes and horseweeds,Plantae,1,1,0.5886063786611646,3.0,9,79.77777777777777,0.1636314632164107,26.444444444444443,True Positive (Underrepresented)
Rafinesquia californica,California chicory,Plantae,1,1,0.5877809619179216,1.0,8,68.625,0.15832744631916282,23.0,True Positive (Underrepresented)
Acmispon maritimus maritimus,Coastal bird's-foot trefoil,Plantae,1,1,0.5856117811520644,2.0,4,16.0,0.0919384211301803,24.0,True Positive (Underrepresented)
Oestroidea,"Bot Flies, Blow Flies, and Allies",Insecta,1,1,0.5800218023341112,1.0,16,55.25,0.1600721287541091,22.875,True Positive (Underrepresented)
Anthracinae,Unknown,Insecta,1,1,0.5786183840354711,1.0,8,67.25,0.1821739040315151,24.375,True Positive (Underrepresented)
Malacothamnus,bushmallows,Plantae,1,1,0.5722123317730838,1.0,10,80.2,0.17382744699716565,22.8,True Positive (Underrepresented)
Chaetopteridae,Parchment Tubeworms,Animalia,1,1,0.5707090772990813,1.0,1,11.0,0.0614411942660808,24.0,True Positive (Underrepresented)
Lycosidae,Wolf Spiders,Arachnida,1,1,0.5688238813375028,1.0,7,44.57142857142857,0.17986600846052164,26.714285714285715,True Positive (Underrepresented)
Festuca octoflora,sixweeks grass,Plantae,1,1,0.5653835107883124,1.0,14,83.42857142857143,0.1607390690062727,23.071428571428573,True Positive (Underrepresented)
Camponotus fragilis,Unknown,Insecta,1,1,0.5637113369213668,1.0,4,33.75,0.12242686748504633,14.5,True Positive (Underrepresented)
Nymphalis antiopa,Mourning Cloak,Insecta,1,1,0.5620885085570455,1.0,7,39.714285714285715,0.18417948697294503,22.0,True Positive (Underrepresented)
Pieris rapae,Small White,Insecta,1,1,0.5617759968954914,1.0,9,10.555555555555555,0.1853989544841978,22.555555555555557,True Positive (Underrepresented)
Cardellina pusilla,Wilson's Warbler,Aves,1,1,0.5585301005769093,1.0,4,25.25,0.10815311199985442,18.75,True Positive (Underrepresented)
Encelia,brittlebushes,Plantae,1,1,0.5583727732157704,1.0,6,35.333333333333336,0.12716571303705368,26.666666666666668,True Positive (Underrepresented)
Apium graveolens,Celery,Plantae,1,1,0.5576336925764629,1.0,12,5.333333333333333,0.2001148735483487,23.25,True Positive (Underrepresented)
Loxorhynchus grandis,Sheep Crab,Animalia,1,1,0.5574425508031088,3.0,3,40.666666666666664,0.08542122567693389,24.0,True Positive (Underrepresented)
Steatoda nobilis,Noble False Widow,Arachnida,1,1,0.5547057638528932,1.0,7,69.14285714285714,0.16132268309593198,23.142857142857142,True Positive (Underrepresented)
Faboideae,Unknown,Plantae,1,1,0.5511460474524231,1.0,6,57.833333333333336,0.13803256923953688,25.5,True Positive (Underrepresented)
Paruroctonus silvestrii,California common scorpion,Arachnida,1,1,0.5505477861458135,1.0,10,58.3,0.1501535922288894,22.0,True Positive (Underrepresented)
Lasthenia californica,California goldfields,Plantae,1,1,0.5504064317101339,2.0,5,57.4,0.1400737956166267,5.0,True Positive (Underrepresented)
Parmeliaceae,shield lichens and allies,Fungi,1,1,0.5502633781252847,1.0,13,87.0,0.16207903566268772,22.76923076923077,True Positive (Underrepresented)
Agaricus,field and button mushrooms,Fungi,1,1,0.5462081557530895,1.0,10,83.4,0.16906938850879666,23.7,True Positive (Underrepresented)
Taylorilygus apicalis,Broken-backed Bug,Insecta,1,1,0.5459853123749363,1.0,7,53.0,0.18281960061618258,24.142857142857142,True Positive (Underrepresented)
Microseridinae,Unknown,Plantae,1,1,0.545729947434711,1.0,4,46.75,0.15181049518287176,23.75,True Positive (Underrepresented)
Liorhyssus hyalinus,Hyaline Grass Bug,Insecta,1,1,0.5429039494471178,1.0,7,73.28571428571429,0.16292799157755714,24.714285714285715,True Positive (Underrepresented)
Icterus cucullatus,Hooded Oriole,Aves,1,1,0.5406756801563172,1.0,6,38.833333333333336,0.15474163740873334,23.166666666666668,True Positive (Underrepresented)
Mecaphesa,Unknown,Arachnida,1,1,0.5405893121059838,1.0,6,42.833333333333336,0.16426211843887964,24.0,True Positive (Underrepresented)
Phthiriinae,Unknown,Insecta,1,1,0.5403206660782788,1.0,9,72.44444444444444,0.1633773487475183,24.444444444444443,True Positive (Underrepresented)
Miridae,Plant Bugs,Insecta,1,1,0.5394044166566143,2.0,8,50.5,0.1618238445371389,11.625,True Positive (Underrepresented)
Pseudognaphalium luteoalbum,Jersey Cudweed,Plantae,1,1,0.5378738408339274,3.0,7,67.85714285714286,0.15965128583567476,22.714285714285715,True Positive (Underrepresented)
Lamarckia aurea,goldentop grass,Plantae,1,1,0.5374982136211851,3.0,6,59.0,0.150985578695933,25.5,True Positive (Underrepresented)
Phidippus,Unknown,Arachnida,1,1,0.5339691820502537,3.0,6,49.333333333333336,0.16914388537406919,28.333333333333332,True Positive (Underrepresented)
Bryopsida,Joint-toothed Mosses,Plantae,1,1,0.5333251526526388,1.0,8,80.5,0.1534768640995025,24.25,True Positive (Underrepresented)
Cyanobacteria,Unknown,Unknown,1,1,0.5332963140315138,1.0,4,34.0,0.1067696311511099,17.75,True Positive (Underrepresented)
Akephorus marinus,Unknown,Insecta,1,1,0.5315655376325761,1.0,1,11.0,0.0290633346885442,25.0,True Positive (Underrepresented)
Atriplex leucophylla,beach saltbush,Plantae,1,1,0.5274646708426342,1.0,2,14.0,0.1143776476383209,11.5,True Positive (Underrepresented)
Microschatia inaequalis,Unknown,Insecta,1,1,0.5248233181788969,3.0,8,58.125,0.13681095093488688,22.25,True Positive (Underrepresented)
Geheebia,Unknown,Plantae,1,1,0.5238365836552601,2.0,9,38.22222222222222,0.15819716122415325,21.555555555555557,True Positive (Underrepresented)
Salsola tragus,Prickly Russian Thistle,Plantae,1,1,0.5230641122041717,1.0,4,22.5,0.1587651595473289,24.5,True Positive (Underrepresented)
Asterellopsis palmeri,Palmer's asterella,Plantae,1,1,0.5227271413946688,1.0,26,85.38461538461539,0.15137332333968234,21.846153846153847,True Positive (Underrepresented)
Festuca myuros,rattail sixweeks grass,Plantae,1,1,0.5220240762702153,1.0,6,70.16666666666667,0.16934883842865622,26.0,True Positive (Underrepresented)
Salicornia,pickleweeds,Plantae,1,1,0.5219927643347954,2.0,7,3.4285714285714284,0.15851946068661552,23.857142857142858,True Positive (Underrepresented)
Agrocybe pediades,Common Fieldcap,Fungi,1,1,0.5208601933098207,1.0,4,33.5,0.14571926370263094,16.0,True Positive (Underrepresented)
Amsinckia,Fiddlenecks,Plantae,1,1,0.5202270396213651,2.0,6,55.666666666666664,0.17499753584464384,24.5,True Positive (Underrepresented)
Opuntia × occidentalis,California Pricklypear,Plantae,1,1,0.5130088539423362,1.0,7,53.857142857142854,0.1458024659327098,23.142857142857142,True Positive (Underrepresented)
Philanthus,Beewolves,Insecta,1,1,0.5101778803499606,1.0,7,62.0,0.15390970238617482,26.714285714285715,True Positive (Underrepresented)
Schismus barbatus,common Mediterranean grass,Plantae,1,1,0.5083496915378696,1.0,7,87.14285714285714,0.15006454501833227,18.571428571428573,True Positive (Underrepresented)
Araneomorphae,Typical Spiders,Arachnida,1,1,0.508143468310832,1.0,5,67.4,0.16126609742641446,25.6,True Positive (Underrepresented)
Calyptratae,Calyptrate Flies,Insecta,1,1,0.5071385111870975,1.0,7,66.85714285714286,0.1524724470717566,21.285714285714285,True Positive (Underrepresented)
Acmispon micranthus,San Diego bird's-foot trefoil,Plantae,1,1,0.5052558489238903,1.0,6,17.666666666666668,0.1635254820187886,28.0,True Positive (Underrepresented)
Lecanorales,"shield lichens, rim lichens, and allies",Fungi,1,1,0.5046968105102908,1.0,8,77.75,0.16291032824665302,21.875,True Positive (Underrepresented)
Litaneutria,American Ground Mantises,Insecta,1,1,0.5045938622602806,2.0,2,37.5,0.08717563329264515,12.5,True Positive (Underrepresented)
Nomada vegana,Unknown,Insecta,1,1,0.504310332530023,2.0,7,47.285714285714285,0.15373852636132918,25.857142857142858,True Positive (Underrepresented)
Gnaphosidae,Stealthy Ground Spiders,Arachnida,1,1,0.5012538692346354,2.0,4,58.0,0.16551767662167544,16.75,True Positive (Underrepresented)
Ribes,currants and gooseberries,Plantae,1,1,0.5009383112234818,1.0,9,34.44444444444444,0.18853774666786188,21.333333333333332,True Positive (Underrepresented)
Mytilus californianus,California Mussel,Mollusca,1,1,0.9903297158606872,181.0,13,7.769230769230769,0.017229745737635176,5.6923076923076925,True Positive (Well Documented)
Anthopleura elegantissima,Aggregating Anemone,Animalia,1,1,0.9901018610092485,175.0,12,7.666666666666667,0.012755218815679351,4.0,True Positive (Well Documented)
Chthamalus,Unknown,Animalia,1,1,0.990097380150495,43.0,12,9.583333333333334,0.02188141308336829,6.083333333333333,True Positive (Well Documented)
Animalia,Animals,Animalia,1,1,0.99009406938473,44.0,11,9.363636363636363,0.0013760169544680552,7.181818181818182,True Positive (Well Documented)
Thylacodes squamigerus,Scaled Worm Snail,Mollusca,1,1,0.9899234715029326,27.0,19,9.789473684210526,0.001991927372536757,5.157894736842105,True Positive (Well Documented)
Lottia,Lottia Limpets,Mollusca,1,1,0.989133540738291,71.0,8,8.625,0.024182283319532878,3.0,True Positive (Well Documented)
Lottia austrodigitalis,Southern Finger Limpet,Mollusca,1,1,0.989133540738291,15.0,8,8.625,0.024182283319532878,3.0,True Positive (Well Documented)
Phragmatopoma californica,California Sandcastle Worm,Animalia,1,1,0.9891242095336247,118.0,8,10.0,0.034528007498010986,3.125,True Positive (Well Documented)
Nuttallina californica,California Spiny Chiton,Mollusca,1,1,0.9886582198437577,123.0,16,9.75,0.014786047860980044,7.625,True Positive (Well Documented)
Dendraster excentricus,Eccentric Sand Dollar,Animalia,1,1,0.9884141657768485,77.0,29,5.0344827586206895,-0.011347780084430152,5.9655172413793105,True Positive (Well Documented)
Tringa semipalmata,Willet,Aves,1,1,0.987983176826485,38.0,61,4.590163934426229,-0.0034985845225298275,4.688524590163935,True Positive (Well Documented)
Chama arcana,Clear Jewel Box,Mollusca,1,1,0.9879738617051629,8.0,14,4.571428571428571,-0.0167588010496859,5.642857142857143,True Positive (Well Documented)
Numenius americanus,Long-billed Curlew,Aves,1,1,0.9878222479267794,6.0,82,2.3658536585365852,-0.01096641415838015,5.121951219512195,True Positive (Well Documented)
Dosima fascicularis,Buoy Barnacle,Animalia,1,1,0.9877106418455,17.0,25,3.56,0.0023565609101205876,3.04,True Positive (Well Documented)
Californiconus californicus,California Cone,Mollusca,1,1,0.9874632030412579,29.0,10,6.0,-0.003748881584033389,2.6,True Positive (Well Documented)
Myliobatis californica,Bat Ray,Animalia,1,1,0.9874569162547983,78.0,10,9.1,0.008825492121104592,4.9,True Positive (Well Documented)
Aglaophenia,Ostrich-Plume Hydroids,Animalia,1,1,0.9874001556211789,5.0,9,5.0,0.003435783510212767,8.222222222222221,True Positive (Well Documented)
Pollicipes polymerus,Gooseneck Barnacle,Animalia,1,1,0.9871526113286577,252.0,36,10.444444444444445,0.0330353192176618,5.472222222222222,True Positive (Well Documented)
Callianax biplicata,Purple Olive Snail,Mollusca,1,1,0.9870761642367878,36.0,28,6.428571428571429,-0.01090181784976656,3.5714285714285716,True Positive (Well Documented)
Blepharipoda occidentalis,Spiny Mole Crab,Animalia,1,1,0.9869578253721228,12.0,9,13.88888888888889,0.025999763165600567,3.2222222222222223,True Positive (Well Documented)
Emerita analoga,Pacific Sand Crab,Animalia,1,1,0.9868728820056241,41.0,63,2.3333333333333335,-0.01168853258861909,2.4285714285714284,True Positive (Well Documented)
Panulirus interruptus,California Spiny Lobster,Animalia,1,1,0.9866714366616046,133.0,64,7.0625,0.0043479669432144805,7.453125,True Positive (Well Documented)
Anthopleura sola,Sunburst Anemone,Animalia,1,1,0.9863739756814154,404.0,50,8.84,0.02316971980035305,9.28,True Positive (Well Documented)
Numenius hudsonicus,Hudsonian Whimbrel,Aves,1,1,0.9861136219185901,218.0,101,5.1683168316831685,0.008355406916638058,7.108910891089109,True Positive (Well Documented)
Egregia menziesii,Feather Boa Kelp,Chromista,1,1,0.9857572649899763,68.0,64,2.984375,-0.006503737726234241,3.625,True Positive (Well Documented)
Lottia gigantea,Owl Limpet,Mollusca,1,1,0.9857038730173951,90.0,8,13.25,0.05877948855049907,6.25,True Positive (Well Documented)
Megastraea undosa,Wavy Turban,Mollusca,1,1,0.9855614172107761,7.0,20,4.65,0.0001491101691499297,3.7,True Positive (Well Documented)
Egretta thula,Snowy Egret,Aves,1,1,0.9853498723834426,165.0,108,2.7962962962962963,-0.006844409613323569,6.157407407407407,True Positive (Well Documented)
Atherinops affinis,Topsmelt Silverside,Actinopterygii,1,1,0.9852750293327532,6.0,14,0.0,-0.01551856220300707,3.7142857142857144,True Positive (Well Documented)
Glossaulax reclusiana,Recluz's Moon Snail,Mollusca,1,1,0.9852274707907155,9.0,35,5.9714285714285715,0.004450683787997267,2.8,True Positive (Well Documented)
Achelous xantusii,Xantus Swimming Crab,Animalia,1,1,0.9851197044687637,4.0,8,6.875,-0.022321715941870927,3.25,True Positive (Well Documented)
Rexithaerus sectus,White Macoma,Mollusca,1,1,0.9850413190346278,6.0,22,5.045454545454546,-0.01872117430056361,4.7727272727272725,True Positive (Well Documented)
Donax gouldii,Gould Beanclam,Mollusca,1,1,0.9849128832281153,131.0,54,2.4814814814814814,-0.018512638070172175,3.740740740740741,True Positive (Well Documented)
Limosa fedoa,Marbled Godwit,Aves,1,1,0.9847946514144433,32.0,36,8.75,0.010326388518377725,7.444444444444445,True Positive (Well Documented)
Zalophus californianus,California Sea Lion,Mammalia,1,1,0.9845810166428574,103.0,21,7.285714285714286,0.032173379141438196,8.19047619047619,True Positive (Well Documented)
Tivela stultorum,Pismo Clam,Mollusca,1,1,0.9844335670634871,63.0,32,3.0625,-0.012532576423836879,2.40625,True Positive (Well Documented)
Littorina keenae,Eroded Periwinkle,Mollusca,1,1,0.9842817789486694,24.0,12,8.5,0.007643499644473199,2.0,True Positive (Well Documented)
Macrocystis pyrifera,Giant Kelp,Chromista,1,1,0.9842217332357878,81.0,102,5.421568627450981,0.004913989983655411,4.970588235294118,True Positive (Well Documented)
Pelagophycus porra,Elk Kelp,Chromista,1,1,0.9840316320837966,32.0,28,5.642857142857143,0.009130713204025837,4.428571428571429,True Positive (Well Documented)
Chrysaora colorata,Purple-striped Sea Nettle,Animalia,1,1,0.9834819356497384,21.0,17,3.235294117647059,0.0026513853603426056,8.882352941176471,True Positive (Well Documented)
Urile penicillatus,Brandt's Cormorant,Aves,1,1,0.9822083519096239,20.0,15,11.266666666666667,0.02022082687666018,4.933333333333334,True Positive (Well Documented)
Larus occidentalis,Western Gull,Aves,1,1,0.9815205183658975,103.0,219,8.095890410958905,0.008394592186993144,5.680365296803653,True Positive (Well Documented)
Pandion haliaetus,Osprey,Aves,1,1,0.9814881218865641,171.0,169,8.63905325443787,0.03859055764033227,8.994082840236686,True Positive (Well Documented)
Velella velella,By-the-wind Sailor,Animalia,1,1,0.9813709013794188,57.0,146,2.2945205479452055,-0.028499448924502416,2.808219178082192,True Positive (Well Documented)
Sargassum muticum,Japanese Wireweed,Chromista,1,1,0.9806172337249491,56.0,7,3.0,-0.004846494794557141,7.285714285714286,True Positive (Well Documented)
Aechmophorus occidentalis,Western Grebe,Aves,1,1,0.9804508445411293,6.0,11,8.0,0.0572147466750307,4.818181818181818,True Positive (Well Documented)
Tetraclita rubescens,Pink Volcano Barnacle,Animalia,1,1,0.9799257392942945,86.0,6,6.833333333333333,0.01990129643430312,4.0,True Positive (Well Documented)
Sargassum horneri,Devil weed,Chromista,1,1,0.978452892476279,7.0,8,2.125,-0.022559019387699636,3.125,True Positive (Well Documented)
Pelecanus occidentalis,Brown Pelican,Aves,1,1,0.9772416826251731,35.0,137,20.503649635036496,0.04835429910084326,10.233576642335766,True Positive (Well Documented)
Crassadoma gigantea,Giant Rock Scallop,Mollusca,1,1,0.9767685452963245,6.0,12,3.1666666666666665,-0.025167707431440534,6.5,True Positive (Well Documented)
Plocamium cartilagineum,Sea Comb,Plantae,1,1,0.9761785678781528,16.0,15,3.066666666666667,-0.02511501070111989,6.933333333333334,True Positive (Well Documented)
Phyllospadix torreyi,Torrey's Surfgrass,Plantae,1,1,0.9757548211797943,55.0,32,2.40625,0.00033382762921974366,4.0,True Positive (Well Documented)
Larus delawarensis,Ring-billed Gull,Aves,1,1,0.9751610803399406,26.0,34,5.470588235294118,-0.005890652509954038,5.0588235294117645,True Positive (Well Documented)
Ulva,Sea Lettuces,Plantae,1,1,0.975120681833461,18.0,8,13.75,0.06278224964626129,6.0,True Positive (Well Documented)
Larus heermanni,Heermann's Gull,Aves,1,1,0.9751010932200048,43.0,97,6.938144329896907,0.003686142797322609,5.989690721649485,True Positive (Well Documented)
Zirfaea pilsbryi,Rough Piddock,Mollusca,1,1,0.9750381579308335,5.0,10,2.3,-0.0022313258843496614,2.3,True Positive (Well Documented)
Leukoma staminea,Pacific Littleneck Clam,Mollusca,1,1,0.9736447089834254,17.0,12,2.8333333333333335,-0.017027192981913686,6.0,True Positive (Well Documented)
Falco peregrinus,Peregrine Falcon,Aves,1,1,0.9717703058970727,50.0,367,20.722070844686648,0.042346080544985794,6.779291553133515,True Positive (Well Documented)
Pseudochama exogyra,Reversed Chama,Mollusca,1,1,0.9716973981947828,29.0,11,9.636363636363637,0.027493786750710538,4.363636363636363,True Positive (Well Documented)
Eucheilota bakeri,Bean Clam Hydroid,Animalia,1,1,0.9715807861414398,28.0,7,1.8571428571428572,-0.03239724518997327,3.4285714285714284,True Positive (Well Documented)
Pachygrapsus crassipes,Striped Shore Crab,Animalia,1,1,0.9715171038041378,264.0,146,7.86986301369863,0.057684747618822405,11.164383561643836,True Positive (Well Documented)
Thalasseus maximus,Royal Tern,Aves,1,1,0.9707210389124841,19.0,32,11.5,0.002326395799173047,12.125,True Positive (Well Documented)
Lepas pacifica,Pacific Gooseneck Barnacle,Animalia,1,1,0.9704215632508028,10.0,7,4.142857142857143,0.005496459314599615,0.0,True Positive (Well Documented)
Bivalvia,Bivalves,Mollusca,1,1,0.9699632901359148,9.0,7,6.571428571428571,0.017135379037686742,10.714285714285714,True Positive (Well Documented)
Magallana gigas,Pacific Oyster,Mollusca,1,1,0.969612476903092,8.0,9,1.7777777777777777,0.008171672104961333,8.333333333333334,True Positive (Well Documented)
Megalorchestia corniculata,Unknown,Animalia,1,1,0.9680668547338981,9.0,11,6.454545454545454,-0.00223143771290779,0.0,True Positive (Well Documented)
Pseudobatos productus,Shovelnose Guitarfish,Animalia,1,1,0.9637281591622068,110.0,4,4.75,-0.013745701406151048,6.5,True Positive (Well Documented)
Ligia occidentalis,Western Sea Slater,Animalia,1,1,0.9628499665906226,78.0,35,10.085714285714285,0.0336485889740288,13.428571428571429,True Positive (Well Documented)
Neoterebra pedroana,San Pedro Auger,Mollusca,1,1,0.9627660064007691,11.0,4,7.0,-0.01312860171310605,6.5,True Positive (Well Documented)
Melanitta perspicillata,Surf Scoter,Aves,1,1,0.9624351423297947,42.0,11,17.545454545454547,0.02584177273225082,2.272727272727273,True Positive (Well Documented)
Pelecanus occidentalis californicus,California Brown Pelican,Aves,1,1,0.9623198405586423,41.0,92,3.5434782608695654,-0.038028526752579776,0.8260869565217391,True Positive (Well Documented)
Menticirrhus undulatus,California Corbina,Actinopterygii,1,1,0.9621500293761646,16.0,7,1.5714285714285714,-0.024745320102998212,3.7142857142857144,True Positive (Well Documented)
Romaleon antennarium,Pacific Rock Crab,Animalia,1,1,0.961710288865277,7.0,8,7.25,0.018021548923570663,0.0,True Positive (Well Documented)
Actinopterygii,Ray-finned Fishes,Actinopterygii,1,1,0.9614714739285377,6.0,6,2.5,0.03780953089396153,3.8333333333333335,True Positive (Well Documented)
Ulva lactuca,Broadleaf Sea Lettuce,Plantae,1,1,0.9614390100908916,18.0,12,14.666666666666666,-0.003392605887105049,6.083333333333333,True Positive (Well Documented)
Phyllospadix,surfgrasses,Plantae,1,1,0.9613133436562293,22.0,6,3.0,0.0008472801807026011,8.5,True Positive (Well Documented)
Metacarcinus anthonyi,Yellow Rock Crab,Animalia,1,1,0.9610139837668737,48.0,13,6.461538461538462,0.0006574809264678303,13.76923076923077,True Positive (Well Documented)
Delphinus delphis,Common Dolphin,Mammalia,1,1,0.9599704321762692,10.0,7,13.428571428571429,0.04106577026790803,3.4285714285714284,True Positive (Well Documented)
Ulva intestinalis,Gutweed,Plantae,1,1,0.9591598729814431,19.0,9,9.666666666666666,0.06615637553234892,10.777777777777779,True Positive (Well Documented)
Mytilus,Black Mussels,Mollusca,1,1,0.9581116519992313,37.0,4,9.0,0.049786972347646924,6.0,True Positive (Well Documented)
Stephanocystis osmundacea,chain bladder kelp,Chromista,1,1,0.9526388822912797,6.0,4,2.25,-0.0060258721932768735,6.25,True Positive (Well Documented)
Leptopecten latiauratus,Kelp Scallop,Mollusca,1,1,0.951598972713237,10.0,6,0.0,-0.018493764800950867,8.333333333333334,True Positive (Well Documented)
Pentidotea resecata,Eelgrass Isopod,Animalia,1,1,0.9501335501954374,9.0,4,6.0,0.003443293273448926,0.0,True Positive (Well Documented)
Stephanocystis,Unknown,Chromista,1,1,0.9492889829175042,8.0,4,8.0,0.0249553613830358,6.0,True Positive (Well Documented)
Crepidula onyx,Onyx Slippersnail,Mollusca,1,1,0.9476685255810783,7.0,9,5.222222222222222,0.013442722200933389,0.0,True Positive (Well Documented)
Calidris alba,Sanderling,Aves,1,1,0.9472363271588901,4.0,9,0.1111111111111111,0.028316817556818294,5.333333333333333,True Positive (Well Documented)
Semele decisa,Clipped Semele,Mollusca,1,1,0.9447428607581869,8.0,11,2.6363636363636362,-0.02843256366031707,0.0,True Positive (Well Documented)
Cyanoplax hartwegii,Hartweg's Chiton,Mollusca,1,1,0.9439516458996102,32.0,4,8.5,-0.0036997655406594,0.0,True Positive (Well Documented)
Membranipora membranacea,kelp lace bryozoan,Animalia,1,1,0.9399123459291437,11.0,4,8.25,0.014411751122679525,0.0,True Positive (Well Documented)
Littorina scutulata,Checkered Periwinkle,Mollusca,1,1,0.9384449696600176,8.0,3,9.333333333333334,0.018013887728254,8.0,True Positive (Well Documented)
Hydroprogne caspia,Caspian Tern,Aves,1,1,0.9380733845159323,7.0,18,3.4444444444444446,0.026164738642465726,14.0,True Positive (Well Documented)
Colpomenia peregrina,Oyster-thief,Chromista,1,1,0.9375906495657315,17.0,5,6.0,-0.01808857293799518,0.0,True Positive (Well Documented)
Aplidium californicum,Pacific Sea Pork,Animalia,1,1,0.9375117862567555,77.0,6,7.666666666666667,0.006357386553039135,12.333333333333334,True Positive (Well Documented)
Rhodophyta,red algae,Plantae,1,1,0.9361558229425885,37.0,7,4.428571428571429,-0.004306047007308471,0.0,True Positive (Well Documented)
Balanidae,Unknown,Animalia,1,1,0.9359862442841264,5.0,3,7.666666666666667,0.02215859914819393,8.333333333333334,True Positive (Well Documented)
Taliepus nuttallii,Southern Kelp Crab,Animalia,1,1,0.9359780566916809,9.0,4,7.5,0.0008286093361675757,0.0,True Positive (Well Documented)
Paraconcavus pacificus,Red-striped Acorn Barnacle,Animalia,1,1,0.9352706818956991,23.0,5,3.0,-0.03931315839290618,10.0,True Positive (Well Documented)
Nannopterum auritum,Double-crested Cormorant,Aves,1,1,0.9333226734964427,10.0,24,9.625,0.04833723280656461,13.541666666666666,True Positive (Well Documented)
Aplysia californica,California Seahare,Mollusca,1,1,0.9306244871974869,336.0,8,6.5,0.0695172346313484,9.0,True Positive (Well Documented)
Leuresthes tenuis,California Grunion,Actinopterygii,1,1,0.9304198867787407,4.0,4,5.0,0.03545772039797153,6.0,True Positive (Well Documented)
Urobatis halleri,Haller's Round Ray,Animalia,1,1,0.9275381442382492,48.0,5,1.4,-0.04266581330448386,0.0,True Positive (Well Documented)
Roncador stearnsii,Spotfin Croaker,Actinopterygii,1,1,0.9229422254456572,23.0,4,0.0,-0.031131708296015848,0.0,True Positive (Well Documented)
Chthamalus dalli,Little Brown Barnacle,Animalia,1,1,0.9207371495641873,51.0,3,8.0,0.023090872913599,0.0,True Positive (Well Documented)
Pholadidae,Piddocks and Angelwings,Mollusca,1,1,0.919777695868515,10.0,3,3.6666666666666665,0.0217123981565237,8.333333333333334,True Positive (Well Documented)
Pteropurpura festiva,Festive Murex,Mollusca,1,1,0.9163722360410704,5.0,5,5.2,-0.026352181471884218,10.6,True Positive (Well Documented)
Plocamium,Unknown,Plantae,1,1,0.9163407526525623,7.0,5,0.0,-0.023831884562969204,0.0,True Positive (Well Documented)
Buteo jamaicensis,Red-tailed Hawk,Aves,1,1,0.9160257258199563,25.0,197,52.49238578680203,0.15053700355028135,22.32994923857868,True Positive (Well Documented)
Otospermophilus beecheyi,California Ground Squirrel,Mammalia,1,1,0.9142206018376292,24.0,253,38.4901185770751,0.10781128705652213,14.055335968379447,True Positive (Well Documented)
Sayornis nigricans,Black Phoebe,Aves,1,1,0.9136414116595482,21.0,49,23.510204081632654,0.11724752969047934,16.693877551020407,True Positive (Well Documented)
Tursiops truncatus,Common Bottlenose Dolphin,Mammalia,1,1,0.9122376025284736,210.0,29,41.86206896551724,0.09427932058942726,11.586206896551724,True Positive (Well Documented)
Gelidium,Jellyweeds,Plantae,1,1,0.9115483511393658,9.0,4,0.0,-0.006337527185678473,6.25,True Positive (Well Documented)
Opuntia littoralis,Coastal Pricklypear,Plantae,1,1,0.9115304383613995,44.0,627,66.51993620414673,0.15364564431792616,21.741626794258373,True Positive (Well Documented)
Opuntia,Prickly Pears,Plantae,1,1,0.9109887180338355,28.0,576,67.31597222222223,0.1530574990966771,22.333333333333332,True Positive (Well Documented)
Cirripedia,Barnacles,Animalia,1,1,0.9102039461950081,9.0,3,9.0,0.061722151935100535,8.0,True Positive (Well Documented)
Melozone crissalis,California Towhee,Aves,1,1,0.9101569363299283,25.0,311,63.09324758842444,0.1467712105542325,21.411575562700964,True Positive (Well Documented)
Corvus corax,Common Raven,Aves,1,1,0.9096893423889137,17.0,192,57.0625,0.12055305862061987,18.46875,True Positive (Well Documented)
Yucca schidigera,Mojave Yucca,Plantae,1,1,0.9094033149556778,6.0,1155,67.25714285714285,0.1512126760242821,22.666666666666668,True Positive (Well Documented)
Ligia,Sea Slaters,Animalia,1,1,0.9069848562221002,19.0,15,11.8,0.06628034127255278,16.133333333333333,True Positive (Well Documented)
Camissoniopsis bistorta,California sun cup,Plantae,1,1,0.9050929523093428,9.0,423,61.342789598108745,0.15158918037587865,21.576832151300238,True Positive (Well Documented)
Mytiloidea,True Mussels,Mollusca,1,1,0.9046492749619122,7.0,3,2.6666666666666665,0.0033390664805968673,8.333333333333334,True Positive (Well Documented)
Encelia californica,California brittlebush,Plantae,1,1,0.903617274078441,69.0,630,52.596825396825395,0.15153263730425678,21.58730158730159,True Positive (Well Documented)
Sairocarpus nuttallianus,Nuttall's Snapdragon,Plantae,1,1,0.9019399413384597,17.0,745,64.3758389261745,0.15717960767597958,22.758389261744966,True Positive (Well Documented)
Dudleya edulis,Fingertips,Plantae,1,1,0.9014463533641606,42.0,696,61.604885057471265,0.14872723917915728,22.283045977011493,True Positive (Well Documented)
Megalorchestia,Unknown,Animalia,1,1,0.9013120240157471,5.0,4,8.75,0.03101823106408115,12.25,True Positive (Well Documented)
Littorina,Unknown,Mollusca,1,1,0.9005439508325571,23.0,4,10.5,0.06578800175338981,12.0,True Positive (Well Documented)
Mesembryanthemum nodiflorum,Slender Iceplant,Plantae,1,1,0.89978504967578,18.0,148,22.85810810810811,0.1089725420437438,17.83783783783784,True Positive (Well Documented)
Camissoniopsis,Suncups,Plantae,1,1,0.8990806523614636,12.0,258,57.9031007751938,0.1475621669502683,21.984496124031008,True Positive (Well Documented)
Carpobrotus chilensis,Chilean sea fig,Plantae,1,1,0.899020312720506,7.0,20,25.0,0.10239054788253266,9.75,True Positive (Well Documented)
Calypte anna,Anna's Hummingbird,Aves,1,1,0.8989416467125515,17.0,148,71.20945945945945,0.1581433233679146,23.277027027027028,True Positive (Well Documented)
Distichlis spicata,Saltgrass,Plantae,1,1,0.8979929483911648,5.0,87,30.551724137931036,0.13595796883876976,21.49425287356322,True Positive (Well Documented)
Magnoliopsida,Dicots,Plantae,1,1,0.8978321233168913,24.0,219,62.598173515981735,0.14553947358064726,21.812785388127853,True Positive (Well Documented)
Stephanomeria diegensis,San Diego Wirelettuce,Plantae,1,1,0.8975395764518307,26.0,1043,64.12847555129434,0.15647958606760143,22.928092042186,True Positive (Well Documented)
Cakile maritima,European Searocket,Plantae,1,1,0.8969620442426415,5.0,37,5.081081081081081,0.08437037226001451,17.16216216216216,True Positive (Well Documented)
Sceloporus occidentalis,Western Fence Lizard,Reptilia,1,1,0.8956416709941613,42.0,641,70.02808112324493,0.1541254879520296,23.441497659906396,True Positive (Well Documented)
Extriplex californica,California orache,Plantae,1,1,0.8952279264341867,4.0,59,11.661016949152541,0.13096185085379466,18.796610169491526,True Positive (Well Documented)
Uta stansburiana elegans,Western Side-blotched Lizard,Reptilia,1,1,0.8938018837038801,33.0,327,64.85626911314985,0.14656077157556494,22.36697247706422,True Positive (Well Documented)
Plantae,Plants,Plantae,1,1,0.893340348854624,18.0,102,60.19607843137255,0.14853797106108826,21.91176470588235,True Positive (Well Documented)
Uta stansburiana,Common Side-blotched Lizard,Reptilia,1,1,0.8932141699748654,16.0,213,65.41784037558685,0.149044456283951,21.643192488262912,True Positive (Well Documented)
Balanus glandula,Pacific Acorn Barnacle,Animalia,1,1,0.8929626875053992,34.0,2,8.5,-0.0036997655406594,0.0,True Positive (Well Documented)
Crotalus oreganus helleri,Southern Pacific Rattlesnake,Reptilia,1,1,0.8924285695417266,16.0,103,49.14563106796116,0.14462497820444764,21.0873786407767,True Positive (Well Documented)
Corethrogyne filaginifolia,California Aster,Plantae,1,1,0.8918488594368703,6.0,757,71.75693527080581,0.15277558076472228,20.960369881109642,True Positive (Well Documented)
Sayornis saya,Say's Phoebe,Aves,1,1,0.8917040757780298,7.0,48,34.625,0.1157809152427944,15.583333333333334,True Positive (Well Documented)
Anthopleura,Unknown,Animalia,1,1,0.8913454514634338,57.0,12,9.5,0.015793646220117797,16.5,True Positive (Well Documented)
Veneridae,Venus Clams,Mollusca,1,1,0.8911299061817304,5.0,4,12.5,0.04797394620254635,12.5,True Positive (Well Documented)
Fucophycidae,Unknown,Chromista,1,1,0.8909828056275635,5.0,3,3.6666666666666665,-0.022881985952456763,8.0,True Positive (Well Documented)
Acmispon glaber,deerweed,Plantae,1,1,0.8903167027450987,11.0,636,65.51100628930817,0.1555496199794535,23.07704402515723,True Positive (Well Documented)
Aves,Birds,Aves,1,1,0.8902439880783917,8.0,18,24.333333333333332,0.10321970619649312,18.0,True Positive (Well Documented)
Isocoma menziesii,Coastal Goldenbush,Plantae,1,1,0.8901357974408247,23.0,566,50.226148409893995,0.13970603473799614,19.270318021201412,True Positive (Well Documented)
Atriplex semibaccata,berry saltbush,Plantae,1,1,0.8901025943402991,6.0,104,41.47115384615385,0.13243893779200822,19.528846153846153,True Positive (Well Documented)
Angiospermae,Flowering Plants,Plantae,1,1,0.8898020276989153,5.0,80,57.05,0.14537559287855398,21.5,True Positive (Well Documented)
Zonotrichia leucophrys,White-crowned Sparrow,Aves,1,1,0.8887769023156615,5.0,60,50.416666666666664,0.13281966941431161,15.666666666666666,True Positive (Well Documented)
Acmispon glaber glaber,Coastal Deerweed,Plantae,1,1,0.8881363852534402,7.0,250,60.548,0.1545561294853687,22.976,True Positive (Well Documented)
Sairocarpus,Unknown,Plantae,1,1,0.8863026799686351,11.0,100,65.69,0.15733193885535,22.64,True Positive (Well Documented)
Larus,Large White-headed Gulls,Aves,1,1,0.8851698317298113,4.0,11,3.272727272727273,0.010842526670206664,14.0,True Positive (Well Documented)
Eriogonum fasciculatum,California Buckwheat,Plantae,1,1,0.8847451299102189,44.0,1217,67.13311421528348,0.15544714964620135,23.776499589153655,True Positive (Well Documented)
Aplysia vaccaria,Black Seahare,Mollusca,1,1,0.8846662762237175,64.0,3,1.6666666666666667,0.04664732065672677,8.333333333333334,True Positive (Well Documented)
Pinus torreyana,Torrey pine,Plantae,1,1,0.8831240782784278,16.0,1099,73.12647861692447,0.15129922413427357,23.431301182893538,True Positive (Well Documented)
Asteraceae,"Sunflowers, Daisies, Asters, and Allies",Plantae,1,1,0.8826110529703637,4.0,48,58.791666666666664,0.15125923293332255,22.229166666666668,True Positive (Well Documented)
Datura wrightii,Sacred Datura,Plantae,1,1,0.8808261880237198,4.0,216,22.00462962962963,0.12462721421400563,15.328703703703704,True Positive (Well Documented)
Gastropoda,Gastropods,Mollusca,1,1,0.8804943189368913,31.0,12,7.416666666666667,0.054785631208990986,19.416666666666668,True Positive (Well Documented)
Sceloporus occidentalis longipes,Great Basin Fence Lizard,Reptilia,1,1,0.8781877791648498,7.0,68,63.55882352941177,0.15351703582221968,23.11764705882353,True Positive (Well Documented)
Marah macrocarpa,Chilicothe,Plantae,1,1,0.8775627310282627,44.0,619,66.81421647819063,0.1608512784009844,23.418416801292405,True Positive (Well Documented)
Cryptantha,Annual Cryptanthas,Plantae,1,1,0.8774139845900332,4.0,170,64.84117647058824,0.1553986314684152,23.376470588235293,True Positive (Well Documented)
Chlorophyta,green algae,Plantae,1,1,0.877062173979701,11.0,17,41.64705882352941,0.094995701137711,13.294117647058824,True Positive (Well Documented)
Pyrosoma atlanticum,Unknown,Animalia,1,1,0.8752836930120871,8.0,7,27.571428571428573,0.031560721807181835,14.0,True Positive (Well Documented)
Sylvilagus audubonii,Desert Cottontail,Mammalia,1,1,0.8747917763807552,20.0,42,56.357142857142854,0.1489361788900125,20.5,True Positive (Well Documented)
Amblyopappus pusillus,dwarf coastweed,Plantae,1,1,0.8731134893711496,25.0,37,19.216216216216218,0.10785312125006233,21.91891891891892,True Positive (Well Documented)
Asteroideae,Unknown,Plantae,1,1,0.872907949920273,7.0,53,61.35849056603774,0.1547936765512205,19.566037735849058,True Positive (Well Documented)
Rhus integrifolia,lemonade berry,Plantae,1,1,0.8720641927761947,67.0,955,71.92356020942408,0.15644532605537567,23.578010471204188,True Positive (Well Documented)
Chamaea fasciata,Wrentit,Aves,1,1,0.8717565035260025,4.0,80,74.9375,0.15924828001298005,24.0625,True Positive (Well Documented)
Tegula aureotincta,Gilded Tegula,Mollusca,1,1,0.8716250988298516,12.0,2,3.0,-0.00015041045844555248,0.0,True Positive (Well Documented)
Suaeda taxifolia,Woolly Seablite,Plantae,1,1,0.8706192821131972,12.0,28,4.964285714285714,0.08805175180480414,16.321428571428573,True Positive (Well Documented)
Corallina officinalis,Common Coralline,Plantae,1,1,0.8706061096104766,49.0,3,0.0,-0.05123753876735763,0.0,True Positive (Well Documented)
Pseudognaphalium biolettii,two-color rabbit tobacco,Plantae,1,1,0.8692860831457352,25.0,343,63.65597667638484,0.15921240154403982,23.434402332361515,True Positive (Well Documented)
Cylindropuntia prolifera,Coast Cholla,Plantae,1,1,0.8689416440812127,89.0,475,52.76,0.13656163668946214,24.141052631578948,True Positive (Well Documented)
Dudleya lanceolata,lanceleaf liveforever,Plantae,1,1,0.8687548070218685,4.0,886,72.09142212189616,0.15339325721171718,24.387133182844245,True Positive (Well Documented)
Melospiza melodia,Song Sparrow,Aves,1,1,0.8674907766314597,5.0,29,18.93103448275862,0.15340873855968998,22.275862068965516,True Positive (Well Documented)
Toxostoma redivivum,California Thrasher,Aves,1,1,0.8674681841136446,9.0,84,66.94047619047619,0.1500969782382959,24.55952380952381,True Positive (Well Documented)
Mirabilis laevis,Wishbone Bush,Plantae,1,1,0.8672629525117123,12.0,245,51.60408163265306,0.16206907306094556,23.681632653061225,True Positive (Well Documented)
Opuntia ficus-indica,Indian fig opuntia,Plantae,1,1,0.8670931179649104,21.0,205,75.80975609756098,0.15258939967649734,24.2,True Positive (Well Documented)
Mexacanthina lugubris,Dark Unicorn,Mollusca,1,1,0.8668179854408563,35.0,2,10.5,0.0410201996564865,0.0,True Positive (Well Documented)
Megabalanus californicus,California Barnacle,Animalia,1,1,0.8666391216828437,33.0,2,7.5,-0.020510622300207598,0.0,True Positive (Well Documented)
Excirolana chiltoni,Sand Piranha,Animalia,1,1,0.8665206417173613,4.0,2,5.5,-0.0435699801892042,13.0,True Positive (Well Documented)
Poaceae,Grasses,Plantae,1,1,0.8660026890991116,5.0,75,61.82666666666667,0.1593469918767611,22.56,True Positive (Well Documented)
Phaeophyceae,brown algae,Chromista,1,1,0.8642285781975274,4.0,3,5.0,0.019418722949922033,0.0,True Positive (Well Documented)
Caudina arenicola,Sweet Potato Sea Cucumber,Animalia,1,1,0.8634189768034907,6.0,7,18.285714285714285,0.006501056120864014,14.0,True Positive (Well Documented)
Caesia perpinguis,Fat Nassa,Mollusca,1,1,0.8619239975345736,8.0,2,10.5,-0.02325688209384675,13.0,True Positive (Well Documented)
Cotinis mutabilis,Figeater Beetle,Insecta,1,1,0.8615571906429975,4.0,17,21.235294117647058,0.06014421286390107,12.470588235294118,True Positive (Well Documented)
Rumex spinosus,Devil's Thorn,Plantae,1,1,0.8610286492737277,10.0,10,19.1,0.08301430940628046,15.8,True Positive (Well Documented)
Bromus rubens,Red Brome,Plantae,1,1,0.8608934751716024,5.0,59,60.08474576271186,0.15734126841870402,22.11864406779661,True Positive (Well Documented)
Lecanoromycetes,Common Lichens,Fungi,1,1,0.8603023132106493,4.0,130,77.73076923076923,0.15480508506298063,22.56153846153846,True Positive (Well Documented)
Argiope argentata,Silver Garden Orbweaver,Arachnida,1,1,0.8597450177448567,8.0,221,68.82805429864253,0.16123867574320655,23.914027149321267,True Positive (Well Documented)
Apis mellifera,Western Honey Bee,Insecta,1,1,0.8597276219334213,31.0,290,61.3,0.15710124463999064,21.044827586206896,True Positive (Well Documented)
Chamidae,Jewel boxes,Mollusca,1,1,0.859343427168217,9.0,2,6.0,-0.0149724595248699,0.0,True Positive (Well Documented)
Sargassum,Sargassum,Chromista,1,1,0.8590025637930665,8.0,2,3.5,0.0028925249353051003,0.0,True Positive (Well Documented)
Sairocarpus pusillus,lesser snapdragon,Plantae,1,1,0.8588721167539993,17.0,176,74.9090909090909,0.1522761412726884,23.386363636363637,True Positive (Well Documented)
Colpomenia,Puff-ball Algae,Chromista,1,1,0.858591199391503,23.0,2,0.0,0.0121496375650167,0.0,True Positive (Well Documented)
Astragalus trichopodus lonchus,Southern California Milkvetch,Plantae,1,1,0.8582337825006557,42.0,204,51.122549019607845,0.15201062923662506,23.808823529411764,True Positive (Well Documented)
Lysimachia arvensis,scarlet pimpernel,Plantae,1,1,0.8580411283021434,8.0,67,60.07462686567164,0.14796280571773865,23.492537313432837,True Positive (Well Documented)
Opuntia oricola,Chaparral Pricklypear,Plantae,1,1,0.8576204406569713,7.0,125,73.728,0.15153918266296384,23.144,True Positive (Well Documented)
Astragalus trichopodus,Santa Barbara Milkvetch,Plantae,1,1,0.8573169865308076,59.0,278,51.03237410071942,0.15687824709327525,23.633093525179856,True Positive (Well Documented)
Heterodontus francisci,Horn Shark,Animalia,1,1,0.856517182255393,10.0,2,2.5,0.03551198076456785,0.0,True Positive (Well Documented)
Mesembryanthemum crystallinum,Crystalline ice plant,Plantae,1,1,0.8563114972450517,70.0,230,30.67391304347826,0.11673574147988916,15.708695652173914,True Positive (Well Documented)
Selasphorus sasin,Allen's Hummingbird,Aves,1,1,0.8561469304550339,9.0,34,32.94117647058823,0.15764132010586118,21.08823529411765,True Positive (Well Documented)
Crepipatella lingulata,Pacific Half-slipper Snail,Mollusca,1,1,0.8540746589209708,5.0,5,2.2,-0.04210261162370442,0.0,True Positive (Well Documented)
Mytilus galloprovincialis,Mediterranean Mussel,Mollusca,1,1,0.8540340793180848,31.0,3,0.0,-0.05356482913096739,0.0,True Positive (Well Documented)
Bryozoa,Bryozoans,Animalia,1,1,0.8537287765496476,11.0,2,12.0,0.0087717327987775,0.0,True Positive (Well Documented)
Eleodes acuticauda,Unknown,Insecta,1,1,0.8535480800945746,7.0,100,57.46,0.1567882059514522,21.9,True Positive (Well Documented)
Melilotus indicus,small melilot,Plantae,1,1,0.8528360998159201,7.0,38,16.81578947368421,0.12997834678543238,22.263157894736842,True Positive (Well Documented)
Laminariales,Kelps,Chromista,1,1,0.8519838990831707,6.0,2,0.0,0.019180003553628852,0.0,True Positive (Well Documented)
Florideophyceae,Florideophycean algae,Plantae,1,1,0.851402317587384,5.0,2,4.0,-0.029039819724857797,0.0,True Positive (Well Documented)
Deinandra fasciculata,Clustered Tarweed,Plantae,1,1,0.850255590832711,25.0,321,71.00623052959502,0.14686679505856234,23.07165109034268,True Positive (Well Documented)
Dialictus,Metallic Sweat Bees,Insecta,1,1,0.8498684209206233,5.0,530,63.258490566037736,0.15921334093612316,21.473584905660378,True Positive (Well Documented)
Corvus brachyrhynchos,American Crow,Aves,1,1,0.8494731668380574,4.0,12,45.25,0.11691494379192585,18.083333333333332,True Positive (Well Documented)
Ascidiacea,Sea Squirts,Animalia,1,1,0.8493408323898849,6.0,1,0.0,-0.0079121300950646,0.0,True Positive (Well Documented)
Artemisia californica,California sagebrush,Plantae,1,1,0.8490126828812982,88.0,287,67.31358885017421,0.15689802304792896,23.735191637630663,True Positive (Well Documented)
Thetys vagina,Twin-sailed Salp,Animalia,1,1,0.8484906833935681,4.0,1,0.0,-0.0325726047158241,0.0,True Positive (Well Documented)
Petrolisthes cabrilloi,Cabrillo Porcelain Crab,Animalia,1,1,0.8482593564442457,18.0,1,0.0,-0.0395126082003116,0.0,True Positive (Well Documented)
Metandrocarpa dura,Fused Orange Social Ascidian,Animalia,1,1,0.8482284210903166,4.0,1,0.0,-0.0433752425014972,0.0,True Positive (Well Documented)
Paguroidea,Hermit Crabs,Animalia,1,1,0.8476372085901244,5.0,1,0.0,-0.0173745825886726,0.0,True Positive (Well Documented)
Crassula connata,sand pygmyweed,Plantae,1,1,0.8462920679171341,7.0,159,74.0503144654088,0.15642675644946544,23.48427672955975,True Positive (Well Documented)
Rhodymeniophycidae,Unknown,Plantae,1,1,0.8459828123289861,4.0,2,2.5,-0.033866324461996555,0.0,True Positive (Well Documented)
Zemysina orbella,Orb Diplodon,Mollusca,1,1,0.8447849765186057,7.0,2,10.0,-0.011743101291358499,0.0,True Positive (Well Documented)
Leathesia marina,Sea Cauliflower,Chromista,1,1,0.8437626931166504,5.0,2,0.0,-0.02466983254998925,0.0,True Positive (Well Documented)
Jellyella tuberculata,Sargassum Sea Mat,Animalia,1,1,0.8425510957870329,15.0,2,7.0,0.05080116167664525,12.5,True Positive (Well Documented)
Pseudognaphalium stramineum,cottonbatting plant,Plantae,1,1,0.8425130822138991,7.0,63,75.96825396825396,0.1465242172754,22.396825396825395,True Positive (Well Documented)
Lycium californicum,California boxthorn,Plantae,1,1,0.8422331010711352,13.0,110,30.009090909090908,0.15635007003491572,25.09090909090909,True Positive (Well Documented)
Bombus vosnesenskii,Yellow-faced Bumble Bee,Insecta,1,1,0.8417601789855006,17.0,940,64.3968085106383,0.16271611664127159,21.422340425531914,True Positive (Well Documented)
Epiactis,Unknown,Animalia,1,1,0.8417588913508312,18.0,1,0.0,-0.0488567724823951,0.0,True Positive (Well Documented)
Pugettia producta,Northern Kelp Crab,Animalia,1,1,0.8417205166034017,10.0,1,0.0,-0.0300599355250597,0.0,True Positive (Well Documented)
Gavia immer,Common Loon,Aves,1,1,0.8412122867729266,47.0,3,4.333333333333333,-0.004250524720797933,0.0,True Positive (Well Documented)
Ardea herodias,Great Blue Heron,Aves,1,1,0.8407352359215057,32.0,23,4.782608695652174,0.12229952985501803,19.47826086956522,True Positive (Well Documented)
Mirabilis laevis crassifolia,California Four o'Clock,Plantae,1,1,0.8403516517939619,8.0,127,49.09448818897638,0.16446684127834835,23.503937007874015,True Positive (Well Documented)
Limonium perezii,Perez's sea lavender,Plantae,1,1,0.8378109993070927,5.0,20,22.35,0.10754242409020658,18.2,True Positive (Well Documented)
Fungi,Fungi Including Lichens,Fungi,1,1,0.8378089324391934,10.0,129,79.81395348837209,0.15270200475703835,21.984496124031008,True Positive (Well Documented)
Dipterostemon capitatus,Blue Dicks,Plantae,1,1,0.8371078889711565,6.0,243,66.32098765432099,0.1596196316213274,24.65432098765432,True Positive (Well Documented)
Dudleya pulverulenta,Chalk Dudleya,Plantae,1,1,0.8359481771837283,19.0,39,52.30769230769231,0.1419332036032126,24.0,True Positive (Well Documented)
Haematopus bachmani,Black Oystercatcher,Aves,1,1,0.8353107185224938,14.0,2,8.5,0.027590500190854052,0.0,True Positive (Well Documented)
Life,Unknown,Unknown,1,1,0.8330809943785192,23.0,28,51.464285714285715,0.12643401666511114,18.642857142857142,True Positive (Well Documented)
Cleomella arborea,Bladderpod,Plantae,1,1,0.8310012866912719,68.0,623,52.845906902086675,0.15387621438833338,21.531300160513645,True Positive (Well Documented)
Atriplex canescens,Fourwing Saltbush,Plantae,1,1,0.8294998966932923,15.0,17,21.705882352941178,0.14544824795687894,14.588235294117647,True Positive (Well Documented)
Puffinus opisthomelas,Black-vented Shearwater,Aves,1,1,0.8280135179532206,13.0,2,0.0,0.01686289138160645,12.5,True Positive (Well Documented)
Pseudognaphalium,rabbit-tobaccos,Plantae,1,1,0.8273767969930691,15.0,57,65.91228070175438,0.14961474558763332,23.666666666666668,True Positive (Well Documented)
Nuttallina,Unknown,Mollusca,1,1,0.8268852089499839,7.0,2,7.5,0.0183940264396369,0.0,True Positive (Well Documented)
Heteromeles arbutifolia,Toyon,Plantae,1,1,0.8262993963956676,6.0,441,74.7936507936508,0.1585082123119409,24.378684807256235,True Positive (Well Documented)
Grimothea planipes,Tuna Crab,Animalia,1,1,0.8261872191622097,8.0,1,0.0,0.0305998548865318,0.0,True Positive (Well Documented)
Lepidoptera,Butterflies and Moths,Insecta,1,1,0.8245988102184348,7.0,58,59.55172413793103,0.1541013094628679,24.17241379310345,True Positive (Well Documented)
Claytonia perfoliata,miner's lettuce,Plantae,1,1,0.8245370306219993,4.0,88,61.98863636363637,0.16477805723182176,24.75,True Positive (Well Documented)
Castilleja affinis,Coast Paintbrush,Plantae,1,1,0.824525310893485,6.0,263,61.045627376425855,0.15120289160271558,25.817490494296578,True Positive (Well Documented)
Strymon melinus,Gray Hairstreak,Insecta,1,1,0.8244347341188979,4.0,79,62.24050632911393,0.1544438022412831,22.164556962025316,True Positive (Well Documented)
Cancridae,Rock Crabs,Animalia,1,1,0.8237446113445386,4.0,1,0.0,0.0375702306628227,0.0,True Positive (Well Documented)
Salicornia pacifica,Pacific Glasswort,Plantae,1,1,0.8230198509972955,6.0,46,4.869565217391305,0.15886492227487586,22.152173913043477,True Positive (Well Documented)
Octopus bimaculoides,Lesser Two-spot Octopus,Mollusca,1,1,0.8213154923829145,97.0,2,9.5,0.0810377914458513,12.0,True Positive (Well Documented)
Astur cooperii,Cooper's Hawk,Aves,1,1,0.8209800756331264,8.0,16,49.875,0.15091577125713226,23.125,True Positive (Well Documented)
Cuscuta californica,California dodder,Plantae,1,1,0.8191375664303724,6.0,115,50.14782608695652,0.16263612447225526,24.669565217391305,True Positive (Well Documented)
Pseudognaphalium beneolens,Fragrant Everlasting,Plantae,1,1,0.8169194034051802,12.0,20,56.25,0.15677910819649693,19.8,True Positive (Well Documented)
Pseudognaphalium californicum,California cudweed,Plantae,1,1,0.8168866332216426,16.0,195,69.36923076923077,0.15985199940892364,22.912820512820513,True Positive (Well Documented)
Cylindropuntia,chollas,Plantae,1,1,0.8143464742517477,11.0,40,59.325,0.14388266149908302,25.0,True Positive (Well Documented)
Polioptila californica,California Gnatcatcher,Aves,1,1,0.8139155369709147,9.0,26,57.5,0.1641116067767143,24.346153846153847,True Positive (Well Documented)
Porifera,Sponges,Animalia,1,1,0.8137206300311949,5.0,1,6.0,-0.0482434183359146,0.0,True Positive (Well Documented)
Phoca vitulina richardii,Pacific Harbor Seal,Mammalia,1,1,0.8132471990880441,184.0,3,4.333333333333333,-0.020702354920407135,0.0,True Positive (Well Documented)
Tenebrionidae,Darkling Beetles,Insecta,1,1,0.8094776687104686,6.0,42,67.38095238095238,0.1605092890205837,21.833333333333332,True Positive (Well Documented)
Centaurea melitensis,Maltese star-thistle,Plantae,1,1,0.8089039699952916,5.0,28,45.392857142857146,0.15623689017125536,23.428571428571427,True Positive (Well Documented)
Bugula neritina,brown bryozoan,Animalia,1,1,0.807811104701814,5.0,1,8.0,0.023090872913599,0.0,True Positive (Well Documented)
Corallinoideae,Unknown,Plantae,1,1,0.8057055770464763,11.0,1,0.0,-0.0014460701495409,0.0,True Positive (Well Documented)
Cortaderia selloana,Pampas Grass,Plantae,1,1,0.8056276995657553,5.0,38,42.89473684210526,0.16147376851815923,21.92105263157895,True Positive (Well Documented)
Codium fragile,Dead Man's Fingers,Plantae,1,1,0.8041903976262647,5.0,1,0.0,0.0134374788030982,0.0,True Positive (Well Documented)
Copestylum avidum,Yellow-spotted Bromeliad Fly,Insecta,1,1,0.8028775258868466,4.0,171,67.28070175438596,0.16246986755153586,22.497076023391813,True Positive (Well Documented)
Eucrypta chrysanthemifolia,common eucrypta,Plantae,1,1,0.8020808920236763,4.0,42,61.357142857142854,0.16889932680697664,21.095238095238095,True Positive (Well Documented)
Pagurus samuelis,Blueband Hermit Crab,Animalia,1,1,0.7966265060739743,176.0,1,0.0,-0.0756963342428207,0.0,True Positive (Well Documented)
Lasthenia,goldfields,Plantae,1,1,0.7965574174569038,7.0,26,39.46153846153846,0.12631728367593423,18.846153846153847,True Positive (Well Documented)
Girella nigricans,Opaleye,Actinopterygii,1,1,0.7957723887369437,79.0,2,0.0,-0.08008422330021855,0.0,True Positive (Well Documented)
Lottia conus,Unknown,Mollusca,1,1,0.7954453066231161,7.0,1,9.0,-0.0304904039949178,0.0,True Positive (Well Documented)
Lottia scabra,Rough Limpet,Mollusca,1,1,0.7954453066231161,16.0,1,9.0,-0.0304904039949178,0.0,True Positive (Well Documented)
Patellogastropoda,True Limpets,Mollusca,1,1,0.7954453066231161,9.0,1,9.0,-0.0304904039949178,0.0,True Positive (Well Documented)
Tegula funebralis,Black Tegula,Mollusca,1,1,0.7954453066231161,42.0,1,9.0,-0.0304904039949178,0.0,True Positive (Well Documented)
Linaria texana,Texas toadflax,Plantae,1,1,0.7940281599356753,7.0,80,67.2375,0.16476117372512813,23.425,True Positive (Well Documented)
Astragalus,milkvetches,Plantae,1,1,0.7940031515635233,11.0,52,56.0,0.15444204067954648,23.76923076923077,True Positive (Well Documented)
Amphipoda,Amphipods,Animalia,1,1,0.7939650959940568,4.0,1,0.0,-0.072754681110382,0.0,True Positive (Well Documented)
Aplysia,Unknown,Mollusca,1,1,0.7913550410475981,13.0,1,0.0,0.0134374788030982,0.0,True Positive (Well Documented)
Laurencia,Unknown,Plantae,1,1,0.7894473973327473,14.0,1,0.0,-0.0451257303357124,0.0,True Positive (Well Documented)
Coccinella septempunctata,Seven-spotted Lady Beetle,Insecta,1,1,0.7880739369954607,10.0,30,46.63333333333333,0.13635122686003642,16.833333333333332,True Positive (Well Documented)
Linanthus dianthiflorus,fringed linanthus,Plantae,1,1,0.7876775154798299,5.0,184,60.22282608695652,0.13757206220179793,19.47826086956522,True Positive (Well Documented)
Camissoniopsis micrantha,miniature suncup,Plantae,1,1,0.7853379417094338,4.0,26,79.07692307692308,0.1548618307480445,19.692307692307693,True Positive (Well Documented)
Roperia poulsoni,Poulson's Dwarf Triton,Mollusca,1,1,0.784652159470043,45.0,5,2.2,0.06333271600306027,15.2,True Positive (Well Documented)
Mopalia muscosa,Mossy Chiton,Mollusca,1,1,0.7839719038312144,13.0,1,0.0,-0.0104114580899477,0.0,True Positive (Well Documented)
Metacarcinus gracilis,Graceful Rock Crab,Animalia,1,1,0.7837725306276468,6.0,1,2.0,-0.0803171545267105,0.0,True Positive (Well Documented)
Mugil cephalus,Sea Mullet,Actinopterygii,1,1,0.7821008713163755,15.0,16,5.8125,0.10572154178953495,21.0,True Positive (Well Documented)
Balanomorpha,Symmetrical Sessile Barnacles,Animalia,1,1,0.7791414341249308,17.0,2,11.0,0.0846131234429776,12.0,True Positive (Well Documented)
Camissoniopsis hirtella,hairy suncup,Plantae,1,1,0.7767901098579711,5.0,30,80.6,0.14561111281315484,21.833333333333332,True Positive (Well Documented)
Ambrosia chamissonis,silver beachweed,Plantae,1,1,0.7748264007259406,12.0,21,7.9523809523809526,0.12781675053494312,22.857142857142858,True Positive (Well Documented)
Raphanus raphanistrum sativus,garden radish,Plantae,1,1,0.7726036410103323,4.0,36,10.5,0.17494416040264896,23.72222222222222,True Positive (Well Documented)
Eisenia arborea,Southern sea palm,Chromista,1,1,0.7711357673734701,6.0,1,0.0,-0.0364339165389537,0.0,True Positive (Well Documented)
Eleodes osculans,Woolly Darkling Beetle,Insecta,1,1,0.7707570923717098,4.0,23,59.04347826086956,0.15727318045885663,20.91304347826087,True Positive (Well Documented)
Ophiothrix spiculata,Western Spiny Brittle Star,Animalia,1,1,0.7705860156308123,23.0,1,6.0,0.0394786968827247,0.0,True Positive (Well Documented)
Trirhabda geminata,Encelia Leaf Beetle,Insecta,1,1,0.769863470350936,12.0,24,65.66666666666667,0.14943890871169663,21.833333333333332,True Positive (Well Documented)
Eschscholzia californica,California poppy,Plantae,1,1,0.7697210726529579,4.0,248,60.064516129032256,0.14601949058593278,18.483870967741936,True Positive (Well Documented)
Bryophyta,Mosses,Plantae,1,1,0.7671468055763755,10.0,50,74.22,0.16321343913674352,21.84,True Positive (Well Documented)
Mergus serrator,Red-breasted Merganser,Aves,1,1,0.7663582917344346,10.0,11,18.272727272727273,0.07555662561208008,21.545454545454547,True Positive (Well Documented)
Colpomenia sinuosa,Oyster thief,Chromista,1,1,0.766349972698127,6.0,1,0.0,0.0102577591314911,0.0,True Positive (Well Documented)
Jania,Red Coralline Algae,Plantae,1,1,0.7649293192542114,8.0,1,6.0,-0.0481966808438301,0.0,True Positive (Well Documented)
Baccharis pilularis,coyote brush,Plantae,1,1,0.7645749854692276,43.0,221,63.5972850678733,0.14910745699953168,22.84162895927602,True Positive (Well Documented)
Sarcodiotheca gaudichaudii,succulent seaweed,Plantae,1,1,0.7572704394474906,5.0,1,0.0,-0.0701041519641876,0.0,True Positive (Well Documented)
Corallinales,Coralline algae,Plantae,1,1,0.7567385838956279,4.0,1,0.0,-0.0786931738257408,0.0,True Positive (Well Documented)
Ulvophyceae,Ulvophycean green algae,Plantae,1,1,0.7555183161891147,7.0,1,10.0,-0.02727029658854,0.0,True Positive (Well Documented)
Hirschfeldia incana,Shortpod Mustard,Plantae,1,1,0.7535367670752409,11.0,17,8.588235294117647,0.16090550492791567,23.470588235294116,True Positive (Well Documented)
Rhodymenia,Unknown,Plantae,1,1,0.7529484160235311,4.0,1,0.0,0.046125303953886,0.0,True Positive (Well Documented)
Cuscuta,dodders,Plantae,1,1,0.7523606795512602,4.0,72,46.30555555555556,0.16905365801519814,26.02777777777778,True Positive (Well Documented)
Muricea,Unknown,Animalia,1,1,0.7517841252718604,4.0,3,10.0,-0.05660117045044897,17.333333333333332,True Positive (Well Documented)
Malephora crocea,coppery mesemb,Plantae,1,1,0.7500987687272129,17.0,2,11.0,0.0751523859798908,0.0,True Positive (Well Documented)
Thambemyia borealis,Unknown,Insecta,1,1,0.7499976086684127,6.0,3,9.0,0.035874313364426265,8.0,True Positive (Well Documented)
Murgantia histrionica,Harlequin Bug,Insecta,1,1,0.7485848578152658,28.0,140,36.635714285714286,0.15131891204842496,19.557142857142857,True Positive (Well Documented)
Hyles lineata,White-lined Sphinx,Insecta,1,1,0.7471316172757505,5.0,69,57.08695652173913,0.13874870969279518,14.695652173913043,True Positive (Well Documented)
Salsola,Russian Thistles,Plantae,1,1,0.7422738156407821,4.0,10,54.9,0.12778516020625824,17.4,True Positive (Well Documented)
Baccharis,Unknown,Plantae,1,1,0.7419909393110349,17.0,32,74.8125,0.1544736577197909,22.46875,True Positive (Well Documented)
Lupinus succulentus,arroyo lupine,Plantae,1,1,0.741025923634412,5.0,73,63.89041095890411,0.1561179002874518,24.273972602739725,True Positive (Well Documented)
Tracheophyta,Vascular Plants,Plantae,1,1,0.7405425444115223,6.0,20,74.05,0.14610101990401742,22.1,True Positive (Well Documented)
Corallinaceae,coralline algae,Plantae,1,1,0.7404036384850452,4.0,1,5.0,0.0404280610382556,0.0,True Positive (Well Documented)
Hippodamia convergens,Convergent Lady Beetle,Insecta,1,1,0.7401492248791195,5.0,18,47.388888888888886,0.1733936283013059,21.833333333333332,True Positive (Well Documented)
Gavia pacifica,Pacific Loon,Aves,1,1,0.7399296149638174,6.0,1,0.0,0.0014612012309953,0.0,True Positive (Well Documented)
Agathistoma eiseni,Banded Tegula,Mollusca,1,1,0.738334157313255,19.0,1,5.0,0.0404280610382556,0.0,True Positive (Well Documented)
Agaricales,Common Gilled Mushrooms and Allies,Fungi,1,1,0.7374589239895347,7.0,27,72.92592592592592,0.16818912216910606,22.62962962962963,True Positive (Well Documented)
Mammalia,Mammals,Mammalia,1,1,0.7367203944222303,5.0,14,54.642857142857146,0.1707994203482355,24.071428571428573,True Positive (Well Documented)
Baccharis sarothroides,Desert Broom,Plantae,1,1,0.7346430891895335,19.0,46,63.52173913043478,0.16670181569845777,22.869565217391305,True Positive (Well Documented)
Didymodon,Unknown,Plantae,1,1,0.7312054752599345,4.0,19,71.15789473684211,0.1546994620247891,22.894736842105264,True Positive (Well Documented)
Cerithideopsis californica,California Horn Snail,Mollusca,1,1,0.7300918219527326,16.0,20,3.9,0.15534678725525736,23.7,True Positive (Well Documented)
Sonchus asper,prickly sowthistle,Plantae,1,1,0.7297174894654578,6.0,17,51.1764705882353,0.17087941660600547,23.235294117647058,True Positive (Well Documented)
Octopoda,Octopuses,Mollusca,1,1,0.7262288399881077,6.0,1,0.0,-0.0844463557004928,0.0,True Positive (Well Documented)
Acmispon maritimus,coastal bird's-foot trefoil,Plantae,1,1,0.7215933746182556,5.0,10,35.4,0.12091141007840629,19.1,True Positive (Well Documented)
Agave,century plants,Plantae,1,1,0.7203218328673716,4.0,16,83.1875,0.14667808171361682,22.625,True Positive (Well Documented)
Echium candicans,Pride of Madeira,Plantae,1,1,0.7199192806985835,10.0,18,38.77777777777778,0.1702562667843368,21.0,True Positive (Well Documented)
Astereae,asters and allies,Plantae,1,1,0.7161191305462307,4.0,14,68.14285714285714,0.14571801945567128,25.071428571428573,True Positive (Well Documented)
Triakis semifasciata,Leopard Shark,Animalia,1,1,0.7134620105260612,285.0,2,17.5,0.07445217389613384,13.0,True Positive (Well Documented)
Cotula australis,Common Cotula,Plantae,1,1,0.7133534277299485,5.0,14,71.42857142857143,0.15653312738452635,24.857142857142858,True Positive (Well Documented)
Mimus polyglottos,Northern Mockingbird,Aves,1,1,0.7132083447099855,9.0,16,13.25,0.12936261715367434,23.25,True Positive (Well Documented)
Glebionis coronaria,Garland Daisy,Plantae,1,1,0.7079211626860441,5.0,17,21.470588235294116,0.1835284855435876,20.235294117647058,True Positive (Well Documented)
Trirhabda,Unknown,Insecta,1,1,0.7068067270038269,8.0,11,66.45454545454545,0.15479771386493332,18.727272727272727,True Positive (Well Documented)
Octopus,Unknown,Mollusca,1,1,0.7043107721410293,17.0,1,13.0,0.030251421034336,0.0,True Positive (Well Documented)
Bombus californicus,California Bumble Bee,Insecta,1,1,0.7027934254242311,6.0,68,58.338235294117645,0.15483822476337936,18.794117647058822,True Positive (Well Documented)
Panoquina errans,Wandering Skipper,Insecta,1,1,0.6984943830150319,4.0,21,5.476190476190476,0.1770191494198072,21.80952380952381,True Positive (Well Documented)
Pseudopusula californiana,Coffee Bean Trivia,Mollusca,1,1,0.6964856423994139,5.0,2,26.0,0.05481744185090065,13.5,True Positive (Well Documented)
Canis latrans,Coyote,Mammalia,1,1,0.6891495585573231,9.0,13,33.07692307692308,0.17671677699455846,25.23076923076923,True Positive (Well Documented)
Rhopalomyia californica,Coyote Brush Bud Gall Midge,Insecta,1,1,0.6856162068230842,12.0,61,81.73770491803279,0.1622098563391654,23.34426229508197,True Positive (Well Documented)
Urile pelagicus,Pelagic Cormorant,Aves,1,1,0.6842055323811801,9.0,1,12.0,0.0276657529175281,0.0,True Positive (Well Documented)
Vanessa cardui,Painted Lady,Insecta,1,1,0.684111127532986,4.0,16,68.4375,0.17988284584134812,21.1875,True Positive (Well Documented)
Cochemiea dioica,Peninsular fishhook cactus,Plantae,1,1,0.6774478698136941,30.0,38,88.3157894736842,0.15235061757266516,24.63157894736842,True Positive (Well Documented)
Nicotiana glauca,tree tobacco,Plantae,1,1,0.6694288671941012,10.0,11,45.36363636363637,0.1646273163231936,23.363636363636363,True Positive (Well Documented)
Pottiaceae,Unknown,Plantae,1,1,0.6674486384795631,4.0,17,47.94117647058823,0.18392771000371255,22.470588235294116,True Positive (Well Documented)
Erigeron bonariensis,Flax-leaved Horseweed,Plantae,1,1,0.6596051832168909,6.0,10,44.7,0.11293221451342102,21.0,True Positive (Well Documented)
Dittrichia graveolens,Stinkwort,Plantae,1,1,0.6476890051029217,10.0,9,53.77777777777778,0.14211901691224837,20.0,True Positive (Well Documented)
Chroicocephalus philadelphia,Bonaparte's Gull,Aves,1,1,0.644199936002946,8.0,4,3.5,-0.002523080562241351,19.5,True Positive (Well Documented)
Malephora,Fingerfigs,Plantae,1,1,0.64405807051663,9.0,1,6.0,0.0644155219197273,0.0,True Positive (Well Documented)
Mesembryanthemum,ice plants,Plantae,1,1,0.6362618778121923,4.0,9,19.11111111111111,0.11984703358676693,25.0,True Positive (Well Documented)
Leymus condensatus,giant wild rye,Plantae,1,1,0.6291529212051522,7.0,99,61.54545454545455,0.16801654976425745,21.262626262626263,True Positive (Well Documented)
Solanum nigrum,black nightshade,Plantae,1,1,0.6198812337723256,7.0,10,36.8,0.13632213845849034,23.3,True Positive (Well Documented)
Marrubium vulgare,White Horehound,Plantae,1,1,0.5977243736469052,6.0,10,10.9,0.18321838527917858,21.5,True Positive (Well Documented)
Pisaster ochraceus,Ochre Sea Star,Animalia,1,1,0.5757833818807383,357.0,1,7.0,0.0489544235169887,25.0,True Positive (Well Documented)
Fucellia,Seaweed Flies,Insecta,1,1,0.5755749086977786,7.0,6,17.5,0.08783633681014176,17.166666666666668,True Positive (Well Documented)
Malacothamnus fasciculatus,southern coastal bushmallow,Plantae,1,1,0.5723356403520568,5.0,294,70.35374149659864,0.1649375545101709,21.91496598639456,True Positive (Well Documented)
Lasthenia coronaria,Royal Goldfields,Plantae,1,1,0.5718182829227406,8.0,13,18.76923076923077,0.19328253773542547,24.46153846153846,True Positive (Well Documented)
Tamarix ramosissima,saltcedar,Plantae,1,1,0.564358723575236,12.0,2,4.0,0.19093843549489975,11.0,True Positive (Well Documented)
Muricea californica,California Golden Gorgonian,Animalia,1,1,0.5381104414737004,4.0,1,17.0,0.0367089137434959,26.0,True Positive (Well Documented)
Schizocosa,Brush-legged Spiders,Arachnida,1,1,0.534273450932973,4.0,5,60.6,0.1371441096067428,26.4,True Positive (Well Documented)
Lepidium didymum,Lesser swine-cress,Plantae,1,0,0.49978342744404747,4.0,6,68.83333333333333,0.10645918361842628,24.0,False Negative
Thinopinus pictus,Pictured Rove Beetle,Insecta,1,0,0.49842568193262926,2.0,1,6.0,0.0456515662372112,24.0,False Negative
Cecidomyiidae,Gall and Forest Midges,Insecta,1,0,0.4969147329741774,2.0,8,81.25,0.15052666887640948,22.5,False Negative
Lycoperdaceae,puffballs,Fungi,1,0,0.4945325341480984,1.0,4,40.25,0.16273950785398478,25.0,False Negative
Cathartes aura,Turkey Vulture,Aves,1,0,0.4911663509590621,1.0,4,51.25,0.18722365796566007,15.25,False Negative
Puccinia evadens,coyote brush rust,Fungi,1,0,0.49042413642452054,10.0,6,11.5,0.14524721354246134,23.166666666666668,False Negative
Latrodectus geometricus,Brown Widow,Arachnida,1,0,0.4899618791041109,1.0,5,76.8,0.15454556345939635,24.2,False Negative
Calandrinia menziesii,redmaids,Plantae,1,0,0.4873602935719737,3.0,5,12.4,0.1562522053718567,23.4,False Negative
Megaceryle alcyon,Belted Kingfisher,Aves,1,0,0.4873432342275414,1.0,4,13.25,0.14758200570940966,24.0,False Negative
Exoprosopa,Unknown,Insecta,1,0,0.48305410158148826,1.0,6,65.0,0.16882279887795446,24.833333333333332,False Negative
Cladonia pyxidata,Pebbled Pixie Cup,Fungi,1,0,0.4812538503462982,2.0,5,71.0,0.15814378559589382,23.4,False Negative
Botryocladia pseudodichotoma,Red Sea Grapes,Plantae,1,0,0.4801513745773755,2.0,1,0.0,-0.0345417894423007,25.0,False Negative
Eumeninae,Potter and Mason Wasps,Insecta,1,0,0.478833183228231,1.0,7,24.571428571428573,0.18532710841723846,26.857142857142858,False Negative
Xanthorioideae,Unknown,Fungi,1,0,0.4770022670355261,2.0,7,59.714285714285715,0.16626562071698045,22.571428571428573,False Negative
Araneoidea,Orbweavers and Allies,Arachnida,1,0,0.47638067827864927,2.0,4,55.0,0.17553624324500558,23.25,False Negative
Ramalina canariensis,Inelegant Strap Lichen,Fungi,1,0,0.4744551679360928,3.0,12,33.583333333333336,0.1741090690096219,22.5,False Negative
Crustacea,Crustaceans,Animalia,1,0,0.474206112472727,2.0,2,7.5,0.09941955376416439,27.0,False Negative
Desmarestia ligulata,flattened acid kelp,Chromista,1,0,0.474139916013834,3.0,1,0.0,-0.0477067604660987,27.0,False Negative
Adiantum jordanii,California Maidenhair Fern,Plantae,1,0,0.4717865651331896,2.0,6,34.5,0.18678135424852368,23.5,False Negative
Actitis macularius,Spotted Sandpiper,Aves,1,0,0.4667205124630405,64.0,2,6.5,0.09411765262484545,23.0,False Negative
Poecilanthrax arethusa,Unknown,Insecta,1,0,0.46621677645453113,1.0,5,41.2,0.18304683864116666,24.4,False Negative
Zosteraceae,Seagrasses,Plantae,1,0,0.46585978575184184,2.0,1,0.0,0.0298647340387105,27.0,False Negative
Danaus plexippus,Monarch,Insecta,1,0,0.46571515923216716,6.0,5,45.4,0.16485966891050335,24.0,False Negative
Sphaerophoria,Globetails,Insecta,1,0,0.4653075253042192,1.0,7,44.0,0.17452796229294365,22.285714285714285,False Negative
Salvia,Sages,Plantae,1,0,0.46440976304682074,1.0,16,96.125,0.14707884937524793,23.1875,False Negative
Smicronyx,Unknown,Insecta,1,0,0.46030980127593407,1.0,11,78.81818181818181,0.16838514262979676,21.09090909090909,False Negative
Erodium botrys,Mediterranean Stork's-bill,Plantae,1,0,0.45948803694940904,5.0,6,15.0,0.17396174867947892,22.833333333333332,False Negative
Myoporum,Ngaios,Plantae,1,0,0.4581834619964931,3.0,4,53.75,0.16542216204106805,17.0,False Negative
Cornu aspersum,Garden Snail,Mollusca,1,0,0.4579016448833195,7.0,5,29.4,0.15601476132869715,22.2,False Negative
Riccia trichocarpa,Hairy Crystalwort,Plantae,1,0,0.4565440945768333,2.0,22,102.72727272727273,0.13473565131425855,22.136363636363637,False Negative
Helminthoglypta tudiculata,Southern California Shoulderband,Mollusca,1,0,0.4546670369750169,1.0,3,60.666666666666664,0.1502562165260314,24.0,False Negative
Asparagus asparagoides,Cape Smilax,Plantae,1,0,0.45333357336797264,4.0,5,4.6,0.13552821278572075,23.6,False Negative
Contumyces rosellus,rosy navel,Fungi,1,0,0.45260446149255196,1.0,4,73.75,0.14671059884130952,23.75,False Negative
Atriplex lentiformis,big saltbush,Plantae,1,0,0.4525892767236677,1.0,6,30.166666666666668,0.1475425213575363,21.666666666666668,False Negative
Polycauliona polycarpa,Pin-cushion Sunburst Lichen,Fungi,1,0,0.45160872142471864,3.0,10,9.4,0.16858034431934352,25.3,False Negative
Antirrhineae,Toadflaxes and Allies,Plantae,1,0,0.45044052957187364,2.0,4,73.5,0.15171449631452558,23.0,False Negative
Gnorimoschema baccharisella,Coyote Brush Stem Gall Moth,Insecta,1,0,0.45000308511499376,3.0,8,87.875,0.15189330931752915,22.375,False Negative
Anystis,Whirligig Mites,Arachnida,1,0,0.4490900899355187,1.0,3,38.0,0.14351377387841538,17.0,False Negative
Cacama,Cactus Dodger Cicadas,Insecta,1,0,0.44866757377844124,1.0,6,74.5,0.1765565536916256,26.5,False Negative
Scudderia,Scudder's Bush Katydids,Insecta,1,0,0.4464053855143038,1.0,5,45.8,0.14130464643239976,19.4,False Negative
Nycticorax nycticorax,Black-crowned Night Heron,Aves,1,0,0.4463580145763489,9.0,3,7.0,0.15895570069551465,24.0,False Negative
Salvia columbariae,Chia,Plantae,1,0,0.4446487450111372,2.0,4,70.0,0.17381735891103742,29.0,False Negative
Typha,Cattails,Plantae,1,0,0.4439967363929524,1.0,4,17.25,0.18341447785496706,23.25,False Negative
Decapoda,Decapods,Animalia,1,0,0.4433873903432291,3.0,2,0.5,0.13666866905987254,26.0,False Negative
Ardenna grisea,Sooty Shearwater,Aves,1,0,0.44338412237452646,2.0,1,16.0,0.092056892812252,24.0,False Negative
Accipitridae,"Hawks, Eagles, and Kites",Aves,1,0,0.4419836430603355,1.0,3,71.33333333333333,0.15389226128657657,18.0,False Negative
Cuterebra,Glire Bot Flies,Insecta,1,0,0.44094478306371454,1.0,4,70.25,0.12886824645102019,25.0,False Negative
Cicindelidia hemorrhagica,Wetsalts Tiger Beetle,Insecta,1,0,0.44052072694546807,1.0,5,0.6,0.17949402034282683,24.2,False Negative
Usnea,beard lichens,Fungi,1,0,0.4399954790854633,1.0,10,35.5,0.18037920743227,21.8,False Negative
Rissa tridactyla,Black-legged Kittiwake,Aves,1,0,0.4396770167592111,1.0,2,4.5,-0.0064954529516398,26.0,False Negative
Chenopodium album,Common Lambsquarters,Plantae,1,0,0.43856767315633455,1.0,4,26.0,0.1675689965486526,22.25,False Negative
Acacia longifolia,Longleaf Wattle,Plantae,1,0,0.4365102516611299,7.0,6,78.5,0.17591823761661843,22.166666666666668,False Negative
Tibicinina,Unknown,Insecta,1,0,0.43518732853933384,1.0,1,5.0,0.0640189349651336,25.0,False Negative
Tamarix chinensis,Five-stamen Tamarisk,Plantae,1,0,0.43452508754428143,1.0,1,24.0,0.0837181285023689,22.0,False Negative
Eupithecia,Pug Moths,Insecta,1,0,0.431971690885212,2.0,4,71.75,0.1441231798380613,16.75,False Negative
Acalyptratae,Acalyptrate Flies,Insecta,1,0,0.43152971612757807,1.0,4,64.0,0.16364552825689313,22.75,False Negative
Tipula,Unknown,Insecta,1,0,0.43039991338522565,1.0,6,31.833333333333332,0.20124561029175914,22.0,False Negative
Entomobrya unostrigata,Cotton Springtail,Animalia,1,0,0.4292084603919075,1.0,1,4.0,0.2549227178096771,22.0,False Negative
Microrhopala rubrolineata,Unknown,Insecta,1,0,0.4289012503180392,2.0,6,22.166666666666668,0.15803698698679602,20.0,False Negative
Vertebrata,Vertebrates,Animalia,1,0,0.42739052287356827,6.0,2,40.0,0.1097312998026609,22.5,False Negative
Cynipidae,Gall Wasps,Insecta,1,0,0.42684475575190545,1.0,4,66.5,0.18017284199595446,25.25,False Negative
Diachus auratus,Bronze Leaf Beetle,Insecta,1,0,0.42297136041316746,2.0,4,55.0,0.16378643736243245,22.25,False Negative
Artemisia douglasiana,California mugwort,Plantae,1,0,0.4224436331537853,1.0,5,5.0,0.16825778186321255,21.2,False Negative
Villa,Unknown,Insecta,1,0,0.4193951411393682,1.0,5,53.6,0.17072681784629817,27.4,False Negative
Palpada mexicana,Golden Plushback,Insecta,1,0,0.4182289600020405,2.0,7,73.28571428571429,0.1714933791330882,20.857142857142858,False Negative
Aphidinae,Unknown,Insecta,1,0,0.4173218179143228,1.0,4,67.75,0.16166116856038565,21.25,False Negative
Eubrachyura,Eubrachyuran Crabs,Animalia,1,0,0.41462099489015763,1.0,1,4.0,0.1249566152691841,23.0,False Negative
Lottia limatula,File Limpet,Mollusca,1,0,0.41340582850214846,16.0,1,18.0,0.1037641838192939,26.0,False Negative
Cupressaceae,cypress family,Plantae,1,0,0.4131420219146931,1.0,1,5.0,0.0695121958851814,25.0,False Negative
Formica,"Wood, Mound, and Field Ants",Insecta,1,0,0.4121863065858927,1.0,4,7.0,0.18091770634055132,28.5,False Negative
Isocoma menziesii sedoides,Unknown,Plantae,1,0,0.4116362870962899,1.0,2,16.0,0.09199765697121615,24.0,False Negative
Allacrotelsa spinulata,Unknown,Insecta,1,0,0.4109259126262138,2.0,5,62.4,0.1612356513738632,23.0,False Negative
Tegula gallina,Speckled Tegula,Mollusca,1,0,0.4099774844886402,45.0,1,11.0,0.1389847099781036,24.0,False Negative
Oncosiphon pilulifer,stinknet,Plantae,1,0,0.4081398472568818,4.0,6,39.0,0.18539503589272496,20.166666666666668,False Negative
Candelaria,Candleflame Lichens,Fungi,1,0,0.40477244370270304,1.0,5,87.8,0.1524094775319099,23.2,False Negative
Spirobolidea,Unknown,Animalia,1,0,0.4033392207924401,1.0,2,40.5,0.16888026148080826,24.5,False Negative
Coccinellini,Black-spotted Lady Beetles,Insecta,1,0,0.40166008817826737,1.0,3,21.0,0.14836795628070829,24.0,False Negative
Acanthomorpha,Spiny-rayed fishes,Actinopterygii,1,0,0.4003873252974044,3.0,1,3.0,0.0903792381286621,25.0,False Negative
Ramalinaceae,"bushy lichens, sea-fog lichens, and allies",Fungi,1,0,0.3999462649201142,3.0,4,65.0,0.1754169091582298,23.0,False Negative
Myriolecis dispersa,Mortar Rim Lichen,Fungi,1,0,0.3990270647076299,1.0,5,48.4,0.1836479008197784,21.6,False Negative
Delphinidae,Oceanic Dolphins,Mammalia,1,0,0.39817026287670837,3.0,2,68.0,0.1435805857181549,12.5,False Negative
Lythrum hyssopifolia,Hyssop Loosestrife,Plantae,1,0,0.39813216620545283,1.0,4,47.5,0.15117149241268632,22.25,False Negative
Thebini,Unknown,Mollusca,1,0,0.39571261045575795,1.0,1,20.0,0.1703269332647323,25.0,False Negative
Ruschieae,Brightfig Tribe,Plantae,1,0,0.39453433802251214,2.0,2,42.5,0.12770827859640121,0.0,False Negative
Eriogonum,wild buckwheats,Plantae,1,0,0.39076375622495507,1.0,3,75.33333333333333,0.1369143947958946,15.333333333333334,False Negative
Calanoida,Calanoid Copepods,Animalia,1,0,0.3907341853460607,2.0,1,0.0,0.1901338100433349,24.0,False Negative
Gnaphalieae,paper daisies,Plantae,1,0,0.3906470776968471,2.0,3,57.333333333333336,0.15595001975695286,23.0,False Negative
Podiceps nigricollis,Eared Grebe,Aves,1,0,0.3886295773715134,5.0,2,25.0,0.15192349255084986,24.5,False Negative
Curicaberis,Unknown,Arachnida,1,0,0.3885963675026217,2.0,3,63.0,0.1469997366269429,19.0,False Negative
Argia vivida,Vivid Dancer,Insecta,1,0,0.3859024776098077,1.0,5,26.8,0.20416484177112576,23.0,False Negative
Phalaropus lobatus,Red-necked Phalarope,Aves,1,0,0.3852474050266001,1.0,1,11.0,0.1389847099781036,24.0,False Negative
Porcellio laevis,Swift Woodlouse,Animalia,1,0,0.38193166913791615,2.0,2,10.0,0.17776280641555786,20.0,False Negative
Myoporum laetum,Ngaio,Plantae,1,0,0.3798309942644246,16.0,3,45.0,0.12030507872502005,23.666666666666668,False Negative
Xanthoria parietina,Common Sunburst Lichen,Fungi,1,0,0.37454220903053104,4.0,4,60.0,0.14414044655859468,22.75,False Negative
Opuntia × vaseyi,Vasey's Pricklypear,Plantae,1,0,0.3714158945122865,1.0,3,7.666666666666667,0.15345210954546926,25.0,False Negative
Accipiter striatus,Sharp-shinned Hawk,Aves,1,0,0.3712455859543421,1.0,1,15.0,0.2187153995037078,25.0,False Negative
Acacia cyclops,western coastal wattle,Plantae,1,0,0.368918608181256,4.0,7,93.71428571428571,0.13447922893932882,21.285714285714285,False Negative
Polyporales,Shelf Fungi,Fungi,1,0,0.36625153292476603,1.0,6,91.83333333333333,0.1676984181006749,22.0,False Negative
Symphyotrichum subulatum,annual saltmarsh aster,Plantae,1,0,0.36482841384996634,1.0,6,2.6666666666666665,0.19978564232587812,24.0,False Negative
Oligomeris linifolia,lineleaf whitepuff,Plantae,1,0,0.36447517250476125,1.0,6,103.33333333333333,0.1278918099900086,20.333333333333332,False Negative
Apantesis,Unknown,Insecta,1,0,0.362749796990706,1.0,1,6.0,0.0856704115867614,0.0,False Negative
Trombidium,Unknown,Arachnida,1,0,0.3624897394180408,8.0,3,26.333333333333332,0.1638560021917025,22.0,False Negative
Copestylum,Bromeliad Flies,Insecta,1,0,0.361277121904362,1.0,3,64.33333333333333,0.1579280445973078,24.0,False Negative
Talitridae,Sandhoppers and Landhoppers,Animalia,1,0,0.360940609703869,3.0,2,8.0,0.1607478111982345,29.0,False Negative
Polycauliona,Unknown,Fungi,1,0,0.35965130045473936,1.0,6,77.0,0.16076467062036193,24.833333333333332,False Negative
Caliciaceae,Button and Allied Lichens,Fungi,1,0,0.3590292180700899,1.0,6,81.66666666666667,0.14740721260507897,20.833333333333332,False Negative
Cephalaspidea,Bubble Snails and Allies,Mollusca,1,0,0.3543474462236038,1.0,1,0.0,0.1798994094133377,24.0,False Negative
Cryptantha clevelandii,Cleveland's Cryptantha,Plantae,1,0,0.354084191853422,1.0,3,70.33333333333333,0.13875153660774228,20.333333333333332,False Negative
Polyplacophora,Chitons,Mollusca,1,0,0.3540835807154108,6.0,1,68.0,0.2704851627349853,24.0,False Negative
Crassula,Stonecrops,Plantae,1,0,0.35128169864311415,1.0,3,78.0,0.14433179547389344,24.333333333333332,False Negative
Acacia,wattles,Plantae,1,0,0.3487419541309953,1.0,3,68.33333333333333,0.16411023338635758,23.0,False Negative
Coriarachnini,Unknown,Arachnida,1,0,0.34623597515174914,1.0,3,69.66666666666667,0.1586188028256098,23.333333333333332,False Negative
Chordeiles acutipennis,Lesser Nighthawk,Aves,1,0,0.3408817432195627,2.0,4,96.75,0.16712011396884913,21.75,False Negative
Prostigmata,Prostigs,Arachnida,1,0,0.34070685496524117,1.0,2,50.5,0.17686688899993894,12.0,False Negative
Haminoea vesicula,Blister Glassy-bubble,Mollusca,1,0,0.34019082085749486,2.0,1,0.0,0.1675203293561935,20.0,False Negative
Gavia stellata,Red-throated Loon,Aves,1,0,0.33757334947123757,3.0,1,47.0,0.1851294487714767,24.0,False Negative
Phalaenoptilus nuttallii,Common Poorwill,Aves,1,0,0.33191137998600895,1.0,1,105.0,0.1620827913284301,24.0,False Negative
Mephitis mephitis,Striped Skunk,Mammalia,1,0,0.3303971665143685,1.0,3,4.666666666666667,0.18649409214655557,23.666666666666668,False Negative
Festuca,Fescues,Plantae,1,0,0.3288334196624107,1.0,3,63.0,0.17613088587919867,23.0,False Negative
Scaeva affinis,White-bowed Smoothwing,Insecta,1,0,0.32513899388322204,1.0,3,54.666666666666664,0.1398378138740857,14.666666666666666,False Negative
Clastoptera lineatocollis,Unknown,Insecta,1,0,0.32464975418933395,1.0,3,61.333333333333336,0.16334154208501175,22.333333333333332,False Negative
Tulostoma,Stalked Puffballs,Fungi,1,0,0.3234826516312117,1.0,3,83.0,0.16406689584255213,23.0,False Negative
Schinus terebinthifolia,Brazilian pepper,Plantae,1,0,0.32197562928028617,5.0,2,4.0,0.24523197859525675,22.0,False Negative
Tringa incana,Wandering Tattler,Aves,1,0,0.3195234184692093,1.0,1,61.0,0.1618695557117462,26.0,False Negative
Dryopteris arguta,coastal woodfern,Plantae,1,0,0.3177734654097634,1.0,5,54.8,0.18840756714344023,21.8,False Negative
Staphylinidae,Rove Beetles,Insecta,1,0,0.31739059678208503,1.0,3,6.333333333333333,0.18180771172046659,24.666666666666668,False Negative
Erodium moschatum,musk stork's-bill,Plantae,1,0,0.3165688055828761,1.0,3,10.0,0.18644242982069648,26.666666666666668,False Negative
Phoenix canariensis,Canary Island palm,Plantae,1,0,0.31606983244109105,2.0,2,2.0,0.21183297038078303,23.5,False Negative
Tamarix,Tamarisks,Plantae,1,0,0.3154217100707495,10.0,2,31.0,0.19019355624914164,21.0,False Negative
Annelida,Segmented Worms,Animalia,1,0,0.3146612270374695,9.0,1,72.0,0.1286544799804687,28.0,False Negative
Protozoa,protozoans,Protozoa,1,0,0.31386025432230374,1.0,3,0.0,0.1598398685455322,24.666666666666668,False Negative
Traskorchestia traskiana,Pacific beach hopper,Animalia,1,0,0.31181945761281815,1.0,1,3.0,0.21621735394001,28.0,False Negative
Suaeda nigra,Mojave Seablite,Plantae,1,0,0.3061453817888763,1.0,2,54.0,0.13756399974226946,25.0,False Negative
Bembidion,Unknown,Insecta,1,0,0.3052662743485224,1.0,3,24.333333333333332,0.1864205300807953,19.0,False Negative
Circus hudsonius,Northern Harrier,Aves,1,0,0.30521876323119057,1.0,1,3.0,0.1579961776733398,24.0,False Negative
Lunularia cruciata,Crescent-cup liverwort,Plantae,1,0,0.3044985798786603,1.0,4,103.25,0.17778651788830752,22.0,False Negative
Brassica rapa,field mustard,Plantae,1,0,0.3037231309666649,1.0,1,4.0,0.2549227178096771,22.0,False Negative
Bacillariophyceae,Diatoms,Chromista,1,0,0.30001364144802717,1.0,5,1.4,0.1594179421663284,23.2,False Negative
Renilla,Unknown,Animalia,1,0,0.29824408412035575,9.0,1,106.0,0.1253102868795395,23.0,False Negative
Cynipoidea,Gall Wasps and Allies,Insecta,1,0,0.2942019689295505,1.0,3,86.66666666666667,0.14864066491524372,22.0,False Negative
Plantago ovata insularis,Unknown,Plantae,1,0,0.29382336621031835,2.0,2,22.5,0.11753224208950991,24.0,False Negative
Stereum hirsutum,hairy curtain crust,Fungi,1,0,0.29218471188043543,1.0,3,73.33333333333333,0.2140299975872039,20.333333333333332,False Negative
Oecanthus,Common Tree Crickets,Insecta,1,0,0.2858293353381568,1.0,3,60.333333333333336,0.19058500727017721,22.666666666666668,False Negative
Oscillatoria,Unknown,Unknown,1,0,0.2854575700195925,1.0,2,0.0,0.14981009811162946,25.0,False Negative
Dermacentor variabilis,American Dog Tick,Arachnida,1,0,0.28466935045285335,1.0,1,1.0,0.1708835810422897,24.0,False Negative
Aizoaceae,Stone plants,Plantae,1,0,0.28078111419946683,1.0,2,67.0,0.14710852876305575,25.0,False Negative
Pseudacris,Chorus Frogs,Amphibia,1,0,0.2749006998273768,1.0,2,5.5,0.16941032558679575,22.5,False Negative
Peromyscus,North American Deer Mice,Mammalia,1,0,0.2712646470077099,1.0,3,29.0,0.20974774658679954,23.666666666666668,False Negative
Ciliophora,Ciliates,Chromista,1,0,0.2707126708187359,3.0,2,0.0,0.20279509574174875,24.0,False Negative
Spirulina,Unknown,Unknown,1,0,0.2694700884805146,1.0,1,0.0,0.1901338100433349,24.0,False Negative
Sisymbrium,Hedgemustards,Plantae,1,0,0.26859738610793266,1.0,1,3.0,0.1400120854377746,25.0,False Negative
Anatidae,"Ducks, Geese, and Swans",Aves,1,0,0.2647599817197454,1.0,1,0.0,0.1363352090120315,20.0,False Negative
Xanthomendoza,Unknown,Fungi,1,0,0.26281230477753115,1.0,1,36.0,0.1512271761894226,25.0,False Negative
Chasmanthe,Cobralilies,Plantae,1,0,0.2605799095483548,1.0,2,91.0,0.16242674738168716,21.5,False Negative
Passerellidae,New World Sparrows,Aves,1,0,0.2602594796805967,1.0,1,85.0,0.2042754888534546,22.0,False Negative
Myoporum insulare,common boobialla,Plantae,1,0,0.2592209696381723,1.0,1,97.0,0.1019069626927375,24.0,False Negative
Melanoplus cinereus cyanipes,Unknown,Insecta,1,0,0.2554340957778589,1.0,2,35.5,0.15332675725221628,24.0,False Negative
Lecideaceae,Unknown,Fungi,1,0,0.25245818473649845,1.0,3,84.33333333333333,0.16794039805730185,19.333333333333332,False Negative
Dendrographa,Unknown,Fungi,1,0,0.251940623828757,1.0,3,31.333333333333332,0.19288965066274003,20.333333333333332,False Negative
Berginus nigricolor,Unknown,Insecta,1,0,0.24490434534438332,1.0,2,32.0,0.16008164733648295,26.0,False Negative
Chloridoideae,Unknown,Plantae,1,0,0.2417974219632299,1.0,2,78.0,0.1527699083089828,22.5,False Negative
Brachypodium distachyon,purple false-brome,Plantae,1,0,0.24017685885283632,1.0,2,33.0,0.182715356349945,27.5,False Negative
Acrididea,Grasshoppers,Insecta,1,0,0.23947315497858426,1.0,2,75.0,0.16156298667192454,26.0,False Negative
Chironomidae,Non-biting Midges,Insecta,1,0,0.23920773311907997,2.0,1,2.0,0.1388985961675644,26.0,False Negative
Marchantiales,Complex thallose liverworts,Plantae,1,0,0.23902430752600126,1.0,2,86.5,0.1637711822986602,22.0,False Negative
Brassiceae,Unknown,Plantae,1,0,0.23829661181040943,1.0,2,34.0,0.1822430118918419,21.0,False Negative
Galegeae,"milkvetches, locoweeds, and allies",Plantae,1,0,0.23537927607335693,1.0,2,60.0,0.1529391258955001,27.0,False Negative
Clastopteridae,Clastopterid Spittlebugs,Insecta,1,0,0.23522540370787107,1.0,1,5.0,0.2057874053716659,25.0,False Negative
Sarcophagidae,Flesh Flies and Satellite Flies,Insecta,1,0,0.2346227485956278,1.0,2,36.0,0.21906151622533793,23.5,False Negative
Sisymbrium irio,London rocket,Plantae,1,0,0.23458221966286927,1.0,2,92.5,0.13476805388927454,22.5,False Negative
Pholistoma,Unknown,Plantae,1,0,0.23379261067911172,1.0,2,78.0,0.16013713181018824,28.0,False Negative
Tibicinoides vanduzeei,Van Duzee's Cicada,Insecta,1,0,0.2310156621659888,1.0,1,34.0,0.2720982730388641,24.0,False Negative
Schizophora,Schizophoran Flies,Insecta,1,0,0.2308611637083215,2.0,2,60.0,0.14580611139535898,21.5,False Negative
Sisymbrium officinale,Hedge mustard,Plantae,1,0,0.22963409703903367,1.0,1,5.0,0.1387482732534408,23.0,False Negative
Allograpta,Streaktails,Insecta,1,0,0.22873644704678361,1.0,2,66.5,0.1621616929769516,25.5,False Negative
Trachelas pacificus,Bull-headed sac spider,Arachnida,1,0,0.2280973009172217,1.0,1,103.0,0.1145467311143875,23.0,False Negative
Volvopluteus gloiocephalus,Stubble Rosegill,Fungi,1,0,0.22369567188320924,5.0,2,65.5,0.1747554615139961,20.0,False Negative
Phidippus insignarius,Unknown,Arachnida,1,0,0.22355450109823016,1.0,1,97.0,0.1533447057008743,23.0,False Negative
Culicomorpha,Mosquitoes and Midges,Insecta,1,0,0.2225298955161232,1.0,1,5.0,0.1455379277467727,22.0,False Negative
Archaeognatha,Bristletails,Insecta,1,0,0.21928578575200158,1.0,2,50.5,0.1634861379861831,25.0,False Negative
Grimmia laevigata,Grimmia Dry Rock Moss,Plantae,1,0,0.2172479643139313,2.0,2,73.5,0.19326228648424143,21.5,False Negative
Astragalus nuttallii,Nuttall's Milkvetch,Plantae,1,0,0.21709286006552114,1.0,1,46.0,0.1459258198738098,22.0,False Negative
Eucalyptus cladocalyx,sugar gum,Plantae,1,0,0.21577978108152118,1.0,1,56.0,0.1429019719362259,24.0,False Negative
Megascapheus bottae,Unknown,Mammalia,1,0,0.21551512506720413,1.0,1,78.0,0.1895089000463485,22.0,False Negative
Canidae,Canids,Mammalia,1,0,0.21394582215692812,1.0,1,102.0,0.1439417898654937,23.0,False Negative
Pyraloidea,Pyralid and Crambid Snout Moths,Insecta,1,0,0.21336466544076535,1.0,1,1.0,0.1811055243015289,22.0,False Negative
Syrphus opinator,Black-margined Flower Fly,Insecta,1,0,0.21321492995488908,1.0,1,4.0,0.2055595517158508,22.0,False Negative
Camissonia,Unknown,Plantae,1,0,0.21218155085868318,1.0,1,97.0,0.1533447057008743,23.0,False Negative
Cyperus alternifolius flabelliformis,Umbrella papyrus,Plantae,1,0,0.20967296329883453,1.0,1,61.0,0.1494975984096527,22.0,False Negative
Erigeron sumatrensis,tropical horseweed,Plantae,1,0,0.20819165957616764,1.0,1,44.0,0.1513578742742538,22.0,False Negative
Antitrichia californica,California antitrichia moss,Plantae,1,0,0.2046497727907338,1.0,1,102.0,0.1496986746788025,24.0,False Negative
Crotalus oreganus,Western Rattlesnake,Reptilia,1,0,0.20440394924595168,1.0,1,11.0,0.1756433695554733,20.0,False Negative
Jadera haematoloma,Red-shouldered Bug,Insecta,1,0,0.2034953658096471,1.0,1,106.0,0.1453997492790222,24.0,False Negative
Laccaria,Deceivers,Fungi,1,0,0.20170581644153343,1.0,1,10.0,0.1573542803525924,22.0,False Negative
Dactylopius confusus,American cochineal bug,Insecta,1,0,0.20096482130244303,1.0,2,80.0,0.17411866039037704,26.0,False Negative
Microphotus angustus,California Pink Glowworm,Insecta,1,0,0.1995457517473357,1.0,2,68.0,0.1789125800132751,24.0,False Negative
Sauria,Lizards,Reptilia,1,0,0.19319198231664855,2.0,1,84.0,0.2507578432559967,19.0,False Negative
Scarabaeidae,Scarabs,Insecta,1,0,0.19288379615576906,1.0,2,75.5,0.16649819165468216,27.0,False Negative
Croton setiger,turkey mullein,Plantae,1,0,0.1897990643326109,1.0,1,53.0,0.1716159582138061,24.0,False Negative
Terralonus,Unknown,Arachnida,1,0,0.1892061360346039,1.0,1,102.0,0.1216428503394126,22.0,False Negative
Hellula rogatalis,Cabbage Webworm Moth,Insecta,1,0,0.18799900102654854,1.0,1,10.0,0.154757559299469,20.0,False Negative
Chaetodipus,Unknown,Mammalia,1,0,0.18730153158155696,1.0,1,63.0,0.1766283810138702,29.0,False Negative
Erodium,stork's-bills,Plantae,1,0,0.18400688137920157,2.0,1,5.0,0.1600962728261947,29.0,False Negative
Cortaderia,Pampas grasses,Plantae,1,0,0.1832340587073373,2.0,1,112.0,0.1355347782373428,23.0,False Negative
Tipulidae,Large Crane Flies,Insecta,1,0,0.1798389868510496,1.0,1,15.0,0.1285638064146042,22.0,False Negative
Melolonthinae,June Beetles,Insecta,1,0,0.17948499063050785,1.0,1,44.0,0.1513578742742538,22.0,False Negative
Tephromelataceae,Unknown,Fungi,1,0,0.17911436922992346,1.0,1,50.0,0.1526883095502853,27.0,False Negative
Compsocryptus,Unknown,Insecta,1,0,0.17885692326350566,1.0,1,22.0,0.2185001075267791,20.0,False Negative
Heraclides rumiko,Western Giant Swallowtail,Insecta,1,0,0.17587980775232295,1.0,1,29.0,0.1965416520833969,20.0,False Negative
Zelotes,Unknown,Arachnida,1,0,0.17449555372780248,1.0,1,79.0,0.1710428595542907,24.0,False Negative
Syntrichia,Unknown,Plantae,1,0,0.16875743444990057,1.0,1,13.0,0.2061620652675628,20.0,False Negative
Sabiniana,Unknown,Plantae,1,0,0.1686755236490599,1.0,1,83.0,0.1496625393629074,20.0,False Negative
Lorita,Unknown,Insecta,1,0,0.1670783365453186,1.0,1,57.0,0.1749230772256851,22.0,False Negative
Laccaria fraterna,gumtree deceiver,Fungi,1,0,0.16598940594481146,2.0,1,90.0,0.1361991167068481,25.0,False Negative
Elateridae,Click Beetles,Insecta,1,0,0.15788302330310588,1.0,1,69.0,0.1736166179180145,29.0,False Negative
Autographa californica,Alfalfa Looper,Insecta,1,0,0.15467254110548134,1.0,1,70.0,0.1958814114332199,21.0,False Negative
Coccoidea,Scale Insects,Insecta,1,0,0.15261778785143953,2.0,1,53.0,0.1303570717573166,29.0,False Negative
Malacothrix foliosa,Leafy Desertdandelion,Plantae,1,0,0.1520905278931459,1.0,1,113.0,0.1361791342496872,20.0,False Negative
Glomeratae,Section Glomeratae,Plantae,1,0,0.1476787066835328,1.0,1,69.0,0.1836595684289932,29.0,False Negative
Polycauliona candelaria,Shrubby Sunburst Lichen,Fungi,1,0,0.1464642232368073,1.0,1,18.0,0.2042036801576614,20.0,False Negative
Asphondylia atriplicis,Tumor Stem Gall Midge,Insecta,1,0,0.14087613005576807,1.0,1,67.0,0.1552111059427261,29.0,False Negative
Anthomyiidae,Root-maggot Flies,Insecta,1,0,0.13942045688121804,1.0,1,104.0,0.1552087217569351,23.0,False Negative
Chlorophyllum,Unknown,Fungi,1,0,0.13814103546685264,1.0,1,71.0,0.1741988211870193,24.0,False Negative
Dryadaula terpsichorella,Hawaiian Dancing Moth,Insecta,1,0,0.13149559813455147,1.0,1,108.0,0.1431909352540969,20.0,False Negative
Tipuloidea,Typical Crane Flies,Insecta,1,0,0.1296548865767859,1.0,1,70.0,0.1424522697925567,28.0,False Negative
Stebbinsoseris heterocarpa,grassland silverpuffs,Plantae,0,0,0.4994664592804484,0.0,9,17.555555555555557,0.18449636465973318,23.77777777777778,True Negative
Synidotea harfordi,Unknown,Animalia,0,0,0.4994027518027419,0.0,1,7.0,-0.0267753303050994,26.0,True Negative
Ceratina,Small Carpenter Bees,Insecta,0,0,0.49930903970821094,0.0,17,72.23529411764706,0.16247898909975497,23.823529411764707,True Negative
Agulla,Common Snakeflies,Insecta,0,0,0.49868356607441117,0.0,8,75.0,0.14755355846136806,25.125,True Negative
Platystemon californicus,creamcups,Plantae,0,0,0.498676847717459,0.0,12,11.166666666666666,0.2015317864716053,24.75,True Negative
Leptoglossus clypealis,Western Leaf-footed Bug,Insecta,0,0,0.49808517302293825,0.0,1,0.0,0.0168918911367654,0.0,True Negative
Eulobus californicus,California primrose,Plantae,0,0,0.49599587375514365,0.0,9,52.44444444444444,0.126431669625971,22.555555555555557,True Negative
Malacothamnus fasciculatus fasciculatus,southern coastal bushmallow,Plantae,0,0,0.4940256889333917,0.0,31,71.38709677419355,0.1616893809649252,22.161290322580644,True Negative
Batrachoseps major,Southern California Slender Salamander,Amphibia,0,0,0.49299503905805825,0.0,17,89.05882352941177,0.1406725211178555,23.764705882352942,True Negative
Funastrum,Unknown,Plantae,0,0,0.49166060732949945,0.0,7,55.714285714285715,0.13837358249085288,15.714285714285714,True Negative
Anthophora californica,California Digger Bee,Insecta,0,0,0.48861496519723013,0.0,9,55.0,0.15214465227391982,16.22222222222222,True Negative
Leptoglossus zonatus,Unknown,Insecta,0,0,0.4882503027014104,0.0,4,27.25,0.09121911413967608,17.5,True Negative
Dasymutilla sackenii,Sacken's Velvet Ant,Insecta,0,0,0.48585192016485734,0.0,7,64.71428571428571,0.16163405776023862,22.285714285714285,True Negative
Lasioglossum gemmatum,Unknown,Insecta,0,0,0.4846604261880747,0.0,10,34.3,0.15911203324794765,22.1,True Negative
Castilleja exserta,purple owl's-clover,Plantae,0,0,0.48415915862014886,0.0,4,28.0,0.14751868695020673,26.5,True Negative
Malva multiflora,Cretan mallow,Plantae,0,0,0.48303363242854497,0.0,14,14.285714285714286,0.19318958584751397,23.142857142857142,True Negative
Cirsium occidentale,Cobwebby Thistle,Plantae,0,0,0.4827883041386201,0.0,8,16.875,0.170224480330944,20.5,True Negative
Passerina amoena,Lazuli Bunting,Aves,0,0,0.4827433859117114,0.0,4,21.0,0.11136024957522747,17.0,True Negative
Trichoptera,Caddisflies,Insecta,0,0,0.4822997981707844,0.0,1,0.0,-0.0497832782566547,0.0,True Negative
Xanthium,Cockleburs,Plantae,0,0,0.482169023155796,0.0,6,33.833333333333336,0.15733244766791657,22.333333333333332,True Negative
Convolvulus arvensis,field bindweed,Plantae,0,0,0.4813345001204697,0.0,14,14.0,0.1949096396565437,22.571428571428573,True Negative
Ramalina farinacea,Farinose Cartilage Lichen,Fungi,0,0,0.480543911128626,0.0,10,34.1,0.16442189067602153,22.8,True Negative
Anthophorula,Unknown,Insecta,0,0,0.4782056346847017,0.0,21,11.761904761904763,0.16590228038174762,27.904761904761905,True Negative
Apocrita,"Narrow-waisted Wasps, Ants, and Bees",Insecta,0,0,0.47789875778681734,0.0,7,54.0,0.17711712419986722,23.428571428571427,True Negative
Pertusaria xanthodes,Volcano Wart Lichen,Fungi,0,0,0.47769058590524577,0.0,19,78.26315789473684,0.1694652414635608,22.789473684210527,True Negative
Rhamnus,Buckthorns,Plantae,0,0,0.47668361114334906,0.0,30,90.06666666666666,0.1465342725316683,22.433333333333334,True Negative
Mareca strepera,Gadwall,Aves,0,0,0.4761522702643045,0.0,7,3.0,0.13205014222434586,22.285714285714285,True Negative
Nycteola,Unknown,Insecta,0,0,0.4760969446253743,0.0,1,5.0,-0.0024452051147818,0.0,True Negative
Mutarda nigra,Black Mustard,Plantae,0,0,0.47398907654373895,0.0,14,17.0,0.19384156273944034,20.928571428571427,True Negative
Cisthene faustinula,Unknown,Insecta,0,0,0.47313409786608485,0.0,8,30.5,0.17022318206727502,22.5,True Negative
Cicindelidia trifasciata,S-banded Tiger Beetle,Insecta,0,0,0.4729869493118515,0.0,1,0.0,-0.0756963342428207,0.0,True Negative
Fucellia costalis,Unknown,Insecta,0,0,0.4729869493118515,0.0,1,0.0,-0.0933464765548706,0.0,True Negative
Lasiurus cinereus,Northern Hoary Bat,Mammalia,0,0,0.4724655498411107,0.0,1,25.0,0.0317142978310585,0.0,True Negative
Typha domingensis,southern cattail,Plantae,0,0,0.4721291744310093,0.0,7,8.142857142857142,0.17993496677705215,23.857142857142858,True Negative
Euphorbia spathulata,Reticulate-seeded Spurge,Plantae,0,0,0.47204724126084663,0.0,5,44.8,0.16364822089672088,25.2,True Negative
Nezarini,Unknown,Insecta,0,0,0.4710115171254866,0.0,1,0.0,-0.0742896273732185,0.0,True Negative
Plagiobothrys,Popcornflowers,Plantae,0,0,0.46965658120289183,0.0,10,87.7,0.16435464620590207,24.5,True Negative
Calliphoridae,Blow Flies,Insecta,0,0,0.4694941296640256,0.0,7,68.42857142857143,0.1717512990747179,23.428571428571427,True Negative
Acarospora socialis,Yellow Cobblestone Lichen,Fungi,0,0,0.4670984592708869,0.0,43,90.53488372093024,0.13298111478256622,23.627906976744185,True Negative
Bucephala albeola,Bufflehead,Aves,0,0,0.4669509143772956,0.0,7,1.8571428571428572,0.12843977447066984,22.142857142857142,True Negative
Calystegia macrostegia tenuifolia,San Diego Morning Glory,Plantae,0,0,0.46581265411066974,0.0,4,67.5,0.15034398064017293,24.25,True Negative
Burnettweldia plumbella,Beaked Twig Gall Wasp,Insecta,0,0,0.46570749578709675,0.0,22,93.54545454545455,0.1421960014849901,22.40909090909091,True Negative
Callophyllis,Unknown,Plantae,0,0,0.46562831408748945,0.0,1,0.0,0.0160307493060827,27.0,True Negative
Brachytheciaceae,Unknown,Plantae,0,0,0.46493492457475866,0.0,7,50.714285714285715,0.17462300402777534,22.285714285714285,True Negative
Cecidomyiinae,Gall Midges,Insecta,0,0,0.4639064293655819,0.0,7,56.285714285714285,0.16908828914165494,23.571428571428573,True Negative
Malva parviflora,cheeseweed mallow,Plantae,0,0,0.4634093557765842,0.0,5,32.8,0.1308945477008819,13.2,True Negative
Asiloidea,Unknown,Insecta,0,0,0.46232662220912574,0.0,7,62.285714285714285,0.15940961667469566,25.142857142857142,True Negative
Eriodictyon crassifolium,Thick-leaved Yerba Santa,Plantae,0,0,0.46207634668875436,0.0,837,91.56511350059738,0.157059664491969,22.9115890083632,True Negative
Petrochelidon pyrrhonota,Cliff Swallow,Aves,0,0,0.4612209566076777,0.0,4,44.25,0.1643554270267486,17.25,True Negative
Stephanomeria pauciflora,Brownplume Wirelettuce,Plantae,0,0,0.46088197898520294,0.0,6,64.83333333333333,0.17519733309745786,23.333333333333332,True Negative
Parietaria hespera,rillita pellitory,Plantae,0,0,0.4608656366721192,0.0,6,48.666666666666664,0.17517090092102683,23.5,True Negative
Ochrolechia africana,Frosty Saucer,Fungi,0,0,0.46054298555080114,0.0,18,61.27777777777778,0.1857417755656772,22.5,True Negative
Onagrandrena,Unknown,Insecta,0,0,0.4601985374046654,0.0,8,58.5,0.14111185073852536,0.0,True Negative
Plegadis chihi,White-faced Ibis,Aves,0,0,0.460011983904069,0.0,4,0.75,0.09978619404137133,17.75,True Negative
Rhamnaceae,buckthorn family,Plantae,0,0,0.459903637140343,0.0,6,76.5,0.17223187784353888,26.166666666666668,True Negative
Baccharis pilularis consanguinea,Chaparral Coyote Brush,Plantae,0,0,0.4597919003948484,0.0,9,69.77777777777777,0.15924367474185092,22.444444444444443,True Negative
Anyphaena,Unknown,Arachnida,0,0,0.45914647828785954,0.0,7,72.0,0.16367309221199577,26.714285714285715,True Negative
Mordella hubbsi,Unknown,Insecta,0,0,0.4590403934343267,0.0,11,61.09090909090909,0.16785533997145563,24.09090909090909,True Negative
Eusattus,Unknown,Insecta,0,0,0.4589723507577079,0.0,1,5.0,0.0404280610382556,0.0,True Negative
Brassicoideae,Unknown,Plantae,0,0,0.45879336121590947,0.0,6,50.0,0.13690542181332901,16.333333333333332,True Negative
Hemipenthes sinuosa,Sinuous Bee Fly,Insecta,0,0,0.4584456665030613,0.0,6,54.333333333333336,0.1808033833901087,22.333333333333332,True Negative
Chlorochroa,Unknown,Insecta,0,0,0.4583736229689157,0.0,1,6.0,0.0394786968827247,0.0,True Negative
Otala lactea,Milk Snail,Mollusca,0,0,0.4580956552292873,0.0,7,16.285714285714285,0.1851905328886849,23.428571428571427,True Negative
Vireo huttoni,Hutton's Vireo,Aves,0,0,0.4568766068567886,0.0,7,70.42857142857143,0.18257738011223923,22.0,True Negative
Euphilotes,American Dotted Blues,Insecta,0,0,0.45642659741019476,0.0,8,57.125,0.16240850090980524,27.25,True Negative
Eriocoma,Western Needlegrasses,Plantae,0,0,0.456091703836318,0.0,6,78.16666666666667,0.16178678969542182,24.666666666666668,True Negative
Spergularia bocconei,Greek Sea-spurrey,Plantae,0,0,0.45527002093967783,0.0,6,17.333333333333332,0.13359604341288406,24.166666666666668,True Negative
Calephelis nemesis,Fatal Metalmark,Insecta,0,0,0.4530394354181636,0.0,54,56.333333333333336,0.179248074138606,21.12962962962963,True Negative
Avena fatua,wild oat,Plantae,0,0,0.45231983172840046,0.0,6,9.5,0.16171812886993087,26.666666666666668,True Negative
Cladonia squamosa,Dragon Horn,Fungi,0,0,0.4520545630149421,0.0,7,77.71428571428571,0.1650200858712196,23.857142857142858,True Negative
Avena barbata,slender wild oat,Plantae,0,0,0.4517406160750369,0.0,6,28.833333333333332,0.18714111049969986,27.333333333333332,True Negative
Hesperocnide tenella,Western nettle,Plantae,0,0,0.4516745952950662,0.0,6,20.666666666666668,0.18499862154324845,25.666666666666668,True Negative
Aphonopelma steindachneri,Steindachner's Ebony Tarantula,Arachnida,0,0,0.4516612250099932,0.0,6,47.333333333333336,0.148880706479152,20.333333333333332,True Negative
Halictina,Unknown,Insecta,0,0,0.4516463822471542,0.0,8,47.25,0.1539832670241594,18.375,True Negative
Agathidini,Unknown,Insecta,0,0,0.4513206459063637,0.0,7,70.57142857142857,0.152007126382419,22.428571428571427,True Negative
Spergula arvensis,Corn spurrey,Plantae,0,0,0.4513000791365361,0.0,5,43.8,0.15208003669977185,23.0,True Negative
Geothlypis trichas,Common Yellowthroat,Aves,0,0,0.4509454491647455,0.0,8,21.625,0.17038619332015512,21.375,True Negative
Bourletiellidae,Unknown,Animalia,0,0,0.45057729478106456,0.0,1,23.0,0.0919384211301803,24.0,True Negative
Schoenoplectus californicus,California bulrush,Plantae,0,0,0.450117698318188,0.0,4,7.75,0.16504879668354983,24.25,True Negative
Arthonia sanguinea,Unknown,Fungi,0,0,0.4491434590254507,0.0,17,58.35294117647059,0.168141954961945,25.058823529411764,True Negative
Limonium,Sea-Lavenders,Plantae,0,0,0.4482746244464395,0.0,6,16.333333333333332,0.17141938954591748,25.0,True Negative
Copestylum mexicanum,Mexican Cactus Fly,Insecta,0,0,0.4482265198137502,0.0,16,65.3125,0.16765507357195014,21.5,True Negative
Muhlenbergia microsperma,littleseed muhly,Plantae,0,0,0.4478373180022803,0.0,10,71.6,0.15724317431449886,21.9,True Negative
Acmispon heermannii heermannii,Heermann's lotus,Plantae,0,0,0.44752529514589173,0.0,2,6.0,0.0494388379156589,25.0,True Negative
Apinae,Apine Bees,Insecta,0,0,0.44643145510825966,0.0,6,34.833333333333336,0.1584799413879712,24.833333333333332,True Negative
Araneus,Angulate and Roundshouldered Orbweavers,Arachnida,0,0,0.44640950733155754,0.0,6,70.16666666666667,0.15682210773229596,20.833333333333332,True Negative
Buellia,Button lichens,Fungi,0,0,0.446167514353754,0.0,9,59.333333333333336,0.16076093912124628,25.88888888888889,True Negative
Hesperocyparis macrocarpa,Monterey Cypress,Plantae,0,0,0.44610553832288585,0.0,6,6.5,0.11152295644084609,24.666666666666668,True Negative
Armadillidium vulgare,Common Pill Woodlouse,Animalia,0,0,0.4460129040145395,0.0,7,12.285714285714286,0.20371917954513002,24.714285714285715,True Negative
Triodanis biflora,Venus's looking-glass,Plantae,0,0,0.446008267217419,0.0,6,57.833333333333336,0.18338522066672638,24.666666666666668,True Negative
Rinodina,Pepper-Spore Lichens,Fungi,0,0,0.4447484726354986,0.0,10,68.1,0.16703080609440799,22.1,True Negative
Brodiaeoideae,Brodiaea subfamily,Plantae,0,0,0.44383935713294903,0.0,4,59.0,0.1581413391977548,24.0,True Negative
Gymnopilus,rustgills and gyms,Fungi,0,0,0.4435738121259853,0.0,4,45.0,0.1419101851060986,19.25,True Negative
Latrodectus,Widow Spiders,Arachnida,0,0,0.44352821702835693,0.0,1,5.0,0.0640189349651336,25.0,True Negative
Silybum marianum,milk thistle,Plantae,0,0,0.4434173049710674,0.0,27,14.962962962962964,0.1916225061372474,23.11111111111111,True Negative
Buprestis laeviventris,Unknown,Insecta,0,0,0.44304780804611654,0.0,10,85.6,0.159490430355072,24.4,True Negative
Cyperus eragrostis,tall flatsedge,Plantae,0,0,0.44268484606285596,0.0,5,26.6,0.17382581830024715,24.0,True Negative
Euphorbia maculata,Spotted spurge,Plantae,0,0,0.442220567720848,0.0,6,23.666666666666668,0.1577921236554781,23.333333333333332,True Negative
Scutigera coleoptrata,House Centipede,Animalia,0,0,0.44218281410225946,0.0,5,66.4,0.1279899403452873,23.0,True Negative
Scolopendra polymorpha,Common Desert Centipede,Animalia,0,0,0.44186577603382965,0.0,7,88.14285714285714,0.13524780741759707,25.428571428571427,True Negative
Superstitionia donensis,Superstition Mountains Scorpion,Arachnida,0,0,0.441627780144609,0.0,8,84.75,0.16204863321036098,24.875,True Negative
Sturnella neglecta,Western Meadowlark,Aves,0,0,0.44136476746407843,0.0,5,30.0,0.174087655544281,27.0,True Negative
Reticulitermes hesperus,Western Subterranean Termite,Insecta,0,0,0.4412091328284251,0.0,5,59.2,0.1544959604740142,24.8,True Negative
Machaerantherinae,Unknown,Plantae,0,0,0.4408717001701743,0.0,6,56.0,0.15144106373190877,18.5,True Negative
Calosoma,Caterpillar-hunter Beetles,Insecta,0,0,0.4406852037796431,0.0,2,49.5,0.0422338843345642,12.0,True Negative
Dothideomycetes,Unknown,Fungi,0,0,0.44050893276738634,0.0,26,65.6923076923077,0.16333154617593834,23.0,True Negative
Allograpta exotica,Exotic Streaktail,Insecta,0,0,0.4403112668769984,0.0,8,49.75,0.16099342517554757,22.125,True Negative
Pluchea odorata,marsh fleabane,Plantae,0,0,0.4403083274488485,0.0,7,24.0,0.18155230156012941,22.571428571428573,True Negative
Neotrypetes,Unknown,Insecta,0,0,0.44003258317259547,0.0,17,74.29411764705883,0.16144333166234628,25.294117647058822,True Negative
Sigridea californica,Unknown,Fungi,0,0,0.4395463121625973,0.0,25,68.4,0.16465324908494947,24.96,True Negative
Koeleria macrantha,Prairie Junegrass,Plantae,0,0,0.43932448993056256,0.0,8,58.25,0.16655895672738547,24.875,True Negative
Anthemis cotula,Stinking chamomile,Plantae,0,0,0.4388632390073792,0.0,13,16.0,0.20471185216536886,20.384615384615383,True Negative
Melampus olivaceus,Salt Marsh Snail,Mollusca,0,0,0.43870898388312063,0.0,8,3.125,0.1878305114805698,25.625,True Negative
Leprocaulon americanum,Unknown,Fungi,0,0,0.43759652077219263,0.0,15,48.53333333333333,0.18107331097126003,23.466666666666665,True Negative
Cenchrus setaceus,Fountain Grass,Plantae,0,0,0.43742191473558395,0.0,4,49.5,0.13706480897963044,17.0,True Negative
Phocidae,Earless Seals,Mammalia,0,0,0.43609668728192097,0.0,1,5.0,0.0695121958851814,25.0,True Negative
Helminthoglypta,Shoulderband Snails,Mollusca,0,0,0.4359095355349943,0.0,5,55.4,0.1739920616149902,24.6,True Negative
Dysdera crocata,Woodlouse Spider,Arachnida,0,0,0.4356294786404759,0.0,4,13.0,0.1639945283532142,23.0,True Negative
Niebla cephalota,Powdery Sea-Fog Lichen,Fungi,0,0,0.43550472886264335,0.0,9,25.333333333333332,0.17245519657929734,22.555555555555557,True Negative
Cleomella arborea arborea,Unknown,Plantae,0,0,0.4354899613948933,0.0,5,63.2,0.17693717479705806,25.2,True Negative
Chaenothecopsis perforata,Unknown,Fungi,0,0,0.43512698833751634,0.0,19,52.78947368421053,0.1745355207669107,23.36842105263158,True Negative
Theridiidae,Comb-footed Spiders,Arachnida,0,0,0.43486652995503294,0.0,4,56.5,0.16904924064874643,18.0,True Negative
Cnemotettix bifasciatus,Unknown,Insecta,0,0,0.4348445292173274,0.0,6,58.166666666666664,0.16863293697436646,26.333333333333332,True Negative
Camponotus dumetorum,Unknown,Insecta,0,0,0.4346172113302205,0.0,17,70.70588235294117,0.15613025952787954,24.470588235294116,True Negative
Lonchura punctulata,Scaly-breasted Munia,Aves,0,0,0.4345349548430902,0.0,6,25.166666666666668,0.14997706065575278,22.333333333333332,True Negative
Lonicera subspicata,Southern Honeysuckle,Plantae,0,0,0.43428956472414276,0.0,110,64.31818181818181,0.16650268076495686,21.381818181818183,True Negative
Acacia redolens,vanilla-scented wattle,Plantae,0,0,0.4340494499504944,0.0,7,2.857142857142857,0.15482747129031588,20.571428571428573,True Negative
Heterotheca sessiliflora,sessileflower false goldenaster,Plantae,0,0,0.43291189643007866,0.0,6,74.0,0.16293002416690186,22.333333333333332,True Negative
Toxicoscordion fremontii,Fremont's Death Camas,Plantae,0,0,0.43266455382333474,0.0,59,94.44067796610169,0.14330771792743163,22.677966101694917,True Negative
Pelecanus erythrorhynchos,American White Pelican,Aves,0,0,0.43254698395979857,0.0,2,3.0,0.0827364660799503,22.5,True Negative
Omphalotus olivascens,western jack-o'-lantern,Fungi,0,0,0.43129747947575664,0.0,7,71.71428571428571,0.18308033900601517,22.285714285714285,True Negative
Gyalolechia stantonii,Unknown,Fungi,0,0,0.4305153466752509,0.0,6,44.833333333333336,0.12726899236440656,13.333333333333334,True Negative
Apiaceae,carrot family,Plantae,0,0,0.42863506647883554,0.0,7,67.71428571428571,0.17606895523411883,24.714285714285715,True Negative
Procyon lotor,Common Raccoon,Mammalia,0,0,0.428592595308135,0.0,7,3.7142857142857144,0.17968699548925668,24.714285714285715,True Negative
Fazia micrura,Diamond Spottail,Insecta,0,0,0.4285131780459471,0.0,18,75.44444444444444,0.1715697430902057,21.055555555555557,True Negative
Arachnis picta,Painted Tiger Moth,Insecta,0,0,0.42819769538153046,0.0,6,23.0,0.17116707315047583,21.833333333333332,True Negative
Cardamine,Bittercresses and Toothworts,Plantae,0,0,0.4276580792791179,0.0,5,66.8,0.17170980572700498,28.0,True Negative
Senecio flaccidus,threadleaf groundsel,Plantae,0,0,0.42755054911504725,0.0,2,21.5,0.0942059569060802,0.0,True Negative
Melanoplus cinereus,Gray Sagebrush Grasshopper,Insecta,0,0,0.4271876993990025,0.0,6,32.666666666666664,0.16746297975381208,26.833333333333332,True Negative
Dermacentor occidentalis,Pacific Coast Tick,Arachnida,0,0,0.4265554482154692,0.0,10,11.7,0.2069755345582962,22.1,True Negative
Sanicula crassicaulis,Pacific Sanicle,Plantae,0,0,0.4265235812078101,0.0,11,11.363636363636363,0.19528020376508887,25.454545454545453,True Negative
Empidigeron,Unknown,Insecta,0,0,0.42650524113913024,0.0,9,65.77777777777777,0.16910263730420003,22.0,True Negative
Aristida purpurea,Purple Threeawn,Plantae,0,0,0.4263328684830917,0.0,6,75.0,0.1522881935040156,23.166666666666668,True Negative
Myrmecocystus testaceus,Brick Honeypot Ant,Insecta,0,0,0.4261940613827699,0.0,7,66.0,0.14217080601624077,28.0,True Negative
Chaenactis glabriuscula glabriuscula,Unknown,Plantae,0,0,0.4261764592288611,0.0,8,60.875,0.15076751355081794,18.75,True Negative
Hemigrapsus oregonensis,Yellow Shore Crab,Animalia,0,0,0.42591929309968374,0.0,6,2.0,0.1264964148091773,19.0,True Negative
Calliphora,Bluebottle Flies,Insecta,0,0,0.42584340059133946,0.0,5,27.2,0.15583021044731135,25.2,True Negative
Lomatium,Biscuitroots,Plantae,0,0,0.4256847794132682,0.0,23,87.82608695652173,0.15105335220046662,22.956521739130434,True Negative
Gloveria,Unknown,Insecta,0,0,0.4256482036478076,0.0,5,65.8,0.09572065547108648,13.8,True Negative
Thyridanthrax nugator,Unknown,Insecta,0,0,0.4255026931768769,0.0,4,29.5,0.16218630224466318,25.75,True Negative
Laennecia coulteri,Coulter's horseweed,Plantae,0,0,0.42539526880501194,0.0,5,57.2,0.15293028056621547,22.4,True Negative
Eleodes carbonaria omissa,Unknown,Insecta,0,0,0.42481501597500915,0.0,9,63.77777777777778,0.16196477744314403,22.666666666666668,True Negative
Polyphaga,"Water, Rove, Scarab, Long-horned, Leaf, and Snout Beetles",Insecta,0,0,0.42464146020448396,0.0,4,44.75,0.1638177074491977,23.5,True Negative
Timmiella,Unknown,Plantae,0,0,0.424450758341947,0.0,7,68.42857142857143,0.17229794391563957,20.714285714285715,True Negative
Paranaemia vittigera,Broad-striped Lady Beetle,Insecta,0,0,0.42438891215973684,0.0,4,8.75,0.1298160748556256,16.5,True Negative
Streptanthus longirostris,Fiddle Mustard,Plantae,0,0,0.4242598282391489,0.0,1,0.0,-0.0019498113542795,26.0,True Negative
Cladonia scabriuscula,Mealy Forked Cladonia,Fungi,0,0,0.4239791131806899,0.0,11,66.9090909090909,0.17472638867118137,23.545454545454547,True Negative
Mycetozoa,slime molds,Protozoa,0,0,0.4237955410487723,0.0,7,56.142857142857146,0.1700162461825779,22.571428571428573,True Negative
Empidonax difficilis,Western Flycatcher,Aves,0,0,0.42351472305381715,0.0,5,56.8,0.14361740220338098,19.0,True Negative
Egretta rufescens,Reddish Egret,Aves,0,0,0.42322488401345765,0.0,2,1.5,-0.01372563512995835,26.0,True Negative
Caloplaca,Firedots,Fungi,0,0,0.42297371477141876,0.0,10,50.9,0.17557322308421133,22.5,True Negative
Trifolieae,Unknown,Plantae,0,0,0.422896636754735,0.0,5,13.6,0.1254040196537971,20.8,True Negative
Targionia hypophylla,Orobus-seed Liverwort,Plantae,0,0,0.4227974929204153,0.0,10,44.5,0.19466350078582756,21.6,True Negative
Arctiini,Tiger Moths,Insecta,0,0,0.42267215453887,0.0,5,31.6,0.13364648222923275,26.6,True Negative
Lopidea,Scarlet Plant Bugs,Insecta,0,0,0.4214757975409044,0.0,5,65.8,0.16984589993953703,25.8,True Negative
Lecanora,Rim Lichens,Fungi,0,0,0.4214562413928706,0.0,8,61.0,0.17923717759549615,23.75,True Negative
Neacreotrichus,Unknown,Insecta,0,0,0.421053452855017,0.0,7,73.42857142857143,0.1695777071373803,23.142857142857142,True Negative
Megachile,"Leafcutter, Mortar, and Resin Bees",Insecta,0,0,0.4209742627019949,0.0,6,65.5,0.19014512002468106,24.333333333333332,True Negative
Dielis tolteca,Toltec Scoliid Wasp,Insecta,0,0,0.4197660825862657,0.0,9,25.0,0.15073709893557755,20.88888888888889,True Negative
Limnia,Claytonia sect. Limnia,Plantae,0,0,0.4196629961694773,0.0,6,81.0,0.16661686201890305,25.166666666666668,True Negative
Alopecosa,Fox Spiders,Arachnida,0,0,0.41887608230464496,0.0,5,76.2,0.16521617174148556,26.8,True Negative
Heterostylum,Unknown,Insecta,0,0,0.41854179934869457,0.0,7,35.42857142857143,0.15569245070219037,16.285714285714285,True Negative
Hydrophylloideae,"baby blue eyes, Phacelias, and waterleaves",Plantae,0,0,0.41843753879893614,0.0,6,58.333333333333336,0.1496110657850901,21.333333333333332,True Negative
Atriplex suberecta,sprawling saltbush,Plantae,0,0,0.41843375450335274,0.0,1,0.0,0.0451625697314739,25.0,True Negative
Ehrharta,Veldtgrasses,Plantae,0,0,0.41831155398150394,0.0,4,56.5,0.14636241830885408,18.5,True Negative
Lecanactis californica,Unknown,Fungi,0,0,0.418059537612329,0.0,14,40.714285714285715,0.15594404669744624,24.857142857142858,True Negative
Entelegynae,Entelegyne Spiders,Arachnida,0,0,0.4176886749283539,0.0,4,53.5,0.17652178741991517,17.5,True Negative
Triepeolus,Longhorn-cuckoo bees,Insecta,0,0,0.41715616897060914,0.0,12,5.25,0.1756508946418762,28.5,True Negative
Nemacaulis denudata,Cottonheads,Plantae,0,0,0.41650326351273814,0.0,5,25.0,0.1634023129940033,23.8,True Negative
Diadasia bituberculata,Bindweed Turret Bee,Insecta,0,0,0.41612310104179956,0.0,6,48.833333333333336,0.15209364394346866,11.333333333333334,True Negative
Stagmomantis limbata,Arizona Mantis,Insecta,0,0,0.4158877713660492,0.0,2,5.0,0.0695121958851814,25.0,True Negative
Nomada suavis,Suave Nomad Bee,Insecta,0,0,0.41577619942651545,0.0,8,23.125,0.15672829374670977,25.875,True Negative
Trichobaris compacta,Datura Weevil,Insecta,0,0,0.415499996309467,0.0,4,26.75,0.17626278847455973,24.0,True Negative
Nathalis iole,Dainty Sulphur,Insecta,0,0,0.41524102286997217,0.0,7,25.142857142857142,0.14893869523491174,14.714285714285714,True Negative
Nausigaster unimaculata,Single-spotted Dimpleback,Insecta,0,0,0.41495995122573176,0.0,4,52.75,0.17976645380258557,24.75,True Negative
Anthophorula nitens,Shining Mini-Digger,Insecta,0,0,0.41466562045517563,0.0,9,20.11111111111111,0.1581960668166478,26.77777777777778,True Negative
Dendromecon rigida,Bush Poppy,Plantae,0,0,0.4145748275161453,0.0,308,86.68506493506493,0.14638524768607952,21.207792207792206,True Negative
Crabronidae,"Square-headed Wasps, Sand Wasps, and Allies",Insecta,0,0,0.4143940766356449,0.0,6,55.333333333333336,0.1766684328516324,26.5,True Negative
Aceria boycei,Ragweed Gall Mite,Arachnida,0,0,0.41414843539386853,0.0,6,8.166666666666666,0.1672697116931279,21.5,True Negative
Phytoplasma,Unknown,Unknown,0,0,0.41396847375108,0.0,5,71.6,0.1433805853128433,24.6,True Negative
Nemotelus,Unknown,Insecta,0,0,0.413956052379616,0.0,5,48.2,0.16077247858047486,27.2,True Negative
Phalaris,Canarygrasses,Plantae,0,0,0.41379411520663906,0.0,5,7.0,0.16844697892665855,25.0,True Negative
Myrmicinae,Myrmicine Ants,Insecta,0,0,0.4135202803666662,0.0,4,46.25,0.11680705845355982,18.0,True Negative
Avena,Oats,Plantae,0,0,0.4134900774276101,0.0,4,4.5,0.14228369481861586,17.75,True Negative
Agrocybe,Unknown,Fungi,0,0,0.41325195219855504,0.0,4,80.0,0.1363666635006666,17.0,True Negative
Campiglossa,Unknown,Insecta,0,0,0.4131172734936678,0.0,6,56.0,0.1578187172611554,27.5,True Negative
Cercocarpus minutiflorus,smooth mountain mahogany,Plantae,0,0,0.413105863767575,0.0,117,104.56410256410257,0.1504479335286678,22.324786324786324,True Negative
Diplacus longiflorus,southern bush monkeyflower,Plantae,0,0,0.41248924501003525,0.0,5,43.2,0.1539604306221008,22.6,True Negative
Apsena pubescens,Unknown,Insecta,0,0,0.4118356149182792,0.0,6,51.333333333333336,0.17636890709400174,24.166666666666668,True Negative
Atripliceae,Unknown,Plantae,0,0,0.4116362870962899,0.0,2,16.0,0.0919384211301803,24.0,True Negative
Coelocnemis,Unknown,Insecta,0,0,0.41126516803175306,0.0,15,86.53333333333333,0.17045281877120333,22.866666666666667,True Negative
Megalorchestia californiana,California Beach Flea,Animalia,0,0,0.41104932003952954,0.0,3,27.333333333333332,0.092517577111721,24.666666666666668,True Negative
Peucetia,Green Lynx Spiders,Arachnida,0,0,0.4101127228872475,0.0,4,27.0,0.1252561872825026,20.25,True Negative
Nucella emarginata,Emarginate Dogwinkle,Mollusca,0,0,0.4099774844886402,0.0,1,11.0,0.1389847099781036,24.0,True Negative
Paspalum vaginatum,seashore paspalum,Plantae,0,0,0.40960509237235826,0.0,6,17.333333333333332,0.12371576825777686,24.666666666666668,True Negative
Deinandra,Unknown,Plantae,0,0,0.40960324302027734,0.0,5,50.6,0.1212101854383945,14.6,True Negative
Buteo,Buteos,Aves,0,0,0.4095910153713197,0.0,4,72.5,0.14009393937885756,24.0,True Negative
Melaleuca armillaris,Bracelet Honey-myrtle,Plantae,0,0,0.4093980097515853,0.0,3,5.666666666666667,0.0447884934643904,25.666666666666668,True Negative
Halictidae,Sweat Bees,Insecta,0,0,0.40920338768674047,0.0,7,69.57142857142857,0.16072894419942577,21.142857142857142,True Negative
Microseris douglasii,Douglas' silverpuffs,Plantae,0,0,0.4090513134836529,0.0,4,33.5,0.16768500581383702,26.25,True Negative
Caryophyllales,"pinks, cactuses, and allies",Plantae,0,0,0.40892833771898485,0.0,3,12.666666666666666,0.1136737242341041,15.333333333333334,True Negative
Caloplaca stanfordensis,Unknown,Fungi,0,0,0.4088805942664667,0.0,13,27.0,0.16153638523358563,25.53846153846154,True Negative
Trichostomopsis australasiae,Unknown,Plantae,0,0,0.4082201175863806,0.0,13,49.38461538461539,0.1607690986532431,23.692307692307693,True Negative
Melanoplini,Unknown,Insecta,0,0,0.4077906192081719,0.0,4,32.0,0.15717971697449679,27.0,True Negative
Batis maritima,Saltwort,Plantae,0,0,0.4076965350189959,0.0,3,5.333333333333333,0.10666298121213909,16.666666666666668,True Negative
Formica francoeuri,Francoeur's Field Ant,Insecta,0,0,0.4072527884994639,0.0,5,10.4,0.14377992823719976,16.0,True Negative
Anarhynchus nivosus,Snowy Plover,Aves,0,0,0.40704947955504683,0.0,1,7.0,-0.0267753303050994,26.0,True Negative
Lecanora caesiorubella,Frosted Rim-lichen,Fungi,0,0,0.40682240825546484,0.0,10,55.9,0.19145386964082717,24.0,True Negative
Mordellinae,Unknown,Insecta,0,0,0.40666139342537766,0.0,4,50.25,0.16892343387007708,23.5,True Negative
Diploschistes muscorum,Cowpie Lichen,Fungi,0,0,0.40644514352081673,0.0,21,91.61904761904762,0.14330333329382391,21.80952380952381,True Negative
Chaenactis,pincushion plants,Plantae,0,0,0.40615246017218337,0.0,6,47.166666666666664,0.1480711276332537,15.0,True Negative
Verbena lasiostachys,western vervain,Plantae,0,0,0.40604955683946353,0.0,3,12.333333333333334,0.12148898343245185,15.666666666666666,True Negative
Procambarus clarkii,Red Swamp Crayfish,Animalia,0,0,0.4059265782294165,0.0,7,1.5714285714285714,0.1582019861255373,25.857142857142858,True Negative
Vanessa annabella,West Coast Lady,Insecta,0,0,0.40582729541752,0.0,8,58.25,0.16751332394778726,20.875,True Negative
Orgyiini,Unknown,Insecta,0,0,0.4056752692048347,0.0,7,56.42857142857143,0.12363614354814799,22.428571428571427,True Negative
Egretta rufescens dickeyi,Dickey's Egret,Aves,0,0,0.4055874329049416,0.0,2,3.0,0.04948853328824035,26.0,True Negative
Aptostichus,Unknown,Arachnida,0,0,0.40492155172797506,0.0,5,67.6,0.1675171762704849,19.2,True Negative
Trupanea,Unknown,Insecta,0,0,0.40452994617415766,0.0,4,57.0,0.1541041694581508,23.75,True Negative
Hiltonius,Unknown,Animalia,0,0,0.4043478445821273,0.0,4,56.0,0.11806575581431382,22.25,True Negative
Habronattus,Paradise Jumping Spiders,Arachnida,0,0,0.40382285423751957,0.0,7,33.714285714285715,0.16989201945917945,23.857142857142858,True Negative
Lolium multiflorum,Italian Ryegrass,Plantae,0,0,0.40338984681285184,0.0,6,7.333333333333333,0.19176380336284635,22.833333333333332,True Negative
Tachycineta bicolor,Tree Swallow,Aves,0,0,0.40289438018665796,0.0,6,17.5,0.16363229105869925,21.0,True Negative
Salticinae,Typical Jumping Spiders,Arachnida,0,0,0.4028334126478717,0.0,3,42.333333333333336,0.1372447162866592,16.666666666666668,True Negative
Arctiina,Unknown,Insecta,0,0,0.4027142938594354,0.0,1,5.0,0.0567141398787498,0.0,True Negative
Eumelissodes,Unknown,Insecta,0,0,0.40269055534085924,0.0,4,19.5,0.18174649775028223,26.5,True Negative
Aphonopelma,Unknown,Arachnida,0,0,0.40236723693188964,0.0,6,82.66666666666667,0.15093837802608803,24.833333333333332,True Negative
Icteria virens,Yellow-breasted Chat,Aves,0,0,0.4023141466326558,0.0,11,12.818181818181818,0.18520692261782556,21.545454545454547,True Negative
Agelaius phoeniceus,Red-winged Blackbird,Aves,0,0,0.40193360650793136,0.0,5,4.8,0.1251117467880249,17.8,True Negative
Melaleuca,bottlebrushes,Plantae,0,0,0.401924930168407,0.0,3,6.333333333333333,0.07431671892603232,26.333333333333332,True Negative
Apolysis,Unknown,Insecta,0,0,0.4019109192059381,0.0,4,60.75,0.17248106002807612,23.0,True Negative
Manduca sexta,Carolina Sphinx,Insecta,0,0,0.4015483465623082,0.0,5,33.2,0.1420808523893356,18.2,True Negative
Osmia,Mason Bees,Insecta,0,0,0.4015134505572657,0.0,8,36.5,0.15867180190980432,20.875,True Negative
Chorizanthe staticoides,Turkish rugging,Plantae,0,0,0.4014447528305297,0.0,91,101.6923076923077,0.12758785920156224,22.373626373626372,True Negative
Niebla ceruchis,Unknown,Fungi,0,0,0.4013884077562701,0.0,5,29.2,0.1570358961820602,21.2,True Negative
Selineae,Unknown,Plantae,0,0,0.40120851534260876,0.0,5,73.2,0.17517676949501032,25.4,True Negative
Habropoda tristissima,Unknown,Insecta,0,0,0.4007478205103766,0.0,6,18.0,0.17528433104356125,23.5,True Negative
Dimelaena radiata,mountain lichen,Fungi,0,0,0.40056022920561885,0.0,25,92.48,0.14581620454788205,22.44,True Negative
Ipochus fasciatus,Hairy Borer,Insecta,0,0,0.4001749422045306,0.0,5,67.4,0.17020774781703946,24.0,True Negative
Yucca,Yuccas,Plantae,0,0,0.39994088875517986,0.0,5,48.2,0.12798747792839998,16.2,True Negative
Hydrocoloeus minutus,Little Gull,Aves,0,0,0.39981934357879556,0.0,1,6.0,-0.0307146813720464,26.0,True Negative
Opuntia phaeacantha,Brown-spined Pricklypear,Plantae,0,0,0.39979178954817873,0.0,5,50.0,0.13904933929443355,20.2,True Negative
Sciaroidea,Fungus Gnats and Gall Midges,Insecta,0,0,0.39908496866699017,0.0,5,73.8,0.1663855642080307,24.8,True Negative
Malachiini,Unknown,Insecta,0,0,0.39879181403356634,0.0,15,21.733333333333334,0.17969075391689934,24.733333333333334,True Negative
Trichaptum abietinum,Purplepore Bracket,Fungi,0,0,0.3984059778337308,0.0,6,70.33333333333333,0.1825682148337364,23.166666666666668,True Negative
Pleocyemata,"Crabs, Lobsters, Shrimps, and Allies",Animalia,0,0,0.39837479417836125,0.0,1,11.0,0.1389847099781036,24.0,True Negative
Limenitis lorquini,Lorquin's Admiral,Insecta,0,0,0.3968131300978815,0.0,14,14.071428571428571,0.20991298662764682,20.428571428571427,True Negative
Burnettweldia,Unknown,Insecta,0,0,0.39664055030476014,0.0,5,64.0,0.16654117107391353,22.2,True Negative
Eriogonum fasciculatum foliolosum,Leafy California Buckwheat,Plantae,0,0,0.3966221738687589,0.0,6,83.66666666666667,0.15775326266884798,23.5,True Negative
Apiocera,Flower-loving Flies,Insecta,0,0,0.39651853454661734,0.0,5,55.8,0.16164453327655787,23.4,True Negative
Logfia gallica,narrowleaf cottonrose,Plantae,0,0,0.39636581621090494,0.0,4,44.5,0.1540232840925455,22.25,True Negative
Baccharis salicifolia salicifolia,Unknown,Plantae,0,0,0.3960812475900798,0.0,5,5.8,0.1618068844079971,21.8,True Negative
Eriodictyon,yerba santa,Plantae,0,0,0.3959450770231761,0.0,11,83.9090909090909,0.16348979080265214,22.363636363636363,True Negative
Crematogaster,Unknown,Insecta,0,0,0.3957397448356613,0.0,8,49.75,0.1778282932937145,27.375,True Negative
Polioptila californica californica,Coastal California Gnatcatcher,Aves,0,0,0.39569692707682064,0.0,4,57.5,0.17393997684121132,22.5,True Negative
Polygonum aviculare,Prostrate Knotweed,Plantae,0,0,0.3956644834086673,0.0,1,3.0,0.0647234618663787,25.0,True Negative
Loxostege immerens,Unknown,Insecta,0,0,0.3949783478873791,0.0,6,55.833333333333336,0.17984397957722342,21.833333333333332,True Negative
Geheebia fallax,False Beard Moss,Plantae,0,0,0.3948457866497215,0.0,7,58.142857142857146,0.15647464671305245,26.285714285714285,True Negative
Pleuridium acuminatum,Taper-leaved Earth-moss,Plantae,0,0,0.3946287116418122,0.0,10,75.7,0.1600170329213142,21.9,True Negative
Nomada formula,Unknown,Insecta,0,0,0.39459664127214666,0.0,6,71.0,0.16008747120698288,23.5,True Negative
Urtica gracilis holosericea,hoary nettle,Plantae,0,0,0.3945472730890957,0.0,6,12.333333333333334,0.17791668574015293,22.333333333333332,True Negative
Calliphora vicina,Blue Blowfly,Insecta,0,0,0.39422250704790734,0.0,9,61.55555555555556,0.17123612844281721,22.22222222222222,True Negative
Thinopyrum obtusiflorum,Tall Wheat Grass,Plantae,0,0,0.39397302464628386,0.0,10,4.3,0.20251941829919812,21.7,True Negative
Brachypodium,False-bromes,Plantae,0,0,0.39348596344349424,0.0,1,6.0,0.1952714473009109,0.0,True Negative
Calypte costae,Costa's Hummingbird,Aves,0,0,0.39234447256163507,0.0,2,42.0,0.11757850646972655,12.0,True Negative
Hazardia squarrosa grindelioides,Unknown,Plantae,0,0,0.3920503766245317,0.0,7,82.28571428571429,0.15822628991944446,23.0,True Negative
Copestylum apiciferum,Unknown,Insecta,0,0,0.391996323986077,0.0,4,73.5,0.15268623828887934,23.0,True Negative
Berberis nevinii,Nevin's barberry,Plantae,0,0,0.3914594727595038,0.0,29,98.86206896551724,0.15119190257171103,23.275862068965516,True Negative
Homoeosoma electella,American Sunflower Moth,Insecta,0,0,0.3913130761702441,0.0,4,54.25,0.1623639035969972,23.0,True Negative
Rhaphiomidas,Unknown,Insecta,0,0,0.39119522699772785,0.0,4,51.75,0.1256069019436836,19.0,True Negative
Platanus racemosa,western sycamore,Plantae,0,0,0.39045859961606283,0.0,7,11.571428571428571,0.2027234945978437,22.571428571428573,True Negative
Anthidium maculosum,Spotted Woolcarder,Insecta,0,0,0.39024236220119124,0.0,7,65.28571428571429,0.1577984701309885,20.857142857142858,True Negative
Copestylum satur,Spotted-wing Bromeliad Fly,Insecta,0,0,0.38991821757679657,0.0,9,57.44444444444444,0.16875928640365595,24.333333333333332,True Negative
Ptenothrix californica,Unknown,Animalia,0,0,0.38906829966252243,0.0,2,16.5,0.16724655032157895,22.0,True Negative
Camissoniopsis cheiranthifolia cheiranthifolia,Beach evening-primrose,Plantae,0,0,0.3889142484135061,0.0,2,45.0,0.16252043098211283,12.0,True Negative
Senecio vulgaris,common groundsel,Plantae,0,0,0.3888295328627591,0.0,6,74.0,0.16024888803561527,22.0,True Negative
Eupompha elegans,Elegant Blister Beetle,Insecta,0,0,0.38868321591412086,0.0,31,62.61290322580645,0.16888465948643216,21.258064516129032,True Negative
Desmometopa,Unknown,Insecta,0,0,0.3885209988274569,0.0,4,51.0,0.17754670977592463,24.0,True Negative
Agelenopsis,Grass Spiders,Arachnida,0,0,0.3882817775983748,0.0,4,80.75,0.13695684447884554,24.25,True Negative
Lucilia,Greenbottle Flies,Insecta,0,0,0.38778259171303425,0.0,4,65.0,0.14699382893741128,22.5,True Negative
Tipulomorpha,Crane Flies,Insecta,0,0,0.3877121765159978,0.0,5,16.4,0.11361467540264125,16.0,True Negative
Setophaga coronata auduboni,Audubon's Warbler,Aves,0,0,0.3876114805834626,0.0,3,73.33333333333333,0.148005798459053,16.666666666666668,True Negative
Junco hyemalis,Dark-eyed Junco,Aves,0,0,0.38671816494209016,0.0,6,80.5,0.15234531958897904,22.0,True Negative
Hoplosphyrum boreale,Western Brush Cricket,Insecta,0,0,0.38603588504197445,0.0,9,62.666666666666664,0.15515836990541879,23.11111111111111,True Negative
Ochrolechia,Crabseye Lichens,Fungi,0,0,0.38599823340342365,0.0,5,50.0,0.16971299350261684,23.6,True Negative
Burnsius albezens,White Checkered-Skipper,Insecta,0,0,0.3857035682095323,0.0,8,8.375,0.1818502284586429,22.5,True Negative
Brachynomada annectens,Unknown,Insecta,0,0,0.3846165593174468,0.0,9,5.0,0.17574199537436164,29.0,True Negative
Ambigolimax,Threeband Slugs,Mollusca,0,0,0.3843534896913756,0.0,3,40.0,0.17791422208150223,22.0,True Negative
Tauschia arguta,Southern Umbrellawort,Plantae,0,0,0.3840112109175739,0.0,4,72.25,0.17139828577637667,24.5,True Negative
Geheebia ferruginea,Rusty Beard-moss,Plantae,0,0,0.3838758808642112,0.0,8,60.75,0.18533432297408575,22.75,True Negative
Sphex lucae,Unknown,Insecta,0,0,0.383550280314733,0.0,2,39.0,0.0875710588297806,10.5,True Negative
Leymus,Unknown,Plantae,0,0,0.3835207438741226,0.0,5,49.6,0.16281207203865047,21.6,True Negative
Acmispon heermannii,Heermann's Lotus,Plantae,0,0,0.38308874691770406,0.0,5,3.8,0.1386556692421436,25.0,True Negative
Polioptila,Gnatcatchers,Aves,0,0,0.3830531031605563,0.0,3,64.0,0.13166224956512448,16.0,True Negative
Myrtales,"myrtles, evening primroses, and allies",Plantae,0,0,0.38266639926599527,0.0,1,3.0,0.0903792381286621,25.0,True Negative
Hippolyte californiensis,California Green Shrimp,Animalia,0,0,0.38230091562579877,0.0,1,0.0,0.1804815083742141,24.0,True Negative
Sphaerophoria contigua,Tufted Globetail,Insecta,0,0,0.38219353051734617,0.0,8,41.875,0.1738261561840772,21.375,True Negative
Cuscuta californica californica,Unknown,Plantae,0,0,0.3818515630963505,0.0,5,61.4,0.16219160258769988,21.8,True Negative
Cladonia coniocraea,Common Powderhorn,Fungi,0,0,0.38153989216895395,0.0,12,61.5,0.1765438728034496,22.583333333333332,True Negative
Hedypnois,Unknown,Plantae,0,0,0.3813449431602482,0.0,2,33.5,0.1819602623581886,14.5,True Negative
Navarretia hamata leptantha,Slender-Flowered Hooked Navarretia,Plantae,0,0,0.3813193259935386,0.0,15,90.93333333333334,0.14185446550448733,22.066666666666666,True Negative
Triepeolus matildae,Matilda's Longhorn-Cuckoo,Insecta,0,0,0.38070207857016775,0.0,19,6.842105263157895,0.19052107083170033,27.31578947368421,True Negative
Chrysanthrax vanus,Unknown,Insecta,0,0,0.3806271317201944,0.0,7,68.85714285714286,0.15948834589549468,21.857142857142858,True Negative
Reticularia lycoperdon,False Puffball,Protozoa,0,0,0.3805741271139071,0.0,5,81.8,0.14542738348245618,26.0,True Negative
Cyclophora nanaria,Dwarf Tawny Wave,Insecta,0,0,0.3801640922187948,0.0,5,56.4,0.13171022832393642,20.2,True Negative
Cistaceae,rock-rose family,Plantae,0,0,0.37995279337459725,0.0,10,91.9,0.14843199104070662,24.0,True Negative
Prionyx parkeri,Parker's Thread-waisted Wasp,Insecta,0,0,0.37982578687520335,0.0,8,17.625,0.17313634790480134,19.125,True Negative
Brickellia californica,California Brickellbush,Plantae,0,0,0.3796287871474851,0.0,6,59.5,0.12121179575721419,20.5,True Negative
Deroceras laeve,Meadow Slug,Mollusca,0,0,0.37915734894913156,0.0,1,21.0,0.2034425288438797,25.0,True Negative
Nitops pallipennis,Cactus Sap Beetle,Insecta,0,0,0.37905645938189536,0.0,5,64.6,0.18213060498237604,23.0,True Negative
Navarretia,Pincushion plants,Plantae,0,0,0.37901094961629667,0.0,15,101.4,0.1344699238737424,22.6,True Negative
Cichorioideae,"chicories, dandelions, and allies",Plantae,0,0,0.37843607987628236,0.0,3,39.666666666666664,0.14874090751012162,16.666666666666668,True Negative
Mucronea californica,california spineflower,Plantae,0,0,0.37825217082763757,0.0,5,62.2,0.1434326127171516,22.8,True Negative
Eschscholzia caespitosa,Tufted Poppy,Plantae,0,0,0.378195789064406,0.0,6,63.0,0.15006994456052777,17.666666666666668,True Negative
Cisthene,Unknown,Insecta,0,0,0.37817756409743125,0.0,5,56.4,0.18453923016786572,22.6,True Negative
Torilis arvensis,common hedge parsley,Plantae,0,0,0.3781714917565456,0.0,10,14.1,0.2025063037872314,21.6,True Negative
Ptilodexia,Unknown,Insecta,0,0,0.3775258296534346,0.0,11,37.81818181818182,0.18094006722623648,23.545454545454547,True Negative
Euura californica,Willow Apple Gall Sawfly,Insecta,0,0,0.3774008673848184,0.0,6,9.833333333333334,0.20296699802080787,22.166666666666668,True Negative
Villa lateralis,Unknown,Insecta,0,0,0.3772919532706576,0.0,5,71.0,0.17781997770071026,22.4,True Negative
Heterodermia erinacea,Unknown,Fungi,0,0,0.37686192684636766,0.0,5,33.8,0.16582070291042322,23.6,True Negative
Weissia controversa,Green-tufted Stubble Moss,Plantae,0,0,0.3766473027362947,0.0,10,71.0,0.16098130941390987,22.1,True Negative
Gemmabryum vinosum,Unknown,Plantae,0,0,0.3765845685981788,0.0,10,86.5,0.15557321012020106,22.0,True Negative
Halictinae,Sweat and Furrow bees,Insecta,0,0,0.3757987442986914,0.0,8,66.0,0.15441351383924481,16.0,True Negative
Syritta flaviventris,Peg-legged Compost Fly,Insecta,0,0,0.37542445621445975,0.0,5,43.0,0.18551558554172515,21.6,True Negative
Sporobolus foliosus,California Cordgrass,Plantae,0,0,0.3752523466399968,0.0,9,2.5555555555555554,0.12100928142252892,23.333333333333332,True Negative
Leptocottus armatus,Pacific Staghorn Sculpin,Actinopterygii,0,0,0.37444273361184843,0.0,5,1.6,0.156744023039937,26.0,True Negative
Delphinium parryi maritimum,maritime larkspur,Plantae,0,0,0.3741109271709188,0.0,4,34.5,0.18112990632653236,21.0,True Negative
Sphaeropthalma unicolor,Unknown,Insecta,0,0,0.3732555863254989,0.0,4,47.0,0.17033264413475988,28.5,True Negative
Elanus leucurus,White-tailed Kite,Aves,0,0,0.37309276802943314,0.0,7,3.7142857142857144,0.18777438146727424,22.0,True Negative
Lasioglossum titusi,Titus's Sweat Bee,Insecta,0,0,0.3728421310150569,0.0,23,8.130434782608695,0.17899501064549317,26.956521739130434,True Negative
Riccia nigrella,Black Crystalwort,Plantae,0,0,0.372684406889296,0.0,14,76.14285714285714,0.15734088633741647,22.857142857142858,True Negative
Thrombium epigaeum,Unknown,Fungi,0,0,0.3726098855122278,0.0,9,65.55555555555556,0.15724024011029133,22.77777777777778,True Negative
Atriplex watsonii,Watson's Saltbush,Plantae,0,0,0.37248659087266056,0.0,5,2.6,0.14262304902076717,25.0,True Negative
Fundulus parvipinnis,California Killifish,Actinopterygii,0,0,0.37233505387811794,0.0,4,2.75,0.1369465449824929,24.25,True Negative
Lactuca serriola,prickly lettuce,Plantae,0,0,0.3722080490991,0.0,4,21.75,0.19812390580773348,24.0,True Negative
Phymata,Jagged Ambush Bugs,Insecta,0,0,0.3721557760220394,0.0,6,58.333333333333336,0.17520614713430402,19.333333333333332,True Negative
Noctuidae,Cutworm Moths and Allies,Insecta,0,0,0.3720190063054356,0.0,6,52.166666666666664,0.14292809615532553,22.666666666666668,True Negative
Termitoidae,Termites,Insecta,0,0,0.37195358292320957,0.0,4,74.0,0.16613474488258362,23.0,True Negative
Argiope trifasciata,Banded Garden Spider,Arachnida,0,0,0.371701219230289,0.0,9,4.0,0.17758288565609184,24.444444444444443,True Negative
Ehrharta calycina,Perennial Veldtgrass,Plantae,0,0,0.3712850435657753,0.0,27,75.74074074074075,0.17142026126384732,20.88888888888889,True Negative
Delphinium cardinale,Scarlet Larkspur,Plantae,0,0,0.3711956513013072,0.0,175,74.61714285714285,0.14965067978416166,21.30857142857143,True Negative
Papilio rutulus,Western Tiger Swallowtail,Insecta,0,0,0.3702402605275511,0.0,9,12.555555555555555,0.2136217289500766,21.555555555555557,True Negative
Paraschismatomma ochroleucum,Unknown,Fungi,0,0,0.36996973701645536,0.0,11,63.0,0.15863641080531202,27.0,True Negative
Lolium,Unknown,Plantae,0,0,0.36962214672126564,0.0,6,5.166666666666667,0.21772151688734684,24.833333333333332,True Negative
Geranium dissectum,Cut-leaved crane's-bill,Plantae,0,0,0.3695746436864959,0.0,8,11.0,0.2086352296173572,22.0,True Negative
Larus glaucoides,Iceland Gull,Aves,0,0,0.3687460984757841,0.0,2,5.5,0.049910575151443454,26.0,True Negative
Lastarriaea coriacea,leather spineflower,Plantae,0,0,0.3684771773905359,0.0,5,7.6,0.17549811899662013,22.2,True Negative
Hypochaeridinae,"Oxtongues, Hawkbits and Allies",Plantae,0,0,0.368444513193438,0.0,2,61.0,0.16245841234922404,12.5,True Negative
Nicotiana quadrivalvis,Indian tobacco,Plantae,0,0,0.368434918106959,0.0,97,59.18556701030928,0.1549170646317226,21.237113402061855,True Negative
Euarestoides acutangulus,Unknown,Insecta,0,0,0.3682542954475981,0.0,1,5.0,0.0729960948228836,0.0,True Negative
Eustala anastera,Humpbacked Orbweaver,Arachnida,0,0,0.3671129828645218,0.0,1,5.0,0.0995944589376449,0.0,True Negative
Eisenia fetida,Redworm,Animalia,0,0,0.367046835525806,0.0,1,3.0,0.1586900055408477,24.0,True Negative
Pheidole vistana,Vista Big-headed Ant,Insecta,0,0,0.36701690597450026,0.0,9,59.333333333333336,0.16757518218623266,21.444444444444443,True Negative
Hypnales,Feather Mosses,Plantae,0,0,0.36664013171811394,0.0,9,61.666666666666664,0.1696013526784049,21.333333333333332,True Negative
Arundo donax,giant reed,Plantae,0,0,0.3665291290813732,0.0,6,24.5,0.17782929042975104,21.5,True Negative
Orphulella pelidna,Spotted-winged Grasshopper,Insecta,0,0,0.36614622643733613,0.0,8,3.375,0.17766270786523813,25.5,True Negative
Pulicaria paludosa,Spanish False Fleabane,Plantae,0,0,0.3653010289614812,0.0,5,2.4,0.17878035902976985,24.4,True Negative
Rotifera,Rotifers,Animalia,0,0,0.3649715430748005,0.0,1,0.0,0.2326643913984298,24.0,True Negative
Datura,Devil's Trumpets,Plantae,0,0,0.3643780630048346,0.0,2,43.5,0.12817190214991564,10.5,True Negative
Erebidae,"Underwing, Tiger, Tussock, and Allied Moths",Insecta,0,0,0.362749796990706,0.0,1,6.0,0.0856704115867614,0.0,True Negative
Portunidae,Swimming Crabs,Animalia,0,0,0.3626848871949665,0.0,1,0.0,0.1159286946058273,20.0,True Negative
Toxicodendron diversilobum,Pacific poison oak,Plantae,0,0,0.36246082877259755,0.0,6,26.333333333333332,0.21250847478707627,20.333333333333332,True Negative
Euphorbia peplus,Petty Spurge,Plantae,0,0,0.3623977487312662,0.0,16,82.125,0.1619478929787874,21.6875,True Negative
Sairocarpus coulterianus,Coulter's snapdragon,Plantae,0,0,0.3622809154717028,0.0,16,59.5625,0.16667641419917342,20.5,True Negative
Eremobates,Unknown,Arachnida,0,0,0.3621563324279042,0.0,2,46.5,0.13805011659860605,13.0,True Negative
Littorophiloscia richardsonae,Western Saltmarsh Woodlouse,Animalia,0,0,0.36154168133865716,0.0,3,3.0,0.2020834436019261,26.666666666666668,True Negative
Microtus californicus,California Vole,Mammalia,0,0,0.36065471367272267,0.0,3,52.0,0.1564067502816518,15.0,True Negative
Paciocinebrina gracillima,Graceful Rocksnail,Mollusca,0,0,0.3605346871746423,0.0,1,0.0,0.1126831248402595,26.0,True Negative
Piperia,Rein Orchids,Plantae,0,0,0.3601760678175956,0.0,5,76.4,0.17911437749862666,22.8,True Negative
Stigmella heteromelis,Unknown,Insecta,0,0,0.36001133204360386,0.0,4,60.5,0.1561865974217653,22.5,True Negative
Ruditapes philippinarum,Japanese Littleneck,Mollusca,0,0,0.35993992734613856,0.0,3,0.0,0.1522048413753509,21.0,True Negative
Mordella,Unknown,Insecta,0,0,0.3598533579615698,0.0,6,82.0,0.17259030044078824,24.5,True Negative
Lepidium draba,Heart-podded Hoary Cress,Plantae,0,0,0.3597388908262137,0.0,4,8.0,0.22155997157096857,22.5,True Negative
Ruppia maritima,widgeongrass,Plantae,0,0,0.3596374006262696,0.0,4,1.0,0.16540226712822909,23.5,True Negative
Lecanoromycetidae,"Shield Lichens, Sunburst Lichens, Rosette Lichens, and Allies",Fungi,0,0,0.35958013061045085,0.0,7,92.42857142857143,0.1524707579186984,24.0,True Negative
Poecilia latipinna,Sailfin Molly,Actinopterygii,0,0,0.3594986284508345,0.0,6,3.3333333333333335,0.13494507720073062,22.666666666666668,True Negative
Melanoplus differentialis,Differential Grasshopper,Insecta,0,0,0.35879872441088134,0.0,5,2.4,0.17528735101222986,23.4,True Negative
Cephaloziella divaricata,Spreading Threadwort,Plantae,0,0,0.35877830540931605,0.0,20,86.15,0.1595510575920343,21.65,True Negative
Burnettweldia washingtonensis,Unknown,Insecta,0,0,0.358516317201754,0.0,6,73.0,0.17451409002145127,22.833333333333332,True Negative
Odocoileus hemionus fuliginatus,Southern Mule Deer,Mammalia,0,0,0.35832906941657966,0.0,4,50.5,0.21885678917169568,23.5,True Negative
Cortodera falsa,Unknown,Insecta,0,0,0.3577433820067412,0.0,4,55.0,0.14806693792343137,20.5,True Negative
Flavopunctelia flaventior,Speckled Greenshield,Fungi,0,0,0.35738155537441896,0.0,9,86.11111111111111,0.1556684134735001,21.666666666666668,True Negative
Neogaerrhinum strictum,Twining Snapdragon,Plantae,0,0,0.357174071184104,0.0,12,80.41666666666667,0.1808833473672469,20.0,True Negative
Arthoniales,Unknown,Fungi,0,0,0.3569247076418648,0.0,5,87.0,0.15640266239643094,24.6,True Negative
Bibio albipennis,White-winged March Fly,Insecta,0,0,0.3568020312314595,0.0,6,58.666666666666664,0.16832582652568814,21.0,True Negative
Catillaria lenticularis,Unknown,Fungi,0,0,0.35635708651574194,0.0,5,62.4,0.17285812795162198,24.4,True Negative
Tephritini,Unknown,Insecta,0,0,0.3561385109094965,0.0,8,81.875,0.14743242599070067,16.375,True Negative
Acmispon americanus,Spanish clover,Plantae,0,0,0.3558714113348185,0.0,5,3.0,0.13696614950895306,25.0,True Negative
Anser albifrons,Greater White-fronted Goose,Aves,0,0,0.35568742547695475,0.0,1,5.0,0.0530801713466644,26.0,True Negative
Filacus,Unknown,Insecta,0,0,0.3553280712951675,0.0,4,71.75,0.15736119821667666,28.5,True Negative
Diadasia ochracea,Ochraceous Chimney Bee,Insecta,0,0,0.3551344222529646,0.0,6,59.833333333333336,0.195649209121863,23.5,True Negative
Chaenactis artemisiifolia,Artemisia-leaved Chaenactis,Plantae,0,0,0.3550945672978092,0.0,4,54.25,0.15785751864314074,22.0,True Negative
Dactylopius opuntiae,Cactus Scattered Cochineal,Insecta,0,0,0.35429015742463865,0.0,6,82.33333333333333,0.17016989861925438,23.0,True Negative
Entomobrya atrocincta,Dimorphic Springtail,Animalia,0,0,0.3542830795691469,0.0,2,56.0,0.15563143044710154,23.0,True Negative
Sarcogyne pruinosa,Frosted Grain-spored Lichen,Fungi,0,0,0.35349236790044936,0.0,4,62.75,0.16803073510527608,22.75,True Negative
Opuntioideae,Unknown,Plantae,0,0,0.3533972806451067,0.0,3,70.0,0.12486228098471956,16.0,True Negative
Heterostylum robustum,Bomber fly,Insecta,0,0,0.3530059967472692,0.0,6,44.333333333333336,0.16641725351413086,24.0,True Negative
Sphinctrinaceae,Unknown,Fungi,0,0,0.3516490172040826,0.0,5,30.8,0.17603269815444944,22.0,True Negative
Trimerotropis,Unknown,Insecta,0,0,0.35162016831757015,0.0,6,79.33333333333333,0.11843884922564026,20.166666666666668,True Negative
Navarretia hamata,Hooked Pincushionplant,Plantae,0,0,0.3512817235793023,0.0,162,95.08024691358025,0.14465967087466036,22.34567901234568,True Negative
Macrosiphini,Unknown,Insecta,0,0,0.35046285665108773,0.0,4,57.75,0.17704254761338228,22.0,True Negative
Bubo virginianus pacificus,Coastal Great Horned Owl,Aves,0,0,0.3503665399594539,0.0,2,48.0,0.11285868473350995,12.5,True Negative
Usnea glabrata,Lustrous Beard Lichen,Fungi,0,0,0.35006078312058375,0.0,8,20.75,0.1937921550124883,21.875,True Negative
Plantago major,greater plantain,Plantae,0,0,0.3497937459104622,0.0,5,22.6,0.19804063737392422,24.4,True Negative
Ancistrocerus,Unknown,Insecta,0,0,0.3488729829794235,0.0,1,8.0,0.0656969174742698,0.0,True Negative
Parapholis cylindrica,Barb Grass,Plantae,0,0,0.3488050329480641,0.0,5,7.8,0.1843846410512924,23.0,True Negative
Riccia,Crystalworts,Plantae,0,0,0.348449865570804,0.0,5,91.0,0.15792808234691616,23.2,True Negative
Gemmabryum,Unknown,Plantae,0,0,0.34831772818481077,0.0,7,76.14285714285714,0.1704817627157483,21.571428571428573,True Negative
Phrontis tiarula,Western Mud Nassa,Mollusca,0,0,0.34796495312975795,0.0,1,0.0,0.1588155478239059,20.0,True Negative
Stipeae,needlegrasses and allies,Plantae,0,0,0.3478163492288948,0.0,7,75.85714285714286,0.1471323434795652,20.428571428571427,True Negative
Succineidae,Amber Snails,Mollusca,0,0,0.3477904993722625,0.0,2,54.0,0.1405105590820312,23.0,True Negative
Castianeira occidens,Unknown,Arachnida,0,0,0.3477463385934221,0.0,2,41.0,0.1293081603944301,14.5,True Negative
Penaeus californiensis,Yellowleg shrimp,Animalia,0,0,0.3475980871489052,0.0,3,0.0,0.2009722143411636,21.333333333333332,True Negative
Phacelia parryi,Parry's phacelia,Plantae,0,0,0.34741074878264816,0.0,107,69.45794392523365,0.1704871985956887,21.08411214953271,True Negative
Cladonia maritima,Unknown,Fungi,0,0,0.3472665642309615,0.0,9,82.44444444444444,0.154403719637129,23.666666666666668,True Negative
Flavopunctelia soredica,Powder-edged Speckled Greenshield,Fungi,0,0,0.34685817547250236,0.0,4,31.0,0.15847684815526009,23.25,True Negative
Brassicodae,Unknown,Plantae,0,0,0.34677159833967913,0.0,3,58.666666666666664,0.1528214092055956,23.333333333333332,True Negative
Peromyscus gambelii,Gambel's Deer Mouse,Mammalia,0,0,0.3460633024781988,0.0,3,64.66666666666667,0.12849861631790793,17.0,True Negative
Juncus balticus,Baltic Rush,Plantae,0,0,0.3457323898881492,0.0,4,3.0,0.14641408994793886,21.75,True Negative
Hypherpes,Unknown,Insecta,0,0,0.34554365121840536,0.0,6,45.833333333333336,0.1811730513970057,23.0,True Negative
Buellia oidalea,Unknown,Fungi,0,0,0.345526240093661,0.0,8,60.625,0.18019904009997842,23.0,True Negative
Parcoblatta americana,Western Wood Cockroach,Insecta,0,0,0.34537799469292824,0.0,4,77.0,0.15174911171197886,26.0,True Negative
Tortula atrovirens,Rib-leaf Moss,Plantae,0,0,0.3439920011075742,0.0,9,78.88888888888889,0.16169425100088114,23.444444444444443,True Negative
Isocoma menziesii menziesii,Menzies' Goldenbush,Plantae,0,0,0.3438079112386376,0.0,3,63.666666666666664,0.1342210918664932,24.333333333333332,True Negative
Vanessa virginiensis,American Lady,Insecta,0,0,0.34355755893368306,0.0,7,75.57142857142857,0.14913855918816152,17.714285714285715,True Negative
Eriodictyon crassifolium crassifolium,Unknown,Plantae,0,0,0.3431106907463227,0.0,43,91.67441860465117,0.15586116511461343,22.837209302325583,True Negative
Chaetodipus fallax,San Diego Pocket Mouse,Mammalia,0,0,0.34282839748589566,0.0,3,65.66666666666667,0.16356875002384183,18.0,True Negative
Pristoceuthophilus,Unknown,Insecta,0,0,0.3424578179966346,0.0,10,70.4,0.1654025942087173,24.8,True Negative
Trimmatothelopsis terricola,Unknown,Fungi,0,0,0.34213050727351624,0.0,6,83.5,0.15936676909526185,23.5,True Negative
Nassella lepida,foothill needle grass,Plantae,0,0,0.34205878550697977,0.0,8,95.375,0.16644953843206164,21.75,True Negative
Hololena,Unknown,Arachnida,0,0,0.3419573900010263,0.0,3,69.33333333333333,0.1589416513840357,24.0,True Negative
Castianeira thalia,Unknown,Arachnida,0,0,0.341862561979643,0.0,1,16.0,0.0919384211301803,24.0,True Negative
Euphorbia polycarpa,smallseed sandmat,Plantae,0,0,0.3417918112866796,0.0,128,60.6171875,0.1578801785362884,20.8671875,True Negative
Sphex ichneumoneus,Great Golden Digger Wasp,Insecta,0,0,0.3410876911763395,0.0,5,53.6,0.170015250146389,22.8,True Negative
Gilia angelensis,chaparral gilia,Plantae,0,0,0.34056509589426637,0.0,4,9.25,0.20903231576085088,23.5,True Negative
Passer domesticus,House Sparrow,Aves,0,0,0.3403815869921395,0.0,2,0.0,0.1398491039872169,24.0,True Negative
Aythya affinis,Lesser Scaup,Aves,0,0,0.34029713093261793,0.0,6,1.1666666666666667,0.11992098328967886,20.833333333333332,True Negative
Perizoma epictata,Unknown,Insecta,0,0,0.33994502149961153,0.0,11,4.090909090909091,0.197931403463537,27.454545454545453,True Negative
Asphodelus fistulosus,Onion-Leafed Asphodel,Plantae,0,0,0.3397281577725486,0.0,5,79.8,0.1540648907423019,21.2,True Negative
Gryllus,Unknown,Insecta,0,0,0.3395809200069562,0.0,3,4.333333333333333,0.11320546021064119,14.666666666666666,True Negative
Palaemon macrodactylus,Oriental Shrimp,Animalia,0,0,0.33941059668210116,0.0,3,2.0,0.17893332739671067,26.333333333333332,True Negative
Chloridea virescens,Tobacco Budworm Moth,Insecta,0,0,0.3393667741136556,0.0,7,59.857142857142854,0.13978563461984903,19.428571428571427,True Negative
Heliothodes diminutiva,Small Heliothodes Moth,Insecta,0,0,0.3388976771314679,0.0,1,0.0,0.0755035653710365,23.0,True Negative
Lordotus,Unknown,Insecta,0,0,0.33872509103235954,0.0,4,81.25,0.1417915783822536,24.0,True Negative
Protandrena californica,Unknown,Insecta,0,0,0.33824005664790435,0.0,5,30.2,0.1499556243419647,24.8,True Negative
Lecidea,Tile Lichens,Fungi,0,0,0.3380403572115542,0.0,7,79.42857142857143,0.14054698497056958,23.571428571428573,True Negative
Basidiomycota,Basidiomycete Fungi,Fungi,0,0,0.33781138279448797,0.0,12,45.416666666666664,0.195483465368549,21.333333333333332,True Negative
Lerodea eufala,Eufala Skipper,Insecta,0,0,0.3374548794745064,0.0,1,6.0,0.0467409789562225,26.0,True Negative
Galium nuttallii nuttallii,Nuttall's climbing bedstraw,Plantae,0,0,0.3373758251941162,0.0,4,76.25,0.1626564413309097,21.75,True Negative
Gyalecta herrei,Unknown,Fungi,0,0,0.33721970818356334,0.0,12,38.916666666666664,0.18562481428186095,24.0,True Negative
Elasmobranchii,Sharks and Rays,Animalia,0,0,0.33714915118514066,0.0,1,22.0,0.1090086102485656,26.0,True Negative
Anas acuta,Northern Pintail,Aves,0,0,0.3366769515744107,0.0,6,0.6666666666666666,0.13376711308956143,21.5,True Negative
Gymnopilus ventricosus,Western Jumbo Gym,Fungi,0,0,0.3366676768952307,0.0,5,91.0,0.13462367504835124,17.6,True Negative
Anacolia menziesii,Menzies' anacolia moss,Plantae,0,0,0.33660987337998544,0.0,9,77.77777777777777,0.15652257535192698,21.22222222222222,True Negative
Stenomorpha muricatula,Unknown,Insecta,0,0,0.3359278895165469,0.0,5,75.2,0.15810762941837309,21.8,True Negative
Arachnida,Arachnids,Arachnida,0,0,0.3353730970752674,0.0,2,58.5,0.1409914419054985,12.0,True Negative
Isotomidae,Smooth Springtails,Animalia,0,0,0.3348592419339644,0.0,1,34.0,0.131125122308731,26.0,True Negative
Aleyrodidae,Whiteflies,Insecta,0,0,0.334476591677496,0.0,4,68.0,0.16360710933804506,21.0,True Negative
Physcia,rosette lichens,Fungi,0,0,0.33429331969248555,0.0,4,26.25,0.1824249550700187,21.5,True Negative
Neltuma glandulosa,honey mesquite,Plantae,0,0,0.33392539101873325,0.0,1,6.0,0.0466870963573455,26.0,True Negative
Selasphorus calliope,Calliope Hummingbird,Aves,0,0,0.33382601782582955,0.0,7,12.428571428571429,0.20394765692097797,20.857142857142858,True Negative
Thoracotremata,Thoracotrematan Crabs,Animalia,0,0,0.3335198215071334,0.0,2,7.0,0.18467926979064941,28.5,True Negative
Baccharis sarothroides × pilularis,Unknown,Plantae,0,0,0.3332500926018318,0.0,3,42.333333333333336,0.154713491598765,23.0,True Negative
Gemmabryum brassicoides,Unknown,Plantae,0,0,0.33322869277258976,0.0,12,58.916666666666664,0.1772443403800328,22.083333333333332,True Negative
Conotelus,Unknown,Insecta,0,0,0.33276181248132397,0.0,3,53.333333333333336,0.15678240855534867,23.666666666666668,True Negative
Ribes indecorum,White-flowering Currant,Plantae,0,0,0.33158022087068273,0.0,46,64.6304347826087,0.1655515184949921,20.391304347826086,True Negative
Xysticus,Ground Crab Spiders,Arachnida,0,0,0.33063676414488236,0.0,2,52.0,0.13819435238838196,13.5,True Negative
Parmotrema arnoldii,Arnold's Parmotrema Lichen,Fungi,0,0,0.3306212071570642,0.0,21,97.9047619047619,0.15086589185964489,22.666666666666668,True Negative
Cantareus apertus,Green Garden Snail,Mollusca,0,0,0.3305950621052508,0.0,1,11.0,0.1166826784610748,22.0,True Negative
Pelargonium grossularioides,Coconut Geranium,Plantae,0,0,0.32999595885487,0.0,4,94.5,0.1577576100826263,22.0,True Negative
Psilocarphus brevissimus,low woolly marbles,Plantae,0,0,0.3293905587927279,0.0,5,90.4,0.1446242555975914,24.0,True Negative
Phainopepla nitens,Phainopepla,Aves,0,0,0.32938139992642523,0.0,4,30.25,0.1732712499797344,21.25,True Negative
Paspalum,Paspalum,Plantae,0,0,0.32885538750505217,0.0,1,5.0,0.0466870963573455,26.0,True Negative
Argyrodes,Dewdrop Spiders,Arachnida,0,0,0.32867139216808494,0.0,3,54.333333333333336,0.16626363992691032,23.333333333333332,True Negative
Schizocosa mccooki,McCook's Split Wolf Spider,Arachnida,0,0,0.32777973388133735,0.0,2,39.0,0.0851080268621444,26.5,True Negative
Rophitinae,Shortface bees and allies,Insecta,0,0,0.32658792079318083,0.0,12,84.91666666666667,0.16576701775193212,24.75,True Negative
Graphidaceae,Script Lichens and Allies,Fungi,0,0,0.326374621328179,0.0,8,36.125,0.18591568805277345,21.0,True Negative
Marchantiophyta,liverworts,Plantae,0,0,0.32634147753825193,0.0,4,73.25,0.17897262796759603,22.75,True Negative
Leptosyne gigantea,giant coreopsis,Plantae,0,0,0.326075517803298,0.0,3,51.0,0.12253961960474646,18.0,True Negative
Aythya valisineria,Canvasback,Aves,0,0,0.3260068352598829,0.0,4,1.75,0.1170880645513534,21.25,True Negative
Limacus flavus,Yellow Cellar Slug,Mollusca,0,0,0.32580556334602356,0.0,1,45.0,0.1466952264308929,22.0,True Negative
Dendrographa conformis,Unknown,Fungi,0,0,0.32537508129400927,0.0,9,61.77777777777778,0.17020607656902734,23.666666666666668,True Negative
Loeflingia squarrosa,Spreading Pygmyleaf,Plantae,0,0,0.3249729407554739,0.0,8,107.75,0.14335969556123013,17.75,True Negative
Asio flammeus,Short-eared Owl,Aves,0,0,0.32444810423717574,0.0,1,105.0,0.1580994129180908,24.0,True Negative
Digitaria sanguinalis,Hairy Crabgrass,Plantae,0,0,0.3243332413080903,0.0,1,16.0,0.0919384211301803,24.0,True Negative
Loteae,Unknown,Plantae,0,0,0.3243332413080903,0.0,1,16.0,0.0919384211301803,24.0,True Negative
Mesembryanthemoideae,Icefigs,Plantae,0,0,0.3243332413080903,0.0,1,16.0,0.0919384211301803,24.0,True Negative
Bulla,Unknown,Mollusca,0,0,0.324301028741449,0.0,1,1.0,0.2294906377792358,27.0,True Negative
Melanthaxia,Unknown,Insecta,0,0,0.3241751286227541,0.0,6,65.33333333333333,0.17563836524883902,20.0,True Negative
Rumex,docks and sorrels,Plantae,0,0,0.32414725049148124,0.0,4,4.25,0.13337983563542363,24.0,True Negative
Lecidella meiococca,Unknown,Fungi,0,0,0.3239964332498513,0.0,5,46.8,0.12482804059982297,16.8,True Negative
Dipterostemon,Unknown,Plantae,0,0,0.3238757746349262,0.0,4,74.75,0.18328260257840154,22.75,True Negative
Callophrys dumetorum,Lotus Hairstreak,Insecta,0,0,0.32377431685798763,0.0,6,85.83333333333333,0.16462384661038712,22.833333333333332,True Negative
Nematoda,Nematodes,Animalia,0,0,0.32320721766976784,0.0,1,64.0,0.1431014090776443,25.0,True Negative
Flavopunctelia,Speckled Greenshield Lichens,Fungi,0,0,0.322955937866133,0.0,4,62.0,0.1879518143832683,21.75,True Negative
Heliothinae,Unknown,Insecta,0,0,0.32220330882958764,0.0,3,53.333333333333336,0.14109497268994645,7.333333333333333,True Negative
Podilymbus podiceps,Pied-billed Grebe,Aves,0,0,0.32162950238813637,0.0,4,0.75,0.13109420333057636,22.5,True Negative
Helotiales,Unknown,Fungi,0,0,0.32120106030373546,0.0,4,45.25,0.16124950535595414,20.75,True Negative
Endocarpon,Chalice Lichens,Fungi,0,0,0.3209433205135104,0.0,4,50.5,0.14950487203896043,24.0,True Negative
Rhamnus ilicifolia,hollyleaf redberry,Plantae,0,0,0.31958741830162474,0.0,25,95.12,0.14441146075725553,21.84,True Negative
Parajulidae,Parajulid Millipedes,Animalia,0,0,0.31916738587030236,0.0,1,2.0,0.2014244347810745,24.0,True Negative
Narnia inornata,Unknown,Insecta,0,0,0.3185482226308836,0.0,5,78.2,0.15458381772041316,23.8,True Negative
Sterna,Typical Terns,Aves,0,0,0.31828414009534634,0.0,1,0.0,0.0897607058286666,20.0,True Negative
Mythicomyiidae,Micro Bee Flies,Insecta,0,0,0.31824189709073647,0.0,7,48.142857142857146,0.15417410220418654,16.285714285714285,True Negative
Kukulcania,Unknown,Arachnida,0,0,0.31820740108298,0.0,2,48.0,0.1366300508379936,14.0,True Negative
Lepraria xerophila,Unknown,Fungi,0,0,0.31817239058284613,0.0,8,72.25,0.16087066568434236,22.875,True Negative
Cistanthe,pussy paws,Plantae,0,0,0.3179690134977532,0.0,1,16.0,0.092056892812252,24.0,True Negative
Trapeliopsis flexuosa,Board Lichen,Fungi,0,0,0.31795497897046604,0.0,12,74.16666666666667,0.1658350974321365,21.083333333333332,True Negative
Lecanographa lyncea,Unknown,Fungi,0,0,0.3178334952819871,0.0,13,72.0,0.18348243030217976,23.076923076923077,True Negative
Pentachaeta aurea,golden chaetopappa,Plantae,0,0,0.3175805970323232,0.0,1,23.0,0.0919384211301803,24.0,True Negative
Phyllosticta galligena,Unknown,Fungi,0,0,0.3171609719738188,0.0,9,73.77777777777777,0.1761348139908578,22.0,True Negative
Puccinia cressae,alkali weed rust,Fungi,0,0,0.3167740355129445,0.0,5,2.0,0.19531831741333006,25.8,True Negative
Efferia,Hammertails,Insecta,0,0,0.3165663796605122,0.0,3,48.0,0.11581344002236917,19.333333333333332,True Negative
Sphenophorina,Unknown,Insecta,0,0,0.3164407846713978,0.0,4,64.5,0.13960741180926556,18.0,True Negative
Arthonia,Comma Lichens,Fungi,0,0,0.3162830242885745,0.0,12,76.41666666666667,0.18167329082886374,25.833333333333332,True Negative
Polycauliona bolacina,Waxy Firedot Lichen,Fungi,0,0,0.315933616532912,0.0,7,61.142857142857146,0.1709883734583854,20.285714285714285,True Negative
Colaptes auratus,Northern Flicker,Aves,0,0,0.3158689887359422,0.0,4,14.25,0.16730275005102158,20.75,True Negative
Negha,American Square-headed Snakeflies,Insecta,0,0,0.3154561535904492,0.0,5,78.8,0.16895549595355985,22.6,True Negative
Crassula tillaea,Mossy Stonecrop,Plantae,0,0,0.31535283626349614,0.0,3,34.0,0.14187220980723697,22.666666666666668,True Negative
Niebla homalea,Armored Sea-Fog Lichen,Fungi,0,0,0.31514706219785904,0.0,5,90.8,0.12162102460861204,23.8,True Negative
Fissidens,pocket mosses,Plantae,0,0,0.31505111095315036,0.0,7,57.142857142857146,0.19793236894266944,20.857142857142858,True Negative
Muhlenbergia rigens,deergrass,Plantae,0,0,0.31499514638929743,0.0,5,91.0,0.1498906165361404,24.2,True Negative
Diplacus brevipes,wide-throated yellow monkeyflower,Plantae,0,0,0.3149865694424481,0.0,25,69.64,0.16216951429843898,20.68,True Negative
Sphecidae,Thread-waisted Wasps,Insecta,0,0,0.31427126281720885,0.0,6,31.0,0.13529156769315395,17.0,True Negative
Irbisia,Unknown,Insecta,0,0,0.31426623562177364,0.0,5,51.6,0.16137987971305842,15.0,True Negative
Puccinia,Orange-Yellow Rusts,Fungi,0,0,0.31376381037506135,0.0,4,47.75,0.18427417054772371,24.25,True Negative
Callitriche marginata,Winged Water-starwort,Plantae,0,0,0.31350868764631606,0.0,10,109.1,0.13847420439124103,22.0,True Negative
Stylocline,neststraws,Plantae,0,0,0.31342065779786105,0.0,3,76.0,0.15494416902462638,23.666666666666668,True Negative
Himantariidae,Unknown,Animalia,0,0,0.3128501239838468,0.0,1,44.0,0.1513578742742538,22.0,True Negative
Drosanthemum floribundum,Pale dewplant,Plantae,0,0,0.31280374733721616,0.0,2,72.0,0.13235702365636826,11.5,True Negative
Camponotus,"Carpenter Ants, Typical Sugar Ants and Allies",Insecta,0,0,0.3125956625683051,0.0,4,82.75,0.1289535537362098,17.5,True Negative
Arcitalitrus sylvaticus,Unknown,Animalia,0,0,0.31227030003550654,0.0,1,10.0,0.2051988244056701,22.0,True Negative
Machimus,Bladetails,Insecta,0,0,0.3122463387569365,0.0,4,79.5,0.16308162361383435,26.0,True Negative
Sphecodes,Blood Bees,Insecta,0,0,0.3121983973420902,0.0,5,79.6,0.16585907638072964,25.8,True Negative
Lepraria,Dust Lichens,Fungi,0,0,0.3121010162608956,0.0,7,61.57142857142857,0.1711065598896571,23.0,True Negative
Conocephalus spinosus,San Diego Meadow Katydid,Insecta,0,0,0.31203731527623796,0.0,3,3.6666666666666665,0.11906465453406172,16.333333333333332,True Negative
Cresponea chloroconia,Unknown,Fungi,0,0,0.3119656862795178,0.0,12,61.666666666666664,0.18985854710141814,23.416666666666668,True Negative
Niambia capensis,African Cape Isopod,Animalia,0,0,0.31181945761281815,0.0,1,3.0,0.21621735394001,28.0,True Negative
Hordeum marinum,salt barley,Plantae,0,0,0.31121636922198626,0.0,1,23.0,0.092056892812252,24.0,True Negative
Neuroterus fragilis,Unknown,Insecta,0,0,0.3109743728335561,0.0,6,94.16666666666667,0.15525718033313748,23.5,True Negative
Fossombronia,Frillworts,Plantae,0,0,0.3109717005055992,0.0,19,97.05263157894737,0.1496463653288389,21.473684210526315,True Negative
Reticulitermes,Unknown,Insecta,0,0,0.31057894818034687,0.0,3,70.0,0.1555480162302653,23.333333333333332,True Negative
Camponotus clarithorax,Unknown,Insecta,0,0,0.30985046766620183,0.0,5,55.2,0.1544202536344528,21.8,True Negative
Aristida purpurea purpurea,Purple Threeawn,Plantae,0,0,0.3090904932168855,0.0,1,101.0,0.087428942322731,24.0,True Negative
Aloina bifrons,Unknown,Plantae,0,0,0.3090540792883058,0.0,3,80.0,0.16622177759806311,23.333333333333332,True Negative
Acanthogobius flavimanus,Yellowfin Goby,Actinopterygii,0,0,0.30890221834047066,0.0,3,1.6666666666666667,0.17033865551153812,23.333333333333332,True Negative
Halictus,Furrow Bees,Insecta,0,0,0.30866965408447145,0.0,6,55.833333333333336,0.11726064607501026,16.166666666666668,True Negative
Hemipenthes lepidota,Unknown,Insecta,0,0,0.3082283038582549,0.0,4,81.0,0.17004495114088053,27.5,True Negative
Phacelia grandiflora,Large-flowered Phacelia,Plantae,0,0,0.30741225504106656,0.0,24,62.416666666666664,0.17542309748629722,20.625,True Negative
Funaria hygrometrica,Bonfire moss,Plantae,0,0,0.3071341875066483,0.0,3,39.333333333333336,0.16349577903747556,26.333333333333332,True Negative
Matthiola,Stock,Plantae,0,0,0.30617985949272974,0.0,2,56.0,0.1411917358636856,0.0,True Negative
Graphocephala atropunctata,Blue-green Sharpshooter,Insecta,0,0,0.3061537683635534,0.0,6,29.833333333333332,0.2060197566946347,21.0,True Negative
Nyctanassa violacea,Yellow-crowned Night Heron,Aves,0,0,0.30591199318877665,0.0,1,4.0,0.1249566152691841,23.0,True Negative
Cynodon dactylon,Bermuda grass,Plantae,0,0,0.3057626788048749,0.0,3,7.666666666666667,0.18239744255940119,23.666666666666668,True Negative
Arenivaga,Unknown,Insecta,0,0,0.30572207776555543,0.0,3,35.0,0.11462135116259253,16.0,True Negative
Asparagus setaceus,Common Asparagus Fern,Plantae,0,0,0.3053942845483862,0.0,3,89.33333333333333,0.12857888638973236,15.333333333333334,True Negative
Sialia mexicana,Western Bluebird,Aves,0,0,0.3051491003191563,0.0,3,51.666666666666664,0.1792873293161392,24.0,True Negative
Cliostomum griffithii,Multicolored Dot Lichen,Fungi,0,0,0.30459761841217625,0.0,8,80.125,0.18575630523264403,26.125,True Negative
Dimorphotheca,Afro-Australian daisies,Plantae,0,0,0.30420667918593514,0.0,3,4.0,0.17917283127705252,22.666666666666668,True Negative
Opuntia leucotricha,Arborescent Pricklypear,Plantae,0,0,0.3041332707798282,0.0,3,46.666666666666664,0.16263855497042337,26.666666666666668,True Negative
Spodoptera exigua,Beet Armyworm Moth,Insecta,0,0,0.3040058867167911,0.0,3,54.0,0.0972309531643986,16.666666666666668,True Negative
Nicotiana,tobaccos,Plantae,0,0,0.3039400522184522,0.0,4,64.0,0.17683610692620272,20.75,True Negative
Deroceras,Smooth Land Slugs,Mollusca,0,0,0.30375471517879826,0.0,1,18.0,0.2053830027580261,22.0,True Negative
Strigiformes,Owls,Aves,0,0,0.3035445776023045,0.0,1,2.0,0.2671875059604645,23.0,True Negative
Candelariella,Goldspeck Lichens,Fungi,0,0,0.30337174200374367,0.0,4,47.25,0.16549540311098093,22.25,True Negative
Oedipodinae,Bandwing Grasshoppers,Insecta,0,0,0.3028418204654168,0.0,4,57.5,0.1765356548130512,18.5,True Negative
Fissidens crispus,Herzog's Pocket-moss,Plantae,0,0,0.30271630048967335,0.0,4,51.75,0.14773012697696686,21.75,True Negative
Collinsia,Blue-eyed Marys,Plantae,0,0,0.30259038940532285,0.0,3,72.0,0.15858871241410574,21.0,True Negative
Abronia × alba,Beach Sand Verbena,Plantae,0,0,0.3024987663089167,0.0,1,2.0,0.0745140314102172,26.0,True Negative
Spergularia rubra,Red Sand Spurrey,Plantae,0,0,0.302440715647031,0.0,3,83.0,0.12783752133448917,24.333333333333332,True Negative
Sceliphron caementarium,Yellow-legged Mud-dauber Wasp,Insecta,0,0,0.30221963563614496,0.0,4,73.25,0.18327208235859865,19.75,True Negative
Galerucini,Unknown,Insecta,0,0,0.3018316833204911,0.0,4,57.5,0.17177782580256457,22.25,True Negative
Carduus pycnocephalus,Italian thistle,Plantae,0,0,0.30152217932364933,0.0,7,12.857142857142858,0.21148786161627084,21.714285714285715,True Negative
Lytta auriculata,Red-eared Blister Beetle,Insecta,0,0,0.30145302675060315,0.0,5,52.6,0.16756517887115474,20.8,True Negative
Argyrodes elevatus,American Dewdrop Spider,Arachnida,0,0,0.30130259609193377,0.0,3,78.33333333333333,0.14999166131019587,22.333333333333332,True Negative
Carex,true sedges,Plantae,0,0,0.301201801246415,0.0,4,84.75,0.1911922805011272,23.0,True Negative
Usnea ceratina,Warty Beard Lichen,Fungi,0,0,0.30102679004431,0.0,13,30.923076923076923,0.19509085554343,20.923076923076923,True Negative
Encelia farinosa,Brittlebush,Plantae,0,0,0.3008401987283225,0.0,3,51.0,0.1723222186168034,24.0,True Negative
Holoverticata,Woodlice and Pillbugs,Animalia,0,0,0.30040490780420653,0.0,1,5.0,0.2305957078933715,28.0,True Negative
Talitroidea,Terrestrial Amphipods,Animalia,0,0,0.30040490780420653,0.0,1,5.0,0.2305957078933715,28.0,True Negative
Coquillettapis,Unknown,Insecta,0,0,0.3003986627178478,0.0,4,61.25,0.16139295324683184,21.0,True Negative
Asparagus officinalis,wild asparagus,Plantae,0,0,0.2998685292654262,0.0,5,4.0,0.2274649202823639,20.8,True Negative
Chrysis,Unknown,Insecta,0,0,0.29935112900933547,0.0,5,85.0,0.16036415100097653,19.6,True Negative
Tylobolus,Unknown,Animalia,0,0,0.2989942802864279,0.0,1,15.0,0.1794451475143432,29.0,True Negative
Theridion,Unknown,Arachnida,0,0,0.298784790802894,0.0,3,83.33333333333333,0.16135552028814948,23.666666666666668,True Negative
Sordariomycetes,Unknown,Fungi,0,0,0.29848094846305123,0.0,6,75.5,0.16972102473179496,23.0,True Negative
Plagiognathus,Unknown,Insecta,0,0,0.2983437991911359,0.0,7,54.285714285714285,0.15367222683770312,18.714285714285715,True Negative
Satyrium sylvinus,Sylvan Hairstreak,Insecta,0,0,0.29823164298239296,0.0,4,12.25,0.1907672956585884,21.75,True Negative
Rodentia,Rodents,Mammalia,0,0,0.29821538453806956,0.0,3,29.333333333333332,0.19584929943084714,23.0,True Negative
Ambrosia salsola,Cheesebush,Plantae,0,0,0.29817893040013876,0.0,1,44.0,0.0837998464703559,27.0,True Negative
Dudleya cespitosa,Coast Dudleya,Plantae,0,0,0.29817893040013876,0.0,1,44.0,0.0837998464703559,27.0,True Negative
Ribes malvaceum,Chaparral Currant,Plantae,0,0,0.2981697065363281,0.0,3,56.0,0.1690847774346669,20.666666666666668,True Negative
Frullania bolanderi,Hairy Scalewort,Plantae,0,0,0.29778256610884396,0.0,11,36.63636363636363,0.19230557165362613,21.09090909090909,True Negative
Oecanthus californicus,Western Tree Cricket,Insecta,0,0,0.29751306958842316,0.0,5,84.6,0.16202340126037593,23.8,True Negative
Ceuthophilus hesperus,San Diego Camel Cricket,Insecta,0,0,0.2974208913816058,0.0,4,48.5,0.1757659092545509,20.0,True Negative
Lepra amara,bitter wart lichen,Fungi,0,0,0.2963301421006973,0.0,12,48.416666666666664,0.1982367026309172,21.583333333333332,True Negative
Koelreuteria,Unknown,Plantae,0,0,0.2963180033162503,0.0,1,102.0,0.0896798521280288,24.0,True Negative
Melanoplinae,Spur-throated Grasshoppers,Insecta,0,0,0.29624861002808983,0.0,3,27.0,0.1799375762542089,24.666666666666668,True Negative
Sphaeropthalminae,Unknown,Insecta,0,0,0.29603064736354623,0.0,2,59.5,0.12824979424476618,12.5,True Negative
Salix laevigata,red willow,Plantae,0,0,0.29577313972721214,0.0,3,16.333333333333332,0.16087075571219123,22.333333333333332,True Negative
Stylommatophora,Common Land Snails and Slugs,Mollusca,0,0,0.2956225128711656,0.0,1,5.0,0.2075243145227432,29.0,True Negative
Carduus tenuiflorus,Slender Thistle,Plantae,0,0,0.29541406205093584,0.0,4,26.25,0.21566097065806386,23.5,True Negative
Pterophorinae,Unknown,Insecta,0,0,0.2941739094454722,0.0,3,71.0,0.131145770351092,24.666666666666668,True Negative
Xanthoparmelia,rock shield lichens,Fungi,0,0,0.2938830813232685,0.0,40,101.85,0.1323001408949494,21.275,True Negative
Spergularia villosa,hairy sandspurry,Plantae,0,0,0.2937962320972435,0.0,5,88.2,0.12534852027893068,20.8,True Negative
Orius tristicolor,Minute Pirate Bug,Insecta,0,0,0.2936352807083136,0.0,3,52.333333333333336,0.09414634977777797,13.666666666666666,True Negative
Phacelia brachyloba,Shortlobe Phacelia,Plantae,0,0,0.2932975750935136,0.0,14,74.21428571428571,0.19124270230531687,19.928571428571427,True Negative
Prionyx,Unknown,Insecta,0,0,0.292712726726825,0.0,5,25.8,0.19180265665054316,16.0,True Negative
Alopecosa kochi,Koch's Wolf Spider,Arachnida,0,0,0.2926552122768421,0.0,4,29.25,0.15285450033843515,26.0,True Negative
Tamalia coweni,Manzanita Leafgall Aphid,Insecta,0,0,0.2923056592649296,0.0,8,108.375,0.14681996870785946,20.125,True Negative
Chorizanthe polygonoides,Knotweed Spineflower,Plantae,0,0,0.29185588426718906,0.0,7,107.14285714285714,0.12532796284982134,22.714285714285715,True Negative
Nycticorax nycticorax hoactli,American Black-crowned Night Heron,Aves,0,0,0.2913873213478211,0.0,1,0.0,0.0929425433278083,20.0,True Negative
Pheucticus melanocephalus,Black-headed Grosbeak,Aves,0,0,0.2913795131664483,0.0,4,16.75,0.17447367310523984,20.75,True Negative
Eriastrum filifolium,Lavender woollystar,Plantae,0,0,0.29118514949841756,0.0,3,6.666666666666667,0.18893483281135556,23.333333333333332,True Negative
Flavoparmelia,greenshield lichens,Fungi,0,0,0.29096402445934044,0.0,6,84.66666666666667,0.16945203145345047,21.0,True Negative
Lecanora horiza,Unknown,Fungi,0,0,0.2905105330226797,0.0,5,46.4,0.16568880677223202,28.8,True Negative
Sarcophaga,Common Flesh Flies,Insecta,0,0,0.29044273418662014,0.0,3,53.666666666666664,0.14387401690085724,25.0,True Negative
Yucca gigantea,Spineless Yucca,Plantae,0,0,0.29013390647886617,0.0,3,57.0,0.165408377846082,24.0,True Negative
Rhamnus pilosa,Hairyleaf Redberry,Plantae,0,0,0.2898388656776325,0.0,6,114.5,0.1245991662144661,20.5,True Negative
Cephaloziella,Unknown,Plantae,0,0,0.2893807640973634,0.0,3,75.0,0.15993738671143845,21.0,True Negative
Chenopodium berlandieri,pitseed goosefoot,Plantae,0,0,0.2887819172800791,0.0,3,47.666666666666664,0.14282459517319993,22.0,True Negative
Clevelandia ios,Arrow Goby,Actinopterygii,0,0,0.2887632386856015,0.0,4,0.25,0.18296483904123303,25.0,True Negative
Brachynemurus sackeni,Sacken's Antlion,Insecta,0,0,0.28869479101918627,0.0,3,74.33333333333333,0.14576734602451322,24.333333333333332,True Negative
Lepidium virginicum,Virginia pepperweed,Plantae,0,0,0.2886242717564236,0.0,3,59.333333333333336,0.15684315065542853,27.0,True Negative
Deroceras invadens,Chestnut Slug,Mollusca,0,0,0.28806676240543494,0.0,1,15.0,0.2051626741886139,20.0,True Negative
Russula,brittlegills,Fungi,0,0,0.2878404425529554,0.0,6,98.83333333333333,0.1426843740046024,22.333333333333332,True Negative
Tiphiinae,Unknown,Insecta,0,0,0.2878152796408516,0.0,8,85.25,0.15441283583641047,23.75,True Negative
Timmiella anomala,Unknown,Plantae,0,0,0.287500276623319,0.0,4,63.5,0.15074945613741872,22.5,True Negative
Andrena oenotherae,Oenothera Miner,Insecta,0,0,0.28711961455528606,0.0,3,67.66666666666667,0.15328653156757352,19.0,True Negative
Lycoperdon,Unknown,Fungi,0,0,0.28702869533895164,0.0,3,63.666666666666664,0.16385903954505918,21.333333333333332,True Negative
Neotominae,North American Mice and Rats,Mammalia,0,0,0.2865113884790509,0.0,2,4.5,0.1832681968808174,22.0,True Negative
Palaemonidae,palaemonid shrimps,Animalia,0,0,0.28641122295592847,0.0,1,1.0,0.2394927740097046,27.0,True Negative
Crassula multicava,Fairy Stonecrop,Plantae,0,0,0.28632926321695323,0.0,18,104.0,0.12377398047182292,23.0,True Negative
Parancistrocerus,Unknown,Insecta,0,0,0.286197534517946,0.0,2,29.5,0.154948741197586,12.0,True Negative
Atriplex glauca,Waxy Saltbush,Plantae,0,0,0.28606762249090856,0.0,2,12.0,0.13581634312868116,24.5,True Negative
Schoenoplectus acutus occidentalis,common tule,Plantae,0,0,0.28584226605771673,0.0,1,7.0,0.305498331785202,22.0,True Negative
Bembix americana,American Sand Wasp,Insecta,0,0,0.28578786661437633,0.0,3,46.0,0.15703614056110377,24.0,True Negative
Sesuvium verrucosum,Western Seapurslane,Plantae,0,0,0.28572464499798794,0.0,4,2.25,0.19879882037639615,21.25,True Negative
Aloe maculata,soap aloe,Plantae,0,0,0.28501624558547733,0.0,6,89.16666666666667,0.14466861387093857,23.166666666666668,True Negative
Lecanora strobilina,Mealy Rim-lichen,Fungi,0,0,0.28461003317631095,0.0,9,88.55555555555556,0.1703740913006994,23.333333333333332,True Negative
Tiphiidae,Tiphiid Flower Wasps,Insecta,0,0,0.284485286727392,0.0,3,53.333333333333336,0.159750759601593,26.0,True Negative
Vinealobryum brachyphyllum,Unknown,Plantae,0,0,0.2843839019111045,0.0,6,82.66666666666667,0.17597697426875428,21.5,True Negative
Halictus farinosus,Wide-striped Sweat Bee,Insecta,0,0,0.28424834644448893,0.0,3,21.0,0.1809314390023549,23.666666666666668,True Negative
Lepismatidae,Typical Silverfishes,Insecta,0,0,0.2841547946891886,0.0,3,41.0,0.1647811084985733,22.666666666666668,True Negative
Strymon istapa,Mallow Scrub-Hairstreak,Insecta,0,0,0.2833264082010627,0.0,5,11.0,0.17973341941833493,22.4,True Negative
Closterotomus norwegicus,Potato Mirid,Insecta,0,0,0.28255760490229015,0.0,1,4.0,0.2549227178096771,22.0,True Negative
Fissidens sublimbatus,Unknown,Plantae,0,0,0.2821605438404533,0.0,9,27.333333333333332,0.17091682718859777,20.88888888888889,True Negative
Xenopus laevis,African Clawed Frog,Amphibia,0,0,0.28213248387774154,0.0,2,15.0,0.12016893923282615,23.5,True Negative
Eucerini,Longhorn Bees,Insecta,0,0,0.2819166823554485,0.0,6,43.666666666666664,0.15504430979490277,16.333333333333332,True Negative
Hordeum vulgare,Common Barley,Plantae,0,0,0.2817071012677219,0.0,1,15.0,0.1038974896073341,0.0,True Negative
Bloomeria,goldenstar,Plantae,0,0,0.2816313262134226,0.0,3,61.0,0.1592077761888504,26.0,True Negative
Diploschistes diacapsis,Desert Crater Lichen,Fungi,0,0,0.2815004209440749,0.0,6,77.5,0.15536936620871222,24.666666666666668,True Negative
Chionaspis pinifoliae,pine needle scale,Insecta,0,0,0.281357969239872,0.0,3,71.66666666666667,0.13479878008365623,22.666666666666668,True Negative
Hysterium angustatum,Unknown,Fungi,0,0,0.2812834715921455,0.0,8,84.0,0.16678886022418735,23.625,True Negative
Euphorbia serpens,Matted Sandmat,Plantae,0,0,0.2810212759657604,0.0,2,17.5,0.19452116638422007,25.0,True Negative
Myriolecis flowersiana,Flowers' rim lichen,Fungi,0,0,0.2809316368296319,0.0,2,64.0,0.1294002644717693,11.0,True Negative
Lamiaceae,Mint Family,Plantae,0,0,0.2807342405286414,0.0,3,71.0,0.18445339798927304,24.666666666666668,True Negative
Comarostaphylis diversifolia,summer holly,Plantae,0,0,0.2805305871523244,0.0,7,96.42857142857143,0.1517580172845295,22.714285714285715,True Negative
Trichodes ornatus,Ornate Checkered Beetle,Insecta,0,0,0.28035516542253813,0.0,6,58.833333333333336,0.15269744147857026,18.333333333333332,True Negative
Trigonoscuta,Unknown,Insecta,0,0,0.2802558562890145,0.0,5,66.6,0.1587276205420494,22.8,True Negative
Triglochin concinna,Slender Arrowgrass,Plantae,0,0,0.2801940872707833,0.0,3,1.0,0.13080883026123044,24.666666666666668,True Negative
Hooveria,Unknown,Plantae,0,0,0.2799244769523626,0.0,4,85.25,0.13827320933341977,23.25,True Negative
Tylobolinae,Unknown,Animalia,0,0,0.2793494462363718,0.0,2,93.5,0.1355457007884979,24.0,True Negative
Melilotus albus,White Sweetclover,Plantae,0,0,0.27889121001679434,0.0,4,16.0,0.2011761404573917,21.25,True Negative
Aytoniaceae,Unknown,Plantae,0,0,0.2786796015880897,0.0,3,78.33333333333333,0.1724687467018763,22.0,True Negative
Cerastium glomeratum,Sticky mouse-ear chickweed,Plantae,0,0,0.278120570310528,0.0,3,6.333333333333333,0.1805190692345301,23.666666666666668,True Negative
Allium haematochiton,red-skinned onion,Plantae,0,0,0.2780912445115628,0.0,50,97.16,0.1256595583260059,21.76,True Negative
Cesonia,Unknown,Arachnida,0,0,0.27794911428579194,0.0,2,67.0,0.1403273418545723,12.5,True Negative
Cladonia cariosa,Split-peg Lichen,Fungi,0,0,0.27766729596811546,0.0,4,60.0,0.1926794350147247,25.25,True Negative
Xanthoparmelia cumberlandia,Cumberland Rock Shield,Fungi,0,0,0.27744038500369134,0.0,6,87.33333333333333,0.16147388890385625,21.833333333333332,True Negative
Atopetholidae,Unknown,Animalia,0,0,0.27665120867166393,0.0,1,70.0,0.1424522697925567,28.0,True Negative
Entomobryoidea,Unknown,Animalia,0,0,0.27663834031486934,0.0,1,67.0,0.137820765376091,28.0,True Negative
Eupeodes fumipennis,Western Aphideater,Insecta,0,0,0.2766039074413822,0.0,3,63.333333333333336,0.14306699732939399,21.0,True Negative
Myrmeleon,Unknown,Insecta,0,0,0.2765899823980602,0.0,1,5.0,0.1540448367595672,25.0,True Negative
Geococcyx californianus,Greater Roadrunner,Aves,0,0,0.276379329575722,0.0,1,86.0,0.1148066073656082,25.0,True Negative
Marmotini,Holarctic Ground Squirrels,Mammalia,0,0,0.27637293266019575,0.0,1,23.0,0.1327499747276306,24.0,True Negative
Nitzschia,Unknown,Chromista,0,0,0.276335714116719,0.0,4,1.0,0.15414360538125035,23.0,True Negative
Achnanthes,Unknown,Chromista,0,0,0.2760393451856275,0.0,4,1.75,0.15859957784414289,23.0,True Negative
Stigmella,Unknown,Insecta,0,0,0.27597599452691923,0.0,5,83.0,0.17802546918392176,24.8,True Negative
Sassacus,Leaf-beetle Jumping Spiders,Arachnida,0,0,0.27586818013314407,0.0,3,22.666666666666668,0.17552452286084494,26.333333333333332,True Negative
Gosibius,Unknown,Animalia,0,0,0.275741328060227,0.0,1,17.0,0.1811254620552063,21.0,True Negative
Tephritidae,Fruit Flies,Insecta,0,0,0.2757292310222129,0.0,3,70.33333333333333,0.13687434295813236,26.0,True Negative
Cryptantha intermedia johnstonii,Unknown,Plantae,0,0,0.2755378317801201,0.0,3,79.33333333333333,0.1654510249694188,23.333333333333332,True Negative
Plataea,Unknown,Insecta,0,0,0.2746323568907257,0.0,3,38.333333333333336,0.1742830822865168,22.333333333333332,True Negative
Clypeadon,Unknown,Insecta,0,0,0.27451245922304457,0.0,3,65.66666666666667,0.16075908641020453,26.333333333333332,True Negative
Plectreuridae,plectreurid spiders,Arachnida,0,0,0.2738907127808647,0.0,1,15.0,0.1038974896073341,0.0,True Negative
Oxyura jamaicensis,Ruddy Duck,Aves,0,0,0.27351466521855655,0.0,2,0.0,0.1386432200670242,21.0,True Negative
Sturnus vulgaris,European Starling,Aves,0,0,0.27342410115864885,0.0,2,0.0,0.1377753168344497,20.0,True Negative
Cladonia furcata,many-forked cladonia,Fungi,0,0,0.273407615340097,0.0,6,66.66666666666667,0.16687336936593047,22.666666666666668,True Negative
Anchoa compressa,Deep-body Anchovy,Actinopterygii,0,0,0.2733971460854664,0.0,1,0.0,0.0973207280039787,26.0,True Negative
Podocopida,Unknown,Animalia,0,0,0.2733163355422208,0.0,1,109.0,0.1520653516054153,23.0,True Negative
Hymenoptera,"Ants, Bees, Wasps, and Sawflies",Insecta,0,0,0.27314891268287217,0.0,3,61.333333333333336,0.17063389718532562,23.666666666666668,True Negative
Tremella parmohypotropi,Unknown,Fungi,0,0,0.27242971550783907,0.0,5,69.2,0.17397158443927765,21.0,True Negative
Ambrosia,Ragweeds,Plantae,0,0,0.2723904588138351,0.0,2,1.0,0.15257529914379114,22.5,True Negative
Sabulodes aegrotata,Omnivorous Looper,Insecta,0,0,0.272294456162213,0.0,2,43.5,0.09273846261203285,10.0,True Negative
Butorides virescens,Green Heron,Aves,0,0,0.2719696047562488,0.0,1,0.0,0.1384718120098114,26.0,True Negative
Heliopetes ericetorum,Northern White-Skipper,Insecta,0,0,0.27188122541214144,0.0,3,42.333333333333336,0.17620675265789024,24.0,True Negative
Neogale frenata,Long-tailed Weasel,Mammalia,0,0,0.27164228186366823,0.0,1,2.0,0.146463081240654,24.0,True Negative
Bollmaniulus,Unknown,Animalia,0,0,0.271484777099957,0.0,1,72.0,0.1799259930849075,29.0,True Negative
Glaucopsyche lygdamus australis,Southern Silvery Blue,Insecta,0,0,0.2711515746373061,0.0,4,29.75,0.19182482361793518,21.5,True Negative
Aphrophoridae,True Spittlebugs,Insecta,0,0,0.2711279046075572,0.0,3,37.0,0.12471263607343035,16.0,True Negative
Brachygenys californiensis,California Salema,Actinopterygii,0,0,0.2709617600420917,0.0,1,4.0,0.1249566152691841,23.0,True Negative
Cyprinodontoidei,Unknown,Actinopterygii,0,0,0.2709617600420917,0.0,1,4.0,0.1249566152691841,23.0,True Negative
Curicaberis peninsulanus,Unknown,Arachnida,0,0,0.270744238963475,0.0,2,82.5,0.14604022353887555,11.5,True Negative
Dimorphotheca sinuata,Cape marigold,Plantae,0,0,0.2702722224980649,0.0,2,38.5,0.11987832188606255,0.0,True Negative
Navicula,Unknown,Chromista,0,0,0.2699479912558449,0.0,4,1.0,0.15088809281587598,23.5,True Negative
Arhyssus,Unknown,Insecta,0,0,0.2698397931550273,0.0,3,62.666666666666664,0.16479750970999396,22.666666666666668,True Negative
Juncus textilis,Basket Rush,Plantae,0,0,0.2697398243263526,0.0,1,4.0,0.2297463864088058,22.0,True Negative
Salix,Willows,Plantae,0,0,0.2696785302056828,0.0,3,47.333333333333336,0.17279334863026932,22.333333333333332,True Negative
Oscillatoriales,Unknown,Unknown,0,0,0.2694700884805146,0.0,1,0.0,0.1901338100433349,24.0,True Negative
Quercus berberidifolia,California scrub oak,Plantae,0,0,0.26941694130037164,0.0,58,95.51724137931035,0.1571853837833322,21.637931034482758,True Negative
Aedes taeniorhynchus,Black Saltmarsh Mosquito,Insecta,0,0,0.26919693168213193,0.0,3,25.666666666666668,0.2239050964514414,23.0,True Negative
Oenothera elata,tall evening primrose,Plantae,0,0,0.268643618770802,0.0,3,2.0,0.14589187502861017,24.0,True Negative
Malacothrix,desert dandelions,Plantae,0,0,0.26859738610793266,0.0,1,3.0,0.1400120854377746,25.0,True Negative
Rumex persicarioides,pacific golden dock,Plantae,0,0,0.26859738610793266,0.0,1,3.0,0.1400120854377746,25.0,True Negative
Entoloma,Pinkgills,Fungi,0,0,0.26849650476873665,0.0,3,43.333333333333336,0.17778297762076056,22.333333333333332,True Negative
Dermacentor similis,Western Dog Tick,Arachnida,0,0,0.268428848952884,0.0,5,8.0,0.20069139897823335,22.0,True Negative
Audibertia,Unknown,Plantae,0,0,0.26815661384205497,0.0,5,92.6,0.14977202415466306,23.2,True Negative
Schinia scarletina,Unknown,Insecta,0,0,0.2679674402893021,0.0,3,62.0,0.1494459509849548,9.666666666666666,True Negative
Icteridae,New World Blackbirds and Orioles,Aves,0,0,0.26791556970947666,0.0,1,103.0,0.1145467311143875,23.0,True Negative
Crabroninae,Unknown,Insecta,0,0,0.26787751585732633,0.0,3,58.666666666666664,0.13430673380692795,18.333333333333332,True Negative
Cicadoidea,Cicadas,Insecta,0,0,0.26776164132090635,0.0,3,28.0,0.12876679499944046,17.0,True Negative
Buellia halonia,Seaside Button Lichen,Fungi,0,0,0.2677467055623544,0.0,6,64.66666666666667,0.1689468572537104,21.666666666666668,True Negative
Lycium ferocissimum,African boxthorn,Plantae,0,0,0.2676088235781568,0.0,21,103.57142857142857,0.13694270274468828,23.0,True Negative
Polydesmida,Flat-backed Millipedes,Animalia,0,0,0.2674936542855246,0.0,1,21.0,0.2168746292591095,21.0,True Negative
Vireo gilvus,Warbling Vireo,Aves,0,0,0.2673698235782352,0.0,3,43.333333333333336,0.2034248709678649,22.333333333333332,True Negative
Porcellio dilatatus,Giant Canyon Woodlouse,Animalia,0,0,0.26686354779286714,0.0,1,77.0,0.1626972556114196,28.0,True Negative
Pseudisothecium cristatum,Unknown,Plantae,0,0,0.26671777819441495,0.0,12,54.333333333333336,0.18119731855889157,20.916666666666668,True Negative
Hypotrichia,Hypotrichs,Chromista,0,0,0.26659376007202196,0.0,2,0.0,0.21139910072088236,24.0,True Negative
Cryptantha muricata,pointed cryptantha,Plantae,0,0,0.2665104998622272,0.0,5,95.6,0.16145898103713985,22.8,True Negative
Amandinea punctata,Tiny Button Lichen,Fungi,0,0,0.26607638269656037,0.0,4,87.25,0.17283930815756318,21.25,True Negative
Colias eurytheme,Orange Sulphur,Insecta,0,0,0.2658059175311924,0.0,3,34.333333333333336,0.17349720994631446,21.666666666666668,True Negative
Tyrannus melancholicus,Tropical Kingbird,Aves,0,0,0.26564374412368097,0.0,1,1.0,0.1827370375394821,23.0,True Negative
Telimena rhoina,Sumac Silvering,Fungi,0,0,0.26520988270922785,0.0,10,92.3,0.164543255418539,21.4,True Negative
Agrostis pallens,seashore bentgrass,Plantae,0,0,0.2650236138455972,0.0,3,55.333333333333336,0.1619127442439397,21.0,True Negative
Callophrys augustinus,Brown Elfin,Insecta,0,0,0.26477162241944524,0.0,4,62.75,0.12735681980848307,24.75,True Negative
Cymatogaster aggregata,Shiner Surfperch,Actinopterygii,0,0,0.26458324108972403,0.0,2,0.0,0.17367631196975702,22.5,True Negative
Corthylio calendula,Ruby-crowned Kinglet,Aves,0,0,0.2645090894147526,0.0,3,38.333333333333336,0.20876075824101759,20.333333333333332,True Negative
Passerina caerulea,Blue Grosbeak,Aves,0,0,0.26395915538473175,0.0,1,7.0,0.2794933915138244,22.0,True Negative
Novisuccinea,Unknown,Mollusca,0,0,0.26378704012595855,0.0,1,108.0,0.1327279210090637,22.0,True Negative
Vicia ludoviciana,slender vetch,Plantae,0,0,0.26361393256202875,0.0,3,32.666666666666664,0.18569912513097123,24.0,True Negative
Bacidina,Unknown,Fungi,0,0,0.26281230477753115,0.0,1,36.0,0.1512271761894226,25.0,True Negative
Pachnolepia,Unknown,Fungi,0,0,0.26281230477753115,0.0,1,36.0,0.1512271761894226,25.0,True Negative
Eriogonum elongatum elongatum,long-stemmed buckwheat,Plantae,0,0,0.26260905148519403,0.0,2,8.5,0.1390739828348159,22.5,True Negative
Polycauliona ludificans,Unknown,Fungi,0,0,0.2626045099267346,0.0,3,60.0,0.15094214677810666,17.666666666666668,True Negative
Cistothorus palustris,Marsh Wren,Aves,0,0,0.2625776837443543,0.0,1,-1.0,0.1648636162281036,25.0,True Negative
Scleropodium californicum,Unknown,Plantae,0,0,0.26246292963651713,0.0,10,36.1,0.16978352218866344,21.8,True Negative
Lepidium strictum,Upright Pepperweed,Plantae,0,0,0.26191395890505037,0.0,2,62.5,0.1526805013418197,25.0,True Negative
Tetragnatha versicolor,Unknown,Arachnida,0,0,0.26182178979228526,0.0,1,15.0,0.2187153995037078,25.0,True Negative
Lophodytes cucullatus,Hooded Merganser,Aves,0,0,0.2618085509148579,0.0,2,7.0,0.16858716309070584,21.0,True Negative
Anas platyrhynchos platyrhynchos,Holarctic Mallard,Aves,0,0,0.26168026066111083,0.0,1,0.0,0.1517699807882309,20.0,True Negative
Cricetidae,"Hamsters, Voles, Lemmings, and Allies",Mammalia,0,0,0.2616176158532772,0.0,2,53.0,0.14688894152641296,26.0,True Negative
Allium,onions,Plantae,0,0,0.2615671144054938,0.0,4,102.25,0.1259711533784866,20.0,True Negative
Lonicera,Unknown,Plantae,0,0,0.26149372078458366,0.0,3,70.66666666666667,0.18050210177898404,22.0,True Negative
Placynthiella oligotropha,Unknown,Fungi,0,0,0.2613983868715332,0.0,5,95.4,0.14858878105878823,22.8,True Negative
Colaptes auratus cafer,Northern Red-shafted Flicker,Aves,0,0,0.2612289912636019,0.0,1,45.0,0.1466952264308929,22.0,True Negative
Amaryllis belladonna,Belladonna Lily,Plantae,0,0,0.2610719454804826,0.0,3,44.666666666666664,0.20435330768426255,22.0,True Negative
Physalis hederifolia,ivyleaf groundcherry,Plantae,0,0,0.26083910728115506,0.0,3,63.0,0.17752515276273093,20.0,True Negative
Carabidae,Ground Beetles,Insecta,0,0,0.2605722072177443,0.0,2,26.0,0.1588490307331085,12.0,True Negative
Aspicilia,Sunken Disk Lichens,Fungi,0,0,0.2602885719564878,0.0,3,78.0,0.133272277812163,20.666666666666668,True Negative
Lucilia sericata,Common European Greenbottle Fly,Insecta,0,0,0.2601133070193303,0.0,5,83.8,0.14997609257698055,20.8,True Negative
Medicago lupulina,Black Medick,Plantae,0,0,0.25995722936201204,0.0,2,2.5,0.1591092869639396,25.0,True Negative
Mediappendix vermeta,Suboval Ambersnail,Mollusca,0,0,0.259326084680171,0.0,1,108.0,0.1587554365396499,22.0,True Negative
Alchemilla occidentalis,western lady's mantle,Plantae,0,0,0.2592110088348955,0.0,3,9.666666666666666,0.1922414849201838,25.0,True Negative
Carduus pycnocephalus pycnocephalus,Unknown,Plantae,0,0,0.25891654010305093,0.0,1,20.0,0.1703269332647323,25.0,True Negative
Platystemon californicus californicus,Unknown,Plantae,0,0,0.2588935986856195,0.0,1,18.0,0.1037641838192939,26.0,True Negative
Xerarionta stearnsiana,Speckled Cactussnail,Mollusca,0,0,0.2586838580251502,0.0,1,52.0,0.1404322385787964,0.0,True Negative
Chrysoperla comanche,Comanche Green Lacewing,Insecta,0,0,0.2585143227308693,0.0,3,50.0,0.1605995098749796,17.333333333333332,True Negative
Stenodynerus,Unknown,Insecta,0,0,0.25817210630940035,0.0,4,6.0,0.1632338389754295,29.0,True Negative
Chinavia hilaris,Green Stink Bug,Insecta,0,0,0.25809763168711636,0.0,3,69.33333333333333,0.16488968580961225,24.333333333333332,True Negative
Samolus parviflorus,seaside brookweed,Plantae,0,0,0.2580310333910081,0.0,1,6.0,0.242745354771614,22.0,True Negative
Procyonidae,"Raccoons, Coatis, and Allies",Mammalia,0,0,0.25797567693996093,0.0,1,2.0,0.1465948522090912,24.0,True Negative
Pseudomalus auratus,Unknown,Insecta,0,0,0.25778344402081504,0.0,1,25.0,0.160996600985527,25.0,True Negative
Eunotia,Unknown,Chromista,0,0,0.2576014624408555,0.0,1,0.0,0.1901338100433349,24.0,True Negative
Gymnopus dryophilus,Oak-loving Gymnopus,Fungi,0,0,0.2575493760757352,0.0,5,93.8,0.157364147901535,21.6,True Negative
Vicia ludoviciana ludoviciana,deerpea vetch,Plantae,0,0,0.2574195805764639,0.0,2,12.5,0.1454228945076465,25.0,True Negative
Cuscuta campestris,Field Dodder,Plantae,0,0,0.257307700136662,0.0,2,1.0,0.1950661987066269,21.0,True Negative
Isocoma acradenia,alkali goldenbush,Plantae,0,0,0.25729954865661375,0.0,2,27.0,0.15178249031305308,22.5,True Negative
Oxyopes tridens,Unknown,Arachnida,0,0,0.25722999059076024,0.0,3,27.666666666666668,0.17612968881924942,26.333333333333332,True Negative
Dinomus confluens,Unknown,Insecta,0,0,0.25706610893054566,0.0,3,56.666666666666664,0.13762651383876798,19.0,True Negative
Phanias harfordi,Unknown,Arachnida,0,0,0.25695588062630537,0.0,3,91.66666666666667,0.1462388684352239,22.666666666666668,True Negative
Sciuridae,Squirrels,Mammalia,0,0,0.25576420570013264,0.0,1,51.0,0.1440464109182357,24.0,True Negative
Quercus × acutidens,Torrey's Hybrid Oak,Plantae,0,0,0.2557161143834257,0.0,11,100.45454545454545,0.17154179919849735,19.90909090909091,True Negative
Leprocaulon terricola,Unknown,Fungi,0,0,0.25561703530619384,0.0,16,100.625,0.1474204859696328,21.25,True Negative
Dendrographa franciscana,Unknown,Fungi,0,0,0.2552849584575334,0.0,7,84.0,0.16110260358878542,23.571428571428573,True Negative
Tortula brevipes,Unknown,Plantae,0,0,0.25517843920102645,0.0,2,34.5,0.16609077155590055,23.0,True Negative
Carduus,plumeless thistles,Plantae,0,0,0.2551121100310821,0.0,3,15.666666666666666,0.2216120213270187,24.0,True Negative
Phrymaceae,lopseed family,Plantae,0,0,0.25488798735419516,0.0,4,40.75,0.17808566242456433,21.5,True Negative
Ammophila procera,Common Thread-waisted Wasp,Insecta,0,0,0.2548598224643748,0.0,3,70.0,0.16398685673872626,26.0,True Negative
Aphis,Unknown,Insecta,0,0,0.2548243551879953,0.0,3,38.666666666666664,0.17757556339104966,14.666666666666666,True Negative
Osmia coloradensis,Colorado Mason,Insecta,0,0,0.25467191719832094,0.0,2,18.0,0.21107896417379374,25.0,True Negative
Oedogonium,Unknown,Plantae,0,0,0.2545331032387312,0.0,1,0.0,0.1901338100433349,24.0,True Negative
Spirogyra,Unknown,Plantae,0,0,0.2545331032387312,0.0,1,0.0,0.1901338100433349,24.0,True Negative
Stereum,Unknown,Fungi,0,0,0.25449160967784923,0.0,5,49.6,0.20847676396369935,21.8,True Negative
Buteo albonotatus,Zone-tailed Hawk,Aves,0,0,0.25444471395961016,0.0,1,69.0,0.175760880112648,29.0,True Negative
Vicia,Vetches,Plantae,0,0,0.2542979051230663,0.0,2,24.0,0.1526643298566341,25.0,True Negative
Phanacis hypochoeridis,Catsear Gall Wasp,Insecta,0,0,0.2539398260050249,0.0,6,51.5,0.1809136619170506,21.833333333333332,True Negative
Aphonopelma eutylenum,California Ebony Tarantula,Arachnida,0,0,0.2536628880775818,0.0,3,53.333333333333336,0.20346059898535407,25.333333333333332,True Negative
Falco columbarius,Merlin,Aves,0,0,0.2535119457559208,0.0,1,5.0,0.2057575583457946,22.0,True Negative
Eucalyptus camaldulensis,River Red Gum,Plantae,0,0,0.2529380739160263,0.0,1,6.0,0.2345813363790512,23.0,True Negative
Calystegia macrostegia cyclostegia,Unknown,Plantae,0,0,0.2528233762034464,0.0,3,25.0,0.1376349416871865,23.0,True Negative
Andricus chrysolepidicola,Irregular Spindle Gall Wasp,Insecta,0,0,0.25281962122892393,0.0,6,104.16666666666667,0.13986648122469583,22.666666666666668,True Negative
Coniontis,Unknown,Insecta,0,0,0.25265127057141173,0.0,3,37.0,0.1328630670905113,15.333333333333334,True Negative
Campsomerini,Unknown,Insecta,0,0,0.2524266061518934,0.0,1,13.0,0.1702011972665786,24.0,True Negative
Funaria,Unknown,Plantae,0,0,0.25184658819981315,0.0,5,61.2,0.1949411869049072,20.8,True Negative
Micropterus nigricans,Largemouth Bass,Actinopterygii,0,0,0.25175940485178855,0.0,1,0.0,0.1885370761156082,25.0,True Negative
Schoenoplectus americanus,American three-square bulrush,Plantae,0,0,0.25171217484492386,0.0,3,5.0,0.2050841798384984,23.0,True Negative
Euphorbia polycarpa polycarpa,Unknown,Plantae,0,0,0.2512809599428841,0.0,2,66.0,0.1594238802790641,22.0,True Negative
Tephromela nashii,Unknown,Fungi,0,0,0.25120830521728765,0.0,7,89.71428571428571,0.1492790537221091,21.285714285714285,True Negative
Schoenoplectus acutus,hardstem bulrush,Plantae,0,0,0.2506495837777996,0.0,1,13.0,0.2213593423366546,25.0,True Negative
Araneus andrewsi,Unknown,Arachnida,0,0,0.2504997402751043,0.0,3,90.66666666666667,0.16303974390029907,24.666666666666668,True Negative
Xenoglossa pomonae,Pomona Longhorn,Insecta,0,0,0.24993975801017168,0.0,4,86.25,0.1813156194984913,23.5,True Negative
Nemophila menziesii integrifolia,Unknown,Plantae,0,0,0.2498814649529318,0.0,3,13.0,0.2067752033472061,26.333333333333332,True Negative
Lophodermium,Unknown,Fungi,0,0,0.24943632781631464,0.0,5,84.2,0.16335058808326716,25.4,True Negative
Dinoflagellata,dinoflagellates,Chromista,0,0,0.24934585237564272,0.0,2,0.0,0.14120609313249585,25.0,True Negative
Nitzschia sigmoidea,Unknown,Chromista,0,0,0.24934585237564272,0.0,2,0.0,0.14120609313249585,25.0,True Negative
Neodiplocampta mira,Unknown,Insecta,0,0,0.24924230358600907,0.0,3,39.0,0.1605551242828369,17.333333333333332,True Negative
Adenostoma fasciculatum obtusifolium,Southern chamise,Plantae,0,0,0.24903630218111697,0.0,13,104.0,0.14547097396392086,22.153846153846153,True Negative
Ardeidae,"Herons, Egrets, and Bitterns",Aves,0,0,0.24894011862874413,0.0,1,3.0,0.2523244321346283,23.0,True Negative
Cervidae,Deer,Mammalia,0,0,0.24876724256126914,0.0,1,3.0,0.1585602313280105,23.0,True Negative
Pardosa,Thin-legged Wolf Spiders,Arachnida,0,0,0.2487198952129937,0.0,4,1.5,0.20183167234063148,25.75,True Negative
Xanthoria,Sunburst Lichens,Fungi,0,0,0.24861091101777158,0.0,4,34.5,0.19252155721187592,21.75,True Negative
Psyllobora vigintimaculata,Twenty-spotted Lady Beetle,Insecta,0,0,0.2477112342773508,0.0,1,27.0,0.1877602189779281,25.0,True Negative
Apiastrum,Unknown,Plantae,0,0,0.24757267779704545,0.0,2,67.5,0.15588676184415814,20.5,True Negative
Physciaceae,"rosette lichens, frost lichens, and allies",Fungi,0,0,0.24722957420767008,0.0,4,74.5,0.1772443130612373,21.5,True Negative
Tortula,Unknown,Plantae,0,0,0.2471804717532288,0.0,3,47.333333333333336,0.16675699253877,23.0,True Negative
Orcinus orca,Orca,Mammalia,0,0,0.2470499240880151,0.0,1,29.0,0.1203004717826843,0.0,True Negative
Xylococcus,Unknown,Plantae,0,0,0.24704740142077652,0.0,4,97.75,0.14136880449950695,22.75,True Negative
Melilotus,melilots and sweetclovers,Plantae,0,0,0.24666448758925058,0.0,1,2.0,0.1580279320478439,25.0,True Negative
Usnea rubicunda,Red Beard Lichen,Fungi,0,0,0.2461310117660959,0.0,6,89.66666666666667,0.16284133742252982,21.333333333333332,True Negative
Psora decipiens,Blushing Scale,Fungi,0,0,0.24549390364264592,0.0,4,90.5,0.12207724899053571,22.25,True Negative
Contopus sordidulus,Western Wood-Pewee,Aves,0,0,0.2453051864017025,0.0,2,45.5,0.1542335897684097,21.0,True Negative
Geophilomorpha,Soil Centipedes,Animalia,0,0,0.24499581052039796,0.0,1,112.0,0.2171577364206314,19.0,True Negative
Gambusia affinis,Western Mosquitofish,Actinopterygii,0,0,0.24492091940393212,0.0,2,0.5,0.17309754341840738,24.0,True Negative
Cynara cardunculus,Artichoke Thistle,Plantae,0,0,0.24477601308592858,0.0,2,39.0,0.15326482802629465,25.0,True Negative
Gutierrezia californica,California matchweed,Plantae,0,0,0.24448313845424546,0.0,2,74.0,0.14071726053953165,25.0,True Negative
Habronattus agilis,Unknown,Arachnida,0,0,0.24421022182965071,0.0,2,64.5,0.15609747171401975,25.5,True Negative
Fulica americana americana,North American Coot,Aves,0,0,0.24419406838852661,0.0,1,0.0,0.196938470005989,24.0,True Negative
Arctostaphylos glandulosa,Eastwood's Manzanita,Plantae,0,0,0.24397266190922606,0.0,41,100.97560975609755,0.14823265028436006,20.902439024390244,True Negative
Cixius,Unknown,Insecta,0,0,0.24364533455385218,0.0,1,20.0,0.1703269332647323,25.0,True Negative
Crabronina,Unknown,Insecta,0,0,0.24364533455385218,0.0,1,20.0,0.1703269332647323,25.0,True Negative
Malachius,Unknown,Insecta,0,0,0.24364533455385218,0.0,1,20.0,0.1703269332647323,25.0,True Negative
Phyllonorycter manzanita,Unknown,Insecta,0,0,0.24363420538373803,0.0,5,88.0,0.1491871356964111,23.8,True Negative
Enallagma civile,Familiar Bluet,Insecta,0,0,0.24343856740178718,0.0,2,31.0,0.17726550996303553,14.0,True Negative
Urocyon cinereoargenteus,Gray Fox,Mammalia,0,0,0.24320537153379887,0.0,2,64.0,0.1597976833581924,27.5,True Negative
Tyrannus verticalis,Western Kingbird,Aves,0,0,0.24319373205034386,0.0,3,89.0,0.1456058820088704,24.333333333333332,True Negative
Pseudomethoca anthracina,Unknown,Insecta,0,0,0.24307132657142033,0.0,3,71.33333333333333,0.15654768049716944,16.666666666666668,True Negative
Riccia lamellosa,Lamellose Crystalwort,Plantae,0,0,0.2430218441910455,0.0,7,95.85714285714286,0.1462092655045645,20.714285714285715,True Negative
Dryobates pubescens,Downy Woodpecker,Aves,0,0,0.24281879256460168,0.0,2,5.0,0.169677659869194,22.0,True Negative
Fossombronia pusilla,Common Frillwort,Plantae,0,0,0.2425098590546819,0.0,6,106.83333333333333,0.14905707289775208,21.166666666666668,True Negative
Bruchini,Unknown,Insecta,0,0,0.24243176568173108,0.0,3,68.66666666666667,0.1505774309237798,21.666666666666668,True Negative
Cirsium occidentale californicum,California thistle,Plantae,0,0,0.24240049743177194,0.0,3,2.6666666666666665,0.16929702957471204,22.666666666666668,True Negative
Ramalina subleptocarpha,Slit-rimmed ramalina,Fungi,0,0,0.24199293501751165,0.0,3,4.333333333333333,0.17797556519508362,24.666666666666668,True Negative
Acariformes,Unknown,Arachnida,0,0,0.241922565272374,0.0,2,38.5,0.1714731901884079,24.5,True Negative
Tremella mesenterica,witch's butter,Fungi,0,0,0.24171947224244733,0.0,3,30.0,0.2349673708279927,22.666666666666668,True Negative
Stemonitidaceae,Unknown,Protozoa,0,0,0.24160687888996818,0.0,4,36.75,0.19371918588876721,22.0,True Negative
Mephitis mephitis holzneri,Southern California Striped Skunk,Mammalia,0,0,0.24153985505848785,0.0,1,0.0,0.1552100330591201,20.0,True Negative
Orsillinae,Unknown,Insecta,0,0,0.24136556941802453,0.0,2,30.5,0.1823206096887588,23.5,True Negative
Calliopsis pugionis,Unknown,Insecta,0,0,0.24128199227044922,0.0,2,32.5,0.17517257481813425,14.5,True Negative
Resupinatus,Unknown,Fungi,0,0,0.24118929687916538,0.0,3,55.666666666666664,0.20417406161626175,22.333333333333332,True Negative
Cryptoporus volvatus,Veiled Polypore,Fungi,0,0,0.24101425044107017,0.0,4,87.0,0.16684181988239286,20.75,True Negative
Trichoderma viride,Unknown,Fungi,0,0,0.24100503525900963,0.0,4,36.0,0.21329009905457494,21.5,True Negative
Trupanea bisetosa,Unknown,Insecta,0,0,0.24094733735858104,0.0,1,2.0,0.1580279320478439,25.0,True Negative
Quietula y-cauda,Shadow Goby,Actinopterygii,0,0,0.24085489380269814,0.0,3,0.0,0.17106831570466352,22.333333333333332,True Negative
Silene antirrhina,sleepy catchfly,Plantae,0,0,0.24083333044032149,0.0,3,47.333333333333336,0.17414041360219315,27.666666666666668,True Negative
Aceria baccharipha,Baccharis Leaf Blister Mite,Arachnida,0,0,0.24082954076896215,0.0,1,2.0,0.1688153892755508,25.0,True Negative
Delphininae,Long-nosed Dolphins,Mammalia,0,0,0.24082465589140592,0.0,1,22.0,0.1090086102485656,26.0,True Negative
Lepidospartum squamatum,California Broomsage,Plantae,0,0,0.24058630968776165,0.0,2,77.5,0.17542733252048492,25.0,True Negative
Prunus ilicifolia lyonii,Catalina Cherry,Plantae,0,0,0.2405769480796281,0.0,8,103.125,0.13321745954453945,22.625,True Negative
Juncus xiphioides,irisleaf rush,Plantae,0,0,0.24055455507203688,0.0,3,28.0,0.2020154645045598,21.333333333333332,True Negative
Idiostatus aequalis,Uniform shieldback,Insecta,0,0,0.24053411649476933,0.0,2,28.5,0.10052344948053354,0.0,True Negative
Nyctaginaceae,four o'clock family,Plantae,0,0,0.24040113016728082,0.0,3,52.666666666666664,0.18260160585244492,27.333333333333332,True Negative
Trox gemmulatus,Unknown,Insecta,0,0,0.23996854263937717,0.0,3,2.6666666666666665,0.16188733776410416,24.0,True Negative
Leucopis,Unknown,Insecta,0,0,0.23960395992687267,0.0,3,65.33333333333333,0.19078365961710606,21.0,True Negative
Sonchus asper asper,prickly sow thistle,Plantae,0,0,0.23955960913668936,0.0,2,9.0,0.120195135474205,23.0,True Negative
Aphoebantus,Unknown,Insecta,0,0,0.23954785435647166,0.0,3,63.666666666666664,0.14716617266337073,17.0,True Negative
Sagina apetala,Annual Pearlwort,Plantae,0,0,0.2394647704203352,0.0,3,71.33333333333333,0.16439494738976154,23.0,True Negative
Hoplia,Unknown,Insecta,0,0,0.23936334096316111,0.0,1,21.0,0.2034425288438797,25.0,True Negative
Enallagma,Bluets,Insecta,0,0,0.23920773311907997,0.0,1,2.0,0.1388985961675644,26.0,True Negative
Helicoverpa zea,Corn Earworm Moth,Insecta,0,0,0.23920773311907997,0.0,1,2.0,0.1388985961675644,26.0,True Negative
Stemonitis splendens,chocolate tube slime,Protozoa,0,0,0.23913180854352903,0.0,2,35.0,0.14582562819123265,24.5,True Negative
Cyperaceae,Sedges,Plantae,0,0,0.23891440437743877,0.0,2,37.0,0.14820985496044156,24.0,True Negative
Salvia clevelandii,Cleveland Sage,Plantae,0,0,0.23842909214866775,0.0,72,112.70833333333333,0.12442644726898933,21.0,True Negative
Cupressoideae,"Cypresses, Cedars, Junipers, and Allies",Plantae,0,0,0.23814316270363994,0.0,3,78.66666666666667,0.11718424906333284,21.666666666666668,True Negative
Trifolium willdenovii,tomcat clover,Plantae,0,0,0.23779429593449744,0.0,2,8.5,0.1732726991176605,24.5,True Negative
Mycocaliciales,Unknown,Fungi,0,0,0.2377819335958777,0.0,4,22.75,0.18550533056259155,21.0,True Negative
Erigeron glaucus,seaside daisy,Plantae,0,0,0.2377794593704661,0.0,3,73.0,0.17419882118701926,29.0,True Negative
Cercocarpus,mountain mahoganies,Plantae,0,0,0.23761573064837777,0.0,10,104.4,0.15130374431610105,22.8,True Negative
Dasytinae,Unknown,Insecta,0,0,0.23731753378673545,0.0,3,53.666666666666664,0.1529382765293121,27.333333333333332,True Negative
Tortula bolanderi,Unknown,Plantae,0,0,0.23713050070909342,0.0,4,26.25,0.2149841710925102,21.5,True Negative
Stachys,Hedgenettles,Plantae,0,0,0.2369083468293768,0.0,1,0.0,0.1442109793424606,24.0,True Negative
Raphanus,Radishes,Plantae,0,0,0.23661482448723045,0.0,2,6.0,0.2380197867751121,26.5,True Negative
Erythraeidae,Unknown,Arachnida,0,0,0.23646997292201707,0.0,3,49.0,0.1383957962195078,27.333333333333332,True Negative
Sicyoeae,Unknown,Plantae,0,0,0.2364533480274875,0.0,1,23.0,0.1327499747276306,24.0,True Negative
Centropyxidae,Unknown,Protozoa,0,0,0.23641592274849216,0.0,1,0.0,0.1859478503465652,22.0,True Negative
Tebenna gnaphaliella,Everlasting Tebenna Moth,Insecta,0,0,0.23632968703947857,0.0,3,51.666666666666664,0.17364057401816044,23.333333333333332,True Negative
Achillea millefolium,common yarrow,Plantae,0,0,0.2363081977378294,0.0,2,25.5,0.16270985454320905,28.5,True Negative
Cymbellaceae,Unknown,Chromista,0,0,0.23630575414536145,0.0,3,1.3333333333333333,0.1412176539500554,23.333333333333332,True Negative
Nicotiana clevelandii,Cleveland's tobacco,Plantae,0,0,0.2362908405225281,0.0,2,46.5,0.14659845829010004,22.0,True Negative
Aegialia,Unknown,Insecta,0,0,0.23567361838643056,0.0,2,30.5,0.15309700369834894,25.0,True Negative
Miscophini,Unknown,Insecta,0,0,0.23555391989094682,0.0,3,70.0,0.1731607963641484,26.0,True Negative
Salix exigua,Narrowleaf Willow,Plantae,0,0,0.23545524481992583,0.0,2,9.5,0.1696795523166656,22.5,True Negative
Piciformes,Woodpeckers and Allies,Aves,0,0,0.23508957275399897,0.0,1,77.0,0.1741462051868438,29.0,True Negative
Camissoniopsis pallida,pale yellow suncup,Plantae,0,0,0.23502465174343906,0.0,3,76.66666666666667,0.14152999718983963,27.0,True Negative
Gazania linearis,Wedding Treasureflower,Plantae,0,0,0.23498474433923497,0.0,2,11.0,0.1890904903411865,24.5,True Negative
Falco sparverius sparverius,Northern American Kestrel,Aves,0,0,0.234734606817327,0.0,1,11.0,0.1615631729364395,22.0,True Negative
Quercus berberidifolia × engelmannii,Unknown,Plantae,0,0,0.23470898854783967,0.0,4,114.25,0.1384380459785461,20.0,True Negative
Ageniella,Unknown,Insecta,0,0,0.23452302429831146,0.0,2,66.0,0.1595869660377502,14.5,True Negative
Frullania,Scaleworts,Plantae,0,0,0.23428762377641807,0.0,3,38.0,0.2117190261681874,21.0,True Negative
Aphyllon parishii brachylobum,short-lobed broomrape,Plantae,0,0,0.23419510259634943,0.0,1,16.0,0.1360729187726974,24.0,True Negative
Candelariaceae,Unknown,Fungi,0,0,0.2340806942986059,0.0,5,96.4,0.15977739989757533,21.6,True Negative
Papaver heterophyllum,wind poppy,Plantae,0,0,0.23407226818676363,0.0,3,8.666666666666666,0.24177910884221396,28.0,True Negative
Habronattus pyrrithrix,Unknown,Arachnida,0,0,0.23401949802314453,0.0,1,2.0,0.1422267854213714,24.0,True Negative
Aphilanthops,Unknown,Insecta,0,0,0.23334519097645307,0.0,2,48.0,0.1217717677354812,14.5,True Negative
Stachys rigida quercetorum,Unknown,Plantae,0,0,0.2330478415903244,0.0,2,0.0,0.15091771632432935,24.0,True Negative
Anas crecca,Green-winged Teal,Aves,0,0,0.23299533886920065,0.0,2,8.0,0.17608642578124994,22.0,True Negative
Gazania,Treasure Flowers,Plantae,0,0,0.23282109913370203,0.0,2,77.0,0.1659716367721557,23.0,True Negative
Baccharis sergiloides,desert baccharis,Plantae,0,0,0.23273770825459536,0.0,3,97.0,0.1500607033570607,22.333333333333332,True Negative
Araneus detrimentosus,Unknown,Arachnida,0,0,0.2326461872878093,0.0,4,104.0,0.15537650138139722,23.0,True Negative
Bdelloidea,Bdelloid Mites,Arachnida,0,0,0.23257547211323165,0.0,2,49.0,0.16284617036581034,23.5,True Negative
Spatula cyanoptera,Cinnamon Teal,Aves,0,0,0.23254841301009535,0.0,1,4.0,0.1783111840486526,22.0,True Negative
Ichneumonoidea,Ichneumonid and Braconid Wasps,Insecta,0,0,0.23247259064699827,0.0,3,64.66666666666667,0.17107321818669632,26.666666666666668,True Negative
Cyclosa,Trashline Orbweavers,Arachnida,0,0,0.2324284774342443,0.0,2,77.5,0.13967651128768915,26.0,True Negative
Salticidae,Jumping Spiders,Arachnida,0,0,0.23237763315175727,0.0,1,0.0,0.2373193204402923,25.0,True Negative
Molothrus ater,Brown-headed Cowbird,Aves,0,0,0.2322057125647538,0.0,1,10.0,0.1497414112091064,22.0,True Negative
Nemophila menziesii,Menzies' baby blue eyes,Plantae,0,0,0.23185815189806278,0.0,1,1.0,0.2575517296791076,22.0,True Negative
Euphorbia lathyris,caper spurge,Plantae,0,0,0.23178757427135566,0.0,3,15.0,0.22305970390637717,21.333333333333332,True Negative
Hysterium,Unknown,Fungi,0,0,0.2316607985990577,0.0,5,59.2,0.19360838234424588,20.8,True Negative
Lasthenia glabrata,Yellowray Goldfields,Plantae,0,0,0.23137798172622315,0.0,1,2.0,0.1422267854213714,24.0,True Negative
Crotalus ruber,Red Diamond Rattlesnake,Reptilia,0,0,0.23102645933358204,0.0,2,16.0,0.20827316492795944,24.5,True Negative
Washingtonia robusta,Mexican Fan Palm,Plantae,0,0,0.2308504406858303,0.0,2,7.0,0.20522949099540705,22.0,True Negative
Tyto furcata,American Barn Owl,Aves,0,0,0.2306001611574766,0.0,1,15.0,0.1285638064146042,22.0,True Negative
Melanagromyza,Unknown,Insecta,0,0,0.23053998582488006,0.0,3,47.333333333333336,0.17867246766885114,20.666666666666668,True Negative
Siphonaptera,Fleas,Insecta,0,0,0.23046094533037537,0.0,2,0.0,0.15900520980358118,24.0,True Negative
Thelomma mammosum,Rock Nipple Lichen,Fungi,0,0,0.22984368507767422,0.0,7,103.0,0.15677613871438156,21.428571428571427,True Negative
Megachiloides,Unknown,Insecta,0,0,0.22971510684165083,0.0,2,28.0,0.14083650708198545,10.0,True Negative
Rhizopogon occidentalis,Unknown,Fungi,0,0,0.22960288774820423,0.0,3,71.66666666666667,0.16647947827974952,23.333333333333332,True Negative
Dielis,Unknown,Insecta,0,0,0.22954467846046953,0.0,2,8.0,0.19113863259553904,24.5,True Negative
Hennediella stanfordensis,Stanford Screw-moss,Plantae,0,0,0.22949691373148914,0.0,3,33.333333333333336,0.1903092414140701,22.666666666666668,True Negative
Epipterygium biauritum,Unknown,Plantae,0,0,0.22935765206991532,0.0,5,54.8,0.20245199501514435,20.0,True Negative
Aphyllon tuberosum,Chaparral Broomrape,Plantae,0,0,0.22899707408132292,0.0,5,116.0,0.11193950772285458,20.6,True Negative
Sceloporinae,Sceloporine Lizards,Reptilia,0,0,0.22895124722880206,0.0,1,29.0,0.1203004717826843,0.0,True Negative
Asterales,"Sunflowers, Bellflowers, Fanflowers, and Allies",Plantae,0,0,0.22894514744835628,0.0,2,43.5,0.14285809546709055,26.0,True Negative
Leporidae,Hares and Rabbits,Mammalia,0,0,0.22877110908165132,0.0,1,12.0,0.1577917784452438,21.0,True Negative
Peucetia longipalpis,Lesser Green Lynx Spider,Arachnida,0,0,0.2286463140694455,0.0,2,31.0,0.1702451929450035,22.0,True Negative
Erysimum capitatum capitatum,Unknown,Plantae,0,0,0.2286063855445402,0.0,2,54.5,0.16958113014698023,21.0,True Negative
Erigeron divergens,spreading fleabane,Plantae,0,0,0.22857813750699288,0.0,2,76.5,0.16326859593391413,28.0,True Negative
Blatta orientalis,Oriental Cockroach,Insecta,0,0,0.22850782125455907,0.0,1,5.0,0.0995944589376449,0.0,True Negative
Periplaneta lateralis,Turkestan Cockroach,Insecta,0,0,0.22850782125455907,0.0,1,5.0,0.0995944589376449,0.0,True Negative
Anacolia menziesii baueri,Bauer's anacolia moss,Plantae,0,0,0.22836814107959924,0.0,2,73.0,0.15982536226510996,22.5,True Negative
Agaricineae,Unknown,Fungi,0,0,0.22808219437467828,0.0,2,16.0,0.13919354975223536,23.0,True Negative
Ceroplastes,Wax Scales,Insecta,0,0,0.22801759877386737,0.0,3,64.33333333333333,0.1718801110982894,22.0,True Negative
Litaneutria pacifica,Pacific Ground Mantis,Insecta,0,0,0.22782596138324493,0.0,3,86.33333333333333,0.12727521111567813,23.333333333333332,True Negative
Pseudomonas syringae,Unknown,Unknown,0,0,0.22759027277713045,0.0,1,3.0,0.2523244321346283,23.0,True Negative
Pentatomidae,Stink Bugs,Insecta,0,0,0.22753764291065717,0.0,2,44.0,0.1536706238985061,24.5,True Negative
Acarosporaceae,cobblestone lichen family,Fungi,0,0,0.22747610779883184,0.0,3,65.66666666666667,0.13156944016615546,26.0,True Negative
Haematococcus,Unknown,Plantae,0,0,0.22729336536044945,0.0,1,3.0,0.1023795679211616,23.0,True Negative
Asparagus aethiopicus,African Asparagus,Plantae,0,0,0.22717313748153836,0.0,1,2.0,0.107966125011444,23.0,True Negative
Beta vulgaris maritima,sea beet,Plantae,0,0,0.22717313748153836,0.0,1,2.0,0.107966125011444,23.0,True Negative
Lecidella asema,Unknown,Fungi,0,0,0.22684418685590713,0.0,4,36.0,0.19244554638862604,22.25,True Negative
Paracotalpa ursina,Little Bear,Insecta,0,0,0.2263368819203494,0.0,3,85.66666666666667,0.1580825547377268,21.333333333333332,True Negative
Weissia,Unknown,Plantae,0,0,0.22602282669546497,0.0,3,72.33333333333333,0.1542573322852452,24.666666666666668,True Negative
Euphorbia,Spurges,Plantae,0,0,0.22596520233349263,0.0,2,58.5,0.15777388215065,22.5,True Negative
Caloplaca subpyraceella,Unknown,Fungi,0,0,0.225795692549533,0.0,18,96.33333333333333,0.13627299625012604,21.22222222222222,True Negative
Xylodon paradoxus,split porecrust,Fungi,0,0,0.22556842073232877,0.0,3,50.666666666666664,0.15940205256144202,22.333333333333332,True Negative
Geranium carolinianum,Carolina crane's-bill,Plantae,0,0,0.22547040977069524,0.0,2,0.5,0.184916116297245,23.0,True Negative
Panurginae,Unknown,Insecta,0,0,0.2254441631638278,0.0,2,36.5,0.14035398513078684,23.0,True Negative
Oenothera elata hirsutissima,hairy evening primrose,Plantae,0,0,0.2253522888032174,0.0,1,1.0,0.255199521780014,23.0,True Negative
Lactuca saligna,Willowleaf Lettuce,Plantae,0,0,0.22533282864441143,0.0,2,36.5,0.13134856522083277,26.5,True Negative
Corethrogyne filaginifolia filaginifolia,common sand-aster,Plantae,0,0,0.22530158151475577,0.0,2,71.5,0.142932154238224,26.0,True Negative
Stipa,Needle Grasses,Plantae,0,0,0.225156846407233,0.0,2,31.5,0.1675443053245544,23.0,True Negative
Argia,Dancers,Insecta,0,0,0.22490859508806607,0.0,2,2.5,0.23203250765800476,23.5,True Negative
Troglodytidae,Wrens,Aves,0,0,0.22458405999205852,0.0,1,70.0,0.1424522697925567,28.0,True Negative
Thysanoptera,Thrips,Insecta,0,0,0.22442018490463161,0.0,2,33.0,0.13442675396800036,23.0,True Negative
Syrphinae,Typical Hover Flies,Insecta,0,0,0.2240637818136079,0.0,2,56.0,0.15905887633562085,24.5,True Negative
Bryum lanatum,Silvergreen Bryum Moss,Plantae,0,0,0.22405626967793832,0.0,2,68.5,0.17847581207752225,24.0,True Negative
Procellariidae,Shearwaters and Petrels,Aves,0,0,0.2238949921996724,0.0,1,76.0,0.148043543100357,24.0,True Negative
Ctenogobius sagittula,Longtail Goby,Actinopterygii,0,0,0.2237019571370775,0.0,1,0.0,0.1588155478239059,20.0,True Negative
Pleuronichthys guttulatus,Diamond Turbot,Actinopterygii,0,0,0.2237019571370775,0.0,1,0.0,0.1588155478239059,20.0,True Negative
Epithemia,Unknown,Chromista,0,0,0.22354055987777122,0.0,1,0.0,0.1859478503465652,22.0,True Negative
Aythya,"Scaups, Pochards, and Allies",Aves,0,0,0.22349150134527832,0.0,1,4.0,0.1106416657567024,20.0,True Negative
Limonium sinuatum,Blue statice,Plantae,0,0,0.2232838970302693,0.0,1,1.0,0.1675031185150146,25.0,True Negative
Paspalum distichum,knot grass,Plantae,0,0,0.2230049692473085,0.0,2,1.0,0.2307318747043609,22.0,True Negative
Thelypodieae,Unknown,Plantae,0,0,0.22286906100465653,0.0,2,57.5,0.1528185680508613,27.5,True Negative
Archilochus alexandri,Black-chinned Hummingbird,Aves,0,0,0.2228461749375513,0.0,1,66.0,0.1919686645269394,29.0,True Negative
Anastoechus,Unknown,Insecta,0,0,0.2227848693532313,0.0,3,60.666666666666664,0.176110232869784,24.0,True Negative
Puccinia malvacearum,Hollyhock Rust,Fungi,0,0,0.22273273935764043,0.0,2,15.0,0.2187153995037078,25.0,True Negative
Juncus phaeocephalus paniculatus,panicled rush,Plantae,0,0,0.22267398097694335,0.0,2,6.0,0.21937995404005045,21.0,True Negative
Elater,Unknown,Insecta,0,0,0.22262738571307442,0.0,1,2.0,0.1957262009382248,25.0,True Negative
Myosurus minimus,Tiny Mousetail,Plantae,0,0,0.2226119875231385,0.0,3,0.0,0.16005709270636237,24.0,True Negative
Bacillariaceae,Unknown,Chromista,0,0,0.22231937832587395,0.0,1,0.0,0.1729258000850677,24.0,True Negative
Colepidae,Unknown,Chromista,0,0,0.22231937832587395,0.0,1,0.0,0.1729258000850677,24.0,True Negative
Cryptomonas,Unknown,Chromista,0,0,0.22231937832587395,0.0,1,0.0,0.1729258000850677,24.0,True Negative
Cyclorrhapha,Cyclorrhaphan Flies,Insecta,0,0,0.2223074881785908,0.0,3,10.333333333333334,0.21798491974671674,24.0,True Negative
Cladonia firma,Firm Cup Lichen,Fungi,0,0,0.22225181085460127,0.0,1,33.0,0.1903782337903976,25.0,True Negative
Lecanora orosthea,Unknown,Fungi,0,0,0.22225181085460127,0.0,1,33.0,0.1903782337903976,25.0,True Negative
Xanthomendoza fallax,Hooded Sunburst Lichen,Fungi,0,0,0.22225181085460127,0.0,1,33.0,0.1903782337903976,25.0,True Negative
Solanoideae,nightshades and allies,Plantae,0,0,0.22214526069374613,0.0,2,81.0,0.14000462740659708,23.0,True Negative
Orthotrichum pumilum,Unknown,Plantae,0,0,0.22186705910016558,0.0,2,36.5,0.1773797795176506,22.0,True Negative
Ptychostomum capillare,Capillary Thread-moss,Plantae,0,0,0.2216400682600704,0.0,3,49.333333333333336,0.1803033252557118,21.666666666666668,True Negative
Metacyrba taeniola,Ribbon Jumping Spider,Arachnida,0,0,0.22162927904669605,0.0,2,48.5,0.17253587394952768,23.0,True Negative
Zonotrichia leucophrys gambelii,Gambel's White-crowned Sparrow,Aves,0,0,0.22138502882354377,0.0,1,69.0,0.1286544799804687,28.0,True Negative
Neoscona oaxacensis,Western Spotted Orbweaver,Arachnida,0,0,0.2213236361237192,0.0,1,6.0,0.151728868484497,23.0,True Negative
Paracosmus,Unknown,Insecta,0,0,0.221060521817332,0.0,5,68.8,0.15647993385791775,27.2,True Negative
Reticularia,Unknown,Protozoa,0,0,0.22069368421696425,0.0,2,69.0,0.13347809016704554,25.5,True Negative
Fomitiporia polymorpha,Unknown,Fungi,0,0,0.22036839467092312,0.0,3,40.666666666666664,0.16612307230631507,23.333333333333332,True Negative
Logfia arizonica,Arizona cottonrose,Plantae,0,0,0.22014914439354916,0.0,3,3.0,0.16761861741542813,27.333333333333332,True Negative
Euthamia occidentalis,western goldenrod,Plantae,0,0,0.22012408607858258,0.0,2,29.0,0.2091037333011627,22.0,True Negative
Texosporium sancti-jacobi,Woven-spored microlichen,Fungi,0,0,0.22004916623810056,0.0,19,104.73684210526316,0.12904783612803405,20.42105263157895,True Negative
Montagnea,Unknown,Fungi,0,0,0.22004905271172456,0.0,2,7.5,0.18834868073463434,26.5,True Negative
Colaptes auratus luteus,Northern Yellow-shafted Flicker,Aves,0,0,0.21996570826703818,0.0,1,13.0,0.154757559299469,20.0,True Negative
Calvatia booniana,Western Giant Puffball,Fungi,0,0,0.2198395088564457,0.0,4,103.5,0.14969729632139203,21.25,True Negative
Phytolacca icosandra,Tropical Pokeweed,Plantae,0,0,0.21931480415904994,0.0,2,17.5,0.1524371653795242,22.0,True Negative
Kalanchoe marmorata,Penwiper,Plantae,0,0,0.21904395836011764,0.0,1,15.0,0.1555290669202804,24.0,True Negative
Cucurbita,gourds,Plantae,0,0,0.218927822827314,0.0,2,7.5,0.1759831309318542,21.5,True Negative
Phaeophyscia sciastra,Dark Shadow Lichen,Fungi,0,0,0.2188649235117157,0.0,1,29.0,0.2154636681079864,25.0,True Negative
Amoebozoa,Amoebae,Protozoa,0,0,0.2186772188078699,0.0,2,3.5,0.16436483711004257,22.0,True Negative
Ulmus parvifolia,Chinese elm,Plantae,0,0,0.21859371719614426,0.0,1,4.0,0.2355747818946838,22.0,True Negative
Solenopsis molesta,Molesta-group Thief Ants,Insecta,0,0,0.21840457388964804,0.0,1,1.0,0.1675031185150146,25.0,True Negative
Claytonia perfoliata perfoliata,Unknown,Plantae,0,0,0.21809416880841512,0.0,2,72.5,0.1789140775799751,23.5,True Negative
Petalomonadida,Unknown,Protozoa,0,0,0.2179890701675273,0.0,1,0.0,0.109486386179924,26.0,True Negative
Zosteropoda,Unknown,Insecta,0,0,0.21797060298336352,0.0,1,2.0,0.1519919484853744,24.0,True Negative
Lecanora impudens,Unknown,Fungi,0,0,0.2178063810117612,0.0,1,0.0,0.1750054955482483,24.0,True Negative
Sperguleae,Spurrey tribe,Plantae,0,0,0.21778661869489763,0.0,2,3.5,0.20014195889234535,25.0,True Negative
Verbascum thapsus,great mullein,Plantae,0,0,0.21774514413163473,0.0,1,7.0,0.2679982483386993,22.0,True Negative
Macrosiphum,Unknown,Insecta,0,0,0.2174173654345557,0.0,2,49.0,0.1753823235630989,24.0,True Negative
Bloomeria crocea crocea,Unknown,Plantae,0,0,0.2173803567326303,0.0,2,39.0,0.17016661912202835,23.5,True Negative
Arctostaphylos,bearberries and manzanitas,Plantae,0,0,0.21729278217915085,0.0,11,92.63636363636364,0.15075702491131693,20.454545454545453,True Negative
Dinacoma marginata,Unknown,Insecta,0,0,0.21725116822595908,0.0,2,59.0,0.15595538169145579,22.0,True Negative
Corvidae,"Crows, Jays, and Magpies",Aves,0,0,0.21714860940617656,0.0,1,80.0,0.1777916997671127,28.0,True Negative
Blitum,Unknown,Plantae,0,0,0.21709286006552114,0.0,1,46.0,0.1459258198738098,22.0,True Negative
Echinocystis lobata,prickly cucumber,Plantae,0,0,0.21709286006552114,0.0,1,46.0,0.1459258198738098,22.0,True Negative
Marah fabacea,California manroot,Plantae,0,0,0.21709286006552114,0.0,1,46.0,0.1459258198738098,22.0,True Negative
Rhus aromatica,fragrant sumac,Plantae,0,0,0.21696823925739758,0.0,2,24.5,0.18304910510778424,24.0,True Negative
Pectocarya linearis,sagebrush combseed,Plantae,0,0,0.21692193439215743,0.0,2,9.5,0.1735918223857879,21.5,True Negative
Hyphodermella rosae,Rose Webcrust,Fungi,0,0,0.21675430373312607,0.0,1,4.0,0.1479264050722122,23.0,True Negative
Henningsomyces candidus,white tubelet,Fungi,0,0,0.21670347259942435,0.0,3,30.666666666666668,0.1717608322699864,22.333333333333332,True Negative
Sporobolus,"dropseeds, cordgrasses, and sandreeds",Plantae,0,0,0.21654582898691369,0.0,1,0.0,0.1159286946058273,20.0,True Negative
Sphenophorus aequalis,Clay-colored Billbug,Insecta,0,0,0.2163808724406265,0.0,1,2.0,0.2691310048103332,22.0,True Negative
Steniolia longirostra,Unknown,Insecta,0,0,0.2163748001315488,0.0,2,47.0,0.13855836540460584,11.0,True Negative
Tremella,Unknown,Fungi,0,0,0.21569052239005415,0.0,3,76.33333333333333,0.16367200016975395,22.333333333333332,True Negative
Myxarium nucleatum,Crystal Brain Fungus,Fungi,0,0,0.21566036796161905,0.0,4,50.0,0.20738288015127176,21.5,True Negative
Columbidae,Pigeons and Doves,Aves,0,0,0.2154994071759062,0.0,1,78.0,0.1964431405067443,21.0,True Negative
Pluchea odorata odorata,sweetscent,Plantae,0,0,0.21528891216054816,0.0,2,8.5,0.2235365360975265,24.5,True Negative
Polyommatini,Typical Blues,Insecta,0,0,0.21526837107753788,0.0,3,48.333333333333336,0.20165891945362088,24.666666666666668,True Negative
Omorgus suberosus,Hide beetle,Insecta,0,0,0.2151080734636273,0.0,1,2.0,0.1696696579456329,24.0,True Negative
Setophaga occidentalis,Hermit Warbler,Aves,0,0,0.21506797420776802,0.0,3,43.0,0.20634515583515164,23.0,True Negative
Psora pacifica,Unknown,Fungi,0,0,0.2149625575507556,0.0,5,108.8,0.14615005105733866,21.6,True Negative
Eleocharis macrostachya,Pale Spikerush,Plantae,0,0,0.21477352995470003,0.0,1,7.0,0.1575486212968826,29.0,True Negative
Trifolium depauperatum truncatum,purple sack clover,Plantae,0,0,0.21477352995470003,0.0,1,7.0,0.1575486212968826,29.0,True Negative
Sceloporus,Spiny Lizards,Reptilia,0,0,0.2147603224690892,0.0,2,81.5,0.1501166820526123,22.5,True Negative
Tomostima cuneifolia,wedgeleaf draba,Plantae,0,0,0.21475782011501324,0.0,3,46.666666666666664,0.1932955036560694,27.333333333333332,True Negative
Eucerceris provancheri,Unknown,Insecta,0,0,0.21456801125331457,0.0,2,53.5,0.1422551125288009,24.5,True Negative
Agdistis americana,Sea-heath Plume Moth,Insecta,0,0,0.21452747106641393,0.0,2,3.0,0.15841210633516306,22.5,True Negative
Scleropodium,Unknown,Plantae,0,0,0.21437785146530552,0.0,3,70.0,0.18358928958574927,21.333333333333332,True Negative
Zoropsidae,False Wolf Spiders,Arachnida,0,0,0.21421509637785546,0.0,3,74.0,0.17472665508588156,25.666666666666668,True Negative
Collops,Unknown,Insecta,0,0,0.21411353854849413,0.0,2,45.5,0.1756015047430992,24.5,True Negative
Acarospora obpallens,Acorn Cups,Fungi,0,0,0.21355156670676692,0.0,10,98.5,0.1580968782305717,22.4,True Negative
Peromyscus californicus,California Mouse,Mammalia,0,0,0.21341533342330904,0.0,1,72.0,0.1825713962316513,24.0,True Negative
Gillichthys mirabilis,Longjaw Mudsucker,Actinopterygii,0,0,0.21327218499499223,0.0,3,1.0,0.23615872859954834,27.0,True Negative
Nematocera,Nematoceran Flies,Insecta,0,0,0.21283333822735528,0.0,3,51.333333333333336,0.18341104189554844,21.666666666666668,True Negative
Cycloptilum distinctum,Distinctive scaly cricket,Insecta,0,0,0.21255833093335294,0.0,3,52.0,0.16045157611370078,26.666666666666668,True Negative
Passerella iliaca,Fox Sparrow,Aves,0,0,0.21241968769035963,0.0,1,76.0,0.1412952840328216,21.0,True Negative
Tetraleurodes perileuca,Stanford's Whitefly,Insecta,0,0,0.21221727116788733,0.0,3,59.666666666666664,0.1880658914645513,21.666666666666668,True Negative
Hazardia squarrosa squarrosa,Unknown,Plantae,0,0,0.21219565872477725,0.0,2,71.5,0.1797523349523544,21.5,True Negative
Murinae,Murines,Mammalia,0,0,0.2120903487467332,0.0,1,8.0,0.1777959316968917,23.0,True Negative
Keckiella antirrhinoides,chaparral beardtongue,Plantae,0,0,0.21187122175228357,0.0,3,104.0,0.1552087217569351,23.0,True Negative
Diandrena,Unknown,Insecta,0,0,0.21162170394253357,0.0,2,16.5,0.1599317044019699,22.0,True Negative
Pompilini,Unknown,Insecta,0,0,0.21159195709989176,0.0,2,58.0,0.17537640035152435,14.5,True Negative
Clarkia epilobioides,canyon clarkia,Plantae,0,0,0.21137516376961552,0.0,2,17.5,0.18697569519281385,20.0,True Negative
Bolboschoenus maritimus paludosus,saltmarsh bulrush,Plantae,0,0,0.21137267127928064,0.0,2,7.5,0.21597359329462046,21.0,True Negative
Trox,Unknown,Insecta,0,0,0.21136786295921442,0.0,2,2.0,0.18550430983304977,23.5,True Negative
Exoprosopa doris,Unknown,Insecta,0,0,0.2113658246492912,0.0,2,78.0,0.13514196127653122,12.5,True Negative
Juncus ranarius,clustered toad rush,Plantae,0,0,0.21121662740698055,0.0,2,54.5,0.1219899989664554,23.5,True Negative
Stellaria media,common chickweed,Plantae,0,0,0.211091031142691,0.0,2,74.5,0.15140034258365626,28.5,True Negative
Cuscuta pacifica pacifica,Unknown,Plantae,0,0,0.21097977660619965,0.0,3,3.3333333333333335,0.19090823332468662,25.666666666666668,True Negative
Cycloneda,Spotless Lady Beetles,Insecta,0,0,0.2109733272435453,0.0,2,51.5,0.14530394971370694,14.0,True Negative
Symphyta,"Sawflies, Horntails, and Wood Wasps",Insecta,0,0,0.21090618105928624,0.0,2,37.0,0.205140933394432,10.0,True Negative
Phacelia ramosissima austrolitoralis,South Coast Branching Phacelia,Plantae,0,0,0.2107714830936408,0.0,1,7.0,0.1450861543416977,23.0,True Negative
Lupinus formosus,Summer Lupine,Plantae,0,0,0.21068443275247217,0.0,2,9.0,0.1833700835704803,23.0,True Negative
Arcyria,Unknown,Protozoa,0,0,0.21066958591348417,0.0,4,79.25,0.19255390018224716,22.25,True Negative
Vexilliferidae,Unknown,Protozoa,0,0,0.21051404455494888,0.0,2,2.0,0.1610875949263572,22.0,True Negative
Eleocharis,spikerushes,Plantae,0,0,0.21042844296074525,0.0,1,2.0,0.1512284725904464,24.0,True Negative
Plantaginaceae,Plantain Family,Plantae,0,0,0.21036002818155541,0.0,2,61.5,0.1939649432897567,22.0,True Negative
Delphinoidea,Oceanic Dolphins and Porpoises,Mammalia,0,0,0.21027159432178333,0.0,1,84.0,0.1467289328575134,25.0,True Negative
Cladophora,Unknown,Plantae,0,0,0.21011267207893375,0.0,1,23.0,0.1107674613595008,0.0,True Negative
Cerastipsocus,Unknown,Insecta,0,0,0.21006091487680076,0.0,3,33.666666666666664,0.21680279076099387,23.0,True Negative
Phacelia cicutaria,caterpillar scorpionweed,Plantae,0,0,0.2100597348237736,0.0,3,35.0,0.20733676354090366,21.0,True Negative
Sporobolus schoenoides,swamp pricklegrass,Plantae,0,0,0.20998984784213306,0.0,3,3.3333333333333335,0.20157613356908155,21.333333333333332,True Negative
Malva nicaeensis,bull mallow,Plantae,0,0,0.20989693919001312,0.0,2,16.0,0.1856968477368354,22.5,True Negative
Exoprosopini,Unknown,Insecta,0,0,0.20983051424816576,0.0,1,0.0,0.1100889593362808,26.0,True Negative
Amphispiza bilineata,Black-throated Sparrow,Aves,0,0,0.20970549045030723,0.0,1,72.0,0.1854265183210373,24.0,True Negative
Mutarda arvensis,charlock,Plantae,0,0,0.20970355706606522,0.0,2,8.0,0.22309932112693787,22.0,True Negative
Astragalus didymocarpus didymocarpus,dwarf white milkvetch,Plantae,0,0,0.2095069089541476,0.0,1,6.0,0.1474899351596832,29.0,True Negative
Lioptilodes albistriolatus,Mousy Plume Moth,Insecta,0,0,0.2091864020318751,0.0,3,58.666666666666664,0.1866491188605626,20.333333333333332,True Negative
Segestria pacifica,Unknown,Arachnida,0,0,0.20909634378895572,0.0,1,33.0,0.0992815643548965,28.0,True Negative
Corythucha,Unknown,Insecta,0,0,0.20897966388658934,0.0,3,74.33333333333333,0.1845565984646479,22.666666666666668,True Negative
Melosira inflexa,Unknown,Chromista,0,0,0.20896125924114883,0.0,2,0.0,0.1764126047492027,24.0,True Negative
Aethalodelphis obliquidens,Pacific White-sided Dolphin,Mammalia,0,0,0.2088808172792764,0.0,1,74.0,0.1709794104099273,24.0,True Negative
Riccia campbelliana,Campbell crystalwort,Plantae,0,0,0.2087499912049477,0.0,15,104.0,0.1382043863336245,21.466666666666665,True Negative
Bromus carinatus,California brome,Plantae,0,0,0.20865087051806988,0.0,2,41.0,0.19946157932281494,24.0,True Negative
Entomoneis,Unknown,Chromista,0,0,0.20853720340923385,0.0,3,1.3333333333333333,0.16468866169452664,22.666666666666668,True Negative
Frankenia,Sea Heaths,Plantae,0,0,0.2083573597747592,0.0,1,0.0,0.1384718120098114,26.0,True Negative
Ceanothus tomentosus,woollyleaf ceanothus,Plantae,0,0,0.20832066610505903,0.0,41,108.29268292682927,0.1366083536569665,20.463414634146343,True Negative
Grammica,Cuscuta subgen. Grammica,Plantae,0,0,0.20828314609561377,0.0,3,53.0,0.19689584771792093,28.0,True Negative
Icaricia acmon,Acmon Blue,Insecta,0,0,0.20824849780846394,0.0,2,58.0,0.15298552438616744,23.5,True Negative
Dichondra,ponysfoots,Plantae,0,0,0.20821704232788468,0.0,1,92.0,0.1228574514389038,25.0,True Negative
Caprifoliaceae,honeysuckle family,Plantae,0,0,0.20819165957616764,0.0,1,44.0,0.1513578742742538,22.0,True Negative
Malcolmia maritima,Virginia Stock,Plantae,0,0,0.20819165957616764,0.0,1,44.0,0.1513578742742538,22.0,True Negative
Phyllachora,Unknown,Fungi,0,0,0.20780917181149036,0.0,1,0.0,0.1415612995624542,26.0,True Negative
Orthotrichum,Bristle mosses,Plantae,0,0,0.20773393630838896,0.0,2,45.0,0.19849798828363413,23.5,True Negative
Chorizanthe,spineflowers,Plantae,0,0,0.2074274587306932,0.0,16,105.6875,0.13950850022956726,21.6875,True Negative
Urtica gracilis,slender stinging nettle,Plantae,0,0,0.20742302845333765,0.0,2,11.5,0.2035887762904167,22.5,True Negative
Catalpa,Catalpas,Plantae,0,0,0.20738936495163873,0.0,2,8.5,0.19171343743801114,21.0,True Negative
Hololepta,Unknown,Insecta,0,0,0.2064798504548917,0.0,1,23.0,0.1327499747276306,24.0,True Negative
Protandrena,Unknown,Insecta,0,0,0.2064798504548917,0.0,1,23.0,0.1327499747276306,24.0,True Negative
Friscanus,Unknown,Insecta,0,0,0.20645670584275402,0.0,1,16.0,0.1360729187726974,24.0,True Negative
Californicae,Cuscuta sect. Californicae,Plantae,0,0,0.2060432291224246,0.0,2,36.5,0.1775970458984375,22.0,True Negative
Bromus hordeaceus,common soft brome,Plantae,0,0,0.2059913427814407,0.0,2,6.0,0.17784427851438517,29.0,True Negative
Ceratonia siliqua,carob tree,Plantae,0,0,0.2057321687720427,0.0,1,40.0,0.1824185848236084,24.0,True Negative
Anura,Frogs and Toads,Amphibia,0,0,0.2055942343353776,0.0,2,45.0,0.18265984207391733,22.5,True Negative
Odontoloxozus,Unknown,Insecta,0,0,0.2053277808466765,0.0,1,10.0,0.1031567454338073,0.0,True Negative
Melanoplus devastator,Devastating Grasshopper,Insecta,0,0,0.20528737588905302,0.0,3,5.0,0.19011440376440678,28.666666666666668,True Negative
Festuca bromoides,brome fescue,Plantae,0,0,0.20489849240925714,0.0,2,70.0,0.13830330967903132,28.5,True Negative
Crossidius testaceus,Unknown,Insecta,0,0,0.20486394056981486,0.0,1,4.0,0.1579260975122451,22.0,True Negative
Tabanidae,Horse and Deer Flies,Insecta,0,0,0.2048256774947831,0.0,2,71.5,0.14727760106325144,26.0,True Negative
Ceratodon purpureus,Redshank,Plantae,0,0,0.20474789742997132,0.0,3,72.0,0.15629543860753373,23.333333333333332,True Negative
Anisonema,Unknown,Protozoa,0,0,0.20470778222263783,0.0,1,0.0,0.1798994094133377,24.0,True Negative
Prunus ilicifolia,hollyleaf cherry,Plantae,0,0,0.2046552104981661,0.0,4,98.5,0.14134447649121284,22.25,True Negative
Bartramiaceae,Unknown,Plantae,0,0,0.2046497727907338,0.0,1,102.0,0.1496986746788025,24.0,True Negative
Physalis philadelphica,Large-flowered Tomatillo,Plantae,0,0,0.2046497727907338,0.0,1,102.0,0.1496986746788025,24.0,True Negative
Pellaea mucronata,bird's foot cliffbrake,Plantae,0,0,0.20462199480983462,0.0,1,98.0,0.1014308333396911,23.0,True Negative
Phytolacca americana,American pokeweed,Plantae,0,0,0.20456991066951272,0.0,2,17.0,0.1811254620552063,21.0,True Negative
Thelephora,Unknown,Fungi,0,0,0.20449178882960034,0.0,5,84.2,0.13813651055097573,20.0,True Negative
Rabdophaga strobiloides,Willow Pinecone Gall Midge,Insecta,0,0,0.20438423566733957,0.0,1,17.0,0.2745655179023742,20.0,True Negative
Bolboschoenus,Clubrushes,Plantae,0,0,0.20437686757930856,0.0,2,11.5,0.21008976548910135,23.5,True Negative
Logfia filaginoides,California cottonrose,Plantae,0,0,0.2042597665562901,0.0,4,94.5,0.17294099181890485,21.25,True Negative
Bacillaria paxillifera,carpenter's rule diatom,Chromista,0,0,0.20424672989406217,0.0,1,0.0,0.109486386179924,26.0,True Negative
Cylindrotheca,Unknown,Chromista,0,0,0.20424672989406217,0.0,1,0.0,0.109486386179924,26.0,True Negative
Nitzschia acicularis,Unknown,Chromista,0,0,0.20424672989406217,0.0,1,0.0,0.109486386179924,26.0,True Negative
Nitzschia sigma,Unknown,Chromista,0,0,0.20424672989406217,0.0,1,0.0,0.109486386179924,26.0,True Negative
Pinnularia,Unknown,Chromista,0,0,0.20424672989406217,0.0,1,0.0,0.109486386179924,26.0,True Negative
Synura,Unknown,Chromista,0,0,0.20424672989406217,0.0,1,0.0,0.109486386179924,26.0,True Negative
Thalassiosiraceae,Unknown,Chromista,0,0,0.20424672989406217,0.0,1,0.0,0.109486386179924,26.0,True Negative
Thalassiosirophycidae,Unknown,Chromista,0,0,0.20424672989406217,0.0,1,0.0,0.109486386179924,26.0,True Negative
Acourtia microcephala,Sacapellote,Plantae,0,0,0.20377377192819468,0.0,2,25.0,0.19157643616199488,23.0,True Negative
Astragalus gambelianus,Gambel's milkvetch,Plantae,0,0,0.2037342901385269,0.0,3,1.0,0.1780128479003906,27.333333333333332,True Negative
Fissidens bryoides,Lesser Pocket-moss,Plantae,0,0,0.20363231737949145,0.0,3,79.0,0.13927397380272544,21.0,True Negative
Tipula oleracea,Marsh Crane Fly,Insecta,0,0,0.20358296796514827,0.0,2,23.5,0.164913035929203,24.0,True Negative
Chinavia,Green Stink Bugs,Insecta,0,0,0.2034953658096471,0.0,1,106.0,0.1453997492790222,24.0,True Negative
Harknessia rhoina,Unknown,Fungi,0,0,0.20342381519912103,0.0,7,93.28571428571429,0.14861532832895,22.428571428571427,True Negative
Clematis ligusticifolia,Western White Clematis,Plantae,0,0,0.2034060817928376,0.0,2,36.5,0.22744560986757278,26.5,True Negative
Sambucus nigra,Unknown,Plantae,0,0,0.20340276245305441,0.0,2,74.0,0.15386506170034403,25.5,True Negative
Andrena caliginosa,Chaparral Currant Miner,Insecta,0,0,0.20330825765875096,0.0,7,13.571428571428571,0.19300714773791175,20.571428571428573,True Negative
Selaginella,Spikemosses,Plantae,0,0,0.2032776856500005,0.0,1,91.0,0.103725716471672,25.0,True Negative
Culex,Unknown,Insecta,0,0,0.20327653999243256,0.0,2,1.0,0.14580067247152326,24.0,True Negative
Sphaerocarpos,Bottle Liverworts,Plantae,0,0,0.20315114019875846,0.0,2,79.5,0.1664456650614738,20.5,True Negative
Cressa,Unknown,Plantae,0,0,0.2030879542267701,0.0,1,1.0,0.1972558349370956,25.0,True Negative
Corticium,Unknown,Fungi,0,0,0.20295721973279435,0.0,1,8.0,0.1461282819509506,25.0,True Negative
Cephaloziella divaricata scabra,Unknown,Plantae,0,0,0.20281772860311773,0.0,3,67.0,0.17099553346633903,22.0,True Negative
Lepidium densiflorum,Common Peppergrass,Plantae,0,0,0.20274294416587735,0.0,2,68.5,0.1488316878676414,28.5,True Negative
Chloealtis gracilis,Graceful Grasshopper,Insecta,0,0,0.20270372473979076,0.0,1,0.0,0.1649223715066909,24.0,True Negative
Zelia,Unknown,Insecta,0,0,0.20270372473979076,0.0,1,0.0,0.1649223715066909,24.0,True Negative
Dendromecon,Unknown,Plantae,0,0,0.202669528349545,0.0,2,92.0,0.14280828088521957,22.0,True Negative
Epipterygium,Unknown,Plantae,0,0,0.20264662420475832,0.0,2,68.5,0.1644115149974823,20.5,True Negative
Tingidae,Lace Bugs,Insecta,0,0,0.20223278279823423,0.0,2,40.5,0.18352743238210675,22.0,True Negative
Metaphidippus,Unknown,Arachnida,0,0,0.20209314758180852,0.0,2,47.0,0.21755158156156534,26.5,True Negative
Acarospora robiniae,Unknown,Fungi,0,0,0.2020252372473839,0.0,11,101.18181818181819,0.13974626159126105,22.454545454545453,True Negative
Amanita magniverrucata,Pinecone Amanita,Fungi,0,0,0.20190419557143027,0.0,2,3.0,0.17393124848604202,24.0,True Negative
Asparagaceae,agave and allies,Plantae,0,0,0.2017790774991195,0.0,2,64.5,0.1705742850899696,29.0,True Negative
Hordeum depressum,dwarf barley,Plantae,0,0,0.2017217802788009,0.0,2,5.5,0.17301926761865616,29.0,True Negative
Myrmeleontidae,Antlions and Owlflies,Insecta,0,0,0.2017022827370849,0.0,4,95.5,0.1358498521149158,23.25,True Negative
Cremastinae,Unknown,Insecta,0,0,0.20165606784677448,0.0,2,62.0,0.17179220914840695,24.5,True Negative
Aphidiinae,Aphid Mummy Wasps,Insecta,0,0,0.20164649675516172,0.0,3,65.66666666666667,0.15022929012775418,23.333333333333332,True Negative
Juncaceae,Rushes and Allies,Plantae,0,0,0.20135965907719242,0.0,1,4.0,0.2304559201002121,21.0,True Negative
Ilypnus gilberti,Cheekspot Goby,Actinopterygii,0,0,0.20109921889606705,0.0,1,0.0,0.175965666770935,20.0,True Negative
Bombycilla cedrorum,Cedar Waxwing,Aves,0,0,0.20108147980058413,0.0,2,101.0,0.1581599116325378,20.5,True Negative
Ceanothus megacarpus,bigpod ceanothus,Plantae,0,0,0.20086356592353574,0.0,2,99.5,0.1515374258160591,24.5,True Negative
Apium,Celery and Marshwort,Plantae,0,0,0.20064162774895275,0.0,1,0.0,0.2271542847156524,27.0,True Negative
Buteoninae,"Buteonine Hawks, Kites, and allies",Aves,0,0,0.2005800288564867,0.0,1,87.0,0.1276955753564834,25.0,True Negative
Melacoryphus rubicollis,Unknown,Insecta,0,0,0.20055497569159283,0.0,4,47.25,0.1785785853862762,28.0,True Negative
Polistes aurifer,Golden Paper Wasp,Insecta,0,0,0.20045177363519873,0.0,2,9.5,0.1747352704405784,22.0,True Negative
Dendrographa leucophaea,Unknown,Fungi,0,0,0.20045031894470644,0.0,3,40.0,0.20679917931556702,21.333333333333332,True Negative
Rumex conglomeratus,Clustered Dock,Plantae,0,0,0.20037845072510257,0.0,1,3.0,0.2364356368780136,21.0,True Negative
Thripidae,Common Thrips,Insecta,0,0,0.20033453797472242,0.0,1,14.0,0.2629225552082062,20.0,True Negative
Polycauliona tenax,Unknown,Fungi,0,0,0.2003305368886182,0.0,2,44.5,0.1370713859796524,26.0,True Negative
Berberis,Barberries,Plantae,0,0,0.20025254412656998,0.0,3,104.33333333333333,0.13684292137622833,23.0,True Negative
Erigeron bellioides,daisy fleabane,Plantae,0,0,0.20010655428613183,0.0,1,55.0,0.1464918106794357,22.0,True Negative
Madia sativa,coast tarweed,Plantae,0,0,0.20010655428613183,0.0,1,55.0,0.1464918106794357,22.0,True Negative
Hennediella heimii,Heim's Pottia,Plantae,0,0,0.19998092698710646,0.0,2,11.5,0.1871932446956634,20.0,True Negative
Aedes,Unknown,Insecta,0,0,0.19996843330525688,0.0,2,55.5,0.16432436555624003,26.0,True Negative
Cyperoideae,Unknown,Plantae,0,0,0.19988834200816988,0.0,1,4.0,0.2051617354154586,21.0,True Negative
Propolis versicolor,Unknown,Fungi,0,0,0.19976551417098293,0.0,3,78.33333333333333,0.16001003980636588,24.0,True Negative
Notaphus,Unknown,Insecta,0,0,0.19955901554530944,0.0,3,0.6666666666666666,0.19161904851595557,24.0,True Negative
Nysius,False chinch bugs,Insecta,0,0,0.19939916912501268,0.0,2,68.0,0.1926963701844215,21.5,True Negative
Physalis,groundcherries,Plantae,0,0,0.19931383190610064,0.0,2,68.5,0.1538082212209701,20.0,True Negative
Anthidium edwardsii,Edwards' Woolcarder,Insecta,0,0,0.199227547368002,0.0,3,69.66666666666667,0.1803422371546427,27.666666666666668,True Negative
Sambucus mexicana,Unknown,Plantae,0,0,0.19874598479360672,0.0,2,19.0,0.198203757405281,22.5,True Negative
Maytenus boaria,Maiten tree,Plantae,0,0,0.1987130367255066,0.0,2,22.0,0.2147167325019836,20.0,True Negative
Anuroctonus pococki,California Swollenstinger Scorpion,Arachnida,0,0,0.198467503295571,0.0,2,84.5,0.1375027224421501,23.5,True Negative
Arguti,Field Highbush Blackberries,Plantae,0,0,0.19782837613352297,0.0,2,7.5,0.18075310438871378,21.5,True Negative
Kellermania,Unknown,Fungi,0,0,0.19782432240632739,0.0,3,78.66666666666667,0.16668274005254105,22.666666666666668,True Negative
Rhus,sumacs,Plantae,0,0,0.19764625090271767,0.0,2,89.0,0.15433746576309199,23.5,True Negative
Araneus gemma,Gem-shaped Orbweaver,Arachnida,0,0,0.1975414224493186,0.0,2,73.0,0.1638594940304756,20.0,True Negative
Trapeliopsis,Unknown,Fungi,0,0,0.19737995440452788,0.0,3,77.0,0.1528683279951413,25.0,True Negative
Rhynchophorini,Unknown,Insecta,0,0,0.19735686456463816,0.0,2,54.0,0.15798805654048914,26.0,True Negative
Tricholoma fracticum,Unknown,Fungi,0,0,0.19725589983584974,0.0,4,95.0,0.15099255740642545,23.25,True Negative
Ectemnius,Unknown,Insecta,0,0,0.19718398304108745,0.0,2,35.0,0.15305576473474494,21.0,True Negative
Merismopedia,Unknown,Unknown,0,0,0.19714938310292804,0.0,1,4.0,0.1412407755851745,20.0,True Negative
Pygoperdita,Unknown,Insecta,0,0,0.19710977556262632,0.0,2,73.0,0.15164797753095624,25.0,True Negative
Clarkia,Clarkias,Plantae,0,0,0.1970974266589188,0.0,1,61.0,0.1654189527034759,22.0,True Negative
Metaphidippus diplacis,Unknown,Arachnida,0,0,0.1967772339061959,0.0,2,62.5,0.17971018701791758,26.5,True Negative
Polypogon viridis,water beard grass,Plantae,0,0,0.19672441387527348,0.0,2,4.0,0.1716752648353576,27.0,True Negative
Parabacillus hesperus,Western Short-horned Walkingstick,Insecta,0,0,0.19649473393834374,0.0,2,59.0,0.1771578788757324,25.5,True Negative
Chlamydodon,Unknown,Chromista,0,0,0.19642376464529349,0.0,1,0.0,0.1798994094133377,24.0,True Negative
Entomoneis alata,Unknown,Chromista,0,0,0.19642376464529349,0.0,1,0.0,0.1798994094133377,24.0,True Negative
Gyrosigma fasciola,Unknown,Chromista,0,0,0.19642376464529349,0.0,1,0.0,0.1798994094133377,24.0,True Negative
Rhopalodiaceae,Unknown,Chromista,0,0,0.19642376464529349,0.0,1,0.0,0.1798994094133377,24.0,True Negative
Strombidium,Unknown,Chromista,0,0,0.19642376464529349,0.0,1,0.0,0.1798994094133377,24.0,True Negative
Uroleptus,Unknown,Chromista,0,0,0.19642376464529349,0.0,1,0.0,0.1798994094133377,24.0,True Negative
Urostylida,Unknown,Chromista,0,0,0.19642376464529349,0.0,1,0.0,0.1798994094133377,24.0,True Negative
Misumenoides formosipes,White-banded Crab Spider,Arachnida,0,0,0.19630592622326515,0.0,3,69.33333333333333,0.18035976092020667,21.333333333333332,True Negative
Poeae,Unknown,Plantae,0,0,0.19615773071961995,0.0,1,1.0,0.1862471401691436,27.0,True Negative
Paralabrax maculatofasciatus,Spotted Sand Bass,Actinopterygii,0,0,0.19607960742353817,0.0,1,0.0,0.1522048413753509,21.0,True Negative
Leonotis nepetifolia,lion's ear,Plantae,0,0,0.1960482098343872,0.0,1,48.0,0.1427745670080185,22.0,True Negative
Asparagales,"Agaves, Orchids, Irises, and Allies",Plantae,0,0,0.19590614507577148,0.0,2,65.0,0.17022945731878275,29.0,True Negative
Auchenorrhyncha,True Hoppers,Insecta,0,0,0.1958472496768832,0.0,1,7.0,0.2745655179023742,24.0,True Negative
Anax junius,Common Green Darner,Insecta,0,0,0.1957486568099001,0.0,3,47.333333333333336,0.2073995967706044,23.666666666666668,True Negative
Neotoma macrotis,Big-eared Woodrat,Mammalia,0,0,0.1955335775787355,0.0,3,106.66666666666667,0.14800483981768287,21.333333333333332,True Negative
Lysimachia minima,Chaffweed,Plantae,0,0,0.19530767365082757,0.0,5,104.0,0.13604780733585353,20.8,True Negative
Chlorophyllum rhacodes,Shaggy Parasol,Fungi,0,0,0.19517290103619453,0.0,1,92.0,0.1432172507047653,25.0,True Negative
Pimeliinae,Unknown,Insecta,0,0,0.19498826861849697,0.0,2,80.5,0.13727074116468424,11.5,True Negative
Piranga ludoviciana,Western Tanager,Aves,0,0,0.19483330183633413,0.0,1,29.0,0.2233624309301376,22.0,True Negative
Aceria paracalifornica,California Sagebrush Gall Mite,Arachnida,0,0,0.19477804450893793,0.0,2,49.5,0.19943775981664655,23.0,True Negative
Odontomyia,Unknown,Insecta,0,0,0.1947212310167977,0.0,1,4.0,0.1412407755851745,20.0,True Negative
Keckiella cordifolia,heartleaf keckiella,Plantae,0,0,0.19464484772999546,0.0,2,12.0,0.20264974981546402,22.0,True Negative
Sphenophorus australis,Tule Billbug,Insecta,0,0,0.194450734450181,0.0,1,3.0,0.1612387150526046,24.0,True Negative
Diploneis,Unknown,Chromista,0,0,0.1943669810676041,0.0,2,2.0,0.1570832878351211,22.0,True Negative
Solenopsora cladonioides,Unknown,Fungi,0,0,0.19423738847374442,0.0,12,99.16666666666667,0.15447677361468468,21.5,True Negative
Solanum lycopersicum,tomato,Plantae,0,0,0.1941661263942682,0.0,1,53.0,0.1705661118030548,24.0,True Negative
Phoenix,date palms,Plantae,0,0,0.1941238590966987,0.0,1,0.0,0.1907078623771667,27.0,True Negative
Morus alba,white mulberry,Plantae,0,0,0.19410968426672465,0.0,1,5.0,0.2413876056671142,22.0,True Negative
Amorpha,False Indigos,Plantae,0,0,0.19397437945070137,0.0,1,8.0,0.2925603091716766,24.0,True Negative
Rinodina lobulata,Unknown,Fungi,0,0,0.1938120312520408,0.0,3,66.66666666666667,0.18684458235899604,24.0,True Negative
Cirsium,Plume Thistles,Plantae,0,0,0.19362813336541576,0.0,1,2.0,0.1652849167585373,22.0,True Negative
Hysteriales,Unknown,Fungi,0,0,0.19348156916645767,0.0,4,74.0,0.16859584674239156,23.75,True Negative
Melampsora euphorbiae,Euphorbia Rust,Fungi,0,0,0.19323839960045575,0.0,2,40.0,0.18292348831892008,25.0,True Negative
Acrididae,Short-horned Grasshoppers,Insecta,0,0,0.1932036266755178,0.0,3,72.33333333333333,0.1330374975999196,24.333333333333332,True Negative
Ammotrechidae,Curve-faced Windscorpions,Arachnida,0,0,0.19291231617680676,0.0,1,49.0,0.1358527392148971,22.0,True Negative
Aphoebantini,Unknown,Insecta,0,0,0.19287058093317241,0.0,2,75.0,0.15478487312793732,24.5,True Negative
Metaltella simoni,South American Toothed Hacklemesh Weaver,Arachnida,0,0,0.1927613265709125,0.0,2,69.0,0.1832621917128563,26.5,True Negative
Lonchaea,Unknown,Insecta,0,0,0.1925495225468798,0.0,3,77.0,0.20077091952164963,19.666666666666668,True Negative
Calypte,Anna's and Costa's Hummingbirds,Aves,0,0,0.19254641406974102,0.0,1,15.0,0.2051626741886139,20.0,True Negative
Chrysopidae,Green Lacewings,Insecta,0,0,0.19245628426384556,0.0,3,89.66666666666667,0.16316318511962888,25.333333333333332,True Negative
Gelechiidae,Twirler Moths,Insecta,0,0,0.19238286076015657,0.0,2,68.0,0.14531885087490076,24.0,True Negative
Aspicilia aurantiaca,Unknown,Fungi,0,0,0.1922401503391661,0.0,6,99.83333333333333,0.1517079683641592,21.166666666666668,True Negative
Amphora,Unknown,Chromista,0,0,0.19217063637866663,0.0,1,4.0,0.1412407755851745,20.0,True Negative
Protostomatida,Unknown,Chromista,0,0,0.19217063637866663,0.0,1,4.0,0.1412407755851745,20.0,True Negative
Lucilia coeruleiviridis,Blue-green Bottle Fly,Insecta,0,0,0.19190922880930963,0.0,3,52.333333333333336,0.1617557952801386,21.333333333333332,True Negative
Spinus lawrencei,Lawrence's Goldfinch,Aves,0,0,0.19190218452266586,0.0,1,19.0,0.2177468240261078,22.0,True Negative
Mirini,Unknown,Insecta,0,0,0.19151674550467346,0.0,2,36.5,0.17060107737779617,26.0,True Negative
Pseudognaphalium canescens,Wright's cudweed,Plantae,0,0,0.19149660147556208,0.0,3,99.0,0.15650144219398493,21.666666666666668,True Negative
Ceanothus crassifolius,hoaryleaf ceanothus,Plantae,0,0,0.19144751763557458,0.0,2,87.5,0.1710446253418922,19.0,True Negative
Coccinellidae,Lady Beetles,Insecta,0,0,0.19136239966607238,0.0,1,2.0,0.1696882098913192,22.0,True Negative
Eristalinus taeniops,Stripe-eyed Lagoon Fly,Insecta,0,0,0.19136239966607238,0.0,1,2.0,0.1696882098913192,22.0,True Negative
Syrphidae,Hover Flies,Insecta,0,0,0.19133679731026018,0.0,2,31.0,0.1351005211472511,22.5,True Negative
Lolium arundinaceum,tall fescue,Plantae,0,0,0.19120737528977222,0.0,2,3.0,0.2004547119140625,21.0,True Negative
Saldula,Unknown,Insecta,0,0,0.19115883428711591,0.0,1,0.0,0.1522048413753509,21.0,True Negative
Tachytrechini,Unknown,Insecta,0,0,0.19115883428711591,0.0,1,0.0,0.1522048413753509,21.0,True Negative
Enterographa,Unknown,Fungi,0,0,0.19115316963428558,0.0,2,40.0,0.13199849054217336,26.5,True Negative
Apodemia,Unknown,Insecta,0,0,0.19100399995693004,0.0,2,50.5,0.1531571671366691,26.5,True Negative
Phacelia tanacetifolia,Lacy phacelia,Plantae,0,0,0.19083117169820468,0.0,1,14.0,0.2629225552082062,20.0,True Negative
Lycosinae,Unknown,Arachnida,0,0,0.19066338561764598,0.0,1,0.0,0.1522048413753509,21.0,True Negative
Sphaeralcea ambigua,apricot mallow,Plantae,0,0,0.19054709517371454,0.0,1,93.0,0.1493375599384308,23.0,True Negative
Tyrannus,Kingbirds,Aves,0,0,0.19054384276787165,0.0,1,98.0,0.1423582732677459,25.0,True Negative
Trombidioidea,Velvet Mites,Arachnida,0,0,0.19029989455069898,0.0,2,0.0,0.17552370578050608,24.0,True Negative
Acmispon argophyllus,silver bird's-foot trefoil,Plantae,0,0,0.19021841180796256,0.0,1,52.0,0.1878237724304199,24.0,True Negative
Scudderia mexicana,Mexican Bush Katydid,Insecta,0,0,0.19011684558790642,0.0,3,31.666666666666668,0.16806050638357795,28.666666666666668,True Negative
Synchlora aerata,Wavy-lined and Southern Emeralds,Insecta,0,0,0.19011453013240667,0.0,1,29.0,0.2213805168867111,24.0,True Negative
Peroneutypa scoparia,Unknown,Fungi,0,0,0.19011138989087054,0.0,1,4.0,0.1386779248714447,23.0,True Negative
Xylographa parallela,Black Woodscript Lichen,Fungi,0,0,0.19011138989087054,0.0,1,4.0,0.1386779248714447,23.0,True Negative
Chenopodium,Goosefoots,Plantae,0,0,0.19005782992550524,0.0,1,43.0,0.1572544872760772,22.0,True Negative
Socalchemmis idyllwild,Unknown,Arachnida,0,0,0.18995677526593857,0.0,1,58.0,0.201103001832962,24.0,True Negative
Zelus tetracanthus,Four-spurred Assassin Bug,Insecta,0,0,0.1899225968179868,0.0,2,82.0,0.15144327282905573,11.5,True Negative
Eleocharis montevidensis,sand spikerush,Plantae,0,0,0.18992034629588203,0.0,1,4.0,0.2409443855285644,20.0,True Negative
Cyclospermum leptophyllum,Marsh parsley,Plantae,0,0,0.18982494940134223,0.0,3,115.66666666666667,0.12268033872048056,20.666666666666668,True Negative
Placidium,Earthscale Lichens,Fungi,0,0,0.1896881051907328,0.0,3,90.0,0.1631570234894752,22.333333333333332,True Negative
Anthophora urbana,Urbane Digger Bee,Insecta,0,0,0.18958646505261842,0.0,2,39.0,0.17288888990879053,26.0,True Negative
Adiantum capillus-veneris,black maidenhair fern,Plantae,0,0,0.18954716031008592,0.0,1,17.0,0.1721226572990417,24.0,True Negative
Chrysomya rufifacies,Hairy Maggot Blow Fly,Insecta,0,0,0.1894402848010887,0.0,2,31.5,0.2055767923593521,22.0,True Negative
Mordellidae,Tumbling Flower Beetles,Insecta,0,0,0.1893657796552932,0.0,1,2.0,0.1652849167585373,22.0,True Negative
Polydicliae,Unknown,Plantae,0,0,0.18931871562341548,0.0,2,70.0,0.1571240201592445,19.0,True Negative
Pristigenys serrula,Popeye Catalufa,Actinopterygii,0,0,0.18905863035765055,0.0,1,7.0,0.109472282230854,28.0,True Negative
Nostoc,Unknown,Unknown,0,0,0.18898289430483706,0.0,2,75.0,0.19158433377742765,23.0,True Negative
Temnoscheila,Unknown,Insecta,0,0,0.18892951713747333,0.0,2,66.5,0.16148331016302103,23.0,True Negative
Dendryphantina,Unknown,Arachnida,0,0,0.18883797295378754,0.0,1,40.0,0.1043962463736534,27.0,True Negative
Ploiaria reticulata,Unknown,Insecta,0,0,0.18879104486928952,0.0,2,70.5,0.16569307446479797,26.5,True Negative
Tephritoidea,"Fruit, Signal, and Picture-winged Flies",Insecta,0,0,0.18870860006978857,0.0,2,71.0,0.1831094995141029,25.5,True Negative
Madieae,"tarweeds, silverswords, and allies",Plantae,0,0,0.18870500105451324,0.0,2,70.0,0.1785320341587066,29.0,True Negative
Spilosomina,Unknown,Insecta,0,0,0.1886823623345369,0.0,1,6.0,0.1655092686414718,24.0,True Negative
Cenchrus clandestinus,Kikuyu Grass,Plantae,0,0,0.18833128341106736,0.0,1,4.0,0.2329580783843994,20.0,True Negative
Fabaceae,Legumes,Plantae,0,0,0.18833128341106736,0.0,1,4.0,0.2329580783843994,20.0,True Negative
Peckhamia,Unknown,Arachnida,0,0,0.18830636959806,0.0,1,54.0,0.1409575641155243,22.0,True Negative
Habronattus hallani,Unknown,Arachnida,0,0,0.18828391422113624,0.0,1,0.0,0.1861250400543213,24.0,True Negative
Dicyphini,Unknown,Insecta,0,0,0.18818370083910632,0.0,3,80.66666666666667,0.15966372191905973,26.333333333333332,True Negative
Stictiellina,Unknown,Insecta,0,0,0.1880945412389755,0.0,2,43.5,0.22309637814760205,24.5,True Negative
Myxomycetes,true slime molds,Protozoa,0,0,0.1880501572487831,0.0,3,98.66666666666667,0.1929679711659749,21.333333333333332,True Negative
Reithrodontomys megalotis,Western Harvest Mouse,Mammalia,0,0,0.18804322736073964,0.0,1,0.0,0.1684675961732864,29.0,True Negative
Agdistis,Unknown,Insecta,0,0,0.18790483490039467,0.0,2,4.5,0.17898120731115336,25.5,True Negative
Cardionema,Unknown,Plantae,0,0,0.1879026244928303,0.0,1,46.0,0.1359500139951706,26.0,True Negative
Tanaops,Unknown,Insecta,0,0,0.18787127939196363,0.0,3,77.0,0.14873289565245307,25.333333333333332,True Negative
Larrini,Unknown,Insecta,0,0,0.18775427043390022,0.0,2,39.0,0.197671890258789,27.0,True Negative
Rhizamoeba,Unknown,Protozoa,0,0,0.1877535970852022,0.0,1,7.0,0.1488302648067474,20.0,True Negative
Cirsium vulgare,Bull Thistle,Plantae,0,0,0.18773330289297302,0.0,1,9.0,0.1806754469871521,22.0,True Negative
Salix exigua hindsiana,hinds' willow,Plantae,0,0,0.18773330289297302,0.0,1,9.0,0.1806754469871521,22.0,True Negative
Petrobiinae,Unknown,Insecta,0,0,0.1877227590366177,0.0,3,73.0,0.15556441247463224,26.666666666666668,True Negative
Anatherum eremicum,southwestern bushy bluestem,Plantae,0,0,0.1876272589249463,0.0,1,94.0,0.1479548215866089,23.0,True Negative
Galium stellatum,starry bedstraw,Plantae,0,0,0.1876272589249463,0.0,1,94.0,0.1479548215866089,23.0,True Negative
Claytonia parviflora,Streambank Springbeauty,Plantae,0,0,0.18762237352367567,0.0,2,6.0,0.16394462436437607,21.5,True Negative
Hermetia ryckmani,Unknown,Insecta,0,0,0.18739286572767744,0.0,2,47.5,0.1805182620882988,25.5,True Negative
Brachypodium hybridum,Unknown,Plantae,0,0,0.18735808463927955,0.0,1,68.0,0.1785541772842407,25.0,True Negative
Balaustiinae,Unknown,Arachnida,0,0,0.1871160652561663,0.0,1,46.0,0.1359500139951706,26.0,True Negative
Aceria,Unknown,Arachnida,0,0,0.18706198567339383,0.0,1,55.0,0.1464918106794357,22.0,True Negative
Petrobia harti,Woodsorrel Mite,Arachnida,0,0,0.18706198567339383,0.0,1,55.0,0.1464918106794357,22.0,True Negative
Polytrichum juniperinum,juniper haircap moss,Plantae,0,0,0.1868464228853576,0.0,4,106.5,0.14945214241743088,20.5,True Negative
Anacolia,Unknown,Plantae,0,0,0.1866471769292334,0.0,1,41.0,0.1074761897325515,26.0,True Negative
Orthoptera,"Grasshoppers, Crickets, and Katydids",Insecta,0,0,0.1865097979785996,0.0,2,34.5,0.14890882372856135,26.5,True Negative
Crematogaster californica,Unknown,Insecta,0,0,0.18645867494928145,0.0,1,1.0,0.2048946171998977,25.0,True Negative
Dichorda illustraria,Unknown,Insecta,0,0,0.18619351240430362,0.0,1,9.0,0.152923583984375,20.0,True Negative
Nitelopterus,Unknown,Insecta,0,0,0.18619351240430362,0.0,1,9.0,0.152923583984375,20.0,True Negative
Spergularia macrotheca macrotheca,Beach Sandspurry,Plantae,0,0,0.18618715543040004,0.0,1,5.0,0.1861615926027298,24.0,True Negative
Clepsis,Unknown,Insecta,0,0,0.18609451010615516,0.0,1,10.0,0.1573542803525924,22.0,True Negative
Camphorosmeae,Unknown,Plantae,0,0,0.1860709296869489,0.0,1,52.0,0.1393454074859619,26.0,True Negative
Rhus ovata,sugar bush,Plantae,0,0,0.18599336311931858,0.0,1,90.0,0.1361991167068481,25.0,True Negative
Juncus balticus ater,Unknown,Plantae,0,0,0.18595966448672474,0.0,1,0.0,0.2433437407016754,24.0,True Negative
Melaleuca viminalis,weeping bottlebrush,Plantae,0,0,0.18595966448672474,0.0,1,0.0,0.2433437407016754,24.0,True Negative
Cactophagus spinolae validus,Unknown,Insecta,0,0,0.18573908877842027,0.0,2,9.0,0.18469318747520447,25.5,True Negative
Phytocoris,Unknown,Insecta,0,0,0.1855246287233958,0.0,3,72.33333333333333,0.19009472429752347,28.666666666666668,True Negative
Verbena lasiostachys lasiostachys,western vervain,Plantae,0,0,0.18551589509436422,0.0,1,9.0,0.1571197360754013,20.0,True Negative
Polemoniaceae,phlox family,Plantae,0,0,0.18532769639380003,0.0,2,91.0,0.1531770713627338,22.0,True Negative
Cymbellales,Unknown,Chromista,0,0,0.18532555072387305,0.0,1,7.0,0.1488302648067474,20.0,True Negative
Thalassiosira,Unknown,Chromista,0,0,0.18532555072387305,0.0,1,7.0,0.1488302648067474,20.0,True Negative
Quercus dumosa x engelmannii,Unknown,Plantae,0,0,0.18523043688290333,0.0,2,113.0,0.1423462927341461,20.0,True Negative
Ixodes pacificus,Western Black-legged Tick,Arachnida,0,0,0.18517042190801397,0.0,1,12.0,0.1429046541452407,20.0,True Negative
Cheiracanthium inclusum,Agrarian Sac Spider,Arachnida,0,0,0.1851285449237715,0.0,1,52.0,0.1358527392148971,22.0,True Negative
Calystegia macrostegia intermedia,Unknown,Plantae,0,0,0.18509313738957772,0.0,1,49.0,0.1393454074859619,26.0,True Negative
Leptosyne bigelovii,Bigelow's tickseed,Plantae,0,0,0.18509313738957772,0.0,1,49.0,0.1393454074859619,26.0,True Negative
Bromus sterilis,Barren Brome,Plantae,0,0,0.18494659244755093,0.0,1,5.0,0.1373009979724884,20.0,True Negative
Rumex dentatus,Aegean dock,Plantae,0,0,0.18487303690099477,0.0,1,-2.0,0.1953832507133484,22.0,True Negative
Polycauliona luteominia,Red Firedot Lichen,Fungi,0,0,0.18468843055450376,0.0,2,7.0,0.1591234281659126,29.0,True Negative
Cisthene liberomacula,Unknown,Insecta,0,0,0.18462755611213566,0.0,2,57.0,0.17137911915779108,23.0,True Negative
Geron calvus,Bald Bee Fly,Insecta,0,0,0.1840326403912125,0.0,2,77.0,0.17667441815137858,25.0,True Negative
Opuntia chlorotica,Pancake Pricklypear,Plantae,0,0,0.18400688137920157,0.0,1,5.0,0.1600962728261947,29.0,True Negative
Fissidens curvatus,Portuguese Pocket-moss,Plantae,0,0,0.18397054916687997,0.0,2,42.5,0.16014996916055674,22.0,True Negative
Thyanta,Unknown,Insecta,0,0,0.18384094523630967,0.0,2,87.0,0.15928556770086283,26.5,True Negative
Araneus bispinosus,Unknown,Arachnida,0,0,0.18382540215604745,0.0,1,97.0,0.1369224190711975,23.0,True Negative
Araneus montereyensis,California Orbweaver,Arachnida,0,0,0.18382540215604745,0.0,1,97.0,0.1369224190711975,23.0,True Negative
Chenopodiastrum,maple and nettle-leaved goosefoots,Plantae,0,0,0.18382469153348374,0.0,2,89.5,0.15686016529798505,26.5,True Negative
Acarospora chrysops,Unknown,Fungi,0,0,0.18374663725298795,0.0,3,79.33333333333333,0.14894224206606543,26.0,True Negative
Cylindropuntia cholla,Chain-link Cholla,Plantae,0,0,0.18373995252618375,0.0,1,80.0,0.1182441189885139,24.0,True Negative
Nitidulidae,Sap-feeding Beetles,Insecta,0,0,0.18369569655765444,0.0,2,66.5,0.14895587414503095,26.5,True Negative
Pemphredoninae,Aphid Wasps,Insecta,0,0,0.18368096087164673,0.0,3,54.0,0.16564619044462833,25.666666666666668,True Negative
Neotoma fuscipes,Dusky-footed Woodrat,Mammalia,0,0,0.1836654509581059,0.0,1,96.0,0.1821181774139404,23.0,True Negative
Bacidina californica,California Dotlet,Fungi,0,0,0.18345158368902936,0.0,2,36.0,0.18142511695623395,24.0,True Negative
Agromyzidae,Leaf-miner Flies,Insecta,0,0,0.1834492446967551,0.0,2,63.0,0.16242007911205286,23.0,True Negative
Lasioglossum ovaliceps,Oval-headed Sweat Bee,Insecta,0,0,0.18342544022321364,0.0,3,12.0,0.19485078255335486,21.666666666666668,True Negative
Poa infirma,Early Meadow-grass,Plantae,0,0,0.18339188181232569,0.0,1,84.0,0.2507578432559967,19.0,True Negative
Anstenoptilia marmarodactyla,Sage Plume Moth,Insecta,0,0,0.18332867570443545,0.0,2,58.0,0.1528012007474899,22.5,True Negative
Gloridonus,Unknown,Insecta,0,0,0.18327569449951361,0.0,2,66.5,0.12224879488348955,22.0,True Negative
Pleocoma puncticollis,Black Rain Beetle,Insecta,0,0,0.1830464873103579,0.0,4,105.5,0.12263101898133755,22.75,True Negative
Dysdera,Unknown,Arachnida,0,0,0.18293100446739663,0.0,1,1.0,0.1900575459003448,24.0,True Negative
Imbribryum subapiculatum,Unknown,Plantae,0,0,0.18291700032501776,0.0,1,111.0,0.0972487702965736,21.0,True Negative
Thalloidima sedifolium,Blue Blister Lichen,Fungi,0,0,0.18269641257106875,0.0,2,81.5,0.13357714563608164,24.5,True Negative
Alisma triviale,northern water-plantain,Plantae,0,0,0.18267991713720086,0.0,1,1.0,0.1946154087781906,22.0,True Negative
Canis,Wolves and Dogs,Mammalia,0,0,0.18256648187363536,0.0,1,3.0,0.1938977986574173,29.0,True Negative
Juncus phaeocephalus,Brown-headed Rush,Plantae,0,0,0.18251375148419904,0.0,1,5.0,0.2376433312892913,20.0,True Negative
Laurasiatheria,"Ungulates, Carnivorans, and Allies",Mammalia,0,0,0.1825130373177858,0.0,1,77.0,0.1741462051868438,29.0,True Negative
Sphinctrina leucopoda,Unknown,Fungi,0,0,0.18234787897706517,0.0,2,63.0,0.15466269105672836,24.0,True Negative
Allium praecox,Early Onion,Plantae,0,0,0.1822591732773293,0.0,3,94.33333333333333,0.11943058421214418,21.333333333333332,True Negative
Catalpa speciosa,northern catalpa,Plantae,0,0,0.18198748708992157,0.0,1,8.0,0.2346269637346267,22.0,True Negative
Koelreuteria bipinnata,Chinese flame tree,Plantae,0,0,0.18198748708992157,0.0,1,8.0,0.2346269637346267,22.0,True Negative
Odocoileus,White-tailed and Mule Deer,Mammalia,0,0,0.1819260849001745,0.0,1,100.0,0.1193981990218162,20.0,True Negative
Podicipediformes,Grebes,Aves,0,0,0.18167119244248664,0.0,1,51.0,0.1153764873743057,0.0,True Negative
Lepidium latifolium,broadleaved pepperweed,Plantae,0,0,0.18130175034051585,0.0,1,7.0,0.1939985752105713,22.0,True Negative
Lecidella stigmatea,Rock Disk Lichen,Fungi,0,0,0.181301257799596,0.0,3,81.33333333333333,0.14834870398044583,20.666666666666668,True Negative
Tubeufiales,Unknown,Fungi,0,0,0.1811895205795946,0.0,3,74.33333333333333,0.16120214760303497,21.666666666666668,True Negative
Meloidae,Blister Beetles,Insecta,0,0,0.18103315715509652,0.0,2,36.5,0.19255180656909937,25.5,True Negative
Cleomella arborea angustata,Unknown,Plantae,0,0,0.1808747524608132,0.0,1,66.0,0.1833325773477554,24.0,True Negative
Theraphosidae,Tarantulas,Arachnida,0,0,0.1805324857207356,0.0,1,73.0,0.1554211229085922,24.0,True Negative
Opuntia lindheimeri,Texas Pricklypear,Plantae,0,0,0.1804303933153681,0.0,1,40.0,0.1043962463736534,27.0,True Negative
Aculops aenigma,Unknown,Arachnida,0,0,0.1804243203913884,0.0,1,11.0,0.1615631729364395,22.0,True Negative
Sciurus,Tree Squirrels,Mammalia,0,0,0.1804186651428715,0.0,1,71.0,0.1496432721614837,28.0,True Negative
Colubrinae,Colubrine Snakes,Reptilia,0,0,0.18041757270408443,0.0,1,102.0,0.1439417898654937,23.0,True Negative
Nyctoporis carinata,Armored night-walker,Insecta,0,0,0.18037888309952807,0.0,2,65.0,0.15616828948259348,26.0,True Negative
Llimoniella acarosporicola,Unknown,Fungi,0,0,0.1803210409111057,0.0,3,90.0,0.14918223520119983,25.0,True Negative
Allocryptovalsa microtheca,Unknown,Fungi,0,0,0.18031316222499727,0.0,1,2.0,0.107966125011444,23.0,True Negative
Endocarpon crystallinum,Unknown,Fungi,0,0,0.18031316222499727,0.0,1,2.0,0.107966125011444,23.0,True Negative
Ipomoea,morning-glories,Plantae,0,0,0.18021182261775245,0.0,1,96.0,0.1373305767774582,22.0,True Negative
Porophyllum gracile,Odora,Plantae,0,0,0.18016191104506746,0.0,3,104.0,0.1103914305567741,21.0,True Negative
Microgastrinae,Unknown,Insecta,0,0,0.17988209461586768,0.0,2,50.5,0.14620881527662274,22.0,True Negative
Pelochrista sandiego,Unknown,Insecta,0,0,0.1798389868510496,0.0,1,15.0,0.1285638064146042,22.0,True Negative
Euschistus,Brown Stink Bugs,Insecta,0,0,0.1797243791822261,0.0,2,25.5,0.1789898350834846,25.0,True Negative
Bruchinae,Pea and Bean Weevils,Insecta,0,0,0.17948499063050785,0.0,1,44.0,0.1513578742742538,22.0,True Negative
Diabrotica balteata,Banded Cucumber Beetle,Insecta,0,0,0.17948499063050785,0.0,1,44.0,0.1513578742742538,22.0,True Negative
Eutrichota,Unknown,Insecta,0,0,0.17948499063050785,0.0,1,44.0,0.1513578742742538,22.0,True Negative
Lema,Unknown,Insecta,0,0,0.17948499063050785,0.0,1,44.0,0.1513578742742538,22.0,True Negative
Megastigmus,Unknown,Insecta,0,0,0.17948499063050785,0.0,1,44.0,0.1513578742742538,22.0,True Negative
Melanopleurus belfragei,Redcoat Seed Bug,Insecta,0,0,0.17948499063050785,0.0,1,44.0,0.1513578742742538,22.0,True Negative
Greeneocharis circumscissa,Cushion Cryptantha,Plantae,0,0,0.17923600690122518,0.0,1,106.0,0.1568449735641479,24.0,True Negative
Pertusaria flavicunda,Sulphur Wart Lichen,Fungi,0,0,0.17918064047720775,0.0,8,109.75,0.1324112294241786,20.625,True Negative
Xylodon,Unknown,Fungi,0,0,0.17913930427869132,0.0,2,13.0,0.20693656802177424,21.0,True Negative
Steatoda,False Widow Spiders,Arachnida,0,0,0.1790896618587377,0.0,1,104.0,0.1552087217569351,23.0,True Negative
Xanthomendoza ulophyllodes,Powdery Sunburst Lichen,Fungi,0,0,0.1789334518620859,0.0,1,5.0,0.1872022897005081,25.0,True Negative
Zyzygomyces physciacearum,Unknown,Fungi,0,0,0.1789334518620859,0.0,1,5.0,0.1872022897005081,25.0,True Negative
Megachile angelarum,Unknown,Insecta,0,0,0.17857916611912064,0.0,3,43.0,0.18408679465452826,22.666666666666668,True Negative
Stigmella prunifoliella,Unknown,Insecta,0,0,0.17851153760505337,0.0,2,55.0,0.15130498260259626,22.5,True Negative
Acreophthiria,Unknown,Insecta,0,0,0.17850076566122108,0.0,2,65.5,0.1691257208585739,23.5,True Negative
Bromus catharticus catharticus,rescue grass,Plantae,0,0,0.17845032121970025,0.0,1,15.0,0.1285638064146042,22.0,True Negative
Pachnolepia pruinata,Unknown,Fungi,0,0,0.17842972106497465,0.0,3,68.33333333333333,0.16576247910658518,23.0,True Negative
Panoquina,Unknown,Insecta,0,0,0.1784249174635429,0.0,1,0.0,0.1107803285121917,27.0,True Negative
Ericameria ericoides,California Goldenbush,Plantae,0,0,0.1783870887289914,0.0,1,1.0,0.1900575459003448,24.0,True Negative
Rubus ursinus,trailing blackberry,Plantae,0,0,0.17830321477056923,0.0,1,11.0,0.1615631729364395,22.0,True Negative
Hennediella,Unknown,Plantae,0,0,0.17817320839178505,0.0,1,4.0,0.2004547119140625,20.0,True Negative
Uroleucon,Large Daisy Aphids,Insecta,0,0,0.17801414604265284,0.0,2,80.0,0.19877528399229044,24.0,True Negative
Decticita,Unknown,Insecta,0,0,0.17795850501947486,0.0,1,3.0,0.1749656647443771,23.0,True Negative
Setophaga townsendi,Townsend's Warbler,Aves,0,0,0.17788761498466996,0.0,1,106.0,0.1606672406196594,23.0,True Negative
Mexigonus,Unknown,Arachnida,0,0,0.17781164204200942,0.0,1,106.0,0.1253102868795395,23.0,True Negative
Polyphylla decemlineata,Ten-lined June Beetle,Insecta,0,0,0.17776554560380597,0.0,3,104.66666666666667,0.1181655724843343,22.333333333333332,True Negative
Pheidole hyatti,Hyatt's Big-headed Ant,Insecta,0,0,0.17775678882640242,0.0,2,57.5,0.17505647242069244,14.5,True Negative
Poecilognathus,Unknown,Insecta,0,0,0.17767759439694322,0.0,3,68.33333333333333,0.16687035560607907,23.0,True Negative
Chironiinae,"centauries, rose gentians, and Zeltneras",Plantae,0,0,0.17760372225179621,0.0,1,90.0,0.1453790664672851,25.0,True Negative
Hydrocotyle,water pennyworts,Plantae,0,0,0.1775801716980561,0.0,1,1.0,0.2184469252824783,25.0,True Negative
Coprinus comatus,Shaggy Mane,Fungi,0,0,0.1775641207466396,0.0,1,5.0,0.2523414492607116,24.0,True Negative
Diatrype,Unknown,Fungi,0,0,0.17732005126506178,0.0,2,6.5,0.18619084358215332,24.0,True Negative
Muhlenbergia,muhly,Plantae,0,0,0.177072048796759,0.0,1,44.0,0.1728017628192901,26.0,True Negative
Phyla nodiflora,turkey tangle frogfruit,Plantae,0,0,0.17702623927209507,0.0,1,7.0,0.2274704724550247,20.0,True Negative
Parapholis,Sickle Grass,Plantae,0,0,0.17695295305133044,0.0,1,7.0,0.1488302648067474,20.0,True Negative
Copestylum fraudulentum,Unknown,Insecta,0,0,0.1767662521480399,0.0,2,60.0,0.16288083791732785,25.5,True Negative
Lecidella,Disc Lichens,Fungi,0,0,0.17675677358185823,0.0,2,59.5,0.17189904302358622,19.5,True Negative
Ditrichum ambiguum,Ambiguous Ditrichum Moss,Plantae,0,0,0.17670588004391946,0.0,1,11.0,0.1166826784610748,22.0,True Negative
Castianeira athena,Unknown,Arachnida,0,0,0.1766966110434221,0.0,1,102.0,0.1536818742752075,23.0,True Negative
Muellerella lecanactidis,Unknown,Fungi,0,0,0.17656588317553196,0.0,3,74.66666666666667,0.18149766822655988,20.666666666666668,True Negative
Lophioprason,Unknown,Plantae,0,0,0.17652888977194736,0.0,3,99.0,0.12217202782630916,19.666666666666668,True Negative
Oncopeltus fasciatus,Large Milkweed Bug,Insecta,0,0,0.17648166626583928,0.0,3,44.666666666666664,0.11484806487957637,27.333333333333332,True Negative
Verbena menthifolia,Mint Vervain,Plantae,0,0,0.17626614425101797,0.0,1,9.0,0.1697879284620285,21.0,True Negative
Buenoa,Unknown,Insecta,0,0,0.17621939768070238,0.0,1,3.0,0.1657729893922805,21.0,True Negative
Loxostege,Unknown,Insecta,0,0,0.17601052748280108,0.0,2,70.0,0.17773504555225367,23.0,True Negative
Ancistrocerus bustamente,Unknown,Insecta,0,0,0.17576653945433607,0.0,2,48.0,0.1676821708679199,23.0,True Negative
Gastridium phleoides,nit grass,Plantae,0,0,0.1756770294014829,0.0,1,66.0,0.211781695485115,25.0,True Negative
Ageniella coronata,Unknown,Insecta,0,0,0.1756639146210338,0.0,2,69.0,0.14377849549055094,23.5,True Negative
Chlorion aerarium,Steel-blue Cricket-hunter Wasp,Insecta,0,0,0.17565987765801575,0.0,1,0.0,0.1772658228874206,24.0,True Negative
Castilleja subinclusa jepsonii,Unknown,Plantae,0,0,0.17559164458170667,0.0,1,42.0,0.1272300481796264,27.0,True Negative
Cotoneaster pannosus,silverleaf cotoneaster,Plantae,0,0,0.17536387342033213,0.0,1,13.0,0.154757559299469,20.0,True Negative
Habronattus californicus,Unknown,Arachnida,0,0,0.175361940457967,0.0,1,6.0,0.1574990451335907,29.0,True Negative
Brassica,cabbages and mustards,Plantae,0,0,0.17524572096915997,0.0,1,8.0,0.1607478111982345,29.0,True Negative
Parietaria hespera californica,California Pellitory,Plantae,0,0,0.17524572096915997,0.0,1,8.0,0.1607478111982345,29.0,True Negative
Oxyopes salticus,Striped Lynx Spider,Arachnida,0,0,0.17522670952259728,0.0,2,4.0,0.1962231993675232,29.0,True Negative
Nezara viridula,Southern Green Stink Bug,Insecta,0,0,0.17511266535926923,0.0,1,19.0,0.1543194502592086,22.0,True Negative
Sanicula,sanicles,Plantae,0,0,0.17505085715558286,0.0,2,7.0,0.1903298422694206,29.0,True Negative
Dicymolomia,Unknown,Insecta,0,0,0.17499348779061036,0.0,1,10.0,0.1626168042421341,20.0,True Negative
Therevidae,Stiletto Flies,Insecta,0,0,0.17499348779061036,0.0,1,10.0,0.1626168042421341,20.0,True Negative
Neoscona crucifera,Spotted Orbweaver,Arachnida,0,0,0.17472802241506535,0.0,2,98.5,0.1414125114679336,24.0,True Negative
Hydrophorus,Unknown,Insecta,0,0,0.17453509433967923,0.0,1,10.0,0.1623100340366363,20.0,True Negative
Blattella vaga,Field Cockroach,Insecta,0,0,0.17449734058621968,0.0,1,12.0,0.1429046541452407,20.0,True Negative
Stenolophus comma,Comma Harp Ground Beetle,Insecta,0,0,0.17449734058621968,0.0,1,12.0,0.1429046541452407,20.0,True Negative
Culiseta particeps,Unknown,Insecta,0,0,0.17441315587116402,0.0,1,31.0,0.2348543405532837,24.0,True Negative
Sphaerophoria sulphuripes,Forked Globetail,Insecta,0,0,0.17435363598570122,0.0,2,73.5,0.1302273944020271,22.5,True Negative
Syrphini,Unknown,Insecta,0,0,0.17430242276068644,0.0,3,58.666666666666664,0.19618464509646094,19.666666666666668,True Negative
Raphidiidae,Raphidiid Snakeflies,Insecta,0,0,0.1742622875844145,0.0,2,69.0,0.1333762854337692,25.5,True Negative
Eristalis stipator,Yellow-shouldered Drone Fly,Insecta,0,0,0.17418671335588257,0.0,2,42.0,0.1617599800229072,20.0,True Negative
Zyginama,Unknown,Insecta,0,0,0.17415320553993346,0.0,2,34.0,0.131125122308731,26.0,True Negative
Poa secunda,Pine bluegrass,Plantae,0,0,0.17412459415803955,0.0,1,77.0,0.1568213403224945,25.0,True Negative
Chlorogalum,soap plants,Plantae,0,0,0.17360648816947852,0.0,1,61.0,0.1592077761888504,26.0,True Negative
Tenebrionoidea,Darkling Beetles and Allies,Insecta,0,0,0.17337047100265493,0.0,1,2.0,0.1963587999343872,23.0,True Negative
Phenopelopidae,Unknown,Arachnida,0,0,0.1732304871724263,0.0,1,66.0,0.1541908979415893,23.0,True Negative
Platyliodes scaliger,Unknown,Arachnida,0,0,0.1732304871724263,0.0,1,66.0,0.1541908979415893,23.0,True Negative
Sclerodermatineae,Unknown,Fungi,0,0,0.17322343933112738,0.0,1,2.0,0.1696696579456329,24.0,True Negative
Anthocerotophyta,hornworts,Plantae,0,0,0.17318628414029483,0.0,2,52.5,0.20708484202623362,22.5,True Negative
Sphex dorsalis,Unknown,Insecta,0,0,0.1731730906980194,0.0,2,3.0,0.1881095692515373,24.0,True Negative
Hieraciinae,hawkweeds,Plantae,0,0,0.1730966317839182,0.0,1,84.0,0.1467289328575134,25.0,True Negative
Nemognatha,Unknown,Insecta,0,0,0.17303757914882612,0.0,2,2.5,0.1719871014356613,26.5,True Negative
Harmochirina,Unknown,Arachnida,0,0,0.17294870059211245,0.0,1,10.0,0.2051988244056701,22.0,True Negative
Geminaria canalis,Unknown,Insecta,0,0,0.17293920140750096,0.0,1,9.0,0.1626023799180984,20.0,True Negative
Eristalinae,Drone Flies and Allies,Insecta,0,0,0.17288390163355205,0.0,2,43.0,0.19176572561264035,25.5,True Negative
Johnstonella,Unknown,Plantae,0,0,0.17280226809789775,0.0,1,61.0,0.1443676352500915,27.0,True Negative
Anthidiellum notatum robertsoni,California Rotund-Resin Bee,Insecta,0,0,0.17272735847148682,0.0,2,78.5,0.17355744540691376,25.0,True Negative
Arctostaphylos glauca,Big Berry Manzanita,Plantae,0,0,0.1727026742990029,0.0,1,88.0,0.1862426996231079,22.0,True Negative
Trichopoda pennipes,Swift Feather-legged Fly,Insecta,0,0,0.17263952185310846,0.0,1,7.0,0.2115685492753982,22.0,True Negative
Cauchas,Unknown,Insecta,0,0,0.17256715653564145,0.0,3,58.666666666666664,0.14563276122013727,28.333333333333332,True Negative
Alyxoria varia,Bark scribble,Fungi,0,0,0.17251087142077137,0.0,4,17.5,0.20464486256241796,21.5,True Negative
Eriogonum elongatum,Long-stemmed Buckwheat,Plantae,0,0,0.17239779972476502,0.0,1,15.0,0.1701818406581878,22.0,True Negative
Gonatopus,Unknown,Insecta,0,0,0.17229320464615824,0.0,1,1.0,0.2182213515043258,24.0,True Negative
Neottiglossa,Unknown,Insecta,0,0,0.17208131790912676,0.0,1,5.0,0.1517946571111679,20.0,True Negative
Adenostoma,Unknown,Plantae,0,0,0.1720454876791159,0.0,1,97.0,0.1369224190711975,23.0,True Negative
Logfia,cottonroses,Plantae,0,0,0.1720454876791159,0.0,1,97.0,0.1369224190711975,23.0,True Negative
Mexigonus minutus,Unknown,Arachnida,0,0,0.17182810591658237,0.0,3,106.0,0.1253102868795395,23.0,True Negative
Asydates,Unknown,Insecta,0,0,0.17180076429496555,0.0,2,104.5,0.0953234583139419,23.0,True Negative
Leymus × multiflorus,Unknown,Plantae,0,0,0.1716054733209356,0.0,1,19.0,0.1543194502592086,22.0,True Negative
Maleae,Unknown,Plantae,0,0,0.1715888243640578,0.0,1,56.0,0.1563741266727447,27.0,True Negative
Braconidae,Braconid Wasps,Insecta,0,0,0.1715605350742072,0.0,2,81.5,0.1689137145876884,25.0,True Negative
Ephydrini,Unknown,Insecta,0,0,0.1715310007406101,0.0,1,0.0,0.1861250400543213,24.0,True Negative
Hydrophorini,Unknown,Insecta,0,0,0.1715310007406101,0.0,1,0.0,0.1861250400543213,24.0,True Negative
Castilleja subinclusa franciscana,Franciscan Paintbrush,Plantae,0,0,0.1714687992030765,0.0,1,54.0,0.1759729385375976,26.0,True Negative
Erynnis,Duskywings,Insecta,0,0,0.17142239978402438,0.0,2,84.5,0.14989069849252695,25.5,True Negative
Macariini,Angle Moths and Allies,Insecta,0,0,0.17137776034088964,0.0,1,103.0,0.1263505667448043,23.0,True Negative
Oletheriostrigula papulosa,Unknown,Fungi,0,0,0.17137667769865264,0.0,1,1.0,0.1254367083311081,26.0,True Negative
Triglochin concinna concinna,Unknown,Plantae,0,0,0.17123998180345296,0.0,1,0.0,0.1749349534511566,24.0,True Negative
Neoscona arabesca,Arabesque Orbweaver,Arachnida,0,0,0.1711056492775746,0.0,1,66.0,0.1483278274536132,24.0,True Negative
Archytas apicifer,Hornworm Tachinid Fly,Insecta,0,0,0.17095559861534318,0.0,2,59.0,0.14897424727678293,20.0,True Negative
Jungermanniidae,leafy liverworts,Plantae,0,0,0.17088484798925113,0.0,1,39.0,0.2230610698461532,24.0,True Negative
Mexigonus morosus,Unknown,Arachnida,0,0,0.17076048142650646,0.0,1,98.0,0.1483525335788726,22.0,True Negative
Sitta canadensis,Red-breasted Nuthatch,Aves,0,0,0.17068982533222551,0.0,1,116.0,0.1418688595294952,20.0,True Negative
Cheiracanthium,Longlegged Sac Spiders,Arachnida,0,0,0.1706379768463346,0.0,1,30.0,0.1138356551527977,29.0,True Negative
Salvia clevelandii × mellifera,Unknown,Plantae,0,0,0.1705215540368249,0.0,1,62.0,0.1708632409572601,23.0,True Negative
Amaryllidaceae,"amaryllis, onions, and allies",Plantae,0,0,0.1704772977141957,0.0,1,14.0,0.1570623964071273,20.0,True Negative
Cicadellidae,Typical Leafhoppers,Insecta,0,0,0.17043396850747333,0.0,2,72.0,0.17425348609685895,24.0,True Negative
Pissonotus delicatus,Unknown,Insecta,0,0,0.17037028517146321,0.0,1,43.0,0.1572544872760772,22.0,True Negative
Draba verna,Common Whitlowgrass,Plantae,0,0,0.1703518860950742,0.0,1,63.0,0.1496951580047607,24.0,True Negative
Phthiriini,Unknown,Insecta,0,0,0.17033037179409705,0.0,1,45.0,0.1466952264308929,22.0,True Negative
Pontia,Unknown,Insecta,0,0,0.1703068986500523,0.0,1,56.0,0.1713127195835113,24.0,True Negative
Stenamma,Unknown,Insecta,0,0,0.170278608868843,0.0,1,29.0,0.0883324295282363,0.0,True Negative
Stibia,Unknown,Insecta,0,0,0.170278608868843,0.0,1,29.0,0.0883324295282363,0.0,True Negative
Rhus trilobata,Skunkbush Sumac,Plantae,0,0,0.1702433869353031,0.0,1,23.0,0.2171617150306701,24.0,True Negative
Tortula muralis,Wall Screw-moss,Plantae,0,0,0.1702433869353031,0.0,1,23.0,0.2171617150306701,24.0,True Negative
Miltogramminae,Satellite Flies,Insecta,0,0,0.17021439540204905,0.0,2,37.0,0.19730562716722486,26.0,True Negative
Dryudella,Unknown,Insecta,0,0,0.17018550811757857,0.0,1,4.0,0.1482370048761367,20.0,True Negative
Colaspidea,Unknown,Insecta,0,0,0.17005916020409106,0.0,1,56.0,0.1788056641817093,22.0,True Negative
Lepidanthrax,Unknown,Insecta,0,0,0.17005916020409106,0.0,1,56.0,0.1788056641817093,22.0,True Negative
Rosa californica,California Wild Rose,Plantae,0,0,0.17001759059625685,0.0,1,71.0,0.1741988211870193,24.0,True Negative
Crassula solieri,Little Pygmyweed,Plantae,0,0,0.17000595129349094,0.0,1,109.0,0.1520653516054153,23.0,True Negative
Elatine brachysperma,Shortseed Waterwort,Plantae,0,0,0.17000595129349094,0.0,1,109.0,0.1520653516054153,23.0,True Negative
Gnaphalium palustre,western marsh cudweed,Plantae,0,0,0.17000595129349094,0.0,1,109.0,0.1520653516054153,23.0,True Negative
Eriastrum,Woollystars,Plantae,0,0,0.1699334947517836,0.0,1,3.0,0.1488434672355651,20.0,True Negative
Trachemys scripta,Pond Slider,Reptilia,0,0,0.16972295038934965,0.0,1,103.0,0.123661495745182,23.0,True Negative
Cephaloziella hampeana,Hampe's Threadwort,Plantae,0,0,0.16951993753455757,0.0,2,99.0,0.1433731690049171,23.5,True Negative
Diatrypaceae,Unknown,Fungi,0,0,0.16951197996095949,0.0,2,41.5,0.1850792840123176,25.5,True Negative
Molluginaceae,Carpetweed Family,Plantae,0,0,0.16944271609802525,0.0,1,47.0,0.172157347202301,18.0,True Negative
Stenopogon,Unknown,Insecta,0,0,0.16912712885426093,0.0,1,11.0,0.1756433695554733,20.0,True Negative
Vinealobryum nicholsonii,Nicholson's Beard-moss,Plantae,0,0,0.1690728448485486,0.0,1,64.0,0.157132863998413,24.0,True Negative
Rabdophaga salicisbrassicoides,Willow Rosette Gall Midge,Insecta,0,0,0.16897348388653338,0.0,2,7.5,0.19559196382761,23.0,True Negative
Pholcus phalangioides,Long-bodied Cellar Spider,Arachnida,0,0,0.1687867520968857,0.0,1,104.0,0.1388251334428787,23.0,True Negative
Dianthidium,Pebble bees,Insecta,0,0,0.16869039914211742,0.0,2,41.5,0.1896988227963447,25.5,True Negative
Ephedra,Jointfirs,Plantae,0,0,0.16827745472179803,0.0,1,103.0,0.123661495745182,23.0,True Negative
Pteromalidae,Unknown,Insecta,0,0,0.16769341108577568,0.0,2,73.0,0.18049380928277964,21.0,True Negative
Eriophyllum wallacei,Wallace's woollydaisy,Plantae,0,0,0.16763885912981755,0.0,1,37.0,0.102741502225399,0.0,True Negative
Dasymutilla coccineohirta,Unknown,Insecta,0,0,0.16762516779589653,0.0,1,4.0,0.1954776644706726,24.0,True Negative
Sphecinae,Unknown,Insecta,0,0,0.16762516779589653,0.0,1,4.0,0.1954776644706726,24.0,True Negative
Pheidole pilifera,Pilifera-group Big-headed Ants,Insecta,0,0,0.167610255173225,0.0,3,61.333333333333336,0.16695856551329294,20.666666666666668,True Negative
Paraphymatoceros,Unknown,Plantae,0,0,0.1675333352766311,0.0,5,101.8,0.12092100828886028,20.0,True Negative
Lecanora expallens,Unknown,Fungi,0,0,0.16752653268820175,0.0,3,79.0,0.16518418987592057,23.333333333333332,True Negative
Hypsiglena ochrorhynchus,Coast Night Snake,Reptilia,0,0,0.16749443057905736,0.0,1,104.0,0.1552087217569351,23.0,True Negative
Nemacladus ramosissimus,Nuttall's threadplant,Plantae,0,0,0.16736038798001046,0.0,1,42.0,0.1816647499799728,20.0,True Negative
Misumenoides,Unknown,Arachnida,0,0,0.16718983583399458,0.0,1,87.0,0.1736891716718673,22.0,True Negative
Canacidae,Beach Flies,Insecta,0,0,0.1670783365453186,0.0,1,57.0,0.1749230772256851,22.0,True Negative
Ips typographus,European spruce bark beetle,Insecta,0,0,0.1670783365453186,0.0,1,57.0,0.1749230772256851,22.0,True Negative
Leptogastrini,Unknown,Insecta,0,0,0.1670783365453186,0.0,1,57.0,0.1749230772256851,22.0,True Negative
Milichiidae,Freeloader Flies,Insecta,0,0,0.1670783365453186,0.0,1,57.0,0.1749230772256851,22.0,True Negative
Annaphila decia,Unknown,Insecta,0,0,0.16683997197285225,0.0,1,67.0,0.1511730551719665,25.0,True Negative
Cucullia speyeri,Speyer's Hooded Owlet,Insecta,0,0,0.16683997197285225,0.0,1,67.0,0.1511730551719665,25.0,True Negative
Dielis pilipes,Hairy-footed Scoliid Wasp,Insecta,0,0,0.16683040699911078,0.0,1,37.0,0.1050818264484405,26.0,True Negative
Heterodermia,Fringe Lichens,Fungi,0,0,0.1666904446938558,0.0,2,45.0,0.1915688589215278,24.5,True Negative
Gulielmina vermicularis,Unknown,Protozoa,0,0,0.16660416624990473,0.0,1,18.0,0.1947829276323318,20.0,True Negative
Asphondylia enceliae,Unknown,Insecta,0,0,0.1665425299511255,0.0,1,40.0,0.1204284876585006,26.0,True Negative
Albugo resedae,Whitepuff Mold,Chromista,0,0,0.16651173434270394,0.0,1,108.0,0.1093192994594574,21.0,True Negative
Liorhyssus,Unknown,Insecta,0,0,0.16646163518277113,0.0,2,27.5,0.1752705499529838,28.0,True Negative
Aculeata,"Ants, Bees, and Stinging Wasps",Insecta,0,0,0.16646009374418066,0.0,2,59.0,0.16264293342828745,28.0,True Negative
Brachypylina,Unknown,Arachnida,0,0,0.16625683435578614,0.0,1,41.0,0.1689988821744918,20.0,True Negative
Bombylius facialis,Unknown,Insecta,0,0,0.16617180107520224,0.0,2,67.0,0.16570170223712916,29.0,True Negative
Feron parmula,Disc Gall Wasp,Insecta,0,0,0.16610166044198557,0.0,1,33.0,0.2224979251623153,24.0,True Negative
Roccella,Litmus Lichens,Fungi,0,0,0.16593208815918314,0.0,1,48.0,0.1713127195835113,24.0,True Negative
Gnaphaloides,Section Gnaphaloides,Plantae,0,0,0.16549876041665268,0.0,1,72.0,0.1630804538726806,24.0,True Negative
Mucorales,Pin Molds,Fungi,0,0,0.16545108881902812,0.0,2,64.5,0.15693629533052444,21.5,True Negative
Phalaris minor,Lesser Canary Grass,Plantae,0,0,0.16529175101361906,0.0,1,1.0,0.1886195093393325,24.0,True Negative
Ramosissimae,Unknown,Plantae,0,0,0.16524907060986874,0.0,1,76.0,0.1178104281425476,24.0,True Negative
Visceae,viscaceous mistletoes,Plantae,0,0,0.16524907060986874,0.0,1,76.0,0.1178104281425476,24.0,True Negative
Lycaenidae,Gossamer-winged Butterflies,Insecta,0,0,0.1652189166842138,0.0,2,74.5,0.1881039291620254,24.5,True Negative
Eriogoneae,Unknown,Plantae,0,0,0.165176777722862,0.0,1,55.0,0.1744575649499893,27.0,True Negative
Teloschistes chrysophthalmus,Golden-eye Lichen,Fungi,0,0,0.1651250902300317,0.0,3,77.66666666666667,0.20558063189188636,21.333333333333332,True Negative
Phobetus,Unknown,Insecta,0,0,0.16489609962766608,0.0,3,75.66666666666667,0.16375830272833503,28.0,True Negative
Tachysphex,Unknown,Insecta,0,0,0.16480380144853243,0.0,1,10.0,0.1871134340763092,20.0,True Negative
Kalotermitidae,Drywood Termites,Insecta,0,0,0.1645860121725989,0.0,2,82.0,0.1714958250522613,25.5,True Negative
Calliopsis hesperia,Unknown,Insecta,0,0,0.16434330725672325,0.0,3,8.0,0.1777959316968917,23.0,True Negative
Melissodes communis,Common Longhorn Bee,Insecta,0,0,0.16428798245980386,0.0,1,47.0,0.1767966151237487,22.0,True Negative
Leymus triticoides,Creeping wild rye,Plantae,0,0,0.16421862184804953,0.0,1,19.0,0.1860717236995697,22.0,True Negative
Arthroceras,Unknown,Plantae,0,0,0.16395507225636313,0.0,1,7.0,0.1870816051959991,24.0,True Negative
Rumex pulcher,fiddle dock,Plantae,0,0,0.16395507225636313,0.0,1,7.0,0.1870816051959991,24.0,True Negative
Pentatominae,Unknown,Insecta,0,0,0.1638505276194903,0.0,2,60.0,0.18222607672214505,26.5,True Negative
Anthonomini,Unknown,Insecta,0,0,0.16371062562608657,0.0,1,34.0,0.131125122308731,26.0,True Negative
Apsena,Unknown,Insecta,0,0,0.16371062562608657,0.0,1,34.0,0.131125122308731,26.0,True Negative
Caloptilia,Unknown,Insecta,0,0,0.16371062562608657,0.0,1,34.0,0.131125122308731,26.0,True Negative
Cardiophorus,Unknown,Insecta,0,0,0.16371062562608657,0.0,1,34.0,0.131125122308731,26.0,True Negative
Eucarazzia elegans,Mediterranean Mint Aphid,Insecta,0,0,0.16371062562608657,0.0,1,34.0,0.131125122308731,26.0,True Negative
Eusarca,Unknown,Insecta,0,0,0.16371062562608657,0.0,1,34.0,0.131125122308731,26.0,True Negative
Tuxedo,Unknown,Insecta,0,0,0.16371062562608657,0.0,1,34.0,0.131125122308731,26.0,True Negative
Macronychiini,Unknown,Insecta,0,0,0.1636754901846804,0.0,1,0.0,0.1683387011289596,24.0,True Negative
Chlorophyllum brunneum,Shaggy Parasol,Fungi,0,0,0.16361570314759136,0.0,2,41.5,0.15846235305070874,23.5,True Negative
Veromessor andrei,Andre's Harvester Ant,Insecta,0,0,0.1635346556427997,0.0,2,74.0,0.13490274921059606,24.0,True Negative
Psathyrellaceae,Brittlestems and Allies,Fungi,0,0,0.16326803877275542,0.0,2,84.5,0.14907343685626978,22.0,True Negative
Meloinae,Unknown,Insecta,0,0,0.1630029807484407,0.0,2,72.0,0.14429218322038645,21.0,True Negative
Parmotrema perlatum,Black Stone Flower,Fungi,0,0,0.16299042050736523,0.0,3,73.66666666666667,0.16455358266830442,25.333333333333332,True Negative
Bacteria,Unknown,Unknown,0,0,0.16292933489039282,0.0,1,18.0,0.2042036801576614,20.0,True Negative
Castianeira,Ant-mimic Sac Spiders,Arachnida,0,0,0.16290169711248387,0.0,1,59.0,0.1449751108884811,0.0,True Negative
Chlorochlamys appellaria,Unknown,Insecta,0,0,0.16287971992581246,0.0,1,57.0,0.1464918106794357,22.0,True Negative
Hospesneotomae protracta,Western Bloodsucking Conenose,Insecta,0,0,0.16287971992581246,0.0,1,57.0,0.1464918106794357,22.0,True Negative
Pseudohemihyalea edwardsii,Edwards' Glassy-wing Moth,Insecta,0,0,0.16287971992581246,0.0,1,57.0,0.1464918106794357,22.0,True Negative
Clistopyga,Unknown,Insecta,0,0,0.16287019201176953,0.0,1,13.0,0.1600524932146072,20.0,True Negative
Eutreta,Unknown,Insecta,0,0,0.16287019201176953,0.0,1,13.0,0.1600524932146072,20.0,True Negative
Muscina stabulans,False Stable Fly,Insecta,0,0,0.16263359222584153,0.0,1,50.0,0.1767966151237487,22.0,True Negative
Stenosini,Unknown,Insecta,0,0,0.16263359222584153,0.0,1,50.0,0.1767966151237487,22.0,True Negative
Chloracantha spinosa,Spiny Chloracantha,Plantae,0,0,0.16258271091742654,0.0,1,79.0,0.1621609181165695,24.0,True Negative
Zodarion,Ant Spiders,Arachnida,0,0,0.16255968458983486,0.0,1,17.0,0.1811254620552063,21.0,True Negative
Listroderes costirostris,Vegetable Weevil,Insecta,0,0,0.16235972899032078,0.0,2,62.0,0.12960204482078547,22.5,True Negative
Coreidae,Leaf-footed Bugs,Insecta,0,0,0.16233592707686983,0.0,2,50.5,0.21069958060979838,22.5,True Negative
Entosthodon bolanderi,Unknown,Plantae,0,0,0.16221783441381932,0.0,1,60.0,0.164096713066101,27.0,True Negative
Neivamyrmex nigrescens,Black Legionary Ant,Insecta,0,0,0.16215126315467696,0.0,3,59.666666666666664,0.1395323425531387,0.0,True Negative
Ochlodes sylvanoides,Woodland Skipper,Insecta,0,0,0.16214022982229706,0.0,1,69.0,0.170331135392189,22.0,True Negative
Platycheirus trichopus,Western Forest Sedgesitter,Insecta,0,0,0.16214022982229706,0.0,1,69.0,0.170331135392189,22.0,True Negative
Opuntia depressa,depressa cactus,Plantae,0,0,0.1619902996703814,0.0,1,87.0,0.2010568678379058,23.0,True Negative
Lipoptena depressa,Western American Deer Ked,Insecta,0,0,0.1618555786289363,0.0,1,6.0,0.1809873878955841,23.0,True Negative
Neolasioptera,Unknown,Insecta,0,0,0.1615844309704673,0.0,2,70.0,0.1518559120595455,22.0,True Negative
Ortholasma coronadense,Unknown,Arachnida,0,0,0.16156875738248822,0.0,1,56.0,0.1743523031473159,20.0,True Negative
Oloptum,Unknown,Plantae,0,0,0.16143132548617603,0.0,2,13.0,0.2045054510235786,20.0,True Negative
Bassaniana utahensis,Utah Crab Spider,Arachnida,0,0,0.16132283999654426,0.0,1,69.0,0.1440999656915664,20.0,True Negative
Ceanothus tomentosus olivaceus,Unknown,Plantae,0,0,0.1609228235959544,0.0,1,79.0,0.1496625393629074,20.0,True Negative
Scrophularia,figworts,Plantae,0,0,0.1609228235959544,0.0,1,79.0,0.1496625393629074,20.0,True Negative
Geranium,geraniums and cranesbills,Plantae,0,0,0.16092008400487054,0.0,1,2.0,0.2227423638105392,20.0,True Negative
Toxicoscordion venenosum,Meadow Deathcamas,Plantae,0,0,0.16090526933051136,0.0,2,105.0,0.19999507814645762,18.5,True Negative
Cordylanthus rigidus rigidus,stiffly-branched bird's beak,Plantae,0,0,0.16083153003785283,0.0,1,76.0,0.172823965549469,24.0,True Negative
Neolasioptera mimuli,Unknown,Insecta,0,0,0.16080106600469993,0.0,2,61.0,0.20435344427824015,20.5,True Negative
Tibellus,Slender Crab Spiders,Arachnida,0,0,0.16075101561769786,0.0,1,61.0,0.1492314934730529,29.0,True Negative
Olea europaea,Olive,Plantae,0,0,0.16071245751259033,0.0,1,70.0,0.1620119661092758,20.0,True Negative
Neoliodidae,Unknown,Arachnida,0,0,0.1605423211133286,0.0,1,81.0,0.1832794547080993,24.0,True Negative
Culiseta inornata,Winter Marsh Mosquito,Insecta,0,0,0.16046500151627527,0.0,3,47.333333333333336,0.19992261131604508,27.0,True Negative
Trifolium depauperatum,cowbag clover,Plantae,0,0,0.16028614869949104,0.0,1,0.0,0.1684675961732864,29.0,True Negative
Eupompha elegans perpulchra,Unknown,Insecta,0,0,0.1602487460120192,0.0,2,59.5,0.1731271222233772,22.0,True Negative
Formica moki,Unknown,Insecta,0,0,0.16024012474854302,0.0,2,36.5,0.17318717390298838,29.0,True Negative
Endiodioctes,Unknown,Insecta,0,0,0.16018511463785337,0.0,2,53.5,0.1315466910600662,29.0,True Negative
Dacrymyces,Unknown,Fungi,0,0,0.16015104375953285,0.0,2,35.0,0.21764951944351196,22.0,True Negative
Centaurium tenuiflorum,Slender Centaury,Plantae,0,0,0.15976445499538564,0.0,2,102.5,0.13867168501019475,23.0,True Negative
Aspicilia glaucopsina,Unknown,Fungi,0,0,0.15975792048411297,0.0,1,89.0,0.1663353741168975,25.0,True Negative
Gryllus lineaticeps,Variable Field Cricket,Insecta,0,0,0.15971712043493289,0.0,2,12.0,0.19425166398286814,23.0,True Negative
Tibicinoides utahensis,Unknown,Insecta,0,0,0.15971468489712404,0.0,1,6.0,0.1574990451335907,29.0,True Negative
Pepsis thisbe,Thisbe's Tarantula-hawk Wasp,Insecta,0,0,0.15971353087399803,0.0,2,77.0,0.16904854029417035,23.5,True Negative
Syntrichia princeps,Brown Screw-moss,Plantae,0,0,0.15947615364946052,0.0,1,19.0,0.1905987113714218,22.0,True Negative
Calvatia pachyderma,Elephant-skin Puffball,Fungi,0,0,0.15944168150124985,0.0,1,56.0,0.1713127195835113,24.0,True Negative
Archytas,Unknown,Insecta,0,0,0.15905431083313798,0.0,2,58.0,0.18994216620922083,21.5,True Negative
Ceroplastes sinensis,Chinese Wax Scale,Insecta,0,0,0.159048599082454,0.0,2,64.0,0.14721387252211565,26.0,True Negative
Psorotichia montinii,Unknown,Fungi,0,0,0.1589679623581519,0.0,2,57.5,0.17303254455327985,21.0,True Negative
Chenopodioideae,saltbush subfamily,Plantae,0,0,0.15885141632600527,0.0,1,84.0,0.1255343854427337,29.0,True Negative
Cylindropuntieae,Unknown,Plantae,0,0,0.15882970091895493,0.0,1,96.0,0.1334729641675949,25.0,True Negative
Euphorbiaceae,Spurge Family,Plantae,0,0,0.15882970091895493,0.0,1,96.0,0.1334729641675949,25.0,True Negative
Rhynchostegium serrulatum,Steerecleus Moss,Plantae,0,0,0.1588156777963495,0.0,1,56.0,0.17619089782238,20.0,True Negative
Hirschfeldia,Unknown,Plantae,0,0,0.15865033218196947,0.0,1,7.0,0.1656420081853866,29.0,True Negative
Exochomus fasciatus,Batman Lady Beetle,Insecta,0,0,0.1586158111789816,0.0,2,36.5,0.1957489624619484,26.5,True Negative
Pertusaria tejocotensis,Unknown,Fungi,0,0,0.15857020688989928,0.0,3,107.66666666666667,0.1381380458672841,21.0,True Negative
Myrmecophilus,Unknown,Insecta,0,0,0.15849694778279003,0.0,1,0.0,0.1749349534511566,24.0,True Negative
Thomisinae,Unknown,Arachnida,0,0,0.15830089617597196,0.0,1,104.0,0.1193981990218162,20.0,True Negative
Asphodeloideae,Aloes and allies,Plantae,0,0,0.158220961437484,0.0,1,76.0,0.151039183139801,22.0,True Negative
Eriogonoideae,Unknown,Plantae,0,0,0.158220961437484,0.0,1,76.0,0.151039183139801,22.0,True Negative
Paravaejovis puritanus,Unknown,Arachnida,0,0,0.15814187795427603,0.0,1,36.0,0.1364491432905197,28.0,True Negative
Psyllobora,Fungus-eating Lady Beetles,Insecta,0,0,0.15806266742326452,0.0,1,61.0,0.1654189527034759,22.0,True Negative
Oonopidae,Goblin spiders,Arachnida,0,0,0.15778125871160123,0.0,1,72.0,0.1799259930849075,29.0,True Negative
Candelariella vitellina,Common Goldspeck,Fungi,0,0,0.15766979166147393,0.0,2,63.5,0.16208669915795326,21.0,True Negative
Lachnum virgineum,stalked hairy fairy cup,Fungi,0,0,0.15757485142536937,0.0,3,97.33333333333333,0.19072288274765015,20.0,True Negative
Paraphymatoceros pearsonii,Pearson's phaeoceros,Plantae,0,0,0.15728683205382615,0.0,3,103.33333333333333,0.1157419234514236,20.0,True Negative
Anachemmis,Unknown,Arachnida,0,0,0.15728079208801188,0.0,1,75.0,0.1761750429868698,24.0,True Negative
Rhamphomyia,Unknown,Insecta,0,0,0.15725430062842194,0.0,2,17.5,0.22238694876432413,22.5,True Negative
Trentepohlia umbrina,Unknown,Plantae,0,0,0.15721725343427348,0.0,1,72.0,0.1630614548921585,23.0,True Negative
Didymodon nevadensis,Gold Butte Moss,Plantae,0,0,0.15712277064823052,0.0,1,66.0,0.1600672453641891,29.0,True Negative
Lithoseopsis hellmani,Unknown,Insecta,0,0,0.15707994555647328,0.0,1,54.0,0.2026792168617248,24.0,True Negative
Myrmeleon exitialis,Unknown,Insecta,0,0,0.1570789623625662,0.0,2,82.5,0.1718126721680164,26.5,True Negative
Ips,Engraver Beetles,Insecta,0,0,0.15704527463176485,0.0,2,86.5,0.14226716011762613,25.5,True Negative
Beta vulgaris,Beet,Plantae,0,0,0.15703314624790202,0.0,1,86.0,0.1820850372314453,19.0,True Negative
Parietaria hespera hespera,Unknown,Plantae,0,0,0.1570067408657938,0.0,1,73.0,0.1450737714767456,21.0,True Negative
Plantago elongata,Coastal Plantain,Plantae,0,0,0.15695096086964375,0.0,2,111.0,0.14590702205896375,22.0,True Negative
Rhinocyllus conicus,Nodding Thistle Receptacle Weevil,Insecta,0,0,0.15686984979867546,0.0,2,15.0,0.21193903684616083,22.5,True Negative
Chrysanthrax edititius,Unknown,Insecta,0,0,0.15685350730325096,0.0,2,9.5,0.2170455381274223,23.5,True Negative
Cyperus,Flatsedges,Plantae,0,0,0.15680803201245821,0.0,1,19.0,0.2177468240261078,22.0,True Negative
Dimelaena,Mountain Lichens,Fungi,0,0,0.1567824828954046,0.0,4,101.0,0.12649728357791898,20.5,True Negative
Philodromidae,Running Crab Spiders,Arachnida,0,0,0.15673937978347452,0.0,1,85.0,0.1933822929859161,24.0,True Negative
Salticus palpalis,Unknown,Arachnida,0,0,0.15671903359736017,0.0,1,76.0,0.1556537002325058,20.0,True Negative
Frangula californica,coffeeberry,Plantae,0,0,0.15669197367434115,0.0,1,60.0,0.1983326375484466,23.0,True Negative
Aira caryophyllea,Silver Hairgrass,Plantae,0,0,0.15664830641025418,0.0,1,15.0,0.1873395293951034,20.0,True Negative
Garrya,silktassels,Plantae,0,0,0.1565401267162094,0.0,1,99.0,0.193616896867752,23.0,True Negative
Asterella bolanderi,Unknown,Plantae,0,0,0.156485686252019,0.0,1,105.0,0.1212031617760658,22.0,True Negative
Ceroplastes cirripediformis,Barnacle Scale,Insecta,0,0,0.15638440962582587,0.0,1,61.0,0.2110646367073059,25.0,True Negative
Cheiracanthium mildei,Northern Yellow Sac Spider,Arachnida,0,0,0.15634998777213732,0.0,1,5.0,0.1796512305736541,29.0,True Negative
Astigmata,Unknown,Arachnida,0,0,0.156301831492317,0.0,1,91.0,0.1654147654771804,21.0,True Negative
Chlorogalum pomeridianum,wavy-leafed soap plant,Plantae,0,0,0.15619870902744687,0.0,2,106.5,0.1277886666357517,20.0,True Negative
Eremobatidae,Straight-faced Windscorpions,Arachnida,0,0,0.15609760404676584,0.0,1,110.0,0.1034842282533645,21.0,True Negative
Berytidae,Stilt Bugs,Insecta,0,0,0.15605527380971299,0.0,1,55.0,0.1464918106794357,22.0,True Negative
Lucilia cuprina,Australian Sheep Blow Fly,Insecta,0,0,0.15605527380971299,0.0,1,55.0,0.1464918106794357,22.0,True Negative
Leptosphaeria,Unknown,Fungi,0,0,0.1559606173070274,0.0,3,65.0,0.17538959284623457,29.0,True Negative
Sabulodes spoliata,Unknown,Insecta,0,0,0.1559557612967361,0.0,1,16.0,0.1076513975858688,29.0,True Negative
Plurinerves,Unknown,Plantae,0,0,0.15595509442603317,0.0,1,67.0,0.1552111059427261,29.0,True Negative
Castilleja applegatei,wavyleaf paintbrush,Plantae,0,0,0.1557699210657733,0.0,1,31.0,0.2025577425956726,26.0,True Negative
Cladosporiaceae,Unknown,Fungi,0,0,0.15570999616343262,0.0,1,4.0,0.1412407755851745,20.0,True Negative
Micaria,Unknown,Arachnida,0,0,0.15567960436855147,0.0,1,102.0,0.1238301321864128,21.0,True Negative
Galium parisiense,Wall Bedstraw,Plantae,0,0,0.1555044433972648,0.0,1,102.0,0.1564757078886032,23.0,True Negative
Astata,Unknown,Insecta,0,0,0.1553786283051538,0.0,2,47.5,0.18051251024007797,22.5,True Negative
Teloschistales,Sunburst Lichens and Allies,Fungi,0,0,0.15520811174481633,0.0,2,21.0,0.19321754574775696,23.5,True Negative
Oxalis corniculata,Creeping Woodsorrel,Plantae,0,0,0.15519831030032433,0.0,1,18.0,0.2138177007436752,20.0,True Negative
Anthrenus scrophulariae,Anthrenus scrophulariae species group,Insecta,0,0,0.15518462421535442,0.0,1,50.0,0.1459258198738098,22.0,True Negative
Iteomyia,Unknown,Insecta,0,0,0.15514479282612248,0.0,1,14.0,0.2168007642030716,21.0,True Negative
Liliaceae,lily family,Plantae,0,0,0.155027140942087,0.0,1,92.0,0.1672810316085815,25.0,True Negative
Bassettia ligni,Unknown,Insecta,0,0,0.1549740239914577,0.0,1,102.0,0.1496986746788025,24.0,True Negative
Imbribryum tenuisetum,Yellow-tuber Thread-moss,Plantae,0,0,0.15476969051384118,0.0,1,69.0,0.1440999656915664,20.0,True Negative
Lipoptena,Unknown,Insecta,0,0,0.15452778385844299,0.0,1,15.0,0.1860717236995697,22.0,True Negative
Rabdophaga salicisbatatus,Potato Gall Midge,Insecta,0,0,0.15452778385844299,0.0,1,15.0,0.1860717236995697,22.0,True Negative
Ostropales,"script lichens, whitewash lichens, and allies",Fungi,0,0,0.15452593994926583,0.0,2,62.5,0.20261733978986735,21.5,True Negative
Limoniidae,Limoniid Crane Flies,Insecta,0,0,0.15446602842516627,0.0,2,91.5,0.14972824603319163,26.0,True Negative
Platanus,planes,Plantae,0,0,0.15442365555327078,0.0,1,21.0,0.2258040457963943,22.0,True Negative
Cynoglossoideae,Unknown,Plantae,0,0,0.1543999627742155,0.0,1,72.0,0.1799259930849075,29.0,True Negative
Melia azedarach,Chinaberry,Plantae,0,0,0.1543750017402458,0.0,1,16.0,0.1423641294240951,20.0,True Negative
Caeculidae,Rake-Legged Mites,Arachnida,0,0,0.15422274296028338,0.0,1,109.0,0.1432505548000335,22.0,True Negative
Iris orientalis,Turkish Iris,Plantae,0,0,0.15422039207815216,0.0,1,17.0,0.1811254620552063,21.0,True Negative
Anteaglonium,Unknown,Fungi,0,0,0.15410854124919793,0.0,1,11.0,0.1934829503297805,22.0,True Negative
Pompilinae,Unknown,Insecta,0,0,0.15409409000643703,0.0,2,68.0,0.1724866554141044,28.0,True Negative
Epeolini,Unknown,Insecta,0,0,0.15404736113728648,0.0,2,6.5,0.1619392335414886,29.0,True Negative
Scleroderma polyrhizum,Many-rooted Earthball,Fungi,0,0,0.15404320998213897,0.0,1,58.0,0.1540730893611908,27.0,True Negative
Poecilus,Greenclock Ground Beetles,Insecta,0,0,0.15379984642439848,0.0,1,0.0,0.1836612969636917,24.0,True Negative
Juglans californica,Southern California Walnut,Plantae,0,0,0.15367830277536215,0.0,1,105.0,0.1499127596616745,23.0,True Negative
Matricaria chamomilla,German Chamomile,Plantae,0,0,0.15364154110767228,0.0,1,18.0,0.2042036801576614,20.0,True Negative
Drepanulatrix monicaria,Unknown,Insecta,0,0,0.15359490495558134,0.0,1,106.0,0.148080438375473,23.0,True Negative
Badumna longinqua,Grey House Spider,Arachnida,0,0,0.15357855772242046,0.0,1,1.0,0.2394927740097046,27.0,True Negative
Disciseda,Unknown,Fungi,0,0,0.15354961383291924,0.0,1,44.0,0.1513578742742538,22.0,True Negative
Cryptantha maritima,Guadalupe cryptantha,Plantae,0,0,0.15353732298547587,0.0,1,54.0,0.1327363103628158,29.0,True Negative
Psectrosciara,Unknown,Insecta,0,0,0.15348807172426562,0.0,1,49.0,0.1509732007980346,26.0,True Negative
Ponometia candefacta,Olive-shaded Bird-dropping Moth,Insecta,0,0,0.15346113939489028,0.0,1,15.0,0.1701818406581878,22.0,True Negative
Rhinacloa forticornis,Western Plant Bug,Insecta,0,0,0.15346113939489028,0.0,1,15.0,0.1701818406581878,22.0,True Negative
Bombylius major,Greater Bee Fly,Insecta,0,0,0.15341656740596246,0.0,2,17.5,0.20993970334529874,20.0,True Negative
Acarospora privigna,Common Coal Dust Lichen,Fungi,0,0,0.1534027785508585,0.0,2,84.5,0.11779561638832085,22.0,True Negative
Winthemia,Unknown,Insecta,0,0,0.15327182556416322,0.0,1,7.0,0.1934829503297805,22.0,True Negative
Psilocarphus brevissimus brevissimus,dwarf woollyheads,Plantae,0,0,0.15325710959705413,0.0,1,73.0,0.1918512135744094,23.0,True Negative
Aphis craccivora,Cowpea Aphid,Insecta,0,0,0.15319963749199084,0.0,2,69.5,0.1693768501281738,24.0,True Negative
Collema subnigrescens,Unknown,Fungi,0,0,0.15318765409301388,0.0,2,34.0,0.21448224782943726,20.5,True Negative
Ranunculoideae,"Anemones, buttercups, larkspurs and allies",Plantae,0,0,0.15303432363800654,0.0,1,78.0,0.1964431405067443,21.0,True Negative
Hypogymnia imshaugii,Imshaug's Tube Lichen,Fungi,0,0,0.1529832119684305,0.0,2,83.5,0.21414021402597425,22.5,True Negative
Aeolothrips,Unknown,Insecta,0,0,0.15295827878272394,0.0,1,91.0,0.103725716471672,25.0,True Negative
Synhalonia,Unknown,Insecta,0,0,0.15295827878272394,0.0,1,91.0,0.103725716471672,25.0,True Negative
Frederickia,Unknown,Insecta,0,0,0.15282622410978203,0.0,1,54.0,0.1409575641155243,22.0,True Negative
Myxococcales,Unknown,Unknown,0,0,0.15269806175505724,0.0,1,25.0,0.2133229821920395,20.0,True Negative
Philodromus,Running Crab Spiders,Arachnida,0,0,0.15261692391479204,0.0,1,75.0,0.182770237326622,21.0,True Negative
Myodochini,Unknown,Insecta,0,0,0.1525175381583469,0.0,2,81.0,0.14507187902927393,25.0,True Negative
Anthidium,Unknown,Insecta,0,0,0.15246197449830634,0.0,2,60.5,0.16950035095214838,28.0,True Negative
Psoloessa texana,Texas Range Grasshopper,Insecta,0,0,0.1524176417266669,0.0,1,5.0,0.1600962728261947,29.0,True Negative
Aristida purpurea nealleyi,Nealley Threeawn,Plantae,0,0,0.1523258382958247,0.0,1,95.0,0.1321267485618591,19.0,True Negative
Tramea onusta,Red Saddlebags,Insecta,0,0,0.1522719017527841,0.0,2,42.5,0.2044502720236778,21.5,True Negative
Ranunculales,"Buttercups, Poppies, and Allies",Plantae,0,0,0.1522483489766035,0.0,1,75.0,0.1612099260091781,20.0,True Negative
Empidini,Unknown,Insecta,0,0,0.1522067703253942,0.0,1,15.0,0.242547258734703,23.0,True Negative
Elymus glaucus,blue wild rye,Plantae,0,0,0.15212232293043576,0.0,1,90.0,0.1787867993116378,25.0,True Negative
Juncus balticus mexicanus,Mexican Rush,Plantae,0,0,0.15211697531675455,0.0,1,11.0,0.2020876407623291,28.0,True Negative
Eupeodes,Aphideaters,Insecta,0,0,0.1520938531210837,0.0,1,6.0,0.2131082415580749,20.0,True Negative
Pectocarya linearis ferocula,narrow-toothed pectocarya,Plantae,0,0,0.1520905278931459,0.0,1,113.0,0.1361791342496872,20.0,True Negative
Bombyliini,Unknown,Insecta,0,0,0.15207192388364868,0.0,2,37.0,0.1762219294905662,29.0,True Negative
Tetranychoidea,"Spider Mites, Flat Mites, and Allies",Arachnida,0,0,0.1519605824002629,0.0,1,16.0,0.2020585238933563,23.0,True Negative
Hemerobiiformia,Lacewings and Allies,Insecta,0,0,0.15160889842343322,0.0,1,40.0,0.1043962463736534,27.0,True Negative
Perdita trisignata,Lotus Fairy Bee,Insecta,0,0,0.15160889842343322,0.0,1,40.0,0.1043962463736534,27.0,True Negative
Puto,Unknown,Insecta,0,0,0.15156634267726157,0.0,1,97.0,0.1533447057008743,23.0,True Negative
Anthaxia,Unknown,Insecta,0,0,0.15154689410800512,0.0,1,8.0,0.2366933971643448,23.0,True Negative
Paradiacheopsis,Unknown,Protozoa,0,0,0.15140826186837525,0.0,1,96.0,0.1291541308164596,20.0,True Negative
Polycauliona luteominia bolanderi,Unknown,Fungi,0,0,0.15137944324292849,0.0,2,63.5,0.1922892406582832,24.0,True Negative
Amblystegium serpens,creeping feather-moss,Plantae,0,0,0.1513485576511886,0.0,1,16.0,0.2020585238933563,23.0,True Negative
Ptychostomum imbricatulum,Tufted Thread-moss,Plantae,0,0,0.1513485576511886,0.0,1,16.0,0.2020585238933563,23.0,True Negative
Peroneutypa,Unknown,Fungi,0,0,0.15130188984500723,0.0,1,5.0,0.1861615926027298,24.0,True Negative
Pleopsidium flavum,gold cobblestone lichen,Fungi,0,0,0.15129218686281223,0.0,1,84.0,0.1527085453271865,25.0,True Negative
Dysphania pumilio,Clammy goosefoot,Plantae,0,0,0.1512656752421387,0.0,2,115.0,0.1453472077846527,21.0,True Negative
Cryptorhopalum apicale,Unknown,Insecta,0,0,0.1512450045258449,0.0,1,7.0,0.2394001483917236,23.0,True Negative
Lepidium lasiocarpum lasiocarpum,Hairypod Pepperweed,Plantae,0,0,0.15121753742219285,0.0,1,58.0,0.1492314934730529,29.0,True Negative
Metopia,Unknown,Insecta,0,0,0.15118755244367268,0.0,2,81.0,0.16741265356540674,22.5,True Negative
Rta clade,RTA Clade Spiders,Arachnida,0,0,0.1511616858532081,0.0,2,115.5,0.13885004073381418,20.0,True Negative
Ranunculaceae,buttercup family,Plantae,0,0,0.15097347722761473,0.0,1,70.0,0.1865448206663131,21.0,True Negative
Searsia lancea,african sumac,Plantae,0,0,0.15096985126172446,0.0,1,14.0,0.1976943463087082,28.0,True Negative
Dicymolomia metalliferalis,Unknown,Insecta,0,0,0.1508978854611309,0.0,3,5.666666666666667,0.18757973611354828,29.0,True Negative
Pemphredonini,Unknown,Insecta,0,0,0.1508357354204801,0.0,2,61.0,0.16215600073337555,20.5,True Negative
Leucocoprinus birnbaumii,flowerpot parasol,Fungi,0,0,0.1507672727553057,0.0,1,7.0,0.1418406218290329,20.0,True Negative
Fannia canicularis,Lesser House Fly,Insecta,0,0,0.1506920779546226,0.0,2,93.5,0.16292875260114664,25.0,True Negative
Corymbia citriodora,Lemon-scented gum,Plantae,0,0,0.15063701096733503,0.0,1,87.0,0.2151854634284973,24.0,True Negative
Romneya,Matilija poppies,Plantae,0,0,0.15063701096733503,0.0,1,87.0,0.2151854634284973,24.0,True Negative
Nemophila maculata,fivespot,Plantae,0,0,0.15063235603808534,0.0,1,105.0,0.1261528134346008,22.0,True Negative
Tropidocarpum gracile,Dobie Pod,Plantae,0,0,0.15057428570502884,0.0,1,20.0,0.2136306464672088,23.0,True Negative
Botryosphaeriales,Unknown,Fungi,0,0,0.1505640038676776,0.0,2,45.0,0.17097998410463325,23.0,True Negative
Paraphymatoceros proskaueri,Unknown,Plantae,0,0,0.15053581856551956,0.0,2,101.5,0.1200238168239593,20.0,True Negative
Oedaleinae,Unknown,Insecta,0,0,0.150530387757484,0.0,1,64.0,0.2094489485025406,25.0,True Negative
Nassella tenuissima,Mexican feathergrass,Plantae,0,0,0.15047983375075713,0.0,1,80.0,0.2099625021219253,19.0,True Negative
Siloxerus multiflorus,small wrinklewort,Plantae,0,0,0.15047983375075713,0.0,1,80.0,0.2099625021219253,19.0,True Negative
Leprocaulon,Mealy Lichens,Fungi,0,0,0.15047203929717143,0.0,2,80.5,0.16334510594606394,21.0,True Negative
Calliopsis rhodophila,Unknown,Insecta,0,0,0.1504715926563626,0.0,2,5.5,0.1845670118927955,29.0,True Negative
Athelia arachnoidea,cobweb duster,Fungi,0,0,0.15015234769535626,0.0,2,78.0,0.15612995624542236,24.5,True Negative
Cheliferoidea,Unknown,Arachnida,0,0,0.15013770147042702,0.0,1,23.0,0.2069030702114105,22.0,True Negative
Gryllidae,True Crickets,Insecta,0,0,0.150108662468822,0.0,1,70.0,0.1411899924278259,22.0,True Negative
Stemonitis,Chocolate Tube Slimes,Protozoa,0,0,0.1500459464201228,0.0,1,44.0,0.2283082455396652,21.0,True Negative
Lordotus planus,Unknown,Insecta,0,0,0.15000533980913203,0.0,1,17.0,0.1811254620552063,21.0,True Negative
Olios giganteus,Giant Crab Spider,Arachnida,0,0,0.14998535408956487,0.0,1,17.0,0.2084158211946487,22.0,True Negative
Chorizanthe fimbriata,Fringed Spineflower,Plantae,0,0,0.14990405340100027,0.0,1,109.0,0.1024560034275055,21.0,True Negative
Gryllus multipulsator,Long-chirp Field Cricket,Insecta,0,0,0.14983047544361455,0.0,1,8.0,0.1777959316968917,23.0,True Negative
Asilidae,Robber Flies,Insecta,0,0,0.14952128539457837,0.0,2,82.0,0.1720816791057586,22.5,True Negative
Aphrophora,Unknown,Insecta,0,0,0.14939037700883476,0.0,1,56.0,0.1743523031473159,20.0,True Negative
Habronattus ustulatus,Unknown,Arachnida,0,0,0.14934315362939415,0.0,1,97.0,0.1277196854352951,19.0,True Negative
Dactylosternum,Unknown,Insecta,0,0,0.1493138795849462,0.0,2,23.0,0.2069030702114105,22.0,True Negative
Cresponea,Unknown,Fungi,0,0,0.1491593730043941,0.0,1,6.0,0.2155632525682449,20.0,True Negative
Physarum,Unknown,Protozoa,0,0,0.14873216241190496,0.0,1,100.0,0.1193981990218162,20.0,True Negative
Galium catalinense,Santa Catalina Island Bedstraw,Plantae,0,0,0.14862010179748217,0.0,1,71.0,0.1600304394960403,21.0,True Negative
Solierella,Unknown,Insecta,0,0,0.14860016253773237,0.0,2,70.5,0.1594310104846954,20.0,True Negative
Vanessa atalanta rubria,American Red Admiral,Insecta,0,0,0.14855960689271458,0.0,1,65.0,0.1650255918502807,22.0,True Negative
Timmiella crassinervis,Unknown,Plantae,0,0,0.1485586755339708,0.0,1,106.0,0.102249227464199,20.0,True Negative
Grimmia lisae,Unknown,Plantae,0,0,0.14851269718561166,0.0,1,28.0,0.2056594640016555,20.0,True Negative
Stilpon,Unknown,Insecta,0,0,0.1485051227581604,0.0,1,19.0,0.1714251488447189,21.0,True Negative
Habropoda,Unknown,Insecta,0,0,0.14833360403844076,0.0,3,79.66666666666667,0.1393420894940694,25.0,True Negative
Passaloecus,Picket-boring Aphid Wasps,Insecta,0,0,0.14832885081636063,0.0,2,85.5,0.1759869679808616,21.5,True Negative
Arctiinae,Tiger Moths and Allies,Insecta,0,0,0.14831152133954034,0.0,1,70.0,0.1862930059432983,22.0,True Negative
Paraphymatoceros hallii,Unknown,Plantae,0,0,0.1482245423412569,0.0,2,102.0,0.12161451950669286,20.0,True Negative
Adela flammeusella,Unknown,Insecta,0,0,0.14810275450782595,0.0,1,51.0,0.1272741705179214,27.0,True Negative
Adeloidea,Fairy Moths and Allies,Insecta,0,0,0.14810275450782595,0.0,1,51.0,0.1272741705179214,27.0,True Negative
Anthidium placitum,Unknown,Insecta,0,0,0.14810275450782595,0.0,1,51.0,0.1272741705179214,27.0,True Negative
Hesperotipula,Unknown,Insecta,0,0,0.14810275450782595,0.0,1,51.0,0.1272741705179214,27.0,True Negative
Nebritus pellucidus,Unknown,Insecta,0,0,0.14810275450782595,0.0,1,51.0,0.1272741705179214,27.0,True Negative
Trentepohliaceae,orange terrestrial algae,Plantae,0,0,0.14792373823239408,0.0,1,68.0,0.1711878478527069,29.0,True Negative
Olios,Golden Huntsman Spiders,Arachnida,0,0,0.1477120190954067,0.0,1,66.0,0.164520189166069,29.0,True Negative
Cryptantha clevelandii florosa,Unknown,Plantae,0,0,0.14771057744854785,0.0,1,9.0,0.1926974505186081,19.0,True Negative
Castilleja lanata,Woolly Paintbrush,Plantae,0,0,0.1476787066835328,0.0,1,69.0,0.1836595684289932,29.0,True Negative
Mycena,Bonnets,Fungi,0,0,0.14765227412836412,0.0,2,48.0,0.20561417192220685,21.0,True Negative
Rabdophaga,Willow Gall Midges,Insecta,0,0,0.14759523620648693,0.0,1,18.0,0.1243143752217292,23.0,True Negative
Opuntia orbiculata,Western Pricklypear,Plantae,0,0,0.14758443260069903,0.0,1,72.0,0.1524463146924972,21.0,True Negative
Descurainia,Tansymustards,Plantae,0,0,0.14756427145519033,0.0,1,76.0,0.2155642509460449,21.0,True Negative
Phycitodes,Unknown,Insecta,0,0,0.14752912687171205,0.0,2,77.0,0.1741462051868438,29.0,True Negative
Adela,Unknown,Insecta,0,0,0.14738983091741792,0.0,2,52.5,0.14622914046049115,27.0,True Negative
Brevitrichia,Unknown,Insecta,0,0,0.14719112622108815,0.0,1,52.0,0.1358527392148971,22.0,True Negative
Glabellula,Unknown,Insecta,0,0,0.14719112622108815,0.0,1,52.0,0.1358527392148971,22.0,True Negative
Octinodes,Unknown,Insecta,0,0,0.14719112622108815,0.0,1,52.0,0.1358527392148971,22.0,True Negative
Peleteria,Unknown,Insecta,0,0,0.14719112622108815,0.0,1,52.0,0.1358527392148971,22.0,True Negative
Craterium brunneolum,Unknown,Protozoa,0,0,0.14714102119701433,0.0,2,100.0,0.1193981990218162,20.0,True Negative
Lectoplectron,Toadflax,Plantae,0,0,0.14696484741037086,0.0,1,67.0,0.1842979043722152,29.0,True Negative
Graphis,Graffiti Lichens,Fungi,0,0,0.1469522222912284,0.0,1,19.0,0.1878412067890167,24.0,True Negative
Stegonia hyalinotricha,Unknown,Plantae,0,0,0.1466237908530544,0.0,1,0.0,0.1954884082078933,28.0,True Negative
Proctacanthus,Marauders,Insecta,0,0,0.14661905240350032,0.0,2,84.0,0.2507578432559967,19.0,True Negative
Teneriffiidae,Unknown,Arachnida,0,0,0.1465646630322475,0.0,1,104.0,0.1103914305567741,21.0,True Negative
Descurainia pinnata brachycarpa,Plains Tansymustard,Plantae,0,0,0.14649905690283152,0.0,1,72.0,0.1469015628099441,21.0,True Negative
Sarcogyne arenosa,Unknown,Fungi,0,0,0.1464642232368073,0.0,1,18.0,0.2042036801576614,20.0,True Negative
Xanthocarpia,Unknown,Fungi,0,0,0.1464642232368073,0.0,1,18.0,0.2042036801576614,20.0,True Negative
Mollisia,Unknown,Fungi,0,0,0.14629863706049331,0.0,1,10.0,0.1568896621465683,20.0,True Negative
Arthonia brucei,Unknown,Fungi,0,0,0.1462549950782445,0.0,2,72.5,0.1792543902993202,24.0,True Negative
Freesia,Freesias,Plantae,0,0,0.1462125652853265,0.0,1,104.0,0.1293302476406097,22.0,True Negative
Linaria,Toadflaxes,Plantae,0,0,0.14619684046867085,0.0,1,66.0,0.1552111059427261,29.0,True Negative
Cryptocephalinae,Case-bearing Leaf Beetles,Insecta,0,0,0.14609086627392065,0.0,1,48.0,0.1292885541915893,27.0,True Negative
Bowlesia incana,hoary bowlesia,Plantae,0,0,0.14607181847859915,0.0,1,12.0,0.2218398600816726,28.0,True Negative
Lutica,Unknown,Arachnida,0,0,0.14595030702630293,0.0,1,60.0,0.1816913187503814,29.0,True Negative
Stellaria apetala,lesser chickweed,Plantae,0,0,0.14593279417052502,0.0,1,69.0,0.1832855939865112,20.0,True Negative
Leschenaultia,Unknown,Insecta,0,0,0.1457738089054589,0.0,2,55.0,0.147824615240097,27.0,True Negative
Diplachne fusca,sprangletop,Plantae,0,0,0.14547238674202503,0.0,1,64.0,0.1640213131904602,29.0,True Negative
Diogmites angustipennis,Prairie Robber Fly,Insecta,0,0,0.14537984595595524,0.0,2,1.5,0.20117119699716562,26.0,True Negative
Matricaria discoidea,pineapple-weed,Plantae,0,0,0.14535202275845138,0.0,1,22.0,0.2147167325019836,20.0,True Negative
Buellia disciformis,Boreal Button Lichen,Fungi,0,0,0.14534999266672288,0.0,1,45.0,0.1327363103628158,29.0,True Negative
Cuscuta subinclusa,Canyon Dodder,Plantae,0,0,0.14531681114222933,0.0,1,63.0,0.1766283810138702,29.0,True Negative
Arthonia xanthoparmeliarum,Unknown,Fungi,0,0,0.14520975499191657,0.0,1,74.0,0.1734926104545593,25.0,True Negative
Schismus,Unknown,Plantae,0,0,0.14515359845767833,0.0,1,81.0,0.1625622361898422,29.0,True Negative
Mastophora cornigera,Southern Bolas Spider,Arachnida,0,0,0.14514927837736338,0.0,1,63.0,0.1766283810138702,29.0,True Negative
Clanoptilus,Unknown,Insecta,0,0,0.1450622721152773,0.0,1,58.0,0.1540730893611908,27.0,True Negative
Gastrosericina,Unknown,Insecta,0,0,0.1450622721152773,0.0,1,58.0,0.1540730893611908,27.0,True Negative
Trichiales,Unknown,Protozoa,0,0,0.14490790898138836,0.0,1,112.0,0.2171577364206314,19.0,True Negative
Echinargus isola,Reakirt's Blue,Insecta,0,0,0.14485824543531436,0.0,1,66.0,0.1895113289356231,22.0,True Negative
Neotephritis,Unknown,Insecta,0,0,0.14485824543531436,0.0,1,66.0,0.1895113289356231,22.0,True Negative
Chromelosporium,Unknown,Fungi,0,0,0.14483004834394575,0.0,2,50.5,0.2035823985934257,22.0,True Negative
Larropsis,Unknown,Insecta,0,0,0.1448019529686548,0.0,1,50.0,0.1312963962554931,27.0,True Negative
Lasioglossum brunneiventre,Brown-bellied Sweat Bee,Insecta,0,0,0.14475572971479314,0.0,3,66.33333333333333,0.17056665321191153,29.0,True Negative
Rhagidiidae,Unknown,Arachnida,0,0,0.14472632785853176,0.0,1,108.0,0.1557076126337051,22.0,True Negative
Bryum barnesii,Barnes' Bryum,Plantae,0,0,0.1446894967463148,0.0,1,101.0,0.1373021602630615,19.0,True Negative
Aphis sambuci,Elder Aphid,Insecta,0,0,0.1446470106416526,0.0,1,13.0,0.1755828112363815,20.0,True Negative
Bromus tectorum,Cheatgrass,Plantae,0,0,0.14462482196055088,0.0,1,72.0,0.1608114838600158,21.0,True Negative
Delphinium parryi parryi,Parry's larkspur,Plantae,0,0,0.14461661068183052,0.0,1,77.0,0.1702705472707748,28.0,True Negative
Juncus dubius,mariposa rush,Plantae,0,0,0.14461424747542062,0.0,1,80.0,0.1897714436054229,22.0,True Negative
Opuntia robusta,nopal tapón,Plantae,0,0,0.14453866055800216,0.0,2,130.0,0.19041888415813446,25.0,True Negative
Oenothera drummondii,beach evening-primrose,Plantae,0,0,0.1445162465956221,0.0,1,56.0,0.1351160854101181,0.0,True Negative
Ericrocis lata,Common Oil-digger-Cuckoo,Insecta,0,0,0.14444738098828927,0.0,1,84.0,0.2507578432559967,19.0,True Negative
Mycetophilidae,Fungus Gnats,Insecta,0,0,0.14444738098828927,0.0,1,84.0,0.2507578432559967,19.0,True Negative
Paravilla splendida,Unknown,Insecta,0,0,0.14444738098828927,0.0,1,84.0,0.2507578432559967,19.0,True Negative
Scatopse,Unknown,Insecta,0,0,0.14444738098828927,0.0,1,84.0,0.2507578432559967,19.0,True Negative
Adelinae,Unknown,Insecta,0,0,0.14434273982282786,0.0,1,52.0,0.1553411334753036,27.0,True Negative
Cleroidea,"Bark-gnawing, Checkered, and Soft-winged Flower Beetles",Insecta,0,0,0.14434273982282786,0.0,1,52.0,0.1553411334753036,27.0,True Negative
Sedeae,Unknown,Plantae,0,0,0.14433029421544735,0.0,1,95.0,0.1737097352743148,25.0,True Negative
Acarospora strigata,hoary cobblestone lichen,Fungi,0,0,0.14433005553364156,0.0,1,92.0,0.1432172507047653,25.0,True Negative
Aulacothorax,Unknown,Insecta,0,0,0.14432459996086,0.0,1,8.0,0.1607478111982345,29.0,True Negative
Leucodynerus,Unknown,Insecta,0,0,0.14432459996086,0.0,1,8.0,0.1607478111982345,29.0,True Negative
Melissodes tepidus,Unknown,Insecta,0,0,0.14432459996086,0.0,1,8.0,0.1607478111982345,29.0,True Negative
Pholcidae,Cellar Spiders,Arachnida,0,0,0.14432156502802967,0.0,1,69.0,0.1286544799804687,28.0,True Negative
Cortaderia jubata,Purple Pampas Grass,Plantae,0,0,0.14427829370660408,0.0,1,102.0,0.1178663372993469,20.0,True Negative
Entomophthora,Unknown,Fungi,0,0,0.14419378460888616,0.0,1,84.0,0.2507578432559967,19.0,True Negative
Entomophthoraceae,Unknown,Fungi,0,0,0.14419378460888616,0.0,1,84.0,0.2507578432559967,19.0,True Negative
Machilinus,Unknown,Insecta,0,0,0.1441297352208554,0.0,2,97.5,0.14832969754934305,25.0,True Negative
Psilochorus,Unknown,Arachnida,0,0,0.1441276863844284,0.0,1,72.0,0.1286544799804687,28.0,True Negative
Bruchidius villosus,Broom Seed Beetle,Insecta,0,0,0.14407617705144937,0.0,1,70.0,0.185618594288826,21.0,True Negative
Naematelia aurantia,golden ear,Fungi,0,0,0.14402949959913952,0.0,2,70.0,0.2052132114768028,22.0,True Negative
Cerceris,Typical Weevil Wasps and Allies,Insecta,0,0,0.14398994737244103,0.0,1,58.0,0.1558449417352676,27.0,True Negative
Agrilus blandus,Unknown,Insecta,0,0,0.14396660252426907,0.0,2,66.5,0.14954072237014765,28.5,True Negative
Oenothera,"evening primroses, sundrops, and beeblossoms",Plantae,0,0,0.14392456885397203,0.0,1,66.0,0.164520189166069,29.0,True Negative
Ceuthophilus californianus,California Camel Cricket,Insecta,0,0,0.14390406298014702,0.0,1,30.0,0.1138356551527977,29.0,True Negative
Iridopsis fragilaria,Unknown,Insecta,0,0,0.14390406298014702,0.0,1,30.0,0.1138356551527977,29.0,True Negative
Daucus,carrots,Plantae,0,0,0.14387849863419414,0.0,1,72.0,0.1412952840328216,21.0,True Negative
Allium vineale,wild garlic,Plantae,0,0,0.14373094763763167,0.0,1,100.0,0.1193981990218162,20.0,True Negative
Ottleya,Unknown,Plantae,0,0,0.1436626729988166,0.0,1,75.0,0.137820765376091,28.0,True Negative
Marmara,Unknown,Insecta,0,0,0.14363887963661362,0.0,2,88.0,0.13204010948538775,23.5,True Negative
Tortricidae,Tortricid Leafroller Moths,Insecta,0,0,0.1436155545955154,0.0,1,31.0,0.1138356551527977,29.0,True Negative
Mycetinis copelandii,garlic mushroom,Fungi,0,0,0.1434220183426819,0.0,1,23.0,0.1885421276092529,22.0,True Negative
Ponometia,Unknown,Insecta,0,0,0.14337744984420997,0.0,1,86.0,0.1274071633815765,25.0,True Negative
Calliphorinae,Unknown,Insecta,0,0,0.14330200032157953,0.0,2,79.5,0.1998461931943893,20.0,True Negative
Polyporaceae,Bracket Fungi,Fungi,0,0,0.1432258912856948,0.0,1,48.0,0.1513578742742538,22.0,True Negative
Hypogymnia mollis,Grainy Tube Lichen,Fungi,0,0,0.14315539794787863,0.0,2,62.0,0.18436543643474573,23.0,True Negative
Eleodes neotomae,Unknown,Insecta,0,0,0.1431368443315898,0.0,1,72.0,0.1489418298006057,25.0,True Negative
Holorusia hespera,Giant Western Crane Fly,Insecta,0,0,0.143107491983917,0.0,1,68.0,0.1929493248462677,24.0,True Negative
Scythris trivinctella,Banded Scythris Moth,Insecta,0,0,0.143107491983917,0.0,1,68.0,0.1929493248462677,24.0,True Negative
Enchylium,Jelly Lichens,Fungi,0,0,0.14309870826351886,0.0,2,65.0,0.21322238445281982,24.0,True Negative
Diaspis echinocacti,prickly pear scale,Insecta,0,0,0.14303553273159753,0.0,2,70.5,0.1533872969448566,28.5,True Negative
Gracillariidae,Leaf Blotch Miner Moths,Insecta,0,0,0.1430018979237739,0.0,1,75.0,0.1583717465400695,25.0,True Negative
Arthoniaceae,"Christmas lichens, comma lichens, and allies",Fungi,0,0,0.14287609768974138,0.0,2,65.5,0.1877808943390846,26.5,True Negative
Oxyopes,Grass Lynx Spiders,Arachnida,0,0,0.14283301786393054,0.0,1,5.0,0.2305957078933715,28.0,True Negative
Peripsocus,Unknown,Insecta,0,0,0.1426387535225335,0.0,1,74.0,0.1734926104545593,25.0,True Negative
Protosmia rubifloris,Prong-faced Slender-Mason,Insecta,0,0,0.1426387535225335,0.0,1,74.0,0.1734926104545593,25.0,True Negative
Arthonia tetramera,Unknown,Fungi,0,0,0.1423179952316316,0.0,2,86.5,0.17013842612504954,22.5,True Negative
Lotus corniculatus,bird's-foot trefoil,Plantae,0,0,0.1422842861349977,0.0,1,79.0,0.1897298842668533,21.0,True Negative
Callitriche,Water Starworts,Plantae,0,0,0.14228110194935867,0.0,3,108.33333333333333,0.14114919304847715,22.0,True Negative
Cladonia ramulosa,Branched Pixie-cup Lichen,Fungi,0,0,0.14223933274524103,0.0,2,56.5,0.1893109083175659,21.5,True Negative
Ploiaria,Unknown,Insecta,0,0,0.14220665869047258,0.0,1,64.0,0.157132863998413,24.0,True Negative
Melissodes personatellus,Unknown,Insecta,0,0,0.14207556222432957,0.0,1,54.0,0.1759729385375976,26.0,True Negative
Elymus,wild ryes and wheatgrasses,Plantae,0,0,0.1420747945796809,0.0,1,98.0,0.1503004282712936,25.0,True Negative
Lecanoraceae,"rim lichens, disc lichens, and allies",Fungi,0,0,0.14200475617590205,0.0,4,72.0,0.158021405339241,21.0,True Negative
Odontoloxozus longicornis,Longhorn Cactus Fly,Insecta,0,0,0.1420006691506723,0.0,2,68.5,0.153141401708126,28.5,True Negative
Tetraleurodes,Unknown,Insecta,0,0,0.14196382225746818,0.0,2,79.0,0.1937330216169357,23.5,True Negative
Chlorochroa ligata,Conchuela Bug,Insecta,0,0,0.14195073147935208,0.0,1,55.0,0.1486574858427047,27.0,True Negative
Emesaya,Unknown,Insecta,0,0,0.14179227800441296,0.0,1,13.0,0.2088183909654617,22.0,True Negative
Euscelidius,Unknown,Insecta,0,0,0.14179227800441296,0.0,1,13.0,0.2088183909654617,22.0,True Negative
Polyommatina,Unknown,Insecta,0,0,0.14179227800441296,0.0,1,13.0,0.2088183909654617,22.0,True Negative
Phaeophyscia insignis,Unknown,Fungi,0,0,0.14151858433788922,0.0,2,14.5,0.20577651262283325,23.5,True Negative
Plagiobothrys tenellus,Pacific popcornflower,Plantae,0,0,0.14139315607881933,0.0,1,104.0,0.1558798402547836,23.0,True Negative
Arrhenia chlorocyanea,Verdigris Navel,Fungi,0,0,0.1412941493664782,0.0,1,31.0,0.2036613225936889,20.0,True Negative
Primula clevelandii insularis,Unknown,Plantae,0,0,0.14113464566509887,0.0,1,73.0,0.1741988211870193,29.0,True Negative
Buellia maritima,Unknown,Fungi,0,0,0.14110080139439748,0.0,1,60.0,0.1316462606191635,29.0,True Negative
Enchylium tenax,Jelly Lichen,Fungi,0,0,0.14110080139439748,0.0,1,60.0,0.1316462606191635,29.0,True Negative
Heppia conchiloba,Unknown,Fungi,0,0,0.14110080139439748,0.0,1,60.0,0.1316462606191635,29.0,True Negative
Solanales,"nightshades, bindweeds, gooseweeds, and allies",Plantae,0,0,0.14097934055134978,0.0,1,77.0,0.1741462051868438,29.0,True Negative
Acantholomidea porosa,Unknown,Insecta,0,0,0.14087613005576807,0.0,1,67.0,0.1552111059427261,29.0,True Negative
Prodeniini,Unknown,Insecta,0,0,0.14087613005576807,0.0,1,67.0,0.1552111059427261,29.0,True Negative
Calogaya,Unknown,Fungi,0,0,0.1408651872577294,0.0,1,15.0,0.1255755275487899,22.0,True Negative
Langermannia,Unknown,Fungi,0,0,0.1408544995477653,0.0,1,19.0,0.1543194502592086,22.0,True Negative
Hysteriaceae,Unknown,Fungi,0,0,0.14085232788978344,0.0,2,55.0,0.19278253614902496,21.5,True Negative
Trentepohliales,Orange Terrestrial Algae,Plantae,0,0,0.14077042684456306,0.0,1,74.0,0.1761750429868698,29.0,True Negative
Lupinus concinnus,bajada lupine,Plantae,0,0,0.14075699023573485,0.0,1,70.0,0.1785320341587066,29.0,True Negative
Streblotrichum convolutum,lesser bird's-claw beard-moss,Plantae,0,0,0.14073397498216947,0.0,1,64.0,0.1821266263723373,29.0,True Negative
Colaspidea smaragdula,Unknown,Insecta,0,0,0.14067235533784972,0.0,1,52.0,0.1359564661979675,27.0,True Negative
Agrilus,Unknown,Insecta,0,0,0.1406197150873953,0.0,1,58.0,0.1701926738023758,27.0,True Negative
Eriophyllum lanatum,common woolly sunflower,Plantae,0,0,0.14055070126538516,0.0,1,69.0,0.1286544799804687,28.0,True Negative
Tanacetum parthenium,feverfew,Plantae,0,0,0.14055070126538516,0.0,1,69.0,0.1286544799804687,28.0,True Negative
Opogona omoscopa,Detritus Moth,Insecta,0,0,0.14030224367266123,0.0,1,72.0,0.1812272667884826,29.0,True Negative
Ephedra californica,California Jointfir,Plantae,0,0,0.14025269100464113,0.0,1,67.0,0.137820765376091,28.0,True Negative
Hazardia berberidis,Barberry-leaf Goldenbush,Plantae,0,0,0.1402081582888112,0.0,1,82.0,0.1578041464090347,28.0,True Negative
Sparassinae,Unknown,Arachnida,0,0,0.14016654764568717,0.0,1,72.0,0.1805102974176406,29.0,True Negative
Adenophyllum,dogweeds,Plantae,0,0,0.1401489846004347,0.0,1,43.0,0.1646718978881836,28.0,True Negative
Polysporina,Unknown,Fungi,0,0,0.14007384501976783,0.0,1,76.0,0.164986252784729,24.0,True Negative
Avicularioidea,Unknown,Arachnida,0,0,0.13998536092320232,0.0,1,70.0,0.1785320341587066,29.0,True Negative
Mygalomorphae,Mygalomorphs,Arachnida,0,0,0.13991939653694271,0.0,1,67.0,0.1868018507957458,29.0,True Negative
Malacothamnus densiflorus,few-rayed bushmallow,Plantae,0,0,0.1398109811603949,0.0,1,88.0,0.2221813350915908,19.0,True Negative
Neriene,Unknown,Arachnida,0,0,0.13958926891373433,0.0,1,20.0,0.2102587223052978,20.0,True Negative
Sericini,Unknown,Insecta,0,0,0.13942045688121804,0.0,1,104.0,0.1552087217569351,23.0,True Negative
Acarospora schleicheri,Soil Paint Lichen,Fungi,0,0,0.13912087609391025,0.0,4,96.5,0.14364375360310075,19.25,True Negative
Callimelissodes,Unknown,Insecta,0,0,0.13907172028170856,0.0,2,9.0,0.19078397750854487,23.0,True Negative
Homalodisca liturata,Smoketree Sharpshooter,Insecta,0,0,0.13901778436921663,0.0,1,11.0,0.1906518042087555,23.0,True Negative
Trichobaris,Unknown,Insecta,0,0,0.13901778436921663,0.0,1,11.0,0.1906518042087555,23.0,True Negative
Megasporaceae,Unknown,Fungi,0,0,0.1390037404722822,0.0,1,14.0,0.1681251525878906,28.0,True Negative
Ephemerocybe sabulicola,Unknown,Fungi,0,0,0.1388284606756372,0.0,1,85.0,0.1592103689908981,25.0,True Negative
Physcia tribacia,Beaded Rosette Lichen,Fungi,0,0,0.13872095264439047,0.0,1,18.0,0.1947829276323318,20.0,True Negative
Aporinellus,Unknown,Insecta,0,0,0.13864280352454278,0.0,1,60.0,0.168618693947792,27.0,True Negative
Brachymeria,Unknown,Insecta,0,0,0.13864280352454278,0.0,1,60.0,0.168618693947792,27.0,True Negative
Eristalinus aeneus,Common Lagoon Fly,Insecta,0,0,0.13864280352454278,0.0,1,60.0,0.168618693947792,27.0,True Negative
Hololepta vernicis,Unknown,Insecta,0,0,0.13864280352454278,0.0,1,60.0,0.168618693947792,27.0,True Negative
Sphaerocarpos texanus,Texas Balloonwort,Plantae,0,0,0.13858460913739018,0.0,2,109.5,0.159431517124176,22.0,True Negative
Catalinia,Unknown,Arachnida,0,0,0.138580156285465,0.0,1,5.0,0.1985486000776291,29.0,True Negative
Titiotus,Rocky Canyon Spiders,Arachnida,0,0,0.138580156285465,0.0,1,5.0,0.1985486000776291,29.0,True Negative
Plagiobothrys canescens,valley popcornflower,Plantae,0,0,0.13846218720138842,0.0,1,92.0,0.189446285367012,22.0,True Negative
Evylaeus,Unknown,Insecta,0,0,0.13837663270825154,0.0,1,55.0,0.147824615240097,27.0,True Negative
Melinis repens repens,ruby grass,Plantae,0,0,0.13832481648968267,0.0,1,43.0,0.1721757650375366,20.0,True Negative
Tauschia,umbrellaworts,Plantae,0,0,0.1382622169001984,0.0,1,112.0,0.1377657502889633,23.0,True Negative
Cladonia fimbriata,Trumpet Lichen,Fungi,0,0,0.13814103546685264,0.0,1,71.0,0.1741988211870193,24.0,True Negative
Prunus ilicifolia ilicifolia,holly-leaved cherry,Plantae,0,0,0.13788710836153384,0.0,1,92.0,0.1877534687519073,24.0,True Negative
Lycogala,Wolfs Milk,Protozoa,0,0,0.13787831202045336,0.0,2,108.0,0.1557076126337051,22.0,True Negative
Salvia apiana × mellifera,white × black sage hybrid,Plantae,0,0,0.13785806066103973,0.0,1,63.0,0.1350961327552795,28.0,True Negative
Fossombronia longiseta,Long-bristled Frillwort,Plantae,0,0,0.13783166684462467,0.0,1,71.0,0.2151862978935241,21.0,True Negative
Apioninae,Pear-shaped Weevils,Insecta,0,0,0.13780225653866482,0.0,2,79.0,0.1981788575649261,21.0,True Negative
Cytospora kunzei,Cytospora Canker,Fungi,0,0,0.1376082736417966,0.0,2,96.0,0.15646693855524058,24.5,True Negative
Eucrypta,Unknown,Plantae,0,0,0.13756066742308984,0.0,1,77.0,0.1995322406291961,20.0,True Negative
Malveae,Unknown,Plantae,0,0,0.13756066742308984,0.0,1,77.0,0.1995322406291961,20.0,True Negative
Portulaca oleracea,Common Purslane,Plantae,0,0,0.13756066742308984,0.0,1,77.0,0.1995322406291961,20.0,True Negative
Tanaops longiceps,Unknown,Insecta,0,0,0.1371600471581421,0.0,1,11.0,0.1790387481451034,28.0,True Negative
Dexiinae,Unknown,Insecta,0,0,0.13713536294779136,0.0,1,111.0,0.1585932970046997,23.0,True Negative
Stenodynerus anormis,Unknown,Insecta,0,0,0.13713536294779136,0.0,1,111.0,0.1585932970046997,23.0,True Negative
Steniolia elegans,Unknown,Insecta,0,0,0.1370359044392721,0.0,1,98.0,0.1501381248235702,23.0,True Negative
Vespula,Ground Yellowjackets,Insecta,0,0,0.1370359044392721,0.0,1,98.0,0.1501381248235702,23.0,True Negative
Atherigona,Shoot Flies,Insecta,0,0,0.13689639096942874,0.0,1,72.0,0.1799259930849075,29.0,True Negative
Coenonycha,Unknown,Insecta,0,0,0.13689639096942874,0.0,1,72.0,0.1799259930849075,29.0,True Negative
Pseudoscaeva diversifasciata,Silver-banded Hover Fly,Insecta,0,0,0.13689639096942874,0.0,1,72.0,0.1799259930849075,29.0,True Negative
Saxinis saucia,Red-shouldered Leaf Beetle,Insecta,0,0,0.13689639096942874,0.0,1,72.0,0.1799259930849075,29.0,True Negative
Tremellales,Unknown,Fungi,0,0,0.13680826124915405,0.0,1,39.0,0.2230610698461532,24.0,True Negative
Quercus berberidifolia × dumosa,Unknown,Plantae,0,0,0.1367884587723643,0.0,1,10.0,0.1929088085889816,20.0,True Negative
Eustala,Unknown,Arachnida,0,0,0.13663058962403957,0.0,1,80.0,0.1777916997671127,28.0,True Negative
Cactaceae,cacti,Plantae,0,0,0.1365233650106433,0.0,1,60.0,0.1419512331485748,0.0,True Negative
Kickxia elatine,Sharp-leaved Fluellen,Plantae,0,0,0.1365233650106433,0.0,1,60.0,0.1419512331485748,0.0,True Negative
Madia,tarweeds,Plantae,0,0,0.1365233650106433,0.0,1,60.0,0.1419512331485748,0.0,True Negative
Astragalus pomonensis,Pomona Milkvetch,Plantae,0,0,0.13644392498102056,0.0,1,57.0,0.1357163488864898,0.0,True Negative
Baccharis salicina,willow baccharis,Plantae,0,0,0.13625671721820518,0.0,1,80.0,0.1777916997671127,28.0,True Negative
Cirsium occidentale occidentale,Unknown,Plantae,0,0,0.13616767472145772,0.0,1,98.0,0.1784821450710296,25.0,True Negative
Isocoma menziesii vernonioides,Green-leaved Dune Goldenbush,Plantae,0,0,0.13615491984966202,0.0,1,104.0,0.1157835721969604,22.0,True Negative
Physciella,Unknown,Fungi,0,0,0.1361289171719702,0.0,1,61.0,0.1703515499830246,24.0,True Negative
Tetragnatha,Unknown,Arachnida,0,0,0.1361216182483553,0.0,1,5.0,0.2033384442329406,29.0,True Negative
Clitocybe,Funnels,Fungi,0,0,0.13599755477003134,0.0,1,0.0,0.1640033721923828,29.0,True Negative
Galeropsidaceae,Unknown,Fungi,0,0,0.13599755477003134,0.0,1,0.0,0.1640033721923828,29.0,True Negative
Listrini,Unknown,Insecta,0,0,0.13585990540292228,0.0,1,62.0,0.1544401198625564,29.0,True Negative
Chaenactis fremontii,Fremont's pincushion,Plantae,0,0,0.1357444104340397,0.0,1,78.0,0.2037393748760223,21.0,True Negative
Feron crystallinum,Crystalline Gall Wasp,Insecta,0,0,0.1357405438096723,0.0,1,101.0,0.1421920657157898,23.0,True Negative
Cicadellini,Unknown,Insecta,0,0,0.1355797522180988,0.0,1,85.0,0.1230783760547638,25.0,True Negative
Promachus,Giant Robber Flies,Insecta,0,0,0.13556843736716784,0.0,2,94.5,0.14202973991632462,24.5,True Negative
Callipepla californica californica,Northern California Quail,Aves,0,0,0.13556456819381846,0.0,1,105.0,0.1624626070261001,21.0,True Negative
Digitaria,"crabgrasses, cottontops, and allies",Plantae,0,0,0.1353895459836144,0.0,1,12.0,0.1856803596019745,20.0,True Negative
Geraniaceae,Geranium family,Plantae,0,0,0.1353895459836144,0.0,1,12.0,0.1856803596019745,20.0,True Negative
Mutarda,Unknown,Plantae,0,0,0.1353895459836144,0.0,1,12.0,0.1856803596019745,20.0,True Negative
Hilara,Balloon Flies,Insecta,0,0,0.13529934966704785,0.0,1,102.0,0.1439417898654937,23.0,True Negative
Cistus creticus,Hoary Rock-rose,Plantae,0,0,0.13523174657509648,0.0,1,112.0,0.1522859632968902,23.0,True Negative
Gymnopus,Unknown,Fungi,0,0,0.1351967357899547,0.0,1,54.0,0.2026792168617248,24.0,True Negative
Habropoda depressa,Unknown,Insecta,0,0,0.13517063754557107,0.0,1,77.0,0.1568213403224945,25.0,True Negative
Cophura,Unknown,Insecta,0,0,0.13513829294955332,0.0,1,113.0,0.1377657502889633,23.0,True Negative
Aleuroplatus coronata,Crown Whitefly,Insecta,0,0,0.1350340424056948,0.0,1,27.0,0.220486506819725,20.0,True Negative
Polycarpon tetraphyllum tetraphyllum,four-leaved allseed,Plantae,0,0,0.13483895258566372,0.0,1,111.0,0.1261358708143234,22.0,True Negative
Convolvuloideae,"Bindweeds, Morning-glories and Allies",Plantae,0,0,0.13480100610550338,0.0,1,72.0,0.1805102974176406,29.0,True Negative
Teloschistes,Hair Lichens,Fungi,0,0,0.13465953575974915,0.0,1,76.0,0.1450895816087722,24.0,True Negative
Chenia,Unknown,Plantae,0,0,0.1345024409605037,0.0,1,108.0,0.1327279210090637,22.0,True Negative
Placynthiella icmalea,Stiff Tar-spot Lichen,Fungi,0,0,0.13430210252023714,0.0,1,79.0,0.1786599457263946,25.0,True Negative
Helicosmia,Unknown,Insecta,0,0,0.1339360753796652,0.0,1,15.0,0.1571780443191528,20.0,True Negative
Trapelia coarctata,Unknown,Fungi,0,0,0.13389502703342174,0.0,2,72.5,0.1813764348626136,25.0,True Negative
Spergula,Spurreys,Plantae,0,0,0.13367195116203248,0.0,1,60.0,0.1918677389621734,21.0,True Negative
Orthotrichaceae,Unknown,Plantae,0,0,0.13365519194033876,0.0,1,43.0,0.2004365622997284,20.0,True Negative
Diploicia,Pleated Lichens,Fungi,0,0,0.13346834885341405,0.0,1,12.0,0.1936492919921875,20.0,True Negative
Libytheana carinenta,American Snout,Insecta,0,0,0.13343982431300117,0.0,1,18.0,0.2138177007436752,20.0,True Negative
Scolytini,Typical Bark Beetles,Insecta,0,0,0.13343982431300117,0.0,1,18.0,0.2138177007436752,20.0,True Negative
Bombylius diegoensis,Unknown,Insecta,0,0,0.13336817577233168,0.0,1,101.0,0.1043564453721046,20.0,True Negative
Conura,Unknown,Insecta,0,0,0.13316235860270662,0.0,1,100.0,0.1576225310564041,23.0,True Negative
Crassula aquatica,Aquatic pygmyweed,Plantae,0,0,0.13311482855961296,0.0,1,108.0,0.1520653516054153,23.0,True Negative
Helophytum,Unknown,Plantae,0,0,0.13311482855961296,0.0,1,108.0,0.1520653516054153,23.0,True Negative
Sagina decumbens occidentalis,western pearlwort,Plantae,0,0,0.13311482855961296,0.0,1,108.0,0.1520653516054153,23.0,True Negative
Geranium incanum,carpet crane's-bill,Plantae,0,0,0.1331084615762577,0.0,1,103.0,0.148392766714096,22.0,True Negative
Agapostemon texanus,Unknown,Insecta,0,0,0.13308457781330396,0.0,1,79.0,0.1786599457263946,25.0,True Negative
Pertusaria pustulata,Branch Bumps,Fungi,0,0,0.13306179752955385,0.0,1,23.0,0.2017556279897689,20.0,True Negative
Toninia,Bruise Lichens,Fungi,0,0,0.13303832151141445,0.0,1,66.0,0.1833325773477554,24.0,True Negative
Pegasomyia abaureus,Unknown,Insecta,0,0,0.132997056923059,0.0,1,84.0,0.1527085453271865,25.0,True Negative
Stachys bullata,California Hedge Nettle,Plantae,0,0,0.13298045398965375,0.0,1,87.0,0.187210738658905,22.0,True Negative
Lichinomycetes,Unknown,Fungi,0,0,0.13291344451248,0.0,1,71.0,0.1374493837356567,24.0,True Negative
Cercocarpus betuloides,Birchleaf Mountain Mahogany,Plantae,0,0,0.13290524357676142,0.0,1,77.0,0.1626972556114196,28.0,True Negative
Arachnopeziza,Unknown,Fungi,0,0,0.13281331221090492,0.0,1,20.0,0.2316765785217285,20.0,True Negative
Marasmius,Pinwheels and Parachute Mushrooms,Fungi,0,0,0.13275420712293554,0.0,1,28.0,0.2056594640016555,20.0,True Negative
Marasmius plicatulus,red pinwheel,Fungi,0,0,0.13270370262265505,0.0,1,33.0,0.2224979251623153,24.0,True Negative
Cydninae,Unknown,Insecta,0,0,0.1326376179512673,0.0,1,71.0,0.1741988211870193,24.0,True Negative
Fiorinia,Unknown,Insecta,0,0,0.1326376179512673,0.0,1,71.0,0.1741988211870193,24.0,True Negative
Euodynerus,Unknown,Insecta,0,0,0.1324601754605235,0.0,1,86.0,0.1536443829536438,24.0,True Negative
Nostoc commune,Unknown,Unknown,0,0,0.13240790168715078,0.0,2,108.0,0.1327279210090637,22.0,True Negative
Cymatodera,Unknown,Insecta,0,0,0.13219852762292583,0.0,2,69.5,0.1355533748865127,28.0,True Negative
Goedenia,Unknown,Insecta,0,0,0.13218513258582726,0.0,1,10.0,0.203772023320198,23.0,True Negative
Chenia leptophylla,Vectis-moss,Plantae,0,0,0.1321700911389908,0.0,2,103.0,0.16138103604316711,20.5,True Negative
Neaspilota,Unknown,Insecta,0,0,0.1320047570864467,0.0,1,67.0,0.1638305336236953,29.0,True Negative
Sclerococcum,Unknown,Fungi,0,0,0.13198919020954386,0.0,3,78.0,0.1705646266539891,24.0,True Negative
Freesia leichtlinii,Dune Kammetjie,Plantae,0,0,0.13187937514059705,0.0,2,106.0,0.1425189301371574,22.0,True Negative
Leotiomycetes,Unknown,Fungi,0,0,0.13178946304833963,0.0,1,46.0,0.1931426376104354,20.0,True Negative
Pezizomycetes,Operculate Ascomycetes,Fungi,0,0,0.13178946304833963,0.0,1,46.0,0.1931426376104354,20.0,True Negative
Synchytrium myosotidis,borage chytrid,Fungi,0,0,0.13178946304833963,0.0,1,46.0,0.1931426376104354,20.0,True Negative
Patellaria atrata,Unknown,Fungi,0,0,0.1317796613475274,0.0,2,55.0,0.1406992301344871,28.5,True Negative
Dimorphotheca fruticosa,trailing African daisy,Plantae,0,0,0.1315707585920628,0.0,1,105.0,0.1778337359428405,22.0,True Negative
Phanias monticola,Unknown,Arachnida,0,0,0.13154202614112906,0.0,1,106.0,0.1894042938947677,22.0,True Negative
Arthothelium spectabile,Unknown,Fungi,0,0,0.13122577777358913,0.0,1,69.0,0.1383017003536224,23.0,True Negative
Cupressus,cypresses,Plantae,0,0,0.13112610306449635,0.0,1,118.0,0.1473212391138076,20.0,True Negative
Pyrausta napaealis,Unknown,Insecta,0,0,0.1309794656663384,0.0,1,80.0,0.1182441189885139,24.0,True Negative
Ennomini,Unknown,Insecta,0,0,0.1307327452815052,0.0,1,73.0,0.1404187232255935,24.0,True Negative
Myrmecocystus mimicus,Mimicus-flaviceps-group Honeypot Ants,Insecta,0,0,0.13069817553068602,0.0,1,54.0,0.1327363103628158,29.0,True Negative
Collema,Tree Jelly Lichens,Fungi,0,0,0.13053642797452275,0.0,1,32.0,0.2096038907766342,20.0,True Negative
Metacampanella subdendrophora,Unknown,Fungi,0,0,0.13053642797452275,0.0,1,32.0,0.2096038907766342,20.0,True Negative
Hymenogastraceae,Unknown,Fungi,0,0,0.13048313283519175,0.0,1,69.0,0.170331135392189,22.0,True Negative
Chilocorini,Unknown,Insecta,0,0,0.1304824014950615,0.0,1,79.0,0.1719459146261215,24.0,True Negative
Callirhytis quercussuttoni,Gouty Stem Gall Wasp,Insecta,0,0,0.13047993040093436,0.0,3,99.66666666666667,0.17456988990306851,24.0,True Negative
Xylocopa,Large Carpenter Bees,Insecta,0,0,0.13038928456774346,0.0,1,94.0,0.1479548215866089,23.0,True Negative
Cylindrocopturus mediinotus,Unknown,Insecta,0,0,0.13037253214434588,0.0,2,71.5,0.16464465856552118,21.0,True Negative
Lauxaniidae,Lauxaniid Flies,Insecta,0,0,0.13036556743395222,0.0,1,70.0,0.1594310104846954,20.0,True Negative
Trathala,Unknown,Insecta,0,0,0.13036556743395222,0.0,1,70.0,0.1594310104846954,20.0,True Negative
Crassula ovata,jade plant,Plantae,0,0,0.13031815058463683,0.0,1,101.0,0.2012812793254852,19.0,True Negative
Bolbitius titubans,yellow fieldcap,Fungi,0,0,0.12990315950848672,0.0,1,11.0,0.2020876407623291,28.0,True Negative
Leptopsylla segnis,European Mouse Flea,Insecta,0,0,0.12983059327863122,0.0,1,0.0,0.1684675961732864,29.0,True Negative
Sayapis,Unknown,Insecta,0,0,0.12983059327863122,0.0,1,0.0,0.1684675961732864,29.0,True Negative
Cyperus alternifolius,Umbrella Papyrus,Plantae,0,0,0.12981896130540233,0.0,1,108.0,0.1587554365396499,22.0,True Negative
Helianthemum,dwarf rock-roses,Plantae,0,0,0.12981896130540233,0.0,1,108.0,0.1587554365396499,22.0,True Negative
Eurytoma,Unknown,Insecta,0,0,0.1296548865767859,0.0,1,70.0,0.1424522697925567,28.0,True Negative
Exoprosopa fascipennis,Band-winged Bee Fly,Insecta,0,0,0.1296548865767859,0.0,1,70.0,0.1424522697925567,28.0,True Negative
Suleima,Unknown,Insecta,0,0,0.1296548865767859,0.0,1,70.0,0.1424522697925567,28.0,True Negative
Trupanea vicina,Marigold Fruit Fly,Insecta,0,0,0.1296548865767859,0.0,1,70.0,0.1424522697925567,28.0,True Negative
Pangoniini,Unknown,Insecta,0,0,0.1293528275985524,0.0,1,100.0,0.1452556848526001,23.0,True Negative
Diadophis punctatus,Ring-necked Snake,Reptilia,0,0,0.1293058731162255,0.0,1,99.0,0.1350936144590377,19.0,True Negative
Herniaria hirsuta,hairy rupturewort,Plantae,0,0,0.12908769654063207,0.0,1,115.0,0.1476131081581115,20.0,True Negative
Plutella xylostella,Diamondback Moth,Insecta,0,0,0.12901307690287514,0.0,1,68.0,0.1427730023860931,29.0,True Negative
Chrysidinae,Unknown,Insecta,0,0,0.12881008837751468,0.0,1,103.0,0.1484358012676239,23.0,True Negative
Caloplaca pygmaea,Unknown,Fungi,0,0,0.1287622908005459,0.0,2,17.0,0.20313110202550885,21.5,True Negative
Fuligo septica,Dog Vomit Slime Mold,Protozoa,0,0,0.12845654130805328,0.0,1,103.0,0.1625024229288101,22.0,True Negative
Ophion,Unknown,Insecta,0,0,0.12836949040726012,0.0,2,93.0,0.16514943540096277,23.5,True Negative
Camponotus sansabeanus,Unknown,Insecta,0,0,0.12832191500742995,0.0,1,71.0,0.1374493837356567,24.0,True Negative
Delosperma litorale,White Trailing Iceplant,Plantae,0,0,0.12830374105996278,0.0,1,104.0,0.1179484948515892,19.0,True Negative
Heliothis phloxiphaga,Darker-spotted Straw Moth,Insecta,0,0,0.1282387791520248,0.0,1,66.0,0.1552111059427261,29.0,True Negative
Lasioglossum petrellum,Unknown,Insecta,0,0,0.1282387791520248,0.0,1,66.0,0.1552111059427261,29.0,True Negative
Diplodia,Unknown,Fungi,0,0,0.12812764829648982,0.0,1,22.0,0.2147167325019836,20.0,True Negative
Ceuthophilus,Camel Crickets,Insecta,0,0,0.12788487557606515,0.0,1,37.0,0.1315315514802932,28.0,True Negative
Entoloma sericeum,Silky Pinkgill,Fungi,0,0,0.12782989436407136,0.0,1,0.0,0.1684675961732864,29.0,True Negative
Clitocybaceae,Unknown,Fungi,0,0,0.12773440289172566,0.0,1,15.0,0.1973487138748169,20.0,True Negative
Tetranychidae,Spider Mites,Arachnida,0,0,0.12769747351545216,0.0,1,64.0,0.2103205621242523,29.0,True Negative
Lamiales,"Mints, Plantains, Olives, and Allies",Plantae,0,0,0.127504649353338,0.0,1,63.0,0.2096807062625885,29.0,True Negative
Geastrum,Earthstars,Fungi,0,0,0.12727515680710907,0.0,1,19.0,0.2062938511371612,20.0,True Negative
Braconinae,Unknown,Insecta,0,0,0.12726397709326054,0.0,1,66.0,0.1481854319572448,20.0,True Negative
Corythucha marmorata,Chrysanthemum Lace Bug,Insecta,0,0,0.12726397709326054,0.0,1,66.0,0.1481854319572448,20.0,True Negative
Hedychrum,Unknown,Insecta,0,0,0.12726397709326054,0.0,1,66.0,0.1481854319572448,20.0,True Negative
Epacmus,Unknown,Insecta,0,0,0.1271105818923356,0.0,2,92.5,0.17324096709489822,21.5,True Negative
Ramularia rubella,Unknown,Fungi,0,0,0.1270582893065738,0.0,1,12.0,0.1673712730407714,20.0,True Negative
Corythucha eriodictyonae,Unknown,Insecta,0,0,0.12703621232558643,0.0,2,84.0,0.15593261644244188,20.0,True Negative
Clavascidium,Unknown,Fungi,0,0,0.12682033588250982,0.0,1,61.0,0.201245903968811,24.0,True Negative
Endocarpon pallidulum,Western Crepes,Fungi,0,0,0.12676268433502536,0.0,2,86.5,0.15019170939922327,23.0,True Negative
Digitaria ischaemum,smooth crabgrass,Plantae,0,0,0.12670173718317548,0.0,1,111.0,0.1201612278819084,20.0,True Negative
Calliopsima,Unknown,Insecta,0,0,0.1266109519876176,0.0,2,5.5,0.2037931755185127,29.0,True Negative
Calliopsis,Unknown,Insecta,0,0,0.1266109519876176,0.0,2,5.5,0.2037931755185127,29.0,True Negative
Anthalia,Unknown,Insecta,0,0,0.12656990416749994,0.0,2,90.5,0.17709780484437937,21.0,True Negative
Kermesidae,Gall-like Scales,Insecta,0,0,0.12652148067844118,0.0,1,96.0,0.1692409068346023,23.0,True Negative
Rhopalomyia floccosa,Sagebrush Woolly Stem Gall Midge,Insecta,0,0,0.12652148067844118,0.0,1,96.0,0.1692409068346023,23.0,True Negative
Nausigaster,Unknown,Insecta,0,0,0.12621855416551775,0.0,1,56.0,0.1665216088294983,20.0,True Negative
Leptomyrmecini,Unknown,Insecta,0,0,0.12608233905769636,0.0,1,94.0,0.1620139628648758,23.0,True Negative
Carabina,Unknown,Insecta,0,0,0.12605744578618552,0.0,1,67.0,0.137820765376091,28.0,True Negative
Pimplinae,Unknown,Insecta,0,0,0.12605744578618552,0.0,1,67.0,0.137820765376091,28.0,True Negative
Sympistis,Unknown,Insecta,0,0,0.12605744578618552,0.0,1,67.0,0.137820765376091,28.0,True Negative
Bryum gemmilucens,Unknown,Plantae,0,0,0.12595929928078167,0.0,1,105.0,0.1607695668935775,22.0,True Negative
Dexiini,Unknown,Insecta,0,0,0.12594494706688916,0.0,1,0.0,0.2491222470998764,28.0,True Negative
Orphulella,Unknown,Insecta,0,0,0.12594494706688916,0.0,1,0.0,0.2491222470998764,28.0,True Negative
Iliotona cacti,Unknown,Insecta,0,0,0.12591486821830855,0.0,2,23.0,0.2069030702114105,22.0,True Negative
Feralia februalis,Unknown,Insecta,0,0,0.12587670866025166,0.0,1,76.0,0.172823965549469,24.0,True Negative
Phyllotreta,Unknown,Insecta,0,0,0.12587670866025166,0.0,1,76.0,0.172823965549469,24.0,True Negative
Spoladea recurvalis,Hawaiian Beet Webworm Moth,Insecta,0,0,0.12587670866025166,0.0,1,76.0,0.172823965549469,24.0,True Negative
Marsupella bolanderi,Unknown,Plantae,0,0,0.12582784374236491,0.0,1,70.0,0.1801185607910156,20.0,True Negative
Pyralidae,Pyralid Snout Moths,Insecta,0,0,0.12580558154576965,0.0,1,82.0,0.1578041464090347,28.0,True Negative
Hemerobiidae,Brown Lacewings,Insecta,0,0,0.12574474566733923,0.0,1,101.0,0.1466167122125625,23.0,True Negative
Metapelma,Unknown,Insecta,0,0,0.12574474566733923,0.0,1,101.0,0.1466167122125625,23.0,True Negative
Ctenucha brunnea,Brown Ctenucha,Insecta,0,0,0.125651188461417,0.0,1,17.0,0.1706034690141677,23.0,True Negative
Gamochaeta pensylvanica,Pennsylvania Cudweed,Plantae,0,0,0.1256222456894545,0.0,1,111.0,0.1601075977087021,22.0,True Negative
Placidium squamulosum,Jellytot Earthscale Lichen,Fungi,0,0,0.12558002707740648,0.0,3,111.33333333333333,0.14248973131179807,20.666666666666668,True Negative
Puccinia oenotherae,Unknown,Fungi,0,0,0.12548126362237075,0.0,1,101.0,0.1043564453721046,20.0,True Negative
Cistus creticus creticus,Unknown,Plantae,0,0,0.1254226925931069,0.0,1,129.0,0.1915004700422287,25.0,True Negative
Fusarium circinatum,Pine Pitch Canker,Fungi,0,0,0.1253999290211251,0.0,1,70.0,0.1424522697925567,28.0,True Negative
Crematogaster hespera,Unknown,Insecta,0,0,0.12537427812892868,0.0,1,3.0,0.21621735394001,28.0,True Negative
Eleodes littoralis,Unknown,Insecta,0,0,0.12537427812892868,0.0,1,3.0,0.21621735394001,28.0,True Negative
Maseochara,Unknown,Insecta,0,0,0.12535870988210202,0.0,1,23.0,0.2069030702114105,22.0,True Negative
Neoterpes edwardsata,Unknown,Insecta,0,0,0.12525906193394912,0.0,1,70.0,0.1679818481206894,29.0,True Negative
Entolomataceae,Unknown,Fungi,0,0,0.12520990085147163,0.0,1,69.0,0.1959002166986465,24.0,True Negative
Buellia muriformis,Unknown,Fungi,0,0,0.12512507931563785,0.0,1,73.0,0.1706096827983856,22.0,True Negative
Placynthiella,Unknown,Fungi,0,0,0.12511272531402667,0.0,1,82.0,0.1425061374902725,24.0,True Negative
Amanita ocreata,Western Destroying Angel,Fungi,0,0,0.12504489756175066,0.0,1,49.0,0.1930291503667831,23.0,True Negative
Steccherinum nitidum,Unknown,Fungi,0,0,0.12496987179839981,0.0,1,62.0,0.1708632409572601,23.0,True Negative
Trichonectria,Unknown,Fungi,0,0,0.12496987179839981,0.0,1,62.0,0.1708632409572601,23.0,True Negative
Ceanothus cuneatus,Buckbrush,Plantae,0,0,0.12472918383495141,0.0,1,119.0,0.1446838229894638,20.0,True Negative
Aleurodicus,Unknown,Insecta,0,0,0.12457589517797191,0.0,1,64.0,0.1924670338630676,20.0,True Negative
Calycomyza lantanae,Lantana Leaf Blotch Miner,Insecta,0,0,0.12457589517797191,0.0,1,64.0,0.1924670338630676,20.0,True Negative
Corythucha morrilli,Morrill Lace Bug,Insecta,0,0,0.12457589517797191,0.0,1,64.0,0.1924670338630676,20.0,True Negative
Peccania,Unknown,Fungi,0,0,0.1245461643112002,0.0,1,59.0,0.186792179942131,27.0,True Negative
Quercus engelmannii,Engelmann oak,Plantae,0,0,0.12438958161755491,0.0,1,116.0,0.1423462927341461,20.0,True Negative
Anthophorini,Digger Bees,Insecta,0,0,0.1243672336374866,0.0,1,8.0,0.195193201303482,20.0,True Negative
Steniolia,Unknown,Insecta,0,0,0.12416527074724555,0.0,2,102.5,0.15351486206054685,23.0,True Negative
Steccherinum ochraceum,Ochre Spreading Tooth,Fungi,0,0,0.12408195061922697,0.0,1,27.0,0.220486506819725,20.0,True Negative
Geastrum fornicatum,Arched Earthstar,Fungi,0,0,0.12402127198179386,0.0,2,28.5,0.20994284003973007,20.5,True Negative
Cerastipsocus venosus,Tree Cattle,Insecta,0,0,0.12400274337712397,0.0,1,67.0,0.1842979043722152,29.0,True Negative
Vachellia campeachiana,Boat-spine Acacia,Plantae,0,0,0.12395101689805278,0.0,1,72.0,0.19085393846035,28.0,True Negative
Muscidae,House Flies and Allies,Insecta,0,0,0.12387197798094259,0.0,1,97.0,0.1668089181184768,23.0,True Negative
Plusiini,Unknown,Insecta,0,0,0.12386653155025547,0.0,1,80.0,0.1895496100187301,22.0,True Negative
Cicadomorpha,"Spittlebugs, Cicadas, Leafhoppers and Treehoppers",Insecta,0,0,0.1238450484107521,0.0,1,102.0,0.1536818742752075,23.0,True Negative
Agaricus incultorum,Poor-ground Agaricus,Fungi,0,0,0.12383861058907691,0.0,1,17.0,0.1811254620552063,21.0,True Negative
Disholcaspis simulata,Dried Peach Gall Wasp,Insecta,0,0,0.12380589220807835,0.0,1,76.0,0.1894470453262329,20.0,True Negative
Nolanea,Unknown,Fungi,0,0,0.12378494978656661,0.0,1,52.0,0.1404322385787964,0.0,True Negative
Psathyrella,Brittlestems,Fungi,0,0,0.12378494978656661,0.0,1,52.0,0.1404322385787964,0.0,True Negative
Collybiopsis quercophila,Oak-leaf Pinwheel,Fungi,0,0,0.12373116497287746,0.0,1,20.0,0.2102587223052978,20.0,True Negative
Mycena corticola,Bark Mycena,Fungi,0,0,0.12373116497287746,0.0,1,20.0,0.2102587223052978,20.0,True Negative
Conopidae,Thick-headed Flies,Insecta,0,0,0.12360124996552632,0.0,1,79.0,0.1321129351854324,29.0,True Negative
Callosobruchus,Unknown,Insecta,0,0,0.12334385254842412,0.0,1,76.0,0.1524463146924972,21.0,True Negative
Pangoniinae,Long-tongue Horse Flies,Insecta,0,0,0.12323908832274652,0.0,1,12.0,0.1856803596019745,20.0,True Negative
Lecanora confusa,Unknown,Fungi,0,0,0.12312817820283364,0.0,2,70.5,0.1917517781257629,20.5,True Negative
Anobiinae,Death-watch Beetles,Insecta,0,0,0.12274466682767123,0.0,1,69.0,0.1286544799804687,28.0,True Negative
Argyrotaenia franciscana,Orange Tortrix Moth,Insecta,0,0,0.12274466682767123,0.0,1,69.0,0.1286544799804687,28.0,True Negative
Cossonini,Unknown,Insecta,0,0,0.12274466682767123,0.0,1,69.0,0.1286544799804687,28.0,True Negative
Odonata,Dragonflies and Damselflies,Insecta,0,0,0.12274466682767123,0.0,1,69.0,0.1286544799804687,28.0,True Negative
Platylyra californica,California Chaparral Katydid,Insecta,0,0,0.12274466682767123,0.0,1,69.0,0.1286544799804687,28.0,True Negative
Orthorrhapha,Orthorrhaphan Flies,Insecta,0,0,0.12262379826601169,0.0,2,82.0,0.162148430943489,21.5,True Negative
Aedes squamiger,California Saltmarsh Mosquito,Insecta,0,0,0.12256999756716058,0.0,1,73.0,0.1450737714767456,21.0,True Negative
Megobrium edwardsii,Unknown,Insecta,0,0,0.12250542650118762,0.0,1,76.0,0.148043543100357,24.0,True Negative
Aethaloida packardaria,Unknown,Insecta,0,0,0.12217906269286787,0.0,1,106.0,0.1253102868795395,23.0,True Negative
Chlorochlamys,Unknown,Insecta,0,0,0.12217906269286787,0.0,1,106.0,0.1253102868795395,23.0,True Negative
Emmelina monodactyla,Morning-glory Plume Moth,Insecta,0,0,0.12217906269286787,0.0,1,106.0,0.1253102868795395,23.0,True Negative
Gloveria medusa,Unknown,Insecta,0,0,0.12217906269286787,0.0,1,106.0,0.1253102868795395,23.0,True Negative
Limacodidae,Slug Caterpillar Moths,Insecta,0,0,0.12217906269286787,0.0,1,106.0,0.1253102868795395,23.0,True Negative
Nemoria leptalea,Pink-margined Green,Insecta,0,0,0.12217906269286787,0.0,1,106.0,0.1253102868795395,23.0,True Negative
Nemoria pistaciaria,Unknown,Insecta,0,0,0.12217906269286787,0.0,1,106.0,0.1253102868795395,23.0,True Negative
Psocodea,"Bark Lice, Book Lice, and Parasitic Lice",Insecta,0,0,0.12217906269286787,0.0,1,106.0,0.1253102868795395,23.0,True Negative
Tetracis,Slant-Lines,Insecta,0,0,0.12217906269286787,0.0,1,106.0,0.1253102868795395,23.0,True Negative
Parmotrema stuppeum,Powder-Edged Ruffle Lichen,Fungi,0,0,0.12216212636894111,0.0,1,83.0,0.1451326608657837,24.0,True Negative
Alcidamea,Unknown,Insecta,0,0,0.12209646820527588,0.0,1,98.0,0.1761114299297332,23.0,True Negative
Toxicoscordion,Deathcamas,Plantae,0,0,0.12204598557448565,0.0,1,112.0,0.1245732977986335,22.0,True Negative
Monoleuca occidentalis,Unknown,Insecta,0,0,0.12202190393150415,0.0,1,97.0,0.118396908044815,23.0,True Negative
Pucciniales,rust fungi,Fungi,0,0,0.12198984715338373,0.0,2,103.5,0.17086577415466303,24.5,True Negative
Exoprosopa divisa,Unknown,Insecta,0,0,0.12196061616221907,0.0,1,104.0,0.1558798402547836,23.0,True Negative
Bacidina inundata,Flooded Dot Lichen,Fungi,0,0,0.12191026200360262,0.0,1,19.0,0.1714251488447189,21.0,True Negative
Feron gigas,Saucer Gall Wasp,Insecta,0,0,0.12162897472764674,0.0,1,75.0,0.1894470453262329,20.0,True Negative
Myzinum,New World Banded Thynnid Wasps,Insecta,0,0,0.12146545659928357,0.0,1,67.0,0.1868018507957458,29.0,True Negative
Sabulodes,Unknown,Insecta,0,0,0.12146545659928357,0.0,1,67.0,0.1868018507957458,29.0,True Negative
Aegialiinae,Unknown,Insecta,0,0,0.12132228036209312,0.0,1,70.0,0.1785320341587066,29.0,True Negative
Pepsis mildei,Milde's Tarantula-hawk Wasp,Insecta,0,0,0.12132228036209312,0.0,1,70.0,0.1785320341587066,29.0,True Negative
Miscophus,Unknown,Insecta,0,0,0.12126288176392933,0.0,1,69.0,0.175760880112648,29.0,True Negative
Coreinae,Unknown,Insecta,0,0,0.12126003032713135,0.0,1,72.0,0.1286544799804687,28.0,True Negative
Medetera,Woodpecker Flies,Insecta,0,0,0.12126003032713135,0.0,1,72.0,0.1286544799804687,28.0,True Negative
Thymophylla tenuiloba,bristleleaf pricklyleaf,Plantae,0,0,0.12124575105260822,0.0,1,118.0,0.1505681574344635,21.0,True Negative
Stigmus,Unknown,Insecta,0,0,0.12107699496482309,0.0,1,87.0,0.1736891716718673,22.0,True Negative
Ribesia,Unknown,Insecta,0,0,0.12089246064802507,0.0,1,14.0,0.1771349757909774,20.0,True Negative
Ganoderma,"Artist's Brackets, Reishi, and Allies",Fungi,0,0,0.12089107933338869,0.0,1,84.0,0.1587818264961242,21.0,True Negative
Phyllonorycter,Unknown,Insecta,0,0,0.12072007323218502,0.0,1,102.0,0.16043521463871,22.0,True Negative
Hemiglyptus basalis,Unknown,Insecta,0,0,0.12054998978974359,0.0,1,90.0,0.1787867993116378,25.0,True Negative
Pelochrista agassizii,Unknown,Insecta,0,0,0.12012438127221872,0.0,1,101.0,0.1384270787239074,23.0,True Negative
Anthophora,Common Digger Bees,Insecta,0,0,0.12007119253177552,0.0,1,63.0,0.1766283810138702,29.0,True Negative
Druon quercuslanigerum,Unknown,Insecta,0,0,0.12007119253177552,0.0,1,63.0,0.1766283810138702,29.0,True Negative
Platycixius calvus,Unknown,Insecta,0,0,0.12007119253177552,0.0,1,63.0,0.1766283810138702,29.0,True Negative
Adelpha californica,California Sister,Insecta,0,0,0.12005047564624967,0.0,1,97.0,0.1801493763923645,22.0,True Negative
Grylloidea,True Crickets and Allies,Insecta,0,0,0.12000156135504407,0.0,1,76.0,0.1821719110012054,24.0,True Negative
Navarretia hamata hamata,Hooked Navarretia,Plantae,0,0,0.1199240240591127,0.0,1,119.0,0.1233920902013778,20.0,True Negative
Cyclocephala longula,Unknown,Insecta,0,0,0.11991919788549048,0.0,1,42.0,0.1449282765388488,28.0,True Negative
Pronotacantha annulata,Unknown,Insecta,0,0,0.11991698172922305,0.0,1,71.0,0.1823877543210983,21.0,True Negative
Anthocharis sara sara,Unknown,Insecta,0,0,0.11987535743940128,0.0,1,38.0,0.1491612792015075,28.0,True Negative
Polypogon,Unknown,Plantae,0,0,0.11965886628991548,0.0,1,111.0,0.1162049695849418,22.0,True Negative
Lasioglossum actinosum,Unknown,Insecta,0,0,0.1196305733422403,0.0,1,108.0,0.1522860080003738,21.0,True Negative
Anthomyia illocata,Root Maggot Fly,Insecta,0,0,0.11957804228564349,0.0,1,83.0,0.1975734233856201,22.0,True Negative
Conophorus nigripennis,Unknown,Insecta,0,0,0.11957804228564349,0.0,1,83.0,0.1975734233856201,22.0,True Negative
Irpicaceae,Unknown,Fungi,0,0,0.11951836936395817,0.0,1,61.0,0.1957109421491623,23.0,True Negative
Danepteryx,Unknown,Insecta,0,0,0.11933214448556806,0.0,2,95.5,0.15087444335222244,23.0,True Negative
Lestomyia,Unknown,Insecta,0,0,0.11926917978696513,0.0,1,109.0,0.1024560034275055,21.0,True Negative
Chaetocnema opulenta,Opulent Flea Beetle,Insecta,0,0,0.11924904871834469,0.0,1,15.0,0.1973487138748169,20.0,True Negative
Aeshnidae,Darners,Insecta,0,0,0.11921967450394975,0.0,1,15.0,0.2051626741886139,20.0,True Negative
Gymnoclytia occidentalis,Unknown,Insecta,0,0,0.11921967450394975,0.0,1,15.0,0.2051626741886139,20.0,True Negative
Calvatia,Unknown,Fungi,0,0,0.11919171898869702,0.0,3,102.33333333333333,0.14658672114213303,23.333333333333332,True Negative
Cryptorhopalum triste,Unknown,Insecta,0,0,0.11910291250201349,0.0,1,98.0,0.1483525335788726,22.0,True Negative
Augochlorella,Unknown,Insecta,0,0,0.11908256740558332,0.0,1,5.0,0.1985486000776291,29.0,True Negative
Epicauta,Burning Blister Beetles,Insecta,0,0,0.11908256740558332,0.0,1,5.0,0.1985486000776291,29.0,True Negative
Forficula,Unknown,Insecta,0,0,0.11908256740558332,0.0,1,5.0,0.1985486000776291,29.0,True Negative
Odontoscelis,Unknown,Insecta,0,0,0.11908256740558332,0.0,1,5.0,0.1985486000776291,29.0,True Negative
Agaricus megalocarpus,Unknown,Fungi,0,0,0.11903050548874461,0.0,1,113.0,0.1377657502889633,23.0,True Negative
Roanokenses,Amanita sect. Roanokenses,Fungi,0,0,0.11903050548874461,0.0,1,113.0,0.1377657502889633,23.0,True Negative
Deconica coprophila,dung-loving Deconica,Fungi,0,0,0.11854582517538027,0.0,1,60.0,0.1368109583854675,0.0,True Negative
Lethaeini,Unknown,Insecta,0,0,0.11838392981584754,0.0,1,72.0,0.12311502546072,28.0,True Negative
Xestocoris,Unknown,Insecta,0,0,0.11838392981584754,0.0,1,72.0,0.12311502546072,28.0,True Negative
Xenoglossa pruinosa,Pruinose Squash Bee,Insecta,0,0,0.11832550162186048,0.0,2,10.0,0.1929088085889816,20.0,True Negative
Scatopsidae,Minute Black Scavenger Flies,Insecta,0,0,0.1182906548798421,0.0,1,5.0,0.2075243145227432,29.0,True Negative
Vespidae,"Hornets, Paper Wasps, Potter Wasps, and Allies",Insecta,0,0,0.1182906548798421,0.0,1,5.0,0.2075243145227432,29.0,True Negative
Dirina,Unknown,Fungi,0,0,0.11826395831464045,0.0,1,66.0,0.164520189166069,29.0,True Negative
Dicymolomia opuntialis,Unknown,Insecta,0,0,0.1182257780859488,0.0,1,104.0,0.1388251334428787,23.0,True Negative
Amanita pantherina,Panthercap,Fungi,0,0,0.11818213007975929,0.0,2,96.0,0.245256096124649,22.0,True Negative
Anomalon,Unknown,Insecta,0,0,0.11817511890229893,0.0,1,103.0,0.123661495745182,23.0,True Negative
Cerceris sextoides,Unknown,Insecta,0,0,0.11817511890229893,0.0,1,103.0,0.123661495745182,23.0,True Negative
Coniopteryx,Unknown,Insecta,0,0,0.11817511890229893,0.0,1,103.0,0.123661495745182,23.0,True Negative
Platycleidini,Unknown,Insecta,0,0,0.11816508968358067,0.0,1,66.0,0.164520189166069,29.0,True Negative
Bicellaria,Unknown,Insecta,0,0,0.11810813850350033,0.0,1,88.0,0.1862426996231079,22.0,True Negative
Macrosiphum salviae,Black Sage Aphid,Insecta,0,0,0.11810813850350033,0.0,1,88.0,0.1862426996231079,22.0,True Negative
Enchylium coccophorum,Jelly Lichen,Fungi,0,0,0.11806842221362793,0.0,1,108.0,0.1093192994594574,21.0,True Negative
Copidita quadrimaculata,Four-marked False Blister Beetle,Insecta,0,0,0.11790760467337051,0.0,1,0.0,0.2223810702562332,28.0,True Negative
Digrammia,Unknown,Insecta,0,0,0.11790760467337051,0.0,1,0.0,0.2223810702562332,28.0,True Negative
Mistharnophantia,Unknown,Insecta,0,0,0.11790760467337051,0.0,1,0.0,0.2223810702562332,28.0,True Negative
Tasgius ater,Unknown,Insecta,0,0,0.11790760467337051,0.0,1,0.0,0.2223810702562332,28.0,True Negative
Brasema,Unknown,Insecta,0,0,0.11790734818086934,0.0,1,71.0,0.1600304394960403,21.0,True Negative
Schizomantodea,Unknown,Insecta,0,0,0.11790734818086934,0.0,1,71.0,0.1600304394960403,21.0,True Negative
Xanthoparmelia subhosseana,Erupted Camouflage Lichen,Fungi,0,0,0.11770749154786798,0.0,2,126.0,0.17111930996179575,19.0,True Negative
Calephelis nemesis dammersi,Unknown,Insecta,0,0,0.11765392982940215,0.0,1,77.0,0.1845535784959793,21.0,True Negative
Nyia,Unknown,Insecta,0,0,0.11756808404281789,0.0,1,92.0,0.1672810316085815,25.0,True Negative
Rhopalinae,Unknown,Insecta,0,0,0.11756808404281789,0.0,1,92.0,0.1672810316085815,25.0,True Negative
Rhynchophorus palmarum,South American Palm Weevil,Insecta,0,0,0.11756808404281789,0.0,1,92.0,0.1672810316085815,25.0,True Negative
Bibio,Unknown,Insecta,0,0,0.11743108083063937,0.0,1,74.0,0.1732107549905777,21.0,True Negative
Trixoscelis,Unknown,Insecta,0,0,0.11743108083063937,0.0,1,74.0,0.1732107549905777,21.0,True Negative
Gymnopilus luteofolius,Yellow-gilled Gymnopilus,Fungi,0,0,0.11727468937163972,0.0,1,43.0,0.1646718978881836,28.0,True Negative
Rhaphiomidas acton,Unknown,Insecta,0,0,0.11702980914170165,0.0,2,111.5,0.11001066863536829,20.5,True Negative
Arthonia mirabilis,Unknown,Fungi,0,0,0.11693421239544546,0.0,2,92.5,0.13308381661772725,23.5,True Negative
Anorus,Unknown,Insecta,0,0,0.11685574601797478,0.0,1,78.0,0.1736809164285659,21.0,True Negative
Camissoniopsis intermedia,intermediate suncup,Plantae,0,0,0.11674257990913435,0.0,2,109.5,0.11343481764197345,20.5,True Negative
Lonchaeinae,Unknown,Insecta,0,0,0.1166139043817686,0.0,1,71.0,0.1836005747318267,21.0,True Negative
Tamalia,Ericaceous Gall Aphids,Insecta,0,0,0.11643069722633916,0.0,2,111.5,0.11870006471872324,20.5,True Negative
Punctularia atropurpurascens,Purple Fuzz,Fungi,0,0,0.1164082512055587,0.0,1,82.0,0.1578041464090347,28.0,True Negative
Camptopelta,Unknown,Insecta,0,0,0.11633292795804095,0.0,1,56.0,0.1449896991252899,28.0,True Negative
Nemoria,Unknown,Insecta,0,0,0.11623859588908937,0.0,1,105.0,0.1238790228962898,23.0,True Negative
Blastobasis glandulella,Acorn Moth,Insecta,0,0,0.11622101372140861,0.0,1,73.0,0.1741988211870193,29.0,True Negative
Pepsis mexicana,Mexican Tarantula-hawk Wasp,Insecta,0,0,0.11622101372140861,0.0,1,73.0,0.1741988211870193,29.0,True Negative
Myrmeleontinae,Unknown,Insecta,0,0,0.11614900138357745,0.0,1,11.0,0.2020876407623291,28.0,True Negative
Lycoperdon curtisii,Curtis's Puffball,Fungi,0,0,0.11608606458113736,0.0,1,106.0,0.1568449735641479,24.0,True Negative
Acrocera,Unknown,Insecta,0,0,0.11600384060366453,0.0,1,71.0,0.1782173812389373,21.0,True Negative
Byssomerulius corium,Netted Crust,Fungi,0,0,0.11588757598108065,0.0,1,82.0,0.1420511454343795,22.0,True Negative
Henningsomyces,Tubelets,Fungi,0,0,0.11588757598108065,0.0,1,82.0,0.1420511454343795,22.0,True Negative
Xenoglossa strenua,Nimble Squash Bee,Insecta,0,0,0.11584069107561744,0.0,1,10.0,0.1929088085889816,20.0,True Negative
Morellia,Unknown,Insecta,0,0,0.11579701837059851,0.0,1,79.0,0.1897298842668533,21.0,True Negative
Buellia abstracta,Unknown,Fungi,0,0,0.11566354614250289,0.0,2,98.5,0.17740952968597407,21.5,True Negative
Tabuda,Unknown,Insecta,0,0,0.11565980076612742,0.0,1,82.0,0.1578041464090347,28.0,True Negative
Buprestidae,Jewel Beetles,Insecta,0,0,0.11557861479392163,0.0,2,105.0,0.1402595043182373,23.0,True Negative
Gelechioidea,Curved-horn Moths,Insecta,0,0,0.11522917360755396,0.0,2,94.5,0.153290219604969,24.5,True Negative
Amandinea,Button Lichens,Fungi,0,0,0.11503937466022594,0.0,1,76.0,0.172823965549469,24.0,True Negative
Lecania pacifica,Unknown,Fungi,0,0,0.11503937466022594,0.0,1,76.0,0.172823965549469,24.0,True Negative
Pohlia camptotrachela,Unknown,Plantae,0,0,0.11480966421243446,0.0,1,106.0,0.1894042938947677,22.0,True Negative
Vinealobryum,Unknown,Plantae,0,0,0.11480966421243446,0.0,1,106.0,0.1894042938947677,22.0,True Negative
Syritta pipiens,Thick-legged Hover Fly,Insecta,0,0,0.1147840421523951,0.0,1,72.0,0.1608114838600158,21.0,True Negative
Collema nigrescens,Blistered Jelly Lichen,Fungi,0,0,0.11452019760159772,0.0,1,36.0,0.2193606048822403,21.0,True Negative
Stereum ochraceoflavum,Unknown,Fungi,0,0,0.11452019760159772,0.0,1,36.0,0.2193606048822403,21.0,True Negative
Nyctoporis,Unknown,Insecta,0,0,0.11427168366586872,0.0,1,126.0,0.1801709681749344,21.0,True Negative
Mycena tenerrima,frosty bonnet,Fungi,0,0,0.1139561441410207,0.0,2,54.5,0.2216279581189155,20.5,True Negative
Oidaematophorini,Unknown,Insecta,0,0,0.1138815056373218,0.0,2,105.0,0.1320677101612091,23.0,True Negative
Mymaridae,Fairy Wasps,Insecta,0,0,0.11376012792429317,0.0,1,73.0,0.2036806643009185,21.0,True Negative
Ephestiodes,Unknown,Insecta,0,0,0.11370242086566056,0.0,1,8.0,0.2097860425710678,28.0,True Negative
Caloptilia stigmatella,Willow Leafcone Caterpillar Moth,Insecta,0,0,0.11330917616330702,0.0,1,74.0,0.1761750429868698,29.0,True Negative
Opegrapha vulgata,Common Scribble,Fungi,0,0,0.11322758315407311,0.0,1,62.0,0.1978676319122314,23.0,True Negative
Dactylopiidae,Cochineal Insects,Insecta,0,0,0.11317429221402077,0.0,1,59.0,0.2060452550649643,29.0,True Negative
Arthopyrenia analepta,Unknown,Fungi,0,0,0.113128550017734,0.0,2,93.0,0.1398135051131248,23.5,True Negative
Rinodina herrei,Herre's Rinodina Lichen,Fungi,0,0,0.11307272185189797,0.0,1,80.0,0.1789227724075317,25.0,True Negative
Culicinae,Culicine Mosquitoes,Insecta,0,0,0.1130067999671284,0.0,1,71.0,0.1594310104846954,20.0,True Negative
Stator limbatus,Unknown,Insecta,0,0,0.1130067999671284,0.0,1,71.0,0.1594310104846954,20.0,True Negative
Litomegachile,Unknown,Insecta,0,0,0.11298347939262854,0.0,1,9.0,0.2263111621141433,28.0,True Negative
Thinophilini,Unknown,Insecta,0,0,0.11298347939262854,0.0,1,9.0,0.2263111621141433,28.0,True Negative
Pulvinaria mesembryanthemi,Ice plant scale,Insecta,0,0,0.11292495988440064,0.0,1,5.0,0.2033384442329406,29.0,True Negative
Sinea,Unknown,Insecta,0,0,0.1127185790105739,0.0,1,75.0,0.137820765376091,28.0,True Negative
Amphicyrta,Unknown,Insecta,0,0,0.11246732120872188,0.0,3,78.33333333333333,0.1810608605543772,28.333333333333332,True Negative
Ochrolechia androgyna,Powdery Saucer Lichen,Fungi,0,0,0.11241823146916595,0.0,1,82.0,0.1578041464090347,28.0,True Negative
Eurotiomycetes,Unknown,Fungi,0,0,0.11241817367210677,0.0,1,74.0,0.1880456060171127,23.0,True Negative
Harknessiaceae,Unknown,Fungi,0,0,0.11241817367210677,0.0,1,74.0,0.1880456060171127,23.0,True Negative
Andricus brunneus,Clustered Gall Wasp,Insecta,0,0,0.1123304202061333,0.0,1,88.0,0.1925376951694488,25.0,True Negative
Campopleginae,Unknown,Insecta,0,0,0.11229063099331822,0.0,1,80.0,0.2099625021219253,19.0,True Negative
Melanaphis donacis,Giant Reed Aphid,Insecta,0,0,0.11229063099331822,0.0,1,80.0,0.2099625021219253,19.0,True Negative
Protobalandricus spectabilis,Tapered Stem Gall Wasp,Insecta,0,0,0.11225562704049848,0.0,1,78.0,0.1678131222724914,29.0,True Negative
Harmostes reflexulus,Unknown,Insecta,0,0,0.11217883580245468,0.0,1,85.0,0.205032393336296,19.0,True Negative
Dasineura cercocarpi,Mountain Mahogany gall midge,Insecta,0,0,0.11211242786643266,0.0,1,88.0,0.1550440192222595,23.0,True Negative
Bombyliinae,Unknown,Insecta,0,0,0.11205616312083094,0.0,1,81.0,0.1625622361898422,29.0,True Negative
Plagiognathus verticalis,Unknown,Insecta,0,0,0.11205616312083094,0.0,1,81.0,0.1625622361898422,29.0,True Negative
Pterophoridae,Plume Moths,Insecta,0,0,0.11174926186354035,0.0,1,76.0,0.1556537002325058,20.0,True Negative
Pentatomoidea,"Stink Bugs, Shield Bugs, and Allies",Insecta,0,0,0.1117328464580998,0.0,1,63.0,0.2096807062625885,29.0,True Negative
Cryptantha micromeres,pygmyflower cryptantha,Plantae,0,0,0.11168215290226643,0.0,2,108.0,0.14661604911088938,22.0,True Negative
Sarcogyne mitziae,Unknown,Fungi,0,0,0.11139742934240303,0.0,2,96.0,0.1470967903733253,19.5,True Negative
Burnettweldia californicordazi,Unknown,Insecta,0,0,0.11139148642547006,0.0,1,106.0,0.1638592630624771,23.0,True Negative
Lonicerae lonicera,Honeysuckle gall midge,Insecta,0,0,0.11139148642547006,0.0,1,106.0,0.1638592630624771,23.0,True Negative
Delia,Unknown,Insecta,0,0,0.11126847699577529,0.0,1,99.0,0.1359286308288574,25.0,True Negative
Hermetia,Unknown,Insecta,0,0,0.11120260231389362,0.0,1,6.0,0.2090377509593963,29.0,True Negative
Pelochrista curlewensis,Unknown,Insecta,0,0,0.11120260231389362,0.0,1,6.0,0.2090377509593963,29.0,True Negative
Chrysidini,Unknown,Insecta,0,0,0.11109228366348305,0.0,1,64.0,0.2103205621242523,29.0,True Negative
Icaricia icarioides,Boisduval's Blue,Insecta,0,0,0.11109228366348305,0.0,1,64.0,0.2103205621242523,29.0,True Negative
Steccherinaceae,Unknown,Fungi,0,0,0.11104823038292568,0.0,1,44.0,0.2283082455396652,21.0,True Negative
Chrysopa coloradensis,Unknown,Insecta,0,0,0.11103340246227143,0.0,1,101.0,0.1679511964321136,20.0,True Negative
Mycenastrum corium,Corkstar Puffball,Fungi,0,0,0.11069789978900957,0.0,1,77.0,0.1995322406291961,20.0,True Negative
Caelifera,"Grasshoppers, Locusts, and Allies",Insecta,0,0,0.11048343700731782,0.0,1,6.0,0.2223810702562332,28.0,True Negative
Perizoma,Rivulets,Insecta,0,0,0.11048343700731782,0.0,1,6.0,0.2223810702562332,28.0,True Negative
Sphex,Unknown,Insecta,0,0,0.11048343700731782,0.0,1,6.0,0.2223810702562332,28.0,True Negative
Ampedus longicornis,Unknown,Insecta,0,0,0.10999153742248036,0.0,1,71.0,0.1496432721614837,28.0,True Negative
Diadasia rinconis,Unknown,Insecta,0,0,0.10999153742248036,0.0,1,71.0,0.1496432721614837,28.0,True Negative
Macrosiphum euphorbiae,Potato Aphid,Insecta,0,0,0.10999153742248036,0.0,1,71.0,0.1496432721614837,28.0,True Negative
Asydates grandiceps,Unknown,Insecta,0,0,0.10979213138717343,0.0,1,108.0,0.1520653516054153,23.0,True Negative
Ceratinini,Small Carpenter Bees,Insecta,0,0,0.10979213138717343,0.0,1,108.0,0.1520653516054153,23.0,True Negative
Rutelinae,Shining Leaf Chafers,Insecta,0,0,0.10965791260074403,0.0,1,91.0,0.1717190146446228,20.0,True Negative
Diachus,Unknown,Insecta,0,0,0.10959630088950689,0.0,2,102.0,0.12312055006623265,21.5,True Negative
Cricotopus,Unknown,Insecta,0,0,0.10957971705559832,0.0,1,75.0,0.1987842917442321,20.0,True Negative
Hemipenthes jaennickeana,Unknown,Insecta,0,0,0.10957971705559832,0.0,1,75.0,0.1987842917442321,20.0,True Negative
Byssonectria,Unknown,Fungi,0,0,0.10946453436316084,0.0,1,96.0,0.245256096124649,22.0,True Negative
Pluteus cervinus,Deer Mushroom,Fungi,0,0,0.10946453436316084,0.0,1,96.0,0.245256096124649,22.0,True Negative
Schizophyllum commune,splitgill mushroom,Fungi,0,0,0.10946453436316084,0.0,1,96.0,0.245256096124649,22.0,True Negative
Eumorpha achemon,Achemon Sphinx,Insecta,0,0,0.10944711513123973,0.0,1,104.0,0.1184391975402832,22.0,True Negative
Cladosporium,Unknown,Fungi,0,0,0.10943424373564689,0.0,1,104.0,0.1145932152867317,22.0,True Negative
Opegrapha,Unknown,Fungi,0,0,0.10943424373564689,0.0,1,104.0,0.1145932152867317,22.0,True Negative
Resseliella,Unknown,Insecta,0,0,0.10934477237045741,0.0,1,112.0,0.1390409469604492,20.0,True Negative
Cladoniaceae,spindles and structured lichens,Fungi,0,0,0.10930316924947832,0.0,1,69.0,0.158021405339241,21.0,True Negative
Saproamanita,Unknown,Fungi,0,0,0.10927213960371539,0.0,1,6.0,0.2090377509593963,29.0,True Negative
Aphrophorinae,Unknown,Insecta,0,0,0.10923136034865062,0.0,1,113.0,0.1423462927341461,20.0,True Negative
Thelomma santessonii,Unknown,Fungi,0,0,0.10919195536506808,0.0,3,119.0,0.15309869001309073,19.0,True Negative
Papilio eurymedon,Pale Swallowtail,Insecta,0,0,0.10915192833665863,0.0,1,97.0,0.162201702594757,25.0,True Negative
Allacrotelsa,Unknown,Insecta,0,0,0.10914608236158353,0.0,2,95.5,0.1556018739938736,19.5,True Negative
Pertusaria,Pore Lichens,Fungi,0,0,0.10890514706067901,0.0,1,69.0,0.1858513802289962,29.0,True Negative
Hellinsia,Unknown,Insecta,0,0,0.10876766647533932,0.0,2,105.0,0.1199517510831356,22.5,True Negative
Melitara,Pricklypear Borers,Insecta,0,0,0.10871280852184836,0.0,1,81.0,0.1331410557031631,28.0,True Negative
Calicium abietinum,Unknown,Fungi,0,0,0.10868315700572218,0.0,2,98.5,0.12526035681366915,22.0,True Negative
Acmaeodera,Unknown,Insecta,0,0,0.10846955078525426,0.0,1,88.0,0.2221813350915908,19.0,True Negative
Calosoma semilaeve,Black Calosoma,Insecta,0,0,0.10826254063686572,0.0,1,102.0,0.1178663372993469,20.0,True Negative
Diploschistes euganeus,Unknown,Fungi,0,0,0.10825665717068757,0.0,2,93.0,0.1374592781066894,22.0,True Negative
Greenidea psidii,Unknown,Insecta,0,0,0.10816645050120818,0.0,1,105.0,0.1607695668935775,22.0,True Negative
Trichopsocidae,Lash-faced Barklice,Insecta,0,0,0.10811189727476184,0.0,1,104.0,0.1192455738782882,22.0,True Negative
Solenopsis,Solenopsis Fire Ants and Thief Ants,Insecta,0,0,0.10807179427253077,0.0,1,70.0,0.2052102386951446,29.0,True Negative
Lytta,Unknown,Insecta,0,0,0.10800258836241082,0.0,2,104.0,0.1199250183999538,22.5,True Negative
Sipha,Unknown,Insecta,0,0,0.10795951953115107,0.0,1,74.0,0.1612099260091781,20.0,True Negative
Sipha maydis,Hedgehog Grain Aphid,Insecta,0,0,0.10795951953115107,0.0,1,74.0,0.1612099260091781,20.0,True Negative
Callinicus pictitarsis,Unknown,Insecta,0,0,0.10774908843271383,0.0,1,106.0,0.1730725616216659,23.0,True Negative
Polyporus decurrens,Unknown,Fungi,0,0,0.1076497684109404,0.0,1,60.0,0.1918677389621734,21.0,True Negative
Neuroterus saltatorius,Jumping Gall Wasp,Insecta,0,0,0.1073793002806526,0.0,2,107.0,0.15251300483942032,22.0,True Negative
Litaneutria chaparrali,Unknown,Insecta,0,0,0.10652617960715494,0.0,1,100.0,0.1193981990218162,20.0,True Negative
Diploschistes scruposus,Crater Lichen,Fungi,0,0,0.10614435644508204,0.0,2,102.5,0.15851878374814984,23.5,True Negative
Paracotalpa ursina rubripennis,Unknown,Insecta,0,0,0.10607153852601792,0.0,2,92.0,0.16372534632682795,19.0,True Negative
Isoetes,quillworts,Plantae,0,0,0.10606444533812856,0.0,1,106.0,0.1394179165363311,21.0,True Negative
Formicinae,Formicine Ants,Insecta,0,0,0.10601560550469886,0.0,1,77.0,0.1741462051868438,29.0,True Negative
Synanthedon bibionipennis,Strawberry Crown Moth,Insecta,0,0,0.10595717110149709,0.0,1,7.0,0.1955922842025756,29.0,True Negative
Lecidea laboriosa,Working Tile Lichen,Fungi,0,0,0.10579145384013984,0.0,1,92.0,0.1489932984113693,25.0,True Negative
Eumaeini,Unknown,Insecta,0,0,0.10570591928865394,0.0,1,77.0,0.1995322406291961,20.0,True Negative
Gasteruption,Unknown,Insecta,0,0,0.10570591928865394,0.0,1,77.0,0.1995322406291961,20.0,True Negative
Microphthalma disjuncta,Unknown,Insecta,0,0,0.10570591928865394,0.0,1,77.0,0.1995322406291961,20.0,True Negative
Anambodera,Unknown,Insecta,0,0,0.10566243267719225,0.0,1,72.0,0.1766756176948547,29.0,True Negative
Asphondylia photiniae,Toyon Fruit Gall Midge,Insecta,0,0,0.10563577827667607,0.0,1,104.0,0.1293302476406097,22.0,True Negative
Aphis aurantii,Black Citrus Aphid,Insecta,0,0,0.10505871541527462,0.0,1,66.0,0.1919686645269394,29.0,True Negative
Catorhintha,Unknown,Insecta,0,0,0.10505871541527462,0.0,1,66.0,0.1919686645269394,29.0,True Negative
Diaspididae,Armored Scale Insects,Insecta,0,0,0.10505871541527462,0.0,1,66.0,0.1919686645269394,29.0,True Negative
Myzinum maculatum,Unknown,Insecta,0,0,0.10505871541527462,0.0,1,66.0,0.1919686645269394,29.0,True Negative
Amphicyrta dentipes,Unknown,Insecta,0,0,0.10494114518687558,0.0,1,74.0,0.1795330941677093,29.0,True Negative
Ceanothia,Unknown,Insecta,0,0,0.10435937951696588,0.0,1,113.0,0.1347193121910095,20.0,True Negative
Stelis,Unknown,Insecta,0,0,0.10416067575445859,0.0,1,72.0,0.1805102974176406,29.0,True Negative
Drosophila repleta,Unknown,Insecta,0,0,0.10409166145329485,0.0,1,76.0,0.1638399362564087,28.0,True Negative
Marmara opuntiella,Opuntia Leaf Miner,Insecta,0,0,0.10409166145329485,0.0,1,76.0,0.1638399362564087,28.0,True Negative
Phalacridae,Shining Flower Beetles,Insecta,0,0,0.10409166145329485,0.0,1,76.0,0.1638399362564087,28.0,True Negative
Trichopsocus clarus,Unknown,Insecta,0,0,0.104027582057353,0.0,1,115.0,0.1046944558620452,21.0,True Negative
Callinicus,Unknown,Insecta,0,0,0.10379958819032424,0.0,1,96.0,0.1334729641675949,25.0,True Negative
Callirhytis perdens,Ruptured Twig Gall Wasp,Insecta,0,0,0.10352049209068859,0.0,1,87.0,0.1276955753564834,25.0,True Negative
Camponotus vicinus,Bicolored Carpenter Ant,Insecta,0,0,0.10352049209068859,0.0,1,87.0,0.1276955753564834,25.0,True Negative
Rhizopogon,Bearded Truffle,Fungi,0,0,0.10350455823637485,0.0,1,77.0,0.1626972556114196,28.0,True Negative
Amanita pantherinoides,Western Panther,Fungi,0,0,0.10348644767898567,0.0,2,106.0,0.19380119442939753,21.0,True Negative
Bethylidae,Flat wasps,Insecta,0,0,0.10315057501769433,0.0,2,95.0,0.165240179747343,20.5,True Negative
Acmaeodera prorsa,Unknown,Insecta,0,0,0.10281079403627041,0.0,1,91.0,0.2221813350915908,19.0,True Negative
Coniopterygidae,Dusty-winged Lacewings,Insecta,0,0,0.10281079403627041,0.0,1,91.0,0.2280867993831634,19.0,True Negative
Varicellaria velata,Rimmed Wart Lichen,Fungi,0,0,0.10278528453073427,0.0,2,91.5,0.15420430153608322,18.5,True Negative
Crabro villosus,Unknown,Insecta,0,0,0.10274581242458321,0.0,1,105.0,0.1195598766207695,19.0,True Negative
Andrenidae,"Miner, Fairy, Allied Panurgine, and Oxaeine Bees",Insecta,0,0,0.10252945846424896,0.0,1,116.0,0.1490539461374282,20.0,True Negative
Glyptini,Unknown,Insecta,0,0,0.10250467339864866,0.0,1,110.0,0.1470051258802414,23.0,True Negative
Verrucariaceae,Unknown,Fungi,0,0,0.10234109870643887,0.0,2,71.0,0.158021405339241,21.0,True Negative
Tremella parmeliarum,Unknown,Fungi,0,0,0.10220952835473654,0.0,2,103.5,0.1744422987103462,20.5,True Negative
Anthrenus,Unknown,Insecta,0,0,0.1021120297976641,0.0,1,68.0,0.1968745440244674,28.0,True Negative
Chrysomya,Unknown,Insecta,0,0,0.1021120297976641,0.0,1,68.0,0.1968745440244674,28.0,True Negative
Peniophoraceae,Unknown,Fungi,0,0,0.10196909905299134,0.0,1,92.0,0.1730477660894394,22.0,True Negative
Polyphylla,Lined June Beetles,Insecta,0,0,0.10160788336710415,0.0,1,92.0,0.1877534687519073,24.0,True Negative
Balcanocerus spinosus,Unknown,Insecta,0,0,0.10142685565824308,0.0,1,82.0,0.1759597063064575,29.0,True Negative
Phyllosticta heteromeles,Unknown,Fungi,0,0,0.10043498678139319,0.0,1,108.0,0.1431909352540969,20.0,True Negative
Phytomyza eriodictyi,Unknown,Insecta,0,0,0.10041439609460259,0.0,2,102.5,0.12098890170454975,20.0,True Negative
Miriquidica,Unknown,Fungi,0,0,0.10030821991882286,0.0,1,99.0,0.1082990244030952,22.0,True Negative
Hyperaspis trifurcata,Trident Lady Beetle,Insecta,0,0,0.1001330952447943,0.0,1,89.0,0.1290338039398193,25.0,True Negative
Cladonia carneola,Crowned Pixie-cup,Fungi,0,0,0.09950258152110034,0.0,1,69.0,0.2026898115873336,29.0,True Negative
Hemimycena,Unknown,Fungi,0,0,0.09927422786771922,0.0,1,76.0,0.1790926307439804,28.0,True Negative
Buellia erubescens,Common Button Lichen,Fungi,0,0,0.09918479790344521,0.0,1,73.0,0.158021405339241,21.0,True Negative
Coniocarpon cinnabarinum,Bloody Comma Lichen,Fungi,0,0,0.09918479790344521,0.0,1,73.0,0.158021405339241,21.0,True Negative
Lepra,Fluff-wart lichens,Fungi,0,0,0.09918479790344521,0.0,1,73.0,0.158021405339241,21.0,True Negative
Ochrolechiaceae,Unknown,Fungi,0,0,0.09918479790344521,0.0,1,73.0,0.158021405339241,21.0,True Negative
Roccellaceae,Unknown,Fungi,0,0,0.09918479790344521,0.0,1,73.0,0.158021405339241,21.0,True Negative
Podosphaera pruinosa,Unknown,Fungi,0,0,0.09917282273065553,0.0,1,112.0,0.1390409469604492,20.0,True Negative
Diacrita costalis,Unknown,Insecta,0,0,0.0989188907957969,0.0,1,90.0,0.1567194908857345,19.0,True Negative
Thyanta custator,Red-shouldered Stink Bug,Insecta,0,0,0.09890113659308708,0.0,1,95.0,0.1321267485618591,19.0,True Negative
Candelariella efflorescens,Powdery Goldspeck,Fungi,0,0,0.09886762725505147,0.0,1,126.0,0.1801709681749344,21.0,True Negative
Flavoplaca austrocitrina,Unknown,Fungi,0,0,0.0987886020739413,0.0,1,123.0,0.1792998760938644,21.0,True Negative
Pinoideae,"pines, spruces, larches, and allies",Plantae,0,0,0.09853131526924246,0.0,1,108.0,0.1411667466163635,21.0,True Negative
Trifoliae,American hard pines,Plantae,0,0,0.09853131526924246,0.0,1,108.0,0.1411667466163635,21.0,True Negative
Phylinae,Unknown,Insecta,0,0,0.09839369282730084,0.0,2,108.0,0.1234432607889175,22.0,True Negative
Chrysothrix granulosa,Crusty Gold-dust Lichen,Fungi,0,0,0.09831763040030937,0.0,1,102.0,0.1564757078886032,23.0,True Negative
Libellula saturata,Flame Skimmer,Insecta,0,0,0.09810800003575233,0.0,1,77.0,0.1626972556114196,28.0,True Negative
Tenthredinoidea,Typical Sawflies,Insecta,0,0,0.09810800003575233,0.0,1,77.0,0.1626972556114196,28.0,True Negative
Collops marginicollis,Unknown,Insecta,0,0,0.09810424914226767,0.0,1,31.0,0.1018976047635078,0.0,True Negative
Macaria austrinata,Unknown,Insecta,0,0,0.09810424914226767,0.0,1,31.0,0.1018976047635078,0.0,True Negative
Patellaria,Unknown,Fungi,0,0,0.09789705889624324,0.0,2,88.0,0.18137179315090174,20.5,True Negative
Tischeriidae,Trumpet Leafminer Moths,Insecta,0,0,0.09783898020530254,0.0,1,106.0,0.1418592929840088,23.0,True Negative
Dimelaena oreina,Golden Moonglow Lichen,Fungi,0,0,0.09769371166135955,0.0,1,102.0,0.16043521463871,22.0,True Negative
Clavascidium lacinulatum,Brown Stipplescale Lichen,Fungi,0,0,0.09768154613881684,0.0,1,100.0,0.1193981990218162,20.0,True Negative
Tricholoma,Knights,Fungi,0,0,0.09757709674469842,0.0,1,106.0,0.1253102868795395,23.0,True Negative
Mycoporum antecellens,Unknown,Fungi,0,0,0.09722856587155503,0.0,1,104.0,0.1034665033221244,22.0,True Negative
Phyllodesma americana,American Lappet Moth,Insecta,0,0,0.09677259625240099,0.0,1,104.0,0.1145932152867317,22.0,True Negative
Lycoperdon perlatum,common puffball,Fungi,0,0,0.09666535158609654,0.0,1,113.0,0.1361791342496872,20.0,True Negative
Typhula,Unknown,Fungi,0,0,0.09666535158609654,0.0,1,113.0,0.1361791342496872,20.0,True Negative
Sphinctrina,Unknown,Fungi,0,0,0.09661163242186219,0.0,1,92.0,0.1694361418485641,19.0,True Negative
Eurotiales,green and blue molds,Fungi,0,0,0.09639382583639121,0.0,1,106.0,0.1024560034275055,21.0,True Negative
Perdita rhois,Rhus Fairy Bee,Insecta,0,0,0.09622513611114304,0.0,3,109.0,0.14092515905698136,22.0,True Negative
Machilidae,Jumping Bristletails,Insecta,0,0,0.09622183282800452,0.0,1,80.0,0.1777916997671127,28.0,True Negative
Prodoxidae,Yucca Moths and Allies,Insecta,0,0,0.09622183282800452,0.0,1,80.0,0.1777916997671127,28.0,True Negative
Phyllostictaceae,Unknown,Fungi,0,0,0.09577717960236619,0.0,1,115.0,0.1671075969934463,20.0,True Negative
Echium,Viper's-buglosses,Plantae,0,0,0.09568917454774716,0.0,1,105.0,0.182464450597763,21.0,True Negative
Opegraphaceae,Unknown,Fungi,0,0,0.09561098147325946,0.0,1,100.0,0.1726118624210357,22.0,True Negative
Coptodisca,Unknown,Insecta,0,0,0.09528354217679762,0.0,2,105.0,0.1633230596780777,23.0,True Negative
Ceriporia spissa,Unknown,Fungi,0,0,0.09522568218739448,0.0,2,105.0,0.1402595043182373,23.0,True Negative
Unguiculariopsis lettaui,Oakmoss Spot,Fungi,0,0,0.0952255211075873,0.0,1,93.0,0.1572124660015106,22.0,True Negative
Amanita,amanita mushrooms,Fungi,0,0,0.09519306714504583,0.0,2,101.5,0.13927270472049708,22.5,True Negative
Protoparmeliopsis muralis,Stonewall Rim Lichen,Fungi,0,0,0.09514102416645012,0.0,1,95.0,0.1737097352743148,25.0,True Negative
Collybia brunneocephala,Brownit,Fungi,0,0,0.09463213829678317,0.0,1,98.0,0.1858123242855072,23.0,True Negative
Miriquidica scotopholis,Unknown,Fungi,0,0,0.09414996420222801,0.0,1,101.0,0.1225796043872833,20.0,True Negative
Battarreaceae,Unknown,Fungi,0,0,0.09413897859025509,0.0,1,64.0,0.2103205621242523,29.0,True Negative
Inocybe,Fiber Caps,Fungi,0,0,0.09413897859025509,0.0,1,64.0,0.2103205621242523,29.0,True Negative
Leucocoprineae,Unknown,Fungi,0,0,0.09413897859025509,0.0,1,64.0,0.2103205621242523,29.0,True Negative
Pluteus,Shields,Fungi,0,0,0.09413897859025509,0.0,1,64.0,0.2103205621242523,29.0,True Negative
Rhizopogonaceae,Unknown,Fungi,0,0,0.09413897859025509,0.0,1,64.0,0.2103205621242523,29.0,True Negative
Fiorinia fioriniae,Palm Fiorinia Scale,Insecta,0,0,0.09408571145332417,0.0,1,92.0,0.1872300058603286,19.0,True Negative
Sarcophaginae,Typical Flesh Flies,Insecta,0,0,0.09408571145332417,0.0,1,92.0,0.1872300058603286,19.0,True Negative
Vanessa atalanta,Red Admiral,Insecta,0,0,0.09405964273061827,0.0,1,119.0,0.1502702236175537,20.0,True Negative
Acarospora fuscata,brown cobblestone lichen,Fungi,0,0,0.092777142920903,0.0,1,106.0,0.117270328104496,20.0,True Negative
Hypogymnia,Tube Lichens,Fungi,0,0,0.09229549951952139,0.0,1,106.0,0.2022271752357483,22.0,True Negative
Uromyces pisi-sativi,Unknown,Fungi,0,0,0.09229549951952139,0.0,1,106.0,0.2022271752357483,22.0,True Negative
Tanaemyrmex,Unknown,Insecta,0,0,0.09217449556840374,0.0,1,114.0,0.1198481693863868,20.0,True Negative
Berginus pumilus,Unknown,Insecta,0,0,0.09145458204838289,0.0,1,116.0,0.1225131899118423,21.0,True Negative
Pityophthorus,Unknown,Insecta,0,0,0.09145458204838289,0.0,1,116.0,0.1225131899118423,21.0,True Negative
Rhyzobius lophanthae,Purple Scale Predator,Insecta,0,0,0.09145458204838289,0.0,1,116.0,0.1225131899118423,21.0,True Negative
Neophyllura,Unknown,Insecta,0,0,0.09145310381468566,0.0,1,92.0,0.1402206867933273,19.0,True Negative
Candolleomyces candolleanus,Pale Brittlestem,Fungi,0,0,0.09137978870155133,0.0,2,104.0,0.1293302476406097,22.0,True Negative
Simocybe,Unknown,Fungi,0,0,0.0912872897277852,0.0,1,98.0,0.1634562760591507,19.0,True Negative
Copestylum fornax,Unknown,Insecta,0,0,0.0912483456140317,0.0,1,72.0,0.19085393846035,28.0,True Negative
Aspicilia nashii,Unknown,Fungi,0,0,0.09044507710487333,0.0,1,103.0,0.13251593708992,23.0,True Negative
Pertusaria californica,California Pore Lichen,Fungi,0,0,0.09044507710487333,0.0,1,103.0,0.13251593708992,23.0,True Negative
Diploschistella athalloides,Unknown,Fungi,0,0,0.0902317303868431,0.0,1,131.0,0.1936880052089691,25.0,True Negative
Trapeliopsis steppica,Unknown,Fungi,0,0,0.09003093024765359,0.0,1,94.0,0.164738655090332,23.0,True Negative
Brachynemurini,Long-tailed Antlions,Insecta,0,0,0.0898644829379392,0.0,2,99.5,0.1354759410023689,21.0,True Negative
Scaphytopius,Unknown,Insecta,0,0,0.08984630250491338,0.0,1,117.0,0.1453472077846527,21.0,True Negative
Uromyces chlorogali,Unknown,Fungi,0,0,0.08983029415173363,0.0,2,106.0,0.13432916253805155,22.5,True Negative
Texosporium,Unknown,Fungi,0,0,0.08973951349785178,0.0,1,104.0,0.1238482519984245,22.0,True Negative
Sarcogyne,Grain-spored lichens,Fungi,0,0,0.0888833363362474,0.0,1,115.0,0.1046944558620452,21.0,True Negative
Nepticulidae,Pygmy Eye-capped Moths,Insecta,0,0,0.08870725959077089,0.0,1,115.0,0.1453472077846527,21.0,True Negative
Stratiomys maculosa,Unknown,Insecta,0,0,0.08870725959077089,0.0,1,115.0,0.1453472077846527,21.0,True Negative
Erynnis tristis,Mournful Duskywing,Insecta,0,0,0.08860165878534262,0.0,1,120.0,0.1214464902877807,20.0,True Negative
Gyalolechia,Sulphur Lichens,Fungi,0,0,0.08828967905419192,0.0,2,107.0,0.12272008135914794,20.0,True Negative
Cameraria,Unknown,Insecta,0,0,0.08796049020377214,0.0,1,102.0,0.1767375171184539,23.0,True Negative
Feron stellulum,Stellar Gall Wasp,Insecta,0,0,0.08796049020377214,0.0,1,102.0,0.1767375171184539,23.0,True Negative
Bryocentria,Unknown,Fungi,0,0,0.08779915723864604,0.0,1,103.0,0.1714671403169632,22.0,True Negative
Pezizales,Unknown,Fungi,0,0,0.08779915723864604,0.0,1,103.0,0.1714671403169632,22.0,True Negative
Usnea parvula,Unknown,Fungi,0,0,0.08779915723864604,0.0,1,103.0,0.1714671403169632,22.0,True Negative
Brachynemurus,Unknown,Insecta,0,0,0.08774590359168843,0.0,1,114.0,0.1180939525365829,21.0,True Negative
Caliciales,"button lichens, rosette lichens, and allies",Fungi,0,0,0.08757066235806392,0.0,2,105.5,0.1685196235775947,22.0,True Negative
Entedoninae,Unknown,Insecta,0,0,0.08756255694827406,0.0,1,114.0,0.1598806530237198,21.0,True Negative
Volvopluteus,Unknown,Fungi,0,0,0.08720350558679044,0.0,1,115.0,0.1438867896795272,20.0,True Negative
Acarospora oligospora,Unknown,Fungi,0,0,0.08703894187632258,0.0,1,120.0,0.1555507183074951,17.0,True Negative
Cladonia verticillata,Ladder Lichen,Fungi,0,0,0.08703894187632258,0.0,1,120.0,0.1555507183074951,17.0,True Negative
Lecanora perconfusa,Unknown,Fungi,0,0,0.08703894187632258,0.0,1,120.0,0.1555507183074951,17.0,True Negative
Tephromela,Unknown,Fungi,0,0,0.0866789877544085,0.0,1,104.0,0.1192455738782882,22.0,True Negative
Laetiporus gilbertsonii,Western Hardwood Sulphur Shelf,Fungi,0,0,0.08666428424265554,0.0,2,111.5,0.12483464181423184,21.0,True Negative
Trichochrous,Unknown,Insecta,0,0,0.08611817294945165,0.0,1,113.0,0.1267054975032806,20.0,True Negative
Agulla bicolor,Unknown,Insecta,0,0,0.08597095239735968,0.0,1,106.0,0.1469576209783554,21.0,True Negative
Candelariella aurella,Hidden Goldspeck Lichen,Fungi,0,0,0.08516197877812497,0.0,2,108.5,0.12572056800127024,20.5,True Negative
Deconica,Unknown,Fungi,0,0,0.0846246991276503,0.0,1,106.0,0.1730725616216659,23.0,True Negative
Deconica montana,mountain moss deconica,Fungi,0,0,0.0846246991276503,0.0,1,106.0,0.1730725616216659,23.0,True Negative
Flavoparmelia baltimorensis,rock greenshield lichen,Fungi,0,0,0.0846246991276503,0.0,1,106.0,0.1730725616216659,23.0,True Negative
Pholiota spumosa,Slender Pholiota,Fungi,0,0,0.0846246991276503,0.0,1,106.0,0.1730725616216659,23.0,True Negative
Lecidea cinerata,Unknown,Fungi,0,0,0.0840283158429708,0.0,1,125.0,0.1718166470527649,17.0,True Negative
Arthonia dispersa,Unknown,Fungi,0,0,0.08386786888795188,0.0,1,103.0,0.148392766714096,22.0,True Negative
Constrictolumina lyrata,Unknown,Fungi,0,0,0.08386786888795188,0.0,1,103.0,0.148392766714096,22.0,True Negative
Lentariaceae,Unknown,Fungi,0,0,0.08386786888795188,0.0,1,103.0,0.148392766714096,22.0,True Negative
Andricus reticulatus,Unknown,Insecta,0,0,0.08326594605289603,0.0,1,108.0,0.1411667466163635,21.0,True Negative
Nyctiphalerus rugipennis,Unknown,Insecta,0,0,0.0822640996199062,0.0,2,115.5,0.12934616208076474,20.5,True Negative
Amanita aprica,Sunshine Amanita,Fungi,0,0,0.0803780720499398,0.0,1,116.0,0.1423462927341461,20.0,True Negative
Pisolithus,Unknown,Fungi,0,0,0.08032218108596466,0.0,1,119.0,0.1228070855140686,20.0,True Negative
Rhytismataceae,Unknown,Fungi,0,0,0.08032218108596466,0.0,1,119.0,0.1228070855140686,20.0,True Negative
Amanita protecta,Protected Ringless Amanita,Fungi,0,0,0.07997784673810446,0.0,1,108.0,0.1329637169837951,23.0,True Negative
Arthoniomycetes,Unknown,Fungi,0,0,0.07997784673810446,0.0,1,108.0,0.1329637169837951,23.0,True Negative
Harknessia,Unknown,Fungi,0,0,0.07948770001632624,0.0,3,103.66666666666667,0.11929056296745932,20.666666666666668,True Negative
Podosphaera,Unknown,Fungi,0,0,0.07908731505827106,0.0,1,115.0,0.1380992829799652,20.0,True Negative
Hymenochaetaceae,Unknown,Fungi,0,0,0.0790148723051475,0.0,1,108.0,0.1327279210090637,22.0,True Negative
Trapeliopsis granulosa,Granular Mottled-disk Lichen,Fungi,0,0,0.0790148723051475,0.0,1,108.0,0.1327279210090637,22.0,True Negative
Tricholoma batschii,Unknown,Fungi,0,0,0.07880892683617541,0.0,1,103.0,0.1398824751377105,22.0,True Negative
Trimerotropis thalassica,Thalassica Grasshopper,Insecta,0,0,0.07859122959236828,0.0,1,106.0,0.1766514480113983,21.0,True Negative
Aphis spiraecola,Spiraea Aphid,Insecta,0,0,0.0764404241609561,0.0,1,118.0,0.1097687184810638,21.0,True Negative
Metapogon,Unknown,Insecta,0,0,0.07642976872041579,0.0,1,59.0,0.1449751108884811,0.0,True Negative
Noctueliopsis,Unknown,Insecta,0,0,0.07642976872041579,0.0,1,59.0,0.1449751108884811,0.0,True Negative
Xanionotum,Unknown,Insecta,0,0,0.07642976872041579,0.0,1,59.0,0.1449751108884811,0.0,True Negative
Acarospora veronensis,Unknown,Fungi,0,0,0.07598980652834203,0.0,1,108.0,0.1587554365396499,22.0,True Negative
Arthonia beccariana,Unknown,Fungi,0,0,0.07598980652834203,0.0,1,108.0,0.1587554365396499,22.0,True Negative
Emericellopsis fimetaria,Unknown,Fungi,0,0,0.07598980652834203,0.0,1,108.0,0.1587554365396499,22.0,True Negative
Stilbella,Unknown,Fungi,0,0,0.07598980652834203,0.0,1,108.0,0.1587554365396499,22.0,True Negative
Peniophora albobadia,Giraffe Spots,Fungi,0,0,0.07566349161758365,0.0,2,105.5,0.17574401944875712,22.0,True Negative
Calycomyza enceliae,Unknown,Insecta,0,0,0.07503944271253463,0.0,1,118.0,0.1225131899118423,21.0,True Negative
Collemataceae,Unknown,Fungi,0,0,0.07495418094500499,0.0,1,111.0,0.1601075977087021,22.0,True Negative
Exidia,Unknown,Fungi,0,0,0.07495418094500499,0.0,1,111.0,0.1601075977087021,22.0,True Negative
Copestylum haagii,Haag's Bromeliad Fly,Insecta,0,0,0.07390047919020346,0.0,1,60.0,0.1470067054033279,0.0,True Negative
Erinnyis obscura,Obscure Sphinx,Insecta,0,0,0.07390047919020346,0.0,1,60.0,0.1470067054033279,0.0,True Negative
Grotea californica,Unknown,Insecta,0,0,0.07390047919020346,0.0,1,60.0,0.1470067054033279,0.0,True Negative
Tenthredinidae,Common Sawflies,Insecta,0,0,0.07390047919020346,0.0,1,60.0,0.1470067054033279,0.0,True Negative
Philanthinae,Unknown,Insecta,0,0,0.07349676430302389,0.0,1,48.0,0.1514242142438888,0.0,True Negative
Psathyrella ammophila,Beach Brittlestem,Fungi,0,0,0.07200996591405753,0.0,1,116.0,0.1167648658156395,21.0,True Negative
Endocarpon pusillum,Scaly Stippled Lichen,Fungi,0,0,0.07014042320702946,0.0,1,106.0,0.1894042938947677,22.0,True Negative
Lecidella carpathica,Unknown,Fungi,0,0,0.07014042320702946,0.0,1,106.0,0.1894042938947677,22.0,True Negative
Cytidia stereoides,Unknown,Fungi,0,0,0.06991927771965158,0.0,1,108.0,0.1724966615438461,22.0,True Negative
Psora californica,Unknown,Fungi,0,0,0.06991927771965158,0.0,1,108.0,0.1724966615438461,22.0,True Negative
Athallia pyracea,Flaming Firedot Lichen,Fungi,0,0,0.067901331358716,0.0,2,106.0,0.13715177029371262,20.5,True Negative
Achyra rantalis,Garden Webworm Moth,Insecta,0,0,0.06770317014978852,0.0,1,56.0,0.1351160854101181,0.0,True Negative
Flavoplaca citrina,Mealy Firedot Lichen,Fungi,0,0,0.06715631158507653,0.0,1,119.0,0.1335747987031936,21.0,True Negative
Xanthocarpia feracissima,sidewalk firedot,Fungi,0,0,0.06715631158507653,0.0,1,119.0,0.1335747987031936,21.0,True Negative
Chondrostereum purpureum,Silverleaf Fungus,Fungi,0,0,0.0670718947540218,0.0,1,118.0,0.1225131899118423,21.0,True Negative
Psora,Fishscale Lichens,Fungi,0,0,0.06608495564856709,0.0,1,108.0,0.1332286447286605,21.0,True Negative
Eusattus difficilis,Unknown,Insecta,0,0,0.06573990352273168,0.0,1,52.0,0.1404322385787964,0.0,True Negative
Heliodinidae,Sun Moths,Insecta,0,0,0.06573990352273168,0.0,1,52.0,0.1404322385787964,0.0,True Negative
Kodiosoma fulva,Unknown,Insecta,0,0,0.06573990352273168,0.0,1,52.0,0.1404322385787964,0.0,True Negative
Plagiognathus obscurus,Obscure Plant Bug,Insecta,0,0,0.06573990352273168,0.0,1,52.0,0.1404322385787964,0.0,True Negative
Cucullia eulepis,Unknown,Insecta,0,0,0.06553169257323055,0.0,1,57.0,0.1357163488864898,0.0,True Negative
Torymidae,Unknown,Insecta,0,0,0.06553169257323055,0.0,1,57.0,0.1357163488864898,0.0,True Negative
Hoplomachidea consors,Unknown,Insecta,0,0,0.06385131453400712,0.0,1,60.0,0.1368109583854675,0.0,True Negative
Mirinae,Unknown,Insecta,0,0,0.06385131453400712,0.0,1,60.0,0.1368109583854675,0.0,True Negative
Vanessa,Ladies and Related Admirals,Insecta,0,0,0.06385131453400712,0.0,1,60.0,0.1368109583854675,0.0,True Negative
Chrysoperla,Common Green Lacewings,Insecta,0,0,0.06325116287113203,0.0,1,60.0,0.1419512331485748,0.0,True Negative
Dicyphus,Unknown,Insecta,0,0,0.06325116287113203,0.0,1,60.0,0.1419512331485748,0.0,True Negative
Macrosiphum gaurae,Beeblossom Aphid,Insecta,0,0,0.06325116287113203,0.0,1,60.0,0.1419512331485748,0.0,True Negative
Candelariella rosulans,Sagebrush Goldspeck Lichen,Fungi,0,0,0.0603084052684365,0.0,1,107.0,0.1411667466163635,21.0,True Negative
Megasurcula carpenteriana,Carpenter's Turrid,Mollusca,0,0,0.931040577531406,0.0,6,1.5,-0.02334400018056232,0.0,True Negative (Filtered)
Delphinus,Common Dolphins,Mammalia,0,0,0.9278730240630358,0.0,4,6.25,0.013843489810824401,6.0,True Negative (Filtered)
Crucibulum spinosum,Spiny Cup-and-Saucer,Mollusca,0,0,0.9205803592429758,0.0,5,2.2,-0.0297803472727537,5.0,True Negative (Filtered)
Numenius,Curlews,Aves,0,0,0.9064436825095197,0.0,4,4.25,0.010642397566698474,0.0,True Negative (Filtered)
Tagelus californianus,California Jackknife Clam,Mollusca,0,0,0.8920237689570052,0.0,3,0.0,0.024364393825332332,7.0,True Negative (Filtered)
Hyperprosopon argenteum,Walleye Surfperch,Actinopterygii,0,0,0.8870473871912541,0.0,3,10.0,-0.026669357360030167,8.666666666666666,True Negative (Filtered)
Charadrius semipalmatus,Semipalmated Plover,Aves,0,0,0.8643858629167863,0.0,5,4.6,-0.04282379855867474,10.4,True Negative (Filtered)
Lepas,Goose Barnacles,Animalia,0,0,0.8632621121499646,0.0,2,0.0,-0.009980452246964,0.0,True Negative (Filtered)
Aurelia,Moon Jellies,Animalia,0,0,0.8587827862063616,0.0,2,4.5,-0.007930584251880604,0.0,True Negative (Filtered)
Ostreida,Oysters and Allies,Mollusca,0,0,0.8456088930952913,0.0,2,11.5,0.052877036388963405,12.0,True Negative (Filtered)
Tresus nuttallii,Pacific Gaper,Mollusca,0,0,0.8441385696236205,0.0,3,0.0,-0.019525876889626165,0.0,True Negative (Filtered)
Laminariaceae,Unknown,Chromista,0,0,0.8439347949736389,0.0,2,8.0,0.0287055233493447,0.0,True Negative (Filtered)
Macominae,Unknown,Mollusca,0,0,0.8421874062430244,0.0,2,7.0,-0.03513263817876575,0.0,True Negative (Filtered)
Salpa,Typical Salps,Animalia,0,0,0.8385469761565054,0.0,1,0.0,0.0234739035367965,0.0,True Negative (Filtered)
Laminaria farlowii,oar weed,Chromista,0,0,0.8359417828206205,0.0,2,0.0,-0.013314688578248,0.0,True Negative (Filtered)
Umbrina roncador,Yellowfin Croaker,Actinopterygii,0,0,0.8335499645389051,0.0,3,1.6666666666666667,-0.024341904247800566,0.0,True Negative (Filtered)
Dallocardia quadragenaria,Spiny Prickly Cockle,Mollusca,0,0,0.8188342847629686,0.0,2,4.0,-0.04287706274772055,0.0,True Negative (Filtered)
Antisabia panamensis,Pacific White Hoof Shell,Mollusca,0,0,0.8178457157371172,0.0,3,3.3333333333333335,-0.025943860566864332,0.0,True Negative (Filtered)
Hippopodius hippopus,Unknown,Animalia,0,0,0.8158769563063751,0.0,3,0.0,-0.077771745622158,0.0,True Negative (Filtered)
Pododesmus macrochisma,Green Falsejingle,Mollusca,0,0,0.8145945196156565,0.0,3,0.0,-0.05315833290417984,0.0,True Negative (Filtered)
Chrysaora achlyos,Black Jelly,Animalia,0,0,0.813777589256644,0.0,2,0.0,-0.05823996663093565,0.0,True Negative (Filtered)
Tedinia pernoides,Brown Falsejingle,Mollusca,0,0,0.8092294683054806,0.0,2,3.5,-0.018946767086163153,0.0,True Negative (Filtered)
Falco peregrinus anatum,North American Peregrine Falcon,Aves,0,0,0.8088243718811349,0.0,2,4.5,-0.007930584251880604,0.0,True Negative (Filtered)
Ralfsia pacifica,Unknown,Chromista,0,0,0.8071208468527515,0.0,2,8.0,0.023090872913599,0.0,True Negative (Filtered)
Thalasseus,Crested Terns,Aves,0,0,0.8069185281989029,0.0,2,4.5,0.0289177363738417,0.0,True Negative (Filtered)
Callocardiinae,Unknown,Mollusca,0,0,0.80635524974493,0.0,2,0.0,-0.0489564230665564,0.0,True Negative (Filtered)
Clavelina huntsmani,Lightbulb Tunicate,Animalia,0,0,0.803699217360581,0.0,1,0.0,-0.0618839599192142,0.0,True Negative (Filtered)
Oniscidea,"Woodlice, Pillbugs, and Rock Slaters",Animalia,0,0,0.803597619116082,0.0,1,9.0,0.0139814335852861,0.0,True Negative (Filtered)
Sterninae,True Terns,Aves,0,0,0.7987277144791975,0.0,2,2.5,-0.031087159179151003,0.0,True Negative (Filtered)
Imparidentia,Unknown,Mollusca,0,0,0.7971030542804656,0.0,1,0.0,-0.0154938669875264,0.0,True Negative (Filtered)
Epiactis lisbethae,Unknown,Animalia,0,0,0.7966265060739743,0.0,1,0.0,-0.0864342749118805,0.0,True Negative (Filtered)
Gymnura marmorata,California Butterfly Ray,Animalia,0,0,0.7966265060739743,0.0,1,0.0,-0.0898439437150955,0.0,True Negative (Filtered)
Octocorallia,Octocorals,Animalia,0,0,0.7959098744054549,0.0,1,0.0,-0.0755430459976196,0.0,True Negative (Filtered)
Leukoma laciniata,Rough-sided Littleneck Clam,Mollusca,0,0,0.7930584375857218,0.0,3,1.3333333333333333,-0.048703665534655195,0.0,True Negative (Filtered)
Bulla gouldiana,Cloudy Bubble Snail,Mollusca,0,0,0.7896301016561101,0.0,1,0.0,0.0214681159704923,0.0,True Negative (Filtered)
Macoma nasuta,Bent-nosed Clam,Mollusca,0,0,0.7872681906487176,0.0,2,3.5,-0.04111698409542435,13.0,True Negative (Filtered)
Laevicardium substriatum,Pacific Eggcockle,Mollusca,0,0,0.7850846642754691,0.0,2,3.0,-0.03701841272413725,13.0,True Negative (Filtered)
Neotrypaea californiensis,Bay Ghost Shrimp,Animalia,0,0,0.7816780585011736,0.0,2,14.0,0.04886196367442605,13.0,True Negative (Filtered)
Panulirus,Unknown,Animalia,0,0,0.7802690832226703,0.0,1,2.0,-0.0658266097307205,0.0,True Negative (Filtered)
Ophidiidae,Cusk-eels,Actinopterygii,0,0,0.7702054944966777,0.0,1,0.0,-0.0014460701495409,0.0,True Negative (Filtered)
Glossaulax,Unknown,Mollusca,0,0,0.7695854271788235,0.0,1,0.0,-0.0300163533538579,0.0,True Negative (Filtered)
Harmothoe,Unknown,Animalia,0,0,0.7691433268233063,0.0,1,9.0,0.0320901274681091,0.0,True Negative (Filtered)
Littorinimorpha,Unknown,Mollusca,0,0,0.7675929111718041,0.0,1,12.0,0.0041614039801061,0.0,True Negative (Filtered)
Corolla spectabilis,Spectacular Corolla,Mollusca,0,0,0.7670362043977573,0.0,1,5.0,-0.0024452051147818,0.0,True Negative (Filtered)
Salsola australis,Southern Russian Thistle,Plantae,0,0,0.7590408930145096,0.0,4,19.25,0.0758843449875712,11.5,True Negative (Filtered)
Myomorpha,"Mice, Rats, and Hamsters",Mammalia,0,0,0.7589897143064189,0.0,1,0.0,-0.0181618984788656,0.0,True Negative (Filtered)
Muraenidae,Morays,Actinopterygii,0,0,0.7580168958867332,0.0,1,0.0,-0.0154938669875264,0.0,True Negative (Filtered)
Crassulaceae,stonecrop family,Plantae,0,0,0.7564599708209234,0.0,1,0.0,0.0029014814645051,0.0,True Negative (Filtered)
Acrosiphonia coalita,green rope,Plantae,0,0,0.7510695387465949,0.0,1,7.0,0.0136971799656748,0.0,True Negative (Filtered)
Modiolinae,Horsemussels,Mollusca,0,0,0.7484875880852573,0.0,1,0.0,-0.0618839599192142,0.0,True Negative (Filtered)
Siliqua lucida,Transparent Razor,Mollusca,0,0,0.7481025703537869,0.0,1,6.0,-0.0482434183359146,0.0,True Negative (Filtered)
Phoracantha recurva,Lesser Eucalyptus Longhorn Beetle,Insecta,0,0,0.745363253026355,0.0,4,8.75,0.012906542047858249,13.0,True Negative (Filtered)
Crepidula norrisiarum,Unknown,Mollusca,0,0,0.745043236666106,0.0,1,0.0,-0.0777603611350059,0.0,True Negative (Filtered)
Larus glaucescens,Glaucous-winged Gull,Aves,0,0,0.7447424699713916,0.0,1,0.0,-0.0321579650044441,0.0,True Negative (Filtered)
Atherinopsinae,Unknown,Actinopterygii,0,0,0.7418899644583249,0.0,1,0.0,-0.0058469013310968,0.0,True Negative (Filtered)
Leporimetis obesa,California Fat Tellin,Mollusca,0,0,0.738334157313255,0.0,1,5.0,0.0404280610382556,0.0,True Negative (Filtered)
Lepomis macrochirus,Bluegill,Actinopterygii,0,0,0.7370780230621313,0.0,1,0.0,0.0046334150247275,0.0,True Negative (Filtered)
Mactromeris hemphillii,Hemphill Surfclam,Mollusca,0,0,0.7318659406911806,0.0,1,14.0,0.0247572157531976,0.0,True Negative (Filtered)
Spirobolida,Iron Millipedes,Animalia,0,0,0.7278960403110446,0.0,2,5.5,0.0775913037359714,12.5,True Negative (Filtered)
Modiolus rectus,Straight Horse Mussel,Mollusca,0,0,0.7262288399881077,0.0,1,0.0,-0.0891793072223663,0.0,True Negative (Filtered)
Petricola californiensis,California Petricolid,Mollusca,0,0,0.7262288399881077,0.0,1,0.0,-0.0781755819916725,0.0,True Negative (Filtered)
Ochrophyta,Unknown,Chromista,0,0,0.7260671861440292,0.0,1,8.0,0.023090872913599,0.0,True Negative (Filtered)
Syngnathus,Unknown,Actinopterygii,0,0,0.724444717888681,0.0,1,0.0,-0.0602128580212593,0.0,True Negative (Filtered)
Parastrellus hesperus,Canyon Bat,Mammalia,0,0,0.7244023862151268,0.0,1,0.0,-0.037156093865633,0.0,True Negative (Filtered)
Argopecten,Unknown,Mollusca,0,0,0.7242534078017429,0.0,1,0.0,-0.072754681110382,0.0,True Negative (Filtered)
Gloeotrichia,Unknown,Unknown,0,0,0.7232420177939007,0.0,1,8.0,0.023090872913599,0.0,True Negative (Filtered)
Bdellidae,Snout Mites,Arachnida,0,0,0.7216505525915071,0.0,1,0.0,-0.0433752425014972,0.0,True Negative (Filtered)
Decapodiformes,Squids and Cuttlefishes,Mollusca,0,0,0.7203662278491636,0.0,2,9.0,0.0630020946264267,0.0,True Negative (Filtered)
Atherinopsidae,Neotropical Silversides,Actinopterygii,0,0,0.7177737883395998,0.0,1,0.0,0.0430407300591468,0.0,True Negative (Filtered)
Ameiurus,Bullheads,Actinopterygii,0,0,0.7176969773191691,0.0,1,0.0,-0.0692435353994369,0.0,True Negative (Filtered)
Vermetidae,Worm Snails,Mollusca,0,0,0.7054284007816432,0.0,1,5.0,-0.0651172325015068,0.0,True Negative (Filtered)
Xema sabini,Sabine's Gull,Aves,0,0,0.7023881394778377,0.0,1,6.0,-0.0482434183359146,0.0,True Negative (Filtered)
Alepisaurus ferox,Longnose Lancetfish,Actinopterygii,0,0,0.6881491960335357,0.0,1,12.0,0.0041614039801061,0.0,True Negative (Filtered)
Clionaidae,Boring Sponges,Animalia,0,0,0.6860142262249163,0.0,1,15.0,0.0247136428952217,0.0,True Negative (Filtered)
Cheilopogon pinnatibarbatus,Bennett's flyingfish,Actinopterygii,0,0,0.6814423573583216,0.0,1,6.0,0.0394786968827247,0.0,True Negative (Filtered)
Phragmites australis,common reed,Plantae,0,0,0.6790373027691792,0.0,1,10.0,0.0435517281293869,0.0,True Negative (Filtered)
Scyphozoa,True Jellies,Animalia,0,0,0.6784531125596616,0.0,1,9.0,0.0630020946264267,0.0,True Negative (Filtered)
Bahiopsis laciniata,Tornleaf Goldeneye,Plantae,0,0,0.6724914244370782,0.0,5,3.6,0.05212553627789016,15.2,True Negative (Filtered)
Calidris,Calidris Sandpipers,Aves,0,0,0.6639423159261991,0.0,1,5.0,-0.0877992138266563,0.0,True Negative (Filtered)
Pleurotus ostreatus,Unknown,Fungi,0,0,0.6616798640148039,0.0,1,5.0,0.0404280610382556,0.0,True Negative (Filtered)
Hirundinidae,Swallows and Martins,Aves,0,0,0.6578754244336722,0.0,2,14.0,0.060560744255781146,12.5,True Negative (Filtered)
Terralonus californicus,Intertidal Jumping Spider,Arachnida,0,0,0.656890922038848,0.0,1,9.0,0.0320901274681091,0.0,True Negative (Filtered)
Scutigera,Unknown,Animalia,0,0,0.6524522178085529,0.0,1,6.0,0.065227098762989,0.0,True Negative (Filtered)
Dosidicus gigas,Humboldt Squid,Mollusca,0,0,0.6502434918160414,0.0,1,11.0,0.0554632768034935,0.0,True Negative (Filtered)
Panaeolus,Mottlegills,Fungi,0,0,0.6486862510537785,0.0,1,8.0,-0.0708056315779686,0.0,True Negative (Filtered)
Pituophis catenifer annectens,San Diego Gopher Snake,Reptilia,0,0,0.6422852431244229,0.0,9,42.55555555555556,0.1431245240900251,22.88888888888889,True Negative (Filtered)
Liliopsida,Monocots,Plantae,0,0,0.628641889657339,0.0,8,60.75,0.15311634913086888,23.875,True Negative (Filtered)
Clogmia albipunctata,Bathroom Moth Fly,Insecta,0,0,0.6258659183089204,0.0,4,38.5,0.08451098762452597,12.75,True Negative (Filtered)
Sisymbrium orientale,eastern rocket,Plantae,0,0,0.6239472741799383,0.0,8,31.625,0.14525691419839853,21.875,True Negative (Filtered)
Astragalus didymocarpus,two-seeded milkvetch,Plantae,0,0,0.6236780041595161,0.0,8,23.0,0.09978655818849796,24.25,True Negative (Filtered)
Melobesia,Unknown,Plantae,0,0,0.622481767184151,0.0,1,15.0,0.0035620320122689,0.0,True Negative (Filtered)
Smithora,Unknown,Plantae,0,0,0.622481767184151,0.0,1,15.0,0.0035620320122689,0.0,True Negative (Filtered)
Apoidea,Bees and Apoid Wasps,Insecta,0,0,0.621233936966446,0.0,9,49.44444444444444,0.14944053275717628,24.444444444444443,True Negative (Filtered)
Dysphania ambrosioides,Mexican tea,Plantae,0,0,0.612756943384953,0.0,7,60.0,0.13847089026655462,19.285714285714285,True Negative (Filtered)
Rattus rattus,Black Rat,Mammalia,0,0,0.6106533020777383,0.0,1,5.0,0.0501440912485122,0.0,True Negative (Filtered)
Chasmanthe floribunda,African flag,Plantae,0,0,0.6086713689916385,0.0,8,59.625,0.1623725742101669,18.375,True Negative (Filtered)
Coelopa,Bristly Kelp Flies,Insecta,0,0,0.6061588513762556,0.0,2,7.5,0.0223681759089231,0.0,True Negative (Filtered)
Stelgidopteryx serripennis,Northern Rough-winged Swallow,Aves,0,0,0.6054799784269057,0.0,7,26.428571428571427,0.10595003355826646,20.714285714285715,True Negative (Filtered)
Aphelocoma californica obscura,Belding's Scrub-Jay,Aves,0,0,0.6045922928731349,0.0,9,72.33333333333333,0.1555178711811701,24.88888888888889,True Negative (Filtered)
Paranoplium gracile,Unknown,Insecta,0,0,0.6045499438420895,0.0,2,2.5,-0.00656223110854625,0.0,True Negative (Filtered)
Clangula hyemalis,Long-tailed Duck,Aves,0,0,0.6030397117806557,0.0,1,13.0,0.030251421034336,0.0,True Negative (Filtered)
Aspidoscelis hyperythrus beldingi,Belding’s Orange-throated Whiptail,Reptilia,0,0,0.5999105558630384,0.0,9,59.666666666666664,0.1561280265450477,24.555555555555557,True Negative (Filtered)
Marah,Man-roots,Plantae,0,0,0.590646693642473,0.0,9,58.22222222222222,0.15329726040363306,26.666666666666668,True Negative (Filtered)
Araneidae,Orbweavers,Arachnida,0,0,0.5893729863387231,0.0,9,70.88888888888889,0.16664848393864096,23.0,True Negative (Filtered)
Narnia,Unknown,Insecta,0,0,0.5866381292671907,0.0,9,60.22222222222222,0.15985035399595893,22.555555555555557,True Negative (Filtered)
Muroidea,Muroids,Mammalia,0,0,0.5859988971576418,0.0,2,24.0,0.08084098668768995,0.0,True Negative (Filtered)
Aphis nerii,Oleander Aphid,Insecta,0,0,0.5847226121374643,0.0,7,61.285714285714285,0.1452222828354154,8.142857142857142,True Negative (Filtered)
Passerculus sandwichensis beldingi,Belding's Sparrow,Aves,0,0,0.5833118247899132,0.0,4,27.5,0.09762719925492998,12.25,True Negative (Filtered)
Anser caerulescens,Snow Goose,Aves,0,0,0.5800561686370175,0.0,3,0.0,0.025556801818311232,17.333333333333332,True Negative (Filtered)
Leucophaeus atricilla,Laughing Gull,Aves,0,0,0.5794673502901773,0.0,3,5.333333333333333,-0.013107634459932634,17.333333333333332,True Negative (Filtered)
Salix gooddingii,Goodding's willow,Plantae,0,0,0.574354164961509,0.0,7,6.857142857142857,0.15539760674749098,22.857142857142858,True Negative (Filtered)
Pavo cristatus,Indian Peafowl,Aves,0,0,0.5743225160779883,0.0,1,13.0,0.0359887443482875,0.0,True Negative (Filtered)
Iva hayesiana,San Diego marsh-elder,Plantae,0,0,0.5704297894803638,0.0,9,24.555555555555557,0.17152279863754905,23.444444444444443,True Negative (Filtered)
Hordeum murinum leporinum,hare barley,Plantae,0,0,0.5693845590261566,0.0,1,10.0,0.0677589550614357,0.0,True Negative (Filtered)
Argiope,Garden Orbweavers,Arachnida,0,0,0.5645516942253735,0.0,8,60.75,0.1503282859921455,25.375,True Negative (Filtered)
Eriogonum fasciculatum fasciculatum,Coastal California Buckwheat,Plantae,0,0,0.561469294792871,0.0,8,46.0,0.17252487037330863,25.75,True Negative (Filtered)
Buteo jamaicensis calurus,Western Red-tailed Hawk,Aves,0,0,0.5579321034818012,0.0,9,57.333333333333336,0.1455635560883416,23.0,True Negative (Filtered)
Latulambrus occidentalis,sandflat elbow crab,Animalia,0,0,0.5572102238973161,0.0,1,0.0,0.0461830534040927,25.0,True Negative (Filtered)
Rhopalomyia,Unknown,Insecta,0,0,0.5570957590273451,0.0,8,57.5,0.1609806660562753,22.75,True Negative (Filtered)
Estigmene acrea,Salt Marsh Moth,Insecta,0,0,0.5570047654590731,0.0,7,21.428571428571427,0.08978920270289689,18.857142857142858,True Negative (Filtered)
Nettastomatidae,Duckbill Eels,Actinopterygii,0,0,0.5552641588148889,0.0,1,15.0,0.0487603917717933,0.0,True Negative (Filtered)
Anomiidae,Jingle Shells,Mollusca,0,0,0.5551130871674782,0.0,1,11.0,-0.0192434675991535,26.0,True Negative (Filtered)
Bloomeria crocea,goldenstar,Plantae,0,0,0.5543345635219832,0.0,9,64.88888888888889,0.17939523359139758,25.11111111111111,True Negative (Filtered)
Lobularia maritima,sweet alyssum,Plantae,0,0,0.5521632584161474,0.0,8,22.5,0.16104719601571557,23.75,True Negative (Filtered)
Pepsis,New World Tarantula-hawk Wasps,Insecta,0,0,0.5494011671560476,0.0,4,44.25,0.09250831964891398,11.25,True Negative (Filtered)
Cucujiformia,Cucujiform Beetles,Insecta,0,0,0.5493180642458183,0.0,9,47.22222222222222,0.15196940882338414,26.444444444444443,True Negative (Filtered)
Anniella stebbinsi,San Diegan Legless Lizard,Reptilia,0,0,0.5479520155594968,0.0,8,47.125,0.13727160217240447,19.25,True Negative (Filtered)
Euphagus cyanocephalus,Brewer's Blackbird,Aves,0,0,0.5477218474948167,0.0,1,5.0,0.0729960948228836,0.0,True Negative (Filtered)
Ptychoramphus aleuticus,Cassin's Auklet,Aves,0,0,0.5477065838338098,0.0,1,7.0,0.0251545179635286,25.0,True Negative (Filtered)
Flaveria trinervia,clustered yellowtops,Plantae,0,0,0.5451137817004746,0.0,1,6.0,0.0856704115867614,0.0,True Negative (Filtered)
Hordeum murinum glaucum,smooth barley,Plantae,0,0,0.5451137817004746,0.0,1,6.0,0.0856704115867614,0.0,True Negative (Filtered)
Koeleria,Junegrasses,Plantae,0,0,0.5451137817004746,0.0,1,6.0,0.0856704115867614,0.0,True Negative (Filtered)
Polygonum arenastrum,Oval Leaf Knotweed,Plantae,0,0,0.5449916654392934,0.0,1,8.0,0.0828883275389671,0.0,True Negative (Filtered)
Hazardia,Unknown,Plantae,0,0,0.5444527225162119,0.0,9,81.44444444444444,0.1678412059942881,23.333333333333332,True Negative (Filtered)
Urtica urens,Dwarf Nettle,Plantae,0,0,0.5400138701159821,0.0,9,35.333333333333336,0.10960852396157045,23.444444444444443,True Negative (Filtered)
Tapinoma sessile,Odorous House Ant,Insecta,0,0,0.5397661204518724,0.0,7,70.14285714285714,0.15017397701740262,24.571428571428573,True Negative (Filtered)
Membraniporidae,Unknown,Animalia,0,0,0.5381104414737004,0.0,1,17.0,0.0367089137434959,26.0,True Negative (Filtered)
Liris,Unknown,Insecta,0,0,0.537320922326489,0.0,8,39.875,0.15793442912399763,20.25,True Negative (Filtered)
Larus smithsonianus,American Herring Gull,Aves,0,0,0.5359372044257232,0.0,3,37.0,0.05311801284551623,16.666666666666668,True Negative (Filtered)
Kelletia,Unknown,Mollusca,0,0,0.5358925022712657,0.0,1,11.0,0.0614411942660808,24.0,True Negative (Filtered)
Olividae,Olive Snails,Mollusca,0,0,0.5358925022712657,0.0,1,11.0,0.0614411942660808,24.0,True Negative (Filtered)
Hypochaeris,Cat's-Ears,Plantae,0,0,0.5356127140506466,0.0,9,64.55555555555556,0.16675630046261677,22.333333333333332,True Negative (Filtered)
Araneinae,Typical Orbweavers,Arachnida,0,0,0.5353207493863928,0.0,6,66.5,0.15160419295231498,25.666666666666668,True Negative (Filtered)
Heterotheca,False Goldenasters,Plantae,0,0,0.5346778574104828,0.0,8,65.875,0.15241481736302373,22.5,True Negative (Filtered)
Charadrius vociferus,Killdeer,Aves,0,0,0.5332861316197272,0.0,7,3.5714285714285716,0.06859861633607316,25.142857142857142,True Negative (Filtered)
Cylindropuntia californica,California Cholla,Plantae,0,0,0.5315189489955069,0.0,6,60.5,0.13539812589685118,24.833333333333332,True Negative (Filtered)
Bagrada hilaris,Bagrada Bug,Insecta,0,0,0.5297405732331746,0.0,2,1.0,0.08087876392528415,12.0,True Negative (Filtered)
Heliantheae,Sunflowers and Allies,Plantae,0,0,0.524050190812201,0.0,6,54.5,0.1602182139952977,25.666666666666668,True Negative (Filtered)
Nannopterum,American Cormorants,Aves,0,0,0.5237040024683108,0.0,2,57.5,0.0696458602324128,11.5,True Negative (Filtered)
Convolvuleae,Bindweed Tribe,Plantae,0,0,0.5217988871367651,0.0,8,55.625,0.159974442794919,25.0,True Negative (Filtered)
Dioprosopa clavata,Four-speckled Hover Fly,Insecta,0,0,0.5217931368642166,0.0,7,47.0,0.1621830676283155,22.428571428571427,True Negative (Filtered)
Juncus,Rushes,Plantae,0,0,0.5211452019902086,0.0,7,34.285714285714285,0.16814570980412613,23.714285714285715,True Negative (Filtered)
Closterocoris,Unknown,Insecta,0,0,0.5185621946275218,0.0,9,63.55555555555556,0.15519675364096955,20.555555555555557,True Negative (Filtered)
Balaustium,Sidewalk Mites,Arachnida,0,0,0.518237271818191,0.0,2,39.0,0.08277157135307786,14.0,True Negative (Filtered)
Lycosoidea,Wolf Spiders and Allies,Arachnida,0,0,0.5174811998912119,0.0,2,4.5,0.14753606170415876,12.0,True Negative (Filtered)
Sanicula arguta,Sharp-toothed Sanicle,Plantae,0,0,0.5173145687623086,0.0,7,23.571428571428573,0.15857710157121932,27.142857142857142,True Negative (Filtered)
Arbutoideae,"madrones, bearberries, and allies",Plantae,0,0,0.5163839461912051,0.0,8,76.5,0.1608725897967815,23.75,True Negative (Filtered)
Tetragonia tetragonoides,New Zealand Spinach,Plantae,0,0,0.5159171665805281,0.0,7,9.714285714285714,0.10531490083251678,20.714285714285715,True Negative (Filtered)
Bryum argenteum,Silvery Bryum,Plantae,0,0,0.5129019353012001,0.0,9,43.0,0.1587139326665136,21.88888888888889,True Negative (Filtered)
Amsinckia menziesii intermedia,Rancher's fiddleneck,Plantae,0,0,0.5126760210132395,0.0,7,54.57142857142857,0.15844276334558208,23.571428571428573,True Negative (Filtered)
Atriplex pacifica,south coast saltscale,Plantae,0,0,0.51253399397372,0.0,6,68.33333333333333,0.1271197088062763,23.0,True Negative (Filtered)
Neverita,Unknown,Mollusca,0,0,0.5109214261107429,0.0,1,0.0,0.0373396575450897,25.0,True Negative (Filtered)
Spergularia marina,Saltmarsh Sand Spurry,Plantae,0,0,0.5099806935536653,0.0,6,21.5,0.15805380667249358,25.166666666666668,True Negative (Filtered)
Calidris minutilla,Least Sandpiper,Aves,0,0,0.5096096584891711,0.0,3,1.6666666666666667,0.07683735216657316,17.0,True Negative (Filtered)
Nassella,Tussockgrasses,Plantae,0,0,0.5080790734744209,0.0,8,72.125,0.1583814257755875,22.125,True Negative (Filtered)
Archaea,Unknown,Unknown,0,0,0.5078774413265037,0.0,1,19.0,0.0332353003323078,0.0,True Negative (Filtered)
Cicindelidae,Tiger Beetles,Insecta,0,0,0.5074198362312543,0.0,1,0.0,-0.0433752425014972,0.0,True Negative (Filtered)
Ctenucha,Unknown,Insecta,0,0,0.5048892807634282,0.0,1,14.0,0.0327012538909912,25.0,True Negative (Filtered)
Cafius,Unknown,Insecta,0,0,0.5048877832217797,0.0,1,0.0,-0.0468782521784305,0.0,True Negative (Filtered)
Toxomerus occidentalis,Western Calligrapher,Insecta,0,0,0.5037875510504,0.0,7,40.42857142857143,0.17641137327466688,24.571428571428573,True Negative (Filtered)
Phanias,Unknown,Arachnida,0,0,0.503378033229994,0.0,6,55.5,0.15049096693595246,24.0,True Negative (Filtered)
Convolvulaceae,bindweed family,Plantae,0,0,0.5014186331797232,0.0,6,64.5,0.16481134543816245,25.666666666666668,True Negative (Filtered)
Hemileuca electra,Electra Buckmoth,Insecta,0,0,0.5003386606702168,0.0,1,0.0,-0.0154938669875264,0.0,True Negative (Filtered)
