scientific_name,common_name,iconic_taxon_name,present_in_main,main_obs_count,backup_obs_count,log_obs_count,backup_unique_users,backup_unique_days,avg_elevation,avg_slope,avg_ndvi,avg_soil_sand,avg_soil_ph,avg_soil_clay
Accipitridae,"Hawks, Eagles, and Kites",Aves,0,0.0,1,0.6931471805599453,1,1,105.0,3.446496963500977,0.1380361467599868,54.0,72.0,21.0
Acer saccharinum,silver maple,Plantae,0,0.0,1,0.6931471805599453,1,1,138.0,7.07758903503418,0.1502064019441604,56.0,71.0,20.0
Aceria boycei,Ragweed Gall Mite,Arachnida,0,0.0,1,0.6931471805599453,1,1,102.0,2.992177724838257,0.1908106505870819,55.0,70.0,21.0
Aceria paracalifornica,California Sagebrush Gall Mite,Arachnida,0,0.0,1,0.6931471805599453,1,1,112.0,9.209413528442385,0.2407880127429962,54.0,71.0,21.0
Achradocera,Unknown,Insecta,0,0.0,1,0.6931471805599453,1,1,102.0,1.444566011428833,0.1677400469779968,54.0,71.0,21.0
Achyrachaena mollis,Blow Wives,Plantae,0,0.0,1,0.6931471805599453,1,1,105.0,4.968410968780518,0.1988129466772079,55.0,70.0,21.0
Acmispon,deervetch,Plantae,0,0.0,3,1.3862943611198906,3,3,113.66666666666667,8.317053119341532,0.17729081213474265,54.0,70.0,21.0
Acmispon americanus,Spanish clover,Plantae,0,0.0,5,1.791759469228055,3,5,100.0,4.505637550354004,0.14841220676898953,55.6,69.4,19.8
Acmispon americanus americanus,Spanish clover,Plantae,0,0.0,1,0.6931471805599453,1,1,91.0,1.107679843902588,0.2020478397607803,56.0,69.0,19.0
Acmispon glaber,deerweed,Plantae,1,8.0,13,2.6390573296152584,12,12,112.53846153846153,6.206419211167556,0.16830074042081827,54.53846153846154,70.46153846153847,20.384615384615383
Acmispon glaber brevialatus,short-winged deerweed,Plantae,0,0.0,3,1.3862943611198906,2,3,128.0,5.468359629313151,0.18673525253931678,54.333333333333336,69.66666666666667,20.333333333333332
Acmispon glaber glaber,Coastal Deerweed,Plantae,1,2.0,11,2.4849066497880004,6,11,113.0,6.201282717964866,0.16902602870355948,54.90909090909091,70.36363636363636,20.0
Acmispon strigosus,strigose lotus,Plantae,0,0.0,1,0.6931471805599453,1,1,104.0,6.636947154998779,0.1800630241632461,55.0,70.0,21.0
Acridoidea,Short-horned Grasshoppers and Locusts,Insecta,0,0.0,1,0.6931471805599453,1,1,106.0,3.3198912143707275,0.1449794471263885,54.0,71.0,21.0
Aculus tetanothrix,Willow Bead Gall Mite,Arachnida,0,0.0,3,1.3862943611198906,3,3,107.0,5.129398504892985,0.21712891260782877,55.0,70.0,20.0
Adelpha californica,California Sister,Insecta,1,2.0,8,2.1972245773362196,8,8,105.75,3.850527338683605,0.220201039686799,54.875,69.625,19.875
Adenostoma fasciculatum,chamise,Plantae,1,25.0,29,3.4011973816621555,21,22,113.75862068965517,8.144547026732873,0.15230624146502592,54.89655172413793,70.51724137931035,20.17241379310345
Adolphia californica,California adolphia,Plantae,0,0.0,1,0.6931471805599453,1,1,110.0,1.4445579051971436,0.0998838916420936,56.0,72.0,19.0
Agapostemon,Unknown,Insecta,0,0.0,1,0.6931471805599453,1,1,110.0,10.351273536682127,0.1769911497831344,54.0,72.0,21.0
Agaricaceae,Field Mushrooms and Allies,Fungi,0,0.0,1,0.6931471805599453,1,1,93.0,5.521929264068604,0.2525904774665832,56.0,69.0,19.0
Agaricales,Common Gilled Mushrooms and Allies,Fungi,1,12.0,17,2.8903717578961645,10,8,106.17647058823529,7.828355340396657,0.18779817135894994,54.64705882352941,70.47058823529412,20.470588235294116
Agaricomycetes,"Mushrooms, Bracket Fungi, Puffballs, and Allies",Fungi,1,7.0,12,2.5649493574615367,10,10,109.66666666666667,5.995857099692027,0.2116889767348766,54.333333333333336,70.08333333333333,20.5
Agaricus,field and button mushrooms,Fungi,1,6.0,5,1.791759469228055,5,5,107.8,3.8873950958251955,0.20226027071475977,55.0,70.2,20.2
Agaricus brunneofibrillosus,Bleeding Brown Cypress Agaricus,Fungi,0,0.0,4,1.6094379124341003,2,4,106.0,5.179624915122986,0.22204722091555593,54.75,70.25,20.25
Agaricus californicus,California Agaricus,Fungi,0,0.0,1,0.6931471805599453,1,1,112.0,10.038002014160156,0.1897927820682525,54.0,71.0,21.0
Agaricus campestris,Meadow Mushroom,Fungi,1,1.0,2,1.0986122886681098,2,2,106.5,8.47468113899231,0.17363131046295166,54.5,71.0,21.0
Agaricus deserticola,Gasteroid Agaricus,Fungi,1,1.0,1,0.6931471805599453,1,1,103.0,4.792656421661377,0.1640980690717697,56.0,71.0,20.0
Agaricus hondensis,Felt-ringed Agaricus,Fungi,0,0.0,1,0.6931471805599453,1,1,130.0,8.360761642456055,0.1487916260957718,55.0,71.0,20.0
Agaricus sylvaticus,Blushing Wood Mushroom,Fungi,0,0.0,2,1.0986122886681098,1,1,104.0,4.5180864334106445,0.243331953883171,54.0,71.0,21.0
Agaricus xanthodermus,Yellow Stainer,Fungi,0,0.0,1,0.6931471805599453,1,1,98.0,1.1076868772506714,0.2678269743919372,56.0,69.0,19.0
Agelaius phoeniceus,Red-winged Blackbird,Aves,1,2.0,75,4.330733340286331,31,59,107.42666666666666,5.8236943594614665,0.19789430399735763,53.986666666666665,71.32,20.973333333333333
Ageleninae,Typical Funnel Weavers,Arachnida,1,1.0,2,1.0986122886681098,2,2,105.0,4.792720794677734,0.21520846337080002,55.5,70.5,20.0
Agelenopsis aperta,Desert Grass Spider,Arachnida,0,0.0,1,0.6931471805599453,1,1,103.0,2.9921815395355225,0.2348225116729736,55.0,70.0,20.0
Agrocybe,Unknown,Fungi,0,0.0,2,1.0986122886681098,2,2,112.0,7.146489143371582,0.15748069435358045,55.0,70.0,20.0
Agrocybe pediades,Common Fieldcap,Fungi,1,3.0,4,1.6094379124341003,3,4,110.25,6.573080480098724,0.18676033616065976,54.75,70.75,20.5
Agromyzidae,Leaf-miner Flies,Insecta,0,0.0,1,0.6931471805599453,1,1,106.0,3.3198912143707275,0.1449794471263885,54.0,71.0,21.0
Agulla,Common Snakeflies,Insecta,0,0.0,1,0.6931471805599453,1,1,127.0,15.172921180725098,0.1362243443727493,53.0,69.0,21.0
Aigeiros,Black Poplars and Allies,Plantae,0,0.0,1,0.6931471805599453,1,1,105.0,7.923086643218994,0.2075047940015792,54.0,71.0,21.0
Aix sponsa,Wood Duck,Aves,0,0.0,3,1.3862943611198906,3,3,106.66666666666667,4.784826437632243,0.18239711225032806,54.0,71.66666666666667,21.0
Aizoaceae,Stone plants,Plantae,0,0.0,1,0.6931471805599453,1,1,120.0,10.011117935180664,0.2440542131662368,55.0,70.0,21.0
Alcidamea,Unknown,Insecta,0,0.0,1,0.6931471805599453,1,1,105.0,2.4006242752075195,0.2325848489999771,54.0,71.0,21.0
Alopecosa kochi,Koch's Wolf Spider,Arachnida,0,0.0,1,0.6931471805599453,1,1,113.0,11.203290939331056,0.1306452602148056,55.0,71.0,20.0
Alternaria,Unknown,Fungi,0,0.0,1,0.6931471805599453,1,1,102.0,1.444566011428833,0.1677400469779968,54.0,71.0,21.0
Amanita,Amanita Sect. Amanita,Fungi,1,1.0,11,2.4849066497880004,9,9,103.0909090909091,4.521449760957197,0.21230133419687094,54.90909090909091,70.0,20.181818181818183
Amanita calyptratoides,Candlestick Amanita,Fungi,0,0.0,2,1.0986122886681098,2,2,103.0,6.99329948425293,0.19030236452817914,54.5,70.0,20.0
Amanita magniverrucata,Pinecone Amanita,Fungi,1,4.0,9,2.302585092994046,6,7,105.22222222222223,7.177191813786824,0.2207779702213075,54.77777777777778,70.22222222222223,20.444444444444443
Amanita novinupta,Blushing Bride Amanita,Fungi,1,2.0,11,2.4849066497880004,8,10,107.45454545454545,6.4621234590357,0.1994261944835836,54.90909090909091,69.9090909090909,20.272727272727273
Amanita ocreata,Western Destroying Angel,Fungi,1,1.0,13,2.6390573296152584,11,12,109.76923076923077,7.7576900995694675,0.20097792836335987,54.61538461538461,70.53846153846153,20.46153846153846
Amanita pantherinoides,Western Panther,Fungi,0,0.0,4,1.6094379124341003,3,4,106.0,5.994794309139252,0.20569510385394094,54.25,70.75,20.75
Amanita velosa,springtime amanita,Fungi,1,2.0,19,2.995732273553991,10,15,107.10526315789474,4.979613137872596,0.22338853345105517,54.578947368421055,70.36842105263158,20.57894736842105
Amaranthus palmeri,Palmer's Amaranth,Plantae,0,0.0,1,0.6931471805599453,1,1,118.0,9.20923137664795,0.1334841549396515,55.0,70.0,20.0
Ambrosia,Ragweeds,Plantae,0,0.0,1,0.6931471805599453,1,1,102.0,5.125842094421387,0.1654155999422073,55.0,70.0,21.0
Ambrosia psilostachya,western ragweed,Plantae,1,2.0,17,2.8903717578961645,10,17,103.94117647058823,4.499313740169301,0.20869972425348612,54.35294117647059,70.41176470588235,20.764705882352942
Ammopelmatus,North American Jerusalem Crickets,Insecta,0,0.0,4,1.6094379124341003,4,4,107.5,4.016013205051422,0.18646235205233094,55.0,70.25,20.75
Ammophila,Thread-waisted Sand Wasps,Insecta,0,0.0,1,0.6931471805599453,1,1,105.0,2.8872010707855225,0.2221390008926391,55.0,70.0,21.0
Amphibolips quercuspomiformis,Live Oak Apple Gall Wasp,Insecta,1,3.0,6,1.9459101490553132,5,6,106.5,3.738266328970591,0.25587460647026694,54.666666666666664,70.33333333333333,20.666666666666668
Amsinckia,Fiddlenecks,Plantae,1,2.0,3,1.3862943611198906,3,3,111.66666666666667,7.221858580907186,0.1650378108024597,54.666666666666664,70.33333333333333,20.666666666666668
Amsinckia menziesii,Common Fiddleneck,Plantae,1,8.0,10,2.3978952727983707,5,9,106.0,6.032593047618866,0.17551859468221662,54.7,70.2,20.4
Amsinckia menziesii intermedia,Rancher's fiddleneck,Plantae,0,0.0,1,0.6931471805599453,1,1,100.0,5.759792327880859,0.1640980690717697,55.0,70.0,21.0
Amsinckia tessellata,Bristly Fiddleneck,Plantae,0,0.0,1,0.6931471805599453,1,1,104.0,2.21462345123291,0.1683672964572906,54.0,71.0,21.0
Anas acuta,Northern Pintail,Aves,0,0.0,6,1.9459101490553132,3,5,106.33333333333333,4.465951283772786,0.1430049190918604,54.0,72.0,21.0
Anas crecca,Green-winged Teal,Aves,0,0.0,1,0.6931471805599453,1,1,105.0,3.865976572036743,0.1119013875722885,54.0,72.0,21.0
Anas platyrhynchos,Mallard,Aves,1,3.0,65,4.189654742026425,35,58,107.15384615384616,5.3328352130376375,0.1763999571020786,54.01538461538462,71.61538461538461,20.96923076923077
Anas platyrhynchos domesticus,Domestic Mallard,Aves,1,1.0,27,3.332204510175204,17,23,107.0,4.912378028587058,0.1759436588596414,53.96296296296296,71.66666666666667,21.0
Anatidae,"Ducks, Geese, and Swans",Aves,0,0.0,1,0.6931471805599453,1,1,108.0,7.708394050598144,0.2828335165977478,54.0,72.0,21.0
Andrena,Mining Bees,Insecta,0,0.0,1,0.6931471805599453,1,1,109.0,11.274687767028809,0.1628977507352829,55.0,70.0,20.0
Andricus quercuscalifornicus,California Gall Wasp,Insecta,1,2.0,5,1.791759469228055,5,5,108.8,5.722883176803589,0.1891337543725967,54.8,70.0,20.8
Angiospermae,Flowering Plants,Plantae,1,3.0,9,2.302585092994046,8,7,110.55555555555556,5.283699817127651,0.19210579825772175,54.55555555555556,70.33333333333333,20.555555555555557
Animalia,Animals,Animalia,0,0.0,2,1.0986122886681098,2,2,103.0,4.184341311454773,0.1870024502277374,55.5,69.5,19.5
Annulohypoxylon thouarsianum,Cramp Balls,Fungi,1,16.0,5,1.791759469228055,4,5,102.4,5.311218309402466,0.24330277442932124,55.0,70.0,20.0
Anser,Grey Geese,Aves,0,0.0,3,1.3862943611198906,3,3,116.33333333333333,3.3291869163513184,0.13719165821870163,53.666666666666664,71.0,21.0
Anser anser domesticus,Domestic Greylag Goose,Aves,0,0.0,1,0.6931471805599453,1,1,109.0,7.708418369293213,0.1775672882795334,54.0,72.0,21.0
Anser anser domesticus × cygnoides domesticus,Domestic Greylag × Domestic Swan Goose,Aves,0,0.0,12,2.5649493574615367,7,11,105.25,4.451137324174245,0.17049848039944962,54.0,71.75,21.0
Anser anser × cygnoides,Greylag × Swan Goose,Aves,0,0.0,4,1.6094379124341003,3,4,119.25,6.3083385825157166,0.14188336208462715,54.0,71.0,20.75
Anser cygnoides,Swan Goose,Aves,0,0.0,1,0.6931471805599453,1,1,108.0,7.708394050598144,0.2828335165977478,54.0,72.0,21.0
Anser cygnoides domesticus,Domestic Swan Goose,Aves,0,0.0,31,3.4657359027997265,24,30,108.16129032258064,6.073532535183814,0.18688822946240818,54.03225806451613,71.61290322580645,20.93548387096774
Anthidiellum notatum robertsoni,California Rotund-Resin Bee,Insecta,0,0.0,1,0.6931471805599453,1,1,105.0,2.400604724884033,0.1600885540246963,55.0,70.0,20.0
Anthocharis sara,Sara Orangetip,Insecta,0,0.0,2,1.0986122886681098,2,2,105.5,8.812790155410767,0.1612057164311409,54.5,70.0,20.0
Anthrenus lepidus,Unknown,Insecta,0,0.0,1,0.6931471805599453,1,1,109.0,8.182897567749023,0.1332870423793792,55.0,71.0,20.0
Anura,Frogs and Toads,Amphibia,0,0.0,1,0.6931471805599453,1,1,105.0,7.923086643218994,0.2075047940015792,54.0,71.0,21.0
Apalone spinifera,Spiny Softshell,Reptilia,0,0.0,1,0.6931471805599453,1,1,109.0,7.708418369293213,0.1775672882795334,54.0,72.0,21.0
Aphelocoma californica,California Scrub-Jay,Aves,1,2.0,13,2.6390573296152584,6,10,108.0,6.427119502654443,0.21488642234068647,54.46153846153846,70.53846153846153,20.53846153846154
Aphelocoma californica obscura,Belding's Scrub-Jay,Aves,0,0.0,2,1.0986122886681098,2,2,103.5,7.277111530303955,0.15081085264682764,55.5,69.5,19.5
Aphididae,Aphids,Insecta,0,0.0,1,0.6931471805599453,1,1,106.0,3.3198912143707275,0.1449794471263885,54.0,71.0,21.0
Aphis,Unknown,Insecta,0,0.0,1,0.6931471805599453,1,1,106.0,6.637119770050049,0.2298710346221923,54.0,71.0,21.0
Aphis nerii,Oleander Aphid,Insecta,0,0.0,1,0.6931471805599453,1,1,113.0,1.444592833518982,0.0867594853043556,54.0,73.0,21.0
Aphonopelma,Unknown,Arachnida,0,0.0,1,0.6931471805599453,1,1,113.0,10.981242179870604,0.1775672882795334,54.0,72.0,21.0
Apis mellifera,Western Honey Bee,Insecta,0,0.0,8,2.1972245773362196,6,8,110.25,5.470825858414173,0.18112110439687965,54.25,70.75,20.875
Apium,Celery and Marshwort,Plantae,0,0.0,1,0.6931471805599453,1,1,104.0,2.214630603790283,0.243644967675209,54.0,71.0,21.0
Apium graveolens,Celery,Plantae,1,1.0,10,2.3978952727983707,8,10,103.1,3.057668352127075,0.24283958673477174,54.4,70.6,20.8
Apodemia,Unknown,Insecta,0,0.0,1,0.6931471805599453,1,1,101.0,7.186158180236816,0.1710846722126007,56.0,71.0,20.0
Apodemia virgulti,Behr's Metalmark,Insecta,1,1.0,8,2.1972245773362196,5,5,113.625,8.190563440322876,0.1329921334981918,54.875,70.0,19.875
Aquarius remigis,North American Common Water Strider,Insecta,1,1.0,3,1.3862943611198906,3,3,104.33333333333333,3.8325164318084717,0.23098788658777866,55.333333333333336,70.33333333333333,20.666666666666668
Araneae,Spiders,Arachnida,0,0.0,1,0.6931471805599453,1,1,113.0,1.444592833518982,0.0867594853043556,54.0,73.0,21.0
Araneidae,Orbweavers,Arachnida,1,1.0,3,1.3862943611198906,2,3,107.33333333333333,4.239196300506592,0.14749376724163688,55.0,70.0,19.666666666666668
Araneus,Angulate and Roundshouldered Orbweavers,Arachnida,1,1.0,1,0.6931471805599453,1,1,103.0,3.446365594863892,0.1373647302389145,54.0,70.0,20.0
Araneus gemma,Gem-shaped Orbweaver,Arachnida,1,2.0,1,0.6931471805599453,1,1,108.0,12.041276931762695,0.1597257107496261,54.0,71.0,21.0
Archilestes californicus,California Spreadwing,Insecta,0,0.0,2,1.0986122886681098,1,1,104.0,4.670807600021362,0.22117044031620026,55.0,70.0,20.5
Ardea alba,Great Egret,Aves,0,0.0,5,1.791759469228055,4,5,104.8,3.979130983352661,0.2042781680822372,54.2,71.2,20.8
Ardea herodias,Great Blue Heron,Aves,0,0.0,8,2.1972245773362196,8,8,108.875,6.7451595067977905,0.20153104141354558,53.875,71.125,21.0
Argia vivida,Vivid Dancer,Insecta,1,3.0,2,1.0986122886681098,2,2,106.0,5.980681896209717,0.20984393358230585,54.0,71.0,21.0
Argiope argentata,Silver Garden Orbweaver,Arachnida,1,2.0,3,1.3862943611198906,3,3,114.66666666666667,8.121296405792236,0.19523599495490393,54.333333333333336,71.33333333333333,20.666666666666668
Argiope aurantia,Yellow Garden Spider,Arachnida,1,1.0,5,1.791759469228055,5,5,102.4,5.037179088592529,0.21740587353706356,55.0,70.4,20.2
Argopecten ventricosus,Pacific Calico Scallop,Mollusca,0,0.0,1,0.6931471805599453,1,1,105.0,1.854334115982056,0.2940673232078552,54.0,71.0,21.0
Armadillidium vulgare,Common Pill Woodlouse,Animalia,1,1.0,3,1.3862943611198906,3,2,100.66666666666667,5.0625120004018145,0.22133086125055945,55.333333333333336,69.33333333333333,19.333333333333332
Armillaria mellea,Honey Mushroom,Fungi,0,0.0,2,1.0986122886681098,2,2,104.0,2.423257827758789,0.2564808279275894,55.0,70.0,20.0
Artemisia,wormwoods and sagebrushes,Plantae,1,1.0,1,0.6931471805599453,1,1,96.0,5.547544956207275,0.1623234450817108,55.0,70.0,21.0
Artemisia californica,California sagebrush,Plantae,1,9.0,17,2.8903717578961645,15,14,114.52941176470588,8.362628852619844,0.1891675920170896,54.05882352941177,70.58823529411765,20.764705882352942
Artemisia palmeri,San Diego Sagewort,Plantae,0,0.0,7,2.0794415416798357,5,7,107.85714285714286,7.571296964372908,0.2298416686909539,54.142857142857146,70.85714285714286,21.0
Asclepias curassavica,tropical milkweed,Plantae,0,0.0,1,0.6931471805599453,1,1,113.0,0.9274099469184875,0.0867594853043556,54.0,73.0,21.0
Asclepias fascicularis,narrowleaf milkweed,Plantae,1,1.0,7,2.0794415416798357,4,7,101.85714285714286,7.058023282459804,0.1883609103304999,55.57142857142857,69.42857142857143,19.571428571428573
Ashmeadiella,Unknown,Insecta,0,0.0,1,0.6931471805599453,1,1,104.0,6.636947154998779,0.1800630241632461,55.0,70.0,21.0
Asteraceae,"Sunflowers, Daisies, Asters, and Allies",Plantae,0,0.0,1,0.6931471805599453,1,1,106.0,6.637119770050049,0.2298710346221923,54.0,71.0,21.0
Astereae,asters and allies,Plantae,1,1.0,1,0.6931471805599453,1,1,97.0,4.756978988647461,0.1628219336271286,55.0,70.0,21.0
Asterellopsis palmeri,Palmer's asterella,Plantae,0,0.0,1,0.6931471805599453,1,1,103.0,7.697035312652588,0.1355404257774353,56.0,69.0,19.0
Asteroideae,Unknown,Plantae,0,0.0,5,1.791759469228055,5,5,105.8,7.259782981872559,0.1881887704133987,55.2,70.2,20.2
Astraeus,Barometer Earthstars,Fungi,1,4.0,10,2.3978952727983707,6,8,110.7,5.843963706493378,0.18173112049698822,54.4,70.1,20.6
Astraeus hygrometricus,Hygroscopic Earthstar,Fungi,1,8.0,4,1.6094379124341003,4,4,106.75,4.388677388429642,0.23455718532204622,54.75,70.25,20.75
Astraeus pteridis,giant hygroscopic earthstar,Fungi,1,2.0,2,1.0986122886681098,2,2,100.0,3.483226120471955,0.2466073110699653,55.5,69.5,20.0
Astur cooperii,Cooper's Hawk,Aves,0,0.0,4,1.6094379124341003,4,4,113.0,10.74273157119751,0.20756560191512105,54.25,70.75,20.5
Aureoboletus flaviporus,viscid bolete,Fungi,0,0.0,1,0.6931471805599453,1,1,96.0,4.517909049987793,0.2525904774665832,56.0,69.0,19.0
Avena,Oats,Plantae,0,0.0,1,0.6931471805599453,1,1,124.0,6.617493152618408,0.1130816861987114,55.0,71.0,20.0
Aves,Birds,Aves,0,0.0,1,0.6931471805599453,1,1,108.0,12.041276931762695,0.1597257107496261,54.0,71.0,21.0
Aythya collaris,Ring-necked Duck,Aves,0,0.0,2,1.0986122886681098,2,2,105.0,3.865976572036743,0.1119013875722885,54.0,72.0,21.0
Aytoniaceae,Unknown,Plantae,1,4.0,1,0.6931471805599453,1,1,122.0,12.307557106018066,0.1442305296659469,55.0,70.0,19.0
Baccharis,Unknown,Plantae,1,1.0,11,2.4849066497880004,9,9,105.45454545454545,4.452579536221244,0.20126277343793345,55.0,70.27272727272727,20.0
Baccharis pilularis,coyote brush,Plantae,1,10.0,31,3.4657359027997265,26,26,106.35483870967742,6.162121403601862,0.19114456734349647,54.61290322580645,70.48387096774194,20.35483870967742
Baccharis pilularis consanguinea,Chaparral Coyote Brush,Plantae,0,0.0,5,1.791759469228055,5,5,112.0,6.805810213088989,0.22624319493770595,54.0,71.2,21.0
Baccharis salicifolia,mule fat,Plantae,1,1.0,2,1.0986122886681098,2,2,99.5,7.426233530044556,0.2484594583511352,56.0,69.0,19.0
Baccharis salicifolia salicifolia,Unknown,Plantae,1,1.0,2,1.0986122886681098,2,2,109.5,6.118187665939331,0.1657389551401138,55.5,69.5,20.0
Baccharis sarothroides,Desert Broom,Plantae,1,3.0,12,2.5649493574615367,11,12,112.16666666666667,6.596995572249095,0.17380333443482712,54.5,70.08333333333333,20.333333333333332
Baccharis sergiloides,desert baccharis,Plantae,0,0.0,1,0.6931471805599453,1,1,101.0,5.1258392333984375,0.1498768478631973,55.0,70.0,21.0
Bactericera maculipennis,Unknown,Insecta,0,0.0,1,0.6931471805599453,1,1,106.0,1.854334115982056,0.2270485609769821,55.0,70.0,20.0
Basidiomycota,Basidiomycete Fungi,Fungi,1,3.0,1,0.6931471805599453,1,1,105.0,2.8872172832489014,0.2532548010349273,55.0,70.0,20.0
Batrachoseps major,Southern California Slender Salamander,Amphibia,0,0.0,2,1.0986122886681098,1,2,117.0,6.108112335205078,0.16232669726014134,54.5,71.5,20.5
Blapstinus,Unknown,Insecta,0,0.0,1,0.6931471805599453,1,1,109.0,7.708418369293213,0.1775672882795334,54.0,72.0,21.0
Blattella germanica,German Cockroach,Insecta,0,0.0,1,0.6931471805599453,1,1,113.0,2.214742660522461,0.0918346866965293,54.0,73.0,21.0
Blitum californicum,California Goosefoot,Plantae,1,1.0,3,1.3862943611198906,3,3,107.33333333333333,6.5096412897109985,0.21663566430409742,55.333333333333336,69.66666666666667,19.666666666666668
Bolbitius titubans,yellow fieldcap,Fungi,1,1.0,2,1.0986122886681098,2,1,114.5,6.058961033821106,0.1349627114832401,53.5,72.0,21.5
Boletaceae,boletes,Fungi,1,1.0,5,1.791759469228055,5,5,102.6,4.313514852523804,0.20856461971998205,54.8,70.0,20.4
Boletales,boletes and allies,Fungi,0,0.0,1,0.6931471805599453,1,1,108.0,15.554022789001465,0.1805791854858398,54.0,71.0,21.0
Boletus barrowsii,Barrow's Bolete,Fungi,0,0.0,1,0.6931471805599453,1,1,104.0,4.5180864334106445,0.243331953883171,54.0,71.0,21.0
Bombus vosnesenskii,Yellow-faced Bumble Bee,Insecta,1,4.0,7,2.0794415416798357,6,7,117.57142857142857,5.7640654700143,0.1491078745041574,54.57142857142857,70.57142857142857,20.571428571428573
Bombycilla cedrorum,Cedar Waxwing,Aves,0,0.0,1,0.6931471805599453,1,1,107.0,7.168527603149414,0.259173035621643,54.0,71.0,21.0
Bombyliidae,Bee Flies,Insecta,0,0.0,1,0.6931471805599453,1,1,112.0,1.444587469100952,0.1013923808932304,54.0,73.0,21.0
Boraginaceae,borage family,Plantae,1,1.0,1,0.6931471805599453,1,1,101.0,7.186158180236816,0.1710846722126007,56.0,71.0,20.0
Bovista,True Puffballs,Fungi,0,0.0,1,0.6931471805599453,1,1,97.0,4.756978988647461,0.1628219336271286,55.0,70.0,21.0
Brachycera,Brachyceran Flies,Insecta,0,0.0,1,0.6931471805599453,1,1,113.0,0.9274099469184875,0.0867594853043556,54.0,73.0,21.0
Braconidae,Braconid Wasps,Insecta,0,0.0,1,0.6931471805599453,1,1,105.0,2.887206554412842,0.1345187425613403,55.0,70.0,21.0
Brassicaceae,mustard family,Plantae,0,0.0,5,1.791759469228055,5,5,106.6,4.8468280792236325,0.17038930058479304,54.2,70.8,21.0
Brodiaea filifolia,thread-leaved brodiaea,Plantae,0,0.0,1,0.6931471805599453,1,1,131.0,4.313136100769043,0.1675220280885696,56.0,72.0,20.0
Bromus,bromes,Plantae,0,0.0,4,1.6094379124341003,2,4,103.25,5.790737330913544,0.22412913292646405,54.5,71.0,21.0
Bromus diandrus,great brome,Plantae,1,2.0,4,1.6094379124341003,3,3,107.75,5.754960596561432,0.23026799038052553,54.5,70.5,21.0
Bromus rubens,Red Brome,Plantae,1,1.0,5,1.791759469228055,5,4,107.4,6.670350646972656,0.19647139310836786,54.6,70.8,20.8
Bryophyta,Mosses,Plantae,1,2.0,1,0.6931471805599453,1,1,128.0,14.881324768066406,0.1569729149341583,55.0,70.0,19.0
Bubo virginianus,Great Horned Owl,Aves,0,0.0,1,0.6931471805599453,1,1,117.0,13.185669898986816,0.1709121763706207,53.0,72.0,22.0
Bubo virginianus pacificus,Coastal Great Horned Owl,Aves,0,0.0,1,0.6931471805599453,1,1,98.0,3.8659555912017822,0.259191483259201,56.0,69.0,19.0
Buteo jamaicensis,Red-tailed Hawk,Aves,1,4.0,6,1.9459101490553132,4,6,117.66666666666667,7.975761493047078,0.1838573093215624,54.0,70.16666666666667,21.0
Buteo lineatus,Red-shouldered Hawk,Aves,1,2.0,19,2.995732273553991,15,19,107.6842105263158,6.115899641262858,0.2038088738918304,54.89473684210526,70.26315789473684,20.31578947368421
Butorides virescens,Green Heron,Aves,0,0.0,5,1.791759469228055,4,5,111.8,6.513390076160431,0.2062542378902435,54.4,71.0,20.4
Caladonus coquilletti,Unknown,Insecta,0,0.0,1,0.6931471805599453,1,1,106.0,3.3198912143707275,0.1449794471263885,54.0,71.0,21.0
Calandrinia menziesii,redmaids,Plantae,1,2.0,2,1.0986122886681098,2,2,100.0,4.862694978713989,0.14733043313026425,55.5,69.5,20.0
Calasterella californica,California asterella,Plantae,1,7.0,2,1.0986122886681098,2,2,107.5,8.955903768539429,0.19638439267873758,54.5,70.5,20.5
Calliopsis obscurella,Unknown,Insecta,0,0.0,1,0.6931471805599453,1,1,121.0,7.922781944274902,0.1433743238449096,55.0,70.0,20.0
Callipepla californica,California Quail,Aves,0,0.0,1,0.6931471805599453,1,1,107.0,7.168527603149414,0.259173035621643,54.0,71.0,21.0
Calliphora vicina,Blue Blowfly,Insecta,0,0.0,1,0.6931471805599453,1,1,102.0,1.444566011428833,0.1677400469779968,54.0,71.0,21.0
Calliphoridae,Blow Flies,Insecta,0,0.0,1,0.6931471805599453,1,1,113.0,0.0,0.0660826414823532,54.0,73.0,21.0
Callirhytis perdens,Ruptured Twig Gall Wasp,Insecta,0,0.0,1,0.6931471805599453,1,1,112.0,4.422732830047607,0.3143239319324493,54.0,71.0,21.0
Callophrys augustinus iroides,Western Brown Elfin,Insecta,0,0.0,1,0.6931471805599453,1,1,128.0,11.99825382232666,0.1632361561059951,55.0,71.0,20.0
Callophrys dumetorum,Lotus Hairstreak,Insecta,0,0.0,2,1.0986122886681098,2,2,127.0,6.926293969154358,0.1369680725038051,55.0,71.0,20.0
Caloboletus marshii,Ben's Bitter Bolete,Fungi,0,0.0,2,1.0986122886681098,2,2,102.0,4.312218576669693,0.2316605150699615,55.0,70.0,20.5
Calonarius,Chalkland Webcaps,Fungi,0,0.0,1,0.6931471805599453,1,1,104.0,1.444549798965454,0.2652438879013061,54.0,71.0,21.0
Calvatia booniana,Western Giant Puffball,Fungi,1,1.0,1,0.6931471805599453,1,1,96.0,8.961777687072754,0.1765977591276168,56.0,69.0,19.0
Calypte anna,Anna's Hummingbird,Aves,1,1.0,3,1.3862943611198906,3,3,106.33333333333333,4.146322011947632,0.16603401303291318,54.666666666666664,71.0,20.666666666666668
Calyptratae,Calyptrate Flies,Insecta,0,0.0,1,0.6931471805599453,1,1,102.0,1.444566011428833,0.1677400469779968,54.0,71.0,21.0
Camissoniopsis,Suncups,Plantae,1,7.0,1,0.6931471805599453,1,1,107.0,8.980646133422852,0.1313672959804535,55.0,70.0,20.0
Camissoniopsis bistorta,California sun cup,Plantae,1,4.0,6,1.9459101490553132,3,6,104.83333333333333,5.788801511128743,0.17478247483571363,55.5,69.5,19.5
Camissoniopsis micrantha,miniature suncup,Plantae,1,2.0,2,1.0986122886681098,2,2,107.5,11.237231492996216,0.195288173854351,54.0,71.0,21.0
Candolleomyces candolleanus,Pale Brittlestem,Fungi,1,1.0,1,0.6931471805599453,1,1,103.0,2.7802884578704834,0.1570453345775604,54.0,70.0,20.0
Canidae,Canids,Mammalia,1,1.0,1,0.6931471805599453,1,1,98.0,8.961756706237793,0.1710846722126007,55.0,70.0,21.0
Canis latrans,Coyote,Mammalia,1,6.0,5,1.791759469228055,5,5,105.2,5.632935237884522,0.1997282892465591,54.8,71.4,20.6
Cantareus apertus,Green Garden Snail,Mollusca,1,5.0,6,1.9459101490553132,4,4,104.5,5.932917396227519,0.16666840761899945,55.0,69.5,20.333333333333332
Cardamine hirsuta,hairy bittercress,Plantae,0,0.0,2,1.0986122886681098,2,2,109.0,11.022800922393799,0.17646718025207514,54.0,71.0,21.0
Cardueae,Unknown,Plantae,0,0.0,1,0.6931471805599453,1,1,101.0,7.186158180236816,0.1710846722126007,56.0,71.0,20.0
Carduus,plumeless thistles,Plantae,1,1.0,1,0.6931471805599453,1,1,105.0,2.8872172832489014,0.2532548010349273,55.0,70.0,20.0
Carduus pycnocephalus,Italian thistle,Plantae,1,4.0,5,1.791759469228055,5,5,104.0,6.306104755401611,0.1947583973407745,54.6,70.6,20.6
Carduus pycnocephalus pycnocephalus,Unknown,Plantae,0,0.0,2,1.0986122886681098,2,2,105.0,1.6640073359012604,0.19893527776002878,55.0,70.0,20.0
Castianeira thalia,Unknown,Arachnida,0,0.0,1,0.6931471805599453,1,1,103.0,3.8005220890045166,0.2221390008926391,55.0,70.0,21.0
Castilleja,Paintbrushes,Plantae,0,0.0,1,0.6931471805599453,1,1,105.0,2.4006242752075195,0.2325848489999771,54.0,71.0,21.0
Castilleja densiflora,dense-flowered owl's-clover,Plantae,1,1.0,1,0.6931471805599453,1,1,109.0,9.903193473815918,0.2251684963703155,54.0,71.0,21.0
Castilleja exserta,purple owl's-clover,Plantae,1,1.0,2,1.0986122886681098,2,2,103.0,5.45309042930603,0.1425531059503555,55.0,70.0,20.0
Catalinia castanea,Unknown,Arachnida,0,0.0,1,0.6931471805599453,1,1,118.0,12.60760498046875,0.1528115272521972,55.0,71.0,20.0
Cathartes aura,Turkey Vulture,Aves,1,1.0,1,0.6931471805599453,1,1,116.0,9.913349151611328,0.1426655352115631,56.0,71.0,20.0
Cenchrus clandestinus,Kikuyu Grass,Plantae,0,0.0,1,0.6931471805599453,1,1,104.0,3.552376270294189,0.2895484566688537,54.0,71.0,21.0
Cenchrus setaceus,Fountain Grass,Plantae,0,0.0,1,0.6931471805599453,1,1,118.0,12.534643173217772,0.1377801597118377,55.0,71.0,20.0
Centaurea cyanus,Cornflower,Plantae,0,0.0,1,0.6931471805599453,1,1,103.0,7.077494621276856,0.2069191336631775,55.0,70.0,21.0
Centaurea melitensis,Maltese star-thistle,Plantae,1,1.0,5,1.791759469228055,5,5,111.0,10.47839422225952,0.1467164814472198,55.2,70.0,19.6
Cercopoidea,Spittlebugs and Froghoppers,Insecta,0,0.0,1,0.6931471805599453,1,1,113.0,10.981242179870604,0.1775672882795334,54.0,72.0,21.0
Ceriporia spissa,Unknown,Fungi,0,0.0,1,0.6931471805599453,1,1,100.0,3.865959644317627,0.2094663977622985,56.0,69.0,19.0
Chaenactis artemisiifolia,Artemisia-leaved Chaenactis,Plantae,1,3.0,1,0.6931471805599453,1,1,128.0,15.250362396240234,0.1410514414310455,55.0,70.0,19.0
Chaenactis glabriuscula,Common Yellow Chaenactis,Plantae,1,1.0,8,2.1972245773362196,6,8,119.5,6.164594322443008,0.13481040764600036,54.875,70.875,20.125
Chaenactis glabriuscula glabriuscula,Unknown,Plantae,0,0.0,1,0.6931471805599453,1,1,120.0,12.307090759277344,0.1340577006340026,55.0,70.0,20.0
Chilocorus,Twice-stabbed Lady Beetles,Insecta,0,0.0,1,0.6931471805599453,1,1,112.0,4.313132762908936,0.1712713688611984,54.0,72.0,21.0
Chimarocephala pacifica,Painted Meadow Grasshopper,Insecta,0,0.0,1,0.6931471805599453,1,1,104.0,4.517963409423828,0.1850939095020294,55.0,70.0,21.0
Chiroptera,Bats,Mammalia,0,0.0,1,0.6931471805599453,1,1,108.0,12.041276931762695,0.1597257107496261,54.0,71.0,21.0
Chlorion aerarium,Steel-blue Cricket-hunter Wasp,Insecta,0,0.0,1,0.6931471805599453,1,1,110.0,14.551376342773438,0.1830715537071228,54.0,71.0,21.0
Chlorogalum pomeridianum,wavy-leafed soap plant,Plantae,1,3.0,3,1.3862943611198906,3,3,102.66666666666667,4.430034875869751,0.16455263396104172,55.666666666666664,71.0,20.0
Chlorophyllum,Unknown,Fungi,0,0.0,2,1.0986122886681098,2,2,110.5,6.982705593109132,0.16157846897840494,54.0,71.0,21.0
Chlorophyllum brunneum,Shaggy Parasol,Fungi,0,0.0,1,0.6931471805599453,1,1,103.0,2.887206554412842,0.1533000320196151,55.0,70.0,21.0
Chlorophyllum molybdites,Green-spored Parasol,Fungi,0,0.0,1,0.6931471805599453,1,1,104.0,5.598662853240967,0.2636374235153198,54.0,71.0,21.0
Chlorophyta,green algae,Plantae,0,0.0,1,0.6931471805599453,1,1,103.0,5.968120098114014,0.2237621545791626,55.0,70.0,21.0
Chondestes grammacus,Lark Sparrow,Aves,0,0.0,1,0.6931471805599453,1,1,105.0,0.9274099469184875,0.2377820014953613,55.0,70.0,20.0
Chorizanthe fimbriata,Fringed Spineflower,Plantae,1,3.0,1,0.6931471805599453,1,1,120.0,14.110196113586426,0.1278738528490066,53.0,69.0,21.0
Chromelosporium,Unknown,Fungi,1,2.0,1,0.6931471805599453,1,1,91.0,1.107679843902588,0.2020478397607803,56.0,69.0,19.0
Chrysoperla,Common Green Lacewings,Insecta,0,0.0,1,0.6931471805599453,1,1,113.0,0.9274099469184875,0.0867594853043556,54.0,73.0,21.0
Chrysothrix,Gold Dust Lichens,Fungi,1,1.0,1,0.6931471805599453,1,1,120.0,12.53467845916748,0.1491235345602035,55.0,71.0,20.0
Circus hudsonius,Northern Harrier,Aves,0,0.0,1,0.6931471805599453,1,1,119.0,14.221823692321776,0.1452195942401886,54.0,71.0,21.0
Cirsium,Plume Thistles,Plantae,0,0.0,2,1.0986122886681098,2,2,118.0,9.413501977920532,0.13873851671814913,55.0,70.5,20.0
Cirsium occidentale,Cobwebby Thistle,Plantae,0,0.0,8,2.1972245773362196,7,7,110.375,8.010564804077148,0.16500573139637706,54.625,70.5,20.375
Cirsium vulgare,Bull Thistle,Plantae,0,0.0,1,0.6931471805599453,1,1,113.0,1.444592833518982,0.0867594853043556,54.0,73.0,21.0
Cistus creticus,Hoary Rock-rose,Plantae,0,0.0,3,1.3862943611198906,3,3,113.33333333333333,8.699358781178793,0.19447991251945487,54.666666666666664,70.33333333333333,20.333333333333332
Cladonia,pixie cup and reindeer lichens,Fungi,1,5.0,2,1.0986122886681098,2,2,122.5,13.106614112854004,0.15243416279554364,54.0,70.0,20.5
Cladonia chlorophaea,Mealy Pixie Cup,Fungi,1,3.0,2,1.0986122886681098,2,2,108.0,11.947535514831543,0.15548716485500336,55.0,70.5,20.0
Clarkia,Clarkias,Plantae,0,0.0,1,0.6931471805599453,1,1,103.0,7.077494621276856,0.2069191336631775,55.0,70.0,21.0
Clarkia amoena,Farewell-To-Spring,Plantae,0,0.0,1,0.6931471805599453,1,1,105.0,9.86323356628418,0.1550154834985733,55.0,70.0,20.0
Clarkia purpurea,Winecup Clarkia,Plantae,1,5.0,6,1.9459101490553132,6,6,106.0,7.216612935066223,0.14086266731222466,55.5,69.66666666666667,19.5
Clastoptera lineatocollis,Unknown,Insecta,0,0.0,1,0.6931471805599453,1,1,105.0,1.854334115982056,0.2781391441822052,55.0,70.0,20.0
Claytonia perfoliata,miner's lettuce,Plantae,1,6.0,2,1.0986122886681098,2,2,103.5,9.596879005432129,0.16711312532424927,55.0,71.0,20.5
Clematis,Clematis and leatherflowers,Plantae,1,2.0,2,1.0986122886681098,2,2,110.0,8.453076839447021,0.211723580956459,54.0,71.0,21.0
Clematis ligusticifolia,Western White Clematis,Plantae,1,2.0,3,1.3862943611198906,3,3,116.0,8.061020056406656,0.2094043890635172,53.666666666666664,70.33333333333333,21.0
Clitocybe,Funnels,Fungi,0,0.0,1,0.6931471805599453,1,1,104.0,2.992177724838257,0.1829343736171722,56.0,71.0,20.0
Clitopilus hobsonii,Miller's oysterling,Fungi,1,1.0,1,0.6931471805599453,1,1,98.0,2.159588098526001,0.2466890960931778,56.0,69.0,19.0
Clutia,Cluts,Plantae,0,0.0,1,0.6931471805599453,1,1,106.0,6.8679518699646,0.2036669552326202,54.0,70.0,20.0
Coccinella septempunctata,Seven-spotted Lady Beetle,Insecta,1,4.0,4,1.6094379124341003,4,4,110.75,3.675449639558792,0.16091618128120894,54.5,70.75,20.75
Coccinellini,Black-spotted Lady Beetles,Insecta,0,0.0,1,0.6931471805599453,1,1,101.0,7.186158180236816,0.1710846722126007,56.0,71.0,20.0
Coelocnemis,Unknown,Insecta,1,1.0,2,1.0986122886681098,2,2,105.5,4.518862247467041,0.1949797943234443,54.5,70.5,20.5
Colaptes auratus,Northern Flicker,Aves,0,0.0,1,0.6931471805599453,1,1,107.0,7.168527603149414,0.259173035621643,54.0,71.0,21.0
Colletes,Cellophane Bees,Insecta,0,0.0,1,0.6931471805599453,1,1,106.0,3.3198912143707275,0.1449794471263885,54.0,71.0,21.0
Collybia brunneocephala,Brownit,Fungi,0,0.0,2,1.0986122886681098,2,2,113.5,13.707220077514648,0.16535507142543787,55.5,70.0,19.0
Collybia nuda,Blewit,Fungi,0,0.0,4,1.6094379124341003,4,4,111.25,5.508591383695602,0.2038427256047725,54.75,70.5,20.5
Collybiopsis quercophila,Oak-leaf Pinwheel,Fungi,1,1.0,1,0.6931471805599453,1,1,99.0,3.319765329360962,0.1519543677568435,56.0,69.0,19.0
Coltricia,Unknown,Fungi,0,0.0,1,0.6931471805599453,1,1,104.0,2.214630603790283,0.243644967675209,54.0,71.0,21.0
Coniontis,Unknown,Insecta,0,0.0,1,0.6931471805599453,1,1,144.0,7.708273410797119,0.1559836268424987,55.0,72.0,21.0
Conocybe,Conecaps,Fungi,0,0.0,1,0.6931471805599453,1,1,105.0,6.637162685394287,0.3197219669818878,54.0,71.0,21.0
Conocybe apala,milky conecap,Fungi,0,0.0,2,1.0986122886681098,2,2,106.5,7.410143136978149,0.3168265372514725,54.0,71.0,21.0
Convolvulus arvensis,field bindweed,Plantae,1,1.0,1,0.6931471805599453,1,1,96.0,5.547544956207275,0.1623234450817108,55.0,70.0,21.0
Coprinellus bipellis,Unknown,Fungi,0,0.0,1,0.6931471805599453,1,1,107.0,2.887233257293701,0.2185787260532379,55.0,70.0,20.0
Coprinopsis,Inkcaps,Fungi,1,1.0,4,1.6094379124341003,3,3,106.25,3.436340034008026,0.22127085551619527,54.5,70.5,20.75
Coprinopsis atramentaria,Common Ink Cap,Fungi,0,0.0,2,1.0986122886681098,2,2,106.0,4.876604795455933,0.20086378604173655,54.5,71.0,21.0
Coprinopsis uliginicola,Unknown,Fungi,1,5.0,6,1.9459101490553132,4,4,106.33333333333333,6.545005510250728,0.22396845618883765,54.5,70.5,21.0
Coprinus comatus,Shaggy Mane,Fungi,0,0.0,1,0.6931471805599453,1,1,105.0,1.854334115982056,0.2940673232078552,54.0,71.0,21.0
Corethrogyne filaginifolia,California Aster,Plantae,1,1.0,11,2.4849066497880004,8,10,103.9090909090909,4.2972176400097934,0.20799926194277674,54.63636363636363,70.27272727272727,20.727272727272727
Coriarachnini,Unknown,Arachnida,0,0.0,1,0.6931471805599453,1,1,121.0,7.922781944274902,0.1433743238449096,55.0,70.0,20.0
Cortaderia,Pampas grasses,Plantae,0,0.0,3,1.3862943611198906,3,3,107.66666666666667,5.764074484507243,0.17886273066202796,54.333333333333336,71.0,20.666666666666668
Cortaderia selloana,Pampas Grass,Plantae,0,0.0,15,2.772588722239781,11,15,104.46666666666667,3.5303513129552204,0.21325501799583432,54.333333333333336,70.66666666666667,20.466666666666665
Corthylio calendula,Ruby-crowned Kinglet,Aves,0,0.0,2,1.0986122886681098,2,2,107.0,8.330881178379059,0.2065060213208198,54.0,71.0,21.0
Cortinariaceae,Unknown,Fungi,1,2.0,4,1.6094379124341003,4,3,104.25,2.3822644501924515,0.2292305156588554,55.0,70.0,20.25
Cortinarius ohlone,Unknown,Fungi,1,2.0,2,1.0986122886681098,2,2,106.5,5.673871636390686,0.2452061921358108,54.0,71.0,21.0
Corvus,Crows and Ravens,Aves,0,0.0,1,0.6931471805599453,1,1,97.0,5.968117713928223,0.1565334796905517,55.0,70.0,21.0
Corvus brachyrhynchos,American Crow,Aves,1,1.0,19,2.995732273553991,6,16,109.05263157894737,6.917782777234128,0.2296272237834177,54.1578947368421,71.15789473684211,20.789473684210527
Corvus corax,Common Raven,Aves,0,0.0,3,1.3862943611198906,1,3,115.0,11.535213470458984,0.14434125026067093,54.666666666666664,70.0,20.333333333333332
Corythucha morrilli,Morrill Lace Bug,Insecta,0,0.0,1,0.6931471805599453,1,1,124.0,6.617493152618408,0.1130816861987114,55.0,71.0,20.0
Cotinis,Green June Beetles,Insecta,0,0.0,1,0.6931471805599453,1,1,113.0,1.444592833518982,0.0867594853043556,54.0,73.0,21.0
Cotula australis,Common Cotula,Plantae,0,0.0,1,0.6931471805599453,1,1,112.0,10.038002014160156,0.1897927820682525,54.0,71.0,21.0
Crocanthemum,Frostweeds,Plantae,1,3.0,2,1.0986122886681098,2,2,124.0,7.047837257385254,0.1630705296993255,55.5,71.5,20.5
Crocanthemum aldersonii,Alderson's rushrose,Plantae,1,5.0,5,1.791759469228055,5,5,118.2,8.341720342636108,0.14232348501682276,54.6,70.4,20.2
Crocanthemum scoparium,peak rushrose,Plantae,1,2.0,7,2.0794415416798357,5,7,121.0,6.07870306287493,0.13971901259252,54.57142857142857,70.71428571428571,20.142857142857142
Crotalus oreganus helleri,Southern Pacific Rattlesnake,Reptilia,1,2.0,2,1.0986122886681098,2,2,101.0,5.710030794143677,0.19431074708700175,55.0,70.5,20.0
Crotalus ruber,Red Diamond Rattlesnake,Reptilia,0,0.0,1,0.6931471805599453,1,1,133.0,20.190624237060547,0.151430457830429,53.0,69.0,21.0
Croton setiger,turkey mullein,Plantae,1,4.0,20,3.044522437723423,11,20,99.0,5.972148007154464,0.18752553611993786,55.4,69.7,20.2
Cryptantha,Annual Cryptanthas,Plantae,0,0.0,2,1.0986122886681098,1,2,103.0,5.474998712539673,0.171813815832138,55.0,70.0,21.0
Cryptantha intermedia,Clearwater cryptantha,Plantae,1,4.0,6,1.9459101490553132,4,6,130.33333333333334,7.5100944836934405,0.13610619430740672,54.0,70.0,20.5
Cryptantha muricata,pointed cryptantha,Plantae,0,0.0,1,0.6931471805599453,1,1,114.0,10.943516731262209,0.1431663930416107,55.0,70.0,20.0
Cryptocephalus andrewsi,Unknown,Insecta,0,0.0,1,0.6931471805599453,1,1,107.0,9.519370079040527,0.1534793674945831,55.0,70.0,20.0
Cucurbita,gourds,Plantae,0,0.0,2,1.0986122886681098,2,2,112.5,9.173511266708374,0.18102113902568814,55.0,71.0,21.0
Cucurbita foetidissima,Buffalo Gourd,Plantae,1,4.0,21,3.091042453358316,15,21,106.14285714285714,6.124982754389445,0.1822983161324546,54.95238095238095,70.04761904761905,20.0
Cupaniopsis anacardioides,Tuckeroo,Plantae,0,0.0,3,1.3862943611198906,3,3,106.66666666666667,4.51373048623403,0.17118168622255323,54.333333333333336,71.33333333333333,21.0
Cuscuta,dodders,Plantae,0,0.0,2,1.0986122886681098,2,2,108.5,6.219274282455444,0.20805307477712626,54.5,70.5,21.0
Cuscuta californica,California dodder,Plantae,0,0.0,10,2.3978952727983707,8,8,121.8,6.864794921875,0.16600481718778606,54.0,70.3,20.8
Cuscuta campestris,Field Dodder,Plantae,0,0.0,1,0.6931471805599453,1,1,105.0,2.8872010707855225,0.2221390008926391,55.0,70.0,21.0
Cyathus,Unknown,Fungi,0,0.0,1,0.6931471805599453,1,1,140.0,13.544370651245115,0.1520940512418747,53.0,69.0,21.0
Cyathus olla,field bird's nest fungus,Fungi,1,1.0,1,0.6931471805599453,1,1,120.0,7.168642044067383,0.157860979437828,56.0,72.0,20.0
Cyclosa turbinata,Humped Trashline Orbweaver,Arachnida,0,0.0,1,0.6931471805599453,1,1,100.0,2.400585412979126,0.2031955868005752,54.0,70.0,20.0
Cynara cardunculus,Artichoke Thistle,Plantae,0,0.0,1,0.6931471805599453,1,1,114.0,3.320017099380493,0.2027310132980346,54.0,72.0,21.0
Cynipini,Oak Gall Wasps,Insecta,1,1.0,4,1.6094379124341003,4,3,106.25,2.6129737198352814,0.2508298456668853,55.0,70.0,20.5
Cynoglosseae,Unknown,Plantae,0,0.0,1,0.6931471805599453,1,1,121.0,7.922781944274902,0.1433743238449096,55.0,70.0,20.0
Cyperaceae,Sedges,Plantae,0,0.0,1,0.6931471805599453,1,1,104.0,3.800641059875488,0.2523154616355896,54.0,71.0,21.0
Cyperus eragrostis,tall flatsedge,Plantae,1,1.0,3,1.3862943611198906,3,3,103.33333333333333,3.198807497819265,0.24672630925973252,54.666666666666664,70.33333333333333,20.666666666666668
Dacrymyces chrysospermus,Orange Jelly Spot,Fungi,0,0.0,1,0.6931471805599453,1,1,106.0,6.637119770050049,0.2298710346221923,54.0,71.0,21.0
Dacrymyces stillatus,Jelly Spot Fungus,Fungi,0,0.0,1,0.6931471805599453,1,1,105.0,1.854334115982056,0.2781391441822052,55.0,70.0,20.0
Danaus plexippus,Monarch,Insecta,0,0.0,5,1.791759469228055,2,5,114.4,2.4859660983085634,0.10097978413105006,54.4,72.8,20.8
Dasymutilla aureola,Pacific Velvet Ant,Insecta,0,0.0,1,0.6931471805599453,1,1,101.0,7.459734439849853,0.1300616860389709,56.0,69.0,19.0
Datura wrightii,Sacred Datura,Plantae,1,1.0,12,2.5649493574615367,9,12,106.0,4.308573548992475,0.1640114511052767,55.0,70.08333333333333,20.0
Daucus pusillus,American wild carrot,Plantae,0,0.0,2,1.0986122886681098,1,2,104.0,3.459277629852295,0.20446442812681193,55.0,70.0,20.5
Deinandra,Unknown,Plantae,0,0.0,2,1.0986122886681098,2,2,103.5,7.6110405921936035,0.1487288177013397,55.0,69.5,19.5
Deinandra fasciculata,Clustered Tarweed,Plantae,1,1.0,12,2.5649493574615367,5,12,106.08333333333333,6.753582497437795,0.169298763697346,55.166666666666664,70.0,20.083333333333332
Deirochelyinae,Deirochelyine Turtles,Reptilia,0,0.0,1,0.6931471805599453,1,1,106.0,4.326391220092773,0.1371066719293594,54.0,72.0,21.0
Dendroctonus,Unknown,Insecta,0,0.0,1,0.6931471805599453,1,1,123.0,2.1596384048461914,0.264563649892807,54.0,71.0,20.0
Dendryphantina,Unknown,Arachnida,0,0.0,1,0.6931471805599453,1,1,113.0,0.9274099469184875,0.0867594853043556,54.0,73.0,21.0
Dermaptera,Earwigs,Insecta,0,0.0,1,0.6931471805599453,1,1,105.0,3.446496963500977,0.1380361467599868,54.0,72.0,21.0
Deroceras reticulatum,Milky Slug,Mollusca,1,1.0,1,0.6931471805599453,1,1,104.0,2.21462345123291,0.1683672964572906,54.0,71.0,21.0
Dione vanillae,Gulf Fritillary,Insecta,0,0.0,1,0.6931471805599453,1,1,120.0,7.168642044067383,0.157860979437828,56.0,72.0,20.0
Diplacus,bush monkeyflowers,Plantae,1,3.0,7,2.0794415416798357,5,6,108.0,4.308555407183511,0.15129877520459037,54.285714285714285,70.28571428571429,20.142857142857142
Diplacus longiflorus,southern bush monkeyflower,Plantae,0,0.0,1,0.6931471805599453,1,1,103.0,3.446365594863892,0.1373647302389145,54.0,70.0,20.0
Diplacus puniceus,red bush monkeyflower,Plantae,1,14.0,42,3.7612001156935624,27,37,113.19047619047619,9.121590749138878,0.18314074689433685,54.07142857142857,70.92857142857143,20.80952380952381
Diplacus × australis,San Diego Monkeyflower,Plantae,0,0.0,5,1.791759469228055,3,5,109.2,3.239632856845856,0.14230121970176696,54.4,70.6,20.2
Diptera,Flies,Insecta,0,0.0,1,0.6931471805599453,1,1,110.0,11.525089263916016,0.1616031527519226,55.0,70.0,20.0
Dipterostemon,Unknown,Plantae,0,0.0,1,0.6931471805599453,1,1,118.0,12.534643173217772,0.1377801597118377,55.0,71.0,20.0
Dipterostemon capitatus,Blue Dicks,Plantae,1,6.0,4,1.6094379124341003,4,4,110.5,6.712049603462219,0.19627264142036432,54.75,70.25,20.0
Dipterostemon capitatus capitatus,Unknown,Plantae,0,0.0,4,1.6094379124341003,3,4,139.5,6.849531412124634,0.1612100228667259,53.5,69.25,20.5
Distichlis spicata,Saltgrass,Plantae,0,0.0,1,0.6931471805599453,1,1,91.0,1.107679843902588,0.2020478397607803,56.0,69.0,19.0
Dittrichia graveolens,Stinkwort,Plantae,0,0.0,2,1.0986122886681098,2,2,106.5,7.70824933052063,0.21454948931932444,54.5,71.0,20.5
Druon quercuslanigerum,Unknown,Insecta,0,0.0,1,0.6931471805599453,1,1,102.0,3.704791784286499,0.1654617637395858,55.0,71.0,20.0
Dryobates nuttallii,Nuttall's Woodpecker,Aves,0,0.0,2,1.0986122886681098,2,2,108.0,4.699668049812317,0.23537503927946085,54.5,71.0,20.5
Dryocosmus dubiosus,Two-horned Gall Wasp,Insecta,0,0.0,2,1.0986122886681098,2,2,105.0,3.291158676147461,0.28129095584154123,55.0,70.0,20.0
Dryocosmus minusculus,Pumpkin Gall Wasp,Insecta,0,0.0,1,0.6931471805599453,1,1,112.0,4.422732830047607,0.3143239319324493,54.0,71.0,21.0
Dryopteris arguta,coastal woodfern,Plantae,1,23.0,2,1.0986122886681098,2,2,105.0,3.9278141260147095,0.2260338738560676,55.0,70.0,20.5
Dudleya pulverulenta,Chalk Dudleya,Plantae,1,4.0,1,0.6931471805599453,1,1,128.0,15.250362396240234,0.1410514414310455,55.0,70.0,19.0
Ectopsocidae,Outer Barklice,Insecta,0,0.0,1,0.6931471805599453,1,1,106.0,3.8659684658050537,0.0860868990421295,55.0,70.0,19.0
Egretta thula,Snowy Egret,Aves,0,0.0,30,3.4339872044851463,23,29,107.73333333333333,5.173132149378459,0.17833170046408967,54.03333333333333,71.43333333333334,20.933333333333334
Elanus leucurus,White-tailed Kite,Aves,0,0.0,2,1.0986122886681098,2,2,102.0,5.350500106811523,0.2294284254312515,55.0,70.0,20.5
Eleodes,Unknown,Insecta,0,0.0,2,1.0986122886681098,2,2,105.0,2.4454607367515564,0.19450377672910685,55.0,70.0,20.0
Eleodes acuticauda,Unknown,Insecta,1,1.0,5,1.791759469228055,5,5,107.8,5.268439078330994,0.19638555645942685,54.6,70.4,20.8
Eleodes grandicollis,Unknown,Insecta,1,3.0,7,2.0794415416798357,6,5,112.42857142857143,7.416231461933681,0.17674954022680006,54.714285714285715,69.85714285714286,20.142857142857142
Eleodes osculans,Woolly Darkling Beetle,Insecta,1,2.0,4,1.6094379124341003,3,3,107.5,6.088489770889282,0.22186632454395291,54.75,70.25,20.75
Elgaria multicarinata,Southern Alligator Lizard,Reptilia,1,5.0,2,1.0986122886681098,2,2,123.0,3.949551284313202,0.10961681231856345,54.5,71.5,20.0
Elgaria multicarinata webbii,San Diego Alligator Lizard,Reptilia,1,1.0,2,1.0986122886681098,2,2,105.0,5.95995831489563,0.18989636749029154,55.0,70.0,20.5
Empidonax difficilis,Western Flycatcher,Aves,1,1.0,4,1.6094379124341003,4,4,106.5,4.705515921115876,0.2319165654480457,54.75,70.5,20.25
Emydidae,Pond and Box Turtles,Reptilia,0,0.0,1,0.6931471805599453,1,1,106.0,4.326391220092773,0.1371066719293594,54.0,72.0,21.0
Encelia californica,California brittlebush,Plantae,1,1.0,5,1.791759469228055,4,5,106.8,4.28069486618042,0.15164202153682704,54.0,70.6,20.4
Encelia farinosa,Brittlebush,Plantae,0,0.0,7,2.0794415416798357,5,7,102.28571428571429,4.84100524016789,0.14912333445889606,53.857142857142854,70.14285714285714,20.142857142857142
Encelia farinosa × californica,California brittlebush hybrid,Plantae,0,0.0,1,0.6931471805599453,1,1,101.0,3.865965604782105,0.1408543884754181,54.0,70.0,20.0
Entoloma,Pinkgills,Fungi,0,0.0,6,1.9459101490553132,4,4,108.33333333333333,7.812894900639852,0.16766062130530668,54.333333333333336,70.33333333333333,20.666666666666668
Entoloma ferruginans,Bleachy Entoloma,Fungi,1,5.0,9,2.302585092994046,7,8,110.22222222222223,4.437993168830872,0.20855906522936285,54.55555555555556,70.66666666666667,20.666666666666668
Entoloma lividoalbum,Unknown,Fungi,0,0.0,1,0.6931471805599453,1,1,137.0,2.9922049045562744,0.1291383504867553,55.0,70.0,19.0
Entoloma sericeum,Silky Pinkgill,Fungi,1,2.0,3,1.3862943611198906,3,3,111.66666666666667,8.405603011449179,0.1734989881515503,55.333333333333336,70.33333333333333,20.0
Epilobium canum,California fuchsia,Plantae,1,1.0,1,0.6931471805599453,1,1,96.0,8.961777687072754,0.1765977591276168,56.0,69.0,19.0
Erigeron bonariensis,Flax-leaved Horseweed,Plantae,0,0.0,2,1.0986122886681098,1,2,104.0,3.3634883165359497,0.1061107516288757,54.0,71.0,20.5
Erigeron canadensis,horseweed,Plantae,1,1.0,1,0.6931471805599453,1,1,92.0,5.8213300704956055,0.1770497858524322,56.0,69.0,19.0
Erigeron foliosus,Leafy Fleabane,Plantae,0,0.0,3,1.3862943611198906,3,3,106.33333333333333,2.9113922913869223,0.21305456260840094,55.0,70.0,20.333333333333332
Erigeron foliosus foliosus,Thread stemmed fleabane,Plantae,0,0.0,1,0.6931471805599453,1,1,108.0,12.041276931762695,0.1597257107496261,54.0,71.0,21.0
Erigeron sumatrensis,tropical horseweed,Plantae,0,0.0,1,0.6931471805599453,1,1,102.0,1.444566011428833,0.1677400469779968,54.0,71.0,21.0
Eriogonum elongatum,Long-stemmed Buckwheat,Plantae,0,0.0,1,0.6931471805599453,1,1,100.0,5.759792327880859,0.1640980690717697,55.0,70.0,21.0
Eriogonum fasciculatum,California Buckwheat,Plantae,1,17.0,44,3.8066624897703196,28,34,110.61363636363636,7.143166850913655,0.1752017418091947,54.65909090909091,70.4090909090909,20.34090909090909
Eriogonum fasciculatum fasciculatum,Coastal California Buckwheat,Plantae,0,0.0,1,0.6931471805599453,1,1,105.0,7.708104610443115,0.1462654620409011,55.0,70.0,20.0
Eriophyllum confertiflorum,Golden Yarrow,Plantae,1,10.0,21,3.091042453358316,19,20,106.95238095238095,8.46801089105152,0.16854866523118242,55.0,70.42857142857143,20.285714285714285
Eriophyllum confertiflorum confertiflorum,Unknown,Plantae,0,0.0,5,1.791759469228055,4,5,113.0,11.132557010650634,0.15386934876441952,54.4,70.2,20.4
Erodium,stork's-bills,Plantae,1,4.0,2,1.0986122886681098,2,2,98.5,5.3948705196380615,0.18793136626482004,55.5,69.5,20.0
Erodium botrys,Mediterranean Stork's-bill,Plantae,1,1.0,3,1.3862943611198906,3,3,109.0,6.058155377705892,0.16174722711245215,55.0,70.0,20.666666666666668
Erodium cicutarium,Redstem Stork's-bill,Plantae,1,1.0,1,0.6931471805599453,1,1,105.0,2.159597158432007,0.2228995114564895,55.0,70.0,20.0
Erodium malacoides,Soft Stork's-bill,Plantae,0,0.0,1,0.6931471805599453,1,1,100.0,4.313054084777832,0.1300616860389709,56.0,69.0,19.0
Erodium moschatum,musk stork's-bill,Plantae,0,0.0,1,0.6931471805599453,1,1,104.0,4.968431949615479,0.1517522633075714,55.0,71.0,20.0
Erynnis,Duskywings,Insecta,0,0.0,3,1.3862943611198906,2,3,118.66666666666667,7.941713968912761,0.17420565088589982,54.0,70.0,20.666666666666668
Erynnis funeralis,Funereal Duskywing,Insecta,0,0.0,1,0.6931471805599453,1,1,103.0,4.42255163192749,0.2319849282503128,54.0,70.0,20.0
Erynnis pacuvius,Pacuvius Duskywing,Insecta,0,0.0,1,0.6931471805599453,1,1,126.0,3.800586223602295,0.119794063270092,55.0,71.0,20.0
Erynnis tristis,Mournful Duskywing,Insecta,1,1.0,3,1.3862943611198906,2,3,116.66666666666667,8.088730096817017,0.18394422531127927,54.0,70.0,21.0
Eschscholzia californica,California poppy,Plantae,1,1.0,16,2.833213344056216,9,15,102.875,4.569715350866318,0.18950446043163532,54.9375,70.0625,20.625
Eucalyptus,eucalyptus,Plantae,0,0.0,7,2.0794415416798357,7,7,108.14285714285714,5.8260688952037265,0.22276444307395385,54.285714285714285,70.85714285714286,20.857142857142858
Eucalyptus cladocalyx,sugar gum,Plantae,0,0.0,1,0.6931471805599453,1,1,105.0,2.8872547149658203,0.2422109991312027,55.0,70.0,20.0
Eucalyptus globulus,Tasmanian blue gum,Plantae,0,0.0,7,2.0794415416798357,5,6,108.0,9.206266266959053,0.21100272025380812,54.42857142857143,70.57142857142857,20.571428571428573
Eucrypta chrysanthemifolia,common eucrypta,Plantae,0,0.0,1,0.6931471805599453,1,1,101.0,7.186158180236816,0.1710846722126007,56.0,71.0,20.0
Eucrypta chrysanthemifolia chrysanthemifolia,Unknown,Plantae,0,0.0,1,0.6931471805599453,1,1,104.0,2.214630603790283,0.243644967675209,54.0,71.0,21.0
Eumenes crucifera,Cross Potter Wasp,Insecta,0,0.0,1,0.6931471805599453,1,1,105.0,3.446395874023437,0.176831766963005,55.0,70.0,20.0
Eumorpha achemon,Achemon Sphinx,Insecta,0,0.0,1,0.6931471805599453,1,1,106.0,0.9274099469184875,0.2521862685680389,55.0,70.0,20.0
Eupeodes volucris,Large-tailed Aphideater,Insecta,0,0.0,1,0.6931471805599453,1,1,124.0,5.655704975128174,0.132743626832962,55.0,71.0,20.0
Euphilotes bernardino,Bernardino Blue,Insecta,1,1.0,2,1.0986122886681098,2,2,107.5,7.963740944862366,0.1499974653124809,54.5,70.5,20.5
Euphorbia polycarpa,smallseed sandmat,Plantae,1,2.0,7,2.0794415416798357,5,7,131.85714285714286,7.183845656258719,0.14463450227464944,53.857142857142854,69.57142857142857,20.571428571428573
Euura,Unknown,Insecta,0,0.0,1,0.6931471805599453,1,1,108.0,3.8006045818328857,0.2029768675565719,55.0,70.0,20.0
Euwallacea fornicatus,Polyphagous Shothole Borer Beetle Complex,Insecta,0,0.0,3,1.3862943611198906,2,1,107.0,6.073527097702026,0.3073098460833231,54.0,71.0,21.0
Evernia prunastri,Oakmoss,Fungi,0,0.0,1,0.6931471805599453,1,1,128.0,15.250362396240234,0.1410514414310455,55.0,70.0,19.0
Exidia glandulosa,Black Witches' Butter,Fungi,1,3.0,2,1.0986122886681098,2,2,109.5,12.227284908294678,0.20412002503871915,54.0,71.0,21.0
Exoristinae,Unknown,Insecta,0,0.0,1,0.6931471805599453,1,1,106.0,3.3198912143707275,0.1449794471263885,54.0,71.0,21.0
Fabaceae,Legumes,Plantae,0,0.0,1,0.6931471805599453,1,1,105.0,1.444555163383484,0.2103357166051864,54.0,71.0,21.0
Falco sparverius,American Kestrel,Aves,0,0.0,9,2.302585092994046,6,9,104.44444444444444,7.288682752185398,0.1894408547215991,54.666666666666664,70.33333333333333,20.77777777777778
Flavoparmelia,greenshield lichens,Fungi,0,0.0,1,0.6931471805599453,1,1,123.0,11.731775283813477,0.1429004967212677,55.0,70.0,19.0
Flavoparmelia caperata,common greenshield lichen,Fungi,1,7.0,3,1.3862943611198906,3,3,112.66666666666667,7.552201112111409,0.16662349800268805,55.0,70.33333333333333,20.333333333333332
Flavopunctelia,Speckled Greenshield Lichens,Fungi,1,1.0,1,0.6931471805599453,1,1,103.0,4.792656421661377,0.1640980690717697,56.0,71.0,20.0
Flavopunctelia flaventior,Speckled Greenshield,Fungi,1,4.0,5,1.791759469228055,5,5,104.4,4.61672945022583,0.2080390393733978,55.2,70.4,20.0
Foeniculum vulgare,fennel,Plantae,0,0.0,11,2.4849066497880004,7,10,99.36363636363636,3.481071049516851,0.22273276339877732,54.90909090909091,70.0,20.181818181818183
Formicidae,Ants,Insecta,1,3.0,1,0.6931471805599453,1,1,126.0,11.263538360595703,0.153921365737915,53.0,69.0,21.0
Fraxinus,ashes,Plantae,1,2.0,1,0.6931471805599453,1,1,100.0,2.4005789756774902,0.2402281761169433,54.0,70.0,20.0
Fraxinus uhdei,Shamel Ash,Plantae,0,0.0,2,1.0986122886681098,2,2,104.0,2.423261046409607,0.07658178731799126,54.0,70.0,20.0
Fraxinus velutina,velvet ash,Plantae,1,1.0,1,0.6931471805599453,1,1,102.0,7.762322425842285,0.247908741235733,54.0,70.0,20.0
Fulica americana,American Coot,Aves,0,0.0,48,3.8918202981106265,27,43,107.625,4.938939626018207,0.1666695255165298,54.041666666666664,71.70833333333333,20.9375
Fuligo septica,Dog Vomit Slime Mold,Protozoa,1,2.0,2,1.0986122886681098,2,2,107.0,3.166788339614868,0.19638916105031962,55.0,70.0,20.5
Fungi,Fungi Including Lichens,Fungi,1,22.0,17,2.8903717578961645,13,14,107.3529411764706,4.9242930762908035,0.20076555758714673,54.35294117647059,70.52941176470588,20.529411764705884
Fuscoporia gilva,Mustard Yellow Polypore,Fungi,1,4.0,2,1.0986122886681098,2,2,107.0,5.878763794898987,0.2516538202762604,54.5,70.5,20.5
Galium,bedstraws,Plantae,1,3.0,3,1.3862943611198906,3,3,117.33333333333333,6.709499677022298,0.16675589978694907,54.333333333333336,69.66666666666667,20.333333333333332
Galium angustifolium,Narrow-leaved Bedstraw,Plantae,0,0.0,2,1.0986122886681098,2,2,102.0,4.827590227127075,0.23153261095285416,55.0,70.0,20.5
Galium aparine,catchweed bedstraw,Plantae,1,6.0,2,1.0986122886681098,2,2,105.0,0.9274099469184875,0.2377820014953613,55.0,70.0,20.0
Galium nuttallii,San Diego bedstraw,Plantae,0,0.0,4,1.6094379124341003,4,4,109.25,6.782994270324707,0.1905574463307857,54.5,70.5,20.5
Galium porrigens,graceful bedstraw,Plantae,1,1.0,2,1.0986122886681098,2,2,106.0,5.989471673965454,0.1677742376923561,55.5,70.5,20.0
Gallinula galeata,Common Gallinule,Aves,1,1.0,84,4.442651256490317,40,73,107.0,5.056724846363068,0.1780238431834039,53.98809523809524,71.45238095238095,20.976190476190474
Gambusia affinis,Western Mosquitofish,Actinopterygii,0,0.0,4,1.6094379124341003,3,3,106.5,4.093400985002518,0.20085213333368296,54.0,71.25,21.0
Geastrum,Earthstars,Fungi,1,2.0,1,0.6931471805599453,1,1,94.0,2.7802884578704834,0.1537534445524215,55.0,70.0,21.0
Geococcyx californianus,Greater Roadrunner,Aves,0,0.0,1,0.6931471805599453,1,1,120.0,12.307090759277344,0.1340577006340026,55.0,70.0,20.0
Geomyidae,Pocket Gophers,Mammalia,0,0.0,1,0.6931471805599453,1,1,107.0,7.168527603149414,0.259173035621643,54.0,71.0,21.0
Geothlypis trichas,Common Yellowthroat,Aves,0,0.0,3,1.3862943611198906,3,3,107.0,5.268118639787038,0.22484077513217923,54.333333333333336,71.0,20.666666666666668
Geraniaceae,Geranium family,Plantae,0,0.0,1,0.6931471805599453,1,1,95.0,4.792630672454834,0.2553606331348419,55.0,70.0,21.0
Geranium dissectum,Cut-leaved crane's-bill,Plantae,1,2.0,1,0.6931471805599453,1,1,111.0,15.535439491271973,0.1401805728673935,55.0,71.0,20.0
Gerrini,Unknown,Insecta,1,1.0,1,0.6931471805599453,1,1,103.0,3.8005220890045166,0.2221390008926391,55.0,70.0,21.0
Gilia angelensis,chaparral gilia,Plantae,0,0.0,1,0.6931471805599453,1,1,105.0,2.8872010707855225,0.1480150371789932,55.0,70.0,21.0
Glaucopsyche lygdamus,Silvery Blue,Insecta,0,0.0,2,1.0986122886681098,1,2,115.5,6.831909894943237,0.13740477338433266,55.0,70.5,20.0
Glomeromycota,Glomeromycetes,Fungi,0,0.0,1,0.6931471805599453,1,1,99.0,2.4005401134490967,0.1828626543283462,56.0,69.0,19.0
Gnaphosidae,Stealthy Ground Spiders,Arachnida,0,0.0,1,0.6931471805599453,1,1,96.0,8.961777687072754,0.1765977591276168,56.0,69.0,19.0
Gnorimoschema baccharisella,Coyote Brush Stem Gall Moth,Insecta,0,0.0,1,0.6931471805599453,1,1,108.0,12.041276931762695,0.1597257107496261,54.0,71.0,21.0
Graphocephala atropunctata,Blue-green Sharpshooter,Insecta,0,0.0,1,0.6931471805599453,1,1,107.0,2.887233257293701,0.2185787260532379,55.0,70.0,20.0
Graptemys pseudogeographica pseudogeographica,Northern False Map Turtle,Reptilia,0,0.0,1,0.6931471805599453,1,1,108.0,4.627367496490479,0.2252758145332336,54.0,72.0,21.0
Gymnopilus aurantiophyllus,Unknown,Fungi,0,0.0,1,0.6931471805599453,1,1,113.0,1.1077816486358645,0.1285465508699417,54.0,73.0,21.0
Gymnopilus sapineus,Scaly Rustgill,Fungi,0,0.0,1,0.6931471805599453,1,1,99.0,2.4005401134490967,0.1828626543283462,56.0,69.0,19.0
Gymnopilus ventricosus,Western Jumbo Gym,Fungi,0,0.0,1,0.6931471805599453,1,1,99.0,7.697027206420898,0.2255390286445617,55.0,70.0,21.0
Gymnopus dryophilus,Oak-loving Gymnopus,Fungi,1,1.0,5,1.791759469228055,3,5,104.0,4.091171073913574,0.17454870492219923,55.0,70.2,19.8
Haemorhous mexicanus,House Finch,Aves,0,0.0,1,0.6931471805599453,1,1,114.0,10.864659309387209,0.3206059336662292,54.0,72.0,21.0
Halictus tripartitus,Tripartite Sweat Bee,Insecta,0,0.0,1,0.6931471805599453,1,1,124.0,6.617493152618408,0.1130816861987114,55.0,71.0,20.0
Haliotis fulgens,Green Abalone,Mollusca,0,0.0,1,0.6931471805599453,1,1,91.0,1.107679843902588,0.2020478397607803,56.0,69.0,19.0
Hazardia squarrosa,saw-toothed goldenbush,Plantae,0,0.0,1,0.6931471805599453,1,1,105.0,3.446446418762207,0.1550445258617401,54.0,71.0,21.0
Hebeloma,Poisonpies,Fungi,0,0.0,2,1.0986122886681098,2,2,98.0,3.684468626976013,0.17094738036394114,56.0,69.0,19.0
Hebeloma crustuliniforme,Poison Pie,Fungi,0,0.0,2,1.0986122886681098,2,2,106.5,6.15189266204834,0.224501721560955,54.5,70.5,20.5
Hedera helix,common ivy,Plantae,1,1.0,1,0.6931471805599453,1,1,105.0,1.854334115982056,0.2781391441822052,55.0,70.0,20.0
Hedypnois rhagadioloides,Cretanweed,Plantae,1,4.0,3,1.3862943611198906,3,3,105.66666666666667,3.3519202868143716,0.23198222617308292,54.666666666666664,70.33333333333333,20.666666666666668
Helicosmia,Unknown,Insecta,0,0.0,1,0.6931471805599453,1,1,124.0,6.617493152618408,0.1130816861987114,55.0,71.0,20.0
Heliopetes ericetorum,Northern White-Skipper,Insecta,0,0.0,1,0.6931471805599453,1,1,103.0,0.0,0.2181949168443679,55.0,70.0,21.0
Helminthotheca echioides,bristly oxtongue,Plantae,0,0.0,3,1.3862943611198906,2,3,111.66666666666667,5.406198859214783,0.24170252184073127,54.333333333333336,71.0,21.0
Helvella,Elfin Saddles,Fungi,0,0.0,3,1.3862943611198906,2,2,108.66666666666667,5.801788250605266,0.23372639218966162,54.333333333333336,70.66666666666667,20.666666666666668
Helvella acetabulum,Vinegar Cup,Fungi,0,0.0,6,1.9459101490553132,3,4,103.66666666666667,3.0280684332052865,0.23672673602898908,54.666666666666664,70.33333333333333,20.833333333333332
Helvella compressa,Unknown,Fungi,0,0.0,4,1.6094379124341003,4,4,108.0,8.174746751785278,0.16311390325427053,54.75,70.25,20.0
Helvella crispa,White Saddle,Fungi,0,0.0,1,0.6931471805599453,1,1,122.0,8.472085952758789,0.1479194164276123,55.0,71.0,20.0
Helvella dryophila,Oak-loving Elfin Saddle,Fungi,1,3.0,8,2.1972245773362196,6,8,107.375,4.958694487810135,0.18927726149559015,54.75,70.0,20.5
Helvella macropus,long-stalked gray cup,Fungi,0,0.0,1,0.6931471805599453,1,1,122.0,8.472085952758789,0.1479194164276123,55.0,71.0,20.0
Helvella solitaria,Unknown,Fungi,0,0.0,1,0.6931471805599453,1,1,104.0,2.400559663772583,0.2444982975721359,55.0,70.0,20.0
Helvella vespertina,Western Black Elfin Saddle,Fungi,0,0.0,1,0.6931471805599453,1,1,106.0,1.854334115982056,0.2270485609769821,55.0,70.0,20.0
Hemeroplanis historialis,Unknown,Insecta,0,0.0,1,0.6931471805599453,1,1,134.0,10.677788734436035,0.1646877527236938,53.0,69.0,21.0
Hemimycena,Unknown,Fungi,1,1.0,1,0.6931471805599453,1,1,101.0,6.454381942749023,0.2237621545791626,55.0,70.0,21.0
Heraclides rumiko,Western Giant Swallowtail,Insecta,0,0.0,2,1.0986122886681098,2,2,109.5,2.1236505806446075,0.11586946621537204,54.0,72.0,21.0
Hericium coralloides,Coral tooth fungus,Fungi,1,5.0,2,1.0986122886681098,2,2,108.5,7.265280485153198,0.22522215545177454,54.0,71.5,21.0
Hesperocnide tenella,Western nettle,Plantae,0,0.0,2,1.0986122886681098,2,2,116.0,10.88351583480835,0.2090372964739799,54.0,71.5,21.0
Heteromeles arbutifolia,Toyon,Plantae,1,18.0,16,2.833213344056216,12,14,103.8125,4.903259061276913,0.18412542715668673,54.75,70.0,19.9375
Heterotheca grandiflora,Telegraphweed,Plantae,0,0.0,8,2.1972245773362196,6,8,104.625,3.794043757021427,0.20191724412143228,55.0,70.0,19.875
Hirschfeldia,Unknown,Plantae,1,1.0,1,0.6931471805599453,1,1,112.0,10.038002014160156,0.1897927820682525,54.0,71.0,21.0
Hirschfeldia incana,Shortpod Mustard,Plantae,1,2.0,12,2.5649493574615367,11,11,108.33333333333333,6.08275693655014,0.17438412085175511,54.333333333333336,70.5,20.916666666666668
Hydrophorus,Unknown,Insecta,0,0.0,1,0.6931471805599453,1,1,102.0,1.444566011428833,0.1677400469779968,54.0,71.0,21.0
Hygrophorus,Woodwaxes,Fungi,1,1.0,1,0.6931471805599453,1,1,133.0,20.190624237060547,0.151430457830429,53.0,69.0,21.0
Hygrophorus eburneus,Cowboy's Handkerchief,Fungi,0,0.0,2,1.0986122886681098,2,2,104.5,2.827487587928772,0.2652273029088974,54.5,70.5,20.5
Hygrophorus roseobrunneus,Rosy Brown Waxy Cap,Fungi,1,1.0,2,1.0986122886681098,2,2,107.0,6.151908874511719,0.2288766726851463,54.0,71.0,21.0
Hylaeus,Masked Bees,Insecta,0,0.0,1,0.6931471805599453,1,1,109.0,11.274687767028809,0.1628977507352829,55.0,70.0,20.0
Hypochaeris glabra,Smooth Cat's Ear,Plantae,1,1.0,3,1.3862943611198906,3,3,103.33333333333333,4.82248576482137,0.2025854935248693,55.0,70.0,20.666666666666668
Hypochaeris radicata,Common Cat's-ear,Plantae,0,0.0,1,0.6931471805599453,1,1,102.0,4.313050270080566,0.1635646075010299,55.0,70.0,21.0
Hypomyces,Unknown,Fungi,1,2.0,3,1.3862943611198906,2,2,105.0,6.466384967168172,0.18694066504637397,54.333333333333336,70.66666666666667,20.666666666666668
Hypomyces cervinigenus,Unknown,Fungi,0,0.0,2,1.0986122886681098,1,1,104.0,3.9112271070480347,0.2509506493806839,55.0,70.0,20.5
Hypomyces chrysospermus,bolete mould,Fungi,1,2.0,5,1.791759469228055,5,5,103.4,4.127060723304749,0.23159675598144527,55.2,69.8,20.2
Hypomyces microspermus,Unknown,Fungi,1,3.0,3,1.3862943611198906,2,2,100.33333333333333,3.5793467362721763,0.18767537673314405,55.333333333333336,69.33333333333333,19.333333333333332
Hypsiglena ochrorhynchus klauberi,San Diego Nightsnake,Reptilia,0,0.0,1,0.6931471805599453,1,1,110.0,5.598731517791748,0.2115717083215713,54.0,72.0,21.0
Icaricia acmon,Acmon Blue,Insecta,0,0.0,4,1.6094379124341003,3,4,99.5,3.7984042167663574,0.15475273504853243,55.5,69.75,19.75
Icterus cucullatus,Hooded Oriole,Aves,0,0.0,2,1.0986122886681098,2,2,107.0,5.867723822593689,0.2505419328808784,54.5,70.5,20.5
Inocybe,Fiber Caps,Fungi,0,0.0,1,0.6931471805599453,1,1,102.0,3.704791784286499,0.1654617637395858,55.0,71.0,20.0
Inocybe insinuata,Unknown,Fungi,0,0.0,1,0.6931471805599453,1,1,122.0,7.168355464935303,0.1536209881305694,55.0,71.0,20.0
Insecta,Insects,Insecta,1,2.0,4,1.6094379124341003,4,4,106.0,2.503959909081459,0.22079313546419138,55.0,70.0,20.0
Irbisia,Unknown,Insecta,0,0.0,1,0.6931471805599453,1,1,108.0,3.3198282718658447,0.2537135481834411,55.0,70.0,20.0
Iridopsis fragilaria,Unknown,Insecta,0,0.0,1,0.6931471805599453,1,1,130.0,11.405985832214355,0.1791587024927139,55.0,70.0,19.0
Ischnura cervula,Pacific Forktail,Insecta,0,0.0,1,0.6931471805599453,1,1,107.0,2.887233257293701,0.2185787260532379,55.0,70.0,20.0
Isocoma,Jimmyweeds and Goldenbushes,Plantae,1,1.0,2,1.0986122886681098,2,2,105.5,4.384504437446594,0.1621456071734428,55.5,69.5,19.5
Isocoma menziesii,Coastal Goldenbush,Plantae,1,2.0,29,3.4011973816621555,20,28,106.44827586206897,6.242068594899671,0.1884323137587514,54.44827586206897,70.51724137931035,20.551724137931036
Isocoma menziesii menziesii,Menzies' Goldenbush,Plantae,0,0.0,1,0.6931471805599453,1,1,108.0,5.522242069244385,0.2622897028923034,54.0,71.0,21.0
Isodontia philadelphica,Unknown,Insecta,0,0.0,1,0.6931471805599453,1,1,102.0,2.214560508728028,0.2276623845100402,55.0,70.0,21.0
Iva hayesiana,San Diego marsh-elder,Plantae,0,0.0,2,1.0986122886681098,2,2,112.0,9.209413528442385,0.2407880127429962,54.0,71.0,21.0
Johnstonella angustifolia,narrow-leaved cryptantha,Plantae,0,0.0,1,0.6931471805599453,1,1,104.0,6.636947154998779,0.1800630241632461,55.0,70.0,21.0
Juglans californica,Southern California Walnut,Plantae,0,0.0,1,0.6931471805599453,1,1,98.0,0.0,0.2692902684211731,56.0,69.0,19.0
Julidae,Unknown,Animalia,0,0.0,1,0.6931471805599453,1,1,120.0,7.168642044067383,0.157860979437828,56.0,72.0,20.0
Juncaceae,Rushes and Allies,Plantae,0,0.0,1,0.6931471805599453,1,1,105.0,3.446496963500977,0.1380361467599868,54.0,72.0,21.0
Junonia grisea,Gray Buckeye,Insecta,0,0.0,1,0.6931471805599453,1,1,105.0,7.923086643218994,0.2075047940015792,54.0,71.0,21.0
Laccaria,Deceivers,Fungi,1,2.0,2,1.0986122886681098,2,2,104.5,9.587872505187988,0.18201244622468946,55.0,71.0,20.5
Laccaria amethysteo-occidentalis,Western Amethyst Laccaria,Fungi,1,4.0,1,0.6931471805599453,1,1,109.0,9.903193473815918,0.2251684963703155,54.0,71.0,21.0
Laccaria fraterna,gumtree deceiver,Fungi,1,1.0,1,0.6931471805599453,1,1,105.0,1.854334115982056,0.2781391441822052,55.0,70.0,20.0
Laccaria laccata,deceiver,Fungi,0,0.0,3,1.3862943611198906,2,3,106.0,8.076287905375162,0.21083893875281012,54.333333333333336,70.33333333333333,20.333333333333332
Lactarius,Common Milkcaps,Fungi,1,3.0,2,1.0986122886681098,2,2,104.5,1.1859798729419708,0.2515129446983337,54.5,70.5,20.5
Lactarius alnicola,golden milkcap,Fungi,1,6.0,19,2.995732273553991,15,15,104.21052631578948,4.527602459255018,0.21435153052995073,54.578947368421055,70.36842105263158,20.473684210526315
Lactarius rubidus,Candy Cap,Fungi,1,1.0,1,0.6931471805599453,1,1,100.0,3.865959644317627,0.2154349237680435,56.0,69.0,18.0
Lactarius rufulus,Southern Candy Cap,Fungi,1,2.0,13,2.6390573296152584,8,11,111.92307692307692,4.77940387909229,0.21882321742864752,54.23076923076923,70.38461538461539,20.76923076923077
Lactarius xanthogalactus,Yellow-staining Milk Cap,Fungi,1,1.0,1,0.6931471805599453,1,1,121.0,7.077580451965332,0.1539071202278137,55.0,71.0,20.0
Lactuca serriola,prickly lettuce,Plantae,0,0.0,2,1.0986122886681098,1,2,104.0,3.5122838020324707,0.19232153147459025,55.0,70.5,20.5
Laetiporus gilbertsonii,Western Hardwood Sulphur Shelf,Fungi,0,0.0,5,1.791759469228055,5,5,109.6,10.214468050003052,0.20699557065963745,54.2,70.8,20.8
Lampropeltis californiae,California King Snake,Reptilia,0,0.0,1,0.6931471805599453,1,1,116.0,10.518964767456056,0.1681124120950698,54.0,71.0,21.0
Larus delawarensis,Ring-billed Gull,Aves,0,0.0,44,3.8066624897703196,22,34,107.75,5.28053126280958,0.17408718439665705,53.93181818181818,71.56818181818181,21.0
Lathyrus vestitus,Pacific pea,Plantae,0,0.0,6,1.9459101490553132,5,5,113.83333333333333,8.1230259736379,0.19344880928595856,54.666666666666664,70.16666666666667,20.333333333333332
Lathyrus vestitus alefeldii,San Diego Pea,Plantae,0,0.0,11,2.4849066497880004,9,10,107.9090909090909,6.3224098248915235,0.21409879895773798,54.63636363636363,70.36363636363636,20.363636363636363
Latrodectus hesperus,Western Black Widow,Arachnida,0,0.0,1,0.6931471805599453,1,1,120.0,12.53467845916748,0.1491235345602035,55.0,71.0,20.0
Lecanoromycetes,Common Lichens,Fungi,1,6.0,3,1.3862943611198906,3,3,106.0,5.594276110331218,0.23037321865558621,54.666666666666664,70.33333333333333,20.333333333333332
Leiothlypis celata,Orange-crowned Warbler,Aves,0,0.0,2,1.0986122886681098,2,2,113.0,9.70131516456604,0.17639524489641184,54.5,70.5,20.0
Lemna,Duckweeds,Plantae,0,0.0,1,0.6931471805599453,1,1,104.0,3.800641059875488,0.2523154616355896,54.0,71.0,21.0
Lemna minor,Common Duckweed,Plantae,0,0.0,1,0.6931471805599453,1,1,106.0,4.326391220092773,0.1371066719293594,54.0,72.0,21.0
Lemnoideae,duckweeds,Plantae,0,0.0,1,0.6931471805599453,1,1,106.0,6.637119770050049,0.2298710346221923,54.0,71.0,21.0
Lentinellus,Unknown,Fungi,1,1.0,1,0.6931471805599453,1,1,140.0,8.472119331359863,0.1339760571718216,53.0,69.0,21.0
Lentinellus montanus,Unknown,Fungi,0,0.0,1,0.6931471805599453,1,1,105.0,6.637162685394287,0.3197219669818878,54.0,71.0,21.0
Lentinellus ursinus,bear lentinus,Fungi,0,0.0,1,0.6931471805599453,1,1,105.0,1.854334115982056,0.2781391441822052,55.0,70.0,20.0
Leocarpus fragilis,insect-egg slime,Protozoa,0,0.0,1,0.6931471805599453,1,1,99.0,7.254614353179932,0.1514306664466858,55.0,70.0,21.0
Lepidanthrax,Unknown,Insecta,0,0.0,1,0.6931471805599453,1,1,110.0,11.525089263916016,0.1616031527519226,55.0,70.0,20.0
Lepidium didymum,Lesser swine-cress,Plantae,0,0.0,1,0.6931471805599453,1,1,110.0,5.598731517791748,0.2115717083215713,54.0,72.0,21.0
Lepidium oblongum,Veiny Pepperweed,Plantae,0,0.0,1,0.6931471805599453,1,1,102.0,1.444566011428833,0.1677400469779968,54.0,71.0,21.0
Lepidoptera,Butterflies and Moths,Insecta,1,1.0,3,1.3862943611198906,3,3,106.66666666666667,4.185096124807994,0.15324201434850684,54.333333333333336,71.66666666666667,20.666666666666668
Lepiota,Unknown,Fungi,0,0.0,1,0.6931471805599453,1,1,104.0,2.400559663772583,0.2444982975721359,55.0,70.0,20.0
Lepiota spheniscispora,Penguin-spored Lepiota,Fungi,0,0.0,1,0.6931471805599453,1,1,105.0,1.854334115982056,0.2781391441822052,55.0,70.0,20.0
Leptocybe invasa,Eucalyptus Stem Gall Wasp,Insecta,0,0.0,4,1.6094379124341003,1,4,107.75,3.331873595714569,0.232245672494173,55.0,70.0,20.0
Leptodictyum riparium,Streamside Leptodictyum Moss,Plantae,0,0.0,1,0.6931471805599453,1,1,105.0,1.444555163383484,0.2103357166051864,54.0,71.0,21.0
Leptotes marina,Marine Blue,Insecta,1,3.0,2,1.0986122886681098,2,2,108.5,6.595717072486877,0.1435712873935699,55.0,71.0,20.5
Leratiomyces percevalii,Mulch Maids,Fungi,1,1.0,1,0.6931471805599453,1,1,100.0,5.968120098114014,0.1696953326463699,55.0,70.0,21.0
Leucocoprinus ianthinus,Unknown,Fungi,0,0.0,1,0.6931471805599453,1,1,104.0,3.800641059875488,0.2523154616355896,54.0,71.0,21.0
Leucocybe candicans,Unknown,Fungi,0,0.0,1,0.6931471805599453,1,1,109.0,9.903193473815918,0.2251684963703155,54.0,71.0,21.0
Leymus condensatus,giant wild rye,Plantae,1,3.0,4,1.6094379124341003,4,4,104.25,5.144844472408295,0.2036154046654701,55.5,70.5,20.0
Libellula saturata,Flame Skimmer,Insecta,0,0.0,1,0.6931471805599453,1,1,103.0,3.8005220890045166,0.2221390008926391,55.0,70.0,21.0
Life,Unknown,Unknown,1,1.0,1,0.6931471805599453,1,1,108.0,12.041276931762695,0.1597257107496261,54.0,71.0,21.0
Ligustrum lucidum,tree privet,Plantae,0,0.0,1,0.6931471805599453,1,1,113.0,1.4445902109146118,0.2337924838066101,55.0,70.0,21.0
Liliopsida,Monocots,Plantae,1,1.0,1,0.6931471805599453,1,1,103.0,4.792656421661377,0.1640980690717697,56.0,71.0,20.0
Limacoidea,Unknown,Mollusca,0,0.0,1,0.6931471805599453,1,1,113.0,1.1077816486358645,0.1285465508699417,54.0,73.0,21.0
Limenitis lorquini,Lorquin's Admiral,Insecta,1,3.0,17,2.8903717578961645,11,16,107.0,6.421118448762333,0.20312994104974408,54.529411764705884,70.47058823529412,20.470588235294116
Linaria texana,Texas toadflax,Plantae,1,2.0,2,1.0986122886681098,2,2,103.5,6.9456048011779785,0.16850569844245905,55.0,70.0,20.0
Linum usitatissimum,common flax,Plantae,0,0.0,1,0.6931471805599453,1,1,102.0,1.444566011428833,0.1677400469779968,54.0,71.0,21.0
Listrus,Unknown,Insecta,1,1.0,1,0.6931471805599453,1,1,104.0,2.214630603790283,0.243644967675209,54.0,71.0,21.0
Lithobates catesbeianus,American Bullfrog,Amphibia,1,2.0,17,2.8903717578961645,17,17,109.23529411764706,5.670380939455593,0.2043544860447154,54.0,70.88235294117646,20.88235294117647
Litomegachile,Unknown,Insecta,0,0.0,1,0.6931471805599453,1,1,105.0,2.4005465507507324,0.226313367486,55.0,70.0,21.0
Littorina scutulata,Checkered Periwinkle,Mollusca,0,0.0,1,0.6931471805599453,1,1,102.0,1.444566011428833,0.1677400469779968,54.0,71.0,21.0
Lon melane,Umber Skipper,Insecta,1,1.0,2,1.0986122886681098,2,2,106.0,6.637119770050049,0.2298710346221923,54.0,71.0,21.0
Lonchura punctulata,Scaly-breasted Munia,Aves,0,0.0,6,1.9459101490553132,4,6,106.5,5.417615334192912,0.22301387538512543,54.166666666666664,71.0,20.833333333333332
Lonicera,honeysuckles,Plantae,0,0.0,3,1.3862943611198906,3,3,110.33333333333333,5.296494563420613,0.18991701801617936,55.0,70.0,19.666666666666668
Lonicera subspicata,Southern Honeysuckle,Plantae,1,4.0,8,2.1972245773362196,7,8,109.75,4.314100340008736,0.16798324510455126,54.625,70.25,20.5
Lonicera subspicata denudata,Johnston's honeysuckle,Plantae,1,5.0,9,2.302585092994046,4,9,105.77777777777777,5.007499827278985,0.18460948434140942,55.111111111111114,70.22222222222223,20.0
Lotus corniculatus,bird's-foot trefoil,Plantae,0,0.0,2,1.0986122886681098,2,2,111.0,5.514189839363098,0.198836974799633,54.0,72.0,21.0
Lotus tenuis,narrow-leaf bird's-foot trefoil,Plantae,0,0.0,1,0.6931471805599453,1,1,105.0,7.923086643218994,0.2075047940015792,54.0,71.0,21.0
Lucilia,Greenbottle Flies,Insecta,0,0.0,1,0.6931471805599453,1,1,117.0,13.100638389587402,0.1643953472375869,56.0,71.0,20.0
Lupinus,lupines,Plantae,1,9.0,9,2.302585092994046,8,9,104.22222222222223,4.68159998787774,0.18425015774038098,54.77777777777778,70.22222222222223,20.11111111111111
Lupinus albifrons,Bush Lupine complex,Plantae,1,4.0,1,0.6931471805599453,1,1,107.0,2.887233257293701,0.2185787260532379,55.0,70.0,20.0
Lupinus bicolor,Miniature Lupine,Plantae,1,5.0,3,1.3862943611198906,2,3,103.66666666666667,2.815205971399943,0.20093060533205664,55.0,70.0,21.0
Lupinus hirsutissimus,Stinging Lupine,Plantae,0,0.0,7,2.0794415416798357,6,7,108.57142857142857,6.667757306780134,0.1474990653140204,55.142857142857146,69.42857142857143,19.857142857142858
Lupinus latifolius,Broadleaf Lupine,Plantae,1,1.0,5,1.791759469228055,4,4,106.8,3.2728521823883057,0.19995179474353786,55.0,70.0,20.0
Lupinus longifolius,longleaf bush lupine,Plantae,1,5.0,9,2.302585092994046,8,8,108.0,4.487325231234233,0.18686880336867437,55.0,70.0,20.22222222222222
Lupinus microcarpus,chick lupine,Plantae,1,3.0,9,2.302585092994046,7,9,106.55555555555556,4.998938242594401,0.21138682961463923,54.888888888888886,70.11111111111111,20.555555555555557
Lupinus microcarpus densiflorus,Dense-flowered Lupine,Plantae,0,0.0,1,0.6931471805599453,1,1,104.0,4.517963409423828,0.1850939095020294,55.0,70.0,21.0
Lupinus succulentus,arroyo lupine,Plantae,0,0.0,2,1.0986122886681098,2,2,115.5,4.121029257774353,0.1858522593975067,55.0,70.5,20.0
Lupinus truncatus,collared annual lupine,Plantae,1,6.0,9,2.302585092994046,6,8,111.44444444444444,7.768475479549831,0.14210676484637785,55.0,70.22222222222223,20.22222222222222
Lycogala,Wolfs Milk,Protozoa,0,0.0,1,0.6931471805599453,1,1,98.0,2.159588098526001,0.2466890960931778,56.0,69.0,19.0
Lycoperdaceae,puffballs,Fungi,1,1.0,1,0.6931471805599453,1,1,108.0,8.183123588562012,0.3139311075210571,54.0,71.0,21.0
Lycoperdon marginatum,Peeling Puffball,Fungi,1,1.0,1,0.6931471805599453,1,1,100.0,5.759792327880859,0.1640980690717697,55.0,70.0,21.0
Lycosidae,Wolf Spiders,Arachnida,1,1.0,1,0.6931471805599453,1,1,134.0,10.677788734436035,0.1646877527236938,53.0,69.0,21.0
Lycosoidea,Wolf Spiders and Allies,Arachnida,0,0.0,1,0.6931471805599453,1,1,104.0,0.9274099469184875,0.2772193551063537,54.0,71.0,21.0
Lynx rufus,Bobcat,Mammalia,1,6.0,5,1.791759469228055,5,5,115.4,8.069525718688965,0.17352968454360956,54.4,69.4,20.4
Lysimachia arvensis,scarlet pimpernel,Plantae,1,3.0,2,1.0986122886681098,2,2,113.5,9.137007474899292,0.18541698157787315,54.5,71.0,20.5
Lysimachia loeflingii,Blue Scarlet Pimpernel,Plantae,0,0.0,1,0.6931471805599453,1,1,121.0,7.922781944274902,0.1433743238449096,55.0,70.0,20.0
Lythrum hyssopifolia,Hyssop Loosestrife,Plantae,0,0.0,1,0.6931471805599453,1,1,100.0,4.313054084777832,0.1300616860389709,56.0,69.0,19.0
Machaerantherinae,Unknown,Plantae,0,0.0,2,1.0986122886681098,2,2,104.5,2.8305602073669434,0.1532017216086387,54.0,71.5,21.0
Maculatinae,Unknown,Fungi,0,0.0,1,0.6931471805599453,1,1,107.0,7.168527603149414,0.259173035621643,54.0,71.0,21.0
Madieae,"tarweeds, silverswords, and allies",Plantae,1,1.0,1,0.6931471805599453,1,1,99.0,3.319765329360962,0.1519543677568435,56.0,69.0,19.0
Magnoliopsida,Dicots,Plantae,1,7.0,9,2.302585092994046,9,9,113.11111111111111,6.410086505942875,0.18399879667494026,54.666666666666664,70.0,20.444444444444443
Malacothamnus fasciculatus,southern coastal bushmallow,Plantae,0,0.0,2,1.0986122886681098,2,2,107.0,6.752635717391968,0.2317627072334289,54.0,71.0,21.0
Malosma laurina,laurel sumac,Plantae,1,7.0,13,2.6390573296152584,9,13,120.07692307692308,7.725151575528658,0.17760978066004235,54.38461538461539,70.84615384615384,20.384615384615383
Malva multiflora,Cretan mallow,Plantae,0,0.0,1,0.6931471805599453,1,1,103.0,2.992187976837158,0.0762030705809593,54.0,70.0,20.0
Malva nicaeensis,bull mallow,Plantae,0,0.0,1,0.6931471805599453,1,1,103.0,2.992187976837158,0.0762030705809593,54.0,70.0,20.0
Marah macrocarpa,Chilicothe,Plantae,1,19.0,20,3.044522437723423,13,17,114.7,8.293467026948928,0.18995200172066684,54.0,70.7,20.95
Marasmiineae,Unknown,Fungi,1,2.0,1,0.6931471805599453,1,1,98.0,2.159588098526001,0.2466890960931778,56.0,69.0,19.0
Marasmius albogriseus,Unknown,Fungi,0,0.0,2,1.0986122886681098,1,1,108.0,8.771777629852295,0.2116245254874229,54.5,70.5,21.0
Marasmius plicatulus,red pinwheel,Fungi,1,2.0,1,0.6931471805599453,1,1,105.0,6.637162685394287,0.3197219669818878,54.0,71.0,21.0
Mareca americana,American Wigeon,Aves,0,0.0,61,4.127134385045092,33,54,107.49180327868852,4.848871524216698,0.1677640972078823,53.967213114754095,71.60655737704919,20.9672131147541
Mareca penelope,Eurasian Wigeon,Aves,0,0.0,1,0.6931471805599453,1,1,108.0,3.3199751377105717,0.1761169135570526,54.0,72.0,21.0
Marrubium vulgare,White Horehound,Plantae,1,7.0,39,3.6888794541139363,29,32,105.92307692307692,5.153123039465684,0.1861121066105671,54.87179487179487,70.33333333333333,20.333333333333332
Masticophis lateralis lateralis,California Striped Racer,Reptilia,1,1.0,1,0.6931471805599453,1,1,106.0,3.3197758197784424,0.2191812992095947,55.0,70.0,21.0
Matricaria discoidea,pineapple-weed,Plantae,0,0.0,2,1.0986122886681098,1,1,102.0,6.023725271224976,0.20553864538669583,54.5,70.5,21.0
Mecaphesa,Unknown,Arachnida,0,0.0,2,1.0986122886681098,1,1,127.0,15.172921180725098,0.1362243443727493,53.0,69.0,21.0
Medicago polymorpha,bur clover,Plantae,1,2.0,4,1.6094379124341003,3,3,104.75,4.534138441085815,0.2055131159722805,54.75,70.75,21.0
Megaceryle alcyon,Belted Kingfisher,Aves,0,0.0,1,0.6931471805599453,1,1,106.0,3.552385091781616,0.2488767653703689,54.0,72.0,21.0
Megachile angelarum,Unknown,Insecta,0,0.0,1,0.6931471805599453,1,1,99.0,2.887211799621582,0.1652363389730453,56.0,69.0,18.0
Melanerpes formicivorus,Acorn Woodpecker,Aves,1,7.0,3,1.3862943611198906,3,3,109.33333333333333,5.838472922643025,0.20295037329196927,54.666666666666664,70.0,20.0
Melanosmia,Unknown,Insecta,0,0.0,1,0.6931471805599453,1,1,105.0,2.4006242752075195,0.2325848489999771,54.0,71.0,21.0
Melilotus,melilots and sweetclovers,Plantae,0,0.0,1,0.6931471805599453,1,1,106.0,6.637119770050049,0.2298710346221923,54.0,71.0,21.0
Melilotus albus,White Sweetclover,Plantae,0,0.0,9,2.302585092994046,6,9,105.11111111111111,4.261737717522515,0.2213387290636698,54.0,71.0,21.0
Melilotus indicus,small melilot,Plantae,1,1.0,3,1.3862943611198906,3,3,121.0,7.142108758290608,0.18185143172740934,54.666666666666664,70.66666666666667,20.0
Melinis repens,Natal Grass,Plantae,0,0.0,1,0.6931471805599453,1,1,118.0,12.534643173217772,0.1377801597118377,55.0,71.0,20.0
Melissodes,Unknown,Insecta,0,0.0,4,1.6094379124341003,1,4,107.25,7.212815225124359,0.14907873049378392,54.5,70.5,20.75
Melospiza melodia,Song Sparrow,Aves,1,1.0,16,2.833213344056216,8,13,108.5,5.955529749393463,0.20151596702635285,54.0,71.1875,21.0
Melozone crissalis,California Towhee,Aves,1,3.0,14,2.70805020110221,11,14,109.35714285714286,6.45266855614526,0.20266707560845781,54.214285714285715,71.14285714285714,20.714285714285715
Mentha spicata,spearmint,Plantae,0,0.0,1,0.6931471805599453,1,1,114.0,1.4445902109146118,0.1285465508699417,53.0,73.0,22.0
Micranthophora,Unknown,Insecta,0,0.0,1,0.6931471805599453,1,1,116.0,13.806182861328123,0.1538241952657699,55.0,71.0,20.0
Microcentrum rhombifolium,Greater Anglewing,Insecta,0,0.0,1,0.6931471805599453,1,1,103.0,2.7802884578704834,0.1570453345775604,54.0,70.0,20.0
Microtus californicus,California Vole,Mammalia,0,0.0,1,0.6931471805599453,1,1,107.0,2.887233257293701,0.2185787260532379,55.0,70.0,20.0
Mimus polyglottos,Northern Mockingbird,Aves,1,1.0,1,0.6931471805599453,1,1,124.0,2.214602470397949,0.1527391821146011,55.0,71.0,20.0
Mirabilis laevis,Wishbone Bush,Plantae,1,2.0,1,0.6931471805599453,1,1,107.0,7.254632949829102,0.1242219135165214,55.0,70.0,21.0
Mirabilis laevis crassifolia,California Four o'Clock,Plantae,0,0.0,2,1.0986122886681098,1,2,135.0,11.183793544769287,0.155225820839405,54.0,69.5,20.0
Misumenini,Unknown,Arachnida,0,0.0,1,0.6931471805599453,1,1,105.0,4.79283618927002,0.1605148315429687,54.0,71.0,21.0
Misumenoides formosipes,White-banded Crab Spider,Arachnida,0,0.0,2,1.0986122886681098,2,2,112.5,5.027921557426453,0.18999999016523356,55.5,71.0,20.5
Molothrus ater,Brown-headed Cowbird,Aves,0,0.0,4,1.6094379124341003,3,4,106.5,5.8775599002838135,0.2025641351938247,54.0,71.5,21.0
Mordella hubbsi,Unknown,Insecta,0,0.0,1,0.6931471805599453,1,1,124.0,6.617493152618408,0.1130816861987114,55.0,71.0,20.0
Mucoromycetes,Unknown,Fungi,0,0.0,1,0.6931471805599453,1,1,104.0,0.9274099469184875,0.2772193551063537,54.0,71.0,21.0
Mutarda nigra,Black Mustard,Plantae,0,0.0,2,1.0986122886681098,2,2,104.5,3.76322340965271,0.1682701557874679,55.0,70.0,20.5
Mycena,Bonnets,Fungi,0,0.0,1,0.6931471805599453,1,1,104.0,0.9274099469184875,0.2772193551063537,54.0,71.0,21.0
Mycena californiensis,California Mycena,Fungi,1,1.0,1,0.6931471805599453,1,1,104.0,3.800641059875488,0.2523154616355896,54.0,71.0,21.0
Mycena tenerrima,frosty bonnet,Fungi,0,0.0,2,1.0986122886681098,2,2,104.5,2.165902256965637,0.2537274435162544,54.5,70.5,20.5
Mycenaceae,Unknown,Fungi,0,0.0,1,0.6931471805599453,1,1,105.0,1.854334115982056,0.2781391441822052,55.0,70.0,20.0
Mycogone rosea,Unknown,Fungi,0,0.0,1,0.6931471805599453,1,1,103.0,7.077494621276856,0.2069191336631775,55.0,70.0,21.0
Myiarchus cinerascens,Ash-throated Flycatcher,Aves,1,1.0,3,1.3862943611198906,3,3,108.33333333333333,7.546369393666585,0.20463704566160834,54.333333333333336,71.0,20.666666666666668
Myrtales,"myrtles, evening primroses, and allies",Plantae,0,0.0,1,0.6931471805599453,1,1,91.0,1.107679843902588,0.2020478397607803,56.0,69.0,19.0
Myrtoideae,Unknown,Plantae,0,0.0,1,0.6931471805599453,1,1,108.0,4.627367496490479,0.2252758145332336,54.0,72.0,21.0
Myxarium nucleatum,Crystal Brain Fungus,Fungi,1,1.0,1,0.6931471805599453,1,1,105.0,1.854334115982056,0.2781391441822052,55.0,70.0,20.0
Myxomycetes,true slime molds,Protozoa,0,0.0,1,0.6931471805599453,1,1,97.0,7.254614353179932,0.2255390286445617,55.0,70.0,21.0
Naematelia aurantia,golden ear,Fungi,0,0.0,4,1.6094379124341003,4,4,105.25,4.533273935317993,0.24119347333908076,54.0,71.0,21.0
Nannopterum auritum,Double-crested Cormorant,Aves,0,0.0,13,2.6390573296152584,10,12,106.76923076923077,5.202289581298828,0.16479843167158267,53.92307692307692,71.46153846153847,21.0
Narcissus,daffodils,Plantae,1,2.0,2,1.0986122886681098,2,2,103.0,4.792656421661377,0.1640980690717697,56.0,71.0,20.0
Nasturtium officinale,watercress,Plantae,1,5.0,1,0.6931471805599453,1,1,104.0,1.444549798965454,0.2652438879013061,54.0,71.0,21.0
Navarretia hamata,Hooked Pincushionplant,Plantae,1,5.0,1,0.6931471805599453,1,1,103.0,4.792656421661377,0.1640980690717697,56.0,71.0,20.0
Navarretia hamata leptantha,Slender-Flowered Hooked Navarretia,Plantae,0,0.0,1,0.6931471805599453,1,1,107.0,12.620383262634276,0.1480765789747238,55.0,71.0,20.0
Nemognatha,Unknown,Insecta,0,0.0,1,0.6931471805599453,1,1,127.0,15.172921180725098,0.1362243443727493,53.0,69.0,21.0
Neoscona,Spotted Orbweavers,Arachnida,0,0.0,1,0.6931471805599453,1,1,113.0,1.854334115982056,0.2045811861753463,55.0,70.0,21.0
Neoscona crucifera,Spotted Orbweaver,Arachnida,0,0.0,2,1.0986122886681098,2,2,103.0,3.224669605493546,0.16967498138546938,55.0,71.0,20.0
Neotephritis finalis,Sunflower Seed Maggot,Insecta,0,0.0,1,0.6931471805599453,1,1,127.0,15.172921180725098,0.1362243443727493,53.0,69.0,21.0
Neotoma,Woodrats,Mammalia,1,4.0,4,1.6094379124341003,3,3,112.75,11.64319896697998,0.17868063226342198,54.25,70.75,20.75
Neotoma fuscipes,Dusky-footed Woodrat,Mammalia,0,0.0,2,1.0986122886681098,1,2,107.0,8.330881178379059,0.2065060213208198,54.0,71.0,21.0
Neotoma macrotis,Big-eared Woodrat,Mammalia,1,2.0,6,1.9459101490553132,5,6,108.83333333333333,10.705911119778952,0.18420217931270597,54.666666666666664,71.0,20.5
Neotomini,Pack Rats,Mammalia,1,2.0,2,1.0986122886681098,2,2,103.5,4.655282735824585,0.16386324167251584,56.0,71.0,20.0
Nicotiana glauca,tree tobacco,Plantae,0,0.0,2,1.0986122886681098,2,2,104.0,3.2193171977996826,0.11562379822134972,54.0,70.5,20.5
Nicotiana quadrivalvis,Indian tobacco,Plantae,0,0.0,1,0.6931471805599453,1,1,128.0,10.54987335205078,0.1547994911670684,55.0,70.0,19.0
Nicrophorus marginatus,Margined Burying Beetle,Insecta,0,0.0,1,0.6931471805599453,1,1,121.0,7.922781944274902,0.1433743238449096,55.0,70.0,20.0
Nolanea,Unknown,Fungi,0,0.0,2,1.0986122886681098,2,2,100.0,4.82187557220459,0.21452111750841135,55.5,69.5,20.0
Nycticorax nycticorax,Black-crowned Night Heron,Aves,0,0.0,150,5.017279836814924,78,110,107.18,5.3194181283315025,0.18226676821708673,53.98,71.58,20.993333333333332
Nymphalis antiopa,Mourning Cloak,Insecta,1,2.0,7,2.0794415416798357,7,7,110.0,7.4170142241886685,0.21154356854302536,53.857142857142854,70.85714285714286,21.0
Ochlodes sylvanoides,Woodland Skipper,Insecta,0,0.0,3,1.3862943611198906,3,3,105.66666666666667,7.496269861857097,0.174255241950353,54.666666666666664,70.0,20.0
Odocoileus hemionus,Mule Deer,Mammalia,1,7.0,3,1.3862943611198906,3,3,100.33333333333333,6.21674378712972,0.15597994128863013,55.333333333333336,70.33333333333333,20.666666666666668
Odonata,Dragonflies and Damselflies,Insecta,0,0.0,1,0.6931471805599453,1,1,103.0,3.8005220890045166,0.2221390008926391,55.0,70.0,21.0
Oecanthus rileyi,Riley's Tree Cricket,Insecta,0,0.0,1,0.6931471805599453,1,1,120.0,7.168642044067383,0.157860979437828,56.0,72.0,20.0
Oecobius navus,Wall Spider,Arachnida,0,0.0,1,0.6931471805599453,1,1,120.0,7.168642044067383,0.157860979437828,56.0,72.0,20.0
Oenothera,"evening primroses, sundrops, and beeblossoms",Plantae,0,0.0,1,0.6931471805599453,1,1,134.0,10.677788734436035,0.1646877527236938,53.0,69.0,21.0
Oenothera elata,tall evening primrose,Plantae,0,0.0,1,0.6931471805599453,1,1,101.0,6.454381942749023,0.2237621545791626,55.0,70.0,21.0
Oestroidea,"Bot Flies, Blow Flies, and Allies",Insecta,0,0.0,1,0.6931471805599453,1,1,124.0,6.617493152618408,0.1130816861987114,55.0,71.0,20.0
Oloptum miliaceum,Smilo Grass,Plantae,1,1.0,5,1.791759469228055,4,4,105.2,4.657425451278686,0.22807855606079103,54.8,70.2,20.4
Omphalotus olivascens,western jack-o'-lantern,Fungi,1,15.0,17,2.8903717578961645,17,14,108.88235294117646,5.72783143380109,0.21204657063764681,54.529411764705884,70.58823529411765,20.470588235294116
Opuntia,Prickly Pears,Plantae,1,1.0,4,1.6094379124341003,3,4,107.5,3.643626391887665,0.20161097124218935,54.5,70.0,20.0
Opuntia leucotricha,Arborescent Pricklypear,Plantae,0,0.0,1,0.6931471805599453,1,1,144.0,4.7928876876831055,0.1469294726848602,53.0,69.0,21.0
Opuntia littoralis,Coastal Pricklypear,Plantae,1,1.0,5,1.791759469228055,5,5,142.6,5.752838516235352,0.1402723580598831,53.0,69.0,21.0
Orgyia,Unknown,Insecta,1,3.0,6,1.9459101490553132,6,6,106.83333333333333,6.304484943548839,0.20185836901267365,54.666666666666664,70.0,20.166666666666668
Orgyia vetusta,Western Tussock Moth,Insecta,0,0.0,5,1.791759469228055,5,5,109.0,4.779371738433838,0.1776222467422485,54.8,70.0,19.8
Osmadenia tenella,False Rosinweed,Plantae,0,0.0,3,1.3862943611198906,3,3,100.0,4.018443028132121,0.13944837947686506,56.0,69.0,19.0
Osmiini,Unknown,Insecta,0,0.0,1,0.6931471805599453,1,1,107.0,8.980646133422852,0.1313672959804535,55.0,70.0,20.0
Otospermophilus beecheyi,California Ground Squirrel,Mammalia,0,0.0,18,2.9444389791664403,10,14,108.83333333333333,7.085694803131951,0.192186730603377,54.0,71.5,20.944444444444443
Oxalis corniculata,Creeping Woodsorrel,Plantae,0,0.0,1,0.6931471805599453,1,1,105.0,6.637162685394287,0.3197219669818878,54.0,71.0,21.0
Oxalis pes-caprae,Bermuda buttercup,Plantae,0,0.0,3,1.3862943611198906,3,3,98.66666666666667,2.933039585749308,0.18353261053562162,56.0,69.0,19.0
Oxyopes,Grass Lynx Spiders,Arachnida,0,0.0,1,0.6931471805599453,1,1,124.0,6.617493152618408,0.1130816861987114,55.0,71.0,20.0
Ozophora,Unknown,Insecta,0,0.0,1,0.6931471805599453,1,1,107.0,12.620383262634276,0.1480765789747238,55.0,71.0,20.0
Pachydiplax longipennis,Blue Dasher,Insecta,0,0.0,6,1.9459101490553132,4,5,106.33333333333333,5.1385945081710815,0.1871316035588582,54.333333333333336,71.0,20.833333333333332
Panaeolus foenisecii,Mower's Mushroom,Fungi,0,0.0,2,1.0986122886681098,1,1,108.0,3.7822863161563873,0.2542178407311439,54.0,71.5,21.0
Pantherinae,Amanita ser. Pantherinae,Fungi,0,0.0,1,0.6931471805599453,1,1,106.0,3.319807291030884,0.2237438261508941,55.0,70.0,20.0
Pantomorus cervinus,Fuller's rose weevil,Insecta,0,0.0,1,0.6931471805599453,1,1,111.0,4.326406955718994,0.2280642986297607,54.0,72.0,21.0
Papilio rutulus,Western Tiger Swallowtail,Insecta,0,0.0,4,1.6094379124341003,4,4,106.75,3.97930371761322,0.23686793819069857,54.25,71.0,20.75
Parasola conopilea,conical brittlestem,Fungi,1,1.0,2,1.0986122886681098,1,2,100.0,5.171253800392151,0.22756779938936228,55.0,69.5,19.5
Parasola plicatilis,pleated inkcap,Fungi,0,0.0,1,0.6931471805599453,1,1,104.0,2.214630603790283,0.243644967675209,54.0,71.0,21.0
Pardosa,Thin-legged Wolf Spiders,Arachnida,0,0.0,3,1.3862943611198906,2,3,113.66666666666667,6.352728048960368,0.1696821625034014,55.333333333333336,70.0,19.666666666666668
Parmeliaceae,shield lichens and allies,Fungi,1,3.0,1,0.6931471805599453,1,1,106.0,12.00759983062744,0.1631415784358978,54.0,71.0,21.0
Parmelioideae,typical shield lichens,Fungi,1,5.0,3,1.3862943611198906,2,3,112.66666666666667,6.183083891868591,0.20984210073947906,54.666666666666664,70.33333333333333,20.0
Parmotrema,Ruffle Lichens,Fungi,1,4.0,1,0.6931471805599453,1,1,103.0,4.792656421661377,0.1640980690717697,56.0,71.0,20.0
Parmotrema hypoleucinum,Lacy Powdered-ruffle,Fungi,1,2.0,1,0.6931471805599453,1,1,103.0,4.792656421661377,0.1640980690717697,56.0,71.0,20.0
Paropsisterna m-fuscum,Eucalyptus Leaf Beetle,Insecta,0,0.0,6,1.9459101490553132,4,4,107.0,8.746972680091858,0.19529473533233008,54.5,70.5,20.5
Paruroctonus silvestrii,California common scorpion,Arachnida,0,0.0,1,0.6931471805599453,1,1,110.0,5.598731517791748,0.2115717083215713,54.0,72.0,21.0
Paspalum dilatatum,Dallis grass,Plantae,0,0.0,1,0.6931471805599453,1,1,106.0,3.3198912143707275,0.1449794471263885,54.0,71.0,21.0
Passer domesticus,House Sparrow,Aves,0,0.0,1,0.6931471805599453,1,1,105.0,3.446496963500977,0.1380361467599868,54.0,72.0,21.0
Pectocarya,combseeds,Plantae,0,0.0,1,0.6931471805599453,1,1,120.0,12.307090759277344,0.1340577006340026,55.0,70.0,20.0
Pectocarya linearis,sagebrush combseed,Plantae,1,1.0,1,0.6931471805599453,1,1,105.0,7.923086643218994,0.2075047940015792,54.0,71.0,21.0
Pelecanus erythrorhynchos,American White Pelican,Aves,0,0.0,1,0.6931471805599453,1,1,105.0,3.446496963500977,0.1380361467599868,54.0,72.0,21.0
Pellaea mucronata,bird's foot cliffbrake,Plantae,0,0.0,2,1.0986122886681098,2,2,111.5,9.643957376480103,0.17749722301959986,54.5,71.5,20.5
Pentagramma,Unknown,Plantae,1,4.0,3,1.3862943611198906,3,3,113.0,13.312086741129557,0.15794771909713742,54.0,70.0,20.666666666666668
Pentagramma viscosa,Sticky goldback fern,Plantae,1,2.0,2,1.0986122886681098,2,2,109.0,8.277655839920044,0.13998524844646448,55.5,69.5,19.0
Pepsis,New World Tarantula-hawk Wasps,Insecta,0,0.0,2,1.0986122886681098,2,2,111.5,4.5708247423172,0.24582432210445399,54.5,70.5,20.0
Pepsis thisbe,Thisbe's Tarantula-hawk Wasp,Insecta,1,1.0,1,0.6931471805599453,1,1,108.0,3.3198282718658447,0.2537135481834411,55.0,70.0,20.0
Perdita,Fairy Bees,Insecta,0,0.0,2,1.0986122886681098,2,2,113.0,5.684614181518555,0.14920942485332486,54.5,70.5,20.5
Peridroma saucia,Variegated Cutworm Moth,Insecta,0,0.0,1,0.6931471805599453,1,1,106.0,3.319807291030884,0.2237438261508941,55.0,70.0,20.0
Perithemis intensa,Mexican Amberwing,Insecta,0,0.0,1,0.6931471805599453,1,1,106.0,4.326391220092773,0.1371066719293594,54.0,72.0,21.0
Peucetia,Green Lynx Spiders,Arachnida,0,0.0,1,0.6931471805599453,1,1,99.0,3.319765329360962,0.1519543677568435,56.0,69.0,19.0
Peucetia viridans,Green Lynx Spider,Arachnida,0,0.0,2,1.0986122886681098,2,2,104.0,3.5123414993286133,0.15522060543298716,54.5,71.0,20.5
Peziza,Cups,Fungi,1,3.0,1,0.6931471805599453,1,1,104.0,0.9274099469184875,0.2772193551063537,54.0,71.0,21.0
Peziza arvernensis,Unknown,Fungi,0,0.0,1,0.6931471805599453,1,1,104.0,4.968431949615479,0.2308584749698639,54.0,70.0,20.0
Peziza vesiculosa,blistered cup,Fungi,0,0.0,1,0.6931471805599453,1,1,106.0,6.637119770050049,0.2298710346221923,54.0,71.0,21.0
Pezizaceae,"Pezizas, Desert Truffles, and Allies",Fungi,0,0.0,1,0.6931471805599453,1,1,111.0,4.518031597137451,0.153838500380516,55.0,70.0,20.0
Pezizales,Unknown,Fungi,0,0.0,2,1.0986122886681098,1,1,107.0,2.4454506039619446,0.1914075538516044,55.0,70.0,20.0
Phacelia,Scorpionweeds,Plantae,1,1.0,2,1.0986122886681098,2,2,102.0,7.125312566757202,0.171700581908226,56.0,71.0,20.0
Phacelia distans,distant phacelia,Plantae,1,4.0,7,2.0794415416798357,7,5,103.42857142857143,5.371025460106986,0.184599261198725,55.57142857142857,70.57142857142857,20.0
Phacelia parryi,Parry's phacelia,Plantae,1,6.0,6,1.9459101490553132,6,6,124.0,7.674336910247803,0.1517044939100742,54.5,70.33333333333333,20.166666666666668
Phacelia ramosissima,branching phacelia,Plantae,0,0.0,1,0.6931471805599453,1,1,106.0,2.7802884578704834,0.2083608508110046,55.0,70.0,21.0
Phaeoclavulina,Unknown,Fungi,1,8.0,4,1.6094379124341003,4,3,113.25,7.219460964202881,0.1958683542907238,54.75,70.25,19.75
Phaeotremella foliacea,Leafy Brain,Fungi,1,2.0,1,0.6931471805599453,1,1,109.0,9.903193473815918,0.2251684963703155,54.0,71.0,21.0
Phidippus johnsoni,Johnson's Jumping Spider,Arachnida,0,0.0,2,1.0986122886681098,2,2,101.0,2.3161008656024933,0.20284496992826456,54.5,70.5,20.0
Phlegmacium glaucopus,greenfoot webcap,Fungi,0,0.0,1,0.6931471805599453,1,1,104.0,3.800641059875488,0.2523154616355896,54.0,71.0,21.0
Phloeodes diabolicus,Diabolical Ironclad Beetle,Insecta,0,0.0,1,0.6931471805599453,1,1,112.0,9.209413528442385,0.2407880127429962,54.0,71.0,21.0
Phloeomana speirea,Bark Bonnet,Fungi,1,1.0,1,0.6931471805599453,1,1,104.0,1.444549798965454,0.2652438879013061,54.0,71.0,21.0
Phoradendron macrophyllum,broadleaf mistletoe,Plantae,1,2.0,4,1.6094379124341003,3,4,105.25,5.635528981685638,0.25232420116662974,54.5,70.5,20.75
Phylloscypha phyllogena,Common Brown Cup,Fungi,1,1.0,1,0.6931471805599453,1,1,111.0,4.518031597137451,0.153838500380516,55.0,70.0,20.0
Pieris rapae,Small White,Insecta,0,0.0,4,1.6094379124341003,3,3,109.75,5.1429532170295715,0.17087899893522257,54.25,71.0,20.75
Pimplinae,Unknown,Insecta,0,0.0,1,0.6931471805599453,1,1,105.0,1.854334115982056,0.2781391441822052,55.0,70.0,20.0
Pinus,pines,Plantae,0,0.0,2,1.0986122886681098,2,2,139.0,2.8872976303100586,0.1953817307949066,53.0,69.0,21.0
Pipilo maculatus,Spotted Towhee,Aves,0,0.0,7,2.0794415416798357,6,7,109.28571428571429,7.9431416647774835,0.2075479232839175,54.285714285714285,71.0,20.714285714285715
Pisolithus arhizus,Dyeball,Fungi,1,1.0,1,0.6931471805599453,1,1,122.0,8.53307819366455,0.1440887153148651,55.0,71.0,20.0
Pisolithus tinctorius,Dead Man's Foot,Fungi,1,2.0,5,1.791759469228055,3,5,101.8,4.621176147460938,0.20156534612178797,55.6,70.4,20.0
Pituophis catenifer annectens,San Diego Gopher Snake,Reptilia,0,0.0,1,0.6931471805599453,1,1,122.0,7.168126106262207,0.1719136089086532,56.0,69.0,18.0
Plagiobothrys,Popcornflowers,Plantae,1,4.0,4,1.6094379124341003,3,3,104.75,9.529536604881287,0.17163726314902303,55.0,70.25,20.25
Plagiobothrys nothofulvus,Rusty Popcornflower,Plantae,1,1.0,3,1.3862943611198906,3,3,110.66666666666667,8.755627791086832,0.17513403296470642,54.333333333333336,69.66666666666667,21.0
Plantae,Plants,Plantae,1,4.0,4,1.6094379124341003,4,4,99.75,6.536226361989975,0.2053128220140934,55.25,70.0,19.75
Plantago major,greater plantain,Plantae,0,0.0,4,1.6094379124341003,3,4,113.25,1.249225601553917,0.2388834841549396,55.0,70.0,19.75
Platanus,planes,Plantae,1,1.0,2,1.0986122886681098,2,2,102.5,7.729686975479126,0.1964674890041351,54.5,70.0,20.5
Platanus racemosa,western sycamore,Plantae,1,15.0,13,2.6390573296152584,10,13,108.23076923076923,7.249922330562885,0.23329121676775122,54.23076923076923,70.76923076923077,20.692307692307693
Platynus brunneomarginatus,Unknown,Insecta,0,0.0,1,0.6931471805599453,1,1,120.0,12.53467845916748,0.1491235345602035,55.0,71.0,20.0
Plestiodon skiltonianus skiltonianus,Skilton's Skink,Reptilia,0,0.0,1,0.6931471805599453,1,1,110.0,5.598731517791748,0.2115717083215713,54.0,72.0,21.0
Pleurotus,Oyster Mushrooms,Fungi,0,0.0,2,1.0986122886681098,2,2,101.5,4.734622478485107,0.24710371345281598,54.5,70.5,21.0
Pleurotus ostreatus,Oyster Mushroom,Fungi,1,2.0,2,1.0986122886681098,2,2,106.5,7.435812711715698,0.2280134856700897,54.0,70.5,20.5
Pluteus,Shields,Fungi,0,0.0,1,0.6931471805599453,1,1,110.0,14.551376342773438,0.1830715537071228,54.0,71.0,21.0
Pluteus exilis,Western Deer Mushroom,Fungi,0,0.0,1,0.6931471805599453,1,1,106.0,1.854334115982056,0.2270485609769821,55.0,70.0,20.0
Poaceae,Grasses,Plantae,1,6.0,5,1.791759469228055,5,5,103.2,3.004692041873932,0.20104835033416743,54.6,70.4,20.4
Poales,"Grasses, Sedges, Cattails, and Allies",Plantae,0,0.0,2,1.0986122886681098,2,2,100.5,2.454104483127594,0.2260716781020164,55.5,69.5,19.5
Podilymbus podiceps,Pied-billed Grebe,Aves,0,0.0,13,2.6390573296152584,5,12,106.0,6.3357475904318,0.2057656450913502,54.0,71.38461538461539,21.0
Poecilanthrax,Unknown,Insecta,0,0.0,1,0.6931471805599453,1,1,105.0,2.8872172832489014,0.2532548010349273,55.0,70.0,20.0
Polioptila caerulea,Blue-gray Gnatcatcher,Aves,0,0.0,1,0.6931471805599453,1,1,105.0,2.4005465507507324,0.226313367486,55.0,70.0,21.0
Polycaon,Unknown,Insecta,0,0.0,1,0.6931471805599453,1,1,113.0,0.9274099469184875,0.0867594853043556,54.0,73.0,21.0
Polycaon stoutii,Stout's Hardwood Borer,Insecta,0,0.0,1,0.6931471805599453,1,1,113.0,0.9274099469184875,0.0867594853043556,54.0,73.0,21.0
Polydesmidae,Unknown,Animalia,0,0.0,1,0.6931471805599453,1,1,108.0,3.3199751377105717,0.1761169135570526,54.0,72.0,21.0
Polypogon monspeliensis,rabbitfoot grass,Plantae,0,0.0,1,0.6931471805599453,1,1,103.0,5.968120098114014,0.2237621545791626,55.0,70.0,21.0
Polyporales,Shelf Fungi,Fungi,1,3.0,1,0.6931471805599453,1,1,132.0,18.380762100219727,0.1450849622488021,53.0,69.0,21.0
Pompiloidea,"Spider Wasps, Velvet Ants, and Allies",Insecta,0,0.0,1,0.6931471805599453,1,1,105.0,4.968410968780518,0.1988129466772079,55.0,70.0,21.0
Pontia,Unknown,Insecta,0,0.0,1,0.6931471805599453,1,1,117.0,8.793132781982422,0.1270450204610824,55.0,70.0,20.0
Pontia protodice,Checkered White,Insecta,1,2.0,2,1.0986122886681098,2,2,102.0,2.992177724838257,0.1908106505870819,55.0,70.0,21.0
Populus,"poplars, cottonwoods, and aspens",Plantae,0,0.0,5,1.791759469228055,5,5,106.0,3.7406869411468504,0.209277993440628,54.0,71.4,21.0
Populus fremontii,Frémont Cottonwood,Plantae,0,0.0,12,2.5649493574615367,8,11,105.58333333333333,4.735545138518016,0.19664743791023884,54.333333333333336,71.0,20.666666666666668
Populus nigra,Black Poplar,Plantae,0,0.0,1,0.6931471805599453,1,1,106.0,3.8006045818328857,0.2591783702373504,55.0,70.0,20.0
Populus trichocarpa,black cottonwood,Plantae,0,0.0,1,0.6931471805599453,1,1,103.0,2.4005465507507324,0.226313367486,55.0,70.0,21.0
Porzana carolina,Sora,Aves,0,0.0,1,0.6931471805599453,1,1,108.0,4.627367496490479,0.2252758145332336,54.0,72.0,21.0
Procambarus clarkii,Red Swamp Crayfish,Animalia,1,5.0,1,0.6931471805599453,1,1,103.0,3.8005220890045166,0.2221390008926391,55.0,70.0,21.0
Procyon lotor,Common Raccoon,Mammalia,1,3.0,2,1.0986122886681098,2,2,119.5,4.73910140991211,0.15872537344694135,54.5,69.0,19.5
Pruinomycena acicula,orange bonnet,Fungi,0,0.0,1,0.6931471805599453,1,1,126.0,11.263538360595703,0.153921365737915,53.0,69.0,21.0
Psathyrella bipellis,Maroon Brittlestem,Fungi,0,0.0,1,0.6931471805599453,1,1,100.0,5.759792327880859,0.1640980690717697,55.0,70.0,21.0
Psathyrella longipes,Tall Psathyrella,Fungi,0,0.0,1,0.6931471805599453,1,1,118.0,12.534643173217772,0.1377801597118377,55.0,71.0,20.0
Pseudacris regilla,Pacific chorus frog,Amphibia,1,14.0,8,2.1972245773362196,6,7,109.875,5.90684262663126,0.14493405073881147,54.625,70.875,20.25
Pseudognaphalium,rabbit-tobaccos,Plantae,1,1.0,4,1.6094379124341003,4,4,114.5,6.225597500801086,0.1717801839113235,54.75,70.5,20.0
Pseudognaphalium beneolens,Fragrant Everlasting,Plantae,0,0.0,1,0.6931471805599453,1,1,105.0,3.446395874023437,0.176831766963005,55.0,70.0,20.0
Pseudognaphalium biolettii,two-color rabbit tobacco,Plantae,0,0.0,9,2.302585092994046,6,9,112.11111111111111,7.400157425138685,0.19091190728876323,55.0,70.0,19.77777777777778
Pseudognaphalium californicum,California cudweed,Plantae,1,6.0,9,2.302585092994046,8,8,112.88888888888889,6.626500633027819,0.166174817416403,54.77777777777778,70.22222222222223,20.22222222222222
Pseudognaphalium microcephalum,Feltleaf Everlasting,Plantae,0,0.0,1,0.6931471805599453,1,1,122.0,12.307557106018066,0.1442305296659469,55.0,70.0,19.0
Pseudognaphalium stramineum,cottonbatting plant,Plantae,0,0.0,1,0.6931471805599453,1,1,122.0,12.307557106018066,0.1442305296659469,55.0,70.0,19.0
Pterygota,Winged and Once-winged Insects,Insecta,0,0.0,1,0.6931471805599453,1,1,108.0,3.3198282718658447,0.2537135481834411,55.0,70.0,20.0
Punctularia atropurpurascens,Purple Fuzz,Fungi,0,0.0,1,0.6931471805599453,1,1,140.0,3.8007051944732666,0.1738617569208145,55.0,70.0,19.0
Quercus,oaks,Plantae,1,6.0,12,2.5649493574615367,8,9,105.25,4.681679278612137,0.20814667021234826,55.0,70.41666666666667,20.416666666666668
Quercus agrifolia,coast live oak,Plantae,1,16.0,38,3.6635616461296463,28,29,106.86842105263158,5.126715087576916,0.2208436102067169,54.78947368421053,70.44736842105263,20.5
Quercus agrifolia agrifolia,California Live Oak,Plantae,0,0.0,1,0.6931471805599453,1,1,112.0,4.422732830047607,0.3143239319324493,54.0,71.0,21.0
Quercus berberidifolia,California scrub oak,Plantae,0,0.0,5,1.791759469228055,4,4,105.2,2.903439974784851,0.2261478722095489,55.0,70.4,20.6
Quercus berberidifolia × engelmannii,Unknown,Plantae,0,0.0,1,0.6931471805599453,1,1,103.0,4.792656421661377,0.1640980690717697,56.0,71.0,20.0
Quercus dumosa,Nuttall's scrub oak,Plantae,0,0.0,1,0.6931471805599453,1,1,104.0,1.444549798965454,0.2652438879013061,54.0,71.0,21.0
Quercus wislizeni,interior live oak,Plantae,0,0.0,1,0.6931471805599453,1,1,103.0,4.42255163192749,0.2319849282503128,54.0,70.0,20.0
Quiscalus mexicanus,Great-tailed Grackle,Aves,0,0.0,8,2.1972245773362196,8,8,106.75,5.51465031504631,0.17666187137365336,54.0,71.625,21.0
Rabdophaga salicisbatatus,Potato Gall Midge,Insecta,0,0.0,1,0.6931471805599453,1,1,108.0,3.3198282718658447,0.2537135481834411,55.0,70.0,20.0
Ramosissimae,Unknown,Plantae,1,1.0,1,0.6931471805599453,1,1,107.0,2.887233257293701,0.2185787260532379,55.0,70.0,20.0
Reithrodontomyini,Harvest and Deer Mice,Mammalia,0,0.0,1,0.6931471805599453,1,1,103.0,2.992187976837158,0.0762030705809593,54.0,70.0,20.0
Rhamnus,Buckthorns,Plantae,0,0.0,3,1.3862943611198906,3,3,111.33333333333333,5.752962152163188,0.24777450660864508,54.666666666666664,70.66666666666667,20.333333333333332
Rhamnus crocea,Redberry Buckthorn,Plantae,1,7.0,13,2.6390573296152584,10,13,105.46153846153847,9.448103693815378,0.18949912373836225,55.0,71.0,20.53846153846154
Rhamnus ilicifolia,hollyleaf redberry,Plantae,1,1.0,1,0.6931471805599453,1,1,138.0,9.209335327148438,0.1504297256469726,53.0,69.0,21.0
Rhopalomyia audibertiae,White Sage Leaf Gall Midge,Insecta,1,1.0,3,1.3862943611198906,2,3,106.66666666666667,7.117326259613037,0.1678833166758219,55.0,70.66666666666667,20.333333333333332
Rhopalomyia californica,Coyote Brush Bud Gall Midge,Insecta,1,4.0,5,1.791759469228055,4,5,107.8,8.798574542999267,0.17981554567813868,54.4,70.6,20.6
Rhus integrifolia,lemonade berry,Plantae,1,19.0,18,2.9444389791664403,14,17,114.77777777777777,9.264380309316847,0.1725333767632643,54.111111111111114,70.27777777777777,20.666666666666668
Rhynchophorus palmarum,South American Palm Weevil,Insecta,0,0.0,1,0.6931471805599453,1,1,113.0,1.444592833518982,0.0867594853043556,54.0,73.0,21.0
Ribes,currants and gooseberries,Plantae,1,3.0,5,1.791759469228055,5,5,105.4,4.576379776000977,0.21549277901649472,54.6,70.4,21.0
Ribes indecorum,White-flowering Currant,Plantae,1,7.0,24,3.2188758248682006,18,21,104.91666666666667,7.3589821954568215,0.17716142535209653,54.666666666666664,70.95833333333333,20.625
Ribes speciosum,Fuchsiaflower Gooseberry,Plantae,1,19.0,25,3.258096538021482,21,22,109.0,6.597576067447663,0.20024309664964673,54.64,70.2,20.4
Ricinus communis,castor bean,Plantae,0,0.0,1,0.6931471805599453,1,1,102.0,2.887211799621582,0.1800630241632461,55.0,70.0,21.0
Roanokenses,Amanita sect. Roanokenses,Fungi,0,0.0,1,0.6931471805599453,1,1,108.0,7.922945976257324,0.147892951965332,54.0,71.0,21.0
Robinia,Locust Trees,Plantae,0,0.0,1,0.6931471805599453,1,1,109.0,6.86821174621582,0.33134925365448,54.0,71.0,21.0
Robinia hispida,Bristly locust,Plantae,0,0.0,1,0.6931471805599453,1,1,109.0,6.86821174621582,0.33134925365448,54.0,71.0,21.0
Rubroboletus,Unknown,Fungi,0,0.0,1,0.6931471805599453,1,1,105.0,1.854334115982056,0.2781391441822052,55.0,70.0,20.0
Rubroboletus satanas,Devil's Bolete,Fungi,0,0.0,1,0.6931471805599453,1,1,110.0,3.800668478012085,0.2066761255264282,54.0,71.0,21.0
Rumex,docks and sorrels,Plantae,1,3.0,5,1.791759469228055,4,5,104.6,3.3518024682998657,0.21640341579914088,54.4,70.4,20.6
Rumex crispus,curled dock,Plantae,0,0.0,2,1.0986122886681098,2,2,106.0,6.079594612121582,0.22117636352777476,54.5,70.5,21.0
Russula,brittlegills,Fungi,1,6.0,7,2.0794415416798357,7,7,108.28571428571429,5.345577648707798,0.19440698197909762,54.57142857142857,70.0,20.285714285714285
Russula bicolor,Unknown,Fungi,0,0.0,1,0.6931471805599453,1,1,118.0,11.270872116088867,0.1536209881305694,55.0,71.0,20.0
Russula brevipes,Short-stemmed Russula,Fungi,1,1.0,1,0.6931471805599453,1,1,98.0,0.0,0.1850568056106567,56.0,69.0,18.0
Russula californiensis,Unknown,Fungi,1,1.0,1,0.6931471805599453,1,1,105.0,6.174759864807129,0.2397503405809402,55.0,70.0,20.0
Russula cerolens,Pocket-stalked russula,Fungi,0,0.0,1,0.6931471805599453,1,1,122.0,17.540864944458008,0.1352669894695282,53.0,69.0,21.0
Russula cremoricolor,Winter Russula,Fungi,1,4.0,11,2.4849066497880004,8,9,107.63636363636364,6.232166983864524,0.1949486678296869,54.81818181818182,70.27272727272727,20.0
Russula maculata,Unknown,Fungi,0,0.0,1,0.6931471805599453,1,1,95.0,8.07631778717041,0.1590321063995361,56.0,69.0,19.0
Sairocarpus nuttallianus,Nuttall's Snapdragon,Plantae,1,2.0,1,0.6931471805599453,1,1,138.0,6.86821174621582,0.1705749928951263,53.0,69.0,21.0
Sairocarpus pusillus,lesser snapdragon,Plantae,1,1.0,2,1.0986122886681098,2,2,107.0,12.024438381195068,0.16143364459276194,54.0,71.0,21.0
Salix,Willows,Plantae,1,2.0,5,1.791759469228055,5,5,109.6,5.917780876159668,0.1879499644041061,54.8,70.4,20.0
Salix exigua,Narrowleaf Willow,Plantae,0,0.0,4,1.6094379124341003,4,4,104.75,2.272593915462494,0.22639293596148488,54.0,71.0,21.0
Salix gooddingii,Goodding's willow,Plantae,0,0.0,2,1.0986122886681098,2,2,106.0,3.319807291030884,0.2237438261508941,55.0,70.0,20.0
Salix laevigata,red willow,Plantae,1,1.0,3,1.3862943611198906,3,3,106.0,5.991942008336385,0.21502605577309927,55.0,70.0,20.0
Salix lasiandra,Pacific Willow,Plantae,0,0.0,2,1.0986122886681098,2,2,105.0,3.4360917806625366,0.2566461414098739,54.5,70.5,20.5
Salix lasiolepis,Arroyo Willow,Plantae,0,0.0,5,1.791759469228055,5,5,107.4,5.3177871942520145,0.23952856361865993,54.2,70.8,20.8
Salsola,Russian Thistles,Plantae,0,0.0,1,0.6931471805599453,1,1,95.0,8.07631778717041,0.1590321063995361,56.0,69.0,19.0
Salticidae,Jumping Spiders,Arachnida,0,0.0,1,0.6931471805599453,1,1,105.0,3.446496963500977,0.1380361467599868,54.0,72.0,21.0
Salvia,Sages,Plantae,1,2.0,2,1.0986122886681098,2,2,107.5,7.415329217910767,0.17694542557001108,55.0,71.0,20.5
Salvia apiana,white sage,Plantae,1,4.0,14,2.70805020110221,12,14,104.92857142857143,7.663712799549103,0.16289817861148287,55.142857142857146,70.42857142857143,20.071428571428573
Salvia columbariae,Chia,Plantae,1,2.0,5,1.791759469228055,3,5,107.0,8.948449039459229,0.14132309257984157,55.2,70.2,20.4
Salvia mellifera,black sage,Plantae,1,21.0,33,3.5263605246161616,25,22,112.96969696969697,7.021689581148552,0.17868155647407877,54.45454545454545,70.60606060606061,20.545454545454547
Sambucus cerulea,blue elder,Plantae,0,0.0,11,2.4849066497880004,8,10,107.36363636363636,7.9122876795855435,0.17985996468500656,54.81818181818182,70.45454545454545,20.363636363636363
Sarcophaga,Common Flesh Flies,Insecta,0,0.0,1,0.6931471805599453,1,1,113.0,0.9274099469184875,0.0867594853043556,54.0,73.0,21.0
Satyrium sylvinus,Sylvan Hairstreak,Insecta,0,0.0,2,1.0986122886681098,2,2,106.5,5.157539129257202,0.21140226721763605,54.0,71.0,21.0
Sayapis,Unknown,Insecta,0,0.0,2,1.0986122886681098,1,2,105.5,9.030043601989746,0.16011746227741236,55.0,70.0,19.5
Sayornis nigricans,Black Phoebe,Aves,1,2.0,12,2.5649493574615367,7,11,112.08333333333333,7.682749529679616,0.22762826954325036,54.166666666666664,70.75,20.75
Sayornis saya,Say's Phoebe,Aves,1,2.0,2,1.0986122886681098,2,2,111.5,8.05380642414093,0.17809835076332087,55.0,70.0,20.5
Sceloporus occidentalis,Western Fence Lizard,Reptilia,1,3.0,13,2.6390573296152584,12,13,112.6923076923077,5.3226173015741205,0.1865599235663047,54.15384615384615,70.6923076923077,20.76923076923077
Sceloporus occidentalis longipes,Great Basin Fence Lizard,Reptilia,0,0.0,3,1.3862943611198906,2,3,109.66666666666667,5.552737553914388,0.20491561541954673,55.333333333333336,70.0,19.333333333333332
Schistocerca nitens,Gray Bird Grasshopper,Insecta,0,0.0,3,1.3862943611198906,3,3,102.0,3.1048514445622764,0.20269062121709183,55.0,69.66666666666667,19.666666666666668
Schizophyllum,Unknown,Fungi,1,2.0,1,0.6931471805599453,1,1,105.0,1.854334115982056,0.2781391441822052,55.0,70.0,20.0
Schizophyllum commune,splitgill mushroom,Fungi,1,9.0,5,1.791759469228055,4,4,112.8,9.628714084625244,0.19541022777557368,54.6,71.0,20.6
Schoenoplectus,Schoenoplectus Bulrushes,Plantae,0,0.0,1,0.6931471805599453,1,1,107.0,9.519370079040527,0.1534793674945831,55.0,70.0,20.0
Scirpus,Scirpus Bulrushes,Plantae,0,0.0,1,0.6931471805599453,1,1,103.0,2.9921815395355225,0.2348225116729736,55.0,70.0,20.0
Scirpus microcarpus,Panicled Bulrush,Plantae,0,0.0,2,1.0986122886681098,2,2,105.5,3.343929648399353,0.2506946846842766,55.0,70.0,20.0
Scleroderma citrinum,common earthball,Fungi,0,0.0,1,0.6931471805599453,1,1,112.0,9.209413528442385,0.2407880127429962,54.0,71.0,21.0
Scolopendra polymorpha,Common Desert Centipede,Animalia,0,0.0,1,0.6931471805599453,1,1,110.0,5.598731517791748,0.2115717083215713,54.0,72.0,21.0
Scrophularia californica,California beeplant,Plantae,1,2.0,3,1.3862943611198906,3,3,107.33333333333333,9.499656359354654,0.20560531318187714,55.0,71.0,20.333333333333332
Scudderia mexicana,Mexican Bush Katydid,Insecta,0,0.0,1,0.6931471805599453,1,1,114.0,1.4445902109146118,0.1285465508699417,53.0,73.0,22.0
Selaginella cinerascens,Ashy Spikemoss,Plantae,1,3.0,1,0.6931471805599453,1,1,98.0,9.211341857910156,0.1544983685016632,56.0,71.0,20.0
Selasphorus,"Rufous, Allen's, and Allied Hummingbirds",Aves,0,0.0,1,0.6931471805599453,1,1,107.0,7.168527603149414,0.259173035621643,54.0,71.0,21.0
Selasphorus sasin,Allen's Hummingbird,Aves,0,0.0,2,1.0986122886681098,2,2,114.0,5.737574815750122,0.16309294104576105,54.5,70.5,20.5
Serpentes,Snakes,Reptilia,0,0.0,1,0.6931471805599453,1,1,94.0,2.7802884578704834,0.1537534445524215,55.0,70.0,21.0
Setophaga coronata,Yellow-rumped Warbler,Aves,1,1.0,7,2.0794415416798357,5,6,108.0,6.938764163425991,0.2301230132579803,54.57142857142857,71.14285714285714,20.714285714285715
Sialia mexicana,Western Bluebird,Aves,1,3.0,7,2.0794415416798357,4,5,105.57142857142857,6.656260762895856,0.27038456499576563,54.285714285714285,70.85714285714286,21.0
Sidalcea,Checkerblooms,Plantae,1,1.0,3,1.3862943611198906,3,1,105.33333333333333,3.296730160713196,0.21473818023999525,55.0,70.0,20.666666666666668
Sidalcea sparsifolia,Southern Checkerbloom,Plantae,1,6.0,8,2.1972245773362196,8,7,105.625,3.4866950809955597,0.19416437298059458,55.0,70.0,20.625
Silene laciniata,cardinal catchfly,Plantae,1,2.0,5,1.791759469228055,4,3,106.8,3.5876965045928957,0.20431905388832092,55.2,70.2,20.0
Silene laciniata laciniata,Mexican pink,Plantae,0,0.0,1,0.6931471805599453,1,1,112.0,9.209413528442385,0.2407880127429962,54.0,71.0,21.0
Silybum marianum,milk thistle,Plantae,1,2.0,8,2.1972245773362196,8,7,108.125,5.635905399918556,0.20384718105196947,54.625,70.0,20.875
Siphanta,Unknown,Insecta,0,0.0,1,0.6931471805599453,1,1,113.0,0.9274099469184875,0.0867594853043556,54.0,73.0,21.0
Sisymbrium officinale,Hedge mustard,Plantae,0,0.0,1,0.6931471805599453,1,1,108.0,3.8006045818328857,0.2029768675565719,55.0,70.0,20.0
Sisyrinchium bellum,western blue-eyed grass,Plantae,1,8.0,3,1.3862943611198906,3,3,104.66666666666667,8.27954912185669,0.14285752425591147,55.666666666666664,69.66666666666667,19.333333333333332
Sitona hispidulus,Clover Weevil,Insecta,0,0.0,1,0.6931471805599453,1,1,110.0,5.598645687103272,0.3143239319324493,54.0,71.0,21.0
Sitta carolinensis,White-breasted Nuthatch,Aves,0,0.0,2,1.0986122886681098,2,2,106.0,4.784537076950073,0.2427432015538215,54.5,70.5,21.0
Slaterocoris,Unknown,Insecta,0,0.0,1,0.6931471805599453,1,1,105.0,7.708104610443115,0.1462654620409011,55.0,70.0,20.0
Solanum,nightshades,Plantae,0,0.0,2,1.0986122886681098,2,2,104.5,3.3234952688217163,0.1955733150243759,55.5,70.5,20.0
Solanum nigrum,Black Nightshade Complex,Plantae,0,0.0,1,0.6931471805599453,1,1,103.0,2.887206554412842,0.1533000320196151,55.0,70.0,21.0
Solanum parishii,Parish's nightshade,Plantae,1,4.0,2,1.0986122886681098,2,2,106.0,1.854334115982056,0.2270485609769821,55.0,70.0,20.0
Solanum umbelliferum,Unknown,Plantae,1,2.0,1,0.6931471805599453,1,1,106.0,1.854334115982056,0.2270485609769821,55.0,70.0,20.0
Solanum xanti,purple nightshade,Plantae,0,0.0,1,0.6931471805599453,1,1,119.0,17.212982177734375,0.1705818921327591,54.0,71.0,21.0
Sonchus,sow thistles,Plantae,0,0.0,1,0.6931471805599453,1,1,133.0,20.190624237060547,0.151430457830429,53.0,69.0,21.0
Sonchus asper,prickly sowthistle,Plantae,0,0.0,1,0.6931471805599453,1,1,104.0,3.800641059875488,0.2523154616355896,54.0,71.0,21.0
Sonchus oleraceus,Common Sow-thistle,Plantae,0,0.0,1,0.6931471805599453,1,1,111.0,6.617742538452148,0.33134925365448,54.0,71.0,21.0
Sorghum bicolor,Sorghums,Plantae,0,0.0,1,0.6931471805599453,1,1,105.0,4.79283618927002,0.1605148315429687,54.0,71.0,21.0
Sphenophorus venatus,Hunting Billbug,Insecta,0,0.0,1,0.6931471805599453,1,1,120.0,12.53467845916748,0.1491235345602035,55.0,71.0,20.0
Spinus psaltria,Lesser Goldfinch,Aves,0,0.0,8,2.1972245773362196,8,8,106.375,6.885319396853447,0.23815466277301306,54.625,70.625,20.5
Spodocybe trulliformis,dapper funnel,Fungi,0,0.0,1,0.6931471805599453,1,1,105.0,6.637162685394287,0.3197219669818878,54.0,71.0,21.0
Spodoptera exigua,Beet Armyworm Moth,Insecta,0,0.0,1,0.6931471805599453,1,1,96.0,5.547544956207275,0.1623234450817108,55.0,70.0,21.0
Stachys albens,whitestem hedgenettle,Plantae,0,0.0,1,0.6931471805599453,1,1,95.0,8.07631778717041,0.1590321063995361,56.0,69.0,19.0
Stagmomantis,Unknown,Insecta,1,1.0,1,0.6931471805599453,1,1,113.0,9.903193473815918,0.1523999571800232,54.0,71.0,21.0
Stagmomantis californica,California Mantis,Insecta,0,0.0,1,0.6931471805599453,1,1,106.0,3.3198912143707275,0.1449794471263885,54.0,71.0,21.0
Stagmomantis limbata,Arizona Mantis,Insecta,1,1.0,5,1.791759469228055,4,5,109.8,2.402977728843689,0.13411045670509333,54.4,71.4,20.6
Steccherinum ochraceum,Ochre Spreading Tooth,Fungi,0,0.0,1,0.6931471805599453,1,1,113.0,9.903193473815918,0.1523999571800232,54.0,71.0,21.0
Stellaria,chickweeds,Plantae,1,4.0,2,1.0986122886681098,2,2,105.5,3.1560049057006836,0.24426802992820734,55.0,70.0,20.0
Stemonitis splendens,chocolate tube slime,Protozoa,0,0.0,1,0.6931471805599453,1,1,109.0,9.903193473815918,0.2251684963703155,54.0,71.0,21.0
Stenamma,Unknown,Insecta,0,0.0,1,0.6931471805599453,1,1,104.0,1.444549798965454,0.2652438879013061,54.0,71.0,21.0
Stenodynerus,Unknown,Insecta,0,0.0,1,0.6931471805599453,1,1,106.0,8.840476036071777,0.1549985855817794,54.0,71.0,21.0
Stephanomeria diegensis,San Diego Wirelettuce,Plantae,1,4.0,4,1.6094379124341003,3,4,109.75,6.960178196430206,0.15687641687691206,55.5,70.25,19.75
Stephanomeria exigua,Small Wirelettuce,Plantae,0,0.0,2,1.0986122886681098,2,2,102.0,5.513934969902039,0.14910991489887232,55.5,69.5,19.5
Stephanomeria virgata,rod wirelettuce,Plantae,0,0.0,1,0.6931471805599453,1,1,105.0,2.8872010707855225,0.2221390008926391,55.0,70.0,21.0
Stereum,Unknown,Fungi,1,4.0,3,1.3862943611198906,3,3,102.33333333333333,1.3564834992090862,0.2360944300889968,54.0,70.66666666666667,20.666666666666668
Stereum hirsutum,hairy curtain crust,Fungi,1,11.0,13,2.6390573296152584,10,13,101.84615384615384,3.050334636981671,0.23649877424423507,54.61538461538461,70.15384615384616,20.076923076923077
Sternula antillarum browni,California Least Tern,Aves,0,0.0,1,0.6931471805599453,1,1,138.0,9.209335327148438,0.1504297256469726,53.0,69.0,21.0
Stigmella heteromelis,Unknown,Insecta,0,0.0,1,0.6931471805599453,1,1,112.0,9.209413528442385,0.2407880127429962,54.0,71.0,21.0
Stropharia coronilla,Garland Roundhead,Fungi,0,0.0,1,0.6931471805599453,1,1,99.0,10.010624885559082,0.143119528889656,56.0,69.0,19.0
Strymon melinus,Gray Hairstreak,Insecta,0,0.0,1,0.6931471805599453,1,1,105.0,0.9274099469184875,0.2377820014953613,55.0,70.0,20.0
Sturnella neglecta,Western Meadowlark,Aves,0,0.0,1,0.6931471805599453,1,1,95.0,5.21793270111084,0.1544983685016632,55.0,70.0,21.0
Sturnus vulgaris,European Starling,Aves,0,0.0,2,1.0986122886681098,1,2,111.5,6.406445026397705,0.14086309820413584,54.5,71.0,20.5
Stylocline gnaphalioides,everlasting neststraw,Plantae,0,0.0,1,0.6931471805599453,1,1,106.0,3.3197758197784424,0.2191812992095947,55.0,70.0,21.0
Suillellus amygdalinus,Liver Bolete,Fungi,1,2.0,6,1.9459101490553132,5,6,104.5,5.879581451416016,0.18191310266653693,55.0,70.16666666666667,19.833333333333332
Superstitionia donensis,Superstition Mountains Scorpion,Arachnida,0,0.0,1,0.6931471805599453,1,1,118.0,12.534643173217772,0.1377801597118377,55.0,71.0,20.0
Sylvilagus audubonii,Desert Cottontail,Mammalia,0,0.0,5,1.791759469228055,5,4,111.4,7.471054267883301,0.16230141818523408,54.2,71.4,20.6
Sylvilagus bachmani,Brush Rabbit,Mammalia,0,0.0,2,1.0986122886681098,2,2,107.0,11.095571279525757,0.20522511005401606,54.0,71.0,21.0
Sympetrum corruptum,Variegated Meadowhawk,Insecta,0,0.0,1,0.6931471805599453,1,1,105.0,2.8872010707855225,0.1480150371789932,55.0,70.0,21.0
Sympetrum illotum,Cardinal Meadowhawk,Insecta,0,0.0,1,0.6931471805599453,1,1,103.0,3.8005220890045166,0.2221390008926391,55.0,70.0,21.0
Symphyotrichum subulatum,annual saltmarsh aster,Plantae,0,0.0,1,0.6931471805599453,1,1,105.0,3.446496963500977,0.1380361467599868,54.0,72.0,21.0
Taiyuna isantus,Unknown,Animalia,0,0.0,1,0.6931471805599453,1,1,112.0,10.038002014160156,0.1897927820682525,54.0,71.0,21.0
Tamarix,Tamarisks,Plantae,0,0.0,1,0.6931471805599453,1,1,105.0,2.400604724884033,0.1600885540246963,55.0,70.0,20.0
Tapinella panuoides,Oyster Rollrim,Fungi,0,0.0,1,0.6931471805599453,1,1,109.0,9.903193473815918,0.2251684963703155,54.0,71.0,21.0
Taraxacum,common dandelions,Plantae,0,0.0,1,0.6931471805599453,1,1,110.0,3.800668478012085,0.2066761255264282,54.0,71.0,21.0
Taraxacum officinale,common dandelion,Plantae,0,0.0,1,0.6931471805599453,1,1,105.0,3.446446418762207,0.1550445258617401,54.0,71.0,21.0
Tenebrionidae,Darkling Beetles,Insecta,0,0.0,3,1.3862943611198906,2,3,105.33333333333333,5.794346173604329,0.14829205473264054,54.666666666666664,70.0,20.333333333333332
Tenthredinidae,Common Sawflies,Insecta,0,0.0,1,0.6931471805599453,1,1,99.0,7.254614353179932,0.250562459230423,55.0,70.0,21.0
Tetranychus urticae,Twospotted Spider Mite,Arachnida,0,0.0,1,0.6931471805599453,1,1,134.0,10.677788734436035,0.1646877527236938,53.0,69.0,21.0
Thamnophis hammondii,Two-striped Garter Snake,Reptilia,0,0.0,1,0.6931471805599453,1,1,117.0,13.336400032043455,0.1793950647115707,54.0,71.0,21.0
Thaumatomyia,Unknown,Insecta,0,0.0,1,0.6931471805599453,1,1,106.0,3.3198912143707275,0.1449794471263885,54.0,71.0,21.0
Thecabius,Unknown,Insecta,0,0.0,1,0.6931471805599453,1,1,106.0,3.3198912143707275,0.1449794471263885,54.0,71.0,21.0
Thyridanthrax nugator,Unknown,Insecta,0,0.0,1,0.6931471805599453,1,1,134.0,10.677788734436035,0.1646877527236938,53.0,69.0,21.0
Tipulidae,Large Crane Flies,Insecta,1,1.0,1,0.6931471805599453,1,1,113.0,0.9274099469184875,0.0867594853043556,54.0,73.0,21.0
Torilis arvensis,common hedge parsley,Plantae,1,3.0,1,0.6931471805599453,1,1,105.0,9.86323356628418,0.1550154834985733,55.0,70.0,20.0
Tortistilus,Unknown,Insecta,0,0.0,1,0.6931471805599453,1,1,104.0,2.4005918502807617,0.2238349467515945,55.0,70.0,20.0
Toxicodendron,poison ivies and oaks,Plantae,0,0.0,1,0.6931471805599453,1,1,104.0,2.887233257293701,0.0693442299962043,54.0,70.0,20.0
Toxicodendron diversilobum,Pacific poison oak,Plantae,1,16.0,22,3.1354942159291497,19,21,106.5909090909091,4.139784604310989,0.22257426584308793,54.86363636363637,70.13636363636364,20.136363636363637
Toxomerus occidentalis,Western Calligrapher,Insecta,0,0.0,1,0.6931471805599453,1,1,122.0,6.3878679275512695,0.1575319021940231,56.0,72.0,20.0
Toxostoma redivivum,California Thrasher,Aves,1,1.0,2,1.0986122886681098,2,2,112.5,7.920097589492798,0.20635722577571863,54.0,71.5,21.0
Trachelas pacificus,Bull-headed sac spider,Arachnida,1,1.0,1,0.6931471805599453,1,1,122.0,6.3878679275512695,0.1575319021940231,56.0,72.0,20.0
Trachemys scripta,Pond Slider,Reptilia,0,0.0,13,2.6390573296152584,7,12,110.76923076923077,5.7932868370643025,0.18119028325264266,53.84615384615385,71.38461538461539,21.0
Trachemys scripta elegans,Red-eared Slider,Reptilia,1,1.0,17,2.8903717578961645,12,17,105.29411764705883,4.376642016803517,0.1738330695558996,54.0,71.6470588235294,21.0
Trachemys scripta scripta,Yellow-bellied Slider,Reptilia,0,0.0,1,0.6931471805599453,1,1,127.0,13.18535327911377,0.1434548646211624,53.0,69.0,21.0
Tracheophyta,Vascular Plants,Plantae,0,0.0,3,1.3862943611198906,3,3,114.33333333333333,6.471059799194336,0.1532122020920117,54.0,71.0,20.666666666666668
Trametes versicolor,turkey-tail,Fungi,1,3.0,1,0.6931471805599453,1,1,101.0,6.454381942749023,0.2237621545791626,55.0,70.0,21.0
Tremella mesenterica,witch's butter,Fungi,1,1.0,2,1.0986122886681098,2,2,120.5,6.9982086420059195,0.2171994149684906,55.0,70.0,19.5
Trichaptum,Unknown,Fungi,0,0.0,1,0.6931471805599453,1,1,98.0,2.159588098526001,0.2466890960931778,56.0,69.0,19.0
Trichobaris compacta,Datura Weevil,Insecta,0,0.0,1,0.6931471805599453,1,1,105.0,2.400604724884033,0.1600885540246963,55.0,70.0,20.0
Tricholoma,Knights,Fungi,1,1.0,5,1.791759469228055,4,5,114.6,6.927387332916259,0.2215971708297729,54.4,70.4,20.4
Tricholoma dryophilum,Oak-loving Trich,Fungi,1,5.0,9,2.302585092994046,8,8,108.22222222222223,8.365154107411703,0.2120483087168799,54.22222222222222,70.44444444444444,20.666666666666668
Tricholoma griseoviolaceum,Unknown,Fungi,1,1.0,1,0.6931471805599453,1,1,103.0,7.077494621276856,0.2069191336631775,55.0,70.0,21.0
Tricholoma imbricatoides,Unknown,Fungi,0,0.0,1,0.6931471805599453,1,1,102.0,6.617493152618408,0.2408591657876968,54.0,70.0,20.0
Tricholoma terreum,Grey Knight,Fungi,1,1.0,2,1.0986122886681098,2,2,122.0,10.377808809280396,0.19901436567306516,53.5,69.5,20.5
Tricholoma yatesii,Unknown,Fungi,1,2.0,2,1.0986122886681098,2,2,120.5,8.028193473815918,0.14948430657386774,53.5,70.0,21.0
Trichostema lanceolatum,Vinegar Weed,Plantae,0,0.0,9,2.302585092994046,9,9,99.55555555555556,5.469516621695624,0.19349232316017148,55.22222222222222,69.77777777777777,20.555555555555557
Trifolieae,Unknown,Plantae,0,0.0,1,0.6931471805599453,1,1,105.0,4.968410968780518,0.1988129466772079,55.0,70.0,21.0
Trifolium fragiferum,Strawberry clover,Plantae,0,0.0,3,1.3862943611198906,1,3,106.33333333333333,6.143099308013916,0.2771850029627482,54.0,71.33333333333333,21.0
Trifolium repens,white clover,Plantae,0,0.0,3,1.3862943611198906,2,3,109.0,7.7564263343811035,0.21522622307141623,53.666666666666664,71.33333333333333,21.333333333333332
Trirhabda,Unknown,Insecta,0,0.0,1,0.6931471805599453,1,1,105.0,7.708104610443115,0.1462654620409011,55.0,70.0,20.0
Trirhabda geminata,Encelia Leaf Beetle,Insecta,0,0.0,2,1.0986122886681098,1,2,113.0,11.203246116638184,0.1404732763767242,55.0,70.5,20.0
Trirhabda luteocincta,Goldenbush beetle,Insecta,0,0.0,1,0.6931471805599453,1,1,106.0,3.3198912143707275,0.1449794471263885,54.0,71.0,21.0
Trirhabda sericotrachyla,California sagebrush leaf beetle,Insecta,0,0.0,1,0.6931471805599453,1,1,118.0,12.534643173217772,0.1377801597118377,55.0,71.0,20.0
Trochilidae,Hummingbirds,Aves,0,0.0,1,0.6931471805599453,1,1,108.0,3.8006045818328857,0.2029768675565719,55.0,70.0,20.0
Troglodytes aedon,Northern House Wren,Aves,0,0.0,1,0.6931471805599453,1,1,134.0,10.677788734436035,0.1646877527236938,53.0,69.0,21.0
Tulostoma,Stalked Puffballs,Fungi,1,1.0,2,1.0986122886681098,1,1,105.0,3.1132917404174805,0.18252690136432645,55.5,70.5,20.5
Turdus migratorius,American Robin,Aves,0,0.0,1,0.6931471805599453,1,1,99.0,7.254614353179932,0.250562459230423,55.0,70.0,21.0
Tylobolus claremontus,Unknown,Animalia,0,0.0,1,0.6931471805599453,1,1,106.0,6.8679518699646,0.2036669552326202,54.0,70.0,20.0
Typha,Cattails,Plantae,0,0.0,1,0.6931471805599453,1,1,102.0,1.444566011428833,0.1677400469779968,54.0,71.0,21.0
Typha domingensis,southern cattail,Plantae,0,0.0,5,1.791759469228055,5,5,103.2,2.329234313964844,0.15063153505325313,54.0,71.4,21.0
Tyrannus verticalis,Western Kingbird,Aves,0,0.0,1,0.6931471805599453,1,1,105.0,3.446395874023437,0.176831766963005,55.0,70.0,20.0
Tyrannus vociferans,Cassin's Kingbird,Aves,1,2.0,6,1.9459101490553132,5,5,103.83333333333333,4.646940519412358,0.19606690357128775,54.833333333333336,70.16666666666667,20.666666666666668
Urocyon cinereoargenteus,Gray Fox,Mammalia,1,2.0,1,0.6931471805599453,1,1,107.0,1.4445229768753052,0.2406241446733474,55.0,70.0,21.0
Uropappus lindleyi,silverpuffs,Plantae,1,1.0,1,0.6931471805599453,1,1,124.0,9.519370079040527,0.1391131281852722,55.0,71.0,20.0
Urtica urens,Dwarf Nettle,Plantae,1,4.0,3,1.3862943611198906,3,3,113.66666666666667,10.78409194946289,0.19314253826936081,54.333333333333336,70.66666666666667,21.0
Validae,Amanita Sect. Validae,Fungi,0,0.0,1,0.6931471805599453,1,1,108.0,5.522242069244385,0.2622897028923034,54.0,71.0,21.0
Vanessa annabella,West Coast Lady,Insecta,0,0.0,1,0.6931471805599453,1,1,109.0,3.446375608444214,0.1706393212080001,55.0,70.0,20.0
Vanessa cardui,Painted Lady,Insecta,1,1.0,2,1.0986122886681098,2,2,105.0,3.892486572265625,0.17126096412539482,54.5,70.0,20.0
Verbena,vervains,Plantae,1,2.0,11,2.4849066497880004,10,10,105.0909090909091,4.709752267057246,0.18443748558109452,54.63636363636363,70.45454545454545,20.454545454545453
Verbena lasiostachys,western vervain,Plantae,1,3.0,47,3.871201010907891,25,40,105.76595744680851,5.473727523012364,0.18576534282653887,54.787234042553195,70.2127659574468,20.382978723404257
Vertebrata,Vertebrates,Animalia,0,0.0,2,1.0986122886681098,2,2,104.0,4.4632415771484375,0.21438360959291455,54.5,70.5,21.0
Vespidae,"Hornets, Paper Wasps, Potter Wasps, and Allies",Insecta,0,0.0,1,0.6931471805599453,1,1,103.0,7.077494621276856,0.2069191336631775,55.0,70.0,21.0
Vespula pensylvanica,Western Yellowjacket,Insecta,0,0.0,6,1.9459101490553132,4,6,106.33333333333333,5.121909588575363,0.20324829220771787,54.666666666666664,70.66666666666667,20.5
Vicia sativa,Common Vetch,Plantae,1,3.0,1,0.6931471805599453,1,1,99.0,7.254614353179932,0.250562459230423,55.0,70.0,21.0
Vinca major,greater periwinkle,Plantae,1,13.0,1,0.6931471805599453,1,1,105.0,2.8872172832489014,0.2532548010349273,55.0,70.0,20.0
Viola pedunculata,California Golden Violet,Plantae,1,2.0,3,1.3862943611198906,3,2,103.0,4.792656421661377,0.1640980690717697,56.0,71.0,20.0
Vitaceae,Grape Family,Plantae,0,0.0,1,0.6931471805599453,1,1,106.0,3.552324056625366,0.1871527582406997,55.0,70.0,20.0
Vitis,grapevines,Plantae,0,0.0,2,1.0986122886681098,2,2,105.5,1.3908720314502718,0.2324152812361717,55.0,70.0,20.0
Vitis californica,California wild grape,Plantae,0,0.0,5,1.791759469228055,4,5,107.2,4.80690221786499,0.21486522555351256,54.8,70.2,20.2
Vitis girdiana,desert wild grape,Plantae,0,0.0,11,2.4849066497880004,6,11,107.63636363636364,2.8095266602256084,0.21151661872863767,55.0,70.0,20.181818181818183
Volvopluteus,Unknown,Fungi,0,0.0,1,0.6931471805599453,1,1,101.0,5.1258392333984375,0.1498768478631973,55.0,70.0,21.0
Volvopluteus gloiocephalus,Stubble Rosegill,Fungi,1,2.0,9,2.302585092994046,7,5,100.88888888888889,6.140311400095622,0.1626725180281533,55.111111111111114,70.11111111111111,20.88888888888889
Washingtonia robusta,Mexican Fan Palm,Plantae,1,5.0,5,1.791759469228055,5,5,105.0,6.546099662780762,0.2234293088316917,54.2,70.6,20.8
Xanthocephalus xanthocephalus,Yellow-headed Blackbird,Aves,0,0.0,1,0.6931471805599453,1,1,105.0,7.923086643218994,0.2075047940015792,54.0,71.0,21.0
Xanthoparmelia,rock shield lichens,Fungi,0,0.0,1,0.6931471805599453,1,1,105.0,2.8872172832489014,0.2532548010349273,55.0,70.0,20.0
Xanthoria parietina,Common Sunburst Lichen,Fungi,0,0.0,1,0.6931471805599453,1,1,109.0,6.86821174621582,0.33134925365448,54.0,71.0,21.0
Xenoglossa pruinosa,Pruinose Squash Bee,Insecta,0,0.0,3,1.3862943611198906,2,3,106.33333333333333,4.469522476196289,0.1996261229117711,54.333333333333336,70.66666666666667,20.666666666666668
Xerocomellus,Unknown,Fungi,0,0.0,2,1.0986122886681098,2,2,104.5,1.959795743227005,0.24350439012050623,55.0,70.0,20.0
Xerocomellus dryophilus,oak-loving bolete,Fungi,1,2.0,8,2.1972245773362196,8,8,109.0,8.10681477189064,0.20832717604935166,54.625,70.625,20.25
Xerocomellus mendocinensis,Unknown,Fungi,0,0.0,1,0.6931471805599453,1,1,105.0,6.174759864807129,0.2397503405809402,55.0,70.0,20.0
Xylococcus bicolor,mission manzanita,Plantae,1,25.0,21,3.091042453358316,15,20,123.28571428571429,8.234370242981683,0.1479313235197748,54.666666666666664,70.28571428571429,19.952380952380953
Xylocopa sonorina,Valley Carpenter Bee,Insecta,0,0.0,1,0.6931471805599453,1,1,94.0,9.259376525878906,0.1388931274414062,56.0,69.0,19.0
Yucca schidigera,Mojave Yucca,Plantae,1,18.0,10,2.3978952727983707,10,9,106.7,6.35756778717041,0.16494412124156949,55.5,70.8,20.2
Zadontomerus,Unknown,Insecta,0,0.0,1,0.6931471805599453,1,1,109.0,3.446375608444214,0.1706393212080001,55.0,70.0,20.0
Zarhipis,Unknown,Insecta,0,0.0,1,0.6931471805599453,1,1,101.0,2.4005661010742188,0.1452918350696563,54.0,70.0,20.0
Zeltnera venusta,California Centaury,Plantae,1,4.0,13,2.6390573296152584,11,12,110.38461538461539,6.502409219741821,0.15870812535285947,55.07692307692308,70.0,20.0
Zenaida macroura,Mourning Dove,Aves,1,1.0,2,1.0986122886681098,1,2,107.0,7.168527603149414,0.259173035621643,54.0,71.0,21.0
Zonotrichia leucophrys,White-crowned Sparrow,Aves,0,0.0,4,1.6094379124341003,3,4,107.75,8.943867087364197,0.20912047103047368,54.5,70.75,20.5
