scientific_name,common_name,iconic_taxon_name,present_in_main,main_obs_count,backup_obs_count,log_obs_count,backup_unique_users,backup_unique_days,avg_elevation,avg_slope,avg_ndvi,avg_soil_sand,avg_soil_ph,avg_soil_clay
Abagrotis kirkwoodi,Unknown,Insecta,0,0.0,2,1.0986122886681098,2,1,0.0,0.0,0.0,0.0,0.0,0.0
Abietinaria,Coarse Sea Fir Hydroids,Animalia,0,0.0,2,1.0986122886681098,2,1,0.0,0.0,0.0,0.0,0.0,0.0
Abronia,sand verbenas,Plantae,1,1.0,2,1.0986122886681098,2,2,0.0,0.0,0.0,0.0,0.0,0.0
Abronia maritima,red sand-verbena,Plantae,1,24.0,198,5.293304824724492,116,164,0.0,0.0,0.0,0.0,0.0,0.0
Abutilon palmeri,Palmer's Indian mallow,Plantae,0,0.0,3,1.3862943611198906,3,3,0.0,0.0,0.0,0.0,0.0,0.0
Acacia,wattles,Plantae,0,0.0,1,0.6931471805599453,1,1,0.0,0.0,0.0,0.0,0.0,0.0
Acacia baileyana,Cootamundra wattle,Plantae,0,0.0,3,1.3862943611198906,3,3,0.0,0.0,0.0,0.0,0.0,0.0
Acacia cyclops,western coastal wattle,Plantae,0,0.0,3,1.3862943611198906,3,3,0.0,0.0,0.0,0.0,0.0,0.0
Acacia redolens,vanilla-scented wattle,Plantae,0,0.0,1,0.6931471805599453,1,1,0.0,0.0,0.0,0.0,0.0,0.0
Acacia saligna,golden wreath wattle,Plantae,0,0.0,1,0.6931471805599453,1,1,0.0,0.0,0.0,0.0,0.0,0.0
Acalypha californica,California Copperleaf,Plantae,0,0.0,13,2.6390573296152584,11,9,0.0,0.0,0.0,0.0,0.0,0.0
Acalyptratae,Acalyptrate Flies,Insecta,0,0.0,6,1.9459101490553132,6,6,0.0,0.0,0.0,0.0,0.0,0.0
Acanthomorpha,Spiny-rayed fishes,Actinopterygii,1,1.0,2,1.0986122886681098,2,2,0.0,0.0,0.0,0.0,0.0,0.0
Acari,Mites and Ticks,Arachnida,0,0.0,2,1.0986122886681098,2,2,0.0,0.0,0.0,0.0,0.0,0.0
Acarospora socialis,Yellow Cobblestone Lichen,Fungi,0,0.0,1,0.6931471805599453,1,1,0.0,0.0,0.0,0.0,0.0,0.0
Accipiter striatus,Sharp-shinned Hawk,Aves,0,0.0,3,1.3862943611198906,3,3,0.0,0.0,0.0,0.0,0.0,0.0
Accipitridae,"Hawks, Eagles, and Kites",Aves,0,0.0,6,1.9459101490553132,6,5,0.0,0.0,0.0,0.0,0.0,0.0
Accipitriformes,"Hawks, Eagles, Kites, and Allies",Aves,0,0.0,4,1.6094379124341003,4,4,0.0,0.0,0.0,0.0,0.0,0.0
Accipitrinae,Typical Hawks and Harriers,Aves,0,0.0,2,1.0986122886681098,2,2,0.0,0.0,0.0,0.0,0.0,0.0
Aceria baccharices,Mule Fat Blister Mite,Arachnida,0,0.0,3,1.3862943611198906,3,3,0.0,0.0,0.0,0.0,0.0,0.0
Aceria baccharipha,Baccharis Leaf Blister Mite,Arachnida,0,0.0,1,0.6931471805599453,1,1,0.0,0.0,0.0,0.0,0.0,0.0
Achelous xantusii,Xantus Swimming Crab,Animalia,1,1.0,3,1.3862943611198906,3,3,0.0,0.0,0.0,0.0,0.0,0.0
Achyra,Unknown,Insecta,0,0.0,1,0.6931471805599453,1,1,0.0,0.0,0.0,0.0,0.0,0.0
Achyra occidentalis,Achyra occidentalis,Insecta,0,0.0,1,0.6931471805599453,1,1,0.0,0.0,0.0,0.0,0.0,0.0
Aciurina thoracica,Desert Broom Gallfly,Insecta,0,0.0,2,1.0986122886681098,2,2,0.0,0.0,0.0,0.0,0.0,0.0
Acmaea mitra,Whitecap Limpet,Mollusca,0,0.0,17,2.8903717578961645,8,14,0.0,0.0,0.0,0.0,0.0,0.0
Acmispon,deervetch,Plantae,0,0.0,7,2.0794415416798357,7,7,0.0,0.0,0.0,0.0,0.0,0.0
Acmispon americanus,Spanish clover,Plantae,0,0.0,1,0.6931471805599453,1,1,0.0,0.0,0.0,0.0,0.0,0.0
Acmispon glaber,deerweed,Plantae,1,2.0,50,3.9318256327243257,37,42,0.0,0.0,0.0,0.0,0.0,0.0
Acmispon glaber glaber,Coastal Deerweed,Plantae,0,0.0,16,2.833213344056216,13,14,0.0,0.0,0.0,0.0,0.0,0.0
Acmispon heermannii,Heermann's Lotus,Plantae,0,0.0,1,0.6931471805599453,1,1,0.0,0.0,0.0,0.0,0.0,0.0
Acmispon heermannii heermannii,Heermann's lotus,Plantae,0,0.0,2,1.0986122886681098,1,2,0.0,0.0,0.0,0.0,0.0,0.0
Acmispon micranthus,San Diego bird's-foot trefoil,Plantae,0,0.0,2,1.0986122886681098,2,2,0.0,0.0,0.0,0.0,0.0,0.0
Acmispon strigosus,strigose lotus,Plantae,0,0.0,4,1.6094379124341003,4,3,0.0,0.0,0.0,0.0,0.0,0.0
Acrididae,Short-horned Grasshoppers,Insecta,0,0.0,11,2.4849066497880004,8,11,0.0,0.0,0.0,0.0,0.0,0.0
Acrididea,Grasshoppers,Insecta,0,0.0,6,1.9459101490553132,6,6,0.0,0.0,0.0,0.0,0.0,0.0
Acrolophus,Grass Tubeworm Moths,Insecta,0,0.0,1,0.6931471805599453,1,1,0.0,0.0,0.0,0.0,0.0,0.0
Acrosticta,Unknown,Insecta,0,0.0,3,1.3862943611198906,3,3,0.0,0.0,0.0,0.0,0.0,0.0
Actinopterygii,Ray-finned Fishes,Actinopterygii,0,0.0,12,2.5649493574615367,6,11,0.0,0.0,0.0,0.0,0.0,0.0
Actitis macularius,Spotted Sandpiper,Aves,1,2.0,7,2.0794415416798357,6,5,0.0,0.0,0.0,0.0,0.0,0.0
Aculeata,"Ants, Bees, and Stinging Wasps",Insecta,0,0.0,3,1.3862943611198906,3,3,0.0,0.0,0.0,0.0,0.0,0.0
Adelpha californica,California Sister,Insecta,0,0.0,1,0.6931471805599453,1,1,0.0,0.0,0.0,0.0,0.0,0.0
Adenostoma fasciculatum,chamise,Plantae,1,1.0,1,0.6931471805599453,1,1,0.0,0.0,0.0,0.0,0.0,0.0
Aechmophorus,Western and Clark's Grebes,Aves,0,0.0,12,2.5649493574615367,5,10,0.0,0.0,0.0,0.0,0.0,0.0
Aechmophorus clarkii,Clark's Grebe,Aves,0,0.0,3,1.3862943611198906,2,3,0.0,0.0,0.0,0.0,0.0,0.0
Aechmophorus occidentalis,Western Grebe,Aves,0,0.0,51,3.9512437185814275,31,44,0.0,0.0,0.0,0.0,0.0,0.0
Aedes,Unknown,Insecta,1,2.0,1,0.6931471805599453,1,1,0.0,0.0,0.0,0.0,0.0,0.0
Aedes aegypti,Yellow Fever Mosquito,Insecta,0,0.0,1,0.6931471805599453,1,1,0.0,0.0,0.0,0.0,0.0,0.0
Aedes squamiger,California Saltmarsh Mosquito,Insecta,0,0.0,1,0.6931471805599453,1,1,0.0,0.0,0.0,0.0,0.0,0.0
Aedes taeniorhynchus,Black Saltmarsh Mosquito,Insecta,1,1.0,5,1.791759469228055,4,4,0.0,0.0,0.0,0.0,0.0,0.0
Aegialia,Unknown,Insecta,0,0.0,1,0.6931471805599453,1,1,0.0,0.0,0.0,0.0,0.0,0.0
Aegialiinae,Unknown,Insecta,0,0.0,1,0.6931471805599453,1,1,0.0,0.0,0.0,0.0,0.0,0.0
Aeronautes saxatalis,White-throated Swift,Aves,0,0.0,6,1.9459101490553132,5,4,0.0,0.0,0.0,0.0,0.0,0.0
Agapostemon,Striped Sweat Bees,Insecta,1,1.0,24,3.2188758248682006,9,19,0.0,0.0,0.0,0.0,0.0,0.0
Agapostemon femoratus,Wide-legged Sweat Bee,Insecta,0,0.0,3,1.3862943611198906,3,3,0.0,0.0,0.0,0.0,0.0,0.0
Agapostemon melliventris,Honey-tailed Striped Sweat Bee,Insecta,1,4.0,3,1.3862943611198906,3,3,0.0,0.0,0.0,0.0,0.0,0.0
Agapostemon subtilior,Fine striped sweat bee,Insecta,1,2.0,13,2.6390573296152584,9,12,0.0,0.0,0.0,0.0,0.0,0.0
Agapostemon texanus,Unknown,Insecta,0,0.0,1,0.6931471805599453,1,1,0.0,0.0,0.0,0.0,0.0,0.0
Agaricaceae,Field Mushrooms and Allies,Fungi,0,0.0,3,1.3862943611198906,2,3,0.0,0.0,0.0,0.0,0.0,0.0
Agaricales,Common Gilled Mushrooms and Allies,Fungi,1,3.0,9,2.302585092994046,6,6,0.0,0.0,0.0,0.0,0.0,0.0
Agaricineae,Unknown,Fungi,0,0.0,2,1.0986122886681098,2,2,0.0,0.0,0.0,0.0,0.0,0.0
Agaricomycetes,"Mushrooms, Bracket Fungi, Puffballs, and Allies",Fungi,1,1.0,4,1.6094379124341003,4,4,0.0,0.0,0.0,0.0,0.0,0.0
Agaricomycetidae,Unknown,Fungi,0,0.0,1,0.6931471805599453,1,1,0.0,0.0,0.0,0.0,0.0,0.0
Agaricus,field and button mushrooms,Fungi,0,0.0,9,2.302585092994046,5,9,0.0,0.0,0.0,0.0,0.0,0.0
Agaricus bernardii,Salt-loving Agaricus,Fungi,0,0.0,1,0.6931471805599453,1,1,0.0,0.0,0.0,0.0,0.0,0.0
Agaricus bitorquis,Pavement Mushroom,Fungi,1,1.0,1,0.6931471805599453,1,1,0.0,0.0,0.0,0.0,0.0,0.0
Agaricus californicus,California Agaricus,Fungi,0,0.0,4,1.6094379124341003,4,4,0.0,0.0,0.0,0.0,0.0,0.0
Agaricus campestris,Meadow Mushroom,Fungi,0,0.0,2,1.0986122886681098,2,2,0.0,0.0,0.0,0.0,0.0,0.0
Agaricus xanthodermus,Yellow Stainer,Fungi,0,0.0,4,1.6094379124341003,4,4,0.0,0.0,0.0,0.0,0.0,0.0
Agathidinae,Unknown,Insecta,0,0.0,1,0.6931471805599453,1,1,0.0,0.0,0.0,0.0,0.0,0.0
Agathidini,Unknown,Insecta,0,0.0,2,1.0986122886681098,2,2,0.0,0.0,0.0,0.0,0.0,0.0
Agave,century plants,Plantae,0,0.0,25,3.258096538021482,20,21,0.0,0.0,0.0,0.0,0.0,0.0
Agave americana,American century plant,Plantae,0,0.0,13,2.6390573296152584,13,13,0.0,0.0,0.0,0.0,0.0,0.0
Agave shawii,Shaw's Agave,Plantae,0,0.0,161,5.087596335232384,117,132,0.0,0.0,0.0,0.0,0.0,0.0
Agavoideae,Century plant subfamily,Plantae,0,0.0,5,1.791759469228055,5,5,0.0,0.0,0.0,0.0,0.0,0.0
Agdistis,Unknown,Insecta,0,0.0,3,1.3862943611198906,2,3,0.0,0.0,0.0,0.0,0.0,0.0
Agdistis americana,Sea-heath Plume Moth,Insecta,0,0.0,6,1.9459101490553132,6,6,0.0,0.0,0.0,0.0,0.0,0.0
Agelaius,Agelaius Blackbirds,Aves,0,0.0,2,1.0986122886681098,1,2,0.0,0.0,0.0,0.0,0.0,0.0
Agelaius phoeniceus,Red-winged Blackbird,Aves,0,0.0,144,4.976733742420574,49,108,0.0,0.0,0.0,0.0,0.0,0.0
Agelenidae,Funnel Weavers,Arachnida,0,0.0,19,2.995732273553991,19,16,0.0,0.0,0.0,0.0,0.0,0.0
Ageleninae,Typical Funnel Weavers,Arachnida,0,0.0,20,3.044522437723423,14,18,0.0,0.0,0.0,0.0,0.0,0.0
Agelenopsis,Grass Spiders,Arachnida,0,0.0,15,2.772588722239781,13,15,0.0,0.0,0.0,0.0,0.0,0.0
Agelenopsis aperta,Desert Grass Spider,Arachnida,0,0.0,20,3.044522437723423,18,17,0.0,0.0,0.0,0.0,0.0,0.0
Ageniella accepta,Unknown,Insecta,0,0.0,1,0.6931471805599453,1,1,0.0,0.0,0.0,0.0,0.0,0.0
Aglaophenia,Ostrich-Plume Hydroids,Animalia,0,0.0,7,2.0794415416798357,6,5,0.0,0.0,0.0,0.0,0.0,0.0
Aglossa,Tabby Moths,Insecta,0,0.0,2,1.0986122886681098,2,1,0.0,0.0,0.0,0.0,0.0,0.0
Agrius cingulata,Pink-spotted Hawkmoth,Insecta,0,0.0,1,0.6931471805599453,1,1,0.0,0.0,0.0,0.0,0.0,0.0
Agrocybe,Unknown,Fungi,1,1.0,2,1.0986122886681098,2,2,0.0,0.0,0.0,0.0,0.0,0.0
Agrocybe pediades,Common Fieldcap,Fungi,0,0.0,6,1.9459101490553132,4,3,0.0,0.0,0.0,0.0,0.0,0.0
Agromyzidae,Leaf-miner Flies,Insecta,0,0.0,2,1.0986122886681098,2,2,0.0,0.0,0.0,0.0,0.0,0.0
Agrostis exarata,Pacific bentgrass,Plantae,0,0.0,1,0.6931471805599453,1,1,0.0,0.0,0.0,0.0,0.0,0.0
Agrotina,Unknown,Insecta,0,0.0,1,0.6931471805599453,1,1,0.0,0.0,0.0,0.0,0.0,0.0
Aimophila ruficeps,Rufous-crowned Sparrow,Aves,0,0.0,2,1.0986122886681098,2,2,0.0,0.0,0.0,0.0,0.0,0.0
Aix sponsa,Wood Duck,Aves,0,0.0,1,0.6931471805599453,1,1,0.0,0.0,0.0,0.0,0.0,0.0
Aizoaceae,Stone plants,Plantae,1,3.0,4,1.6094379124341003,4,3,0.0,0.0,0.0,0.0,0.0,0.0
Aleurites moluccanus,Candlenut,Plantae,0,0.0,1,0.6931471805599453,1,1,0.0,0.0,0.0,0.0,0.0,0.0
Aleyrodidae,Whiteflies,Insecta,0,0.0,1,0.6931471805599453,1,1,0.0,0.0,0.0,0.0,0.0,0.0
Allacrotelsa,Unknown,Insecta,0,0.0,1,0.6931471805599453,1,1,0.0,0.0,0.0,0.0,0.0,0.0
Allacrotelsa spinulata,Unknown,Insecta,0,0.0,2,1.0986122886681098,2,2,0.0,0.0,0.0,0.0,0.0,0.0
Allenrolfea occidentalis,Iodinebush,Plantae,0,0.0,2,1.0986122886681098,2,2,0.0,0.0,0.0,0.0,0.0,0.0
Allium,onions,Plantae,0,0.0,1,0.6931471805599453,1,1,0.0,0.0,0.0,0.0,0.0,0.0
Allium praecox,Early Onion,Plantae,0,0.0,1,0.6931471805599453,1,1,0.0,0.0,0.0,0.0,0.0,0.0
Allograpta,Streaktails,Insecta,1,1.0,2,1.0986122886681098,2,2,0.0,0.0,0.0,0.0,0.0,0.0
Allograpta exotica,Exotic Streaktail,Insecta,0,0.0,13,2.6390573296152584,5,8,0.0,0.0,0.0,0.0,0.0,0.0
Allograpta obliqua,Oblique Streaktail,Insecta,1,3.0,9,2.302585092994046,8,9,0.0,0.0,0.0,0.0,0.0,0.0
Alloniscus mirabilis,Wonderful Wracklouse,Animalia,0,0.0,2,1.0986122886681098,1,2,0.0,0.0,0.0,0.0,0.0,0.0
Aloe maculata,soap aloe,Plantae,0,0.0,33,3.5263605246161616,22,30,0.0,0.0,0.0,0.0,0.0,0.0
Alopecosa kochi,Koch's Wolf Spider,Arachnida,0,0.0,2,1.0986122886681098,2,2,0.0,0.0,0.0,0.0,0.0,0.0
Alpheias transferens,Unknown,Insecta,0,0.0,2,1.0986122886681098,2,1,0.0,0.0,0.0,0.0,0.0,0.0
Altica,Metallic Flea Beetles,Insecta,0,0.0,1,0.6931471805599453,1,1,0.0,0.0,0.0,0.0,0.0,0.0
Alticini,Flea Beetles,Insecta,0,0.0,1,0.6931471805599453,1,1,0.0,0.0,0.0,0.0,0.0,0.0
Amanita,amanita mushrooms,Fungi,0,0.0,1,0.6931471805599453,1,1,0.0,0.0,0.0,0.0,0.0,0.0
Amanita ocreata,Western Destroying Angel,Fungi,0,0.0,1,0.6931471805599453,1,1,0.0,0.0,0.0,0.0,0.0,0.0
Amara,Sun Beetles,Insecta,0,0.0,6,1.9459101490553132,5,5,0.0,0.0,0.0,0.0,0.0,0.0
Amaranthaceae,Amaranth family,Plantae,1,5.0,16,2.833213344056216,14,15,0.0,0.0,0.0,0.0,0.0,0.0
Amaranthus,amaranths,Plantae,0,0.0,8,2.1972245773362196,8,8,0.0,0.0,0.0,0.0,0.0,0.0
Amaranthus albus,prostrate pigweed,Plantae,0,0.0,2,1.0986122886681098,2,2,0.0,0.0,0.0,0.0,0.0,0.0
Amaranthus cruentus,Red amaranth,Plantae,0,0.0,15,2.772588722239781,14,14,0.0,0.0,0.0,0.0,0.0,0.0
Amaranthus deflexus,Prostrate Amaranth,Plantae,0,0.0,2,1.0986122886681098,2,2,0.0,0.0,0.0,0.0,0.0,0.0
Amaryllis belladonna,Belladonna Lily,Plantae,0,0.0,3,1.3862943611198906,3,3,0.0,0.0,0.0,0.0,0.0,0.0
Amazona oratrix,Yellow-headed Amazon,Aves,0,0.0,2,1.0986122886681098,2,2,0.0,0.0,0.0,0.0,0.0,0.0
Amblonoxia,Unknown,Insecta,0,0.0,1,0.6931471805599453,1,1,0.0,0.0,0.0,0.0,0.0,0.0
Amblyopappus,Unknown,Plantae,0,0.0,2,1.0986122886681098,2,2,0.0,0.0,0.0,0.0,0.0,0.0
Amblyopappus pusillus,dwarf coastweed,Plantae,1,1.0,40,3.713572066704308,23,26,0.0,0.0,0.0,0.0,0.0,0.0
Ambrosia,Ragweeds,Plantae,1,1.0,8,2.1972245773362196,6,6,0.0,0.0,0.0,0.0,0.0,0.0
Ambrosia acanthicarpa,Flatspine Bursage,Plantae,0,0.0,1,0.6931471805599453,1,1,0.0,0.0,0.0,0.0,0.0,0.0
Ambrosia artemisiifolia,common ragweed,Plantae,0,0.0,1,0.6931471805599453,1,1,0.0,0.0,0.0,0.0,0.0,0.0
Ambrosia chamissonis,silver beachweed,Plantae,1,18.0,62,4.143134726391533,41,50,0.0,0.0,0.0,0.0,0.0,0.0
Ambrosia confertiflora,slimleaf bursage,Plantae,0,0.0,20,3.044522437723423,20,18,0.0,0.0,0.0,0.0,0.0,0.0
Ambrosia psilostachya,western ragweed,Plantae,0,0.0,35,3.58351893845611,20,31,0.0,0.0,0.0,0.0,0.0,0.0
Ambrosiinae,"Cockleburs, Ragweeds, and Wild Quinines",Plantae,0,0.0,3,1.3862943611198906,2,2,0.0,0.0,0.0,0.0,0.0,0.0
Ameiurus nebulosus,Brown Bullhead,Actinopterygii,0,0.0,1,0.6931471805599453,1,1,0.0,0.0,0.0,0.0,0.0,0.0
Amiantis,Unknown,Mollusca,0,0.0,1,0.6931471805599453,1,1,0.0,0.0,0.0,0.0,0.0,0.0
Amiantis callosa,White Venus,Mollusca,0,0.0,2,1.0986122886681098,2,2,0.0,0.0,0.0,0.0,0.0,0.0
Ammopelmatus,North American Jerusalem Crickets,Insecta,0,0.0,10,2.3978952727983707,9,10,0.0,0.0,0.0,0.0,0.0,0.0
Ammopelmatus mahogany,Mahogany Jerusalem Cricket,Insecta,0,0.0,1,0.6931471805599453,1,1,0.0,0.0,0.0,0.0,0.0,0.0
Ammophila,Thread-waisted Sand Wasps,Insecta,0,0.0,15,2.772588722239781,10,14,0.0,0.0,0.0,0.0,0.0,0.0
Ammophila aberti,Abert's Thread-waisted Wasp,Insecta,0,0.0,4,1.6094379124341003,4,4,0.0,0.0,0.0,0.0,0.0,0.0
Ammospiza nelsoni,Nelson's Sparrow,Aves,1,16.0,15,2.772588722239781,12,9,0.0,0.0,0.0,0.0,0.0,0.0
Amorpha,False Indigos,Plantae,0,0.0,1,0.6931471805599453,1,1,0.0,0.0,0.0,0.0,0.0,0.0
Amorpha fruticosa,false indigo bush,Plantae,0,0.0,3,1.3862943611198906,3,3,0.0,0.0,0.0,0.0,0.0,0.0
Amphibalanus amphitrite,Striped Barnacle,Animalia,1,10.0,2,1.0986122886681098,2,2,0.0,0.0,0.0,0.0,0.0,0.0
Amphipoda,Amphipods,Animalia,0,0.0,1,0.6931471805599453,1,1,0.0,0.0,0.0,0.0,0.0,0.0
Amphistichus argenteus,Barred Surfperch,Actinopterygii,0,0.0,2,1.0986122886681098,2,2,0.0,0.0,0.0,0.0,0.0,0.0
Amsinckia,Fiddlenecks,Plantae,0,0.0,17,2.8903717578961645,9,15,0.0,0.0,0.0,0.0,0.0,0.0
Amsinckia menziesii,Common Fiddleneck,Plantae,0,0.0,25,3.258096538021482,18,22,0.0,0.0,0.0,0.0,0.0,0.0
Amsinckia menziesii intermedia,Rancher's fiddleneck,Plantae,0,0.0,6,1.9459101490553132,3,5,0.0,0.0,0.0,0.0,0.0,0.0
Amsinckia tessellata,Bristly Fiddleneck,Plantae,0,0.0,1,0.6931471805599453,1,1,0.0,0.0,0.0,0.0,0.0,0.0
Amydria,Unknown,Insecta,0,0.0,2,1.0986122886681098,2,2,0.0,0.0,0.0,0.0,0.0,0.0
Amydria effrenatella,Brown-blotched Amydria Moth,Insecta,0,0.0,2,1.0986122886681098,2,1,0.0,0.0,0.0,0.0,0.0,0.0
Amydria obliquella,Unknown,Insecta,0,0.0,1,0.6931471805599453,1,1,0.0,0.0,0.0,0.0,0.0,0.0
Anarhynchus,Sand Plovers and Allies,Aves,0,0.0,1,0.6931471805599453,1,1,0.0,0.0,0.0,0.0,0.0,0.0
Anarhynchus montanus,Mountain Plover,Aves,0,0.0,1,0.6931471805599453,1,1,0.0,0.0,0.0,0.0,0.0,0.0
Anarhynchus nivosus,Snowy Plover,Aves,0,0.0,380,5.942799375126701,106,250,0.0,0.0,0.0,0.0,0.0,0.0
Anarhynchus wilsonia,Wilson's Plover,Aves,0,0.0,1,0.6931471805599453,1,1,0.0,0.0,0.0,0.0,0.0,0.0
Anarta,Unknown,Insecta,0,0.0,1,0.6931471805599453,1,1,0.0,0.0,0.0,0.0,0.0,0.0
Anas,"Mallards, Pintails, and Allies",Aves,0,0.0,1,0.6931471805599453,1,1,0.0,0.0,0.0,0.0,0.0,0.0
Anas acuta,Northern Pintail,Aves,1,7.0,120,4.795790545596741,41,96,0.0,0.0,0.0,0.0,0.0,0.0
Anas crecca,Green-winged Teal,Aves,0,0.0,104,4.653960350157523,42,74,0.0,0.0,0.0,0.0,0.0,0.0
Anas crecca carolinensis,American Green-winged Teal,Aves,0,0.0,9,2.302585092994046,7,9,0.0,0.0,0.0,0.0,0.0,0.0
Anas platyrhynchos,Mallard,Aves,1,9.0,278,5.631211781821365,84,219,0.0,0.0,0.0,0.0,0.0,0.0
Anas platyrhynchos domesticus,Domestic Mallard,Aves,0,0.0,4,1.6094379124341003,4,4,0.0,0.0,0.0,0.0,0.0,0.0
Anas platyrhynchos platyrhynchos,Holarctic Mallard,Aves,0,0.0,1,0.6931471805599453,1,1,0.0,0.0,0.0,0.0,0.0,0.0
Anas platyrhynchos × cairina moschata,Mallard × Muscovy Duck,Aves,0,0.0,17,2.8903717578961645,15,17,0.0,0.0,0.0,0.0,0.0,0.0
Anastoechus,Unknown,Insecta,0,0.0,2,1.0986122886681098,2,2,0.0,0.0,0.0,0.0,0.0,0.0
Anastrepha ludens,Mexican Fruit Fly,Insecta,0,0.0,1,0.6931471805599453,1,1,0.0,0.0,0.0,0.0,0.0,0.0
Anatidae,"Ducks, Geese, and Swans",Aves,1,5.0,16,2.833213344056216,13,15,0.0,0.0,0.0,0.0,0.0,0.0
Anax,Emperors and Green Darners,Insecta,0,0.0,1,0.6931471805599453,1,1,0.0,0.0,0.0,0.0,0.0,0.0
Anax junius,Common Green Darner,Insecta,0,0.0,13,2.6390573296152584,11,12,0.0,0.0,0.0,0.0,0.0,0.0
Ancistrocerus,Unknown,Insecta,0,0.0,1,0.6931471805599453,1,1,0.0,0.0,0.0,0.0,0.0,0.0
Ancistrocerus tuberculocephalus,Unknown,Insecta,0,0.0,2,1.0986122886681098,2,2,0.0,0.0,0.0,0.0,0.0,0.0
Andrena,Mining Bees,Insecta,0,0.0,8,2.1972245773362196,6,6,0.0,0.0,0.0,0.0,0.0,0.0
Andricus,Unknown,Insecta,0,0.0,1,0.6931471805599453,1,1,0.0,0.0,0.0,0.0,0.0,0.0
Anemopsis californica,Yerba Mansa,Plantae,0,0.0,20,3.044522437723423,16,19,0.0,0.0,0.0,0.0,0.0,0.0
Angiospermae,Flowering Plants,Plantae,1,5.0,28,3.367295829986474,20,16,0.0,0.0,0.0,0.0,0.0,0.0
Animalia,Animals,Animalia,1,4.0,10,2.3978952727983707,9,10,0.0,0.0,0.0,0.0,0.0,0.0
Anisolabis maritima,Maritime Earwig,Insecta,0,0.0,1,0.6931471805599453,1,1,0.0,0.0,0.0,0.0,0.0,0.0
Anisoptera,Dragonflies,Insecta,0,0.0,3,1.3862943611198906,3,3,0.0,0.0,0.0,0.0,0.0,0.0
Annelida,Segmented Worms,Animalia,1,1.0,1,0.6931471805599453,1,1,0.0,0.0,0.0,0.0,0.0,0.0
Anniella stebbinsi,San Diegan Legless Lizard,Reptilia,0,0.0,20,3.044522437723423,15,20,0.0,0.0,0.0,0.0,0.0,0.0
Anomalon,Unknown,Insecta,0,0.0,2,1.0986122886681098,2,2,0.0,0.0,0.0,0.0,0.0,0.0
Anomaloninae,Unknown,Insecta,0,0.0,1,0.6931471805599453,1,1,0.0,0.0,0.0,0.0,0.0,0.0
Anomia peruviana,Pearly Jingle,Mollusca,0,0.0,19,2.995732273553991,8,16,0.0,0.0,0.0,0.0,0.0,0.0
Anomiidae,Jingle Shells,Mollusca,0,0.0,4,1.6094379124341003,2,4,0.0,0.0,0.0,0.0,0.0,0.0
Anopina,Unknown,Insecta,0,0.0,2,1.0986122886681098,1,1,0.0,0.0,0.0,0.0,0.0,0.0
Anopina triangulana,Unknown,Insecta,0,0.0,2,1.0986122886681098,2,1,0.0,0.0,0.0,0.0,0.0,0.0
Anser albifrons,Greater White-fronted Goose,Aves,1,1.0,4,1.6094379124341003,4,4,0.0,0.0,0.0,0.0,0.0,0.0
Anser caerulescens,Snow Goose,Aves,1,1.0,1,0.6931471805599453,1,1,0.0,0.0,0.0,0.0,0.0,0.0
Anseriformes,Waterfowl,Aves,1,1.0,2,1.0986122886681098,2,2,0.0,0.0,0.0,0.0,0.0,0.0
Anstenoptilia marmarodactyla,Sage Plume Moth,Insecta,0,0.0,1,0.6931471805599453,1,1,0.0,0.0,0.0,0.0,0.0,0.0
Antalis pretiosa,Unknown,Mollusca,0,0.0,2,1.0986122886681098,1,1,0.0,0.0,0.0,0.0,0.0,0.0
Anthemideae,"Chamomiles, yarrows, and allies",Plantae,0,0.0,2,1.0986122886681098,2,2,0.0,0.0,0.0,0.0,0.0,0.0
Anthidium,Unknown,Insecta,0,0.0,1,0.6931471805599453,1,1,0.0,0.0,0.0,0.0,0.0,0.0
Anthidium maculosum,Spotted Woolcarder,Insecta,0,0.0,1,0.6931471805599453,1,1,0.0,0.0,0.0,0.0,0.0,0.0
Anthocharis,Orangetips,Insecta,0,0.0,1,0.6931471805599453,1,1,0.0,0.0,0.0,0.0,0.0,0.0
Anthocharis sara,Sara Orangetip,Insecta,0,0.0,10,2.3978952727983707,8,10,0.0,0.0,0.0,0.0,0.0,0.0
Anthomyiidae,Root-maggot Flies,Insecta,1,1.0,4,1.6094379124341003,3,4,0.0,0.0,0.0,0.0,0.0,0.0
Anthophila,Bees,Insecta,0,0.0,9,2.302585092994046,6,7,0.0,0.0,0.0,0.0,0.0,0.0
Anthophora,Common Digger Bees,Insecta,0,0.0,10,2.3978952727983707,8,8,0.0,0.0,0.0,0.0,0.0,0.0
Anthophora californica,California Digger Bee,Insecta,0,0.0,7,2.0794415416798357,6,7,0.0,0.0,0.0,0.0,0.0,0.0
Anthophorini,Digger Bees,Insecta,0,0.0,7,2.0794415416798357,5,7,0.0,0.0,0.0,0.0,0.0,0.0
Anthrenus lepidus,Unknown,Insecta,0,0.0,1,0.6931471805599453,1,1,0.0,0.0,0.0,0.0,0.0,0.0
Anthrenus scrophulariae,Anthrenus scrophulariae species group,Insecta,0,0.0,1,0.6931471805599453,1,1,0.0,0.0,0.0,0.0,0.0,0.0
Anthrenus verbasci,Varied Carpet Beetle,Insecta,0,0.0,1,0.6931471805599453,1,1,0.0,0.0,0.0,0.0,0.0,0.0
Anthus rubescens,American Pipit,Aves,1,3.0,43,3.784189633918261,19,33,0.0,0.0,0.0,0.0,0.0,0.0
Anyphaena,Unknown,Arachnida,0,0.0,1,0.6931471805599453,1,1,0.0,0.0,0.0,0.0,0.0,0.0
Anystis,Whirligig Mites,Arachnida,0,0.0,3,1.3862943611198906,3,3,0.0,0.0,0.0,0.0,0.0,0.0
Apantesis,Unknown,Insecta,1,1.0,2,1.0986122886681098,2,2,0.0,0.0,0.0,0.0,0.0,0.0
Apantesis proxima,Mexican Tiger Moth,Insecta,1,1.0,9,2.302585092994046,8,8,0.0,0.0,0.0,0.0,0.0,0.0
Apantesis ursina,Unknown,Insecta,0,0.0,8,2.1972245773362196,8,7,0.0,0.0,0.0,0.0,0.0,0.0
Aphelocoma californica,California Scrub-Jay,Aves,0,0.0,28,3.367295829986474,15,24,0.0,0.0,0.0,0.0,0.0,0.0
Aphelocoma californica obscura,Belding's Scrub-Jay,Aves,0,0.0,3,1.3862943611198906,3,3,0.0,0.0,0.0,0.0,0.0,0.0
Aphididae,Aphids,Insecta,1,1.0,7,2.0794415416798357,5,6,0.0,0.0,0.0,0.0,0.0,0.0
Aphidinae,Unknown,Insecta,1,1.0,2,1.0986122886681098,1,1,0.0,0.0,0.0,0.0,0.0,0.0
Aphis,Unknown,Insecta,0,0.0,1,0.6931471805599453,1,1,0.0,0.0,0.0,0.0,0.0,0.0
Aphis sambuci,Elder Aphid,Insecta,0,0.0,1,0.6931471805599453,1,1,0.0,0.0,0.0,0.0,0.0,0.0
Aphodiinae,Small Dung Beetles,Insecta,0,0.0,1,0.6931471805599453,1,1,0.0,0.0,0.0,0.0,0.0,0.0
Aphrophoridae,True Spittlebugs,Insecta,1,1.0,6,1.9459101490553132,4,6,0.0,0.0,0.0,0.0,0.0,0.0
Apiastrum angustifolium,mock parsley,Plantae,0,0.0,1,0.6931471805599453,1,1,0.0,0.0,0.0,0.0,0.0,0.0
Apidae,"Honey Bees, Bumble Bees, and Allies",Insecta,0,0.0,1,0.6931471805599453,1,1,0.0,0.0,0.0,0.0,0.0,0.0
Apinae,Apine Bees,Insecta,0,0.0,6,1.9459101490553132,5,5,0.0,0.0,0.0,0.0,0.0,0.0
Apiocera,Flower-loving Flies,Insecta,0,0.0,1,0.6931471805599453,1,1,0.0,0.0,0.0,0.0,0.0,0.0
Apioideae,Unknown,Plantae,0,0.0,1,0.6931471805599453,1,1,0.0,0.0,0.0,0.0,0.0,0.0
Apiomerus,Bee Assassins,Insecta,0,0.0,1,0.6931471805599453,1,1,0.0,0.0,0.0,0.0,0.0,0.0
Apiomerus californicus,California Bee Assassin,Insecta,0,0.0,13,2.6390573296152584,12,12,0.0,0.0,0.0,0.0,0.0,0.0
Apis mellifera,Western Honey Bee,Insecta,1,15.0,165,5.111987788356544,86,125,0.0,0.0,0.0,0.0,0.0,0.0
Apium graveolens,Celery,Plantae,0,0.0,2,1.0986122886681098,2,2,0.0,0.0,0.0,0.0,0.0,0.0
Aplidium,Sea Pork,Animalia,0,0.0,1,0.6931471805599453,1,1,0.0,0.0,0.0,0.0,0.0,0.0
Aplidium californicum,Pacific Sea Pork,Animalia,0,0.0,3,1.3862943611198906,3,3,0.0,0.0,0.0,0.0,0.0,0.0
Aplysia,Unknown,Mollusca,1,3.0,4,1.6094379124341003,3,3,0.0,0.0,0.0,0.0,0.0,0.0
Aplysia californica,California Seahare,Mollusca,1,1.0,16,2.833213344056216,12,13,0.0,0.0,0.0,0.0,0.0,0.0
Aplysia vaccaria,Black Seahare,Mollusca,0,0.0,4,1.6094379124341003,4,4,0.0,0.0,0.0,0.0,0.0,0.0
Aplysiidae,Seahares,Mollusca,0,0.0,1,0.6931471805599453,1,1,0.0,0.0,0.0,0.0,0.0,0.0
Apocrita,"Narrow-waisted Wasps, Ants, and Bees",Insecta,0,0.0,1,0.6931471805599453,1,1,0.0,0.0,0.0,0.0,0.0,0.0
Apodemia,Unknown,Insecta,0,0.0,1,0.6931471805599453,1,1,0.0,0.0,0.0,0.0,0.0,0.0
Apodemia virgulti,Behr's Metalmark,Insecta,0,0.0,43,3.784189633918261,25,38,0.0,0.0,0.0,0.0,0.0,0.0
Apodidae,Swifts,Aves,0,0.0,1,0.6931471805599453,1,1,0.0,0.0,0.0,0.0,0.0,0.0
Apoidea,Bees and Apoid Wasps,Insecta,0,0.0,4,1.6094379124341003,3,4,0.0,0.0,0.0,0.0,0.0,0.0
Aporini,Unknown,Insecta,0,0.0,3,1.3862943611198906,2,2,0.0,0.0,0.0,0.0,0.0,0.0
Aporus,Unknown,Insecta,0,0.0,3,1.3862943611198906,3,3,0.0,0.0,0.0,0.0,0.0,0.0
Aporus hirsutus,Unknown,Insecta,0,0.0,1,0.6931471805599453,1,1,0.0,0.0,0.0,0.0,0.0,0.0
Aporus luxus,Unknown,Insecta,0,0.0,1,0.6931471805599453,1,1,0.0,0.0,0.0,0.0,0.0,0.0
Apsena,Unknown,Insecta,0,0.0,5,1.791759469228055,4,5,0.0,0.0,0.0,0.0,0.0,0.0
Apsena pubescens,Unknown,Insecta,0,0.0,18,2.9444389791664403,8,17,0.0,0.0,0.0,0.0,0.0,0.0
Aptostichus simus,Southern Coastal Dune Trapdoor Spider,Arachnida,0,0.0,2,1.0986122886681098,2,2,0.0,0.0,0.0,0.0,0.0,0.0
Aquila chrysaetos,Golden Eagle,Aves,0,0.0,1,0.6931471805599453,1,1,0.0,0.0,0.0,0.0,0.0,0.0
Arachnida,Arachnids,Arachnida,0,0.0,2,1.0986122886681098,2,2,0.0,0.0,0.0,0.0,0.0,0.0
Arachnis picta,Painted Tiger Moth,Insecta,0,0.0,4,1.6094379124341003,4,4,0.0,0.0,0.0,0.0,0.0,0.0
Araneae,Spiders,Arachnida,0,0.0,18,2.9444389791664403,16,17,0.0,0.0,0.0,0.0,0.0,0.0
Araneidae,Orbweavers,Arachnida,1,1.0,9,2.302585092994046,8,9,0.0,0.0,0.0,0.0,0.0,0.0
Araneinae,Typical Orbweavers,Arachnida,0,0.0,7,2.0794415416798357,7,7,0.0,0.0,0.0,0.0,0.0,0.0
Araneomorphae,Typical Spiders,Arachnida,0,0.0,5,1.791759469228055,5,5,0.0,0.0,0.0,0.0,0.0,0.0
Araneus,Angulate and Roundshouldered Orbweavers,Arachnida,0,0.0,1,0.6931471805599453,1,1,0.0,0.0,0.0,0.0,0.0,0.0
Araneus gemma,Gem-shaped Orbweaver,Arachnida,0,0.0,2,1.0986122886681098,2,2,0.0,0.0,0.0,0.0,0.0,0.0
Araujia sericifera,Moth Vine,Plantae,0,0.0,4,1.6094379124341003,4,4,0.0,0.0,0.0,0.0,0.0,0.0
Archaeognatha,Bristletails,Insecta,0,0.0,1,0.6931471805599453,1,1,0.0,0.0,0.0,0.0,0.0,0.0
Archilochus alexandri,Black-chinned Hummingbird,Aves,0,0.0,7,2.0794415416798357,6,7,0.0,0.0,0.0,0.0,0.0,0.0
Archipini,Unknown,Insecta,0,0.0,1,0.6931471805599453,1,1,0.0,0.0,0.0,0.0,0.0,0.0
Archirhoe,Unknown,Insecta,0,0.0,1,0.6931471805599453,1,1,0.0,0.0,0.0,0.0,0.0,0.0
Archirhoe neomexicana,New Mexico Carpet Moth,Insecta,0,0.0,4,1.6094379124341003,4,4,0.0,0.0,0.0,0.0,0.0,0.0
Archytas,Unknown,Insecta,0,0.0,2,1.0986122886681098,1,2,0.0,0.0,0.0,0.0,0.0,0.0
Arctiina,Unknown,Insecta,0,0.0,1,0.6931471805599453,1,1,0.0,0.0,0.0,0.0,0.0,0.0
Arctiini,Tiger Moths,Insecta,0,0.0,7,2.0794415416798357,7,7,0.0,0.0,0.0,0.0,0.0,0.0
Arcuatula senhousia,Asian Date Mussel,Mollusca,1,12.0,1,0.6931471805599453,1,1,0.0,0.0,0.0,0.0,0.0,0.0
Ardea,Great Herons and Egrets,Aves,0,0.0,2,1.0986122886681098,2,2,0.0,0.0,0.0,0.0,0.0,0.0
Ardea alba,Great Egret,Aves,1,39.0,336,5.820082930352362,119,256,0.0,0.0,0.0,0.0,0.0,0.0
Ardea alba egretta,American Great Egret,Aves,0,0.0,1,0.6931471805599453,1,1,0.0,0.0,0.0,0.0,0.0,0.0
Ardea herodias,Great Blue Heron,Aves,1,34.0,189,5.247024072160486,71,159,0.0,0.0,0.0,0.0,0.0,0.0
Ardea ibis,Western Cattle-Egret,Aves,0,0.0,34,3.5553480614894135,26,31,0.0,0.0,0.0,0.0,0.0,0.0
Ardeidae,"Herons, Egrets, and Bitterns",Aves,1,1.0,7,2.0794415416798357,6,7,0.0,0.0,0.0,0.0,0.0,0.0
Ardeinae,Typical Herons and Egrets,Aves,1,1.0,3,1.3862943611198906,3,3,0.0,0.0,0.0,0.0,0.0,0.0
Ardenna grisea,Sooty Shearwater,Aves,0,0.0,3,1.3862943611198906,3,3,0.0,0.0,0.0,0.0,0.0,0.0
Arecales,"palms, bullanocks, and allies",Plantae,0,0.0,1,0.6931471805599453,1,1,0.0,0.0,0.0,0.0,0.0,0.0
Arenaria interpres,Ruddy Turnstone,Aves,0,0.0,17,2.8903717578961645,11,16,0.0,0.0,0.0,0.0,0.0,0.0
Arenaria melanocephala,Black Turnstone,Aves,1,1.0,4,1.6094379124341003,4,4,0.0,0.0,0.0,0.0,0.0,0.0
Argiope,Garden Orbweavers,Arachnida,0,0.0,4,1.6094379124341003,4,4,0.0,0.0,0.0,0.0,0.0,0.0
Argiope argentata,Silver Garden Orbweaver,Arachnida,1,2.0,153,5.0369526024136295,90,122,0.0,0.0,0.0,0.0,0.0,0.0
Argiope aurantia,Yellow Garden Spider,Arachnida,0,0.0,1,0.6931471805599453,1,1,0.0,0.0,0.0,0.0,0.0,0.0
Argiope trifasciata,Banded Garden Spider,Arachnida,1,1.0,13,2.6390573296152584,12,12,0.0,0.0,0.0,0.0,0.0,0.0
Argopecten ventricosus,Pacific Calico Scallop,Mollusca,1,4.0,110,4.709530201312334,35,79,0.0,0.0,0.0,0.0,0.0,0.0
Argyrodes elevatus,American Dewdrop Spider,Arachnida,0,0.0,2,1.0986122886681098,2,2,0.0,0.0,0.0,0.0,0.0,0.0
Argyrotaenia franciscana,Orange Tortrix Moth,Insecta,1,1.0,1,0.6931471805599453,1,1,0.0,0.0,0.0,0.0,0.0,0.0
Aristida adscensionis,sixweeks three-awn,Plantae,0,0.0,2,1.0986122886681098,2,2,0.0,0.0,0.0,0.0,0.0,0.0
Aristida purpurea,Purple Threeawn,Plantae,0,0.0,1,0.6931471805599453,1,1,0.0,0.0,0.0,0.0,0.0,0.0
Aristotelia calens,Unknown,Insecta,0,0.0,1,0.6931471805599453,1,1,0.0,0.0,0.0,0.0,0.0,0.0
Aristotelia fungivorella,Unknown,Insecta,0,0.0,1,0.6931471805599453,1,1,0.0,0.0,0.0,0.0,0.0,0.0
Aristotelia planitia,Unknown,Insecta,0,0.0,2,1.0986122886681098,2,1,0.0,0.0,0.0,0.0,0.0,0.0
Aristotelia roseosuffusella,Pink-washed Aristotelia Moth,Insecta,0,0.0,3,1.3862943611198906,2,2,0.0,0.0,0.0,0.0,0.0,0.0
Armadillidium vulgare,Common Pill Woodlouse,Animalia,0,0.0,6,1.9459101490553132,6,6,0.0,0.0,0.0,0.0,0.0,0.0
Armillaria mellea,Honey Mushroom,Fungi,0,0.0,1,0.6931471805599453,1,1,0.0,0.0,0.0,0.0,0.0,0.0
Artemisia,wormwoods and sagebrushes,Plantae,0,0.0,4,1.6094379124341003,4,4,0.0,0.0,0.0,0.0,0.0,0.0
Artemisia californica,California sagebrush,Plantae,1,8.0,116,4.762173934797756,77,80,0.0,0.0,0.0,0.0,0.0,0.0
Artemisia douglasiana,California mugwort,Plantae,0,0.0,11,2.4849066497880004,10,10,0.0,0.0,0.0,0.0,0.0,0.0
Artemisia dracunculus,Tarragon,Plantae,0,0.0,8,2.1972245773362196,6,7,0.0,0.0,0.0,0.0,0.0,0.0
Artemisia palmeri,San Diego Sagewort,Plantae,0,0.0,13,2.6390573296152584,12,13,0.0,0.0,0.0,0.0,0.0,0.0
Arthroceras,Unknown,Plantae,0,0.0,16,2.833213344056216,14,12,0.0,0.0,0.0,0.0,0.0,0.0
Arthroceras subterminale,Parish's glasswort,Plantae,1,18.0,130,4.875197323201151,79,103,0.0,0.0,0.0,0.0,0.0,0.0
Arthropoda,Arthropods,Animalia,1,1.0,10,2.3978952727983707,10,10,0.0,0.0,0.0,0.0,0.0,0.0
Arundinoideae,"Reeds, Giant Canes, and allies",Plantae,0,0.0,1,0.6931471805599453,1,1,0.0,0.0,0.0,0.0,0.0,0.0
Arundo donax,giant reed,Plantae,0,0.0,22,3.1354942159291497,15,18,0.0,0.0,0.0,0.0,0.0,0.0
Ascalapha odorata,Black Witch,Insecta,0,0.0,2,1.0986122886681098,1,2,0.0,0.0,0.0,0.0,0.0,0.0
Ascomycota,Ascomycete Fungi,Fungi,0,0.0,3,1.3862943611198906,2,3,0.0,0.0,0.0,0.0,0.0,0.0
Ashmeadiella,Unknown,Insecta,0,0.0,1,0.6931471805599453,1,1,0.0,0.0,0.0,0.0,0.0,0.0
Asidini,Unknown,Insecta,0,0.0,1,0.6931471805599453,1,1,0.0,0.0,0.0,0.0,0.0,0.0
Asilinae,Unknown,Insecta,0,0.0,11,2.4849066497880004,9,11,0.0,0.0,0.0,0.0,0.0,0.0
Asio flammeus,Short-eared Owl,Aves,1,5.0,5,1.791759469228055,5,4,0.0,0.0,0.0,0.0,0.0,0.0
Asparagaceae,agave and allies,Plantae,0,0.0,2,1.0986122886681098,2,2,0.0,0.0,0.0,0.0,0.0,0.0
Asparagales,"Agaves, Orchids, Irises, and Allies",Plantae,0,0.0,1,0.6931471805599453,1,1,0.0,0.0,0.0,0.0,0.0,0.0
Asparagus asparagoides,Cape Smilax,Plantae,0,0.0,32,3.4965075614664802,21,31,0.0,0.0,0.0,0.0,0.0,0.0
Asparagus setaceus,Common Asparagus Fern,Plantae,0,0.0,21,3.091042453358316,16,21,0.0,0.0,0.0,0.0,0.0,0.0
Asphondylia,Unknown,Insecta,0,0.0,4,1.6094379124341003,2,3,0.0,0.0,0.0,0.0,0.0,0.0
Asphondylia atriplicis,Tumor Stem Gall Midge,Insecta,0,0.0,21,3.091042453358316,14,16,0.0,0.0,0.0,0.0,0.0,0.0
Asphondylia caudicis,Unknown,Insecta,0,0.0,2,1.0986122886681098,1,1,0.0,0.0,0.0,0.0,0.0,0.0
Asphondylia photiniae,Toyon Fruit Gall Midge,Insecta,0,0.0,1,0.6931471805599453,1,1,0.0,0.0,0.0,0.0,0.0,0.0
Aspicilia,Sunken Disk Lichens,Fungi,0,0.0,1,0.6931471805599453,1,1,0.0,0.0,0.0,0.0,0.0,0.0
Aspidoscelis hyperythrus,Orange-throated Whiptail,Reptilia,0,0.0,3,1.3862943611198906,3,3,0.0,0.0,0.0,0.0,0.0,0.0
Aspidoscelis hyperythrus beldingi,Belding’s Orange-throated Whiptail,Reptilia,0,0.0,4,1.6094379124341003,3,3,0.0,0.0,0.0,0.0,0.0,0.0
Astata,Unknown,Insecta,0,0.0,1,0.6931471805599453,1,1,0.0,0.0,0.0,0.0,0.0,0.0
Asteraceae,"Sunflowers, Daisies, Asters, and Allies",Plantae,1,2.0,19,2.995732273553991,16,15,0.0,0.0,0.0,0.0,0.0,0.0
Asterales,"Sunflowers, Bellflowers, Fanflowers, and Allies",Plantae,0,0.0,2,1.0986122886681098,2,2,0.0,0.0,0.0,0.0,0.0,0.0
Astereae,asters and allies,Plantae,0,0.0,13,2.6390573296152584,8,8,0.0,0.0,0.0,0.0,0.0,0.0
Asteroideae,Unknown,Plantae,1,2.0,20,3.044522437723423,13,14,0.0,0.0,0.0,0.0,0.0,0.0
Astragalus,milkvetches,Plantae,0,0.0,7,2.0794415416798357,6,7,0.0,0.0,0.0,0.0,0.0,0.0
Astragalus didymocarpus,two-seeded milkvetch,Plantae,0,0.0,2,1.0986122886681098,2,1,0.0,0.0,0.0,0.0,0.0,0.0
Astragalus trichopodus,Santa Barbara Milkvetch,Plantae,0,0.0,65,4.189654742026425,50,54,0.0,0.0,0.0,0.0,0.0,0.0
Astragalus trichopodus lonchus,Southern California Milkvetch,Plantae,0,0.0,75,4.330733340286331,34,59,0.0,0.0,0.0,0.0,0.0,0.0
Astrangia haimei,Aggregating Cup Coral,Animalia,0,0.0,1,0.6931471805599453,1,1,0.0,0.0,0.0,0.0,0.0,0.0
Astur cooperii,Cooper's Hawk,Aves,1,4.0,61,4.127134385045092,36,60,0.0,0.0,0.0,0.0,0.0,0.0
Athene cunicularia,Burrowing Owl,Aves,0,0.0,9,2.302585092994046,7,8,0.0,0.0,0.0,0.0,0.0,0.0
Atherinops affinis,Topsmelt Silverside,Actinopterygii,1,8.0,10,2.3978952727983707,10,10,0.0,0.0,0.0,0.0,0.0,0.0
Atherinopsidae,Neotropical Silversides,Actinopterygii,1,1.0,2,1.0986122886681098,1,2,0.0,0.0,0.0,0.0,0.0,0.0
Atherinopsinae,Unknown,Actinopterygii,1,1.0,2,1.0986122886681098,2,2,0.0,0.0,0.0,0.0,0.0,0.0
Atherinopsis californiensis,Jack Silverside,Actinopterygii,0,0.0,2,1.0986122886681098,2,2,0.0,0.0,0.0,0.0,0.0,0.0
Atomoscelis onusta,Unknown,Insecta,0,0.0,1,0.6931471805599453,1,1,0.0,0.0,0.0,0.0,0.0,0.0
Atopetholidae,Unknown,Animalia,0,0.0,7,2.0794415416798357,7,7,0.0,0.0,0.0,0.0,0.0,0.0
Atriplex,Saltbushes,Plantae,1,6.0,54,4.007333185232471,41,48,0.0,0.0,0.0,0.0,0.0,0.0
Atriplex canescens,Fourwing Saltbush,Plantae,0,0.0,93,4.543294782270004,53,78,0.0,0.0,0.0,0.0,0.0,0.0
Atriplex lentiformis,big saltbush,Plantae,1,20.0,171,5.147494476813453,108,137,0.0,0.0,0.0,0.0,0.0,0.0
Atriplex leucophylla,beach saltbush,Plantae,1,2.0,26,3.295836866004329,14,25,0.0,0.0,0.0,0.0,0.0,0.0
Atriplex lindleyi,Lindley's Saltbush,Plantae,0,0.0,7,2.0794415416798357,6,7,0.0,0.0,0.0,0.0,0.0,0.0
Atriplex pacifica,south coast saltscale,Plantae,0,0.0,4,1.6094379124341003,3,4,0.0,0.0,0.0,0.0,0.0,0.0
Atriplex polycarpa,Cattle Saltbush,Plantae,0,0.0,2,1.0986122886681098,2,2,0.0,0.0,0.0,0.0,0.0,0.0
Atriplex prostrata,Creeping Saltbush,Plantae,1,8.0,37,3.6375861597263857,23,35,0.0,0.0,0.0,0.0,0.0,0.0
Atriplex semibaccata,berry saltbush,Plantae,0,0.0,59,4.0943445622221,31,53,0.0,0.0,0.0,0.0,0.0,0.0
Atriplex serenana,bractscale,Plantae,0,0.0,1,0.6931471805599453,1,1,0.0,0.0,0.0,0.0,0.0,0.0
Atriplex suberecta,sprawling saltbush,Plantae,0,0.0,9,2.302585092994046,7,9,0.0,0.0,0.0,0.0,0.0,0.0
Atriplex watsonii,Watson's Saltbush,Plantae,1,12.0,66,4.204692619390966,30,55,0.0,0.0,0.0,0.0,0.0,0.0
Atripliceae,Unknown,Plantae,0,0.0,1,0.6931471805599453,1,1,0.0,0.0,0.0,0.0,0.0,0.0
Auchenorrhyncha,True Hoppers,Insecta,0,0.0,1,0.6931471805599453,1,1,0.0,0.0,0.0,0.0,0.0,0.0
Audibertia,Unknown,Plantae,0,0.0,2,1.0986122886681098,2,2,0.0,0.0,0.0,0.0,0.0,0.0
Augochlorella pomoniella,Peridot Sweat Bee,Insecta,0,0.0,1,0.6931471805599453,1,1,0.0,0.0,0.0,0.0,0.0,0.0
Aurelia labiata,Greater Moon Jelly,Animalia,0,0.0,1,0.6931471805599453,1,1,0.0,0.0,0.0,0.0,0.0,0.0
Auriparus flaviceps,Verdin,Aves,0,0.0,1,0.6931471805599453,1,1,0.0,0.0,0.0,0.0,0.0,0.0
Autobranchia,Unknown,Mollusca,0,0.0,3,1.3862943611198906,3,3,0.0,0.0,0.0,0.0,0.0,0.0
Autographa californica,Alfalfa Looper,Insecta,0,0.0,12,2.5649493574615367,9,9,0.0,0.0,0.0,0.0,0.0,0.0
Avena,Oats,Plantae,0,0.0,6,1.9459101490553132,6,5,0.0,0.0,0.0,0.0,0.0,0.0
Avena barbata,slender wild oat,Plantae,0,0.0,10,2.3978952727983707,5,10,0.0,0.0,0.0,0.0,0.0,0.0
Avena fatua,wild oat,Plantae,1,1.0,11,2.4849066497880004,8,11,0.0,0.0,0.0,0.0,0.0,0.0
Aves,Birds,Aves,1,10.0,68,4.23410650459726,34,49,0.0,0.0,0.0,0.0,0.0,0.0
Avicennia germinans,black mangrove,Plantae,0,0.0,1,0.6931471805599453,1,1,0.0,0.0,0.0,0.0,0.0,0.0
Avicennia marina,Grey Mangrove,Plantae,0,0.0,1,0.6931471805599453,1,1,0.0,0.0,0.0,0.0,0.0,0.0
Avicularioidea,Unknown,Arachnida,0,0.0,1,0.6931471805599453,1,1,0.0,0.0,0.0,0.0,0.0,0.0
Aythya,"Scaups, Pochards, and Allies",Aves,1,2.0,18,2.9444389791664403,7,15,0.0,0.0,0.0,0.0,0.0,0.0
Aythya affinis,Lesser Scaup,Aves,0,0.0,51,3.9512437185814275,24,46,0.0,0.0,0.0,0.0,0.0,0.0
Aythya americana,Redhead,Aves,1,4.0,2,1.0986122886681098,2,2,0.0,0.0,0.0,0.0,0.0,0.0
Aythya collaris,Ring-necked Duck,Aves,0,0.0,3,1.3862943611198906,3,3,0.0,0.0,0.0,0.0,0.0,0.0
Aythya marila,Greater Scaup,Aves,1,1.0,13,2.6390573296152584,9,12,0.0,0.0,0.0,0.0,0.0,0.0
Aythya valisineria,Canvasback,Aves,0,0.0,1,0.6931471805599453,1,1,0.0,0.0,0.0,0.0,0.0,0.0
Azolla filiculoides,water fern,Plantae,0,0.0,1,0.6931471805599453,1,1,0.0,0.0,0.0,0.0,0.0,0.0
Baccharis,Unknown,Plantae,1,4.0,23,3.1780538303479458,20,19,0.0,0.0,0.0,0.0,0.0,0.0
Baccharis pilularis,coyote brush,Plantae,1,20.0,56,4.04305126783455,40,44,0.0,0.0,0.0,0.0,0.0,0.0
Baccharis pilularis consanguinea,Chaparral Coyote Brush,Plantae,0,0.0,2,1.0986122886681098,2,2,0.0,0.0,0.0,0.0,0.0,0.0
Baccharis salicifolia,mule fat,Plantae,0,0.0,77,4.356708826689592,55,60,0.0,0.0,0.0,0.0,0.0,0.0
Baccharis salicifolia salicifolia,Unknown,Plantae,0,0.0,24,3.2188758248682006,18,23,0.0,0.0,0.0,0.0,0.0,0.0
Baccharis salicina,willow baccharis,Plantae,0,0.0,2,1.0986122886681098,2,2,0.0,0.0,0.0,0.0,0.0,0.0
Baccharis sarothroides,Desert Broom,Plantae,1,2.0,126,4.844187086458591,93,106,0.0,0.0,0.0,0.0,0.0,0.0
Baccharis sarothroides × pilularis,Unknown,Plantae,0,0.0,1,0.6931471805599453,1,1,0.0,0.0,0.0,0.0,0.0,0.0
Baccharis sergiloides,desert baccharis,Plantae,0,0.0,3,1.3862943611198906,3,3,0.0,0.0,0.0,0.0,0.0,0.0
Bactericera lavaterae,Island Mallow Psyllid,Insecta,0,0.0,1,0.6931471805599453,1,1,0.0,0.0,0.0,0.0,0.0,0.0
Badumna longinqua,Grey House Spider,Arachnida,0,0.0,1,0.6931471805599453,1,1,0.0,0.0,0.0,0.0,0.0,0.0
Bagrada hilaris,Bagrada Bug,Insecta,0,0.0,3,1.3862943611198906,2,2,0.0,0.0,0.0,0.0,0.0,0.0
Bahiopsis laciniata,Tornleaf Goldeneye,Plantae,0,0.0,93,4.543294782270004,72,79,0.0,0.0,0.0,0.0,0.0,0.0
Balanidae,Unknown,Animalia,1,3.0,4,1.6094379124341003,3,3,0.0,0.0,0.0,0.0,0.0,0.0
Balanomorpha,Symmetrical Sessile Barnacles,Animalia,1,2.0,3,1.3862943611198906,3,3,0.0,0.0,0.0,0.0,0.0,0.0
Balanus glandula,Pacific Acorn Barnacle,Animalia,1,1.0,1,0.6931471805599453,1,1,0.0,0.0,0.0,0.0,0.0,0.0
Barce,Unknown,Insecta,0,0.0,1,0.6931471805599453,1,1,0.0,0.0,0.0,0.0,0.0,0.0
Barleeia,Barleysnails,Mollusca,0,0.0,2,1.0986122886681098,1,1,0.0,0.0,0.0,0.0,0.0,0.0
Bassia,smotherweeds,Plantae,0,0.0,1,0.6931471805599453,1,1,0.0,0.0,0.0,0.0,0.0,0.0
Bassia hyssopifolia,Fivehorn smotherweed,Plantae,0,0.0,38,3.6635616461296463,23,36,0.0,0.0,0.0,0.0,0.0,0.0
Bassia scoparia,summer-cypress,Plantae,0,0.0,1,0.6931471805599453,1,1,0.0,0.0,0.0,0.0,0.0,0.0
Batillaria attramentaria,Japanese False Cerith,Mollusca,0,0.0,19,2.995732273553991,10,18,0.0,0.0,0.0,0.0,0.0,0.0
Batillariidae,Mud-creeper Snails,Mollusca,0,0.0,1,0.6931471805599453,1,1,0.0,0.0,0.0,0.0,0.0,0.0
Batis maritima,Saltwort,Plantae,1,51.0,54,4.007333185232471,36,45,0.0,0.0,0.0,0.0,0.0,0.0
Battarrea phalloides,Sandy Stilt-puffball,Fungi,0,0.0,1,0.6931471805599453,1,1,0.0,0.0,0.0,0.0,0.0,0.0
Battus polydamas,Polydamas Swallowtail,Insecta,0,0.0,1,0.6931471805599453,1,1,0.0,0.0,0.0,0.0,0.0,0.0
Bdellidae,Snout Mites,Arachnida,0,0.0,2,1.0986122886681098,1,2,0.0,0.0,0.0,0.0,0.0,0.0
Bembidion,Unknown,Insecta,0,0.0,1,0.6931471805599453,1,1,0.0,0.0,0.0,0.0,0.0,0.0
Bembix,Unknown,Insecta,1,1.0,6,1.9459101490553132,5,6,0.0,0.0,0.0,0.0,0.0,0.0
Bembix americana,American Sand Wasp,Insecta,1,2.0,37,3.6375861597263857,24,31,0.0,0.0,0.0,0.0,0.0,0.0
Bembix americana comata,Western Sand Wasp,Insecta,0,0.0,14,2.70805020110221,12,13,0.0,0.0,0.0,0.0,0.0,0.0
Beta vulgaris,Beet,Plantae,0,0.0,4,1.6094379124341003,3,3,0.0,0.0,0.0,0.0,0.0,0.0
Bibio albipennis,White-winged March Fly,Insecta,0,0.0,1,0.6931471805599453,1,1,0.0,0.0,0.0,0.0,0.0,0.0
Bibionidae,March Flies,Insecta,0,0.0,1,0.6931471805599453,1,1,0.0,0.0,0.0,0.0,0.0,0.0
Bibionomorpha,Gnats and Allies,Insecta,0,0.0,1,0.6931471805599453,1,1,0.0,0.0,0.0,0.0,0.0,0.0
Bivalvia,Bivalves,Mollusca,1,1.0,10,2.3978952727983707,6,10,0.0,0.0,0.0,0.0,0.0,0.0
Blapstinina,Unknown,Insecta,0,0.0,1,0.6931471805599453,1,1,0.0,0.0,0.0,0.0,0.0,0.0
Blapstinus,Unknown,Insecta,0,0.0,3,1.3862943611198906,2,3,0.0,0.0,0.0,0.0,0.0,0.0
Blatta orientalis,Oriental Cockroach,Insecta,0,0.0,1,0.6931471805599453,1,1,0.0,0.0,0.0,0.0,0.0,0.0
Blepharipoda occidentalis,Spiny Mole Crab,Animalia,0,0.0,17,2.8903717578961645,9,17,0.0,0.0,0.0,0.0,0.0,0.0
Blitum californicum,California Goosefoot,Plantae,0,0.0,4,1.6094379124341003,4,2,0.0,0.0,0.0,0.0,0.0,0.0
Bloomeria crocea,goldenstar,Plantae,0,0.0,1,0.6931471805599453,1,1,0.0,0.0,0.0,0.0,0.0,0.0
Bolboschoenus maritimus,sea clubrush,Plantae,0,0.0,7,2.0794415416798357,6,6,0.0,0.0,0.0,0.0,0.0,0.0
Boletales,boletes and allies,Fungi,0,0.0,1,0.6931471805599453,1,1,0.0,0.0,0.0,0.0,0.0,0.0
Bombus,Bumble Bees,Insecta,0,0.0,5,1.791759469228055,5,5,0.0,0.0,0.0,0.0,0.0,0.0
Bombus californicus,California Bumble Bee,Insecta,1,1.0,41,3.7376696182833684,29,33,0.0,0.0,0.0,0.0,0.0,0.0
Bombus crotchii,Crotch's Bumble Bee,Insecta,0,0.0,4,1.6094379124341003,4,4,0.0,0.0,0.0,0.0,0.0,0.0
Bombus melanopygus,Black-tailed Bumble Bee,Insecta,0,0.0,4,1.6094379124341003,4,4,0.0,0.0,0.0,0.0,0.0,0.0
Bombus sonorus,Sonoran Bumble Bee,Insecta,1,4.0,52,3.970291913552122,39,46,0.0,0.0,0.0,0.0,0.0,0.0
Bombus vosnesenskii,Yellow-faced Bumble Bee,Insecta,1,2.0,17,2.8903717578961645,11,15,0.0,0.0,0.0,0.0,0.0,0.0
Bombyliidae,Bee Flies,Insecta,0,0.0,2,1.0986122886681098,2,2,0.0,0.0,0.0,0.0,0.0,0.0
Bombylius,Greater Bee Flies,Insecta,0,0.0,5,1.791759469228055,2,4,0.0,0.0,0.0,0.0,0.0,0.0
Bombylius major,Greater Bee Fly,Insecta,0,0.0,6,1.9459101490553132,5,5,0.0,0.0,0.0,0.0,0.0,0.0
Boraginaceae,borage family,Plantae,0,0.0,3,1.3862943611198906,3,3,0.0,0.0,0.0,0.0,0.0,0.0
Bossiella,Unknown,Plantae,0,0.0,4,1.6094379124341003,3,4,0.0,0.0,0.0,0.0,0.0,0.0
Botaurus lentiginosus,American Bittern,Aves,1,1.0,1,0.6931471805599453,1,1,0.0,0.0,0.0,0.0,0.0,0.0
Bothriochloa barbinodis,Cane Bluestem,Plantae,0,0.0,1,0.6931471805599453,1,1,0.0,0.0,0.0,0.0,0.0,0.0
Bothriocyrtum californicum,California Trapdoor Spider,Arachnida,0,0.0,1,0.6931471805599453,1,1,0.0,0.0,0.0,0.0,0.0,0.0
Botrylloides diegensis,San Diego Sea Squirt,Animalia,0,0.0,1,0.6931471805599453,1,1,0.0,0.0,0.0,0.0,0.0,0.0
Bovidae,Bovids,Mammalia,0,0.0,1,0.6931471805599453,1,1,0.0,0.0,0.0,0.0,0.0,0.0
Bovista,True Puffballs,Fungi,0,0.0,1,0.6931471805599453,1,1,0.0,0.0,0.0,0.0,0.0,0.0
Brachycera,Brachyceran Flies,Insecta,0,0.0,6,1.9459101490553132,5,6,0.0,0.0,0.0,0.0,0.0,0.0
Brachyinsara hemiptera,Least Katydid,Insecta,0,0.0,1,0.6931471805599453,1,1,0.0,0.0,0.0,0.0,0.0,0.0
Brachynemurini,Long-tailed Antlions,Insecta,0,0.0,2,1.0986122886681098,2,2,0.0,0.0,0.0,0.0,0.0,0.0
Brachypodium,False-bromes,Plantae,0,0.0,1,0.6931471805599453,1,1,0.0,0.0,0.0,0.0,0.0,0.0
Brachythecium,Unknown,Plantae,0,0.0,1,0.6931471805599453,1,1,0.0,0.0,0.0,0.0,0.0,0.0
Brachythecium albicans,Whitish Feather-moss,Plantae,0,0.0,1,0.6931471805599453,1,1,0.0,0.0,0.0,0.0,0.0,0.0
Brachyura,True Crabs,Animalia,1,1.0,1,0.6931471805599453,1,1,0.0,0.0,0.0,0.0,0.0,0.0
Braconidae,Braconid Wasps,Insecta,1,2.0,1,0.6931471805599453,1,1,0.0,0.0,0.0,0.0,0.0,0.0
Branchinectidae,Unknown,Animalia,0,0.0,1,0.6931471805599453,1,1,0.0,0.0,0.0,0.0,0.0,0.0
Branta bernicla,Brant,Aves,1,9.0,7,2.0794415416798357,6,6,0.0,0.0,0.0,0.0,0.0,0.0
Branta bernicla nigricans,Black Brant,Aves,1,1.0,2,1.0986122886681098,1,2,0.0,0.0,0.0,0.0,0.0,0.0
Branta canadensis,Canada Goose,Aves,1,2.0,1,0.6931471805599453,1,1,0.0,0.0,0.0,0.0,0.0,0.0
Branta hutchinsii,Cackling Goose,Aves,0,0.0,2,1.0986122886681098,2,2,0.0,0.0,0.0,0.0,0.0,0.0
Brassica,cabbages and mustards,Plantae,0,0.0,1,0.6931471805599453,1,1,0.0,0.0,0.0,0.0,0.0,0.0
Brassica tournefortii,Saharan Mustard,Plantae,0,0.0,6,1.9459101490553132,5,5,0.0,0.0,0.0,0.0,0.0,0.0
Brassicaceae,mustard family,Plantae,0,0.0,17,2.8903717578961645,13,11,0.0,0.0,0.0,0.0,0.0,0.0
Brassiceae,Unknown,Plantae,1,1.0,8,2.1972245773362196,7,8,0.0,0.0,0.0,0.0,0.0,0.0
Brassicodae,Unknown,Plantae,0,0.0,2,1.0986122886681098,2,2,0.0,0.0,0.0,0.0,0.0,0.0
Brassicogethes aeneus,Common Pollen Beetle,Insecta,0,0.0,1,0.6931471805599453,1,1,0.0,0.0,0.0,0.0,0.0,0.0
Brephidium exilis,Western Pygmy-Blue,Insecta,0,0.0,183,5.214935757608986,74,143,0.0,0.0,0.0,0.0,0.0,0.0
Brephidium exilis exilis,Common Western Pygmy Blue,Insecta,0,0.0,3,1.3862943611198906,3,3,0.0,0.0,0.0,0.0,0.0,0.0
Brevicoryne brassicae,Cabbage Aphid,Insecta,0,0.0,1,0.6931471805599453,1,1,0.0,0.0,0.0,0.0,0.0,0.0
Brickellia californica,California Brickellbush,Plantae,0,0.0,6,1.9459101490553132,5,5,0.0,0.0,0.0,0.0,0.0,0.0
Brochymena,Rough Stink Bugs,Insecta,0,0.0,1,0.6931471805599453,1,1,0.0,0.0,0.0,0.0,0.0,0.0
Brochymena quadripustulata,Four-humped Stink Bug,Insecta,0,0.0,1,0.6931471805599453,1,1,0.0,0.0,0.0,0.0,0.0,0.0
Bromus,bromes,Plantae,0,0.0,13,2.6390573296152584,11,13,0.0,0.0,0.0,0.0,0.0,0.0
Bromus carinatus,California brome,Plantae,0,0.0,1,0.6931471805599453,1,1,0.0,0.0,0.0,0.0,0.0,0.0
Bromus catharticus,Rescue Brome,Plantae,0,0.0,1,0.6931471805599453,1,1,0.0,0.0,0.0,0.0,0.0,0.0
Bromus diandrus,great brome,Plantae,1,1.0,32,3.4965075614664802,16,30,0.0,0.0,0.0,0.0,0.0,0.0
Bromus hordeaceus,common soft brome,Plantae,0,0.0,16,2.833213344056216,6,14,0.0,0.0,0.0,0.0,0.0,0.0
Bromus madritensis,Compact Brome,Plantae,0,0.0,9,2.302585092994046,5,9,0.0,0.0,0.0,0.0,0.0,0.0
Bromus rubens,Red Brome,Plantae,0,0.0,25,3.258096538021482,18,22,0.0,0.0,0.0,0.0,0.0,0.0
Bromus tectorum,Cheatgrass,Plantae,0,0.0,1,0.6931471805599453,1,1,0.0,0.0,0.0,0.0,0.0,0.0
Bryaceae,Unknown,Plantae,0,0.0,2,1.0986122886681098,2,2,0.0,0.0,0.0,0.0,0.0,0.0
Bryobia,Unknown,Arachnida,0,0.0,1,0.6931471805599453,1,1,0.0,0.0,0.0,0.0,0.0,0.0
Bryopsida,Joint-toothed Mosses,Plantae,0,0.0,2,1.0986122886681098,2,2,0.0,0.0,0.0,0.0,0.0,0.0
Bryopsis,Unknown,Plantae,0,0.0,2,1.0986122886681098,2,1,0.0,0.0,0.0,0.0,0.0,0.0
Bryozoa,Bryozoans,Animalia,0,0.0,11,2.4849066497880004,6,9,0.0,0.0,0.0,0.0,0.0,0.0
Bryum,Unknown,Plantae,0,0.0,3,1.3862943611198906,3,2,0.0,0.0,0.0,0.0,0.0,0.0
Bryum argenteum,Silvery Bryum,Plantae,0,0.0,1,0.6931471805599453,1,1,0.0,0.0,0.0,0.0,0.0,0.0
Bubo virginianus,Great Horned Owl,Aves,0,0.0,15,2.772588722239781,9,12,0.0,0.0,0.0,0.0,0.0,0.0
Bubo virginianus pacificus,Coastal Great Horned Owl,Aves,0,0.0,1,0.6931471805599453,1,1,0.0,0.0,0.0,0.0,0.0,0.0
Bucephala albeola,Bufflehead,Aves,1,5.0,64,4.174387269895637,29,55,0.0,0.0,0.0,0.0,0.0,0.0
Bucephala clangula,Common Goldeneye,Aves,0,0.0,10,2.3978952727983707,6,6,0.0,0.0,0.0,0.0,0.0,0.0
Bugula,Unknown,Animalia,0,0.0,1,0.6931471805599453,1,1,0.0,0.0,0.0,0.0,0.0,0.0
Bugula neritina,brown bryozoan,Animalia,0,0.0,2,1.0986122886681098,2,1,0.0,0.0,0.0,0.0,0.0,0.0
Bulla gouldiana,Cloudy Bubble Snail,Mollusca,1,21.0,43,3.784189633918261,21,33,0.0,0.0,0.0,0.0,0.0,0.0
Burnsius albezens,White Checkered-Skipper,Insecta,0,0.0,2,1.0986122886681098,2,2,0.0,0.0,0.0,0.0,0.0,0.0
Buteo,Buteos,Aves,0,0.0,1,0.6931471805599453,1,1,0.0,0.0,0.0,0.0,0.0,0.0
Buteo jamaicensis,Red-tailed Hawk,Aves,1,13.0,159,5.075173815233827,62,135,0.0,0.0,0.0,0.0,0.0,0.0
Buteo jamaicensis calurus,Western Red-tailed Hawk,Aves,0,0.0,7,2.0794415416798357,4,5,0.0,0.0,0.0,0.0,0.0,0.0
Buteo lineatus,Red-shouldered Hawk,Aves,1,2.0,12,2.5649493574615367,12,12,0.0,0.0,0.0,0.0,0.0,0.0
Buteo lineatus elegans,California Red-shouldered Hawk,Aves,0,0.0,1,0.6931471805599453,1,1,0.0,0.0,0.0,0.0,0.0,0.0
Buteo swainsoni,Swainson's Hawk,Aves,0,0.0,1,0.6931471805599453,1,1,0.0,0.0,0.0,0.0,0.0,0.0
Byssomerulius corium,Netted Crust,Fungi,0,0.0,1,0.6931471805599453,1,1,0.0,0.0,0.0,0.0,0.0,0.0
Cactaceae,cacti,Plantae,0,0.0,2,1.0986122886681098,2,2,0.0,0.0,0.0,0.0,0.0,0.0
Cactoideae,"globular cacti, moonlight cacti, torch cacti, and allies",Plantae,0,0.0,1,0.6931471805599453,1,1,0.0,0.0,0.0,0.0,0.0,0.0
Caecum crebricinctum,Many-named Caecum,Mollusca,0,0.0,2,1.0986122886681098,1,1,0.0,0.0,0.0,0.0,0.0,0.0
Caenogastropoda,Caenogastropods,Mollusca,1,2.0,1,0.6931471805599453,1,1,0.0,0.0,0.0,0.0,0.0,0.0
Caenurgia togataria,Unknown,Insecta,1,3.0,1,0.6931471805599453,1,1,0.0,0.0,0.0,0.0,0.0,0.0
Caesia fossata,Channeled Basket Snail,Mollusca,0,0.0,2,1.0986122886681098,2,2,0.0,0.0,0.0,0.0,0.0,0.0
Cafius canescens,Unknown,Insecta,0,0.0,1,0.6931471805599453,1,1,0.0,0.0,0.0,0.0,0.0,0.0
Cairina moschata domestica,Domestic Muscovy Duck,Aves,0,0.0,2,1.0986122886681098,2,1,0.0,0.0,0.0,0.0,0.0,0.0
Cakile,Searockets,Plantae,0,0.0,4,1.6094379124341003,4,4,0.0,0.0,0.0,0.0,0.0,0.0
Cakile maritima,European Searocket,Plantae,1,13.0,172,5.153291594497779,85,137,0.0,0.0,0.0,0.0,0.0,0.0
Calasterella californica,California asterella,Plantae,0,0.0,1,0.6931471805599453,1,1,0.0,0.0,0.0,0.0,0.0,0.0
Calathus ruficollis,Red-collared Harp Ground Beetle,Insecta,0,0.0,3,1.3862943611198906,3,3,0.0,0.0,0.0,0.0,0.0,0.0
Calendula officinalis,pot marigold,Plantae,0,0.0,1,0.6931471805599453,1,1,0.0,0.0,0.0,0.0,0.0,0.0
Calidris,Calidris Sandpipers,Aves,1,5.0,20,3.044522437723423,14,18,0.0,0.0,0.0,0.0,0.0,0.0
Calidris alba,Sanderling,Aves,1,1.0,225,5.420534999272286,63,150,0.0,0.0,0.0,0.0,0.0,0.0
Calidris alpina,Dunlin,Aves,1,7.0,25,3.258096538021482,17,23,0.0,0.0,0.0,0.0,0.0,0.0
Calidris bairdii,Baird's Sandpiper,Aves,0,0.0,3,1.3862943611198906,3,3,0.0,0.0,0.0,0.0,0.0,0.0
Calidris canutus,Red Knot,Aves,1,4.0,5,1.791759469228055,3,4,0.0,0.0,0.0,0.0,0.0,0.0
Calidris mauri,Western Sandpiper,Aves,1,14.0,100,4.61512051684126,52,77,0.0,0.0,0.0,0.0,0.0,0.0
Calidris melanotos,Pectoral Sandpiper,Aves,0,0.0,1,0.6931471805599453,1,1,0.0,0.0,0.0,0.0,0.0,0.0
Calidris minutilla,Least Sandpiper,Aves,1,21.0,91,4.5217885770490405,44,78,0.0,0.0,0.0,0.0,0.0,0.0
Calidris pugnax,Ruff,Aves,0,0.0,2,1.0986122886681098,2,2,0.0,0.0,0.0,0.0,0.0,0.0
Calidris subruficollis,Buff-breasted Sandpiper,Aves,0,0.0,1,0.6931471805599453,1,1,0.0,0.0,0.0,0.0,0.0,0.0
Calidris virgata,Surfbird,Aves,0,0.0,2,1.0986122886681098,2,2,0.0,0.0,0.0,0.0,0.0,0.0
Californicae,Cuscuta sect. Californicae,Plantae,1,5.0,2,1.0986122886681098,2,2,0.0,0.0,0.0,0.0,0.0,0.0
Californiconus californicus,California Cone,Mollusca,1,2.0,1,0.6931471805599453,1,1,0.0,0.0,0.0,0.0,0.0,0.0
Calliarthron tuberculosum,Unknown,Plantae,0,0.0,1,0.6931471805599453,1,1,0.0,0.0,0.0,0.0,0.0,0.0
Callinectes arcuatus,Arched Swimming Crab,Animalia,1,2.0,4,1.6094379124341003,3,4,0.0,0.0,0.0,0.0,0.0,0.0
Calliphora,Bluebottle Flies,Insecta,0,0.0,3,1.3862943611198906,2,3,0.0,0.0,0.0,0.0,0.0,0.0
Calliphora vicina,Blue Blowfly,Insecta,0,0.0,3,1.3862943611198906,3,3,0.0,0.0,0.0,0.0,0.0,0.0
Calliphoridae,Blow Flies,Insecta,1,1.0,5,1.791759469228055,3,5,0.0,0.0,0.0,0.0,0.0,0.0
Calliphorinae,Unknown,Insecta,0,0.0,1,0.6931471805599453,1,1,0.0,0.0,0.0,0.0,0.0,0.0
Callocardiinae,Unknown,Mollusca,0,0.0,1,0.6931471805599453,1,1,0.0,0.0,0.0,0.0,0.0,0.0
Callophyllis,Unknown,Plantae,0,0.0,5,1.791759469228055,4,5,0.0,0.0,0.0,0.0,0.0,0.0
Callophyllis flabellulata,red sea fan,Plantae,0,0.0,1,0.6931471805599453,1,1,0.0,0.0,0.0,0.0,0.0,0.0
Callopora,Unknown,Animalia,0,0.0,1,0.6931471805599453,1,1,0.0,0.0,0.0,0.0,0.0,0.0
Calochortus,mariposa lilies,Plantae,0,0.0,1,0.6931471805599453,1,1,0.0,0.0,0.0,0.0,0.0,0.0
Calochortus splendens,Splendid Mariposa Lily,Plantae,0,0.0,6,1.9459101490553132,6,4,0.0,0.0,0.0,0.0,0.0,0.0
Calophya californica,lemonade berry psyllid,Insecta,0,0.0,1,0.6931471805599453,1,1,0.0,0.0,0.0,0.0,0.0,0.0
Caloplaca californica,Unknown,Fungi,0,0.0,1,0.6931471805599453,1,1,0.0,0.0,0.0,0.0,0.0,0.0
Calosoma,Caterpillar-hunter Beetles,Insecta,0,0.0,15,2.772588722239781,9,11,0.0,0.0,0.0,0.0,0.0,0.0
Calosoma semilaeve,Black Calosoma,Insecta,0,0.0,3,1.3862943611198906,3,3,0.0,0.0,0.0,0.0,0.0,0.0
Calycomyza platyptera,Unknown,Insecta,0,0.0,1,0.6931471805599453,1,1,0.0,0.0,0.0,0.0,0.0,0.0
Calypte,Anna's and Costa's Hummingbirds,Aves,0,0.0,5,1.791759469228055,5,5,0.0,0.0,0.0,0.0,0.0,0.0
Calypte anna,Anna's Hummingbird,Aves,1,22.0,327,5.793013608384144,108,255,0.0,0.0,0.0,0.0,0.0,0.0
Calypte costae,Costa's Hummingbird,Aves,0,0.0,11,2.4849066497880004,10,11,0.0,0.0,0.0,0.0,0.0,0.0
Calyptraeidae,Slippersnails,Mollusca,0,0.0,3,1.3862943611198906,2,3,0.0,0.0,0.0,0.0,0.0,0.0
Calyptratae,Calyptrate Flies,Insecta,1,1.0,6,1.9459101490553132,5,6,0.0,0.0,0.0,0.0,0.0,0.0
Calyptridium monandrum,common pussypaws,Plantae,0,0.0,1,0.6931471805599453,1,1,0.0,0.0,0.0,0.0,0.0,0.0
Calystegia,false bindweeds,Plantae,0,0.0,7,2.0794415416798357,4,7,0.0,0.0,0.0,0.0,0.0,0.0
Calystegia macrostegia,coast morning glory,Plantae,0,0.0,55,4.02535169073515,35,45,0.0,0.0,0.0,0.0,0.0,0.0
Calystegia soldanella,Sea Bindweed,Plantae,0,0.0,1,0.6931471805599453,1,1,0.0,0.0,0.0,0.0,0.0,0.0
Camissoniopsis,Suncups,Plantae,1,11.0,46,3.8501476017100584,36,42,0.0,0.0,0.0,0.0,0.0,0.0
Camissoniopsis bistorta,California sun cup,Plantae,1,3.0,23,3.1780538303479458,18,20,0.0,0.0,0.0,0.0,0.0,0.0
Camissoniopsis cheiranthifolia,beach suncup,Plantae,1,29.0,181,5.204006687076795,86,146,0.0,0.0,0.0,0.0,0.0,0.0
Camissoniopsis cheiranthifolia cheiranthifolia,Beach evening-primrose,Plantae,0,0.0,2,1.0986122886681098,2,2,0.0,0.0,0.0,0.0,0.0,0.0
Camissoniopsis cheiranthifolia suffruticosa,shrubby beach primrose,Plantae,1,2.0,20,3.044522437723423,17,18,0.0,0.0,0.0,0.0,0.0,0.0
Camissoniopsis hirtella,hairy suncup,Plantae,1,1.0,5,1.791759469228055,5,5,0.0,0.0,0.0,0.0,0.0,0.0
Camissoniopsis lewisii,Lewis' evening-primrose,Plantae,1,1.0,10,2.3978952727983707,8,9,0.0,0.0,0.0,0.0,0.0,0.0
Camissoniopsis micrantha,miniature suncup,Plantae,0,0.0,6,1.9459101490553132,6,6,0.0,0.0,0.0,0.0,0.0,0.0
Camissoniopsis pallida,pale yellow suncup,Plantae,0,0.0,2,1.0986122886681098,2,2,0.0,0.0,0.0,0.0,0.0,0.0
Camnula pellucida,Clear-winged Grasshopper,Insecta,0,0.0,2,1.0986122886681098,2,2,0.0,0.0,0.0,0.0,0.0,0.0
Camponotus,"Carpenter Ants, Typical Sugar Ants and Allies",Insecta,0,0.0,15,2.772588722239781,12,12,0.0,0.0,0.0,0.0,0.0,0.0
Camponotus clarithorax,Unknown,Insecta,0,0.0,1,0.6931471805599453,1,1,0.0,0.0,0.0,0.0,0.0,0.0
Camponotus dumetorum,Unknown,Insecta,0,0.0,1,0.6931471805599453,1,1,0.0,0.0,0.0,0.0,0.0,0.0
Camponotus sansabeanus,Unknown,Insecta,0,0.0,10,2.3978952727983707,8,10,0.0,0.0,0.0,0.0,0.0,0.0
Camponotus vicinus,Bicolored Carpenter Ant,Insecta,0,0.0,20,3.044522437723423,10,19,0.0,0.0,0.0,0.0,0.0,0.0
Campopleginae,Unknown,Insecta,0,0.0,1,0.6931471805599453,1,1,0.0,0.0,0.0,0.0,0.0,0.0
Camptopelta,Unknown,Insecta,0,0.0,1,0.6931471805599453,1,1,0.0,0.0,0.0,0.0,0.0,0.0
Campylorhynchus brunneicapillus,Cactus Wren,Aves,0,0.0,4,1.6094379124341003,3,4,0.0,0.0,0.0,0.0,0.0,0.0
Campylorhynchus brunneicapillus sandiegensis,Coastal Cactus Wren,Aves,0,0.0,4,1.6094379124341003,4,4,0.0,0.0,0.0,0.0,0.0,0.0
Canacidae,Beach Flies,Insecta,0,0.0,3,1.3862943611198906,3,3,0.0,0.0,0.0,0.0,0.0,0.0
Cancridae,Rock Crabs,Animalia,0,0.0,12,2.5649493574615367,6,10,0.0,0.0,0.0,0.0,0.0,0.0
Candelaria,Candleflame Lichens,Fungi,0,0.0,2,1.0986122886681098,2,2,0.0,0.0,0.0,0.0,0.0,0.0
Canidae,Canids,Mammalia,0,0.0,4,1.6094379124341003,4,4,0.0,0.0,0.0,0.0,0.0,0.0
Canis familiaris,Domestic Dog,Mammalia,0,0.0,1,0.6931471805599453,1,1,0.0,0.0,0.0,0.0,0.0,0.0
Canis latrans,Coyote,Mammalia,1,1.0,45,3.828641396489095,22,35,0.0,0.0,0.0,0.0,0.0,0.0
Cantareus apertus,Green Garden Snail,Mollusca,0,0.0,63,4.1588830833596715,47,56,0.0,0.0,0.0,0.0,0.0,0.0
Carabidae,Ground Beetles,Insecta,0,0.0,1,0.6931471805599453,1,1,0.0,0.0,0.0,0.0,0.0,0.0
Caracara plancus,Crested Caracara,Aves,0,0.0,1,0.6931471805599453,1,1,0.0,0.0,0.0,0.0,0.0,0.0
Caradrina montana,Civil Rustic Moth,Insecta,0,0.0,2,1.0986122886681098,2,2,0.0,0.0,0.0,0.0,0.0,0.0
Cardellina pusilla,Wilson's Warbler,Aves,0,0.0,16,2.833213344056216,14,14,0.0,0.0,0.0,0.0,0.0,0.0
Cardiidae,true cockles,Mollusca,0,0.0,2,1.0986122886681098,2,2,0.0,0.0,0.0,0.0,0.0,0.0
Cardinalis cardinalis,Northern Cardinal,Aves,0,0.0,3,1.3862943611198906,3,3,0.0,0.0,0.0,0.0,0.0,0.0
Cardionema ramosissima,Sandcarpet,Plantae,0,0.0,22,3.1354942159291497,17,19,0.0,0.0,0.0,0.0,0.0,0.0
Carduus pycnocephalus,Italian thistle,Plantae,0,0.0,1,0.6931471805599453,1,1,0.0,0.0,0.0,0.0,0.0,0.0
Carnivora,Carnivorans,Mammalia,0,0.0,6,1.9459101490553132,5,6,0.0,0.0,0.0,0.0,0.0,0.0
Carpobrotus,sea figs,Plantae,1,4.0,8,2.1972245773362196,8,8,0.0,0.0,0.0,0.0,0.0,0.0
Carpobrotus chilensis,Chilean sea fig,Plantae,0,0.0,12,2.5649493574615367,9,12,0.0,0.0,0.0,0.0,0.0,0.0
Carpobrotus edulis,sea fig,Plantae,1,7.0,16,2.833213344056216,14,14,0.0,0.0,0.0,0.0,0.0,0.0
Carthamus tinctorius,Safflower,Plantae,0,0.0,1,0.6931471805599453,1,1,0.0,0.0,0.0,0.0,0.0,0.0
Caryophyllaceae,pink family,Plantae,0,0.0,1,0.6931471805599453,1,1,0.0,0.0,0.0,0.0,0.0,0.0
Caryophyllales,"pinks, cactuses, and allies",Plantae,1,9.0,8,2.1972245773362196,7,6,0.0,0.0,0.0,0.0,0.0,0.0
Castianeira,Ant-mimic Sac Spiders,Arachnida,0,0.0,1,0.6931471805599453,1,1,0.0,0.0,0.0,0.0,0.0,0.0
Castianeira occidens,Unknown,Arachnida,0,0.0,1,0.6931471805599453,1,1,0.0,0.0,0.0,0.0,0.0,0.0
Castilleja,Paintbrushes,Plantae,0,0.0,1,0.6931471805599453,1,1,0.0,0.0,0.0,0.0,0.0,0.0
Castorimorpha,"Beavers, Pocket Gophers, and Allies",Mammalia,0,0.0,1,0.6931471805599453,1,1,0.0,0.0,0.0,0.0,0.0,0.0
Catabena lineolata,Fine-lined Sallow,Insecta,0,0.0,1,0.6931471805599453,1,1,0.0,0.0,0.0,0.0,0.0,0.0
Catalpa bignonioides,southern catalpa,Plantae,0,0.0,1,0.6931471805599453,1,1,0.0,0.0,0.0,0.0,0.0,0.0
Cathartes aura,Turkey Vulture,Aves,0,0.0,137,4.927253685157205,57,119,0.0,0.0,0.0,0.0,0.0,0.0
Catharus guttatus,Hermit Thrush,Aves,0,0.0,9,2.302585092994046,7,9,0.0,0.0,0.0,0.0,0.0,0.0
Catharus ustulatus,Swainson's Thrush,Aves,0,0.0,1,0.6931471805599453,1,1,0.0,0.0,0.0,0.0,0.0,0.0
Catorhintha apicalis,Unknown,Insecta,0,0.0,1,0.6931471805599453,1,1,0.0,0.0,0.0,0.0,0.0,0.0
Caudina arenicola,Sweet Potato Sea Cucumber,Animalia,0,0.0,14,2.70805020110221,8,11,0.0,0.0,0.0,0.0,0.0,0.0
Ceanothus cuneatus,Buckbrush,Plantae,0,0.0,1,0.6931471805599453,1,1,0.0,0.0,0.0,0.0,0.0,0.0
Cecidomyiinae,Gall Midges,Insecta,0,0.0,4,1.6094379124341003,2,3,0.0,0.0,0.0,0.0,0.0,0.0
Celia,Unknown,Insecta,0,0.0,1,0.6931471805599453,1,1,0.0,0.0,0.0,0.0,0.0,0.0
Cenchrus clandestinus,Kikuyu Grass,Plantae,0,0.0,2,1.0986122886681098,1,2,0.0,0.0,0.0,0.0,0.0,0.0
Centaurea melitensis,Maltese star-thistle,Plantae,1,1.0,40,3.713572066704308,26,31,0.0,0.0,0.0,0.0,0.0,0.0
Centrodera spurca,Yellow Douglas-fir Borer,Insecta,0,0.0,1,0.6931471805599453,1,1,0.0,0.0,0.0,0.0,0.0,0.0
Centromadia pungens,Common Spikeweed,Plantae,0,0.0,1,0.6931471805599453,1,1,0.0,0.0,0.0,0.0,0.0,0.0
Centromadia pungens pungens,Common Spikeweed,Plantae,0,0.0,1,0.6931471805599453,1,1,0.0,0.0,0.0,0.0,0.0,0.0
Cepphus columba,Pigeon Guillemot,Aves,0,0.0,1,0.6931471805599453,1,1,0.0,0.0,0.0,0.0,0.0,0.0
Cerambycidae,Longhorn Beetles,Insecta,0,0.0,1,0.6931471805599453,1,1,0.0,0.0,0.0,0.0,0.0,0.0
Cerambycinae,Round-necked Longhorn Beetles,Insecta,0,0.0,1,0.6931471805599453,1,1,0.0,0.0,0.0,0.0,0.0,0.0
Ceramium,Banded Weeds,Plantae,1,1.0,1,0.6931471805599453,1,1,0.0,0.0,0.0,0.0,0.0,0.0
Ceratina,Small Carpenter Bees,Insecta,0,0.0,1,0.6931471805599453,1,1,0.0,0.0,0.0,0.0,0.0,0.0
Ceratina acantha,Unknown,Insecta,0,0.0,3,1.3862943611198906,3,3,0.0,0.0,0.0,0.0,0.0,0.0
Ceratina arizonensis,Arizona Small carpenter,Insecta,0,0.0,1,0.6931471805599453,1,1,0.0,0.0,0.0,0.0,0.0,0.0
Ceratopogonidae,Biting Midges,Insecta,1,1.0,1,0.6931471805599453,1,1,0.0,0.0,0.0,0.0,0.0,0.0
Ceratostoma nuttalli,Nuttall's Hornmouth,Mollusca,0,0.0,1,0.6931471805599453,1,1,0.0,0.0,0.0,0.0,0.0,0.0
Cercopoidea,Spittlebugs and Froghoppers,Insecta,0,0.0,30,3.4339872044851463,19,24,0.0,0.0,0.0,0.0,0.0,0.0
Cercyon,Unknown,Insecta,0,0.0,2,1.0986122886681098,2,1,0.0,0.0,0.0,0.0,0.0,0.0
Cercyon fimbriatus,Unknown,Insecta,0,0.0,2,1.0986122886681098,2,1,0.0,0.0,0.0,0.0,0.0,0.0
Cerithideopsis,Unknown,Mollusca,1,1.0,1,0.6931471805599453,1,1,0.0,0.0,0.0,0.0,0.0,0.0
Cerithideopsis californica,California Horn Snail,Mollusca,1,37.0,122,4.812184355372417,50,107,0.0,0.0,0.0,0.0,0.0,0.0
Cerithioidea,Cerith Snails and Allies,Mollusca,0,0.0,11,2.4849066497880004,8,10,0.0,0.0,0.0,0.0,0.0,0.0
Cerithiopsidae,Unknown,Mollusca,0,0.0,2,1.0986122886681098,1,1,0.0,0.0,0.0,0.0,0.0,0.0
Cerithiopsis,Unknown,Mollusca,0,0.0,1,0.6931471805599453,1,1,0.0,0.0,0.0,0.0,0.0,0.0
Cerobasis,Unknown,Insecta,0,0.0,1,0.6931471805599453,1,1,0.0,0.0,0.0,0.0,0.0,0.0
Ceroplastes,Wax Scales,Insecta,1,2.0,1,0.6931471805599453,1,1,0.0,0.0,0.0,0.0,0.0,0.0
Cerorhinca monocerata,Rhinoceros Auklet,Aves,0,0.0,1,0.6931471805599453,1,1,0.0,0.0,0.0,0.0,0.0,0.0
Cetacea,Cetaceans,Mammalia,0,0.0,1,0.6931471805599453,1,1,0.0,0.0,0.0,0.0,0.0,0.0
Ceuthophilus hesperus,San Diego Camel Cricket,Insecta,0,0.0,1,0.6931471805599453,1,1,0.0,0.0,0.0,0.0,0.0,0.0
Chaenactis artemisiifolia,Artemisia-leaved Chaenactis,Plantae,0,0.0,1,0.6931471805599453,1,1,0.0,0.0,0.0,0.0,0.0,0.0
Chaetodipus,Unknown,Mammalia,0,0.0,2,1.0986122886681098,1,2,0.0,0.0,0.0,0.0,0.0,0.0
Chaetodipus californicus,California Pocket Mouse,Mammalia,0,0.0,1,0.6931471805599453,1,1,0.0,0.0,0.0,0.0,0.0,0.0
Chaetopterus,Unknown,Animalia,0,0.0,1,0.6931471805599453,1,1,0.0,0.0,0.0,0.0,0.0,0.0
Chaetura vauxi,Vaux's Swift,Aves,0,0.0,1,0.6931471805599453,1,1,0.0,0.0,0.0,0.0,0.0,0.0
Chaitophorus,Unknown,Insecta,0,0.0,1,0.6931471805599453,1,1,0.0,0.0,0.0,0.0,0.0,0.0
Chalcidoidea,Chalcidoid Wasps,Insecta,1,3.0,3,1.3862943611198906,2,3,0.0,0.0,0.0,0.0,0.0,0.0
Chalybion,Blue Mud-dauber Wasps,Insecta,0,0.0,1,0.6931471805599453,1,1,0.0,0.0,0.0,0.0,0.0,0.0
Chama arcana,Clear Jewel Box,Mollusca,0,0.0,8,2.1972245773362196,6,8,0.0,0.0,0.0,0.0,0.0,0.0
Chamaea fasciata,Wrentit,Aves,0,0.0,13,2.6390573296152584,11,12,0.0,0.0,0.0,0.0,0.0,0.0
Chamidae,Jewel boxes,Mollusca,0,0.0,3,1.3862943611198906,3,3,0.0,0.0,0.0,0.0,0.0,0.0
Charadriidae,Plovers and Lapwings,Aves,0,0.0,3,1.3862943611198906,3,3,0.0,0.0,0.0,0.0,0.0,0.0
Charadriiformes,Shorebirds and Allies,Aves,1,8.0,14,2.70805020110221,7,11,0.0,0.0,0.0,0.0,0.0,0.0
Charadrius semipalmatus,Semipalmated Plover,Aves,1,10.0,55,4.02535169073515,31,45,0.0,0.0,0.0,0.0,0.0,0.0
Charadrius vociferus,Killdeer,Aves,1,14.0,141,4.955827057601261,56,125,0.0,0.0,0.0,0.0,0.0,0.0
Chasmanthe,Cobralilies,Plantae,0,0.0,1,0.6931471805599453,1,1,0.0,0.0,0.0,0.0,0.0,0.0
Chasmanthe floribunda,African flag,Plantae,0,0.0,9,2.302585092994046,8,9,0.0,0.0,0.0,0.0,0.0,0.0
Cheiracanthium,Longlegged Sac Spiders,Arachnida,0,0.0,1,0.6931471805599453,1,1,0.0,0.0,0.0,0.0,0.0,0.0
Chenopodiastrum,maple and nettle-leaved goosefoots,Plantae,1,1.0,3,1.3862943611198906,3,3,0.0,0.0,0.0,0.0,0.0,0.0
Chenopodiastrum murale,nettle-leaved goosefoot,Plantae,1,2.0,25,3.258096538021482,18,23,0.0,0.0,0.0,0.0,0.0,0.0
Chenopodioideae,saltbush subfamily,Plantae,1,1.0,7,2.0794415416798357,6,7,0.0,0.0,0.0,0.0,0.0,0.0
Chenopodium,Goosefoots,Plantae,0,0.0,6,1.9459101490553132,6,6,0.0,0.0,0.0,0.0,0.0,0.0
Chenopodium album,Common Lambsquarters,Plantae,0,0.0,1,0.6931471805599453,1,1,0.0,0.0,0.0,0.0,0.0,0.0
Chenopodium macrospermum,Large-seed Goosefoot,Plantae,0,0.0,2,1.0986122886681098,2,1,0.0,0.0,0.0,0.0,0.0,0.0
Chimarocephala pacifica,Painted Meadow Grasshopper,Insecta,0,0.0,6,1.9459101490553132,5,6,0.0,0.0,0.0,0.0,0.0,0.0
Chione,Unknown,Mollusca,1,2.0,18,2.9444389791664403,12,18,0.0,0.0,0.0,0.0,0.0,0.0
Chione californiensis,California Venus,Mollusca,1,6.0,31,3.4657359027997265,13,29,0.0,0.0,0.0,0.0,0.0,0.0
Chione undatella,Wavy Chione,Mollusca,1,1.0,24,3.2188758248682006,12,21,0.0,0.0,0.0,0.0,0.0,0.0
Chironomidae,Non-biting Midges,Insecta,1,2.0,1,0.6931471805599453,1,1,0.0,0.0,0.0,0.0,0.0,0.0
Chlidonias niger,Black Tern,Aves,0,0.0,5,1.791759469228055,5,4,0.0,0.0,0.0,0.0,0.0,0.0
Chloracantha,spiny Chloracanthas,Plantae,0,0.0,1,0.6931471805599453,1,1,0.0,0.0,0.0,0.0,0.0,0.0
Chloracantha spinosa,Spiny Chloracantha,Plantae,0,0.0,55,4.02535169073515,37,45,0.0,0.0,0.0,0.0,0.0,0.0
Chlorion,Unknown,Insecta,0,0.0,2,1.0986122886681098,2,2,0.0,0.0,0.0,0.0,0.0,0.0
Chlorion aerarium,Steel-blue Cricket-hunter Wasp,Insecta,0,0.0,1,0.6931471805599453,1,1,0.0,0.0,0.0,0.0,0.0,0.0
Chlorochroa,Unknown,Insecta,0,0.0,4,1.6094379124341003,4,4,0.0,0.0,0.0,0.0,0.0,0.0
Chlorochroa sayi,Say's Stink Bug,Insecta,0,0.0,1,0.6931471805599453,1,1,0.0,0.0,0.0,0.0,0.0,0.0
Chlorochroa uhleri,Uhler's Stink Bug,Insecta,0,0.0,2,1.0986122886681098,2,2,0.0,0.0,0.0,0.0,0.0,0.0
Chlorophyllum,Unknown,Fungi,0,0.0,3,1.3862943611198906,3,3,0.0,0.0,0.0,0.0,0.0,0.0
Chlorophyta,green algae,Plantae,1,7.0,8,2.1972245773362196,7,7,0.0,0.0,0.0,0.0,0.0,0.0
Chloropyron maritimum,Salt Marsh Bird's Beak,Plantae,0,0.0,2,1.0986122886681098,2,2,0.0,0.0,0.0,0.0,0.0,0.0
Chlosyne californica,California Patch,Insecta,0,0.0,1,0.6931471805599453,1,1,0.0,0.0,0.0,0.0,0.0,0.0
Chondestes grammacus,Lark Sparrow,Aves,0,0.0,1,0.6931471805599453,1,1,0.0,0.0,0.0,0.0,0.0,0.0
Chondracanthus,Unknown,Plantae,0,0.0,2,1.0986122886681098,2,2,0.0,0.0,0.0,0.0,0.0,0.0
Chondracanthus corymbiferus,Unknown,Plantae,0,0.0,1,0.6931471805599453,1,1,0.0,0.0,0.0,0.0,0.0,0.0
Chondracanthus exasperatus,Turkish Towel,Plantae,0,0.0,11,2.4849066497880004,5,9,0.0,0.0,0.0,0.0,0.0,0.0
Chordeiles acutipennis,Lesser Nighthawk,Aves,0,0.0,1,0.6931471805599453,1,1,0.0,0.0,0.0,0.0,0.0,0.0
Choreutidae,Metalmark Moths,Insecta,0,0.0,2,1.0986122886681098,2,2,0.0,0.0,0.0,0.0,0.0,0.0
Choreutis sexfasciella,Unknown,Insecta,0,0.0,1,0.6931471805599453,1,1,0.0,0.0,0.0,0.0,0.0,0.0
Chroicocephalus philadelphia,Bonaparte's Gull,Aves,1,1.0,7,2.0794415416798357,6,6,0.0,0.0,0.0,0.0,0.0,0.0
Chrysaora colorata,Purple-striped Sea Nettle,Animalia,0,0.0,5,1.791759469228055,4,4,0.0,0.0,0.0,0.0,0.0,0.0
Chrysidinae,Unknown,Insecta,0,0.0,1,0.6931471805599453,1,1,0.0,0.0,0.0,0.0,0.0,0.0
Chrysomelidae,Leaf Beetles,Insecta,1,1.0,5,1.791759469228055,5,5,0.0,0.0,0.0,0.0,0.0,0.0
Chrysoperla,Common Green Lacewings,Insecta,1,1.0,1,0.6931471805599453,1,1,0.0,0.0,0.0,0.0,0.0,0.0
Chrysoperla comanche,Comanche Green Lacewing,Insecta,0,0.0,1,0.6931471805599453,1,1,0.0,0.0,0.0,0.0,0.0,0.0
Chrysopidae,Green Lacewings,Insecta,0,0.0,2,1.0986122886681098,2,2,0.0,0.0,0.0,0.0,0.0,0.0
Chrysothrix candelaris,gold dust lichen,Fungi,0,0.0,1,0.6931471805599453,1,1,0.0,0.0,0.0,0.0,0.0,0.0
Chrysura,Unknown,Insecta,0,0.0,1,0.6931471805599453,1,1,0.0,0.0,0.0,0.0,0.0,0.0
Chthamalus fissus,Unknown,Animalia,0,0.0,1,0.6931471805599453,1,1,0.0,0.0,0.0,0.0,0.0,0.0
Cicadellidae,Typical Leafhoppers,Insecta,0,0.0,2,1.0986122886681098,2,2,0.0,0.0,0.0,0.0,0.0,0.0
Cicadidae,Typical Cicadas,Insecta,1,1.0,4,1.6094379124341003,4,4,0.0,0.0,0.0,0.0,0.0,0.0
Cicadoidea,Cicadas,Insecta,0,0.0,2,1.0986122886681098,2,2,0.0,0.0,0.0,0.0,0.0,0.0
Cicadomorpha,"Spittlebugs, Cicadas, Leafhoppers and Treehoppers",Insecta,0,0.0,2,1.0986122886681098,2,2,0.0,0.0,0.0,0.0,0.0,0.0
Cichorieae,"Lettuce, Chicory, Dandelion and Salsify Tribe",Plantae,0,0.0,5,1.791759469228055,3,5,0.0,0.0,0.0,0.0,0.0,0.0
Cicindela hirticollis,Hairy-necked Tiger Beetle,Insecta,0,0.0,6,1.9459101490553132,5,5,0.0,0.0,0.0,0.0,0.0,0.0
Cicindelidia haemorrhagica haemorrhagica,Wetsalts Tiger Beetle,Insecta,0,0.0,4,1.6094379124341003,2,2,0.0,0.0,0.0,0.0,0.0,0.0
Cicindelidia hemorrhagica,Wetsalts Tiger Beetle,Insecta,0,0.0,27,3.332204510175204,15,22,0.0,0.0,0.0,0.0,0.0,0.0
Cicindelidia trifasciata,S-banded Tiger Beetle,Insecta,1,1.0,19,2.995732273553991,13,17,0.0,0.0,0.0,0.0,0.0,0.0
Cicindelina,Unknown,Insecta,0,0.0,1,0.6931471805599453,1,1,0.0,0.0,0.0,0.0,0.0,0.0
Cicindelini,Unknown,Insecta,0,0.0,1,0.6931471805599453,1,1,0.0,0.0,0.0,0.0,0.0,0.0
Circus,Harriers,Aves,0,0.0,1,0.6931471805599453,1,1,0.0,0.0,0.0,0.0,0.0,0.0
Circus hudsonius,Northern Harrier,Aves,0,0.0,560,6.329720905522696,149,402,0.0,0.0,0.0,0.0,0.0,0.0
Cirripedia,Barnacles,Animalia,1,1.0,2,1.0986122886681098,2,2,0.0,0.0,0.0,0.0,0.0,0.0
Cirsium,Plume Thistles,Plantae,0,0.0,2,1.0986122886681098,2,2,0.0,0.0,0.0,0.0,0.0,0.0
Cirsium vulgare,Bull Thistle,Plantae,0,0.0,10,2.3978952727983707,10,10,0.0,0.0,0.0,0.0,0.0,0.0
Cisthene liberomacula,Unknown,Insecta,0,0.0,2,1.0986122886681098,2,1,0.0,0.0,0.0,0.0,0.0,0.0
Cisthene perrosea,Rosy Lichen Moth,Insecta,0,0.0,2,1.0986122886681098,2,1,0.0,0.0,0.0,0.0,0.0,0.0
Cistothorus palustris,Marsh Wren,Aves,1,6.0,42,3.7612001156935624,21,32,0.0,0.0,0.0,0.0,0.0,0.0
Citrullus lanatus,Watermelon,Plantae,0,0.0,1,0.6931471805599453,1,1,0.0,0.0,0.0,0.0,0.0,0.0
Cladonia,pixie cup and reindeer lichens,Fungi,0,0.0,1,0.6931471805599453,1,1,0.0,0.0,0.0,0.0,0.0,0.0
Cladophora columbiana,Green pin-cushion alga,Plantae,1,2.0,2,1.0986122886681098,2,2,0.0,0.0,0.0,0.0,0.0,0.0
Clangula hyemalis,Long-tailed Duck,Aves,0,0.0,1,0.6931471805599453,1,1,0.0,0.0,0.0,0.0,0.0,0.0
Clastoptera,Unknown,Insecta,0,0.0,1,0.6931471805599453,1,1,0.0,0.0,0.0,0.0,0.0,0.0
Clastoptera lineatocollis,Unknown,Insecta,1,1.0,5,1.791759469228055,3,5,0.0,0.0,0.0,0.0,0.0,0.0
Clathroneuria coquilletti,Unknown,Insecta,0,0.0,1,0.6931471805599453,1,1,0.0,0.0,0.0,0.0,0.0,0.0
Claytonia,spring beauties,Plantae,0,0.0,2,1.0986122886681098,2,2,0.0,0.0,0.0,0.0,0.0,0.0
Claytonia perfoliata,miner's lettuce,Plantae,0,0.0,10,2.3978952727983707,9,10,0.0,0.0,0.0,0.0,0.0,0.0
Clematis pauciflora,Southern California clematis,Plantae,0,0.0,4,1.6094379124341003,4,4,0.0,0.0,0.0,0.0,0.0,0.0
Cleomella arborea,Bladderpod,Plantae,1,24.0,150,5.017279836814924,106,120,0.0,0.0,0.0,0.0,0.0,0.0
Cleomella arborea angustata,Unknown,Plantae,0,0.0,1,0.6931471805599453,1,1,0.0,0.0,0.0,0.0,0.0,0.0
Cleomella arborea arborea,Unknown,Plantae,0,0.0,1,0.6931471805599453,1,1,0.0,0.0,0.0,0.0,0.0,0.0
Cleomella arborea globosa,Valley Bladderpod,Plantae,0,0.0,2,1.0986122886681098,2,2,0.0,0.0,0.0,0.0,0.0,0.0
Clevelandia ios,Arrow Goby,Actinopterygii,1,2.0,1,0.6931471805599453,1,1,0.0,0.0,0.0,0.0,0.0,0.0
Clidophleps,American Stridulating Cicadas,Insecta,0,0.0,6,1.9459101490553132,6,6,0.0,0.0,0.0,0.0,0.0,0.0
Clidophleps distanti,Unknown,Insecta,0,0.0,1,0.6931471805599453,1,1,0.0,0.0,0.0,0.0,0.0,0.0
Closterocoris amoenus,Unknown,Insecta,0,0.0,1,0.6931471805599453,1,1,0.0,0.0,0.0,0.0,0.0,0.0
Closterotomus,Unknown,Insecta,0,0.0,3,1.3862943611198906,3,3,0.0,0.0,0.0,0.0,0.0,0.0
Closterotomus norwegicus,Potato Mirid,Insecta,0,0.0,21,3.091042453358316,16,20,0.0,0.0,0.0,0.0,0.0,0.0
Clupeoidei,Unknown,Actinopterygii,0,0.0,1,0.6931471805599453,1,1,0.0,0.0,0.0,0.0,0.0,0.0
Cneoridium,Unknown,Plantae,0,0.0,1,0.6931471805599453,1,1,0.0,0.0,0.0,0.0,0.0,0.0
Cneoridium dumosum,Bushrue,Plantae,0,0.0,16,2.833213344056216,15,14,0.0,0.0,0.0,0.0,0.0,0.0
Cnidaria,Cnidarians,Animalia,0,0.0,1,0.6931471805599453,1,1,0.0,0.0,0.0,0.0,0.0,0.0
Coccinella,Unknown,Insecta,0,0.0,2,1.0986122886681098,2,2,0.0,0.0,0.0,0.0,0.0,0.0
Coccinella septempunctata,Seven-spotted Lady Beetle,Insecta,1,3.0,43,3.784189633918261,30,36,0.0,0.0,0.0,0.0,0.0,0.0
Coccinellidae,Lady Beetles,Insecta,0,0.0,1,0.6931471805599453,1,1,0.0,0.0,0.0,0.0,0.0,0.0
Coccinellini,Black-spotted Lady Beetles,Insecta,1,1.0,13,2.6390573296152584,12,12,0.0,0.0,0.0,0.0,0.0,0.0
Coccoidea,Scale Insects,Insecta,0,0.0,3,1.3862943611198906,1,3,0.0,0.0,0.0,0.0,0.0,0.0
Cochemiea dioica,Peninsular fishhook cactus,Plantae,0,0.0,24,3.2188758248682006,20,19,0.0,0.0,0.0,0.0,0.0,0.0
Cochylini,Unknown,Insecta,0,0.0,1,0.6931471805599453,1,1,0.0,0.0,0.0,0.0,0.0,0.0
Cochylis parallelana,Unknown,Insecta,0,0.0,1,0.6931471805599453,1,1,0.0,0.0,0.0,0.0,0.0,0.0
Codium fragile,Dead Man's Fingers,Plantae,0,0.0,3,1.3862943611198906,2,3,0.0,0.0,0.0,0.0,0.0,0.0
Coelocnemis,Unknown,Insecta,0,0.0,9,2.302585092994046,8,9,0.0,0.0,0.0,0.0,0.0,0.0
Coelocnemis magna,Unknown,Insecta,0,0.0,4,1.6094379124341003,4,4,0.0,0.0,0.0,0.0,0.0,0.0
Coelopa vanduzeei,Unknown,Insecta,0,0.0,3,1.3862943611198906,2,3,0.0,0.0,0.0,0.0,0.0,0.0
Coelopidae,Kelp Flies,Insecta,0,0.0,3,1.3862943611198906,2,3,0.0,0.0,0.0,0.0,0.0,0.0
Coelus,Dune Beetles,Insecta,0,0.0,1,0.6931471805599453,1,1,0.0,0.0,0.0,0.0,0.0,0.0
Colaptes auratus,Northern Flicker,Aves,0,0.0,4,1.6094379124341003,4,4,0.0,0.0,0.0,0.0,0.0,0.0
Coleophora,Casebearers,Insecta,0,0.0,1,0.6931471805599453,1,1,0.0,0.0,0.0,0.0,0.0,0.0
Coleoptera,Beetles,Insecta,1,1.0,29,3.4011973816621555,19,23,0.0,0.0,0.0,0.0,0.0,0.0
Coliadinae,Yellows and Sulphurs,Insecta,0,0.0,3,1.3862943611198906,2,3,0.0,0.0,0.0,0.0,0.0,0.0
Colias eurytheme,Orange Sulphur,Insecta,0,0.0,9,2.302585092994046,8,9,0.0,0.0,0.0,0.0,0.0,0.0
Colletes,Cellophane Bees,Insecta,1,2.0,15,2.772588722239781,10,14,0.0,0.0,0.0,0.0,0.0,0.0
Collinsia heterophylla,Purple Chinese Houses,Plantae,0,0.0,2,1.0986122886681098,2,2,0.0,0.0,0.0,0.0,0.0,0.0
Collops,Unknown,Insecta,0,0.0,2,1.0986122886681098,2,2,0.0,0.0,0.0,0.0,0.0,0.0
Collybia brunneocephala,Brownit,Fungi,0,0.0,4,1.6094379124341003,3,3,0.0,0.0,0.0,0.0,0.0,0.0
Colpa alcione,Unknown,Insecta,0,0.0,1,0.6931471805599453,1,1,0.0,0.0,0.0,0.0,0.0,0.0
Colpomenia,Puff-ball Algae,Chromista,0,0.0,1,0.6931471805599453,1,1,0.0,0.0,0.0,0.0,0.0,0.0
Colpomenia peregrina,Oyster-thief,Chromista,0,0.0,2,1.0986122886681098,2,2,0.0,0.0,0.0,0.0,0.0,0.0
Colpomenia sinuosa,Oyster thief,Chromista,0,0.0,3,1.3862943611198906,2,3,0.0,0.0,0.0,0.0,0.0,0.0
Colpomenia tuberculata,Unknown,Chromista,0,0.0,4,1.6094379124341003,4,4,0.0,0.0,0.0,0.0,0.0,0.0
Colubridae,Colubrid Snakes,Reptilia,0,0.0,2,1.0986122886681098,2,2,0.0,0.0,0.0,0.0,0.0,0.0
Columba livia,Rock Pigeon,Aves,0,0.0,2,1.0986122886681098,2,2,0.0,0.0,0.0,0.0,0.0,0.0
Columba livia domestica,Feral Pigeon,Aves,0,0.0,39,3.6888794541139363,21,36,0.0,0.0,0.0,0.0,0.0,0.0
Columbina passerina,Common Ground Dove,Aves,0,0.0,2,1.0986122886681098,2,2,0.0,0.0,0.0,0.0,0.0,0.0
Comarostaphylis diversifolia,summer holly,Plantae,0,0.0,5,1.791759469228055,5,5,0.0,0.0,0.0,0.0,0.0,0.0
Commelina,dayflowers,Plantae,0,0.0,1,0.6931471805599453,1,1,0.0,0.0,0.0,0.0,0.0,0.0
Compsocryptus,Unknown,Insecta,0,0.0,3,1.3862943611198906,3,3,0.0,0.0,0.0,0.0,0.0,0.0
Conchylodes octonalis,Eight-barred Lygropia Moth,Insecta,0,0.0,6,1.9459101490553132,5,6,0.0,0.0,0.0,0.0,0.0,0.0
Condica,Unknown,Insecta,0,0.0,1,0.6931471805599453,1,1,0.0,0.0,0.0,0.0,0.0,0.0
Condica begallo,Unknown,Insecta,0,0.0,1,0.6931471805599453,1,1,0.0,0.0,0.0,0.0,0.0,0.0
Condica videns,White-dotted Groundling,Insecta,0,0.0,1,0.6931471805599453,1,1,0.0,0.0,0.0,0.0,0.0,0.0
Condicinae,Unknown,Insecta,0,0.0,1,0.6931471805599453,1,1,0.0,0.0,0.0,0.0,0.0,0.0
Condylostylus longicornis,Unknown,Insecta,0,0.0,5,1.791759469228055,5,5,0.0,0.0,0.0,0.0,0.0,0.0
Coniontini,Unknown,Insecta,0,0.0,1,0.6931471805599453,1,1,0.0,0.0,0.0,0.0,0.0,0.0
Coniontis,Unknown,Insecta,0,0.0,14,2.70805020110221,8,13,0.0,0.0,0.0,0.0,0.0,0.0
Conium maculatum,poison hemlock,Plantae,0,0.0,6,1.9459101490553132,6,6,0.0,0.0,0.0,0.0,0.0,0.0
Conocephalus spinosus,San Diego Meadow Katydid,Insecta,0,0.0,2,1.0986122886681098,1,1,0.0,0.0,0.0,0.0,0.0,0.0
Conopidae,Thick-headed Flies,Insecta,0,0.0,2,1.0986122886681098,2,2,0.0,0.0,0.0,0.0,0.0,0.0
Conozoa sulcifrons,Groove-headed grasshopper,Insecta,0,0.0,19,2.995732273553991,13,16,0.0,0.0,0.0,0.0,0.0,0.0
Contopus cooperi,Olive-sided Flycatcher,Aves,0,0.0,2,1.0986122886681098,2,2,0.0,0.0,0.0,0.0,0.0,0.0
Contopus sordidulus,Western Wood-Pewee,Aves,1,2.0,8,2.1972245773362196,6,7,0.0,0.0,0.0,0.0,0.0,0.0
Conura,Unknown,Insecta,0,0.0,1,0.6931471805599453,1,1,0.0,0.0,0.0,0.0,0.0,0.0
Convolvuleae,Bindweed Tribe,Plantae,0,0.0,2,1.0986122886681098,2,2,0.0,0.0,0.0,0.0,0.0,0.0
Convolvulus,bindweeds,Plantae,0,0.0,1,0.6931471805599453,1,1,0.0,0.0,0.0,0.0,0.0,0.0
Convolvulus arvensis,field bindweed,Plantae,0,0.0,4,1.6094379124341003,4,4,0.0,0.0,0.0,0.0,0.0,0.0
Copestylum haagii,Haag's Bromeliad Fly,Insecta,0,0.0,1,0.6931471805599453,1,1,0.0,0.0,0.0,0.0,0.0,0.0
Copestylum marginatum,Unknown,Insecta,0,0.0,3,1.3862943611198906,3,3,0.0,0.0,0.0,0.0,0.0,0.0
Copestylum mexicanum,Mexican Cactus Fly,Insecta,0,0.0,12,2.5649493574615367,11,11,0.0,0.0,0.0,0.0,0.0,0.0
Copestylum satur,Spotted-wing Bromeliad Fly,Insecta,0,0.0,10,2.3978952727983707,6,10,0.0,0.0,0.0,0.0,0.0,0.0
Copestylum violaceum,Unknown,Insecta,0,0.0,19,2.995732273553991,11,19,0.0,0.0,0.0,0.0,0.0,0.0
Cophura,Unknown,Insecta,0,0.0,1,0.6931471805599453,1,1,0.0,0.0,0.0,0.0,0.0,0.0
Copibryophila angelica,Unknown,Insecta,0,0.0,2,1.0986122886681098,2,1,0.0,0.0,0.0,0.0,0.0,0.0
Copidita quadrimaculata,Four-marked False Blister Beetle,Insecta,0,0.0,1,0.6931471805599453,1,1,0.0,0.0,0.0,0.0,0.0,0.0
Coprinellus,Unknown,Fungi,1,1.0,1,0.6931471805599453,1,1,0.0,0.0,0.0,0.0,0.0,0.0
Coprinellus micaceus,mica cap,Fungi,0,0.0,1,0.6931471805599453,1,1,0.0,0.0,0.0,0.0,0.0,0.0
Coprinopsis,Inkcaps,Fungi,1,1.0,1,0.6931471805599453,1,1,0.0,0.0,0.0,0.0,0.0,0.0
Corallina,Unknown,Plantae,0,0.0,1,0.6931471805599453,1,1,0.0,0.0,0.0,0.0,0.0,0.0
Corallina officinalis,Common Coralline,Plantae,0,0.0,4,1.6094379124341003,3,3,0.0,0.0,0.0,0.0,0.0,0.0
Corallinales,Coralline algae,Plantae,0,0.0,4,1.6094379124341003,3,4,0.0,0.0,0.0,0.0,0.0,0.0
Corallinoideae,Unknown,Plantae,0,0.0,2,1.0986122886681098,2,2,0.0,0.0,0.0,0.0,0.0,0.0
Coreoidea,Leaf-footed Bugs and Allies,Insecta,0,0.0,1,0.6931471805599453,1,1,0.0,0.0,0.0,0.0,0.0,0.0
Corethrogyne filaginifolia,California Aster,Plantae,0,0.0,3,1.3862943611198906,1,3,0.0,0.0,0.0,0.0,0.0,0.0
Coriarachnini,Unknown,Arachnida,0,0.0,2,1.0986122886681098,2,2,0.0,0.0,0.0,0.0,0.0,0.0
Corixini,Unknown,Insecta,0,0.0,1,0.6931471805599453,1,1,0.0,0.0,0.0,0.0,0.0,0.0
Cornu aspersum,Garden Snail,Mollusca,1,6.0,8,2.1972245773362196,8,7,0.0,0.0,0.0,0.0,0.0,0.0
Cortaderia selloana,Pampas Grass,Plantae,0,0.0,1,0.6931471805599453,1,1,0.0,0.0,0.0,0.0,0.0,0.0
Corthylio calendula,Ruby-crowned Kinglet,Aves,1,1.0,4,1.6094379124341003,4,4,0.0,0.0,0.0,0.0,0.0,0.0
Corticariinae,Unknown,Insecta,0,0.0,1,0.6931471805599453,1,1,0.0,0.0,0.0,0.0,0.0,0.0
Corvus,Crows and Ravens,Aves,0,0.0,6,1.9459101490553132,3,6,0.0,0.0,0.0,0.0,0.0,0.0
Corvus brachyrhynchos,American Crow,Aves,1,8.0,101,4.624972813284271,34,87,0.0,0.0,0.0,0.0,0.0,0.0
Corvus corax,Common Raven,Aves,1,1.0,40,3.713572066704308,14,37,0.0,0.0,0.0,0.0,0.0,0.0
Corythucha,Unknown,Insecta,0,0.0,1,0.6931471805599453,1,1,0.0,0.0,0.0,0.0,0.0,0.0
Cotinis mutabilis,Figeater Beetle,Insecta,1,5.0,32,3.4965075614664802,20,32,0.0,0.0,0.0,0.0,0.0,0.0
Cotula australis,Common Cotula,Plantae,0,0.0,1,0.6931471805599453,1,1,0.0,0.0,0.0,0.0,0.0,0.0
Cotula coronopifolia,Brass Buttons,Plantae,0,0.0,12,2.5649493574615367,8,11,0.0,0.0,0.0,0.0,0.0,0.0
Crabroninae,Unknown,Insecta,0,0.0,2,1.0986122886681098,2,2,0.0,0.0,0.0,0.0,0.0,0.0
Crambidae,Crambid Snout Moths,Insecta,0,0.0,4,1.6094379124341003,4,4,0.0,0.0,0.0,0.0,0.0,0.0
Craspedolepta martini,Unknown,Insecta,0,0.0,1,0.6931471805599453,1,1,0.0,0.0,0.0,0.0,0.0,0.0
Crassadoma gigantea,Giant Rock Scallop,Mollusca,0,0.0,1,0.6931471805599453,1,1,0.0,0.0,0.0,0.0,0.0,0.0
Crassiclitellata,Typical Earthworms,Animalia,0,0.0,1,0.6931471805599453,1,1,0.0,0.0,0.0,0.0,0.0,0.0
Crassostreinae,Cupped Oysters,Mollusca,1,4.0,3,1.3862943611198906,1,3,0.0,0.0,0.0,0.0,0.0,0.0
Crassula connata,sand pygmyweed,Plantae,1,1.0,14,2.70805020110221,9,11,0.0,0.0,0.0,0.0,0.0,0.0
Crassula ovata,jade plant,Plantae,0,0.0,1,0.6931471805599453,1,1,0.0,0.0,0.0,0.0,0.0,0.0
Cremastinae,Unknown,Insecta,0,0.0,1,0.6931471805599453,1,1,0.0,0.0,0.0,0.0,0.0,0.0
Cremastobombycia,Unknown,Insecta,0,0.0,1,0.6931471805599453,1,1,0.0,0.0,0.0,0.0,0.0,0.0
Cremastocheilus,Anteater Scarabs,Insecta,0,0.0,1,0.6931471805599453,1,1,0.0,0.0,0.0,0.0,0.0,0.0
Crematogaster,Acrobat Ants and Cocktail Ants,Insecta,0,0.0,5,1.791759469228055,5,5,0.0,0.0,0.0,0.0,0.0,0.0
Crepidotus,Oysterlings,Fungi,0,0.0,1,0.6931471805599453,1,1,0.0,0.0,0.0,0.0,0.0,0.0
Crepidula onyx,Onyx Slippersnail,Mollusca,0,0.0,25,3.258096538021482,7,19,0.0,0.0,0.0,0.0,0.0,0.0
Crepipatella lingulata,Pacific Half-slipper Snail,Mollusca,0,0.0,6,1.9459101490553132,5,6,0.0,0.0,0.0,0.0,0.0,0.0
Cressa,Unknown,Plantae,0,0.0,3,1.3862943611198906,3,3,0.0,0.0,0.0,0.0,0.0,0.0
Cressa truxillensis,Alkali Weed,Plantae,1,6.0,88,4.48863636973214,47,71,0.0,0.0,0.0,0.0,0.0,0.0
Crinocheta,Unknown,Animalia,0,0.0,1,0.6931471805599453,1,1,0.0,0.0,0.0,0.0,0.0,0.0
Crocidosema plebejana,Cotton Tipworm Moth,Insecta,0,0.0,1,0.6931471805599453,1,1,0.0,0.0,0.0,0.0,0.0,0.0
Crossata californica,California frog shell,Mollusca,0,0.0,4,1.6094379124341003,2,4,0.0,0.0,0.0,0.0,0.0,0.0
Crossidius testaceus,Unknown,Insecta,0,0.0,3,1.3862943611198906,3,3,0.0,0.0,0.0,0.0,0.0,0.0
Crossidius testaceus australis,Unknown,Insecta,0,0.0,1,0.6931471805599453,1,1,0.0,0.0,0.0,0.0,0.0,0.0
Crotalus oreganus helleri,Southern Pacific Rattlesnake,Reptilia,0,0.0,50,3.9318256327243257,35,49,0.0,0.0,0.0,0.0,0.0,0.0
Croton californicus,California croton,Plantae,0,0.0,12,2.5649493574615367,10,11,0.0,0.0,0.0,0.0,0.0,0.0
Crucibulum,Cup-and-Saucer Limpets,Mollusca,0,0.0,2,1.0986122886681098,2,2,0.0,0.0,0.0,0.0,0.0,0.0
Crucibulum spinosum,Spiny Cup-and-Saucer,Mollusca,1,1.0,20,3.044522437723423,8,16,0.0,0.0,0.0,0.0,0.0,0.0
Cryptachaea,Unknown,Arachnida,0,0.0,1,0.6931471805599453,1,1,0.0,0.0,0.0,0.0,0.0,0.0
Cryptantha,Annual Cryptanthas,Plantae,0,0.0,3,1.3862943611198906,3,3,0.0,0.0,0.0,0.0,0.0,0.0
Cryptantha intermedia,Clearwater cryptantha,Plantae,0,0.0,11,2.4849066497880004,10,10,0.0,0.0,0.0,0.0,0.0,0.0
Cryptantha intermedia intermedia,Common Cryptantha,Plantae,0,0.0,1,0.6931471805599453,1,1,0.0,0.0,0.0,0.0,0.0,0.0
Cryptocephalus andrewsi,Unknown,Insecta,0,0.0,1,0.6931471805599453,1,1,0.0,0.0,0.0,0.0,0.0,0.0
Cryptocephalus sanguinicollis,Blood-necked Cryptocephalus,Insecta,0,0.0,1,0.6931471805599453,1,1,0.0,0.0,0.0,0.0,0.0,0.0
Cryptomya californica,California Softshell,Mollusca,0,0.0,1,0.6931471805599453,1,1,0.0,0.0,0.0,0.0,0.0,0.0
Cryptopleura,Unknown,Plantae,0,0.0,1,0.6931471805599453,1,1,0.0,0.0,0.0,0.0,0.0,0.0
Cryptopleura ruprechtiana,Grape Tongue,Plantae,0,0.0,3,1.3862943611198906,3,3,0.0,0.0,0.0,0.0,0.0,0.0
Cryptopleureae,Unknown,Plantae,0,0.0,1,0.6931471805599453,1,1,0.0,0.0,0.0,0.0,0.0,0.0
Ctenogobius sagittula,Longtail Goby,Actinopterygii,0,0.0,1,0.6931471805599453,1,1,0.0,0.0,0.0,0.0,0.0,0.0
Ctenolepisma longicaudatum,Long-tailed Silverfish,Insecta,0,0.0,1,0.6931471805599453,1,1,0.0,0.0,0.0,0.0,0.0,0.0
Cucullia charon,Unknown,Insecta,0,0.0,1,0.6931471805599453,1,1,0.0,0.0,0.0,0.0,0.0,0.0
Cucurbita ficifolia,fig-leafed gourd,Plantae,0,0.0,2,1.0986122886681098,2,2,0.0,0.0,0.0,0.0,0.0,0.0
Cucurbita maxima,winter squash,Plantae,0,0.0,2,1.0986122886681098,2,2,0.0,0.0,0.0,0.0,0.0,0.0
Cucurbitaceae,gourd family,Plantae,0,0.0,4,1.6094379124341003,4,4,0.0,0.0,0.0,0.0,0.0,0.0
Culex quinquefasciatus,Southern House Mosquito,Insecta,0,0.0,1,0.6931471805599453,1,1,0.0,0.0,0.0,0.0,0.0,0.0
Culex tarsalis,Western Encephalitis Mosquito,Insecta,0,0.0,1,0.6931471805599453,1,1,0.0,0.0,0.0,0.0,0.0,0.0
Culicidae,Mosquitoes,Insecta,0,0.0,1,0.6931471805599453,1,1,0.0,0.0,0.0,0.0,0.0,0.0
Culicinae,Culicine Mosquitoes,Insecta,1,1.0,1,0.6931471805599453,1,1,0.0,0.0,0.0,0.0,0.0,0.0
Cupido amyntula,Western Tailed-Blue,Insecta,0,0.0,4,1.6094379124341003,4,4,0.0,0.0,0.0,0.0,0.0,0.0
Cupressaceae,cypress family,Plantae,0,0.0,1,0.6931471805599453,1,1,0.0,0.0,0.0,0.0,0.0,0.0
Curculionidae,True Weevils,Insecta,0,0.0,2,1.0986122886681098,1,1,0.0,0.0,0.0,0.0,0.0,0.0
Curicaberis,Unknown,Arachnida,1,1.0,4,1.6094379124341003,4,4,0.0,0.0,0.0,0.0,0.0,0.0
Curvularia ravenelii,Sporobolus inflorescence smut,Fungi,0,0.0,2,1.0986122886681098,1,2,0.0,0.0,0.0,0.0,0.0,0.0
Cuscuta,dodders,Plantae,1,5.0,24,3.2188758248682006,16,19,0.0,0.0,0.0,0.0,0.0,0.0
Cuscuta californica,California dodder,Plantae,0,0.0,8,2.1972245773362196,7,7,0.0,0.0,0.0,0.0,0.0,0.0
Cuscuta pacifica,Pacific goldenthread,Plantae,1,36.0,34,3.5553480614894135,25,27,0.0,0.0,0.0,0.0,0.0,0.0
Cuscuta pacifica pacifica,Unknown,Plantae,1,1.0,8,2.1972245773362196,6,8,0.0,0.0,0.0,0.0,0.0,0.0
Cuterebra,Glire Bot Flies,Insecta,0,0.0,2,1.0986122886681098,2,2,0.0,0.0,0.0,0.0,0.0,0.0
Cuterebra lepivora,Unknown,Insecta,0,0.0,1,0.6931471805599453,1,1,0.0,0.0,0.0,0.0,0.0,0.0
Cyanobacteria,Unknown,Unknown,0,0.0,4,1.6094379124341003,2,4,0.0,0.0,0.0,0.0,0.0,0.0
Cyanocorax colliei,Black-throated Magpie-Jay,Aves,0,0.0,9,2.302585092994046,9,9,0.0,0.0,0.0,0.0,0.0,0.0
Cyanocorax yncas,Green Jay,Aves,0,0.0,1,0.6931471805599453,1,1,0.0,0.0,0.0,0.0,0.0,0.0
Cyanophyceae,Unknown,Unknown,0,0.0,1,0.6931471805599453,1,1,0.0,0.0,0.0,0.0,0.0,0.0
Cyathus olla,field bird's nest fungus,Fungi,0,0.0,1,0.6931471805599453,1,1,0.0,0.0,0.0,0.0,0.0,0.0
Cyathus stercoreus,dung-loving bird's nest fungus,Fungi,0,0.0,1,0.6931471805599453,1,1,0.0,0.0,0.0,0.0,0.0,0.0
Cyclocephala lurida,Southern Masked Chafer,Insecta,0,0.0,1,0.6931471805599453,1,1,0.0,0.0,0.0,0.0,0.0,0.0
Cycloneda,Spotless Lady Beetles,Insecta,0,0.0,3,1.3862943611198906,3,3,0.0,0.0,0.0,0.0,0.0,0.0
Cycloneda sanguinea,Spotless Lady Beetle,Insecta,0,0.0,40,3.713572066704308,27,34,0.0,0.0,0.0,0.0,0.0,0.0
Cyclophora nanaria,Dwarf Tawny Wave,Insecta,1,1.0,2,1.0986122886681098,2,2,0.0,0.0,0.0,0.0,0.0,0.0
Cycloptilum distinctum,Distinctive scaly cricket,Insecta,0,0.0,1,0.6931471805599453,1,1,0.0,0.0,0.0,0.0,0.0,0.0
Cyclorrhapha,Cyclorrhaphan Flies,Insecta,0,0.0,2,1.0986122886681098,2,2,0.0,0.0,0.0,0.0,0.0,0.0
Cyclosa turbinata,Humped Trashline Orbweaver,Arachnida,0,0.0,1,0.6931471805599453,1,1,0.0,0.0,0.0,0.0,0.0,0.0
Cyclospermum leptophyllum,Marsh parsley,Plantae,0,0.0,1,0.6931471805599453,1,1,0.0,0.0,0.0,0.0,0.0,0.0
Cylindropuntia,chollas,Plantae,1,3.0,41,3.7376696182833684,37,30,0.0,0.0,0.0,0.0,0.0,0.0
Cylindropuntia californica,California Cholla,Plantae,0,0.0,3,1.3862943611198906,3,3,0.0,0.0,0.0,0.0,0.0,0.0
Cylindropuntia cholla,Chain-link Cholla,Plantae,1,5.0,6,1.9459101490553132,6,5,0.0,0.0,0.0,0.0,0.0,0.0
Cylindropuntia ganderi,Gander's cholla,Plantae,0,0.0,1,0.6931471805599453,1,1,0.0,0.0,0.0,0.0,0.0,0.0
Cylindropuntia prolifera,Coast Cholla,Plantae,1,6.0,404,6.003887067106539,222,283,0.0,0.0,0.0,0.0,0.0,0.0
Cynara cardunculus,Artichoke Thistle,Plantae,0,0.0,1,0.6931471805599453,1,1,0.0,0.0,0.0,0.0,0.0,0.0
Cynipoidea,Gall Wasps and Allies,Insecta,0,0.0,1,0.6931471805599453,1,1,0.0,0.0,0.0,0.0,0.0,0.0
Cynodon dactylon,Bermuda grass,Plantae,1,1.0,16,2.833213344056216,7,16,0.0,0.0,0.0,0.0,0.0,0.0
Cynodon dactylon dactylon,Bermuda Grass,Plantae,0,0.0,1,0.6931471805599453,1,1,0.0,0.0,0.0,0.0,0.0,0.0
Cyperaceae,Sedges,Plantae,0,0.0,1,0.6931471805599453,1,1,0.0,0.0,0.0,0.0,0.0,0.0
Cyperus alternifolius,Umbrella Papyrus,Plantae,0,0.0,6,1.9459101490553132,5,6,0.0,0.0,0.0,0.0,0.0,0.0
Cyperus alternifolius flabelliformis,Umbrella papyrus,Plantae,0,0.0,2,1.0986122886681098,2,2,0.0,0.0,0.0,0.0,0.0,0.0
Cyperus brevifolius,Shortleaf Spikesedge,Plantae,0,0.0,1,0.6931471805599453,1,1,0.0,0.0,0.0,0.0,0.0,0.0
Cyperus eragrostis,tall flatsedge,Plantae,1,2.0,5,1.791759469228055,4,5,0.0,0.0,0.0,0.0,0.0,0.0
Dallocardia,Unknown,Mollusca,0,0.0,1,0.6931471805599453,1,1,0.0,0.0,0.0,0.0,0.0,0.0
Dallocardia quadragenaria,Spiny Prickly Cockle,Mollusca,0,0.0,4,1.6094379124341003,4,3,0.0,0.0,0.0,0.0,0.0,0.0
Danaus gilippus,Queen,Insecta,0,0.0,3,1.3862943611198906,3,3,0.0,0.0,0.0,0.0,0.0,0.0
Danaus plexippus,Monarch,Insecta,1,6.0,43,3.784189633918261,24,39,0.0,0.0,0.0,0.0,0.0,0.0
Danepteryx,Unknown,Insecta,0,0.0,1,0.6931471805599453,1,1,0.0,0.0,0.0,0.0,0.0,0.0
Dargida procinctus,Girdler Moth,Insecta,0,0.0,1,0.6931471805599453,1,1,0.0,0.0,0.0,0.0,0.0,0.0
Dasymutilla,Unknown,Insecta,1,1.0,6,1.9459101490553132,5,6,0.0,0.0,0.0,0.0,0.0,0.0
Dasymutilla aureola,Pacific Velvet Ant,Insecta,0,0.0,43,3.784189633918261,31,43,0.0,0.0,0.0,0.0,0.0,0.0
Dasymutilla californica,Unknown,Insecta,1,1.0,3,1.3862943611198906,2,3,0.0,0.0,0.0,0.0,0.0,0.0
Dasymutilla coccineohirta,Unknown,Insecta,0,0.0,1,0.6931471805599453,1,1,0.0,0.0,0.0,0.0,0.0,0.0
Dasymutilla foxi,Unknown,Insecta,0,0.0,2,1.0986122886681098,2,2,0.0,0.0,0.0,0.0,0.0,0.0
Dasymutilla sackenii,Sacken's Velvet Ant,Insecta,0,0.0,71,4.276666119016055,54,63,0.0,0.0,0.0,0.0,0.0,0.0
Dasytinae,Unknown,Insecta,0,0.0,1,0.6931471805599453,1,1,0.0,0.0,0.0,0.0,0.0,0.0
Datura,Devil's Trumpets,Plantae,1,1.0,4,1.6094379124341003,4,4,0.0,0.0,0.0,0.0,0.0,0.0
Datura wrightii,Sacred Datura,Plantae,1,21.0,96,4.574710978503383,67,89,0.0,0.0,0.0,0.0,0.0,0.0
Daucus pusillus,American wild carrot,Plantae,0,0.0,4,1.6094379124341003,4,4,0.0,0.0,0.0,0.0,0.0,0.0
Decapoda,Decapods,Animalia,0,0.0,1,0.6931471805599453,1,1,0.0,0.0,0.0,0.0,0.0,0.0
Deinandra fasciculata,Clustered Tarweed,Plantae,1,1.0,34,3.5553480614894135,11,29,0.0,0.0,0.0,0.0,0.0,0.0
Deinandra paniculata,San Diego Tarweed,Plantae,0,0.0,1,0.6931471805599453,1,1,0.0,0.0,0.0,0.0,0.0,0.0
Deirochelyinae,Deirochelyine Turtles,Reptilia,0,0.0,1,0.6931471805599453,1,1,0.0,0.0,0.0,0.0,0.0,0.0
Dejongia californicus,Gumweed Plume Moth,Insecta,0,0.0,1,0.6931471805599453,1,1,0.0,0.0,0.0,0.0,0.0,0.0
Delesseriaceae,dasya family,Plantae,0,0.0,1,0.6931471805599453,1,1,0.0,0.0,0.0,0.0,0.0,0.0
Delphinidae,Oceanic Dolphins,Mammalia,0,0.0,1,0.6931471805599453,1,1,0.0,0.0,0.0,0.0,0.0,0.0
Delphinium,larkspurs,Plantae,0,0.0,2,1.0986122886681098,2,2,0.0,0.0,0.0,0.0,0.0,0.0
Delphinus delphis,Common Dolphin,Mammalia,0,0.0,1,0.6931471805599453,1,1,0.0,0.0,0.0,0.0,0.0,0.0
Dendraster excentricus,Eccentric Sand Dollar,Animalia,0,0.0,88,4.48863636973214,37,73,0.0,0.0,0.0,0.0,0.0,0.0
Dendryphantina,Unknown,Arachnida,0,0.0,6,1.9459101490553132,6,5,0.0,0.0,0.0,0.0,0.0,0.0
Dentalium neohexagonum,Hexagon Tuskshell,Mollusca,0,0.0,1,0.6931471805599453,1,1,0.0,0.0,0.0,0.0,0.0,0.0
Dermacentor,Dog Ticks,Arachnida,0,0.0,1,0.6931471805599453,1,1,0.0,0.0,0.0,0.0,0.0,0.0
Dermacentor occidentalis,Pacific Coast Tick,Arachnida,0,0.0,3,1.3862943611198906,3,2,0.0,0.0,0.0,0.0,0.0,0.0
Dermacentor variabilis,American Dog Tick,Arachnida,0,0.0,1,0.6931471805599453,1,1,0.0,0.0,0.0,0.0,0.0,0.0
Dermestes frischii,Fringed Larder Beetle,Insecta,0,0.0,3,1.3862943611198906,3,3,0.0,0.0,0.0,0.0,0.0,0.0
Dermestes maculatus,Unknown,Insecta,0,0.0,1,0.6931471805599453,1,1,0.0,0.0,0.0,0.0,0.0,0.0
Deroceras reticulatum,Milky Slug,Mollusca,0,0.0,1,0.6931471805599453,1,1,0.0,0.0,0.0,0.0,0.0,0.0
Derotmema saussureanum,Saussure's Desert Grasshopper,Insecta,0,0.0,1,0.6931471805599453,1,1,0.0,0.0,0.0,0.0,0.0,0.0
Descurainia pinnata,Western Tansymustard,Plantae,0,0.0,5,1.791759469228055,5,3,0.0,0.0,0.0,0.0,0.0,0.0
Desmarestia,Unknown,Chromista,0,0.0,4,1.6094379124341003,3,4,0.0,0.0,0.0,0.0,0.0,0.0
Desmarestia ligulata,flattened acid kelp,Chromista,0,0.0,2,1.0986122886681098,2,2,0.0,0.0,0.0,0.0,0.0,0.0
Desmometopa,Unknown,Insecta,0,0.0,3,1.3862943611198906,3,3,0.0,0.0,0.0,0.0,0.0,0.0
Diabrotica undecimpunctata,Spotted Cucumber Beetle,Insecta,0,0.0,4,1.6094379124341003,4,4,0.0,0.0,0.0,0.0,0.0,0.0
Diachus auratus,Bronze Leaf Beetle,Insecta,0,0.0,1,0.6931471805599453,1,1,0.0,0.0,0.0,0.0,0.0,0.0
Diadasia,Unknown,Insecta,1,1.0,13,2.6390573296152584,9,8,0.0,0.0,0.0,0.0,0.0,0.0
Diadasia australis,Cactus chimney bees,Insecta,0,0.0,3,1.3862943611198906,3,2,0.0,0.0,0.0,0.0,0.0,0.0
Diadasia diminuta,Globemallow chimney bees,Insecta,0,0.0,6,1.9459101490553132,3,5,0.0,0.0,0.0,0.0,0.0,0.0
Diadasia ochracea,Ochraceous Chimney Bee,Insecta,0,0.0,9,2.302585092994046,2,2,0.0,0.0,0.0,0.0,0.0,0.0
Dialictus,Metallic Sweat Bees,Insecta,1,7.0,70,4.2626798770413155,23,45,0.0,0.0,0.0,0.0,0.0,0.0
Diastictis,Unknown,Insecta,0,0.0,1,0.6931471805599453,1,1,0.0,0.0,0.0,0.0,0.0,0.0
Dichondra,ponysfoots,Plantae,0,0.0,2,1.0986122886681098,2,2,0.0,0.0,0.0,0.0,0.0,0.0
Dichondra micrantha,Asian ponysfoot,Plantae,0,0.0,1,0.6931471805599453,1,1,0.0,0.0,0.0,0.0,0.0,0.0
Dichondra occidentalis,western ponysfoot,Plantae,0,0.0,5,1.791759469228055,4,2,0.0,0.0,0.0,0.0,0.0,0.0
Dichorda illustraria,Unknown,Insecta,0,0.0,1,0.6931471805599453,1,1,0.0,0.0,0.0,0.0,0.0,0.0
Dictyopharidae,Dictyopharid Planthoppers,Insecta,0,0.0,1,0.6931471805599453,1,1,0.0,0.0,0.0,0.0,0.0,0.0
Dictyota,Y-branched Algae,Chromista,0,0.0,3,1.3862943611198906,3,2,0.0,0.0,0.0,0.0,0.0,0.0
Dicymolomia metalliferalis,Unknown,Insecta,0,0.0,4,1.6094379124341003,3,1,0.0,0.0,0.0,0.0,0.0,0.0
Didelphis virginiana,Virginia Opossum,Mammalia,1,1.0,27,3.332204510175204,8,22,0.0,0.0,0.0,0.0,0.0,0.0
Didymodon,Unknown,Plantae,0,0.0,3,1.3862943611198906,3,2,0.0,0.0,0.0,0.0,0.0,0.0
Dielis,Unknown,Insecta,0,0.0,3,1.3862943611198906,3,3,0.0,0.0,0.0,0.0,0.0,0.0
Dielis pilipes,Hairy-footed Scoliid Wasp,Insecta,0,0.0,2,1.0986122886681098,2,2,0.0,0.0,0.0,0.0,0.0,0.0
Dielis tolteca,Toltec Scoliid Wasp,Insecta,0,0.0,13,2.6390573296152584,6,12,0.0,0.0,0.0,0.0,0.0,0.0
Dieunomia nevadensis,Nevada Nomia,Insecta,0,0.0,3,1.3862943611198906,2,2,0.0,0.0,0.0,0.0,0.0,0.0
Dieunomia nevadensis angelesia,Unknown,Insecta,0,0.0,10,2.3978952727983707,4,6,0.0,0.0,0.0,0.0,0.0,0.0
Digrammia,Unknown,Insecta,0,0.0,1,0.6931471805599453,1,1,0.0,0.0,0.0,0.0,0.0,0.0
Digrammia colorata,Creosote Moth,Insecta,0,0.0,1,0.6931471805599453,1,1,0.0,0.0,0.0,0.0,0.0,0.0
Digrammia neptaria,Dark-bordered Granite,Insecta,0,0.0,5,1.791759469228055,4,2,0.0,0.0,0.0,0.0,0.0,0.0
Dimelaena,Mountain Lichens,Fungi,0,0.0,1,0.6931471805599453,1,1,0.0,0.0,0.0,0.0,0.0,0.0
Dimorphotheca,Afro-Australian daisies,Plantae,0,0.0,1,0.6931471805599453,1,1,0.0,0.0,0.0,0.0,0.0,0.0
Dimorphotheca pluvialis,rain daisy,Plantae,0,0.0,2,1.0986122886681098,2,2,0.0,0.0,0.0,0.0,0.0,0.0
Dimorphotheca sinuata,Cape marigold,Plantae,0,0.0,1,0.6931471805599453,1,1,0.0,0.0,0.0,0.0,0.0,0.0
Diodon holocanthus,Longspined Porcupinefish,Actinopterygii,0,0.0,1,0.6931471805599453,1,1,0.0,0.0,0.0,0.0,0.0,0.0
Diodora arnoldi,Unknown,Mollusca,0,0.0,3,1.3862943611198906,2,1,0.0,0.0,0.0,0.0,0.0,0.0
Diodora aspera,Rough Keyhole Limpet,Mollusca,0,0.0,6,1.9459101490553132,5,5,0.0,0.0,0.0,0.0,0.0,0.0
Diogmites angustipennis,Prairie Robber Fly,Insecta,0,0.0,1,0.6931471805599453,1,1,0.0,0.0,0.0,0.0,0.0,0.0
Dione vanillae,Gulf Fritillary,Insecta,0,0.0,8,2.1972245773362196,8,7,0.0,0.0,0.0,0.0,0.0,0.0
Diopatra,Unknown,Animalia,0,0.0,3,1.3862943611198906,2,3,0.0,0.0,0.0,0.0,0.0,0.0
Dioprosopa clavata,Four-speckled Hover Fly,Insecta,0,0.0,1,0.6931471805599453,1,1,0.0,0.0,0.0,0.0,0.0,0.0
Diplacus,bush monkeyflowers,Plantae,0,0.0,12,2.5649493574615367,12,11,0.0,0.0,0.0,0.0,0.0,0.0
Diplacus puniceus,red bush monkeyflower,Plantae,0,0.0,32,3.4965075614664802,28,26,0.0,0.0,0.0,0.0,0.0,0.0
Diplacus × australis,San Diego Monkeyflower,Plantae,0,0.0,4,1.6094379124341003,4,4,0.0,0.0,0.0,0.0,0.0,0.0
Dipogon lignosus,Okie bean,Plantae,0,0.0,2,1.0986122886681098,2,1,0.0,0.0,0.0,0.0,0.0,0.0
Diptera,Flies,Insecta,1,4.0,29,3.4011973816621555,17,22,0.0,0.0,0.0,0.0,0.0,0.0
Dipterostemon capitatus,Blue Dicks,Plantae,0,0.0,12,2.5649493574615367,10,11,0.0,0.0,0.0,0.0,0.0,0.0
Dipterostemon capitatus capitatus,Unknown,Plantae,0,0.0,2,1.0986122886681098,2,2,0.0,0.0,0.0,0.0,0.0,0.0
Disciseda,Unknown,Fungi,0,0.0,1,0.6931471805599453,1,1,0.0,0.0,0.0,0.0,0.0,0.0
Dissosteira pictipennis,California Rose-winged Grasshopper,Insecta,0,0.0,3,1.3862943611198906,3,3,0.0,0.0,0.0,0.0,0.0,0.0
Distichlis,Unknown,Plantae,1,1.0,5,1.791759469228055,5,5,0.0,0.0,0.0,0.0,0.0,0.0
Distichlis littoralis,shore grass,Plantae,1,28.0,89,4.499809670330265,50,69,0.0,0.0,0.0,0.0,0.0,0.0
Distichlis spicata,Saltgrass,Plantae,1,20.0,103,4.6443908991413725,54,89,0.0,0.0,0.0,0.0,0.0,0.0
Dittrichia graveolens,Stinkwort,Plantae,1,2.0,58,4.07753744390572,16,41,0.0,0.0,0.0,0.0,0.0,0.0
Donax gouldii,Gould Beanclam,Mollusca,0,0.0,97,4.584967478670572,36,76,0.0,0.0,0.0,0.0,0.0,0.0
Dorymyrmex bicolor,Bicolored Pyramid Ant,Insecta,1,1.0,5,1.791759469228055,4,5,0.0,0.0,0.0,0.0,0.0,0.0
Dosima fascicularis,Buoy Barnacle,Animalia,0,0.0,4,1.6094379124341003,3,4,0.0,0.0,0.0,0.0,0.0,0.0
Drosanthemum,Dewfigs,Plantae,0,0.0,1,0.6931471805599453,1,1,0.0,0.0,0.0,0.0,0.0,0.0
Drosanthemum floribundum,Pale dewplant,Plantae,0,0.0,13,2.6390573296152584,13,13,0.0,0.0,0.0,0.0,0.0,0.0
Drosophila,Small Fruit Flies,Insecta,0,0.0,1,0.6931471805599453,1,1,0.0,0.0,0.0,0.0,0.0,0.0
Dryobates nuttallii,Nuttall's Woodpecker,Aves,0,0.0,9,2.302585092994046,5,8,0.0,0.0,0.0,0.0,0.0,0.0
Dryobates pubescens,Downy Woodpecker,Aves,0,0.0,6,1.9459101490553132,5,5,0.0,0.0,0.0,0.0,0.0,0.0
Dryopteris arguta,coastal woodfern,Plantae,0,0.0,1,0.6931471805599453,1,1,0.0,0.0,0.0,0.0,0.0,0.0
Dudleya,Liveforever,Plantae,0,0.0,6,1.9459101490553132,5,5,0.0,0.0,0.0,0.0,0.0,0.0
Dudleya attenuata,Tapertip Liveforever,Plantae,0,0.0,6,1.9459101490553132,5,4,0.0,0.0,0.0,0.0,0.0,0.0
Dudleya attenuata attenuata,Tapertip Liveforever,Plantae,0,0.0,2,1.0986122886681098,2,2,0.0,0.0,0.0,0.0,0.0,0.0
Dudleya edulis,Fingertips,Plantae,1,3.0,45,3.828641396489095,26,38,0.0,0.0,0.0,0.0,0.0,0.0
Dudleya lanceolata,lanceleaf liveforever,Plantae,0,0.0,1,0.6931471805599453,1,1,0.0,0.0,0.0,0.0,0.0,0.0
Dudleya pulverulenta,Chalk Dudleya,Plantae,0,0.0,39,3.6888794541139363,31,34,0.0,0.0,0.0,0.0,0.0,0.0
Duplachionaspis spartinae,Salt Marsh Grass Scale,Insecta,0,0.0,1,0.6931471805599453,1,1,0.0,0.0,0.0,0.0,0.0,0.0
Duponchelia fovealis,European Pepper Moth,Insecta,0,0.0,2,1.0986122886681098,2,1,0.0,0.0,0.0,0.0,0.0,0.0
Dynastinae,Rhinoceros Beetles,Insecta,0,0.0,1,0.6931471805599453,1,1,0.0,0.0,0.0,0.0,0.0,0.0
Dysdera crocata,Woodlouse Spider,Arachnida,1,2.0,6,1.9459101490553132,5,5,0.0,0.0,0.0,0.0,0.0,0.0
Dysphania,Unknown,Plantae,0,0.0,1,0.6931471805599453,1,1,0.0,0.0,0.0,0.0,0.0,0.0
Dysphania ambrosioides,Mexican tea,Plantae,0,0.0,3,1.3862943611198906,3,3,0.0,0.0,0.0,0.0,0.0,0.0
Echinargus isola,Reakirt's Blue,Insecta,0,0.0,2,1.0986122886681098,2,2,0.0,0.0,0.0,0.0,0.0,0.0
Echinochloa,Barnyard Grasses,Plantae,0,0.0,3,1.3862943611198906,2,2,0.0,0.0,0.0,0.0,0.0,0.0
Echinochloa crus-galli,barnyardgrass,Plantae,0,0.0,3,1.3862943611198906,3,2,0.0,0.0,0.0,0.0,0.0,0.0
Efferia albibarbis,Sand Hammertail,Insecta,0,0.0,1,0.6931471805599453,1,1,0.0,0.0,0.0,0.0,0.0,0.0
Egregia menziesii,Feather Boa Kelp,Chromista,1,2.0,44,3.8066624897703196,17,35,0.0,0.0,0.0,0.0,0.0,0.0
Egretta,Small Egrets and Herons,Aves,1,1.0,2,1.0986122886681098,2,2,0.0,0.0,0.0,0.0,0.0,0.0
Egretta caerulea,Little Blue Heron,Aves,1,12.0,68,4.23410650459726,38,60,0.0,0.0,0.0,0.0,0.0,0.0
Egretta rufescens,Reddish Egret,Aves,1,3.0,22,3.1354942159291497,15,18,0.0,0.0,0.0,0.0,0.0,0.0
Egretta thula,Snowy Egret,Aves,1,47.0,590,6.3818160174060985,163,432,0.0,0.0,0.0,0.0,0.0,0.0
Egretta tricolor,Tricolored Heron,Aves,1,2.0,8,2.1972245773362196,6,7,0.0,0.0,0.0,0.0,0.0,0.0
Ehrharta erecta,panic veldtgrass,Plantae,1,1.0,5,1.791759469228055,2,4,0.0,0.0,0.0,0.0,0.0,0.0
Eisenia arborea,Southern sea palm,Chromista,0,0.0,2,1.0986122886681098,2,2,0.0,0.0,0.0,0.0,0.0,0.0
Elanus leucurus,White-tailed Kite,Aves,0,0.0,106,4.672828834461906,51,86,0.0,0.0,0.0,0.0,0.0,0.0
Elanus leucurus majusculus,North American White-tailed Kite,Aves,0,0.0,1,0.6931471805599453,1,1,0.0,0.0,0.0,0.0,0.0,0.0
Elasmobranchii,Sharks and Rays,Animalia,0,0.0,2,1.0986122886681098,2,2,0.0,0.0,0.0,0.0,0.0,0.0
Elateridae,Click Beetles,Insecta,0,0.0,4,1.6094379124341003,3,4,0.0,0.0,0.0,0.0,0.0,0.0
Eleodes,Desert Stink Beetles,Insecta,1,3.0,31,3.4657359027997265,19,28,0.0,0.0,0.0,0.0,0.0,0.0
Eleodes acuticauda,Unknown,Insecta,0,0.0,11,2.4849066497880004,5,8,0.0,0.0,0.0,0.0,0.0,0.0
Eleodes carbonaria,Unknown,Insecta,0,0.0,21,3.091042453358316,6,19,0.0,0.0,0.0,0.0,0.0,0.0
Eleodes carbonaria omissa,Unknown,Insecta,0,0.0,5,1.791759469228055,2,5,0.0,0.0,0.0,0.0,0.0,0.0
Eleodes gigantea,Unknown,Insecta,0,0.0,2,1.0986122886681098,1,2,0.0,0.0,0.0,0.0,0.0,0.0
Eleodes gracilis,Unknown,Insecta,0,0.0,29,3.4011973816621555,21,26,0.0,0.0,0.0,0.0,0.0,0.0
Eleodes gracilis distans,Unknown,Insecta,0,0.0,12,2.5649493574615367,10,12,0.0,0.0,0.0,0.0,0.0,0.0
Eleodes nigropilosa,Unknown,Insecta,1,1.0,17,2.8903717578961645,13,15,0.0,0.0,0.0,0.0,0.0,0.0
Eleodes osculans,Woolly Darkling Beetle,Insecta,0,0.0,6,1.9459101490553132,5,5,0.0,0.0,0.0,0.0,0.0,0.0
Elgaria multicarinata,Southern Alligator Lizard,Reptilia,0,0.0,18,2.9444389791664403,12,18,0.0,0.0,0.0,0.0,0.0,0.0
Elgaria multicarinata webbii,San Diego Alligator Lizard,Reptilia,0,0.0,8,2.1972245773362196,7,7,0.0,0.0,0.0,0.0,0.0,0.0
Emblethis vicarius,sand bug,Insecta,0,0.0,1,0.6931471805599453,1,1,0.0,0.0,0.0,0.0,0.0,0.0
Emerita analoga,Pacific Sand Crab,Animalia,0,0.0,47,3.871201010907891,22,40,0.0,0.0,0.0,0.0,0.0,0.0
Emmelina monodactyla,Morning-glory Plume Moth,Insecta,0,0.0,1,0.6931471805599453,1,1,0.0,0.0,0.0,0.0,0.0,0.0
Emmenanthe penduliflora,whispering bells,Plantae,0,0.0,2,1.0986122886681098,2,2,0.0,0.0,0.0,0.0,0.0,0.0
Empidigeron,Unknown,Insecta,0,0.0,1,0.6931471805599453,1,1,0.0,0.0,0.0,0.0,0.0,0.0
Empidonax,Empidonax Flycatchers,Aves,0,0.0,3,1.3862943611198906,3,3,0.0,0.0,0.0,0.0,0.0,0.0
Empidonax difficilis,Western Flycatcher,Aves,0,0.0,11,2.4849066497880004,9,10,0.0,0.0,0.0,0.0,0.0,0.0
Empidonax traillii,Willow Flycatcher,Aves,0,0.0,1,0.6931471805599453,1,1,0.0,0.0,0.0,0.0,0.0,0.0
Empoascini,Unknown,Insecta,0,0.0,2,1.0986122886681098,2,2,0.0,0.0,0.0,0.0,0.0,0.0
Enallagma civile,Familiar Bluet,Insecta,0,0.0,1,0.6931471805599453,1,1,0.0,0.0,0.0,0.0,0.0,0.0
Encelia,brittlebushes,Plantae,0,0.0,5,1.791759469228055,5,5,0.0,0.0,0.0,0.0,0.0,0.0
Encelia californica,California brittlebush,Plantae,1,48.0,244,5.501258210544727,171,169,0.0,0.0,0.0,0.0,0.0,0.0
Endiodioctes,Unknown,Insecta,0,0.0,1,0.6931471805599453,1,1,0.0,0.0,0.0,0.0,0.0,0.0
Engraulidae,Anchovies,Actinopterygii,0,0.0,1,0.6931471805599453,1,1,0.0,0.0,0.0,0.0,0.0,0.0
Engraulis mordax,Northern Anchovy,Actinopterygii,1,1.0,2,1.0986122886681098,2,2,0.0,0.0,0.0,0.0,0.0,0.0
Entelegynae,Entelegyne Spiders,Arachnida,1,1.0,3,1.3862943611198906,3,3,0.0,0.0,0.0,0.0,0.0,0.0
Entomobrya,Unknown,Animalia,0,0.0,1,0.6931471805599453,1,1,0.0,0.0,0.0,0.0,0.0,0.0
Entomobrya unostrigata,Cotton Springtail,Animalia,0,0.0,1,0.6931471805599453,1,1,0.0,0.0,0.0,0.0,0.0,0.0
Entypus unifasciatus,Unknown,Insecta,0,0.0,3,1.3862943611198906,3,3,0.0,0.0,0.0,0.0,0.0,0.0
Entypus unifasciatus californicus,Unknown,Insecta,0,0.0,1,0.6931471805599453,1,1,0.0,0.0,0.0,0.0,0.0,0.0
Epacmus,Unknown,Insecta,0,0.0,1,0.6931471805599453,1,1,0.0,0.0,0.0,0.0,0.0,0.0
Ephestiodes gilvescentella,Dusky Raisin Moth,Insecta,0,0.0,1,0.6931471805599453,1,1,0.0,0.0,0.0,0.0,0.0,0.0
Epiactis prolifera,Brooding Anemone,Animalia,0,0.0,2,1.0986122886681098,2,2,0.0,0.0,0.0,0.0,0.0,0.0
Epilobium canum,California fuchsia,Plantae,0,0.0,27,3.332204510175204,21,25,0.0,0.0,0.0,0.0,0.0,0.0
Epilobium canum canum,Unknown,Plantae,0,0.0,4,1.6094379124341003,4,4,0.0,0.0,0.0,0.0,0.0,0.0
Epilucina californica,California Lucine,Mollusca,0,0.0,2,1.0986122886681098,2,2,0.0,0.0,0.0,0.0,0.0,0.0
Epitonium sawinae,Unknown,Mollusca,0,0.0,1,0.6931471805599453,1,1,0.0,0.0,0.0,0.0,0.0,0.0
Epitonium tinctum,Painted Wentletrap,Mollusca,0,0.0,1,0.6931471805599453,1,1,0.0,0.0,0.0,0.0,0.0,0.0
Epitrix,Hairy Flea Beetles,Insecta,0,0.0,1,0.6931471805599453,1,1,0.0,0.0,0.0,0.0,0.0,0.0
Erebidae,"Underwing, Tiger, Tussock, and Allied Moths",Insecta,0,0.0,4,1.6094379124341003,3,4,0.0,0.0,0.0,0.0,0.0,0.0
Eremobates,Unknown,Arachnida,0,0.0,9,2.302585092994046,8,9,0.0,0.0,0.0,0.0,0.0,0.0
Eremobatidae,Straight-faced Windscorpions,Arachnida,0,0.0,2,1.0986122886681098,2,2,0.0,0.0,0.0,0.0,0.0,0.0
Eremophila alpestris,Horned Lark,Aves,0,0.0,32,3.4965075614664802,20,30,0.0,0.0,0.0,0.0,0.0,0.0
Ericameria,goldenbushes,Plantae,0,0.0,1,0.6931471805599453,1,1,0.0,0.0,0.0,0.0,0.0,0.0
Ericameria ericoides,California Goldenbush,Plantae,0,0.0,1,0.6931471805599453,1,1,0.0,0.0,0.0,0.0,0.0,0.0
Ericameria palmeri,Palmer's goldenbush,Plantae,0,0.0,2,1.0986122886681098,2,2,0.0,0.0,0.0,0.0,0.0,0.0
Ericameria pinifolia,Pine-bush,Plantae,0,0.0,1,0.6931471805599453,1,1,0.0,0.0,0.0,0.0,0.0,0.0
Erigeron,fleabanes and horseweeds,Plantae,0,0.0,4,1.6094379124341003,3,4,0.0,0.0,0.0,0.0,0.0,0.0
Erigeron bonariensis,Flax-leaved Horseweed,Plantae,1,1.0,4,1.6094379124341003,4,4,0.0,0.0,0.0,0.0,0.0,0.0
Erigeron canadensis,horseweed,Plantae,0,0.0,12,2.5649493574615367,7,12,0.0,0.0,0.0,0.0,0.0,0.0
Erigeron glaucus,seaside daisy,Plantae,0,0.0,3,1.3862943611198906,3,3,0.0,0.0,0.0,0.0,0.0,0.0
Erigeron sumatrensis,tropical horseweed,Plantae,0,0.0,2,1.0986122886681098,2,2,0.0,0.0,0.0,0.0,0.0,0.0
Erigoninae,Dwarf Spiders,Arachnida,0,0.0,1,0.6931471805599453,1,1,0.0,0.0,0.0,0.0,0.0,0.0
Eriogoneae,Unknown,Plantae,0,0.0,1,0.6931471805599453,1,1,0.0,0.0,0.0,0.0,0.0,0.0
Eriogonum,wild buckwheats,Plantae,0,0.0,4,1.6094379124341003,2,4,0.0,0.0,0.0,0.0,0.0,0.0
Eriogonum fasciculatum,California Buckwheat,Plantae,1,28.0,280,5.638354669333745,170,203,0.0,0.0,0.0,0.0,0.0,0.0
Eriogonum fasciculatum fasciculatum,Coastal California Buckwheat,Plantae,0,0.0,1,0.6931471805599453,1,1,0.0,0.0,0.0,0.0,0.0,0.0
Eriogonum fasciculatum foliolosum,Leafy California Buckwheat,Plantae,0,0.0,3,1.3862943611198906,3,3,0.0,0.0,0.0,0.0,0.0,0.0
Eriogonum parvifolium,Seacliff Wild Buckwheat,Plantae,0,0.0,3,1.3862943611198906,3,2,0.0,0.0,0.0,0.0,0.0,0.0
Eriophyidae,Gall and Rust Mites,Arachnida,0,0.0,1,0.6931471805599453,1,1,0.0,0.0,0.0,0.0,0.0,0.0
Eriophyllum confertiflorum,Golden Yarrow,Plantae,0,0.0,3,1.3862943611198906,3,2,0.0,0.0,0.0,0.0,0.0,0.0
Eriopygini,Unknown,Insecta,0,0.0,1,0.6931471805599453,1,1,0.0,0.0,0.0,0.0,0.0,0.0
Eriosomatinae,Woolly Aphids and Gall-making Aphids,Insecta,0,0.0,1,0.6931471805599453,1,1,0.0,0.0,0.0,0.0,0.0,0.0
Eristalinae,Drone Flies and Allies,Insecta,0,0.0,1,0.6931471805599453,1,1,0.0,0.0,0.0,0.0,0.0,0.0
Eristalinus aeneus,Common Lagoon Fly,Insecta,0,0.0,14,2.70805020110221,12,12,0.0,0.0,0.0,0.0,0.0,0.0
Eristalinus taeniops,Stripe-eyed Lagoon Fly,Insecta,0,0.0,9,2.302585092994046,7,8,0.0,0.0,0.0,0.0,0.0,0.0
Eristalis stipator,Yellow-shouldered Drone Fly,Insecta,0,0.0,2,1.0986122886681098,2,2,0.0,0.0,0.0,0.0,0.0,0.0
Eristalis tenax,Common Drone Fly,Insecta,0,0.0,2,1.0986122886681098,2,2,0.0,0.0,0.0,0.0,0.0,0.0
Erodium,stork's-bills,Plantae,0,0.0,3,1.3862943611198906,3,3,0.0,0.0,0.0,0.0,0.0,0.0
Erodium botrys,Mediterranean Stork's-bill,Plantae,0,0.0,6,1.9459101490553132,5,6,0.0,0.0,0.0,0.0,0.0,0.0
Erodium cicutarium,Redstem Stork's-bill,Plantae,1,4.0,14,2.70805020110221,13,12,0.0,0.0,0.0,0.0,0.0,0.0
Erodium moschatum,musk stork's-bill,Plantae,1,1.0,7,2.0794415416798357,7,7,0.0,0.0,0.0,0.0,0.0,0.0
Eryciini,Unknown,Insecta,0,0.0,1,0.6931471805599453,1,1,0.0,0.0,0.0,0.0,0.0,0.0
Eryngium aristulatum,California eryngo,Plantae,0,0.0,1,0.6931471805599453,1,1,0.0,0.0,0.0,0.0,0.0,0.0
Erynnis,Duskywings,Insecta,0,0.0,1,0.6931471805599453,1,1,0.0,0.0,0.0,0.0,0.0,0.0
Erynnis funeralis,Funereal Duskywing,Insecta,0,0.0,10,2.3978952727983707,7,9,0.0,0.0,0.0,0.0,0.0,0.0
Erynnis tristis,Mournful Duskywing,Insecta,0,0.0,1,0.6931471805599453,1,1,0.0,0.0,0.0,0.0,0.0,0.0
Erysiphe betae,Unknown,Fungi,0,0.0,1,0.6931471805599453,1,1,0.0,0.0,0.0,0.0,0.0,0.0
Erysiphe limonii,Unknown,Fungi,0,0.0,2,1.0986122886681098,2,2,0.0,0.0,0.0,0.0,0.0,0.0
Erysiphe rumicicola,Unknown,Fungi,0,0.0,1,0.6931471805599453,1,1,0.0,0.0,0.0,0.0,0.0,0.0
Erythemis vesiculosa,Great Pondhawk,Insecta,0,0.0,1,0.6931471805599453,1,1,0.0,0.0,0.0,0.0,0.0,0.0
Erythranthe guttata,seep monkeyflower,Plantae,0,0.0,1,0.6931471805599453,1,1,0.0,0.0,0.0,0.0,0.0,0.0
Eschatocrepis constrictus,Unknown,Insecta,0,0.0,1,0.6931471805599453,1,1,0.0,0.0,0.0,0.0,0.0,0.0
Eschscholzia,Desert Poppies,Plantae,0,0.0,4,1.6094379124341003,4,4,0.0,0.0,0.0,0.0,0.0,0.0
Eschscholzia californica,California poppy,Plantae,0,0.0,11,2.4849066497880004,11,11,0.0,0.0,0.0,0.0,0.0,0.0
Estigmene acrea,Salt Marsh Moth,Insecta,1,11.0,68,4.23410650459726,41,60,0.0,0.0,0.0,0.0,0.0,0.0
Euborellia,Unknown,Insecta,0,0.0,1,0.6931471805599453,1,1,0.0,0.0,0.0,0.0,0.0,0.0
Euborellia annulipes,Ring-legged Earwig,Insecta,0,0.0,1,0.6931471805599453,1,1,0.0,0.0,0.0,0.0,0.0,0.0
Eubrachyura,Eubrachyuran Crabs,Animalia,0,0.0,1,0.6931471805599453,1,1,0.0,0.0,0.0,0.0,0.0,0.0
Eucalyptus,eucalyptus,Plantae,0,0.0,2,1.0986122886681098,2,2,0.0,0.0,0.0,0.0,0.0,0.0
Eucalyptus camaldulensis,River Red Gum,Plantae,0,0.0,4,1.6094379124341003,2,3,0.0,0.0,0.0,0.0,0.0,0.0
Eucalyptus globulus,Tasmanian blue gum,Plantae,0,0.0,1,0.6931471805599453,1,1,0.0,0.0,0.0,0.0,0.0,0.0
Eucerceris,Unknown,Insecta,0,0.0,2,1.0986122886681098,2,2,0.0,0.0,0.0,0.0,0.0,0.0
Eucerceris provancheri,Unknown,Insecta,0,0.0,1,0.6931471805599453,1,1,0.0,0.0,0.0,0.0,0.0,0.0
Eucerini,Longhorn Bees,Insecta,0,0.0,3,1.3862943611198906,3,3,0.0,0.0,0.0,0.0,0.0,0.0
Eucheilota bakeri,Bean Clam Hydroid,Animalia,0,0.0,28,3.367295829986474,14,21,0.0,0.0,0.0,0.0,0.0,0.0
Euchromius ocellea,Belted Grass-veneer,Insecta,0,0.0,3,1.3862943611198906,3,2,0.0,0.0,0.0,0.0,0.0,0.0
Eucosmini,Unknown,Insecta,0,0.0,2,1.0986122886681098,2,2,0.0,0.0,0.0,0.0,0.0,0.0
Eucrypta chrysanthemifolia,common eucrypta,Plantae,0,0.0,4,1.6094379124341003,3,2,0.0,0.0,0.0,0.0,0.0,0.0
Eucrypta chrysanthemifolia chrysanthemifolia,Unknown,Plantae,0,0.0,1,0.6931471805599453,1,1,0.0,0.0,0.0,0.0,0.0,0.0
Eulithidium,Unknown,Mollusca,0,0.0,1,0.6931471805599453,1,1,0.0,0.0,0.0,0.0,0.0,0.0
Eulithidium pulloides,Sullied Pheasant,Mollusca,0,0.0,1,0.6931471805599453,1,1,0.0,0.0,0.0,0.0,0.0,0.0
Eulobus californicus,California primrose,Plantae,1,1.0,1,0.6931471805599453,1,1,0.0,0.0,0.0,0.0,0.0,0.0
Eumeninae,Potter and Mason Wasps,Insecta,0,0.0,2,1.0986122886681098,2,2,0.0,0.0,0.0,0.0,0.0,0.0
Euodynerus,Unknown,Insecta,0,0.0,1,0.6931471805599453,1,1,0.0,0.0,0.0,0.0,0.0,0.0
Eupeodes fumipennis,Western Aphideater,Insecta,0,0.0,3,1.3862943611198906,3,2,0.0,0.0,0.0,0.0,0.0,0.0
Eupeodes volucris,Large-tailed Aphideater,Insecta,0,0.0,16,2.833213344056216,12,15,0.0,0.0,0.0,0.0,0.0,0.0
Euphilotes,American Dotted Blues,Insecta,0,0.0,2,1.0986122886681098,2,2,0.0,0.0,0.0,0.0,0.0,0.0
Euphilotes bernardino,Bernardino Blue,Insecta,0,0.0,21,3.091042453358316,15,15,0.0,0.0,0.0,0.0,0.0,0.0
Euphorbia,Spurges,Plantae,0,0.0,1,0.6931471805599453,1,1,0.0,0.0,0.0,0.0,0.0,0.0
Euphorbia maculata,Spotted spurge,Plantae,1,3.0,10,2.3978952727983707,8,10,0.0,0.0,0.0,0.0,0.0,0.0
Euphorbia peplus,Petty Spurge,Plantae,0,0.0,10,2.3978952727983707,7,10,0.0,0.0,0.0,0.0,0.0,0.0
Euphorbia polycarpa,smallseed sandmat,Plantae,0,0.0,2,1.0986122886681098,2,2,0.0,0.0,0.0,0.0,0.0,0.0
Euphorbia spathulata,Reticulate-seeded Spurge,Plantae,0,0.0,1,0.6931471805599453,1,1,0.0,0.0,0.0,0.0,0.0,0.0
Euphyia implicata,Unknown,Insecta,0,0.0,10,2.3978952727983707,9,9,0.0,0.0,0.0,0.0,0.0,0.0
Eupithecia,Pug Moths,Insecta,0,0.0,7,2.0794415416798357,7,7,0.0,0.0,0.0,0.0,0.0,0.0
Eupithecia acutipennis,Unknown,Insecta,0,0.0,1,0.6931471805599453,1,1,0.0,0.0,0.0,0.0,0.0,0.0
Eupithecia sierrae,Unknown,Insecta,0,0.0,2,1.0986122886681098,2,1,0.0,0.0,0.0,0.0,0.0,0.0
Eurema nicippe,Sleepy Orange,Insecta,0,0.0,2,1.0986122886681098,2,2,0.0,0.0,0.0,0.0,0.0,0.0
Eurytoma,Unknown,Insecta,0,0.0,1,0.6931471805599453,1,1,0.0,0.0,0.0,0.0,0.0,0.0
Eustala anastera,Humpbacked Orbweaver,Arachnida,0,0.0,1,0.6931471805599453,1,1,0.0,0.0,0.0,0.0,0.0,0.0
Euthyneura,Unknown,Mollusca,0,0.0,1,0.6931471805599453,1,1,0.0,0.0,0.0,0.0,0.0,0.0
Euura,Unknown,Insecta,0,0.0,4,1.6094379124341003,4,4,0.0,0.0,0.0,0.0,0.0,0.0
Euura californica,Willow Apple Gall Sawfly,Insecta,0,0.0,46,3.8501476017100584,33,45,0.0,0.0,0.0,0.0,0.0,0.0
Euura exiguae,Willow Stem Sawfly,Insecta,0,0.0,1,0.6931471805599453,1,1,0.0,0.0,0.0,0.0,0.0,0.0
Euura proxima,Willow Redgall Sawfly,Insecta,0,0.0,2,1.0986122886681098,2,2,0.0,0.0,0.0,0.0,0.0,0.0
Euwallacea fornicatus,Polyphagous Shothole Borer Beetle Complex,Insecta,0,0.0,1,0.6931471805599453,1,1,0.0,0.0,0.0,0.0,0.0,0.0
Euwallacea kuroshio,Kuroshio Shot Hole Borer,Insecta,0,0.0,2,1.0986122886681098,2,2,0.0,0.0,0.0,0.0,0.0,0.0
Euzophera,Unknown,Insecta,0,0.0,2,1.0986122886681098,2,1,0.0,0.0,0.0,0.0,0.0,0.0
Euzophera semifuneralis,American Plum Borer Moth,Insecta,0,0.0,1,0.6931471805599453,1,1,0.0,0.0,0.0,0.0,0.0,0.0
Exochomus fasciatus,Batman Lady Beetle,Insecta,0,0.0,2,1.0986122886681098,2,2,0.0,0.0,0.0,0.0,0.0,0.0
Exomis microphylla,Brakbos,Plantae,0,0.0,1,0.6931471805599453,1,1,0.0,0.0,0.0,0.0,0.0,0.0
Exoprosopa,Unknown,Insecta,0,0.0,6,1.9459101490553132,4,5,0.0,0.0,0.0,0.0,0.0,0.0
Exoprosopa fascipennis,Band-winged Bee Fly,Insecta,0,0.0,5,1.791759469228055,4,5,0.0,0.0,0.0,0.0,0.0,0.0
Exorista,Unknown,Insecta,0,0.0,2,1.0986122886681098,2,2,0.0,0.0,0.0,0.0,0.0,0.0
Extriplex californica,California orache,Plantae,0,0.0,18,2.9444389791664403,11,16,0.0,0.0,0.0,0.0,0.0,0.0
Faboideae,Unknown,Plantae,0,0.0,1,0.6931471805599453,1,1,0.0,0.0,0.0,0.0,0.0,0.0
Falco,Typical Falcons,Aves,0,0.0,1,0.6931471805599453,1,1,0.0,0.0,0.0,0.0,0.0,0.0
Falco columbarius,Merlin,Aves,1,2.0,28,3.367295829986474,16,25,0.0,0.0,0.0,0.0,0.0,0.0
Falco columbarius columbarius,Taiga Merlin,Aves,0,0.0,1,0.6931471805599453,1,1,0.0,0.0,0.0,0.0,0.0,0.0
Falco mexicanus,Prairie Falcon,Aves,0,0.0,1,0.6931471805599453,1,1,0.0,0.0,0.0,0.0,0.0,0.0
Falco peregrinus,Peregrine Falcon,Aves,1,4.0,38,3.6635616461296463,23,35,0.0,0.0,0.0,0.0,0.0,0.0
Falco sparverius,American Kestrel,Aves,1,7.0,444,6.09807428216624,134,337,0.0,0.0,0.0,0.0,0.0,0.0
Falco sparverius sparverius,Northern American Kestrel,Aves,0,0.0,2,1.0986122886681098,2,2,0.0,0.0,0.0,0.0,0.0,0.0
Felis catus,Domestic Cat,Mammalia,1,1.0,17,2.8903717578961645,13,16,0.0,0.0,0.0,0.0,0.0,0.0
Festuca myuros,rattail sixweeks grass,Plantae,0,0.0,4,1.6094379124341003,4,4,0.0,0.0,0.0,0.0,0.0,0.0
Festuca octoflora,sixweeks grass,Plantae,0,0.0,2,1.0986122886681098,2,2,0.0,0.0,0.0,0.0,0.0,0.0
Fissurella volcano,Volcano Keyhole Limpet,Mollusca,0,0.0,16,2.833213344056216,7,13,0.0,0.0,0.0,0.0,0.0,0.0
Flatinae,Unknown,Insecta,0,0.0,1,0.6931471805599453,1,1,0.0,0.0,0.0,0.0,0.0,0.0
Foeniculum vulgare,fennel,Plantae,0,0.0,116,4.762173934797756,78,93,0.0,0.0,0.0,0.0,0.0,0.0
Forficula auricularia,European Earwig Complex,Insecta,0,0.0,1,0.6931471805599453,1,1,0.0,0.0,0.0,0.0,0.0,0.0
Forficula mediterranea,Unknown,Insecta,1,1.0,7,2.0794415416798357,6,7,0.0,0.0,0.0,0.0,0.0,0.0
Formica,"Wood, Mound, and Field Ants",Insecta,0,0.0,13,2.6390573296152584,9,12,0.0,0.0,0.0,0.0,0.0,0.0
Formica francoeuri,Francoeur's Field Ant,Insecta,0,0.0,12,2.5649493574615367,11,10,0.0,0.0,0.0,0.0,0.0,0.0
Formica fusca,fusca-group Field Ants and Allies,Insecta,0,0.0,6,1.9459101490553132,6,6,0.0,0.0,0.0,0.0,0.0,0.0
Formica neogagates,Neogagates-group Field Ants,Insecta,0,0.0,4,1.6094379124341003,4,4,0.0,0.0,0.0,0.0,0.0,0.0
Formica perpilosa,Unknown,Insecta,0,0.0,18,2.9444389791664403,11,16,0.0,0.0,0.0,0.0,0.0,0.0
Formicidae,Ants,Insecta,0,0.0,28,3.367295829986474,23,23,0.0,0.0,0.0,0.0,0.0,0.0
Formicinae,Formicine Ants,Insecta,0,0.0,6,1.9459101490553132,5,5,0.0,0.0,0.0,0.0,0.0,0.0
Frankenia salina,Alkali Heath,Plantae,1,66.0,268,5.594711379601839,127,186,0.0,0.0,0.0,0.0,0.0,0.0
Frankliniella occidentalis,Western Flower Thrips,Insecta,0,0.0,1,0.6931471805599453,1,1,0.0,0.0,0.0,0.0,0.0,0.0
Fregata magnificens,Magnificent Frigatebird,Aves,0,0.0,1,0.6931471805599453,1,1,0.0,0.0,0.0,0.0,0.0,0.0
Fucellia,Seaweed Flies,Insecta,0,0.0,19,2.995732273553991,11,18,0.0,0.0,0.0,0.0,0.0,0.0
Fucellia rufitibia,Unknown,Insecta,0,0.0,2,1.0986122886681098,2,2,0.0,0.0,0.0,0.0,0.0,0.0
Fucophycidae,Unknown,Chromista,0,0.0,2,1.0986122886681098,2,2,0.0,0.0,0.0,0.0,0.0,0.0
Fulica americana,American Coot,Aves,1,8.0,200,5.303304908059076,61,162,0.0,0.0,0.0,0.0,0.0,0.0
Fuligo septica,Dog Vomit Slime Mold,Protozoa,0,0.0,1,0.6931471805599453,1,1,0.0,0.0,0.0,0.0,0.0,0.0
Fulmarus glacialis,Northern Fulmar,Aves,0,0.0,17,2.8903717578961645,15,17,0.0,0.0,0.0,0.0,0.0,0.0
Funaria hygrometrica,Bonfire moss,Plantae,0,0.0,2,1.0986122886681098,2,2,0.0,0.0,0.0,0.0,0.0,0.0
Fundulus parvipinnis,California Killifish,Actinopterygii,1,30.0,22,3.1354942159291497,8,17,0.0,0.0,0.0,0.0,0.0,0.0
Fungi,Fungi Including Lichens,Fungi,0,0.0,12,2.5649493574615367,12,10,0.0,0.0,0.0,0.0,0.0,0.0
Furcula,Unknown,Insecta,0,0.0,1,0.6931471805599453,1,1,0.0,0.0,0.0,0.0,0.0,0.0
Furcula scolopendrina,Zigzag Furcula Moth,Insecta,0,0.0,2,1.0986122886681098,2,1,0.0,0.0,0.0,0.0,0.0,0.0
Fuscopolistes,fuscatus-group Paper Wasps,Insecta,0,0.0,4,1.6094379124341003,3,4,0.0,0.0,0.0,0.0,0.0,0.0
Galerucinae,Skeletonizing Leaf and Flea Beetles,Insecta,0,0.0,1,0.6931471805599453,1,1,0.0,0.0,0.0,0.0,0.0,0.0
Galerucini,Unknown,Insecta,0,0.0,2,1.0986122886681098,2,2,0.0,0.0,0.0,0.0,0.0,0.0
Galium,bedstraws,Plantae,0,0.0,4,1.6094379124341003,4,4,0.0,0.0,0.0,0.0,0.0,0.0
Galium angustifolium,Narrow-leaved Bedstraw,Plantae,0,0.0,4,1.6094379124341003,3,4,0.0,0.0,0.0,0.0,0.0,0.0
Galium aparine,catchweed bedstraw,Plantae,0,0.0,6,1.9459101490553132,4,6,0.0,0.0,0.0,0.0,0.0,0.0
Galium nuttallii,San Diego bedstraw,Plantae,0,0.0,3,1.3862943611198906,3,3,0.0,0.0,0.0,0.0,0.0,0.0
Galium parisiense,Wall Bedstraw,Plantae,0,0.0,2,1.0986122886681098,2,2,0.0,0.0,0.0,0.0,0.0,0.0
Gallinago,Typical Snipes,Aves,0,0.0,1,0.6931471805599453,1,1,0.0,0.0,0.0,0.0,0.0,0.0
Gallinago delicata,Wilson's Snipe,Aves,1,2.0,2,1.0986122886681098,2,2,0.0,0.0,0.0,0.0,0.0,0.0
Gallinula galeata,Common Gallinule,Aves,0,0.0,3,1.3862943611198906,3,2,0.0,0.0,0.0,0.0,0.0,0.0
Gallus gallus,Red Junglefowl,Aves,0,0.0,1,0.6931471805599453,1,1,0.0,0.0,0.0,0.0,0.0,0.0
Gallus gallus domesticus,Domestic Chicken,Aves,0,0.0,6,1.9459101490553132,4,6,0.0,0.0,0.0,0.0,0.0,0.0
Gambelia,Unknown,Plantae,0,0.0,8,2.1972245773362196,8,8,0.0,0.0,0.0,0.0,0.0,0.0
Gambelia juncea,Baja California bush snapdragon,Plantae,0,0.0,208,5.342334251964811,180,168,0.0,0.0,0.0,0.0,0.0,0.0
Gambusia affinis,Western Mosquitofish,Actinopterygii,0,0.0,3,1.3862943611198906,2,3,0.0,0.0,0.0,0.0,0.0,0.0
Gamochaeta,Everlastings and Cudweeds,Plantae,0,0.0,1,0.6931471805599453,1,1,0.0,0.0,0.0,0.0,0.0,0.0
Gamochaeta stagnalis,Desert Cudweed,Plantae,1,1.0,3,1.3862943611198906,2,1,0.0,0.0,0.0,0.0,0.0,0.0
Ganoderma,"Artist's Brackets, Reishi, and Allies",Fungi,0,0.0,1,0.6931471805599453,1,1,0.0,0.0,0.0,0.0,0.0,0.0
Ganoderma polychromum,Unknown,Fungi,0,0.0,1,0.6931471805599453,1,1,0.0,0.0,0.0,0.0,0.0,0.0
Gari californica,California Sunset Clam,Mollusca,0,0.0,6,1.9459101490553132,3,5,0.0,0.0,0.0,0.0,0.0,0.0
Gasteracantha cancriformis,Spinybacked Orbweaver,Arachnida,0,0.0,27,3.332204510175204,17,19,0.0,0.0,0.0,0.0,0.0,0.0
Gastrophysa cyanea,Blue Dock Beetle,Insecta,0,0.0,3,1.3862943611198906,3,2,0.0,0.0,0.0,0.0,0.0,0.0
Gastropoda,Gastropods,Mollusca,1,5.0,23,3.1780538303479458,21,15,0.0,0.0,0.0,0.0,0.0,0.0
Gastrosericina,Unknown,Insecta,0,0.0,2,1.0986122886681098,2,2,0.0,0.0,0.0,0.0,0.0,0.0
Gavia,Loons,Aves,0,0.0,3,1.3862943611198906,3,3,0.0,0.0,0.0,0.0,0.0,0.0
Gavia immer,Common Loon,Aves,0,0.0,9,2.302585092994046,7,8,0.0,0.0,0.0,0.0,0.0,0.0
Gavia pacifica,Pacific Loon,Aves,0,0.0,2,1.0986122886681098,2,2,0.0,0.0,0.0,0.0,0.0,0.0
Gavia stellata,Red-throated Loon,Aves,0,0.0,6,1.9459101490553132,6,6,0.0,0.0,0.0,0.0,0.0,0.0
Gazania,Treasure Flowers,Plantae,0,0.0,1,0.6931471805599453,1,1,0.0,0.0,0.0,0.0,0.0,0.0
Gazania linearis,Wedding Treasureflower,Plantae,0,0.0,1,0.6931471805599453,1,1,0.0,0.0,0.0,0.0,0.0,0.0
Gelechiidae,Twirler Moths,Insecta,0,0.0,2,1.0986122886681098,2,2,0.0,0.0,0.0,0.0,0.0,0.0
Gelechioidea,Curved-horn Moths,Insecta,0,0.0,4,1.6094379124341003,4,3,0.0,0.0,0.0,0.0,0.0,0.0
Gelidiales,Unknown,Plantae,0,0.0,2,1.0986122886681098,2,2,0.0,0.0,0.0,0.0,0.0,0.0
Gelidium,Jellyweeds,Plantae,0,0.0,1,0.6931471805599453,1,1,0.0,0.0,0.0,0.0,0.0,0.0
Gelis,Unknown,Insecta,0,0.0,1,0.6931471805599453,1,1,0.0,0.0,0.0,0.0,0.0,0.0
Gelochelidon,Gull-billed Terns,Aves,0,0.0,1,0.6931471805599453,1,1,0.0,0.0,0.0,0.0,0.0,0.0
Gelochelidon nilotica,Gull-billed Tern,Aves,0,0.0,113,4.736198448394496,54,84,0.0,0.0,0.0,0.0,0.0,0.0
Gelochelidon nilotica vanrossemi,California Gull-billed Tern,Aves,0,0.0,5,1.791759469228055,3,3,0.0,0.0,0.0,0.0,0.0,0.0
Geococcyx californianus,Greater Roadrunner,Aves,0,0.0,68,4.23410650459726,32,57,0.0,0.0,0.0,0.0,0.0,0.0
Geometridae,Geometer Moths,Insecta,1,1.0,9,2.302585092994046,9,8,0.0,0.0,0.0,0.0,0.0,0.0
Geometrinae,Emerald Moths,Insecta,0,0.0,1,0.6931471805599453,1,1,0.0,0.0,0.0,0.0,0.0,0.0
Geometroidea,Geometrid and Swallowtail Moths,Insecta,0,0.0,1,0.6931471805599453,1,1,0.0,0.0,0.0,0.0,0.0,0.0
Geophilomorpha,Soil Centipedes,Animalia,0,0.0,1,0.6931471805599453,1,1,0.0,0.0,0.0,0.0,0.0,0.0
Geothlypis tolmiei,MacGillivray's Warbler,Aves,0,0.0,1,0.6931471805599453,1,1,0.0,0.0,0.0,0.0,0.0,0.0
Geothlypis trichas,Common Yellowthroat,Aves,1,2.0,145,4.983606621708336,50,132,0.0,0.0,0.0,0.0,0.0,0.0
Geron,Unknown,Insecta,0,0.0,8,2.1972245773362196,7,8,0.0,0.0,0.0,0.0,0.0,0.0
Gillichthys mirabilis,Longjaw Mudsucker,Actinopterygii,1,3.0,13,2.6390573296152584,4,12,0.0,0.0,0.0,0.0,0.0,0.0
Glandularia,mock vervains,Plantae,0,0.0,1,0.6931471805599453,1,1,0.0,0.0,0.0,0.0,0.0,0.0
Glebionis coronaria,Garland Daisy,Plantae,1,9.0,250,5.5254529391317835,169,161,0.0,0.0,0.0,0.0,0.0,0.0
Glenurini,Unknown,Insecta,0,0.0,1,0.6931471805599453,1,1,0.0,0.0,0.0,0.0,0.0,0.0
Glossaulax reclusiana,Recluz's Moon Snail,Mollusca,1,1.0,23,3.1780538303479458,13,22,0.0,0.0,0.0,0.0,0.0,0.0
Glycaspis brimblecombei,Red Gum Lerp Psyllid,Insecta,0,0.0,2,1.0986122886681098,2,2,0.0,0.0,0.0,0.0,0.0,0.0
Glycymeris septentrionalis,California Bittersweet Clam,Mollusca,0,0.0,13,2.6390573296152584,3,10,0.0,0.0,0.0,0.0,0.0,0.0
Gnaphalieae,paper daisies,Plantae,0,0.0,1,0.6931471805599453,1,1,0.0,0.0,0.0,0.0,0.0,0.0
Gnaphaliinae,"cudweeds, everlastings, and pussytoes",Plantae,0,0.0,2,1.0986122886681098,2,2,0.0,0.0,0.0,0.0,0.0,0.0
Gnaphalium palustre,western marsh cudweed,Plantae,0,0.0,1,0.6931471805599453,1,1,0.0,0.0,0.0,0.0,0.0,0.0
Gnaphosidae,Stealthy Ground Spiders,Arachnida,0,0.0,3,1.3862943611198906,3,3,0.0,0.0,0.0,0.0,0.0,0.0
Gnorimoschema,Unknown,Insecta,0,0.0,1,0.6931471805599453,1,1,0.0,0.0,0.0,0.0,0.0,0.0
Gnorimoschema baccharisella,Coyote Brush Stem Gall Moth,Insecta,0,0.0,1,0.6931471805599453,1,1,0.0,0.0,0.0,0.0,0.0,0.0
Gomphocerinae,Slant-faced Grasshoppers,Insecta,0,0.0,2,1.0986122886681098,2,2,0.0,0.0,0.0,0.0,0.0,0.0
Gorytina,Unknown,Insecta,0,0.0,1,0.6931471805599453,1,1,0.0,0.0,0.0,0.0,0.0,0.0
Gracilariopsis,sea spaghettis,Plantae,0,0.0,1,0.6931471805599453,1,1,0.0,0.0,0.0,0.0,0.0,0.0
Grapholitini,Unknown,Insecta,0,0.0,1,0.6931471805599453,1,1,0.0,0.0,0.0,0.0,0.0,0.0
Grimothea planipes,Tuna Crab,Animalia,0,0.0,4,1.6094379124341003,2,2,0.0,0.0,0.0,0.0,0.0,0.0
Grindelia,gumplants,Plantae,0,0.0,2,1.0986122886681098,2,2,0.0,0.0,0.0,0.0,0.0,0.0
Grindelia camporum,Great Valley gumweed,Plantae,0,0.0,2,1.0986122886681098,2,2,0.0,0.0,0.0,0.0,0.0,0.0
Gryllidae,True Crickets,Insecta,0,0.0,1,0.6931471805599453,1,1,0.0,0.0,0.0,0.0,0.0,0.0
Gryllidea,Crickets,Insecta,0,0.0,1,0.6931471805599453,1,1,0.0,0.0,0.0,0.0,0.0,0.0
Gryllus,Unknown,Insecta,1,3.0,6,1.9459101490553132,5,6,0.0,0.0,0.0,0.0,0.0,0.0
Gryllus lineaticeps,Variable Field Cricket,Insecta,0,0.0,1,0.6931471805599453,1,1,0.0,0.0,0.0,0.0,0.0,0.0
Gryllus multipulsator,Long-chirp Field Cricket,Insecta,0,0.0,4,1.6094379124341003,3,3,0.0,0.0,0.0,0.0,0.0,0.0
Gutierrezia californica,California matchweed,Plantae,0,0.0,1,0.6931471805599453,1,1,0.0,0.0,0.0,0.0,0.0,0.0
Gymnosoma,Unknown,Insecta,0,0.0,1,0.6931471805599453,1,1,0.0,0.0,0.0,0.0,0.0,0.0
Gymnothorax mordax,California Moray,Actinopterygii,0,0.0,1,0.6931471805599453,1,1,0.0,0.0,0.0,0.0,0.0,0.0
Habronattus,Paradise Jumping Spiders,Arachnida,1,2.0,9,2.302585092994046,8,8,0.0,0.0,0.0,0.0,0.0,0.0
Habronattus californicus,Unknown,Arachnida,0,0.0,2,1.0986122886681098,2,2,0.0,0.0,0.0,0.0,0.0,0.0
Habronattus elegans,Unknown,Arachnida,0,0.0,5,1.791759469228055,5,4,0.0,0.0,0.0,0.0,0.0,0.0
Habronattus hirsutus,Hirsute Paradise Spider,Arachnida,0,0.0,1,0.6931471805599453,1,1,0.0,0.0,0.0,0.0,0.0,0.0
Habropoda,Unknown,Insecta,0,0.0,22,3.1354942159291497,8,9,0.0,0.0,0.0,0.0,0.0,0.0
Habropoda tristissima,Unknown,Insecta,0,0.0,3,1.3862943611198906,3,3,0.0,0.0,0.0,0.0,0.0,0.0
Haematopus bachmani,Black Oystercatcher,Aves,0,0.0,1,0.6931471805599453,1,1,0.0,0.0,0.0,0.0,0.0,0.0
Haemorhous mexicanus,House Finch,Aves,1,16.0,327,5.793013608384144,87,247,0.0,0.0,0.0,0.0,0.0,0.0
Haliaeetus leucocephalus,Bald Eagle,Aves,0,0.0,1,0.6931471805599453,1,1,0.0,0.0,0.0,0.0,0.0,0.0
Halictidae,Sweat Bees,Insecta,0,0.0,3,1.3862943611198906,3,3,0.0,0.0,0.0,0.0,0.0,0.0
Halictina,Unknown,Insecta,0,0.0,1,0.6931471805599453,1,1,0.0,0.0,0.0,0.0,0.0,0.0
Halictinae,Sweat and Furrow bees,Insecta,0,0.0,5,1.791759469228055,3,5,0.0,0.0,0.0,0.0,0.0,0.0
Halictini,Unknown,Insecta,0,0.0,5,1.791759469228055,3,4,0.0,0.0,0.0,0.0,0.0,0.0
Halictus,Furrow Bees,Insecta,1,1.0,9,2.302585092994046,6,8,0.0,0.0,0.0,0.0,0.0,0.0
Halictus ligatus,Ligated Furrow Bee,Insecta,1,3.0,57,4.060443010546419,21,39,0.0,0.0,0.0,0.0,0.0,0.0
Halictus tripartitus,Tripartite Sweat Bee,Insecta,1,2.0,29,3.4011973816621555,7,16,0.0,0.0,0.0,0.0,0.0,0.0
Haliotis,Abalones,Mollusca,0,0.0,3,1.3862943611198906,3,3,0.0,0.0,0.0,0.0,0.0,0.0
Halistylus pupoideus,Unknown,Mollusca,0,0.0,4,1.6094379124341003,1,1,0.0,0.0,0.0,0.0,0.0,0.0
Haminoea virescens,Green Bubble Snail,Mollusca,1,1.0,1,0.6931471805599453,1,1,0.0,0.0,0.0,0.0,0.0,0.0
Harmonia axyridis,Asian Lady Beetle,Insecta,0,0.0,4,1.6094379124341003,4,4,0.0,0.0,0.0,0.0,0.0,0.0
Harmostes reflexulus,Unknown,Insecta,0,0.0,3,1.3862943611198906,3,3,0.0,0.0,0.0,0.0,0.0,0.0
Hazardia squarrosa,saw-toothed goldenbush,Plantae,0,0.0,4,1.6094379124341003,4,4,0.0,0.0,0.0,0.0,0.0,0.0
Hedera helix,common ivy,Plantae,0,0.0,1,0.6931471805599453,1,1,0.0,0.0,0.0,0.0,0.0,0.0
Hedypnois rhagadioloides,Cretanweed,Plantae,0,0.0,3,1.3862943611198906,3,3,0.0,0.0,0.0,0.0,0.0,0.0
Heliantheae,Sunflowers and Allies,Plantae,0,0.0,4,1.6094379124341003,4,4,0.0,0.0,0.0,0.0,0.0,0.0
Helianthinae,Unknown,Plantae,0,0.0,1,0.6931471805599453,1,1,0.0,0.0,0.0,0.0,0.0,0.0
Helianthus,sunflowers,Plantae,0,0.0,4,1.6094379124341003,4,4,0.0,0.0,0.0,0.0,0.0,0.0
Helianthus annuus,Common Sunflower,Plantae,0,0.0,26,3.295836866004329,20,24,0.0,0.0,0.0,0.0,0.0,0.0
Helianthus petiolaris,prairie sunflower,Plantae,0,0.0,2,1.0986122886681098,2,2,0.0,0.0,0.0,0.0,0.0,0.0
Helicoidea,Unknown,Mollusca,1,1.0,8,2.1972245773362196,8,7,0.0,0.0,0.0,0.0,0.0,0.0
Helicoverpa zea,Corn Earworm Moth,Insecta,0,0.0,4,1.6094379124341003,4,3,0.0,0.0,0.0,0.0,0.0,0.0
Heliotropium,Heliotropes,Plantae,0,0.0,1,0.6931471805599453,1,1,0.0,0.0,0.0,0.0,0.0,0.0
Heliotropium curassavicum,alkali heliotrope,Plantae,1,30.0,147,4.997212273764115,92,115,0.0,0.0,0.0,0.0,0.0,0.0
Heliotropium curassavicum oculatum,Unknown,Plantae,1,6.0,25,3.258096538021482,22,23,0.0,0.0,0.0,0.0,0.0,0.0
Hellula,Unknown,Insecta,1,1.0,1,0.6931471805599453,1,1,0.0,0.0,0.0,0.0,0.0,0.0
Hellula rogatalis,Cabbage Webworm Moth,Insecta,1,4.0,6,1.9459101490553132,6,6,0.0,0.0,0.0,0.0,0.0,0.0
Helminthoglypta,Shoulderband Snails,Mollusca,0,0.0,2,1.0986122886681098,2,2,0.0,0.0,0.0,0.0,0.0,0.0
Helminthoglypta tudiculata,Southern California Shoulderband,Mollusca,0,0.0,2,1.0986122886681098,2,2,0.0,0.0,0.0,0.0,0.0,0.0
Helminthotheca echioides,bristly oxtongue,Plantae,0,0.0,20,3.044522437723423,18,17,0.0,0.0,0.0,0.0,0.0,0.0
Helophilus latifrons,Broad-headed Marsh Fly,Insecta,0,0.0,5,1.791759469228055,4,4,0.0,0.0,0.0,0.0,0.0,0.0
Hemeroplanis historialis,Unknown,Insecta,0,0.0,1,0.6931471805599453,1,1,0.0,0.0,0.0,0.0,0.0,0.0
Hemiargus ceraunus,Ceraunus Blue,Insecta,0,0.0,3,1.3862943611198906,2,3,0.0,0.0,0.0,0.0,0.0,0.0
Hemigrapsus oregonensis,Yellow Shore Crab,Animalia,1,14.0,32,3.4965075614664802,7,16,0.0,0.0,0.0,0.0,0.0,0.0
Hemileuca,Sheepmoths,Insecta,0,0.0,2,1.0986122886681098,2,2,0.0,0.0,0.0,0.0,0.0,0.0
Hemileuca electra,Electra Buckmoth,Insecta,0,0.0,5,1.791759469228055,5,5,0.0,0.0,0.0,0.0,0.0,0.0
Hemipenthes,Unknown,Insecta,0,0.0,2,1.0986122886681098,1,2,0.0,0.0,0.0,0.0,0.0,0.0
Hemipenthes lepidota,Unknown,Insecta,0,0.0,2,1.0986122886681098,1,2,0.0,0.0,0.0,0.0,0.0,0.0
Heraclides rumiko,Western Giant Swallowtail,Insecta,1,1.0,4,1.6094379124341003,4,4,0.0,0.0,0.0,0.0,0.0,0.0
Hermetia illucens,Black Soldier Fly,Insecta,0,0.0,2,1.0986122886681098,2,2,0.0,0.0,0.0,0.0,0.0,0.0
Herpyllus propinquus,Western Parson Spider,Arachnida,0,0.0,1,0.6931471805599453,1,1,0.0,0.0,0.0,0.0,0.0,0.0
Hesperiina,branded grass skippers,Insecta,0,0.0,3,1.3862943611198906,2,3,0.0,0.0,0.0,0.0,0.0,0.0
Hesperiinae,Grass Skippers,Insecta,0,0.0,1,0.6931471805599453,1,1,0.0,0.0,0.0,0.0,0.0,0.0
Hesperiini,Unknown,Insecta,0,0.0,1,0.6931471805599453,1,1,0.0,0.0,0.0,0.0,0.0,0.0
Hesperocnide tenella,Western nettle,Plantae,0,0.0,6,1.9459101490553132,6,4,0.0,0.0,0.0,0.0,0.0,0.0
Hesperotettix,Unknown,Insecta,0,0.0,3,1.3862943611198906,1,3,0.0,0.0,0.0,0.0,0.0,0.0
Hesperotettix viridis,Snakeweed Grasshopper,Insecta,0,0.0,36,3.6109179126442243,20,31,0.0,0.0,0.0,0.0,0.0,0.0
Hesperotettix viridis viridis,Snakeweed Grasshopper,Insecta,0,0.0,3,1.3862943611198906,3,3,0.0,0.0,0.0,0.0,0.0,0.0
Hesperoyucca whipplei,chaparral yucca,Plantae,0,0.0,3,1.3862943611198906,3,2,0.0,0.0,0.0,0.0,0.0,0.0
Heteroceridae,Variegated Mud-loving Beetles,Insecta,0,0.0,1,0.6931471805599453,1,1,0.0,0.0,0.0,0.0,0.0,0.0
Heterocerus,Unknown,Insecta,0,0.0,1,0.6931471805599453,1,1,0.0,0.0,0.0,0.0,0.0,0.0
Heteroconchia,Unknown,Mollusca,0,0.0,1,0.6931471805599453,1,1,0.0,0.0,0.0,0.0,0.0,0.0
Heterodontus francisci,Horn Shark,Animalia,0,0.0,1,0.6931471805599453,1,1,0.0,0.0,0.0,0.0,0.0,0.0
Heterogaster urticae,Nettle ground bug,Insecta,0,0.0,2,1.0986122886681098,2,2,0.0,0.0,0.0,0.0,0.0,0.0
Heteromeles arbutifolia,Toyon,Plantae,1,6.0,104,4.653960350157523,86,94,0.0,0.0,0.0,0.0,0.0,0.0
Heteromyidae,Kangaroo Rats and Pocket Mice,Mammalia,0,0.0,3,1.3862943611198906,2,3,0.0,0.0,0.0,0.0,0.0,0.0
Heteroptera,True Bugs,Insecta,1,1.0,6,1.9459101490553132,5,6,0.0,0.0,0.0,0.0,0.0,0.0
Heteroscleromorpha,Unknown,Animalia,0,0.0,1,0.6931471805599453,1,1,0.0,0.0,0.0,0.0,0.0,0.0
Heterostichus rostratus,Giant Kelpfish,Actinopterygii,0,0.0,1,0.6931471805599453,1,1,0.0,0.0,0.0,0.0,0.0,0.0
Heterostylum,Unknown,Insecta,0,0.0,2,1.0986122886681098,2,2,0.0,0.0,0.0,0.0,0.0,0.0
Heterostylum robustum,Bomber fly,Insecta,0,0.0,5,1.791759469228055,5,5,0.0,0.0,0.0,0.0,0.0,0.0
Heterotheca grandiflora,Telegraphweed,Plantae,1,1.0,10,2.3978952727983707,8,10,0.0,0.0,0.0,0.0,0.0,0.0
Heterotremata,Heterotrematan Crabs,Animalia,0,0.0,1,0.6931471805599453,1,1,0.0,0.0,0.0,0.0,0.0,0.0
Hibana incursa,Unknown,Arachnida,0,0.0,1,0.6931471805599453,1,1,0.0,0.0,0.0,0.0,0.0,0.0
Hiltonius,Unknown,Animalia,0,0.0,1,0.6931471805599453,1,1,0.0,0.0,0.0,0.0,0.0,0.0
Himantopus mexicanus,Black-necked Stilt,Aves,0,0.0,160,5.081404364984463,72,130,0.0,0.0,0.0,0.0,0.0,0.0
Hippodamia convergens,Convergent Lady Beetle,Insecta,1,2.0,22,3.1354942159291497,11,19,0.0,0.0,0.0,0.0,0.0,0.0
Hippodamia quinquesignata ambigua,Pacific Five-spotted Lady Beetle,Insecta,0,0.0,3,1.3862943611198906,2,3,0.0,0.0,0.0,0.0,0.0,0.0
Hippolyte californiensis,California Green Shrimp,Animalia,0,0.0,1,0.6931471805599453,1,1,0.0,0.0,0.0,0.0,0.0,0.0
Hirschfeldia,Unknown,Plantae,0,0.0,5,1.791759469228055,5,5,0.0,0.0,0.0,0.0,0.0,0.0
Hirschfeldia incana,Shortpod Mustard,Plantae,0,0.0,62,4.143134726391533,39,58,0.0,0.0,0.0,0.0,0.0,0.0
Hirundinidae,Swallows and Martins,Aves,0,0.0,2,1.0986122886681098,2,2,0.0,0.0,0.0,0.0,0.0,0.0
Hirundo,Typical Swallows,Aves,0,0.0,1,0.6931471805599453,1,1,0.0,0.0,0.0,0.0,0.0,0.0
Hirundo rustica,Barn Swallow,Aves,1,1.0,13,2.6390573296152584,10,12,0.0,0.0,0.0,0.0,0.0,0.0
Hoplia callipyge,Grapevine Hoplia,Insecta,0,0.0,2,1.0986122886681098,2,1,0.0,0.0,0.0,0.0,0.0,0.0
Hordeinae,Unknown,Plantae,0,0.0,1,0.6931471805599453,1,1,0.0,0.0,0.0,0.0,0.0,0.0
Hordeum,Barleys,Plantae,0,0.0,4,1.6094379124341003,4,4,0.0,0.0,0.0,0.0,0.0,0.0
Hordeum brachyantherum,Meadow barley,Plantae,0,0.0,1,0.6931471805599453,1,1,0.0,0.0,0.0,0.0,0.0,0.0
Hordeum marinum,salt barley,Plantae,0,0.0,2,1.0986122886681098,2,2,0.0,0.0,0.0,0.0,0.0,0.0
Hordeum murinum,wall barley,Plantae,0,0.0,30,3.4339872044851463,18,24,0.0,0.0,0.0,0.0,0.0,0.0
Hordeum vulgare,Common Barley,Plantae,0,0.0,1,0.6931471805599453,1,1,0.0,0.0,0.0,0.0,0.0,0.0
Hornungia procumbens,Prostrate Hutchinsia,Plantae,0,0.0,6,1.9459101490553132,2,5,0.0,0.0,0.0,0.0,0.0,0.0
Hyaloidea,Unknown,Animalia,0,0.0,1,0.6931471805599453,1,1,0.0,0.0,0.0,0.0,0.0,0.0
Hydrolagus colliei,Spotted Ratfish,Animalia,0,0.0,1,0.6931471805599453,1,1,0.0,0.0,0.0,0.0,0.0,0.0
Hydrophorus,Unknown,Insecta,1,1.0,2,1.0986122886681098,1,2,0.0,0.0,0.0,0.0,0.0,0.0
Hydrophylloideae,"baby blue eyes, Phacelias, and waterleaves",Plantae,0,0.0,1,0.6931471805599453,1,1,0.0,0.0,0.0,0.0,0.0,0.0
Hydroprogne,Caspian Terns,Aves,0,0.0,1,0.6931471805599453,1,1,0.0,0.0,0.0,0.0,0.0,0.0
Hydroprogne caspia,Caspian Tern,Aves,1,5.0,82,4.418840607796598,30,64,0.0,0.0,0.0,0.0,0.0,0.0
Hydrozoa,Hydrozoans,Animalia,0,0.0,3,1.3862943611198906,1,3,0.0,0.0,0.0,0.0,0.0,0.0
Hylaeus,Masked Bees,Insecta,1,1.0,4,1.6094379124341003,3,3,0.0,0.0,0.0,0.0,0.0,0.0
Hylaeus mesillae,Mesilla Masked Bee,Insecta,0,0.0,1,0.6931471805599453,1,1,0.0,0.0,0.0,0.0,0.0,0.0
Hylephila phyleus,Fiery Skipper,Insecta,1,1.0,30,3.4339872044851463,17,26,0.0,0.0,0.0,0.0,0.0,0.0
Hyles lineata,White-lined Sphinx,Insecta,1,1.0,33,3.5263605246161616,27,30,0.0,0.0,0.0,0.0,0.0,0.0
Hylidae,Hyline Tree Frogs,Amphibia,0,0.0,2,1.0986122886681098,1,1,0.0,0.0,0.0,0.0,0.0,0.0
Hymenoptera,"Ants, Bees, Wasps, and Sawflies",Insecta,0,0.0,2,1.0986122886681098,2,2,0.0,0.0,0.0,0.0,0.0,0.0
Hypericum canariense,Canary Islands St. John's Wort,Plantae,0,0.0,3,1.3862943611198906,3,3,0.0,0.0,0.0,0.0,0.0,0.0
Hypnea valentiae,Unknown,Plantae,0,0.0,1,0.6931471805599453,1,1,0.0,0.0,0.0,0.0,0.0,0.0
Hypocaccus,Unknown,Insecta,0,0.0,1,0.6931471805599453,1,1,0.0,0.0,0.0,0.0,0.0,0.0
Hypochaeris,Cat's-Ears,Plantae,0,0.0,1,0.6931471805599453,1,1,0.0,0.0,0.0,0.0,0.0,0.0
Hypochaeris glabra,Smooth Cat's Ear,Plantae,0,0.0,5,1.791759469228055,5,5,0.0,0.0,0.0,0.0,0.0,0.0
Hypochaeris radicata,Common Cat's-ear,Plantae,0,0.0,1,0.6931471805599453,1,1,0.0,0.0,0.0,0.0,0.0,0.0
Hypsoblennius gentilis,Bay Blenny,Actinopterygii,0,0.0,2,1.0986122886681098,1,2,0.0,0.0,0.0,0.0,0.0,0.0
Hypsopygia phoezalis,Unknown,Insecta,0,0.0,2,1.0986122886681098,2,1,0.0,0.0,0.0,0.0,0.0,0.0
Hysteriaceae,Unknown,Fungi,0,0.0,1,0.6931471805599453,1,1,0.0,0.0,0.0,0.0,0.0,0.0
Icaricia acmon,Acmon Blue,Insecta,0,0.0,5,1.791759469228055,5,5,0.0,0.0,0.0,0.0,0.0,0.0
Icerya purchasi,Cottony cushion scale,Insecta,0,0.0,1,0.6931471805599453,1,1,0.0,0.0,0.0,0.0,0.0,0.0
Ichneumonidae,Ichneumonid Wasps,Insecta,1,1.0,5,1.791759469228055,5,5,0.0,0.0,0.0,0.0,0.0,0.0
Ichneumonoidea,Ichneumonid and Braconid Wasps,Insecta,0,0.0,3,1.3862943611198906,2,3,0.0,0.0,0.0,0.0,0.0,0.0
Icteria virens,Yellow-breasted Chat,Aves,0,0.0,18,2.9444389791664403,11,12,0.0,0.0,0.0,0.0,0.0,0.0
Icteridae,New World Blackbirds and Orioles,Aves,0,0.0,1,0.6931471805599453,1,1,0.0,0.0,0.0,0.0,0.0,0.0
Icterus bullockii,Bullock's Oriole,Aves,0,0.0,1,0.6931471805599453,1,1,0.0,0.0,0.0,0.0,0.0,0.0
Icterus cucullatus,Hooded Oriole,Aves,1,1.0,20,3.044522437723423,15,18,0.0,0.0,0.0,0.0,0.0,0.0
Idaea,Unknown,Insecta,0,0.0,1,0.6931471805599453,1,1,0.0,0.0,0.0,0.0,0.0,0.0
Idaea bonifata,Fortunate Wave,Insecta,0,0.0,2,1.0986122886681098,2,1,0.0,0.0,0.0,0.0,0.0,0.0
Idatellina idae,Ida's Tellen,Mollusca,0,0.0,1,0.6931471805599453,1,1,0.0,0.0,0.0,0.0,0.0,0.0
Imparidentia,Unknown,Mollusca,0,0.0,12,2.5649493574615367,5,10,0.0,0.0,0.0,0.0,0.0,0.0
Incisitermes minor,Western Drywood Termite,Insecta,0,0.0,4,1.6094379124341003,4,4,0.0,0.0,0.0,0.0,0.0,0.0
Indotyphlops braminus,Brahminy Blindsnake,Reptilia,0,0.0,2,1.0986122886681098,2,2,0.0,0.0,0.0,0.0,0.0,0.0
Insecta,Insects,Insecta,1,1.0,21,3.091042453358316,19,20,0.0,0.0,0.0,0.0,0.0,0.0
Ipochus fasciatus,Hairy Borer,Insecta,0,0.0,1,0.6931471805599453,1,1,0.0,0.0,0.0,0.0,0.0,0.0
Iris douglasiana,Douglas iris,Plantae,0,0.0,1,0.6931471805599453,1,1,0.0,0.0,0.0,0.0,0.0,0.0
Ischnura cervula,Pacific Forktail,Insecta,0,0.0,5,1.791759469228055,5,5,0.0,0.0,0.0,0.0,0.0,0.0
Isocoma,Jimmyweeds and Goldenbushes,Plantae,0,0.0,26,3.295836866004329,21,17,0.0,0.0,0.0,0.0,0.0,0.0
Isocoma menziesii,Coastal Goldenbush,Plantae,1,37.0,294,5.68697535633982,152,212,0.0,0.0,0.0,0.0,0.0,0.0
Isocoma menziesii menziesii,Menzies' Goldenbush,Plantae,0,0.0,1,0.6931471805599453,1,1,0.0,0.0,0.0,0.0,0.0,0.0
Isocoma menziesii vernonioides,Green-leaved Dune Goldenbush,Plantae,0,0.0,1,0.6931471805599453,1,1,0.0,0.0,0.0,0.0,0.0,0.0
Isodontia mexicana,Mexican Grass-carrying Wasp,Insecta,0,0.0,1,0.6931471805599453,1,1,0.0,0.0,0.0,0.0,0.0,0.0
Iteomyia salicisverruca,Willow leaf gall midge,Insecta,0,0.0,1,0.6931471805599453,1,1,0.0,0.0,0.0,0.0,0.0,0.0
Iva,Marsh elders,Plantae,1,1.0,1,0.6931471805599453,1,1,0.0,0.0,0.0,0.0,0.0,0.0
Iva hayesiana,San Diego marsh-elder,Plantae,1,14.0,25,3.258096538021482,21,23,0.0,0.0,0.0,0.0,0.0,0.0
Ixodida,Ticks,Arachnida,0,0.0,1,0.6931471805599453,1,1,0.0,0.0,0.0,0.0,0.0,0.0
Ixodidae,Hardbacked Ticks,Arachnida,0,0.0,1,0.6931471805599453,1,1,0.0,0.0,0.0,0.0,0.0,0.0
Ixoreus naevius,Varied Thrush,Aves,0,0.0,2,1.0986122886681098,2,2,0.0,0.0,0.0,0.0,0.0,0.0
Jaumea carnosa,Marsh Jaumea,Plantae,1,16.0,48,3.8918202981106265,33,45,0.0,0.0,0.0,0.0,0.0,0.0
Jellyella tuberculata,Sargassum Sea Mat,Animalia,0,0.0,9,2.302585092994046,6,9,0.0,0.0,0.0,0.0,0.0,0.0
Juliformia,Round-backed Millipedes,Animalia,0,0.0,2,1.0986122886681098,2,2,0.0,0.0,0.0,0.0,0.0,0.0
Juncus,Rushes,Plantae,1,1.0,5,1.791759469228055,5,5,0.0,0.0,0.0,0.0,0.0,0.0
Juncus acutus,spiny rush,Plantae,1,2.0,9,2.302585092994046,8,9,0.0,0.0,0.0,0.0,0.0,0.0
Juncus acutus leopoldii,Southwestern Spiny Rush,Plantae,1,2.0,35,3.58351893845611,18,32,0.0,0.0,0.0,0.0,0.0,0.0
Juncus bufonius,Toad rush,Plantae,0,0.0,3,1.3862943611198906,1,3,0.0,0.0,0.0,0.0,0.0,0.0
Juncus patens,Spreading Rush,Plantae,0,0.0,6,1.9459101490553132,6,6,0.0,0.0,0.0,0.0,0.0,0.0
Juncus roemerianus,needlegrass rush,Plantae,0,0.0,1,0.6931471805599453,1,1,0.0,0.0,0.0,0.0,0.0,0.0
Juniperus,junipers,Plantae,0,0.0,2,1.0986122886681098,2,2,0.0,0.0,0.0,0.0,0.0,0.0
Juniperus californica,California juniper,Plantae,0,0.0,2,1.0986122886681098,2,2,0.0,0.0,0.0,0.0,0.0,0.0
Junonia grisea,Gray Buckeye,Insecta,0,0.0,9,2.302585092994046,5,9,0.0,0.0,0.0,0.0,0.0,0.0
Keckiella antirrhinoides,chaparral beardtongue,Plantae,0,0.0,2,1.0986122886681098,2,2,0.0,0.0,0.0,0.0,0.0,0.0
Kelletia kelletii,Kellet's Whelk,Mollusca,0,0.0,14,2.70805020110221,8,11,0.0,0.0,0.0,0.0,0.0,0.0
Koeleria macrantha,Prairie Junegrass,Plantae,0,0.0,1,0.6931471805599453,1,1,0.0,0.0,0.0,0.0,0.0,0.0
Laccaria laccata,deceiver,Fungi,0,0.0,1,0.6931471805599453,1,1,0.0,0.0,0.0,0.0,0.0,0.0
Lacinipolia quadrilineata,Four-lined Arches,Insecta,0,0.0,1,0.6931471805599453,1,1,0.0,0.0,0.0,0.0,0.0,0.0
Lactarius alnicola,golden milkcap,Fungi,0,0.0,3,1.3862943611198906,2,3,0.0,0.0,0.0,0.0,0.0,0.0
Lactista gibbosus,trailside grasshopper,Insecta,0,0.0,2,1.0986122886681098,2,1,0.0,0.0,0.0,0.0,0.0,0.0
Lactuca serriola,prickly lettuce,Plantae,0,0.0,3,1.3862943611198906,3,3,0.0,0.0,0.0,0.0,0.0,0.0
Laemostenus complanatus,Cosmopolitan Ground Beetle,Insecta,0,0.0,2,1.0986122886681098,2,2,0.0,0.0,0.0,0.0,0.0,0.0
Laennecia,Unknown,Plantae,1,2.0,1,0.6931471805599453,1,1,0.0,0.0,0.0,0.0,0.0,0.0
Laennecia coulteri,Coulter's horseweed,Plantae,1,1.0,30,3.4339872044851463,19,29,0.0,0.0,0.0,0.0,0.0,0.0
Laetilia,Scale-eating Moths,Insecta,0,0.0,1,0.6931471805599453,1,1,0.0,0.0,0.0,0.0,0.0,0.0
Laevicardium elatum,Giant Egg Cockle,Mollusca,0,0.0,1,0.6931471805599453,1,1,0.0,0.0,0.0,0.0,0.0,0.0
Laevicardium substriatum,Pacific Eggcockle,Mollusca,0,0.0,6,1.9459101490553132,4,6,0.0,0.0,0.0,0.0,0.0,0.0
Lagenaria siceraria,Calabash,Plantae,0,0.0,1,0.6931471805599453,1,1,0.0,0.0,0.0,0.0,0.0,0.0
Lamarckia aurea,goldentop grass,Plantae,0,0.0,12,2.5649493574615367,8,12,0.0,0.0,0.0,0.0,0.0,0.0
Lamiaceae,Mint Family,Plantae,0,0.0,2,1.0986122886681098,2,2,0.0,0.0,0.0,0.0,0.0,0.0
Lamiales,"Mints, Plantains, Olives, and Allies",Plantae,0,0.0,1,0.6931471805599453,1,1,0.0,0.0,0.0,0.0,0.0,0.0
Laminariaceae,Unknown,Chromista,0,0.0,1,0.6931471805599453,1,1,0.0,0.0,0.0,0.0,0.0,0.0
Laminariales,Kelps,Chromista,1,1.0,3,1.3862943611198906,3,2,0.0,0.0,0.0,0.0,0.0,0.0
Lampropeltis californiae,California King Snake,Reptilia,1,1.0,43,3.784189633918261,38,41,0.0,0.0,0.0,0.0,0.0,0.0
Lanius ludovicianus,Loggerhead Shrike,Aves,0,0.0,33,3.5263605246161616,11,32,0.0,0.0,0.0,0.0,0.0,0.0
Lantana × strigocamara,Lantana,Plantae,0,0.0,1,0.6931471805599453,1,1,0.0,0.0,0.0,0.0,0.0,0.0
Laphystia,Unknown,Insecta,0,0.0,1,0.6931471805599453,1,1,0.0,0.0,0.0,0.0,0.0,0.0
Lapposyrphus lapponicus,Common Loopwing Aphideater,Insecta,0,0.0,1,0.6931471805599453,1,1,0.0,0.0,0.0,0.0,0.0,0.0
Larentiinae,Carpet Moths,Insecta,0,0.0,18,2.9444389791664403,11,18,0.0,0.0,0.0,0.0,0.0,0.0
Largus californicus,California Bordered Plant Bug,Insecta,0,0.0,2,1.0986122886681098,2,2,0.0,0.0,0.0,0.0,0.0,0.0
Laridae,"Gulls, Terns, and Skimmers",Aves,0,0.0,1,0.6931471805599453,1,1,0.0,0.0,0.0,0.0,0.0,0.0
Larinae,Gulls,Aves,0,0.0,2,1.0986122886681098,2,2,0.0,0.0,0.0,0.0,0.0,0.0
Larinia,Grass Orb-web Spiders,Arachnida,0,0.0,1,0.6931471805599453,1,1,0.0,0.0,0.0,0.0,0.0,0.0
Larinia directa,Unknown,Arachnida,0,0.0,1,0.6931471805599453,1,1,0.0,0.0,0.0,0.0,0.0,0.0
Larrini,Unknown,Insecta,0,0.0,4,1.6094379124341003,3,4,0.0,0.0,0.0,0.0,0.0,0.0
Larropsis,Unknown,Insecta,0,0.0,1,0.6931471805599453,1,1,0.0,0.0,0.0,0.0,0.0,0.0
Larus,Large White-headed Gulls,Aves,1,1.0,33,3.5263605246161616,14,30,0.0,0.0,0.0,0.0,0.0,0.0
Larus brachyrhynchus,Short-billed Gull,Aves,0,0.0,4,1.6094379124341003,2,4,0.0,0.0,0.0,0.0,0.0,0.0
Larus californicus,California Gull,Aves,0,0.0,63,4.1588830833596715,26,47,0.0,0.0,0.0,0.0,0.0,0.0
Larus delawarensis,Ring-billed Gull,Aves,1,4.0,105,4.663439094112067,39,76,0.0,0.0,0.0,0.0,0.0,0.0
Larus fuscus,Lesser Black-backed Gull,Aves,0,0.0,2,1.0986122886681098,1,2,0.0,0.0,0.0,0.0,0.0,0.0
Larus glaucescens,Glaucous-winged Gull,Aves,0,0.0,11,2.4849066497880004,10,11,0.0,0.0,0.0,0.0,0.0,0.0
Larus glaucescens × occidentalis,Olympic Gull,Aves,0,0.0,1,0.6931471805599453,1,1,0.0,0.0,0.0,0.0,0.0,0.0
Larus heermanni,Heermann's Gull,Aves,0,0.0,39,3.6888794541139363,22,34,0.0,0.0,0.0,0.0,0.0,0.0
Larus occidentalis,Western Gull,Aves,1,13.0,246,5.5093883366279774,54,169,0.0,0.0,0.0,0.0,0.0,0.0
Larus smithsonianus,American Herring Gull,Aves,1,1.0,28,3.367295829986474,11,21,0.0,0.0,0.0,0.0,0.0,0.0
Lasioglossum,Unknown,Insecta,0,0.0,9,2.302585092994046,5,8,0.0,0.0,0.0,0.0,0.0,0.0
Lasioglossum gemmatum,Unknown,Insecta,0,0.0,3,1.3862943611198906,3,3,0.0,0.0,0.0,0.0,0.0,0.0
Lasioglossum sisymbrii,Tansy Mustard Sweat Bee,Insecta,0,0.0,2,1.0986122886681098,2,2,0.0,0.0,0.0,0.0,0.0,0.0
Lasthenia coronaria,Royal Goldfields,Plantae,0,0.0,3,1.3862943611198906,2,3,0.0,0.0,0.0,0.0,0.0,0.0
Lasthenia gracilis,common goldfields,Plantae,0,0.0,3,1.3862943611198906,3,3,0.0,0.0,0.0,0.0,0.0,0.0
Latrodectinae,Unknown,Arachnida,0,0.0,1,0.6931471805599453,1,1,0.0,0.0,0.0,0.0,0.0,0.0
Latrodectus,Widow Spiders,Arachnida,0,0.0,2,1.0986122886681098,2,2,0.0,0.0,0.0,0.0,0.0,0.0
Latrodectus geometricus,Brown Widow,Arachnida,1,1.0,5,1.791759469228055,5,5,0.0,0.0,0.0,0.0,0.0,0.0
Latrodectus hesperus,Western Black Widow,Arachnida,0,0.0,14,2.70805020110221,12,14,0.0,0.0,0.0,0.0,0.0,0.0
Laurasiatheria,"Ungulates, Carnivorans, and Allies",Mammalia,0,0.0,1,0.6931471805599453,1,1,0.0,0.0,0.0,0.0,0.0,0.0
Laurencia,Unknown,Plantae,0,0.0,1,0.6931471805599453,1,1,0.0,0.0,0.0,0.0,0.0,0.0
Leathesia marina,Sea Cauliflower,Chromista,0,0.0,1,0.6931471805599453,1,1,0.0,0.0,0.0,0.0,0.0,0.0
Lecanoromycetes,Common Lichens,Fungi,0,0.0,4,1.6094379124341003,4,4,0.0,0.0,0.0,0.0,0.0,0.0
Leiosolenus plumula,Feather Date Mussel,Mollusca,0,0.0,1,0.6931471805599453,1,1,0.0,0.0,0.0,0.0,0.0,0.0
Leiothlypis celata,Orange-crowned Warbler,Aves,1,7.0,50,3.9318256327243257,31,41,0.0,0.0,0.0,0.0,0.0,0.0
Leiothlypis ruficapilla,Nashville Warbler,Aves,0,0.0,2,1.0986122886681098,2,2,0.0,0.0,0.0,0.0,0.0,0.0
Lemna,Duckweeds,Plantae,0,0.0,1,0.6931471805599453,1,1,0.0,0.0,0.0,0.0,0.0,0.0
Lepas,Goose Barnacles,Animalia,0,0.0,1,0.6931471805599453,1,1,0.0,0.0,0.0,0.0,0.0,0.0
Lepas pacifica,Pacific Gooseneck Barnacle,Animalia,0,0.0,6,1.9459101490553132,3,4,0.0,0.0,0.0,0.0,0.0,0.0
Lepidanthrax,Unknown,Insecta,0,0.0,2,1.0986122886681098,2,2,0.0,0.0,0.0,0.0,0.0,0.0
Lepidium,Pepperweeds,Plantae,0,0.0,11,2.4849066497880004,7,9,0.0,0.0,0.0,0.0,0.0,0.0
Lepidium chalepense,Lens-podded Hoary Cress,Plantae,0,0.0,3,1.3862943611198906,3,3,0.0,0.0,0.0,0.0,0.0,0.0
Lepidium didymum,Lesser swine-cress,Plantae,1,5.0,5,1.791759469228055,5,4,0.0,0.0,0.0,0.0,0.0,0.0
Lepidium draba,Heart-podded Hoary Cress,Plantae,0,0.0,4,1.6094379124341003,4,4,0.0,0.0,0.0,0.0,0.0,0.0
Lepidium lasiocarpum,Hairypod Pepperweed,Plantae,0,0.0,2,1.0986122886681098,2,2,0.0,0.0,0.0,0.0,0.0,0.0
Lepidium lasiocarpum lasiocarpum,Hairypod Pepperweed,Plantae,0,0.0,2,1.0986122886681098,1,1,0.0,0.0,0.0,0.0,0.0,0.0
Lepidium latifolium,broadleaved pepperweed,Plantae,0,0.0,4,1.6094379124341003,4,4,0.0,0.0,0.0,0.0,0.0,0.0
Lepidium nitidum,Shining Pepperweed,Plantae,0,0.0,3,1.3862943611198906,3,2,0.0,0.0,0.0,0.0,0.0,0.0
Lepidium virginicum,Virginia pepperweed,Plantae,0,0.0,2,1.0986122886681098,1,2,0.0,0.0,0.0,0.0,0.0,0.0
Lepidoptera,Butterflies and Moths,Insecta,1,2.0,54,4.007333185232471,29,40,0.0,0.0,0.0,0.0,0.0,0.0
Lepidospartum squamatum,California Broomsage,Plantae,0,0.0,1,0.6931471805599453,1,1,0.0,0.0,0.0,0.0,0.0,0.0
Lepiota subincarnata,fatal dapperling,Fungi,0,0.0,1,0.6931471805599453,1,1,0.0,0.0,0.0,0.0,0.0,0.0
Lepismatidae,Typical Silverfishes,Insecta,1,1.0,1,0.6931471805599453,1,1,0.0,0.0,0.0,0.0,0.0,0.0
Leporidae,Hares and Rabbits,Mammalia,1,1.0,9,2.302585092994046,8,9,0.0,0.0,0.0,0.0,0.0,0.0
Leporimetis obesa,California Fat Tellin,Mollusca,0,0.0,8,2.1972245773362196,4,8,0.0,0.0,0.0,0.0,0.0,0.0
Lepraria,Dust Lichens,Fungi,0,0.0,1,0.6931471805599453,1,1,0.0,0.0,0.0,0.0,0.0,0.0
Leptocottus armatus,Pacific Staghorn Sculpin,Actinopterygii,1,3.0,20,3.044522437723423,3,7,0.0,0.0,0.0,0.0,0.0,0.0
Leptoglossus zonatus,Unknown,Insecta,0,0.0,3,1.3862943611198906,3,3,0.0,0.0,0.0,0.0,0.0,0.0
Leptopecten latiauratus,Kelp Scallop,Mollusca,0,0.0,5,1.791759469228055,4,5,0.0,0.0,0.0,0.0,0.0,0.0
Leptosyne gigantea,giant coreopsis,Plantae,0,0.0,1,0.6931471805599453,1,1,0.0,0.0,0.0,0.0,0.0,0.0
Leptotes marina,Marine Blue,Insecta,1,2.0,16,2.833213344056216,14,15,0.0,0.0,0.0,0.0,0.0,0.0
Leptuca crenulata,Mexican Fiddler Crab,Animalia,1,8.0,55,4.02535169073515,39,50,0.0,0.0,0.0,0.0,0.0,0.0
Lepus californicus,Black-tailed Jackrabbit,Mammalia,0,0.0,51,3.9512437185814275,30,49,0.0,0.0,0.0,0.0,0.0,0.0
Lepus californicus bennettii,San Diego Black-tailed Jackrabbit,Mammalia,0,0.0,6,1.9459101490553132,6,5,0.0,0.0,0.0,0.0,0.0,0.0
Leratiomyces ceres,Chip Cherries,Fungi,0,0.0,1,0.6931471805599453,1,1,0.0,0.0,0.0,0.0,0.0,0.0
Lerodea eufala,Eufala Skipper,Insecta,0,0.0,4,1.6094379124341003,3,3,0.0,0.0,0.0,0.0,0.0,0.0
Leucocoprinus leucothites,White Dapperling,Fungi,0,0.0,2,1.0986122886681098,2,2,0.0,0.0,0.0,0.0,0.0,0.0
Leucophaeus atricilla,Laughing Gull,Aves,0,0.0,1,0.6931471805599453,1,1,0.0,0.0,0.0,0.0,0.0,0.0
Leucophaeus pipixcan,Franklin's Gull,Aves,0,0.0,1,0.6931471805599453,1,1,0.0,0.0,0.0,0.0,0.0,0.0
Leukoma,Unknown,Mollusca,0,0.0,4,1.6094379124341003,4,4,0.0,0.0,0.0,0.0,0.0,0.0
Leukoma laciniata,Rough-sided Littleneck Clam,Mollusca,0,0.0,3,1.3862943611198906,3,3,0.0,0.0,0.0,0.0,0.0,0.0
Leukoma staminea,Pacific Littleneck Clam,Mollusca,0,0.0,69,4.248495242049359,23,46,0.0,0.0,0.0,0.0,0.0,0.0
Leuresthes tenuis,California Grunion,Actinopterygii,0,0.0,2,1.0986122886681098,2,2,0.0,0.0,0.0,0.0,0.0,0.0
Leymus,Unknown,Plantae,1,1.0,2,1.0986122886681098,2,2,0.0,0.0,0.0,0.0,0.0,0.0
Leymus condensatus,giant wild rye,Plantae,1,5.0,8,2.1972245773362196,4,8,0.0,0.0,0.0,0.0,0.0,0.0
Libellulidae,Skimmers,Insecta,0,0.0,1,0.6931471805599453,1,1,0.0,0.0,0.0,0.0,0.0,0.0
Life,Unknown,Unknown,1,7.0,7,2.0794415416798357,7,7,0.0,0.0,0.0,0.0,0.0,0.0
Ligia,Sea Slaters,Animalia,1,2.0,8,2.1972245773362196,7,8,0.0,0.0,0.0,0.0,0.0,0.0
Ligia occidentalis,Western Sea Slater,Animalia,1,3.0,9,2.302585092994046,9,9,0.0,0.0,0.0,0.0,0.0,0.0
Ligyrus gibbosus,Carrot Beetle,Insecta,0,0.0,3,1.3862943611198906,3,2,0.0,0.0,0.0,0.0,0.0,0.0
Liliopsida,Monocots,Plantae,0,0.0,3,1.3862943611198906,3,3,0.0,0.0,0.0,0.0,0.0,0.0
Limacus flavus,Yellow Cellar Slug,Mollusca,0,0.0,2,1.0986122886681098,2,2,0.0,0.0,0.0,0.0,0.0,0.0
Limenitis lorquini,Lorquin's Admiral,Insecta,0,0.0,14,2.70805020110221,12,13,0.0,0.0,0.0,0.0,0.0,0.0
Limenitis lorquini powelli,Powell's Admiral,Insecta,0,0.0,1,0.6931471805599453,1,1,0.0,0.0,0.0,0.0,0.0,0.0
Limnichidae,Minute Marsh-loving Beetles,Insecta,0,0.0,1,0.6931471805599453,1,1,0.0,0.0,0.0,0.0,0.0,0.0
Limnodromus,Dowitchers,Aves,1,1.0,80,4.394449154672439,31,65,0.0,0.0,0.0,0.0,0.0,0.0
Limnodromus griseus,Short-billed Dowitcher,Aves,0,0.0,16,2.833213344056216,13,15,0.0,0.0,0.0,0.0,0.0,0.0
Limnodromus scolopaceus,Long-billed Dowitcher,Aves,0,0.0,39,3.6888794541139363,23,36,0.0,0.0,0.0,0.0,0.0,0.0
Limoniidae,Limoniid Crane Flies,Insecta,0,0.0,1,0.6931471805599453,1,1,0.0,0.0,0.0,0.0,0.0,0.0
Limonium,Sea-Lavenders,Plantae,1,8.0,24,3.2188758248682006,18,23,0.0,0.0,0.0,0.0,0.0,0.0
Limonium californicum,Western Marsh Rosemary,Plantae,1,56.0,79,4.382026634673881,49,66,0.0,0.0,0.0,0.0,0.0,0.0
Limonium perezii,Perez's sea lavender,Plantae,1,4.0,32,3.4965075614664802,30,30,0.0,0.0,0.0,0.0,0.0,0.0
Limonium sinuatum,Blue statice,Plantae,1,19.0,110,4.709530201312334,63,91,0.0,0.0,0.0,0.0,0.0,0.0
Limosa,Godwits,Aves,0,0.0,1,0.6931471805599453,1,1,0.0,0.0,0.0,0.0,0.0,0.0
Limosa fedoa,Marbled Godwit,Aves,1,27.0,247,5.5134287461649825,80,180,0.0,0.0,0.0,0.0,0.0,0.0
Linanthus dianthiflorus,fringed linanthus,Plantae,0,0.0,20,3.044522437723423,11,17,0.0,0.0,0.0,0.0,0.0,0.0
Linaria,Toadflaxes,Plantae,0,0.0,1,0.6931471805599453,1,1,0.0,0.0,0.0,0.0,0.0,0.0
Linaria texana,Texas toadflax,Plantae,0,0.0,11,2.4849066497880004,4,8,0.0,0.0,0.0,0.0,0.0,0.0
Linepithema humile,Argentine Ant,Insecta,1,3.0,10,2.3978952727983707,9,10,0.0,0.0,0.0,0.0,0.0,0.0
Linopodes,Unknown,Arachnida,0,0.0,1,0.6931471805599453,1,1,0.0,0.0,0.0,0.0,0.0,0.0
Linum grandiflorum,Scarlet Flax,Plantae,0,0.0,14,2.70805020110221,12,11,0.0,0.0,0.0,0.0,0.0,0.0
Lioptilodes albistriolatus,Mousy Plume Moth,Insecta,0,0.0,2,1.0986122886681098,2,1,0.0,0.0,0.0,0.0,0.0,0.0
Liorhyssus hyalinus,Hyaline Grass Bug,Insecta,1,1.0,1,0.6931471805599453,1,1,0.0,0.0,0.0,0.0,0.0,0.0
Lipographis,Unknown,Insecta,0,0.0,1,0.6931471805599453,1,1,0.0,0.0,0.0,0.0,0.0,0.0
Liriomyza,Liriomyza leaf-mining flies,Insecta,0,0.0,2,1.0986122886681098,2,2,0.0,0.0,0.0,0.0,0.0,0.0
Liris,Unknown,Insecta,0,0.0,3,1.3862943611198906,2,3,0.0,0.0,0.0,0.0,0.0,0.0
Lispe,Unknown,Insecta,0,0.0,1,0.6931471805599453,1,1,0.0,0.0,0.0,0.0,0.0,0.0
Listrus,Unknown,Insecta,0,0.0,4,1.6094379124341003,3,4,0.0,0.0,0.0,0.0,0.0,0.0
Litaneutria,American Ground Mantises,Insecta,0,0.0,2,1.0986122886681098,2,2,0.0,0.0,0.0,0.0,0.0,0.0
Litaneutria ocularis,Obscure Ground Mantis,Insecta,0,0.0,1,0.6931471805599453,1,1,0.0,0.0,0.0,0.0,0.0,0.0
Litaneutria pacifica,Pacific Ground Mantis,Insecta,0,0.0,2,1.0986122886681098,2,2,0.0,0.0,0.0,0.0,0.0,0.0
Lithobates catesbeianus,American Bullfrog,Amphibia,0,0.0,1,0.6931471805599453,1,1,0.0,0.0,0.0,0.0,0.0,0.0
Lithobiidae,Unknown,Animalia,0,0.0,1,0.6931471805599453,1,1,0.0,0.0,0.0,0.0,0.0,0.0
Lithobiomorpha,Stone Centipedes,Animalia,0,0.0,1,0.6931471805599453,1,1,0.0,0.0,0.0,0.0,0.0,0.0
Lithothamnion,Unknown,Plantae,0,0.0,4,1.6094379124341003,3,4,0.0,0.0,0.0,0.0,0.0,0.0
Litomegachile,Unknown,Insecta,0,0.0,1,0.6931471805599453,1,1,0.0,0.0,0.0,0.0,0.0,0.0
Littorophiloscia richardsonae,Western Saltmarsh Woodlouse,Animalia,0,0.0,1,0.6931471805599453,1,1,0.0,0.0,0.0,0.0,0.0,0.0
Lobularia maritima,sweet alyssum,Plantae,0,0.0,3,1.3862943611198906,3,3,0.0,0.0,0.0,0.0,0.0,0.0
Logfia,cottonroses,Plantae,0,0.0,1,0.6931471805599453,1,1,0.0,0.0,0.0,0.0,0.0,0.0
Logfia arizonica,Arizona cottonrose,Plantae,0,0.0,2,1.0986122886681098,2,1,0.0,0.0,0.0,0.0,0.0,0.0
Logfia gallica,narrowleaf cottonrose,Plantae,0,0.0,1,0.6931471805599453,1,1,0.0,0.0,0.0,0.0,0.0,0.0
Lolium,Unknown,Plantae,1,2.0,6,1.9459101490553132,4,6,0.0,0.0,0.0,0.0,0.0,0.0
Lolium multiflorum,Italian Ryegrass,Plantae,0,0.0,3,1.3862943611198906,3,3,0.0,0.0,0.0,0.0,0.0,0.0
Lomamyia fulva,Unknown,Insecta,0,0.0,1,0.6931471805599453,1,1,0.0,0.0,0.0,0.0,0.0,0.0
Lon melane,Umber Skipper,Insecta,0,0.0,3,1.3862943611198906,3,2,0.0,0.0,0.0,0.0,0.0,0.0
Lophodytes cucullatus,Hooded Merganser,Aves,1,1.0,1,0.6931471805599453,1,1,0.0,0.0,0.0,0.0,0.0,0.0
Lophopanopeus,Unknown,Animalia,0,0.0,1,0.6931471805599453,1,1,0.0,0.0,0.0,0.0,0.0,0.0
Lordotus,Unknown,Insecta,0,0.0,1,0.6931471805599453,1,1,0.0,0.0,0.0,0.0,0.0,0.0
Lorita,Unknown,Insecta,1,1.0,1,0.6931471805599453,1,1,0.0,0.0,0.0,0.0,0.0,0.0
Lorita scarificata,Chrysanthemum Flower Borer Moth,Insecta,1,1.0,3,1.3862943611198906,3,2,0.0,0.0,0.0,0.0,0.0,0.0
Lottia gigantea,Owl Limpet,Mollusca,0,0.0,1,0.6931471805599453,1,1,0.0,0.0,0.0,0.0,0.0,0.0
Lotus,bird's-foot trefoils,Plantae,0,0.0,1,0.6931471805599453,1,1,0.0,0.0,0.0,0.0,0.0,0.0
Lotus corniculatus,bird's-foot trefoil,Plantae,0,0.0,2,1.0986122886681098,2,2,0.0,0.0,0.0,0.0,0.0,0.0
Loxorhynchus,Unknown,Animalia,0,0.0,1,0.6931471805599453,1,1,0.0,0.0,0.0,0.0,0.0,0.0
Loxorhynchus crispatus,Moss Crab,Animalia,0,0.0,1,0.6931471805599453,1,1,0.0,0.0,0.0,0.0,0.0,0.0
Loxorhynchus grandis,Sheep Crab,Animalia,0,0.0,17,2.8903717578961645,14,16,0.0,0.0,0.0,0.0,0.0,0.0
Loxostege munroealis,Nearctic Beet Webworm,Insecta,0,0.0,1,0.6931471805599453,1,1,0.0,0.0,0.0,0.0,0.0,0.0
Lucilia,Greenbottle Flies,Insecta,0,0.0,10,2.3978952727983707,5,10,0.0,0.0,0.0,0.0,0.0,0.0
Lucilia cuprina,Australian Sheep Blow Fly,Insecta,1,1.0,1,0.6931471805599453,1,1,0.0,0.0,0.0,0.0,0.0,0.0
Lucilia sericata,Common European Greenbottle Fly,Insecta,0,0.0,6,1.9459101490553132,4,5,0.0,0.0,0.0,0.0,0.0,0.0
Lumbricus,Unknown,Animalia,0,0.0,2,1.0986122886681098,2,2,0.0,0.0,0.0,0.0,0.0,0.0
Lupinus,lupines,Plantae,0,0.0,4,1.6094379124341003,4,3,0.0,0.0,0.0,0.0,0.0,0.0
Lupinus bicolor,Miniature Lupine,Plantae,1,1.0,1,0.6931471805599453,1,1,0.0,0.0,0.0,0.0,0.0,0.0
Lupinus hirsutissimus,Stinging Lupine,Plantae,0,0.0,5,1.791759469228055,5,3,0.0,0.0,0.0,0.0,0.0,0.0
Lupinus microcarpus,chick lupine,Plantae,0,0.0,1,0.6931471805599453,1,1,0.0,0.0,0.0,0.0,0.0,0.0
Lupinus pallidus,Unknown,Plantae,0,0.0,4,1.6094379124341003,2,2,0.0,0.0,0.0,0.0,0.0,0.0
Lupinus sparsiflorus,Coulter's lupine,Plantae,0,0.0,1,0.6931471805599453,1,1,0.0,0.0,0.0,0.0,0.0,0.0
Lupinus succulentus,arroyo lupine,Plantae,0,0.0,1,0.6931471805599453,1,1,0.0,0.0,0.0,0.0,0.0,0.0
Lupinus truncatus,collared annual lupine,Plantae,0,0.0,7,2.0794415416798357,5,5,0.0,0.0,0.0,0.0,0.0,0.0
Lycium,boxthorns,Plantae,1,3.0,27,3.332204510175204,22,20,0.0,0.0,0.0,0.0,0.0,0.0
Lycium andersonii,Anderson Thornbush,Plantae,1,1.0,8,2.1972245773362196,5,7,0.0,0.0,0.0,0.0,0.0,0.0
Lycium californicum,California boxthorn,Plantae,1,19.0,246,5.5093883366279774,122,171,0.0,0.0,0.0,0.0,0.0,0.0
Lycium californicum californicum,Unknown,Plantae,0,0.0,1,0.6931471805599453,1,1,0.0,0.0,0.0,0.0,0.0,0.0
Lycoperdaceae,puffballs,Fungi,0,0.0,1,0.6931471805599453,1,1,0.0,0.0,0.0,0.0,0.0,0.0
Lycosidae,Wolf Spiders,Arachnida,1,1.0,15,2.772588722239781,13,14,0.0,0.0,0.0,0.0,0.0,0.0
Lycosinae,Unknown,Arachnida,1,1.0,2,1.0986122886681098,2,2,0.0,0.0,0.0,0.0,0.0,0.0
Lygaeoidea,Seed Bugs and Allies,Insecta,0,0.0,1,0.6931471805599453,1,1,0.0,0.0,0.0,0.0,0.0,0.0
Lygus,Lygus Bugs,Insecta,0,0.0,2,1.0986122886681098,2,2,0.0,0.0,0.0,0.0,0.0,0.0
Lymantriinae,Tussock Moths,Insecta,0,0.0,1,0.6931471805599453,1,1,0.0,0.0,0.0,0.0,0.0,0.0
Lynx rufus,Bobcat,Mammalia,0,0.0,61,4.127134385045092,15,46,0.0,0.0,0.0,0.0,0.0,0.0
Lynx rufus fasciatus,Western Bobcat,Mammalia,0,0.0,1,0.6931471805599453,1,1,0.0,0.0,0.0,0.0,0.0,0.0
Lysimachia arvensis,scarlet pimpernel,Plantae,1,4.0,68,4.23410650459726,54,53,0.0,0.0,0.0,0.0,0.0,0.0
Lysimachia loeflingii,Blue Scarlet Pimpernel,Plantae,0,0.0,1,0.6931471805599453,1,1,0.0,0.0,0.0,0.0,0.0,0.0
Lysimachia minima,Chaffweed,Plantae,0,0.0,1,0.6931471805599453,1,1,0.0,0.0,0.0,0.0,0.0,0.0
Lythrum hyssopifolia,Hyssop Loosestrife,Plantae,1,1.0,3,1.3862943611198906,2,3,0.0,0.0,0.0,0.0,0.0,0.0
Lytta auriculata,Red-eared Blister Beetle,Insecta,0,0.0,2,1.0986122886681098,2,1,0.0,0.0,0.0,0.0,0.0,0.0
Machaerantherinae,Unknown,Plantae,0,0.0,1,0.6931471805599453,1,1,0.0,0.0,0.0,0.0,0.0,0.0
Macoma,Unknown,Mollusca,0,0.0,3,1.3862943611198906,3,3,0.0,0.0,0.0,0.0,0.0,0.0
Macoma inquinata,Pointed Macoma,Mollusca,0,0.0,1,0.6931471805599453,1,1,0.0,0.0,0.0,0.0,0.0,0.0
Macoma nasuta,Bent-nosed Clam,Mollusca,0,0.0,46,3.8501476017100584,15,33,0.0,0.0,0.0,0.0,0.0,0.0
Macominae,Unknown,Mollusca,0,0.0,4,1.6094379124341003,3,4,0.0,0.0,0.0,0.0,0.0,0.0
Macoploma yoldiformis,Yoldia Macoma,Mollusca,0,0.0,1,0.6931471805599453,1,1,0.0,0.0,0.0,0.0,0.0,0.0
Macrocystis pyrifera,Giant Kelp,Chromista,1,3.0,107,4.68213122712422,40,87,0.0,0.0,0.0,0.0,0.0,0.0
Macronychiini,Unknown,Insecta,1,1.0,2,1.0986122886681098,2,2,0.0,0.0,0.0,0.0,0.0,0.0
Macrosiphini,Unknown,Insecta,0,0.0,1,0.6931471805599453,1,1,0.0,0.0,0.0,0.0,0.0,0.0
Mactridae,Trough Shells,Mollusca,0,0.0,5,1.791759469228055,2,5,0.0,0.0,0.0,0.0,0.0,0.0
Mactromeris,Unknown,Mollusca,0,0.0,1,0.6931471805599453,1,1,0.0,0.0,0.0,0.0,0.0,0.0
Mactromeris catilliformis,Dish Surfclam,Mollusca,0,0.0,15,2.772588722239781,9,13,0.0,0.0,0.0,0.0,0.0,0.0
Mactrotoma californica,California Surfclam,Mollusca,0,0.0,1,0.6931471805599453,1,1,0.0,0.0,0.0,0.0,0.0,0.0
Magallana gigas,Pacific Oyster,Mollusca,1,24.0,19,2.995732273553991,6,16,0.0,0.0,0.0,0.0,0.0,0.0
Magnoliopsida,Dicots,Plantae,1,19.0,110,4.709530201312334,59,71,0.0,0.0,0.0,0.0,0.0,0.0
Malachiinae,Malachite Beetles,Insecta,0,0.0,1,0.6931471805599453,1,1,0.0,0.0,0.0,0.0,0.0,0.0
Malachiini,Unknown,Insecta,0,0.0,1,0.6931471805599453,1,1,0.0,0.0,0.0,0.0,0.0,0.0
Malacostraca,Malacostracans,Animalia,0,0.0,1,0.6931471805599453,1,1,0.0,0.0,0.0,0.0,0.0,0.0
Malacothamnus,bushmallows,Plantae,0,0.0,16,2.833213344056216,14,15,0.0,0.0,0.0,0.0,0.0,0.0
Malacothamnus fasciculatus,southern coastal bushmallow,Plantae,0,0.0,143,4.969813299576001,94,117,0.0,0.0,0.0,0.0,0.0,0.0
Malacothamnus fasciculatus fasciculatus,southern coastal bushmallow,Plantae,0,0.0,3,1.3862943611198906,3,3,0.0,0.0,0.0,0.0,0.0,0.0
Malephora,Fingerfigs,Plantae,1,10.0,19,2.995732273553991,18,19,0.0,0.0,0.0,0.0,0.0,0.0
Malephora crocea,coppery mesemb,Plantae,1,26.0,77,4.356708826689592,57,69,0.0,0.0,0.0,0.0,0.0,0.0
Malephora lutea,rocky point ice plant,Plantae,0,0.0,2,1.0986122886681098,2,2,0.0,0.0,0.0,0.0,0.0,0.0
Malephora purpureocrocea,Carmine Fingerfig,Plantae,1,1.0,10,2.3978952727983707,7,7,0.0,0.0,0.0,0.0,0.0,0.0
Malosma laurina,laurel sumac,Plantae,1,10.0,173,5.159055299214529,128,135,0.0,0.0,0.0,0.0,0.0,0.0
Malpighiales,"Nances, Willows, and Allies",Plantae,0,0.0,2,1.0986122886681098,1,2,0.0,0.0,0.0,0.0,0.0,0.0
Malva,Mallows,Plantae,1,1.0,12,2.5649493574615367,12,12,0.0,0.0,0.0,0.0,0.0,0.0
Malva assurgentiflora,Island Mallow,Plantae,0,0.0,13,2.6390573296152584,13,13,0.0,0.0,0.0,0.0,0.0,0.0
Malva multiflora,Cretan mallow,Plantae,1,2.0,8,2.1972245773362196,8,8,0.0,0.0,0.0,0.0,0.0,0.0
Malva parviflora,cheeseweed mallow,Plantae,0,0.0,28,3.367295829986474,21,22,0.0,0.0,0.0,0.0,0.0,0.0
Malvaceae,Mallow and Hibiscus Family,Plantae,0,0.0,2,1.0986122886681098,2,2,0.0,0.0,0.0,0.0,0.0,0.0
Mammalia,Mammals,Mammalia,1,2.0,21,3.091042453358316,16,14,0.0,0.0,0.0,0.0,0.0,0.0
Manduca sexta,Carolina Sphinx,Insecta,1,5.0,4,1.6094379124341003,4,4,0.0,0.0,0.0,0.0,0.0,0.0
Mantodea,Mantises,Insecta,0,0.0,1,0.6931471805599453,1,1,0.0,0.0,0.0,0.0,0.0,0.0
Marah macrocarpa,Chilicothe,Plantae,1,1.0,51,3.9512437185814275,32,37,0.0,0.0,0.0,0.0,0.0,0.0
Marasmius rotula,collared parachute,Fungi,0,0.0,1,0.6931471805599453,1,1,0.0,0.0,0.0,0.0,0.0,0.0
Marchantiales,Complex thallose liverworts,Plantae,0,0.0,1,0.6931471805599453,1,1,0.0,0.0,0.0,0.0,0.0,0.0
Mareca americana,American Wigeon,Aves,1,25.0,263,5.575949103146316,72,183,0.0,0.0,0.0,0.0,0.0,0.0
Mareca penelope,Eurasian Wigeon,Aves,0,0.0,1,0.6931471805599453,1,1,0.0,0.0,0.0,0.0,0.0,0.0
Mareca strepera,Gadwall,Aves,0,0.0,39,3.6888794541139363,20,33,0.0,0.0,0.0,0.0,0.0,0.0
Marmara arbutiella,Madrone Skin Miner,Insecta,0,0.0,1,0.6931471805599453,1,1,0.0,0.0,0.0,0.0,0.0,0.0
Marrubium vulgare,White Horehound,Plantae,0,0.0,34,3.5553480614894135,22,30,0.0,0.0,0.0,0.0,0.0,0.0
Marsilea vestita,water clover,Plantae,0,0.0,1,0.6931471805599453,1,1,0.0,0.0,0.0,0.0,0.0,0.0
Mastophora cornigera,Southern Bolas Spider,Arachnida,0,0.0,1,0.6931471805599453,1,1,0.0,0.0,0.0,0.0,0.0,0.0
Matricaria discoidea,pineapple-weed,Plantae,0,0.0,5,1.791759469228055,5,4,0.0,0.0,0.0,0.0,0.0,0.0
Matsucoccus,Unknown,Insecta,0,0.0,1,0.6931471805599453,1,1,0.0,0.0,0.0,0.0,0.0,0.0
Mazzaella,Iridescent Algae,Plantae,0,0.0,1,0.6931471805599453,1,1,0.0,0.0,0.0,0.0,0.0,0.0
Mazzaella splendens,splendid iridescent seaweed,Plantae,0,0.0,1,0.6931471805599453,1,1,0.0,0.0,0.0,0.0,0.0,0.0
Mecaphesa,Unknown,Arachnida,0,0.0,16,2.833213344056216,9,11,0.0,0.0,0.0,0.0,0.0,0.0
Medicago,medicks,Plantae,0,0.0,2,1.0986122886681098,2,2,0.0,0.0,0.0,0.0,0.0,0.0
Medicago polymorpha,bur clover,Plantae,1,1.0,18,2.9444389791664403,13,16,0.0,0.0,0.0,0.0,0.0,0.0
Medicago sativa,Alfalfa,Plantae,0,0.0,3,1.3862943611198906,3,3,0.0,0.0,0.0,0.0,0.0,0.0
Megabalanus californicus,California Barnacle,Animalia,0,0.0,15,2.772588722239781,8,13,0.0,0.0,0.0,0.0,0.0,0.0
Megaceryle alcyon,Belted Kingfisher,Aves,1,14.0,44,3.8066624897703196,19,41,0.0,0.0,0.0,0.0,0.0,0.0
Megachile,"Leafcutter, Mortar, and Resin Bees",Insecta,0,0.0,3,1.3862943611198906,2,3,0.0,0.0,0.0,0.0,0.0,0.0
Megalopsallus,Unknown,Insecta,0,0.0,1,0.6931471805599453,1,1,0.0,0.0,0.0,0.0,0.0,0.0
Megalorchestia,Unknown,Animalia,0,0.0,1,0.6931471805599453,1,1,0.0,0.0,0.0,0.0,0.0,0.0
Megalorchestia benedicti,Unknown,Animalia,0,0.0,4,1.6094379124341003,3,3,0.0,0.0,0.0,0.0,0.0,0.0
Megalorchestia minor,Unknown,Animalia,0,0.0,2,1.0986122886681098,2,2,0.0,0.0,0.0,0.0,0.0,0.0
Megangulus bodegensis,Bodega Tellin,Mollusca,0,0.0,2,1.0986122886681098,2,2,0.0,0.0,0.0,0.0,0.0,0.0
Megascapheus bottae,Unknown,Mammalia,1,2.0,20,3.044522437723423,11,20,0.0,0.0,0.0,0.0,0.0,0.0
Megastraea undosa,Wavy Turban,Mollusca,1,4.0,185,5.225746673713202,83,134,0.0,0.0,0.0,0.0,0.0,0.0
Melaleuca nesophila,Showy Honey-myrtle,Plantae,0,0.0,1,0.6931471805599453,1,1,0.0,0.0,0.0,0.0,0.0,0.0
Melampus olivaceus,Salt Marsh Snail,Mollusca,1,11.0,13,2.6390573296152584,9,10,0.0,0.0,0.0,0.0,0.0,0.0
Melanerpes formicivorus,Acorn Woodpecker,Aves,0,0.0,1,0.6931471805599453,1,1,0.0,0.0,0.0,0.0,0.0,0.0
Melanitta,Scoters,Aves,0,0.0,1,0.6931471805599453,1,1,0.0,0.0,0.0,0.0,0.0,0.0
Melanitta americana,Black Scoter,Aves,0,0.0,5,1.791759469228055,4,5,0.0,0.0,0.0,0.0,0.0,0.0
Melanitta perspicillata,Surf Scoter,Aves,0,0.0,48,3.8918202981106265,21,39,0.0,0.0,0.0,0.0,0.0,0.0
Melanophila consputa,Charcoal Beetle,Insecta,0,0.0,1,0.6931471805599453,1,1,0.0,0.0,0.0,0.0,0.0,0.0
Melanoplinae,Spur-throated Grasshoppers,Insecta,1,2.0,2,1.0986122886681098,2,2,0.0,0.0,0.0,0.0,0.0,0.0
Melanoplini,Unknown,Insecta,0,0.0,3,1.3862943611198906,2,3,0.0,0.0,0.0,0.0,0.0,0.0
Melanoplus,North American Spur-throated Grasshoppers,Insecta,1,1.0,13,2.6390573296152584,7,12,0.0,0.0,0.0,0.0,0.0,0.0
Melanoplus cinereus,Gray Sagebrush Grasshopper,Insecta,1,1.0,15,2.772588722239781,12,13,0.0,0.0,0.0,0.0,0.0,0.0
Melanoplus cinereus cyanipes,Unknown,Insecta,0,0.0,10,2.3978952727983707,7,7,0.0,0.0,0.0,0.0,0.0,0.0
Melanoplus devastator,Devastating Grasshopper,Insecta,0,0.0,6,1.9459101490553132,5,5,0.0,0.0,0.0,0.0,0.0,0.0
Melanoplus differentialis,Differential Grasshopper,Insecta,0,0.0,4,1.6094379124341003,4,4,0.0,0.0,0.0,0.0,0.0,0.0
Melica imperfecta,smallflower melicgrass,Plantae,0,0.0,1,0.6931471805599453,1,1,0.0,0.0,0.0,0.0,0.0,0.0
Melilotus,melilots and sweetclovers,Plantae,0,0.0,1,0.6931471805599453,1,1,0.0,0.0,0.0,0.0,0.0,0.0
Melilotus albus,White Sweetclover,Plantae,1,1.0,3,1.3862943611198906,3,3,0.0,0.0,0.0,0.0,0.0,0.0
Melilotus indicus,small melilot,Plantae,1,2.0,46,3.8501476017100584,29,34,0.0,0.0,0.0,0.0,0.0,0.0
Melissodes,Unknown,Insecta,1,1.0,30,3.4339872044851463,10,23,0.0,0.0,0.0,0.0,0.0,0.0
Mellisugini,Bee Hummingbirds and Allies,Aves,1,1.0,1,0.6931471805599453,1,1,0.0,0.0,0.0,0.0,0.0,0.0
Melopsittacus undulatus domesticus,Domestic Budgerigar,Aves,0,0.0,1,0.6931471805599453,1,1,0.0,0.0,0.0,0.0,0.0,0.0
Melospiza,Melospiza Sparrows,Aves,0,0.0,1,0.6931471805599453,1,1,0.0,0.0,0.0,0.0,0.0,0.0
Melospiza georgiana,Swamp Sparrow,Aves,1,2.0,1,0.6931471805599453,1,1,0.0,0.0,0.0,0.0,0.0,0.0
Melospiza lincolnii,Lincoln's Sparrow,Aves,1,1.0,17,2.8903717578961645,12,17,0.0,0.0,0.0,0.0,0.0,0.0
Melospiza melodia,Song Sparrow,Aves,1,10.0,455,6.1224928095143865,114,290,0.0,0.0,0.0,0.0,0.0,0.0
Melozone crissalis,California Towhee,Aves,1,5.0,150,5.017279836814924,70,128,0.0,0.0,0.0,0.0,0.0,0.0
Membranipora,Lacy Crust Bryozoans,Animalia,0,0.0,2,1.0986122886681098,2,2,0.0,0.0,0.0,0.0,0.0,0.0
Membranipora membranacea,kelp lace bryozoan,Animalia,0,0.0,9,2.302585092994046,6,9,0.0,0.0,0.0,0.0,0.0,0.0
Membraniporidae,Unknown,Animalia,0,0.0,2,1.0986122886681098,2,2,0.0,0.0,0.0,0.0,0.0,0.0
Menesiniella regalis,Unknown,Animalia,0,0.0,9,2.302585092994046,6,7,0.0,0.0,0.0,0.0,0.0,0.0
Menticirrhus undulatus,California Corbina,Actinopterygii,0,0.0,3,1.3862943611198906,3,3,0.0,0.0,0.0,0.0,0.0,0.0
Mephitis,Striped and Hooded Skunks,Mammalia,0,0.0,1,0.6931471805599453,1,1,0.0,0.0,0.0,0.0,0.0,0.0
Mephitis mephitis,Striped Skunk,Mammalia,0,0.0,11,2.4849066497880004,4,10,0.0,0.0,0.0,0.0,0.0,0.0
Mergus serrator,Red-breasted Merganser,Aves,1,7.0,31,3.4657359027997265,15,26,0.0,0.0,0.0,0.0,0.0,0.0
Meriola,Unknown,Arachnida,0,0.0,1,0.6931471805599453,1,1,0.0,0.0,0.0,0.0,0.0,0.0
Merluccius productus,Pacific Hake,Actinopterygii,0,0.0,1,0.6931471805599453,1,1,0.0,0.0,0.0,0.0,0.0,0.0
Mesembryanthemum,ice plants,Plantae,1,1.0,4,1.6094379124341003,4,4,0.0,0.0,0.0,0.0,0.0,0.0
Mesembryanthemum crystallinum,Crystalline ice plant,Plantae,1,19.0,233,5.455321115357702,173,181,0.0,0.0,0.0,0.0,0.0,0.0
Mesembryanthemum nodiflorum,Slender Iceplant,Plantae,1,13.0,136,4.919980925828125,99,90,0.0,0.0,0.0,0.0,0.0,0.0
Metacallophyllis laciniata,Unknown,Plantae,0,0.0,1,0.6931471805599453,1,1,0.0,0.0,0.0,0.0,0.0,0.0
Metacarcinus anthonyi,Yellow Rock Crab,Animalia,0,0.0,48,3.8918202981106265,22,38,0.0,0.0,0.0,0.0,0.0,0.0
Metacarcinus gracilis,Graceful Rock Crab,Animalia,0,0.0,26,3.295836866004329,11,21,0.0,0.0,0.0,0.0,0.0,0.0
Metacyrba taeniola,Ribbon Jumping Spider,Arachnida,1,1.0,2,1.0986122886681098,2,2,0.0,0.0,0.0,0.0,0.0,0.0
Metaltella simoni,South American Toothed Hacklemesh Weaver,Arachnida,0,0.0,2,1.0986122886681098,2,2,0.0,0.0,0.0,0.0,0.0,0.0
Metandrocarpa dura,Fused Orange Social Ascidian,Animalia,0,0.0,1,0.6931471805599453,1,1,0.0,0.0,0.0,0.0,0.0,0.0
Metaphidippus,Unknown,Arachnida,0,0.0,2,1.0986122886681098,1,1,0.0,0.0,0.0,0.0,0.0,0.0
Metaphidippus chera,Unknown,Arachnida,0,0.0,1,0.6931471805599453,1,1,0.0,0.0,0.0,0.0,0.0,0.0
Metaphidippus diplacis,Unknown,Arachnida,0,0.0,1,0.6931471805599453,1,1,0.0,0.0,0.0,0.0,0.0,0.0
Metepeira,Unknown,Arachnida,0,0.0,1,0.6931471805599453,1,1,0.0,0.0,0.0,0.0,0.0,0.0
Metopia,Unknown,Insecta,0,0.0,1,0.6931471805599453,1,1,0.0,0.0,0.0,0.0,0.0,0.0
Mexigonus,Unknown,Arachnida,0,0.0,1,0.6931471805599453,1,1,0.0,0.0,0.0,0.0,0.0,0.0
Mexigonus minutus,Unknown,Arachnida,0,0.0,4,1.6094379124341003,3,4,0.0,0.0,0.0,0.0,0.0,0.0
Micranthophora,Unknown,Insecta,0,0.0,1,0.6931471805599453,1,1,0.0,0.0,0.0,0.0,0.0,0.0
Microbembex,Unknown,Insecta,0,0.0,1,0.6931471805599453,1,1,0.0,0.0,0.0,0.0,0.0,0.0
Microcentrum,Angle-winged Katydids,Insecta,0,0.0,2,1.0986122886681098,2,2,0.0,0.0,0.0,0.0,0.0,0.0
Microcentrum californicum,California Anglewing,Insecta,0,0.0,1,0.6931471805599453,1,1,0.0,0.0,0.0,0.0,0.0,0.0
Micromus variolosus,Unknown,Insecta,0,0.0,1,0.6931471805599453,1,1,0.0,0.0,0.0,0.0,0.0,0.0
Micropus californicus,Q-tips,Plantae,0,0.0,2,1.0986122886681098,2,2,0.0,0.0,0.0,0.0,0.0,0.0
Microrhopala rubrolineata,Unknown,Insecta,0,0.0,2,1.0986122886681098,2,2,0.0,0.0,0.0,0.0,0.0,0.0
Microschatia inaequalis,Unknown,Insecta,0,0.0,35,3.58351893845611,20,29,0.0,0.0,0.0,0.0,0.0,0.0
Microseridinae,Unknown,Plantae,0,0.0,1,0.6931471805599453,1,1,0.0,0.0,0.0,0.0,0.0,0.0
Microtini,Microtine Voles,Mammalia,0,0.0,1,0.6931471805599453,1,1,0.0,0.0,0.0,0.0,0.0,0.0
Microtus,Meadow Voles,Mammalia,0,0.0,1,0.6931471805599453,1,1,0.0,0.0,0.0,0.0,0.0,0.0
Microtus californicus,California Vole,Mammalia,0,0.0,9,2.302585092994046,4,7,0.0,0.0,0.0,0.0,0.0,0.0
Milax gagates,Greenhouse Slug,Mollusca,0,0.0,1,0.6931471805599453,1,1,0.0,0.0,0.0,0.0,0.0,0.0
Mimetidae,Pirate Spiders,Arachnida,0,0.0,1,0.6931471805599453,1,1,0.0,0.0,0.0,0.0,0.0,0.0
Mimosoideae,"Acacias, Mimosas, Mesquites, and Allies",Plantae,0,0.0,2,1.0986122886681098,2,2,0.0,0.0,0.0,0.0,0.0,0.0
Mimus polyglottos,Northern Mockingbird,Aves,1,9.0,187,5.236441962829949,58,163,0.0,0.0,0.0,0.0,0.0,0.0
Mirabilis,four o'clocks,Plantae,0,0.0,1,0.6931471805599453,1,1,0.0,0.0,0.0,0.0,0.0,0.0
Mirabilis jalapa,Marvel of Peru,Plantae,0,0.0,2,1.0986122886681098,2,2,0.0,0.0,0.0,0.0,0.0,0.0
Mirabilis laevis,Wishbone Bush,Plantae,0,0.0,39,3.6888794541139363,29,33,0.0,0.0,0.0,0.0,0.0,0.0
Mirabilis laevis crassifolia,California Four o'Clock,Plantae,0,0.0,8,2.1972245773362196,8,8,0.0,0.0,0.0,0.0,0.0,0.0
Miridae,Plant Bugs,Insecta,1,1.0,3,1.3862943611198906,3,3,0.0,0.0,0.0,0.0,0.0,0.0
Mirini,Unknown,Insecta,0,0.0,2,1.0986122886681098,2,2,0.0,0.0,0.0,0.0,0.0,0.0
Mirounga angustirostris,Northern Elephant Seal,Mammalia,0,0.0,2,1.0986122886681098,2,2,0.0,0.0,0.0,0.0,0.0,0.0
Mistharnophantia,Unknown,Insecta,1,1.0,3,1.3862943611198906,2,3,0.0,0.0,0.0,0.0,0.0,0.0
Misumenini,Unknown,Arachnida,0,0.0,2,1.0986122886681098,2,2,0.0,0.0,0.0,0.0,0.0,0.0
Modiolatus neglectus,Neglected Horsemussel,Mollusca,0,0.0,1,0.6931471805599453,1,1,0.0,0.0,0.0,0.0,0.0,0.0
Modiolidae,Horsemussels and Allies,Mollusca,0,0.0,1,0.6931471805599453,1,1,0.0,0.0,0.0,0.0,0.0,0.0
Modiolinae,Horsemussels,Mollusca,0,0.0,3,1.3862943611198906,2,3,0.0,0.0,0.0,0.0,0.0,0.0
Modiolus rectus,Straight Horse Mussel,Mollusca,0,0.0,6,1.9459101490553132,3,6,0.0,0.0,0.0,0.0,0.0,0.0
Mollusca,Molluscs,Mollusca,0,0.0,1,0.6931471805599453,1,1,0.0,0.0,0.0,0.0,0.0,0.0
Molothrus ater,Brown-headed Cowbird,Aves,0,0.0,7,2.0794415416798357,6,6,0.0,0.0,0.0,0.0,0.0,0.0
Monochroa,Unknown,Insecta,0,0.0,1,0.6931471805599453,1,1,0.0,0.0,0.0,0.0,0.0,0.0
Monophlebidae,Giant Scale Insects,Insecta,0,0.0,1,0.6931471805599453,1,1,0.0,0.0,0.0,0.0,0.0,0.0
Mordella,Unknown,Insecta,0,0.0,4,1.6094379124341003,3,4,0.0,0.0,0.0,0.0,0.0,0.0
Mordella hubbsi,Unknown,Insecta,0,0.0,2,1.0986122886681098,2,2,0.0,0.0,0.0,0.0,0.0,0.0
Morus,Mulberries,Plantae,0,0.0,3,1.3862943611198906,3,3,0.0,0.0,0.0,0.0,0.0,0.0
Morus alba,white mulberry,Plantae,0,0.0,1,0.6931471805599453,1,1,0.0,0.0,0.0,0.0,0.0,0.0
Mosillus,Unknown,Insecta,0,0.0,1,0.6931471805599453,1,1,0.0,0.0,0.0,0.0,0.0,0.0
Mugil cephalus,Sea Mullet,Actinopterygii,0,0.0,21,3.091042453358316,11,20,0.0,0.0,0.0,0.0,0.0,0.0
Mugilidae,Mullets,Actinopterygii,0,0.0,1,0.6931471805599453,1,1,0.0,0.0,0.0,0.0,0.0,0.0
Muhlenbergia microsperma,littleseed muhly,Plantae,0,0.0,4,1.6094379124341003,4,4,0.0,0.0,0.0,0.0,0.0,0.0
Muhlenbergia rigens,deergrass,Plantae,0,0.0,1,0.6931471805599453,1,1,0.0,0.0,0.0,0.0,0.0,0.0
Murgantia histrionica,Harlequin Bug,Insecta,1,24.0,88,4.48863636973214,61,75,0.0,0.0,0.0,0.0,0.0,0.0
Muroidea,Muroids,Mammalia,0,0.0,1,0.6931471805599453,1,1,0.0,0.0,0.0,0.0,0.0,0.0
Mus musculus,House Mouse,Mammalia,0,0.0,2,1.0986122886681098,2,2,0.0,0.0,0.0,0.0,0.0,0.0
Muscidae,House Flies and Allies,Insecta,0,0.0,1,0.6931471805599453,1,1,0.0,0.0,0.0,0.0,0.0,0.0
Muscinae,Unknown,Insecta,0,0.0,1,0.6931471805599453,1,1,0.0,0.0,0.0,0.0,0.0,0.0
Muscoidea,Muscoid Flies,Insecta,1,2.0,3,1.3862943611198906,3,3,0.0,0.0,0.0,0.0,0.0,0.0
Mustelus,Smooth-Hounds,Animalia,0,0.0,1,0.6931471805599453,1,1,0.0,0.0,0.0,0.0,0.0,0.0
Mustelus californicus,Gray Smooth-hound,Animalia,0,0.0,1,0.6931471805599453,1,1,0.0,0.0,0.0,0.0,0.0,0.0
Mutarda nigra,Black Mustard,Plantae,0,0.0,15,2.772588722239781,13,12,0.0,0.0,0.0,0.0,0.0,0.0
Mycetophilidae,Fungus Gnats,Insecta,0,0.0,1,0.6931471805599453,1,1,0.0,0.0,0.0,0.0,0.0,0.0
Myiarchus cinerascens,Ash-throated Flycatcher,Aves,1,5.0,8,2.1972245773362196,8,8,0.0,0.0,0.0,0.0,0.0,0.0
Myiopsitta monachus,Monk Parakeet,Aves,0,0.0,1,0.6931471805599453,1,1,0.0,0.0,0.0,0.0,0.0,0.0
Myliobatis californica,Bat Ray,Animalia,0,0.0,1,0.6931471805599453,1,1,0.0,0.0,0.0,0.0,0.0,0.0
Myomorpha,"Mice, Rats, and Hamsters",Mammalia,0,0.0,3,1.3862943611198906,3,3,0.0,0.0,0.0,0.0,0.0,0.0
Myoporum,Ngaios,Plantae,0,0.0,2,1.0986122886681098,2,2,0.0,0.0,0.0,0.0,0.0,0.0
Myoporum laetum,Ngaio,Plantae,0,0.0,16,2.833213344056216,11,15,0.0,0.0,0.0,0.0,0.0,0.0
Myoporum parvifolium,Creeping Myoporum,Plantae,0,0.0,5,1.791759469228055,5,4,0.0,0.0,0.0,0.0,0.0,0.0
Myrmecocystus,North American Honeypot Ants,Insecta,0,0.0,1,0.6931471805599453,1,1,0.0,0.0,0.0,0.0,0.0,0.0
Myrmeleon,Unknown,Insecta,0,0.0,1,0.6931471805599453,1,1,0.0,0.0,0.0,0.0,0.0,0.0
Myrmeleontidae,Antlions and Owlflies,Insecta,0,0.0,3,1.3862943611198906,2,3,0.0,0.0,0.0,0.0,0.0,0.0
Myrmicinae,Myrmicine Ants,Insecta,0,0.0,2,1.0986122886681098,2,2,0.0,0.0,0.0,0.0,0.0,0.0
Mythicomyiidae,Micro Bee Flies,Insecta,0,0.0,1,0.6931471805599453,1,1,0.0,0.0,0.0,0.0,0.0,0.0
Mytilidae,mussels,Mollusca,0,0.0,1,0.6931471805599453,1,1,0.0,0.0,0.0,0.0,0.0,0.0
Mytiloidea,True Mussels,Mollusca,1,1.0,2,1.0986122886681098,2,2,0.0,0.0,0.0,0.0,0.0,0.0
Mytilus,Black Mussels,Mollusca,0,0.0,9,2.302585092994046,6,8,0.0,0.0,0.0,0.0,0.0,0.0
Mytilus californianus,California Mussel,Mollusca,1,1.0,102,4.634728988229636,36,76,0.0,0.0,0.0,0.0,0.0,0.0
Mytilus galloprovincialis,Mediterranean Mussel,Mollusca,1,2.0,19,2.995732273553991,11,16,0.0,0.0,0.0,0.0,0.0,0.0
Naemia seriata litigiosa,Western Seaside Lady Beetle,Insecta,0,0.0,1,0.6931471805599453,1,1,0.0,0.0,0.0,0.0,0.0,0.0
Nannopterum auritum,Double-crested Cormorant,Aves,1,4.0,184,5.220355825078324,46,147,0.0,0.0,0.0,0.0,0.0,0.0
Narcissus,daffodils,Plantae,0,0.0,1,0.6931471805599453,1,1,0.0,0.0,0.0,0.0,0.0,0.0
Narcissus tazetta,Bunch-flowered Daffodil,Plantae,0,0.0,3,1.3862943611198906,3,3,0.0,0.0,0.0,0.0,0.0,0.0
Nassella,Tussockgrasses,Plantae,0,0.0,1,0.6931471805599453,1,1,0.0,0.0,0.0,0.0,0.0,0.0
Nassella lepida,foothill needle grass,Plantae,0,0.0,3,1.3862943611198906,3,2,0.0,0.0,0.0,0.0,0.0,0.0
Nassella pulchra,purple needlegrass,Plantae,0,0.0,7,2.0794415416798357,2,6,0.0,0.0,0.0,0.0,0.0,0.0
Nasturtium officinale,watercress,Plantae,0,0.0,1,0.6931471805599453,1,1,0.0,0.0,0.0,0.0,0.0,0.0
Nathalis iole,Dainty Sulphur,Insecta,0,0.0,14,2.70805020110221,8,11,0.0,0.0,0.0,0.0,0.0,0.0
Naticidae,Moon Snails,Mollusca,0,0.0,3,1.3862943611198906,3,3,0.0,0.0,0.0,0.0,0.0,0.0
Nausigaster unimaculata,Single-spotted Dimpleback,Insecta,0,0.0,4,1.6094379124341003,4,4,0.0,0.0,0.0,0.0,0.0,0.0
Navanax inermis,California Aglaja,Mollusca,1,7.0,4,1.6094379124341003,2,4,0.0,0.0,0.0,0.0,0.0,0.0
Navarretia hamata,Hooked Pincushionplant,Plantae,0,0.0,3,1.3862943611198906,2,2,0.0,0.0,0.0,0.0,0.0,0.0
Navarretia hamata leptantha,Slender-Flowered Hooked Navarretia,Plantae,0,0.0,1,0.6931471805599453,1,1,0.0,0.0,0.0,0.0,0.0,0.0
Necrobia rufipes,Red-legged Ham Beetle,Insecta,0,0.0,1,0.6931471805599453,1,1,0.0,0.0,0.0,0.0,0.0,0.0
Nemacaulis denudata,Cottonheads,Plantae,0,0.0,6,1.9459101490553132,6,5,0.0,0.0,0.0,0.0,0.0,0.0
Nemognatha nigripennis,Unknown,Insecta,0,0.0,3,1.3862943611198906,3,3,0.0,0.0,0.0,0.0,0.0,0.0
Nemognathini,Unknown,Insecta,0,0.0,1,0.6931471805599453,1,1,0.0,0.0,0.0,0.0,0.0,0.0
Nemophila menziesii,Menzies' baby blue eyes,Plantae,0,0.0,4,1.6094379124341003,4,4,0.0,0.0,0.0,0.0,0.0,0.0
Nemoria leptalea,Pink-margined Green,Insecta,0,0.0,5,1.791759469228055,4,5,0.0,0.0,0.0,0.0,0.0,0.0
Nemoriini,Unknown,Insecta,0,0.0,1,0.6931471805599453,1,1,0.0,0.0,0.0,0.0,0.0,0.0
Nemotelus,Unknown,Insecta,0,0.0,2,1.0986122886681098,2,2,0.0,0.0,0.0,0.0,0.0,0.0
Neobernaya spadicea,Chestnut Cowry,Mollusca,0,0.0,7,2.0794415416798357,7,7,0.0,0.0,0.0,0.0,0.0,0.0
Neobisnius gratus,Unknown,Insecta,0,0.0,1,0.6931471805599453,1,1,0.0,0.0,0.0,0.0,0.0,0.0
Neodiplocampta,Unknown,Insecta,0,0.0,2,1.0986122886681098,2,2,0.0,0.0,0.0,0.0,0.0,0.0
Neodiplocampta mira,Unknown,Insecta,0,0.0,3,1.3862943611198906,2,2,0.0,0.0,0.0,0.0,0.0,0.0
Neogale frenata,Long-tailed Weasel,Mammalia,0,0.0,4,1.6094379124341003,1,4,0.0,0.0,0.0,0.0,0.0,0.0
Neogalea sunia,Lantana Stick Moth,Insecta,0,0.0,1,0.6931471805599453,1,1,0.0,0.0,0.0,0.0,0.0,0.0
Neolasioptera lathami,Unknown,Insecta,0,0.0,2,1.0986122886681098,2,2,0.0,0.0,0.0,0.0,0.0,0.0
Neomyia cornicina,Small False Greenbottle,Insecta,0,0.0,2,1.0986122886681098,2,2,0.0,0.0,0.0,0.0,0.0,0.0
Neoscona,Spotted Orbweavers,Arachnida,1,2.0,10,2.3978952727983707,5,10,0.0,0.0,0.0,0.0,0.0,0.0
Neoscona crucifera,Spotted Orbweaver,Arachnida,0,0.0,17,2.8903717578961645,14,16,0.0,0.0,0.0,0.0,0.0,0.0
Neoscona oaxacensis,Western Spotted Orbweaver,Arachnida,0,0.0,20,3.044522437723423,16,20,0.0,0.0,0.0,0.0,0.0,0.0
Neotephritis finalis,Sunflower Seed Maggot,Insecta,1,3.0,1,0.6931471805599453,1,1,0.0,0.0,0.0,0.0,0.0,0.0
Neotoma,Woodrats,Mammalia,0,0.0,12,2.5649493574615367,6,11,0.0,0.0,0.0,0.0,0.0,0.0
Neotoma macrotis,Big-eared Woodrat,Mammalia,0,0.0,3,1.3862943611198906,2,3,0.0,0.0,0.0,0.0,0.0,0.0
Neotomini,Pack Rats,Mammalia,0,0.0,1,0.6931471805599453,1,1,0.0,0.0,0.0,0.0,0.0,0.0
Nepomorpha,Water Bugs,Insecta,0,0.0,1,0.6931471805599453,1,1,0.0,0.0,0.0,0.0,0.0,0.0
Nereididae,Ragworms and Allies,Animalia,1,2.0,2,1.0986122886681098,2,2,0.0,0.0,0.0,0.0,0.0,0.0
Neuroptera,"Antlions, Lacewings, and Allies",Insecta,0,0.0,3,1.3862943611198906,2,3,0.0,0.0,0.0,0.0,0.0,0.0
Neverita lewisii,Lewis's Moon Snail,Mollusca,0,0.0,1,0.6931471805599453,1,1,0.0,0.0,0.0,0.0,0.0,0.0
Nezara viridula,Southern Green Stink Bug,Insecta,0,0.0,4,1.6094379124341003,4,4,0.0,0.0,0.0,0.0,0.0,0.0
Nezarini,Unknown,Insecta,0,0.0,3,1.3862943611198906,3,3,0.0,0.0,0.0,0.0,0.0,0.0
Niambia capensis,African Cape Isopod,Animalia,1,1.0,1,0.6931471805599453,1,1,0.0,0.0,0.0,0.0,0.0,0.0
Nicotiana clevelandii,Cleveland's tobacco,Plantae,0,0.0,4,1.6094379124341003,4,2,0.0,0.0,0.0,0.0,0.0,0.0
Nicotiana glauca,tree tobacco,Plantae,1,9.0,85,4.454347296253507,65,68,0.0,0.0,0.0,0.0,0.0,0.0
Nicrophorus guttula,Yellow-bellied Burying Beetle,Insecta,0,0.0,1,0.6931471805599453,1,1,0.0,0.0,0.0,0.0,0.0,0.0
Nicrophorus nigrita,Black Burying Beetle,Insecta,0,0.0,2,1.0986122886681098,1,1,0.0,0.0,0.0,0.0,0.0,0.0
Noctuidae,Cutworm Moths and Allies,Insecta,0,0.0,7,2.0794415416798357,6,6,0.0,0.0,0.0,0.0,0.0,0.0
Noctuinae,Cutworms and Dart Moths,Insecta,0,0.0,8,2.1972245773362196,7,6,0.0,0.0,0.0,0.0,0.0,0.0
Noctuoidea,Owlet Moths and Allies,Insecta,0,0.0,4,1.6094379124341003,4,4,0.0,0.0,0.0,0.0,0.0,0.0
Nola,Unknown,Insecta,0,0.0,3,1.3862943611198906,2,2,0.0,0.0,0.0,0.0,0.0,0.0
Nola involuta,Unknown,Insecta,0,0.0,1,0.6931471805599453,1,1,0.0,0.0,0.0,0.0,0.0,0.0
Nola minna,Ceanothus Nola Moth,Insecta,0,0.0,1,0.6931471805599453,1,1,0.0,0.0,0.0,0.0,0.0,0.0
Nolinae,Unknown,Insecta,0,0.0,1,0.6931471805599453,1,1,0.0,0.0,0.0,0.0,0.0,0.0
Nolini,Unknown,Insecta,0,0.0,1,0.6931471805599453,1,1,0.0,0.0,0.0,0.0,0.0,0.0
Nomada,Nomad Bees,Insecta,0,0.0,2,1.0986122886681098,1,2,0.0,0.0,0.0,0.0,0.0,0.0
Nomophila nearctica,Lucerne Moth,Insecta,0,0.0,3,1.3862943611198906,3,3,0.0,0.0,0.0,0.0,0.0,0.0
Norrisia norrisii,Norris's Topsnail,Mollusca,0,0.0,1,0.6931471805599453,1,1,0.0,0.0,0.0,0.0,0.0,0.0
Numenius,Curlews,Aves,0,0.0,4,1.6094379124341003,4,4,0.0,0.0,0.0,0.0,0.0,0.0
Numenius americanus,Long-billed Curlew,Aves,1,18.0,307,5.730099782973574,115,235,0.0,0.0,0.0,0.0,0.0,0.0
Numenius hudsonicus,Hudsonian Whimbrel,Aves,1,8.0,324,5.783825182329737,116,249,0.0,0.0,0.0,0.0,0.0,0.0
Numida meleagris,Helmeted Guineafowl,Aves,0,0.0,1,0.6931471805599453,1,1,0.0,0.0,0.0,0.0,0.0,0.0
Numida meleagris domesticus,Domestic Guineafowl,Aves,0,0.0,3,1.3862943611198906,3,3,0.0,0.0,0.0,0.0,0.0,0.0
Nuttallia nuttallii,Purple Clam,Mollusca,0,0.0,75,4.330733340286331,33,64,0.0,0.0,0.0,0.0,0.0,0.0
Nyctanassa violacea,Yellow-crowned Night Heron,Aves,1,7.0,783,6.664409020350408,303,507,0.0,0.0,0.0,0.0,0.0,0.0
Nyctanassa violacea bancrofti,Bancroft's Yellow-crowned Night Heron,Aves,0,0.0,1,0.6931471805599453,1,1,0.0,0.0,0.0,0.0,0.0,0.0
Nycticorax nycticorax,Black-crowned Night Heron,Aves,1,1.0,122,4.812184355372417,52,99,0.0,0.0,0.0,0.0,0.0,0.0
Nyia gazophylax,Unknown,Insecta,1,1.0,12,2.5649493574615367,9,11,0.0,0.0,0.0,0.0,0.0,0.0
Nymphalis antiopa,Mourning Cloak,Insecta,0,0.0,34,3.5553480614894135,23,33,0.0,0.0,0.0,0.0,0.0,0.0
Nysius,False chinch bugs,Insecta,0,0.0,1,0.6931471805599453,1,1,0.0,0.0,0.0,0.0,0.0,0.0
Odontomyia hirtocculata,Unknown,Insecta,0,0.0,1,0.6931471805599453,1,1,0.0,0.0,0.0,0.0,0.0,0.0
Oecanthus,Common Tree Crickets,Insecta,0,0.0,3,1.3862943611198906,2,3,0.0,0.0,0.0,0.0,0.0,0.0
Oecanthus argentinus,Prairie Tree Cricket,Insecta,0,0.0,1,0.6931471805599453,1,1,0.0,0.0,0.0,0.0,0.0,0.0
Oecobius,Wall Spiders,Arachnida,1,1.0,1,0.6931471805599453,1,1,0.0,0.0,0.0,0.0,0.0,0.0
Oedaleonotus enigma,Valley Grasshopper,Insecta,0,0.0,1,0.6931471805599453,1,1,0.0,0.0,0.0,0.0,0.0,0.0
Oedipodinae,Bandwing Grasshoppers,Insecta,0,0.0,1,0.6931471805599453,1,1,0.0,0.0,0.0,0.0,0.0,0.0
Oenothera,"evening primroses, sundrops, and beeblossoms",Plantae,0,0.0,3,1.3862943611198906,3,3,0.0,0.0,0.0,0.0,0.0,0.0
Oenothera drummondii,beach evening-primrose,Plantae,0,0.0,1,0.6931471805599453,1,1,0.0,0.0,0.0,0.0,0.0,0.0
Oenothera elata,tall evening primrose,Plantae,0,0.0,20,3.044522437723423,15,19,0.0,0.0,0.0,0.0,0.0,0.0
Oenothera elata hirsutissima,hairy evening primrose,Plantae,0,0.0,2,1.0986122886681098,2,2,0.0,0.0,0.0,0.0,0.0,0.0
Oenothera elata hookeri,Hooker's evening primrose,Plantae,0,0.0,2,1.0986122886681098,2,2,0.0,0.0,0.0,0.0,0.0,0.0
Oenothera laciniata,cutleaf evening primrose,Plantae,0,0.0,1,0.6931471805599453,1,1,0.0,0.0,0.0,0.0,0.0,0.0
Oenothera speciosa,Pinkladies,Plantae,0,0.0,1,0.6931471805599453,1,1,0.0,0.0,0.0,0.0,0.0,0.0
Oestroidea,"Bot Flies, Blow Flies, and Allies",Insecta,0,0.0,8,2.1972245773362196,7,8,0.0,0.0,0.0,0.0,0.0,0.0
Ogcodes,Unknown,Insecta,0,0.0,2,1.0986122886681098,1,2,0.0,0.0,0.0,0.0,0.0,0.0
Okanagana,Unknown,Insecta,0,0.0,5,1.791759469228055,4,5,0.0,0.0,0.0,0.0,0.0,0.0
Olethreutinae,Olethreutine Leafroller Moths,Insecta,0,0.0,2,1.0986122886681098,2,1,0.0,0.0,0.0,0.0,0.0,0.0
Oligochaeta,Earthworms and Allies,Animalia,1,1.0,1,0.6931471805599453,1,1,0.0,0.0,0.0,0.0,0.0,0.0
Oligotoma nigra,Black Webspinner,Insecta,0,0.0,1,0.6931471805599453,1,1,0.0,0.0,0.0,0.0,0.0,0.0
Oloptum miliaceum,Smilo Grass,Plantae,0,0.0,2,1.0986122886681098,2,2,0.0,0.0,0.0,0.0,0.0,0.0
Omomyia,Unknown,Insecta,0,0.0,1,0.6931471805599453,1,1,0.0,0.0,0.0,0.0,0.0,0.0
Onagraceae,evening primrose family,Plantae,1,4.0,3,1.3862943611198906,3,3,0.0,0.0,0.0,0.0,0.0,0.0
Onagrandrena,Unknown,Insecta,0,0.0,1,0.6931471805599453,1,1,0.0,0.0,0.0,0.0,0.0,0.0
Oncosiphon pilulifer,stinknet,Plantae,0,0.0,5,1.791759469228055,3,4,0.0,0.0,0.0,0.0,0.0,0.0
Oniscidea,"Woodlice, Pillbugs, and Rock Slaters",Animalia,0,0.0,1,0.6931471805599453,1,1,0.0,0.0,0.0,0.0,0.0,0.0
Onuphidae,Beachworms,Animalia,0,0.0,1,0.6931471805599453,1,1,0.0,0.0,0.0,0.0,0.0,0.0
Ophiothrix spiculata,Western Spiny Brittle Star,Animalia,0,0.0,1,0.6931471805599453,1,1,0.0,0.0,0.0,0.0,0.0,0.0
Opogona omoscopa,Detritus Moth,Insecta,0,0.0,1,0.6931471805599453,1,1,0.0,0.0,0.0,0.0,0.0,0.0
Opsius stactogalus,Tamarix Leafhopper,Insecta,0,0.0,1,0.6931471805599453,1,1,0.0,0.0,0.0,0.0,0.0,0.0
Opuntia,Prickly Pears,Plantae,1,1.0,75,4.330733340286331,55,61,0.0,0.0,0.0,0.0,0.0,0.0
Opuntia ficus-indica,Indian fig opuntia,Plantae,0,0.0,10,2.3978952727983707,7,10,0.0,0.0,0.0,0.0,0.0,0.0
Opuntia gilvescens,Unknown,Plantae,0,0.0,1,0.6931471805599453,1,1,0.0,0.0,0.0,0.0,0.0,0.0
Opuntia littoralis,Coastal Pricklypear,Plantae,0,0.0,70,4.2626798770413155,55,66,0.0,0.0,0.0,0.0,0.0,0.0
Opuntia microdasys,Bunny Ears Cactus,Plantae,0,0.0,6,1.9459101490553132,5,4,0.0,0.0,0.0,0.0,0.0,0.0
Opuntia monacantha,Drooping Pricklypear,Plantae,0,0.0,12,2.5649493574615367,9,11,0.0,0.0,0.0,0.0,0.0,0.0
Opuntia oricola,Chaparral Pricklypear,Plantae,0,0.0,17,2.8903717578961645,16,16,0.0,0.0,0.0,0.0,0.0,0.0
Opuntia phaeacantha,Brown-spined Pricklypear,Plantae,0,0.0,1,0.6931471805599453,1,1,0.0,0.0,0.0,0.0,0.0,0.0
Opuntia semispinosa,Unknown,Plantae,0,0.0,1,0.6931471805599453,1,1,0.0,0.0,0.0,0.0,0.0,0.0
Opuntioideae,Unknown,Plantae,1,1.0,1,0.6931471805599453,1,1,0.0,0.0,0.0,0.0,0.0,0.0
Oreochromis mossambicus,Mozambique Tilapia,Actinopterygii,0,0.0,1,0.6931471805599453,1,1,0.0,0.0,0.0,0.0,0.0,0.0
Oreoscoptes montanus,Sage Thrasher,Aves,1,6.0,1,0.6931471805599453,1,1,0.0,0.0,0.0,0.0,0.0,0.0
Orgyia,Unknown,Insecta,0,0.0,22,3.1354942159291497,18,19,0.0,0.0,0.0,0.0,0.0,0.0
Orgyia vetusta,Western Tussock Moth,Insecta,1,1.0,55,4.02535169073515,44,42,0.0,0.0,0.0,0.0,0.0,0.0
Orgyiini,Unknown,Insecta,0,0.0,2,1.0986122886681098,2,2,0.0,0.0,0.0,0.0,0.0,0.0
Orphulella pelidna,Spotted-winged Grasshopper,Insecta,1,1.0,10,2.3978952727983707,7,9,0.0,0.0,0.0,0.0,0.0,0.0
Orsillinae,Unknown,Insecta,0,0.0,2,1.0986122886681098,2,2,0.0,0.0,0.0,0.0,0.0,0.0
Orthoptera,"Grasshoppers, Crickets, and Katydids",Insecta,1,1.0,5,1.791759469228055,5,5,0.0,0.0,0.0,0.0,0.0,0.0
Osbornellus,Unknown,Insecta,0,0.0,1,0.6931471805599453,1,1,0.0,0.0,0.0,0.0,0.0,0.0
Osbornellus scalaris,Unknown,Insecta,0,0.0,1,0.6931471805599453,1,1,0.0,0.0,0.0,0.0,0.0,0.0
Osmia,Mason Bees,Insecta,0,0.0,1,0.6931471805599453,1,1,0.0,0.0,0.0,0.0,0.0,0.0
Ostrea,Flat Oysters,Mollusca,1,1.0,1,0.6931471805599453,1,1,0.0,0.0,0.0,0.0,0.0,0.0
Ostrea lurida,Olympia Oyster,Mollusca,1,1.0,7,2.0794415416798357,3,5,0.0,0.0,0.0,0.0,0.0,0.0
Ostreidae,True Oysters,Mollusca,0,0.0,19,2.995732273553991,10,19,0.0,0.0,0.0,0.0,0.0,0.0
Otala lactea,Milk Snail,Mollusca,1,1.0,26,3.295836866004329,21,21,0.0,0.0,0.0,0.0,0.0,0.0
Otariidae,Eared Seals,Mammalia,0,0.0,6,1.9459101490553132,6,6,0.0,0.0,0.0,0.0,0.0,0.0
Otospermophilus beecheyi,California Ground Squirrel,Mammalia,1,2.0,208,5.342334251964811,83,176,0.0,0.0,0.0,0.0,0.0,0.0
Oxalis corniculata,Creeping Woodsorrel,Plantae,0,0.0,1,0.6931471805599453,1,1,0.0,0.0,0.0,0.0,0.0,0.0
Oxalis pes-caprae,Bermuda buttercup,Plantae,1,6.0,120,4.795790545596741,85,94,0.0,0.0,0.0,0.0,0.0,0.0
Oxychilus draparnaudi,Draparnaud's Glass Snail,Mollusca,0,0.0,1,0.6931471805599453,1,1,0.0,0.0,0.0,0.0,0.0,0.0
Oxyopes,Grass Lynx Spiders,Arachnida,0,0.0,1,0.6931471805599453,1,1,0.0,0.0,0.0,0.0,0.0,0.0
Oxyopes salticus,Striped Lynx Spider,Arachnida,0,0.0,1,0.6931471805599453,1,1,0.0,0.0,0.0,0.0,0.0,0.0
Oxyopes tridens,Unknown,Arachnida,0,0.0,2,1.0986122886681098,2,2,0.0,0.0,0.0,0.0,0.0,0.0
Oxyopidae,Lynx Spiders,Arachnida,0,0.0,1,0.6931471805599453,1,1,0.0,0.0,0.0,0.0,0.0,0.0
Oxyura jamaicensis,Ruddy Duck,Aves,0,0.0,118,4.77912349311153,42,97,0.0,0.0,0.0,0.0,0.0,0.0
Ozodiceromyia,Unknown,Insecta,0,0.0,1,0.6931471805599453,1,1,0.0,0.0,0.0,0.0,0.0,0.0
Pachybrachis,Scriptured Leaf Beetles,Insecta,0,0.0,1,0.6931471805599453,1,1,0.0,0.0,0.0,0.0,0.0,0.0
Pachybrachis livens,Unknown,Insecta,0,0.0,1,0.6931471805599453,1,1,0.0,0.0,0.0,0.0,0.0,0.0
Pachydiplax longipennis,Blue Dasher,Insecta,0,0.0,8,2.1972245773362196,6,8,0.0,0.0,0.0,0.0,0.0,0.0
Pachygrapsus crassipes,Striped Shore Crab,Animalia,1,25.0,53,3.9889840465642745,33,49,0.0,0.0,0.0,0.0,0.0,0.0
Pagurus venturensis,Ventura Hermit Crab,Animalia,1,1.0,1,0.6931471805599453,1,1,0.0,0.0,0.0,0.0,0.0,0.0
Palaemon,Glass Shrimps,Animalia,0,0.0,1,0.6931471805599453,1,1,0.0,0.0,0.0,0.0,0.0,0.0
Palpada mexicana,Golden Plushback,Insecta,0,0.0,14,2.70805020110221,8,13,0.0,0.0,0.0,0.0,0.0,0.0
Panaeolus cinctulus,Banded Mottlegill,Fungi,0,0.0,1,0.6931471805599453,1,1,0.0,0.0,0.0,0.0,0.0,0.0
Panctenata,Unknown,Arachnida,0,0.0,1,0.6931471805599453,1,1,0.0,0.0,0.0,0.0,0.0,0.0
Pandion haliaetus,Osprey,Aves,1,6.0,247,5.5134287461649825,102,213,0.0,0.0,0.0,0.0,0.0,0.0
Pandion haliaetus carolinensis,American Osprey,Aves,1,1.0,15,2.772588722239781,8,15,0.0,0.0,0.0,0.0,0.0,0.0
Pangaeus bilineatus,Two-lined Burrowing Bug,Insecta,0,0.0,1,0.6931471805599453,1,1,0.0,0.0,0.0,0.0,0.0,0.0
Paniceae,"bristle, rosette, and barnyard grasses, and allies",Plantae,0,0.0,1,0.6931471805599453,1,1,0.0,0.0,0.0,0.0,0.0,0.0
Panicoideae,"Panicums, Bluestems, Paspalums, and Allies",Plantae,0,0.0,1,0.6931471805599453,1,1,0.0,0.0,0.0,0.0,0.0,0.0
Panoquina errans,Wandering Skipper,Insecta,1,2.0,32,3.4965075614664802,16,26,0.0,0.0,0.0,0.0,0.0,0.0
Pantala flavescens,Wandering Glider,Insecta,0,0.0,2,1.0986122886681098,2,2,0.0,0.0,0.0,0.0,0.0,0.0
Pantala hymenaea,Spot-winged Glider,Insecta,0,0.0,1,0.6931471805599453,1,1,0.0,0.0,0.0,0.0,0.0,0.0
Panulirus interruptus,California Spiny Lobster,Animalia,0,0.0,55,4.02535169073515,26,47,0.0,0.0,0.0,0.0,0.0,0.0
Papaver heterophyllum,wind poppy,Plantae,0,0.0,4,1.6094379124341003,4,4,0.0,0.0,0.0,0.0,0.0,0.0
Papaver somniferum,Opium Poppy,Plantae,0,0.0,1,0.6931471805599453,1,1,0.0,0.0,0.0,0.0,0.0,0.0
Papaveraceae,Poppy Family,Plantae,0,0.0,1,0.6931471805599453,1,1,0.0,0.0,0.0,0.0,0.0,0.0
Papilio,Common Swallowtails,Insecta,0,0.0,1,0.6931471805599453,1,1,0.0,0.0,0.0,0.0,0.0,0.0
Papilio rutulus,Western Tiger Swallowtail,Insecta,0,0.0,23,3.1780538303479458,18,20,0.0,0.0,0.0,0.0,0.0,0.0
Papilio zelicaon,Anise Swallowtail,Insecta,0,0.0,33,3.5263605246161616,22,28,0.0,0.0,0.0,0.0,0.0,0.0
Papilionoidea,Butterflies,Insecta,0,0.0,1,0.6931471805599453,1,1,0.0,0.0,0.0,0.0,0.0,0.0
Paraconcavus pacificus,Red-striped Acorn Barnacle,Animalia,0,0.0,9,2.302585092994046,7,9,0.0,0.0,0.0,0.0,0.0,0.0
Paracotalpa ursina,Little Bear,Insecta,0,0.0,1,0.6931471805599453,1,1,0.0,0.0,0.0,0.0,0.0,0.0
Paragus,Grass Skimmer Flies,Insecta,0,0.0,1,0.6931471805599453,1,1,0.0,0.0,0.0,0.0,0.0,0.0
Paragus haemorrhous,Common Grass Skimmer,Insecta,1,3.0,13,2.6390573296152584,9,13,0.0,0.0,0.0,0.0,0.0,0.0
Paralabrax,Unknown,Actinopterygii,0,0.0,1,0.6931471805599453,1,1,0.0,0.0,0.0,0.0,0.0,0.0
Paralabrax maculatofasciatus,Spotted Sand Bass,Actinopterygii,1,2.0,1,0.6931471805599453,1,1,0.0,0.0,0.0,0.0,0.0,0.0
Paralabrax nebulifer,Barred Sand Bass,Actinopterygii,0,0.0,1,0.6931471805599453,1,1,0.0,0.0,0.0,0.0,0.0,0.0
Paralaoma servilis,Pinhead Spot Snail,Mollusca,0,0.0,1,0.6931471805599453,1,1,0.0,0.0,0.0,0.0,0.0,0.0
Paralichthys californicus,California Halibut,Actinopterygii,0,0.0,2,1.0986122886681098,2,2,0.0,0.0,0.0,0.0,0.0,0.0
Parancistrocerus declivatus,Unknown,Insecta,1,1.0,4,1.6094379124341003,2,3,0.0,0.0,0.0,0.0,0.0,0.0
Paranthrene robiniae,Western Poplar Clearwing Moth,Insecta,0,0.0,1,0.6931471805599453,1,1,0.0,0.0,0.0,0.0,0.0,0.0
Parapholis cylindrica,Barb Grass,Plantae,0,0.0,1,0.6931471805599453,1,1,0.0,0.0,0.0,0.0,0.0,0.0
Parapholis incurva,Sickle Grass,Plantae,1,1.0,17,2.8903717578961645,8,10,0.0,0.0,0.0,0.0,0.0,0.0
Paraprosopis,Unknown,Insecta,0,0.0,1,0.6931471805599453,1,1,0.0,0.0,0.0,0.0,0.0,0.0
Paratiphia,Unknown,Insecta,0,0.0,1,0.6931471805599453,1,1,0.0,0.0,0.0,0.0,0.0,0.0
Paravaejovis puritanus,Unknown,Arachnida,0,0.0,1,0.6931471805599453,1,1,0.0,0.0,0.0,0.0,0.0,0.0
Paravilla,Unknown,Insecta,0,0.0,1,0.6931471805599453,1,1,0.0,0.0,0.0,0.0,0.0,0.0
Paravilla californica,Unknown,Insecta,0,0.0,1,0.6931471805599453,1,1,0.0,0.0,0.0,0.0,0.0,0.0
Pardosa,Thin-legged Wolf Spiders,Arachnida,1,3.0,16,2.833213344056216,14,15,0.0,0.0,0.0,0.0,0.0,0.0
Parietaria hespera,rillita pellitory,Plantae,0,0.0,5,1.791759469228055,5,3,0.0,0.0,0.0,0.0,0.0,0.0
Parietaria judaica,pellitory-of-the-wall,Plantae,0,0.0,1,0.6931471805599453,1,1,0.0,0.0,0.0,0.0,0.0,0.0
Parkesia noveboracensis,Northern Waterthrush,Aves,0,0.0,1,0.6931471805599453,1,1,0.0,0.0,0.0,0.0,0.0,0.0
Parmelioideae,typical shield lichens,Fungi,0,0.0,1,0.6931471805599453,1,1,0.0,0.0,0.0,0.0,0.0,0.0
Paruroctonus silvestrii,California common scorpion,Arachnida,0,0.0,12,2.5649493574615367,10,11,0.0,0.0,0.0,0.0,0.0,0.0
Paspalum dilatatum,Dallis grass,Plantae,0,0.0,7,2.0794415416798357,2,7,0.0,0.0,0.0,0.0,0.0,0.0
Passer domesticus,House Sparrow,Aves,1,13.0,120,4.795790545596741,51,103,0.0,0.0,0.0,0.0,0.0,0.0
Passerculus sandwichensis,Savannah Sparrow,Aves,1,40.0,531,6.2766434893416445,125,356,0.0,0.0,0.0,0.0,0.0,0.0
Passerculus sandwichensis beldingi,Belding's Sparrow,Aves,1,10.0,84,4.442651256490317,41,74,0.0,0.0,0.0,0.0,0.0,0.0
Passerculus sandwichensis rostratus,Large-billed Savannah Sparrow,Aves,1,2.0,35,3.58351893845611,16,27,0.0,0.0,0.0,0.0,0.0,0.0
Passerella iliaca,Fox Sparrow,Aves,0,0.0,1,0.6931471805599453,1,1,0.0,0.0,0.0,0.0,0.0,0.0
Passerellidae,New World Sparrows,Aves,0,0.0,8,2.1972245773362196,5,6,0.0,0.0,0.0,0.0,0.0,0.0
Passeriformes,Perching Birds,Aves,1,1.0,14,2.70805020110221,7,13,0.0,0.0,0.0,0.0,0.0,0.0
Passerina amoena,Lazuli Bunting,Aves,0,0.0,4,1.6094379124341003,4,4,0.0,0.0,0.0,0.0,0.0,0.0
Passerina caerulea,Blue Grosbeak,Aves,0,0.0,79,4.382026634673881,45,64,0.0,0.0,0.0,0.0,0.0,0.0
Patiria miniata,Bat Star,Animalia,0,0.0,5,1.791759469228055,3,3,0.0,0.0,0.0,0.0,0.0,0.0
Pavo cristatus,Indian Peafowl,Aves,0,0.0,1,0.6931471805599453,1,1,0.0,0.0,0.0,0.0,0.0,0.0
Pectinidae,Scallops,Mollusca,0,0.0,3,1.3862943611198906,2,3,0.0,0.0,0.0,0.0,0.0,0.0
Pectocarya,combseeds,Plantae,0,0.0,1,0.6931471805599453,1,1,0.0,0.0,0.0,0.0,0.0,0.0
Pectocarya linearis,sagebrush combseed,Plantae,0,0.0,1,0.6931471805599453,1,1,0.0,0.0,0.0,0.0,0.0,0.0
Pectocarya linearis ferocula,narrow-toothed pectocarya,Plantae,0,0.0,1,0.6931471805599453,1,1,0.0,0.0,0.0,0.0,0.0,0.0
Pelagophycus porra,Elk Kelp,Chromista,1,1.0,50,3.9318256327243257,25,46,0.0,0.0,0.0,0.0,0.0,0.0
Pelecaniformes,"Pelicans, Herons, and Allies",Aves,0,0.0,1,0.6931471805599453,1,1,0.0,0.0,0.0,0.0,0.0,0.0
Pelecanus,Pelicans,Aves,1,1.0,1,0.6931471805599453,1,1,0.0,0.0,0.0,0.0,0.0,0.0
Pelecanus erythrorhynchos,American White Pelican,Aves,0,0.0,60,4.110873864173311,24,47,0.0,0.0,0.0,0.0,0.0,0.0
Pelecanus occidentalis,Brown Pelican,Aves,1,3.0,376,5.932245187448011,72,263,0.0,0.0,0.0,0.0,0.0,0.0
Pelecanus occidentalis californicus,California Brown Pelican,Aves,1,1.0,79,4.382026634673881,21,60,0.0,0.0,0.0,0.0,0.0,0.0
Pellaea andromedifolia,Coffee Fern,Plantae,0,0.0,1,0.6931471805599453,1,1,0.0,0.0,0.0,0.0,0.0,0.0
Pelochrista ridingsana,Snakeweed Borer Moth and Allies,Insecta,0,0.0,1,0.6931471805599453,1,1,0.0,0.0,0.0,0.0,0.0,0.0
Pelochrista sandiego,Unknown,Insecta,0,0.0,2,1.0986122886681098,2,1,0.0,0.0,0.0,0.0,0.0,0.0
Penaeidae,Penaeid Prawns,Animalia,0,0.0,1,0.6931471805599453,1,1,0.0,0.0,0.0,0.0,0.0,0.0
Penstemon,beardtongues,Plantae,0,0.0,1,0.6931471805599453,1,1,0.0,0.0,0.0,0.0,0.0,0.0
Penstemon spectabilis,Showy Penstemon,Plantae,0,0.0,1,0.6931471805599453,1,1,0.0,0.0,0.0,0.0,0.0,0.0
Pentacora signoreti,Unknown,Insecta,1,1.0,1,0.6931471805599453,1,1,0.0,0.0,0.0,0.0,0.0,0.0
Pentacora sphacelata,Unknown,Insecta,0,0.0,1,0.6931471805599453,1,1,0.0,0.0,0.0,0.0,0.0,0.0
Pentagramma,Unknown,Plantae,0,0.0,1,0.6931471805599453,1,1,0.0,0.0,0.0,0.0,0.0,0.0
Pentagramma glanduloviscida,San Diego Silverback Fern,Plantae,0,0.0,1,0.6931471805599453,1,1,0.0,0.0,0.0,0.0,0.0,0.0
Pentatomidae,Stink Bugs,Insecta,0,0.0,3,1.3862943611198906,3,3,0.0,0.0,0.0,0.0,0.0,0.0
Pentatominae,Unknown,Insecta,0,0.0,2,1.0986122886681098,2,1,0.0,0.0,0.0,0.0,0.0,0.0
Pentatomoidea,"Stink Bugs, Shield Bugs, and Allies",Insecta,0,0.0,1,0.6931471805599453,1,1,0.0,0.0,0.0,0.0,0.0,0.0
Penthaleus major,Blue Oat Mite,Arachnida,0,0.0,1,0.6931471805599453,1,1,0.0,0.0,0.0,0.0,0.0,0.0
Pepsinae,Unknown,Insecta,0,0.0,1,0.6931471805599453,1,1,0.0,0.0,0.0,0.0,0.0,0.0
Pepsini,Tarantula-hawk Wasps and Allies,Insecta,0,0.0,8,2.1972245773362196,7,8,0.0,0.0,0.0,0.0,0.0,0.0
Pepsis,New World Tarantula-hawk Wasps,Insecta,1,3.0,11,2.4849066497880004,8,11,0.0,0.0,0.0,0.0,0.0,0.0
Pepsis mildei,Milde's Tarantula-hawk Wasp,Insecta,0,0.0,3,1.3862943611198906,3,3,0.0,0.0,0.0,0.0,0.0,0.0
Pepsis thisbe,Thisbe's Tarantula-hawk Wasp,Insecta,0,0.0,3,1.3862943611198906,3,3,0.0,0.0,0.0,0.0,0.0,0.0
Perdita,Unknown,Insecta,0,0.0,3,1.3862943611198906,1,2,0.0,0.0,0.0,0.0,0.0,0.0
Perdita rhois,Rhus Fairy Bee,Insecta,0,0.0,1,0.6931471805599453,1,1,0.0,0.0,0.0,0.0,0.0,0.0
Perennes,Common Glassworts,Plantae,0,0.0,1,0.6931471805599453,1,1,0.0,0.0,0.0,0.0,0.0,0.0
Peridroma saucia,Variegated Cutworm Moth,Insecta,0,0.0,1,0.6931471805599453,1,1,0.0,0.0,0.0,0.0,0.0,0.0
Peristichia pedroana,Unknown,Mollusca,0,0.0,1,0.6931471805599453,1,1,0.0,0.0,0.0,0.0,0.0,0.0
Perityle emoryi,Emory's rockdaisy,Plantae,0,0.0,4,1.6094379124341003,4,2,0.0,0.0,0.0,0.0,0.0,0.0
Perizoma,Rivulets,Insecta,0,0.0,9,2.302585092994046,7,7,0.0,0.0,0.0,0.0,0.0,0.0
Perizoma epictata,Unknown,Insecta,1,2.0,21,3.091042453358316,13,21,0.0,0.0,0.0,0.0,0.0,0.0
Perognathinae,Pocket Mice,Mammalia,0,0.0,3,1.3862943611198906,2,3,0.0,0.0,0.0,0.0,0.0,0.0
Peromyscus,North American Deer Mice,Mammalia,0,0.0,6,1.9459101490553132,3,6,0.0,0.0,0.0,0.0,0.0,0.0
Peromyscus gambelii,Gambel's Deer Mouse,Mammalia,0,0.0,5,1.791759469228055,5,5,0.0,0.0,0.0,0.0,0.0,0.0
Persicaria,"knotweeds, smartweeds, and waterpeppers",Plantae,0,0.0,2,1.0986122886681098,2,2,0.0,0.0,0.0,0.0,0.0,0.0
Persicaria hydropiperoides,swamp smartweed,Plantae,0,0.0,1,0.6931471805599453,1,1,0.0,0.0,0.0,0.0,0.0,0.0
Persicaria lapathifolia,pale smartweed,Plantae,0,0.0,4,1.6094379124341003,4,4,0.0,0.0,0.0,0.0,0.0,0.0
Petrochelidon pyrrhonota,Cliff Swallow,Aves,0,0.0,94,4.553876891600541,38,73,0.0,0.0,0.0,0.0,0.0,0.0
Petrolisthes,Unknown,Animalia,0,0.0,1,0.6931471805599453,1,1,0.0,0.0,0.0,0.0,0.0,0.0
Petrolisthes cabrilloi,Cabrillo Porcelain Crab,Animalia,0,0.0,1,0.6931471805599453,1,1,0.0,0.0,0.0,0.0,0.0,0.0
Peucetia,Green Lynx Spiders,Arachnida,1,1.0,9,2.302585092994046,8,9,0.0,0.0,0.0,0.0,0.0,0.0
Peucetia longipalpis,Lesser Green Lynx Spider,Arachnida,0,0.0,2,1.0986122886681098,2,2,0.0,0.0,0.0,0.0,0.0,0.0
Peucetia viridans,Green Lynx Spider,Arachnida,1,5.0,36,3.6109179126442243,23,34,0.0,0.0,0.0,0.0,0.0,0.0
Pezizomycotina,Sac Fungi and Lichens,Fungi,0,0.0,1,0.6931471805599453,1,1,0.0,0.0,0.0,0.0,0.0,0.0
Phacelia,Scorpionweeds,Plantae,0,0.0,8,2.1972245773362196,8,8,0.0,0.0,0.0,0.0,0.0,0.0
Phacelia cicutaria,caterpillar scorpionweed,Plantae,0,0.0,9,2.302585092994046,8,4,0.0,0.0,0.0,0.0,0.0,0.0
Phacelia cicutaria hispida,caterpillar phacelia,Plantae,0,0.0,4,1.6094379124341003,4,4,0.0,0.0,0.0,0.0,0.0,0.0
Phacelia distans,distant phacelia,Plantae,0,0.0,1,0.6931471805599453,1,1,0.0,0.0,0.0,0.0,0.0,0.0
Phacelia parryi,Parry's phacelia,Plantae,0,0.0,1,0.6931471805599453,1,1,0.0,0.0,0.0,0.0,0.0,0.0
Phacelia ramosissima,branching phacelia,Plantae,0,0.0,22,3.1354942159291497,21,20,0.0,0.0,0.0,0.0,0.0,0.0
Phacelia ramosissima austrolitoralis,South Coast Branching Phacelia,Plantae,0,0.0,1,0.6931471805599453,1,1,0.0,0.0,0.0,0.0,0.0,0.0
Phacelia tanacetifolia,Lacy phacelia,Plantae,0,0.0,1,0.6931471805599453,1,1,0.0,0.0,0.0,0.0,0.0,0.0
Phaeophyceae,brown algae,Chromista,1,2.0,2,1.0986122886681098,2,2,0.0,0.0,0.0,0.0,0.0,0.0
Phainopepla nitens,Phainopepla,Aves,1,1.0,5,1.791759469228055,4,5,0.0,0.0,0.0,0.0,0.0,0.0
Phalacrocoracidae,Cormorants and Shags,Aves,1,1.0,6,1.9459101490553132,3,5,0.0,0.0,0.0,0.0,0.0,0.0
Phalaris,Canarygrasses,Plantae,0,0.0,1,0.6931471805599453,1,1,0.0,0.0,0.0,0.0,0.0,0.0
Phalaris aquatica,harding grass,Plantae,0,0.0,2,1.0986122886681098,2,2,0.0,0.0,0.0,0.0,0.0,0.0
Phalaris minor,Lesser Canary Grass,Plantae,0,0.0,1,0.6931471805599453,1,1,0.0,0.0,0.0,0.0,0.0,0.0
Phalaropus,Phalaropes,Aves,1,1.0,1,0.6931471805599453,1,1,0.0,0.0,0.0,0.0,0.0,0.0
Phalaropus fulicarius,Red Phalarope,Aves,0,0.0,1,0.6931471805599453,1,1,0.0,0.0,0.0,0.0,0.0,0.0
Phalaropus lobatus,Red-necked Phalarope,Aves,1,2.0,35,3.58351893845611,22,30,0.0,0.0,0.0,0.0,0.0,0.0
Phalaropus tricolor,Wilson's Phalarope,Aves,0,0.0,4,1.6094379124341003,3,3,0.0,0.0,0.0,0.0,0.0,0.0
Phaleria debilis,Unknown,Insecta,0,0.0,1,0.6931471805599453,1,1,0.0,0.0,0.0,0.0,0.0,0.0
Phasianus colchicus,Ring-necked Pheasant,Aves,0,0.0,1,0.6931471805599453,1,1,0.0,0.0,0.0,0.0,0.0,0.0
Phenacoccus,Unknown,Insecta,0,0.0,1,0.6931471805599453,1,1,0.0,0.0,0.0,0.0,0.0,0.0
Phereoeca praecox,Unknown,Insecta,0,0.0,1,0.6931471805599453,1,1,0.0,0.0,0.0,0.0,0.0,0.0
Pheucticus melanocephalus,Black-headed Grosbeak,Aves,0,0.0,2,1.0986122886681098,2,2,0.0,0.0,0.0,0.0,0.0,0.0
Phidippus,Unknown,Arachnida,0,0.0,7,2.0794415416798357,6,6,0.0,0.0,0.0,0.0,0.0,0.0
Phidippus johnsoni,Johnson's Jumping Spider,Arachnida,0,0.0,13,2.6390573296152584,11,12,0.0,0.0,0.0,0.0,0.0,0.0
Phidippus nikites,Unknown,Arachnida,0,0.0,10,2.3978952727983707,9,10,0.0,0.0,0.0,0.0,0.0,0.0
Philanthinae,Unknown,Insecta,0,0.0,1,0.6931471805599453,1,1,0.0,0.0,0.0,0.0,0.0,0.0
Philanthus gibbosus,Hump-backed Beewolf,Insecta,0,0.0,3,1.3862943611198906,3,3,0.0,0.0,0.0,0.0,0.0,0.0
Phloeodes diabolicus,Diabolical Ironclad Beetle,Insecta,0,0.0,25,3.258096538021482,20,23,0.0,0.0,0.0,0.0,0.0,0.0
Phloeomana speirea,Bark Bonnet,Fungi,0,0.0,1,0.6931471805599453,1,1,0.0,0.0,0.0,0.0,0.0,0.0
Phoca vitulina,Harbor Seal,Mammalia,0,0.0,1,0.6931471805599453,1,1,0.0,0.0,0.0,0.0,0.0,0.0
Phoca vitulina richardii,Pacific Harbor Seal,Mammalia,0,0.0,3,1.3862943611198906,3,3,0.0,0.0,0.0,0.0,0.0,0.0
Phocoidea,Pinnipeds,Mammalia,0,0.0,5,1.791759469228055,5,4,0.0,0.0,0.0,0.0,0.0,0.0
Phoebis agarithe,Large Orange Sulphur,Insecta,0,0.0,2,1.0986122886681098,2,2,0.0,0.0,0.0,0.0,0.0,0.0
Phoebis sennae,Cloudless Sulphur,Insecta,0,0.0,2,1.0986122886681098,2,2,0.0,0.0,0.0,0.0,0.0,0.0
Phoenicopterus ruber,American Flamingo,Aves,0,0.0,5,1.791759469228055,5,4,0.0,0.0,0.0,0.0,0.0,0.0
Phoenix,date palms,Plantae,0,0.0,2,1.0986122886681098,2,2,0.0,0.0,0.0,0.0,0.0,0.0
Phoenix canariensis,Canary Island palm,Plantae,0,0.0,7,2.0794415416798357,4,6,0.0,0.0,0.0,0.0,0.0,0.0
Pholcus,Common Cellar Spiders,Arachnida,0,0.0,1,0.6931471805599453,1,1,0.0,0.0,0.0,0.0,0.0,0.0
Pholcus phalangioides,Long-bodied Cellar Spider,Arachnida,0,0.0,2,1.0986122886681098,2,2,0.0,0.0,0.0,0.0,0.0,0.0
Pholistoma,Unknown,Plantae,0,0.0,1,0.6931471805599453,1,1,0.0,0.0,0.0,0.0,0.0,0.0
Pholistoma racemosum,Racemed Fiestaflower,Plantae,0,0.0,4,1.6094379124341003,3,2,0.0,0.0,0.0,0.0,0.0,0.0
Phoracantha recurva,Lesser Eucalyptus Longhorn Beetle,Insecta,0,0.0,2,1.0986122886681098,2,2,0.0,0.0,0.0,0.0,0.0,0.0
Phrontis tiarula,Western Mud Nassa,Mollusca,1,11.0,2,1.0986122886681098,1,2,0.0,0.0,0.0,0.0,0.0,0.0
Phthorimaea absoluta,Unknown,Insecta,0,0.0,1,0.6931471805599453,1,1,0.0,0.0,0.0,0.0,0.0,0.0
Phycitinae,Knot-horn Moths,Insecta,0,0.0,1,0.6931471805599453,1,1,0.0,0.0,0.0,0.0,0.0,0.0
Phycitini,Unknown,Insecta,0,0.0,1,0.6931471805599453,1,1,0.0,0.0,0.0,0.0,0.0,0.0
Phyconomus marinus,Unknown,Insecta,0,0.0,1,0.6931471805599453,1,1,0.0,0.0,0.0,0.0,0.0,0.0
Phylinae,Unknown,Insecta,0,0.0,1,0.6931471805599453,1,1,0.0,0.0,0.0,0.0,0.0,0.0
Phyllospadix,surfgrasses,Plantae,0,0.0,9,2.302585092994046,7,9,0.0,0.0,0.0,0.0,0.0,0.0
Phyllospadix scouleri,Scouler's Surfgrass,Plantae,0,0.0,4,1.6094379124341003,3,4,0.0,0.0,0.0,0.0,0.0,0.0
Phyllospadix torreyi,Torrey's Surfgrass,Plantae,0,0.0,25,3.258096538021482,8,22,0.0,0.0,0.0,0.0,0.0,0.0
Physalis,groundcherries,Plantae,0,0.0,1,0.6931471805599453,1,1,0.0,0.0,0.0,0.0,0.0,0.0
Physalis hederifolia,ivyleaf groundcherry,Plantae,0,0.0,2,1.0986122886681098,2,2,0.0,0.0,0.0,0.0,0.0,0.0
Physalis philadelphica,Large-flowered Tomatillo,Plantae,0,0.0,2,1.0986122886681098,2,2,0.0,0.0,0.0,0.0,0.0,0.0
Physarales,Unknown,Protozoa,0,0.0,1,0.6931471805599453,1,1,0.0,0.0,0.0,0.0,0.0,0.0
Physarum,Unknown,Protozoa,0,0.0,1,0.6931471805599453,1,1,0.0,0.0,0.0,0.0,0.0,0.0
Physella acuta,Acute Bladder Snail,Mollusca,0,0.0,1,0.6931471805599453,1,1,0.0,0.0,0.0,0.0,0.0,0.0
Physocephala texana,Unknown,Insecta,0,0.0,2,1.0986122886681098,2,2,0.0,0.0,0.0,0.0,0.0,0.0
Phytocoris,Unknown,Insecta,0,0.0,1,0.6931471805599453,1,1,0.0,0.0,0.0,0.0,0.0,0.0
Phytolacca,Pokeweeds,Plantae,0,0.0,6,1.9459101490553132,6,6,0.0,0.0,0.0,0.0,0.0,0.0
Phytolacca icosandra,Tropical Pokeweed,Plantae,0,0.0,75,4.330733340286331,53,66,0.0,0.0,0.0,0.0,0.0,0.0
Pieris rapae,Small White,Insecta,0,0.0,67,4.219507705176107,29,58,0.0,0.0,0.0,0.0,0.0,0.0
Pigritia,Unknown,Insecta,0,0.0,1,0.6931471805599453,1,1,0.0,0.0,0.0,0.0,0.0,0.0
Pinus,pines,Plantae,1,1.0,8,2.1972245773362196,6,7,0.0,0.0,0.0,0.0,0.0,0.0
Pinus torreyana,Torrey pine,Plantae,0,0.0,11,2.4849066497880004,11,9,0.0,0.0,0.0,0.0,0.0,0.0
Piophila casei,Cheese skipper,Insecta,0,0.0,1,0.6931471805599453,1,1,0.0,0.0,0.0,0.0,0.0,0.0
Pipilo chlorurus,Green-tailed Towhee,Aves,0,0.0,27,3.332204510175204,18,26,0.0,0.0,0.0,0.0,0.0,0.0
Pipilo maculatus,Spotted Towhee,Aves,0,0.0,4,1.6094379124341003,4,4,0.0,0.0,0.0,0.0,0.0,0.0
Piranga ludoviciana,Western Tanager,Aves,0,0.0,2,1.0986122886681098,2,2,0.0,0.0,0.0,0.0,0.0,0.0
Piranga rubra,Summer Tanager,Aves,0,0.0,1,0.6931471805599453,1,1,0.0,0.0,0.0,0.0,0.0,0.0
Pisaster ochraceus,Ochre Sea Star,Animalia,0,0.0,1,0.6931471805599453,1,1,0.0,0.0,0.0,0.0,0.0,0.0
Pittosporum tobira,Japanese cheesewood,Plantae,0,0.0,1,0.6931471805599453,1,1,0.0,0.0,0.0,0.0,0.0,0.0
Pituophis catenifer,Gopher Snake,Reptilia,0,0.0,12,2.5649493574615367,11,12,0.0,0.0,0.0,0.0,0.0,0.0
Pituophis catenifer annectens,San Diego Gopher Snake,Reptilia,0,0.0,15,2.772588722239781,15,14,0.0,0.0,0.0,0.0,0.0,0.0
Placentalia,Placental Mammals,Mammalia,0,0.0,2,1.0986122886681098,2,2,0.0,0.0,0.0,0.0,0.0,0.0
Plagiobothrys,Popcornflowers,Plantae,0,0.0,10,2.3978952727983707,6,9,0.0,0.0,0.0,0.0,0.0,0.0
Plagiobothrys collinus,Cooper's Popcornflower,Plantae,0,0.0,3,1.3862943611198906,3,3,0.0,0.0,0.0,0.0,0.0,0.0
Plantae,Plants,Plantae,1,9.0,66,4.204692619390966,36,31,0.0,0.0,0.0,0.0,0.0,0.0
Plantaginaceae,Plantain Family,Plantae,0,0.0,1,0.6931471805599453,1,1,0.0,0.0,0.0,0.0,0.0,0.0
Plantago elongata,Coastal Plantain,Plantae,0,0.0,2,1.0986122886681098,2,2,0.0,0.0,0.0,0.0,0.0,0.0
Plantago erecta,dot-seed plantain,Plantae,0,0.0,1,0.6931471805599453,1,1,0.0,0.0,0.0,0.0,0.0,0.0
Plantago major,greater plantain,Plantae,0,0.0,2,1.0986122886681098,2,2,0.0,0.0,0.0,0.0,0.0,0.0
Plataea,Unknown,Insecta,0,0.0,3,1.3862943611198906,3,2,0.0,0.0,0.0,0.0,0.0,0.0
Platanus racemosa,western sycamore,Plantae,0,0.0,4,1.6094379124341003,3,4,0.0,0.0,0.0,0.0,0.0,0.0
Platyarthrus schoblii,Unknown,Animalia,0,0.0,1,0.6931471805599453,1,1,0.0,0.0,0.0,0.0,0.0,0.0
Platynota stultana,Omnivorous Leafroller Moth,Insecta,1,1.0,1,0.6931471805599453,1,1,0.0,0.0,0.0,0.0,0.0,0.0
Platyrhinoidis triseriata,Thornback Guitarfish,Animalia,0,0.0,4,1.6094379124341003,4,4,0.0,0.0,0.0,0.0,0.0,0.0
Platystemon californicus,creamcups,Plantae,0,0.0,1,0.6931471805599453,1,1,0.0,0.0,0.0,0.0,0.0,0.0
Plectreuridae,plectreurid spiders,Arachnida,0,0.0,1,0.6931471805599453,1,1,0.0,0.0,0.0,0.0,0.0,0.0
Plegadis chihi,White-faced Ibis,Aves,1,1.0,6,1.9459101490553132,5,6,0.0,0.0,0.0,0.0,0.0,0.0
Pleocyemata,"Crabs, Lobsters, Shrimps, and Allies",Animalia,0,0.0,1,0.6931471805599453,1,1,0.0,0.0,0.0,0.0,0.0,0.0
Plestiodon skiltonianus,Western Skink,Reptilia,0,0.0,4,1.6094379124341003,4,4,0.0,0.0,0.0,0.0,0.0,0.0
Pleuronichthys guttulatus,Diamond Turbot,Actinopterygii,0,0.0,1,0.6931471805599453,1,1,0.0,0.0,0.0,0.0,0.0,0.0
Plocamium,Unknown,Plantae,0,0.0,2,1.0986122886681098,2,2,0.0,0.0,0.0,0.0,0.0,0.0
Plocamium cartilagineum,Sea Comb,Plantae,0,0.0,9,2.302585092994046,3,6,0.0,0.0,0.0,0.0,0.0,0.0
Ploiaria reticulata,Unknown,Insecta,0,0.0,1,0.6931471805599453,1,1,0.0,0.0,0.0,0.0,0.0,0.0
Pluchea odorata,marsh fleabane,Plantae,0,0.0,5,1.791759469228055,2,5,0.0,0.0,0.0,0.0,0.0,0.0
Pluchea sericea,arrowweed,Plantae,0,0.0,73,4.30406509320417,49,66,0.0,0.0,0.0,0.0,0.0,0.0
Plumularia,Unknown,Animalia,0,0.0,1,0.6931471805599453,1,1,0.0,0.0,0.0,0.0,0.0,0.0
Plusiinae,Plusiine Looper Moths,Insecta,0,0.0,1,0.6931471805599453,1,1,0.0,0.0,0.0,0.0,0.0,0.0
Plutella xylostella,Diamondback Moth,Insecta,0,0.0,1,0.6931471805599453,1,1,0.0,0.0,0.0,0.0,0.0,0.0
Pluvialis,Golden Plovers and Grey Plover,Aves,0,0.0,4,1.6094379124341003,4,4,0.0,0.0,0.0,0.0,0.0,0.0
Pluvialis dominica,American Golden-Plover,Aves,0,0.0,2,1.0986122886681098,2,1,0.0,0.0,0.0,0.0,0.0,0.0
Pluvialis fulva,Pacific Golden-Plover,Aves,0,0.0,38,3.6635616461296463,23,33,0.0,0.0,0.0,0.0,0.0,0.0
Pluvialis squatarola,Black-bellied Plover,Aves,1,12.0,190,5.25227342804663,58,114,0.0,0.0,0.0,0.0,0.0,0.0
Poaceae,Grasses,Plantae,1,4.0,32,3.4965075614664802,17,26,0.0,0.0,0.0,0.0,0.0,0.0
Poales,"Grasses, Sedges, Cattails, and Allies",Plantae,1,1.0,8,2.1972245773362196,5,6,0.0,0.0,0.0,0.0,0.0,0.0
Podalonia,Cutworm Wasps,Insecta,0,0.0,5,1.791759469228055,3,5,0.0,0.0,0.0,0.0,0.0,0.0
Podiceps auritus,Horned Grebe,Aves,1,2.0,5,1.791759469228055,4,2,0.0,0.0,0.0,0.0,0.0,0.0
Podiceps nigricollis,Eared Grebe,Aves,1,1.0,55,4.02535169073515,31,50,0.0,0.0,0.0,0.0,0.0,0.0
Podiceps nigricollis californicus,American Eared Grebe,Aves,0,0.0,1,0.6931471805599453,1,1,0.0,0.0,0.0,0.0,0.0,0.0
Podicipedidae,Grebes,Aves,0,0.0,2,1.0986122886681098,2,2,0.0,0.0,0.0,0.0,0.0,0.0
Podilymbus podiceps,Pied-billed Grebe,Aves,1,1.0,44,3.8066624897703196,19,39,0.0,0.0,0.0,0.0,0.0,0.0
Pododesmus,False jingles,Mollusca,0,0.0,1,0.6931471805599453,1,1,0.0,0.0,0.0,0.0,0.0,0.0
Pododesmus macrochisma,Green Falsejingle,Mollusca,0,0.0,1,0.6931471805599453,1,1,0.0,0.0,0.0,0.0,0.0,0.0
Poeae,Unknown,Plantae,0,0.0,1,0.6931471805599453,1,1,0.0,0.0,0.0,0.0,0.0,0.0
Poecilanthrax,Unknown,Insecta,0,0.0,1,0.6931471805599453,1,1,0.0,0.0,0.0,0.0,0.0,0.0
Poecilanthrax arethusa,Unknown,Insecta,0,0.0,6,1.9459101490553132,4,5,0.0,0.0,0.0,0.0,0.0,0.0
Poecilognathus,Unknown,Insecta,0,0.0,1,0.6931471805599453,1,1,0.0,0.0,0.0,0.0,0.0,0.0
Pogonomyrmex,Typical American Harvester Ants,Insecta,0,0.0,5,1.791759469228055,5,5,0.0,0.0,0.0,0.0,0.0,0.0
Pogonomyrmex californicus,California Harvester Ant,Insecta,0,0.0,3,1.3862943611198906,3,3,0.0,0.0,0.0,0.0,0.0,0.0
Pogonomyrmex subnitidus,Unknown,Insecta,0,0.0,3,1.3862943611198906,3,3,0.0,0.0,0.0,0.0,0.0,0.0
Polioptila,Gnatcatchers,Aves,0,0.0,1,0.6931471805599453,1,1,0.0,0.0,0.0,0.0,0.0,0.0
Polioptila caerulea,Blue-gray Gnatcatcher,Aves,0,0.0,5,1.791759469228055,5,5,0.0,0.0,0.0,0.0,0.0,0.0
Polioptila californica,California Gnatcatcher,Aves,0,0.0,13,2.6390573296152584,12,13,0.0,0.0,0.0,0.0,0.0,0.0
Polioptila californica californica,Coastal California Gnatcatcher,Aves,0,0.0,3,1.3862943611198906,3,3,0.0,0.0,0.0,0.0,0.0,0.0
Polistes,Umbrella Paper Wasps,Insecta,0,0.0,12,2.5649493574615367,9,10,0.0,0.0,0.0,0.0,0.0,0.0
Polistes apachus,Apache Paper Wasp,Insecta,0,0.0,44,3.8066624897703196,24,38,0.0,0.0,0.0,0.0,0.0,0.0
Polistes aurifer,Golden Paper Wasp,Insecta,0,0.0,42,3.7612001156935624,22,39,0.0,0.0,0.0,0.0,0.0,0.0
Polistes dominula,European Paper Wasp,Insecta,0,0.0,43,3.784189633918261,26,37,0.0,0.0,0.0,0.0,0.0,0.0
Polistes dorsalis,Hunter's Little Paper Wasp,Insecta,0,0.0,3,1.3862943611198906,3,3,0.0,0.0,0.0,0.0,0.0,0.0
Polistes dorsalis californicus,California Paper Wasp,Insecta,0,0.0,1,0.6931471805599453,1,1,0.0,0.0,0.0,0.0,0.0,0.0
Polites sabuleti,Sandhill Skipper,Insecta,0,0.0,11,2.4849066497880004,6,10,0.0,0.0,0.0,0.0,0.0,0.0
Pollenia,Cluster Flies,Insecta,0,0.0,2,1.0986122886681098,2,2,0.0,0.0,0.0,0.0,0.0,0.0
Polleniidae,Unknown,Insecta,0,0.0,1,0.6931471805599453,1,1,0.0,0.0,0.0,0.0,0.0,0.0
Pollicipes polymerus,Gooseneck Barnacle,Animalia,0,0.0,9,2.302585092994046,8,9,0.0,0.0,0.0,0.0,0.0,0.0
Polycarpon tetraphyllum,fourleaf manyseed,Plantae,0,0.0,3,1.3862943611198906,3,3,0.0,0.0,0.0,0.0,0.0,0.0
Polychaeta,Polychaete Worms,Animalia,1,2.0,4,1.6094379124341003,4,3,0.0,0.0,0.0,0.0,0.0,0.0
Polydontomyia curvipes,Dimorphic Sickleleg,Insecta,0,0.0,2,1.0986122886681098,2,2,0.0,0.0,0.0,0.0,0.0,0.0
Polygonaceae,knotweed family,Plantae,0,0.0,1,0.6931471805599453,1,1,0.0,0.0,0.0,0.0,0.0,0.0
Polygonia satyrus,Satyr Comma,Insecta,0,0.0,1,0.6931471805599453,1,1,0.0,0.0,0.0,0.0,0.0,0.0
Polygonoideae,Unknown,Plantae,0,0.0,1,0.6931471805599453,1,1,0.0,0.0,0.0,0.0,0.0,0.0
Polygonum,knotweeds,Plantae,0,0.0,1,0.6931471805599453,1,1,0.0,0.0,0.0,0.0,0.0,0.0
Polygonum aviculare,Prostrate Knotweed,Plantae,0,0.0,2,1.0986122886681098,2,2,0.0,0.0,0.0,0.0,0.0,0.0
Polygyra cereolus,Southern Flatcoil,Mollusca,0,0.0,1,0.6931471805599453,1,1,0.0,0.0,0.0,0.0,0.0,0.0
Polyommatina,Unknown,Insecta,0,0.0,1,0.6931471805599453,1,1,0.0,0.0,0.0,0.0,0.0,0.0
Polyommatinae,Blues,Insecta,0,0.0,1,0.6931471805599453,1,1,0.0,0.0,0.0,0.0,0.0,0.0
Polyommatini,Typical Blues,Insecta,0,0.0,4,1.6094379124341003,4,4,0.0,0.0,0.0,0.0,0.0,0.0
Polyphaga,"Water, Rove, Scarab, Long-horned, Leaf, and Snout Beetles",Insecta,1,1.0,3,1.3862943611198906,3,3,0.0,0.0,0.0,0.0,0.0,0.0
Polyphylla decemlineata,Ten-lined June Beetle,Insecta,0,0.0,1,0.6931471805599453,1,1,0.0,0.0,0.0,0.0,0.0,0.0
Polypodium californicum,California Polypody,Plantae,0,0.0,3,1.3862943611198906,3,3,0.0,0.0,0.0,0.0,0.0,0.0
Polypogon interruptus,ditch beard grass,Plantae,0,0.0,2,1.0986122886681098,2,2,0.0,0.0,0.0,0.0,0.0,0.0
Polypogon monspeliensis,rabbitfoot grass,Plantae,0,0.0,30,3.4339872044851463,24,25,0.0,0.0,0.0,0.0,0.0,0.0
Polyporales,Shelf Fungi,Fungi,0,0.0,2,1.0986122886681098,1,2,0.0,0.0,0.0,0.0,0.0,0.0
Pompilidae,Spider Wasps,Insecta,0,0.0,2,1.0986122886681098,2,2,0.0,0.0,0.0,0.0,0.0,0.0
Pompilinae,Unknown,Insecta,0,0.0,2,1.0986122886681098,2,2,0.0,0.0,0.0,0.0,0.0,0.0
Pompilini,Unknown,Insecta,0,0.0,1,0.6931471805599453,1,1,0.0,0.0,0.0,0.0,0.0,0.0
Pontia,Unknown,Insecta,0,0.0,1,0.6931471805599453,1,1,0.0,0.0,0.0,0.0,0.0,0.0
Pontia protodice,Checkered White,Insecta,0,0.0,39,3.6888794541139363,19,34,0.0,0.0,0.0,0.0,0.0,0.0
Pooecetes gramineus,Vesper Sparrow,Aves,0,0.0,2,1.0986122886681098,2,2,0.0,0.0,0.0,0.0,0.0,0.0
Pooideae,Unknown,Plantae,0,0.0,3,1.3862943611198906,3,3,0.0,0.0,0.0,0.0,0.0,0.0
Populus,"poplars, cottonwoods, and aspens",Plantae,0,0.0,4,1.6094379124341003,4,4,0.0,0.0,0.0,0.0,0.0,0.0
Populus fremontii,Frémont Cottonwood,Plantae,0,0.0,26,3.295836866004329,17,25,0.0,0.0,0.0,0.0,0.0,0.0
Populus nigra,Black Poplar,Plantae,0,0.0,1,0.6931471805599453,1,1,0.0,0.0,0.0,0.0,0.0,0.0
Porcellio laevis,Swift Woodlouse,Animalia,1,1.0,7,2.0794415416798357,6,7,0.0,0.0,0.0,0.0,0.0,0.0
Porcellionidae,Porcellionid Woodlice,Animalia,0,0.0,1,0.6931471805599453,1,1,0.0,0.0,0.0,0.0,0.0,0.0
Porcellionides,Unknown,Animalia,0,0.0,1,0.6931471805599453,1,1,0.0,0.0,0.0,0.0,0.0,0.0
Porichthys notatus,Plainfin Midshipman,Actinopterygii,0,0.0,1,0.6931471805599453,1,1,0.0,0.0,0.0,0.0,0.0,0.0
Porifera,Sponges,Animalia,0,0.0,3,1.3862943611198906,2,2,0.0,0.0,0.0,0.0,0.0,0.0
Porophyllum gracile,Odora,Plantae,0,0.0,1,0.6931471805599453,1,1,0.0,0.0,0.0,0.0,0.0,0.0
Portulaca oleracea,Common Purslane,Plantae,0,0.0,1,0.6931471805599453,1,1,0.0,0.0,0.0,0.0,0.0,0.0
Portunidae,Swimming Crabs,Animalia,1,1.0,1,0.6931471805599453,1,1,0.0,0.0,0.0,0.0,0.0,0.0
Porzana carolina,Sora,Aves,1,2.0,21,3.091042453358316,19,17,0.0,0.0,0.0,0.0,0.0,0.0
Potamogeton illinoensis,shining pondweed,Plantae,0,0.0,1,0.6931471805599453,1,1,0.0,0.0,0.0,0.0,0.0,0.0
Pottiaceae,Unknown,Plantae,0,0.0,1,0.6931471805599453,1,1,0.0,0.0,0.0,0.0,0.0,0.0
Prenolepis imparis,American Winter Ant,Insecta,0,0.0,1,0.6931471805599453,1,1,0.0,0.0,0.0,0.0,0.0,0.0
Primula clevelandii clevelandii,Cleveland's Shooting Star,Plantae,0,0.0,1,0.6931471805599453,1,1,0.0,0.0,0.0,0.0,0.0,0.0
Prionyx,Unknown,Insecta,0,0.0,2,1.0986122886681098,2,2,0.0,0.0,0.0,0.0,0.0,0.0
Prionyx parkeri,Parker's Thread-waisted Wasp,Insecta,0,0.0,2,1.0986122886681098,2,2,0.0,0.0,0.0,0.0,0.0,0.0
Proba,Unknown,Insecta,0,0.0,1,0.6931471805599453,1,1,0.0,0.0,0.0,0.0,0.0,0.0
Proctacanthus,Marauders,Insecta,0,0.0,34,3.5553480614894135,15,29,0.0,0.0,0.0,0.0,0.0,0.0
Proctacanthus coquillettii,Kelso Dunes Robber Fly,Insecta,0,0.0,5,1.791759469228055,4,4,0.0,0.0,0.0,0.0,0.0,0.0
Proctotrupomorpha,Unknown,Insecta,0,0.0,1,0.6931471805599453,1,1,0.0,0.0,0.0,0.0,0.0,0.0
Procyon lotor,Common Raccoon,Mammalia,1,8.0,45,3.828641396489095,20,35,0.0,0.0,0.0,0.0,0.0,0.0
Prodoxus,Bogus Yucca Moths,Insecta,0,0.0,1,0.6931471805599453,1,1,0.0,0.0,0.0,0.0,0.0,0.0
Prolita variabilis,Unknown,Insecta,0,0.0,1,0.6931471805599453,1,1,0.0,0.0,0.0,0.0,0.0,0.0
Prosapia,Unknown,Insecta,0,0.0,1,0.6931471805599453,1,1,0.0,0.0,0.0,0.0,0.0,0.0
Prostigmata,Prostigs,Arachnida,0,0.0,1,0.6931471805599453,1,1,0.0,0.0,0.0,0.0,0.0,0.0
Prunus,"plums, cherries, and allies",Plantae,0,0.0,1,0.6931471805599453,1,1,0.0,0.0,0.0,0.0,0.0,0.0
Prunus ilicifolia,hollyleaf cherry,Plantae,0,0.0,15,2.772588722239781,8,13,0.0,0.0,0.0,0.0,0.0,0.0
Prunus ilicifolia lyonii,Catalina Cherry,Plantae,0,0.0,5,1.791759469228055,4,5,0.0,0.0,0.0,0.0,0.0,0.0
Psaltriparus minimus,Bushtit,Aves,1,3.0,88,4.48863636973214,43,74,0.0,0.0,0.0,0.0,0.0,0.0
Psammaletes,Unknown,Insecta,0,0.0,1,0.6931471805599453,1,1,0.0,0.0,0.0,0.0,0.0,0.0
Psammobiidae,Sunset Clams and Allies,Mollusca,0,0.0,3,1.3862943611198906,2,3,0.0,0.0,0.0,0.0,0.0,0.0
Psathyrella,Brittlestems,Fungi,0,0.0,1,0.6931471805599453,1,1,0.0,0.0,0.0,0.0,0.0,0.0
Psathyrellaceae,Brittlestems and Allies,Fungi,1,1.0,4,1.6094379124341003,4,4,0.0,0.0,0.0,0.0,0.0,0.0
Pseudacris regilla,Pacific chorus frog,Amphibia,0,0.0,15,2.772588722239781,12,15,0.0,0.0,0.0,0.0,0.0,0.0
Pseudobatos productus,Shovelnose Guitarfish,Animalia,0,0.0,1,0.6931471805599453,1,1,0.0,0.0,0.0,0.0,0.0,0.0
Pseudococcidae,Mealybugs,Insecta,0,0.0,1,0.6931471805599453,1,1,0.0,0.0,0.0,0.0,0.0,0.0
Pseudognaphalium,rabbit-tobaccos,Plantae,1,3.0,17,2.8903717578961645,17,17,0.0,0.0,0.0,0.0,0.0,0.0
Pseudognaphalium biolettii,two-color rabbit tobacco,Plantae,1,5.0,28,3.367295829986474,14,21,0.0,0.0,0.0,0.0,0.0,0.0
Pseudognaphalium californicum,California cudweed,Plantae,1,4.0,5,1.791759469228055,4,5,0.0,0.0,0.0,0.0,0.0,0.0
Pseudognaphalium luteoalbum,Jersey Cudweed,Plantae,0,0.0,5,1.791759469228055,5,5,0.0,0.0,0.0,0.0,0.0,0.0
Pseudognaphalium ramosissimum,pink everlasting,Plantae,0,0.0,1,0.6931471805599453,1,1,0.0,0.0,0.0,0.0,0.0,0.0
Pseudognaphalium stramineum,cottonbatting plant,Plantae,0,0.0,26,3.295836866004329,17,21,0.0,0.0,0.0,0.0,0.0,0.0
Pseudomethoca anthracina,Unknown,Insecta,0,0.0,15,2.772588722239781,13,15,0.0,0.0,0.0,0.0,0.0,0.0
Pseudosermyle,Unknown,Insecta,0,0.0,1,0.6931471805599453,1,1,0.0,0.0,0.0,0.0,0.0,0.0
Psilidae,Rust Flies,Insecta,0,0.0,1,0.6931471805599453,1,1,0.0,0.0,0.0,0.0,0.0,0.0
Psilocarphus,Woolly-Marbles,Plantae,0,0.0,3,1.3862943611198906,3,3,0.0,0.0,0.0,0.0,0.0,0.0
Psilocarphus brevissimus,low woolly marbles,Plantae,0,0.0,7,2.0794415416798357,3,5,0.0,0.0,0.0,0.0,0.0,0.0
Psilocarphus brevissimus brevissimus,dwarf woollyheads,Plantae,0,0.0,2,1.0986122886681098,1,2,0.0,0.0,0.0,0.0,0.0,0.0
Psocodea,"Bark Lice, Book Lice, and Parasitic Lice",Insecta,0,0.0,1,0.6931471805599453,1,1,0.0,0.0,0.0,0.0,0.0,0.0
Psoloessa texana,Texas Range Grasshopper,Insecta,0,0.0,1,0.6931471805599453,1,1,0.0,0.0,0.0,0.0,0.0,0.0
Psyllobora renifer,Kidney-spotted Fairy Lady Beetle,Insecta,0,0.0,1,0.6931471805599453,1,1,0.0,0.0,0.0,0.0,0.0,0.0
Psyllobora vigintimaculata,Twenty-spotted Lady Beetle,Insecta,0,0.0,1,0.6931471805599453,1,1,0.0,0.0,0.0,0.0,0.0,0.0
Pteriomorphia,Unknown,Mollusca,0,0.0,2,1.0986122886681098,1,2,0.0,0.0,0.0,0.0,0.0,0.0
Pteromalidae,Unknown,Insecta,0,0.0,1,0.6931471805599453,1,1,0.0,0.0,0.0,0.0,0.0,0.0
Pteromalini,Unknown,Insecta,1,2.0,1,0.6931471805599453,1,1,0.0,0.0,0.0,0.0,0.0,0.0
Pterophoridae,Plume Moths,Insecta,1,1.0,2,1.0986122886681098,2,2,0.0,0.0,0.0,0.0,0.0,0.0
Pterophorinae,Unknown,Insecta,0,0.0,1,0.6931471805599453,1,1,0.0,0.0,0.0,0.0,0.0,0.0
Pterostegia drymarioides,Fairy Mist,Plantae,0,0.0,9,2.302585092994046,7,9,0.0,0.0,0.0,0.0,0.0,0.0
Pterostichus,Blackclock Ground Beetles,Insecta,0,0.0,1,0.6931471805599453,1,1,0.0,0.0,0.0,0.0,0.0,0.0
Pterygophora californica,stalked kelp,Chromista,0,0.0,1,0.6931471805599453,1,1,0.0,0.0,0.0,0.0,0.0,0.0
Pterygota,Winged and Once-winged Insects,Insecta,1,1.0,16,2.833213344056216,16,16,0.0,0.0,0.0,0.0,0.0,0.0
Ptinidae,"Deathwatch, Spider, and Wood-borer Beetles",Insecta,0,0.0,1,0.6931471805599453,1,1,0.0,0.0,0.0,0.0,0.0,0.0
Ptychoramphus aleuticus,Cassin's Auklet,Aves,0,0.0,2,1.0986122886681098,2,2,0.0,0.0,0.0,0.0,0.0,0.0
Puccinia,Orange-Yellow Rusts,Fungi,0,0.0,1,0.6931471805599453,1,1,0.0,0.0,0.0,0.0,0.0,0.0
Puccinia cressae,alkali weed rust,Fungi,0,0.0,3,1.3862943611198906,2,3,0.0,0.0,0.0,0.0,0.0,0.0
Puccinia evadens,coyote brush rust,Fungi,0,0.0,8,2.1972245773362196,6,8,0.0,0.0,0.0,0.0,0.0,0.0
Puccinia malvacearum,Hollyhock Rust,Fungi,0,0.0,3,1.3862943611198906,3,3,0.0,0.0,0.0,0.0,0.0,0.0
Puffinus opisthomelas,Black-vented Shearwater,Aves,0,0.0,9,2.302585092994046,7,7,0.0,0.0,0.0,0.0,0.0,0.0
Pugettia producta,Northern Kelp Crab,Animalia,0,0.0,3,1.3862943611198906,3,3,0.0,0.0,0.0,0.0,0.0,0.0
Pulicaria paludosa,Spanish False Fleabane,Plantae,0,0.0,5,1.791759469228055,5,5,0.0,0.0,0.0,0.0,0.0,0.0
Pulvinaria mesembryanthemi,Ice plant scale,Insecta,0,0.0,1,0.6931471805599453,1,1,0.0,0.0,0.0,0.0,0.0,0.0
Pyralidae,Pyralid Snout Moths,Insecta,0,0.0,1,0.6931471805599453,1,1,0.0,0.0,0.0,0.0,0.0,0.0
Pyralini,Unknown,Insecta,0,0.0,1,0.6931471805599453,1,1,0.0,0.0,0.0,0.0,0.0,0.0
Pyraloidea,Pyralid and Crambid Snout Moths,Insecta,0,0.0,4,1.6094379124341003,3,4,0.0,0.0,0.0,0.0,0.0,0.0
Pyrocephalus rubinus,Vermilion Flycatcher,Aves,0,0.0,7,2.0794415416798357,7,7,0.0,0.0,0.0,0.0,0.0,0.0
Pyropia,Nori,Plantae,0,0.0,1,0.6931471805599453,1,1,0.0,0.0,0.0,0.0,0.0,0.0
Pyrosoma atlanticum,Unknown,Animalia,0,0.0,1,0.6931471805599453,1,1,0.0,0.0,0.0,0.0,0.0,0.0
Quercus agrifolia,coast live oak,Plantae,0,0.0,1,0.6931471805599453,1,1,0.0,0.0,0.0,0.0,0.0,0.0
Quercus agrifolia agrifolia,California Live Oak,Plantae,0,0.0,1,0.6931471805599453,1,1,0.0,0.0,0.0,0.0,0.0,0.0
Quiscalus mexicanus,Great-tailed Grackle,Aves,0,0.0,1,0.6931471805599453,1,1,0.0,0.0,0.0,0.0,0.0,0.0
Rabdophaga rigidae,willow beaked-gall midge,Insecta,0,0.0,2,1.0986122886681098,2,2,0.0,0.0,0.0,0.0,0.0,0.0
Rabdophaga salicisbatatus,Potato Gall Midge,Insecta,0,0.0,2,1.0986122886681098,2,2,0.0,0.0,0.0,0.0,0.0,0.0
Rabdophaga salicisbrassicoides,Willow Rosette Gall Midge,Insecta,0,0.0,5,1.791759469228055,5,5,0.0,0.0,0.0,0.0,0.0,0.0
Rabdophaga strobiloides,Willow Pinecone Gall Midge,Insecta,0,0.0,1,0.6931471805599453,1,1,0.0,0.0,0.0,0.0,0.0,0.0
Rafinesquia californica,California chicory,Plantae,0,0.0,5,1.791759469228055,5,4,0.0,0.0,0.0,0.0,0.0,0.0
Rallidae,"Rails, Gallinules, and Coots",Aves,0,0.0,1,0.6931471805599453,1,1,0.0,0.0,0.0,0.0,0.0,0.0
Rallus,Typical Rails,Aves,0,0.0,1,0.6931471805599453,1,1,0.0,0.0,0.0,0.0,0.0,0.0
Rallus limicola,Virginia Rail,Aves,0,0.0,1,0.6931471805599453,1,1,0.0,0.0,0.0,0.0,0.0,0.0
Rallus obsoletus,Ridgway's Rail,Aves,1,4.0,434,6.075346031088684,186,332,0.0,0.0,0.0,0.0,0.0,0.0
Rallus obsoletus levipes,Light-footed Rail,Aves,0,0.0,54,4.007333185232471,30,48,0.0,0.0,0.0,0.0,0.0,0.0
Ramalina farinacea,Farinose Cartilage Lichen,Fungi,0,0.0,3,1.3862943611198906,3,3,0.0,0.0,0.0,0.0,0.0,0.0
Ramalina subleptocarpha,Slit-rimmed ramalina,Fungi,0,0.0,1,0.6931471805599453,1,1,0.0,0.0,0.0,0.0,0.0,0.0
Ramosissimae,Unknown,Plantae,0,0.0,1,0.6931471805599453,1,1,0.0,0.0,0.0,0.0,0.0,0.0
Raphanus,Radishes,Plantae,0,0.0,18,2.9444389791664403,17,16,0.0,0.0,0.0,0.0,0.0,0.0
Raphanus raphanistrum,Wild radish,Plantae,1,1.0,36,3.6109179126442243,33,34,0.0,0.0,0.0,0.0,0.0,0.0
Raphanus raphanistrum sativus,garden radish,Plantae,1,1.0,112,4.727387818712341,77,94,0.0,0.0,0.0,0.0,0.0,0.0
Rapistrum rugosum,annual bastard cabbage,Plantae,0,0.0,3,1.3862943611198906,3,3,0.0,0.0,0.0,0.0,0.0,0.0
Rattus,Old World Rats,Mammalia,0,0.0,2,1.0986122886681098,2,2,0.0,0.0,0.0,0.0,0.0,0.0
Rattus rattus,Black Rat,Mammalia,1,1.0,5,1.791759469228055,2,3,0.0,0.0,0.0,0.0,0.0,0.0
Recurvirostra americana,American Avocet,Aves,0,0.0,102,4.634728988229636,49,83,0.0,0.0,0.0,0.0,0.0,0.0
Reduviidae,Assassin Bugs,Insecta,0,0.0,1,0.6931471805599453,1,1,0.0,0.0,0.0,0.0,0.0,0.0
Reithrodontomys,American Harvest Mice,Mammalia,0,0.0,1,0.6931471805599453,1,1,0.0,0.0,0.0,0.0,0.0,0.0
Reithrodontomys megalotis,Western Harvest Mouse,Mammalia,0,0.0,4,1.6094379124341003,2,4,0.0,0.0,0.0,0.0,0.0,0.0
Rena humilis,Western Threadsnake,Reptilia,0,0.0,1,0.6931471805599453,1,1,0.0,0.0,0.0,0.0,0.0,0.0
Reptilia,Reptiles,Reptilia,0,0.0,1,0.6931471805599453,1,1,0.0,0.0,0.0,0.0,0.0,0.0
Reticulitermes,Unknown,Insecta,0,0.0,1,0.6931471805599453,1,1,0.0,0.0,0.0,0.0,0.0,0.0
Reticulitermes hesperus,Western Subterranean Termite,Insecta,0,0.0,2,1.0986122886681098,2,2,0.0,0.0,0.0,0.0,0.0,0.0
Rexithaerus indentata,Indented Macoma,Mollusca,0,0.0,1,0.6931471805599453,1,1,0.0,0.0,0.0,0.0,0.0,0.0
Rexithaerus sectus,White Macoma,Mollusca,0,0.0,13,2.6390573296152584,7,12,0.0,0.0,0.0,0.0,0.0,0.0
Rhagidiidae,Unknown,Arachnida,0,0.0,3,1.3862943611198906,1,2,0.0,0.0,0.0,0.0,0.0,0.0
Rhaponticum repens,Russian knapweed,Plantae,0,0.0,4,1.6094379124341003,4,4,0.0,0.0,0.0,0.0,0.0,0.0
Rhinocyllus conicus,Nodding Thistle Receptacle Weevil,Insecta,0,0.0,1,0.6931471805599453,1,1,0.0,0.0,0.0,0.0,0.0,0.0
Rhionaeschna,Neotropical Darners,Insecta,0,0.0,2,1.0986122886681098,1,2,0.0,0.0,0.0,0.0,0.0,0.0
Rhionaeschna multicolor,Blue-eyed Darner,Insecta,0,0.0,11,2.4849066497880004,8,11,0.0,0.0,0.0,0.0,0.0,0.0
Rhizophora mangle,red mangrove,Plantae,0,0.0,3,1.3862943611198906,1,2,0.0,0.0,0.0,0.0,0.0,0.0
Rhodophyta,red algae,Plantae,0,0.0,30,3.4339872044851463,12,20,0.0,0.0,0.0,0.0,0.0,0.0
Rhodymenia,Unknown,Plantae,0,0.0,3,1.3862943611198906,3,2,0.0,0.0,0.0,0.0,0.0,0.0
Rhodymenia californica,Unknown,Plantae,0,0.0,1,0.6931471805599453,1,1,0.0,0.0,0.0,0.0,0.0,0.0
Rhodymenia pacifica,Unknown,Plantae,0,0.0,1,0.6931471805599453,1,1,0.0,0.0,0.0,0.0,0.0,0.0
Rhodymeniales,Unknown,Plantae,0,0.0,2,1.0986122886681098,2,2,0.0,0.0,0.0,0.0,0.0,0.0
Rhodymeniophycidae,Unknown,Plantae,0,0.0,2,1.0986122886681098,2,2,0.0,0.0,0.0,0.0,0.0,0.0
Rhopalomyia,Unknown,Insecta,0,0.0,2,1.0986122886681098,2,2,0.0,0.0,0.0,0.0,0.0,0.0
Rhopalomyia californica,Coyote Brush Bud Gall Midge,Insecta,1,1.0,13,2.6390573296152584,9,12,0.0,0.0,0.0,0.0,0.0,0.0
Rhus integrifolia,lemonade berry,Plantae,1,20.0,238,5.476463551931511,169,172,0.0,0.0,0.0,0.0,0.0,0.0
Rhyparochromidae,Dirt-colored Seed Bugs,Insecta,0,0.0,1,0.6931471805599453,1,1,0.0,0.0,0.0,0.0,0.0,0.0
Rhytidolomia,Unknown,Insecta,0,0.0,1,0.6931471805599453,1,1,0.0,0.0,0.0,0.0,0.0,0.0
Ribes viburnifolium,santa catalina island currant,Plantae,0,0.0,1,0.6931471805599453,1,1,0.0,0.0,0.0,0.0,0.0,0.0
Riccia,Crystalworts,Plantae,0,0.0,1,0.6931471805599453,1,1,0.0,0.0,0.0,0.0,0.0,0.0
Ricinus communis,castor bean,Plantae,0,0.0,76,4.343805421853684,61,67,0.0,0.0,0.0,0.0,0.0,0.0
Riparia riparia,Bank Swallow,Aves,0,0.0,1,0.6931471805599453,1,1,0.0,0.0,0.0,0.0,0.0,0.0
Rissa tridactyla,Black-legged Kittiwake,Aves,0,0.0,1,0.6931471805599453,1,1,0.0,0.0,0.0,0.0,0.0,0.0
Roccella,Litmus Lichens,Fungi,0,0.0,1,0.6931471805599453,1,1,0.0,0.0,0.0,0.0,0.0,0.0
Rodentia,Rodents,Mammalia,0,0.0,6,1.9459101490553132,4,6,0.0,0.0,0.0,0.0,0.0,0.0
Romaleon antennarium,Pacific Rock Crab,Animalia,0,0.0,14,2.70805020110221,11,12,0.0,0.0,0.0,0.0,0.0,0.0
Romneya,Matilija poppies,Plantae,0,0.0,16,2.833213344056216,13,14,0.0,0.0,0.0,0.0,0.0,0.0
Romneya coulteri,Coulter's matilija poppy,Plantae,0,0.0,23,3.1780538303479458,19,23,0.0,0.0,0.0,0.0,0.0,0.0
Romneya trichocalyx,Hairy Matilija Poppy,Plantae,0,0.0,28,3.367295829986474,26,25,0.0,0.0,0.0,0.0,0.0,0.0
Rosa,roses,Plantae,0,0.0,16,2.833213344056216,7,15,0.0,0.0,0.0,0.0,0.0,0.0
Rosa californica,California Wild Rose,Plantae,0,0.0,100,4.61512051684126,74,82,0.0,0.0,0.0,0.0,0.0,0.0
Rubus leucodermis,whitebark raspberry,Plantae,0,0.0,1,0.6931471805599453,1,1,0.0,0.0,0.0,0.0,0.0,0.0
Rubus ursinus,trailing blackberry,Plantae,0,0.0,4,1.6094379124341003,4,4,0.0,0.0,0.0,0.0,0.0,0.0
Ruditapes philippinarum,Japanese Littleneck,Mollusca,1,1.0,9,2.302585092994046,6,8,0.0,0.0,0.0,0.0,0.0,0.0
Rumex,docks and sorrels,Plantae,1,1.0,26,3.295836866004329,18,25,0.0,0.0,0.0,0.0,0.0,0.0
Rumex crispus,curled dock,Plantae,0,0.0,59,4.0943445622221,30,49,0.0,0.0,0.0,0.0,0.0,0.0
Rumex hymenosepalus,Canaigre Dock,Plantae,0,0.0,2,1.0986122886681098,2,2,0.0,0.0,0.0,0.0,0.0,0.0
Rumex pulcher,fiddle dock,Plantae,0,0.0,2,1.0986122886681098,2,2,0.0,0.0,0.0,0.0,0.0,0.0
Rumex salicifolius,willow dock,Plantae,0,0.0,8,2.1972245773362196,7,8,0.0,0.0,0.0,0.0,0.0,0.0
Rumex spinosus,Devil's Thorn,Plantae,1,18.0,58,4.07753744390572,8,44,0.0,0.0,0.0,0.0,0.0,0.0
Rumina decollata,Decollate Snail,Mollusca,1,2.0,6,1.9459101490553132,5,6,0.0,0.0,0.0,0.0,0.0,0.0
Ruschieae,Brightfig Tribe,Plantae,1,1.0,1,0.6931471805599453,1,1,0.0,0.0,0.0,0.0,0.0,0.0
Russula cremoricolor,Winter Russula,Fungi,0,0.0,1,0.6931471805599453,1,1,0.0,0.0,0.0,0.0,0.0,0.0
Rynchops niger,Black Skimmer,Aves,1,11.0,41,3.7376696182833684,18,34,0.0,0.0,0.0,0.0,0.0,0.0
Sabiniana,Unknown,Plantae,0,0.0,1,0.6931471805599453,1,1,0.0,0.0,0.0,0.0,0.0,0.0
Sairocarpus,Unknown,Plantae,0,0.0,23,3.1780538303479458,8,21,0.0,0.0,0.0,0.0,0.0,0.0
Sairocarpus nuttallianus,Nuttall's Snapdragon,Plantae,0,0.0,13,2.6390573296152584,5,12,0.0,0.0,0.0,0.0,0.0,0.0
Sairocarpus pusillus,lesser snapdragon,Plantae,0,0.0,38,3.6635616461296463,22,31,0.0,0.0,0.0,0.0,0.0,0.0
Saldula,Unknown,Insecta,1,2.0,1,0.6931471805599453,1,1,0.0,0.0,0.0,0.0,0.0,0.0
Salicaceae,willow family,Plantae,0,0.0,3,1.3862943611198906,2,2,0.0,0.0,0.0,0.0,0.0,0.0
Salicornia,pickleweeds,Plantae,1,13.0,29,3.4011973816621555,23,25,0.0,0.0,0.0,0.0,0.0,0.0
Salicornia bigelovii,Dwarf Glasswort,Plantae,1,18.0,6,1.9459101490553132,4,6,0.0,0.0,0.0,0.0,0.0,0.0
Salicornia depressa,Virginia Glasswort,Plantae,0,0.0,1,0.6931471805599453,1,1,0.0,0.0,0.0,0.0,0.0,0.0
Salicornia pacifica,Pacific Glasswort,Plantae,1,38.0,111,4.718498871295094,62,93,0.0,0.0,0.0,0.0,0.0,0.0
Salicornia rubra,red glasswort,Plantae,0,0.0,8,2.1972245773362196,1,6,0.0,0.0,0.0,0.0,0.0,0.0
Salicornieae,Unknown,Plantae,1,5.0,42,3.7612001156935624,33,38,0.0,0.0,0.0,0.0,0.0,0.0
Salix,Willows,Plantae,0,0.0,18,2.9444389791664403,17,17,0.0,0.0,0.0,0.0,0.0,0.0
Salix exigua,Narrowleaf Willow,Plantae,0,0.0,67,4.219507705176107,49,63,0.0,0.0,0.0,0.0,0.0,0.0
Salix exigua hindsiana,hinds' willow,Plantae,0,0.0,1,0.6931471805599453,1,1,0.0,0.0,0.0,0.0,0.0,0.0
Salix exigua sericans,sandbar willow,Plantae,0,0.0,1,0.6931471805599453,1,1,0.0,0.0,0.0,0.0,0.0,0.0
Salix gooddingii,Goodding's willow,Plantae,0,0.0,28,3.367295829986474,14,23,0.0,0.0,0.0,0.0,0.0,0.0
Salix laevigata,red willow,Plantae,1,1.0,5,1.791759469228055,5,5,0.0,0.0,0.0,0.0,0.0,0.0
Salix lasiolepis,Arroyo Willow,Plantae,0,0.0,66,4.204692619390966,51,56,0.0,0.0,0.0,0.0,0.0,0.0
Salpa fusiformis,Common Salp,Animalia,0,0.0,1,0.6931471805599453,1,1,0.0,0.0,0.0,0.0,0.0,0.0
Salpidae,Salps,Animalia,0,0.0,2,1.0986122886681098,2,2,0.0,0.0,0.0,0.0,0.0,0.0
Salsina,Unknown,Plantae,0,0.0,1,0.6931471805599453,1,1,0.0,0.0,0.0,0.0,0.0,0.0
Salsola,Russian Thistles,Plantae,1,5.0,12,2.5649493574615367,12,12,0.0,0.0,0.0,0.0,0.0,0.0
Salsola australis,Southern Russian Thistle,Plantae,1,1.0,24,3.2188758248682006,19,21,0.0,0.0,0.0,0.0,0.0,0.0
Salsola kali,saltwort,Plantae,0,0.0,2,1.0986122886681098,2,2,0.0,0.0,0.0,0.0,0.0,0.0
Salsola tragus,Prickly Russian Thistle,Plantae,1,3.0,16,2.833213344056216,12,15,0.0,0.0,0.0,0.0,0.0,0.0
Salticidae,Jumping Spiders,Arachnida,0,0.0,7,2.0794415416798357,5,7,0.0,0.0,0.0,0.0,0.0,0.0
Salvia,Sages,Plantae,0,0.0,12,2.5649493574615367,12,11,0.0,0.0,0.0,0.0,0.0,0.0
Salvia apiana,white sage,Plantae,1,1.0,37,3.6375861597263857,31,28,0.0,0.0,0.0,0.0,0.0,0.0
Salvia clevelandii,Cleveland Sage,Plantae,0,0.0,6,1.9459101490553132,5,5,0.0,0.0,0.0,0.0,0.0,0.0
Salvia columbariae,Chia,Plantae,0,0.0,3,1.3862943611198906,3,2,0.0,0.0,0.0,0.0,0.0,0.0
Salvia mellifera,black sage,Plantae,1,1.0,58,4.07753744390572,47,43,0.0,0.0,0.0,0.0,0.0,0.0
Salvia spathacea,Hummingbird Sage,Plantae,0,0.0,25,3.258096538021482,21,23,0.0,0.0,0.0,0.0,0.0,0.0
Sambucus cerulea,blue elder,Plantae,1,7.0,80,4.394449154672439,58,70,0.0,0.0,0.0,0.0,0.0,0.0
Sambucus nigra,Unknown,Plantae,0,0.0,1,0.6931471805599453,1,1,0.0,0.0,0.0,0.0,0.0,0.0
Sarcodiotheca,Unknown,Plantae,0,0.0,3,1.3862943611198906,2,2,0.0,0.0,0.0,0.0,0.0,0.0
Sarcodiotheca gaudichaudii,succulent seaweed,Plantae,0,0.0,4,1.6094379124341003,4,4,0.0,0.0,0.0,0.0,0.0,0.0
Sarcophaga,Common Flesh Flies,Insecta,0,0.0,8,2.1972245773362196,8,7,0.0,0.0,0.0,0.0,0.0,0.0
Sarcophagidae,Flesh Flies and Satellite Flies,Insecta,0,0.0,2,1.0986122886681098,2,2,0.0,0.0,0.0,0.0,0.0,0.0
Sardinops sagax,Pacific Sardine,Actinopterygii,0,0.0,8,2.1972245773362196,7,5,0.0,0.0,0.0,0.0,0.0,0.0
Sargassaceae,Sargassum and Allies,Chromista,0,0.0,1,0.6931471805599453,1,1,0.0,0.0,0.0,0.0,0.0,0.0
Sargassum,Sargassum,Chromista,0,0.0,1,0.6931471805599453,1,1,0.0,0.0,0.0,0.0,0.0,0.0
Sargassum horneri,Devil weed,Chromista,0,0.0,8,2.1972245773362196,7,6,0.0,0.0,0.0,0.0,0.0,0.0
Sargassum muticum,Japanese Wireweed,Chromista,1,6.0,22,3.1354942159291497,10,18,0.0,0.0,0.0,0.0,0.0,0.0
Sarsostraca,Fairy Shrimps,Animalia,0,0.0,1,0.6931471805599453,1,1,0.0,0.0,0.0,0.0,0.0,0.0
Sassacus,Leaf-beetle Jumping Spiders,Arachnida,0,0.0,1,0.6931471805599453,1,1,0.0,0.0,0.0,0.0,0.0,0.0
Sassacus vitis,Buttonhook Leafbeetle Jumping Spider,Arachnida,1,3.0,13,2.6390573296152584,10,11,0.0,0.0,0.0,0.0,0.0,0.0
Satyrium sylvinus,Sylvan Hairstreak,Insecta,0,0.0,8,2.1972245773362196,6,6,0.0,0.0,0.0,0.0,0.0,0.0
Sauria,Lizards,Reptilia,0,0.0,4,1.6094379124341003,3,4,0.0,0.0,0.0,0.0,0.0,0.0
Saxidomus,Unknown,Mollusca,0,0.0,1,0.6931471805599453,1,1,0.0,0.0,0.0,0.0,0.0,0.0
Saxidomus nuttalli,California Butterclam,Mollusca,0,0.0,16,2.833213344056216,7,12,0.0,0.0,0.0,0.0,0.0,0.0
Sayornis nigricans,Black Phoebe,Aves,1,12.0,190,5.25227342804663,71,159,0.0,0.0,0.0,0.0,0.0,0.0
Sayornis saya,Say's Phoebe,Aves,1,25.0,358,5.883322388488279,95,269,0.0,0.0,0.0,0.0,0.0,0.0
Scaeva affinis,White-bowed Smoothwing,Insecta,0,0.0,2,1.0986122886681098,2,2,0.0,0.0,0.0,0.0,0.0,0.0
Scantius aegyptius,Mediterranean red bug,Insecta,0,0.0,2,1.0986122886681098,2,2,0.0,0.0,0.0,0.0,0.0,0.0
Scapanus,Western Moles,Mammalia,0,0.0,1,0.6931471805599453,1,1,0.0,0.0,0.0,0.0,0.0,0.0
Scaphopoda,Tusk Shells,Mollusca,0,0.0,1,0.6931471805599453,1,1,0.0,0.0,0.0,0.0,0.0,0.0
Scarabaeidae,Scarabs,Insecta,0,0.0,1,0.6931471805599453,1,1,0.0,0.0,0.0,0.0,0.0,0.0
Scatopse,Unknown,Insecta,0,0.0,1,0.6931471805599453,1,1,0.0,0.0,0.0,0.0,0.0,0.0
Scatopsidae,Minute Black Scavenger Flies,Insecta,0,0.0,2,1.0986122886681098,2,2,0.0,0.0,0.0,0.0,0.0,0.0
Sceliphrini,Mud-dauber Wasps,Insecta,0,0.0,1,0.6931471805599453,1,1,0.0,0.0,0.0,0.0,0.0,0.0
Sceliphron,Black-and-yellow Mud-dauber Wasps,Insecta,0,0.0,1,0.6931471805599453,1,1,0.0,0.0,0.0,0.0,0.0,0.0
Sceliphron caementarium,Yellow-legged Mud-dauber Wasp,Insecta,0,0.0,22,3.1354942159291497,17,21,0.0,0.0,0.0,0.0,0.0,0.0
Sceloporus occidentalis,Western Fence Lizard,Reptilia,1,11.0,274,5.616771097666572,119,207,0.0,0.0,0.0,0.0,0.0,0.0
Sceloporus occidentalis longipes,Great Basin Fence Lizard,Reptilia,0,0.0,42,3.7612001156935624,19,34,0.0,0.0,0.0,0.0,0.0,0.0
Schinus molle,Peruvian Pepper Tree,Plantae,0,0.0,6,1.9459101490553132,6,5,0.0,0.0,0.0,0.0,0.0,0.0
Schinus terebinthifolia,Brazilian pepper,Plantae,1,2.0,23,3.1780538303479458,19,23,0.0,0.0,0.0,0.0,0.0,0.0
Schismus barbatus,common Mediterranean grass,Plantae,0,0.0,9,2.302585092994046,6,8,0.0,0.0,0.0,0.0,0.0,0.0
Schistocerca,Bird Grasshoppers,Insecta,0,0.0,1,0.6931471805599453,1,1,0.0,0.0,0.0,0.0,0.0,0.0
Schistocerca nitens,Gray Bird Grasshopper,Insecta,1,2.0,24,3.2188758248682006,19,22,0.0,0.0,0.0,0.0,0.0,0.0
Schizocosa,Brush-legged Spiders,Arachnida,0,0.0,3,1.3862943611198906,3,3,0.0,0.0,0.0,0.0,0.0,0.0
Schizocosa mccooki,McCook's Split Wolf Spider,Arachnida,0,0.0,5,1.791759469228055,3,5,0.0,0.0,0.0,0.0,0.0,0.0
Schizophora,Schizophoran Flies,Insecta,0,0.0,6,1.9459101490553132,5,6,0.0,0.0,0.0,0.0,0.0,0.0
Schoenoplectus,Schoenoplectus Bulrushes,Plantae,0,0.0,9,2.302585092994046,9,9,0.0,0.0,0.0,0.0,0.0,0.0
Schoenoplectus acutus,hardstem bulrush,Plantae,0,0.0,1,0.6931471805599453,1,1,0.0,0.0,0.0,0.0,0.0,0.0
Schoenoplectus acutus occidentalis,common tule,Plantae,0,0.0,1,0.6931471805599453,1,1,0.0,0.0,0.0,0.0,0.0,0.0
Schoenoplectus californicus,California bulrush,Plantae,0,0.0,39,3.6888794541139363,28,36,0.0,0.0,0.0,0.0,0.0,0.0
Schoenoplectus tabernaemontani,soft-stemmed bulrush,Plantae,0,0.0,1,0.6931471805599453,1,1,0.0,0.0,0.0,0.0,0.0,0.0
Sciaroidea,Fungus Gnats and Gall Midges,Insecta,0,0.0,1,0.6931471805599453,1,1,0.0,0.0,0.0,0.0,0.0,0.0
Sciomyzoidea,"Kelp, Marsh, Thick-headed Flies and Allies",Insecta,0,0.0,1,0.6931471805599453,1,1,0.0,0.0,0.0,0.0,0.0,0.0
Sciuridae,Squirrels,Mammalia,0,0.0,1,0.6931471805599453,1,1,0.0,0.0,0.0,0.0,0.0,0.0
Scolopacidae,Sandpipers and Allies,Aves,1,2.0,17,2.8903717578961645,11,16,0.0,0.0,0.0,0.0,0.0,0.0
Scolopendra polymorpha,Common Desert Centipede,Animalia,0,0.0,4,1.6094379124341003,4,4,0.0,0.0,0.0,0.0,0.0,0.0
Scomber japonicus,Pacific Chub Mackerel,Actinopterygii,1,1.0,1,0.6931471805599453,1,1,0.0,0.0,0.0,0.0,0.0,0.0
Scombriformes,"Mackerels, Tunas, Butterfishes, and Allies",Actinopterygii,0,0.0,1,0.6931471805599453,1,1,0.0,0.0,0.0,0.0,0.0,0.0
Scudderia,Scudder's Bush Katydids,Insecta,0,0.0,2,1.0986122886681098,2,2,0.0,0.0,0.0,0.0,0.0,0.0
Scudderia mexicana,Mexican Bush Katydid,Insecta,1,1.0,4,1.6094379124341003,4,3,0.0,0.0,0.0,0.0,0.0,0.0
Scyphozoa,True Jellies,Animalia,0,0.0,2,1.0986122886681098,2,2,0.0,0.0,0.0,0.0,0.0,0.0
Scythris ypsilon,Unknown,Insecta,0,0.0,1,0.6931471805599453,1,1,0.0,0.0,0.0,0.0,0.0,0.0
Selaginella bigelovii,Bigelow's Spikemoss,Plantae,0,0.0,1,0.6931471805599453,1,1,0.0,0.0,0.0,0.0,0.0,0.0
Selaginella cinerascens,Ashy Spikemoss,Plantae,0,0.0,9,2.302585092994046,6,6,0.0,0.0,0.0,0.0,0.0,0.0
Selasphorus,"Rufous, Allen's, and Allied Hummingbirds",Aves,1,3.0,40,3.713572066704308,23,36,0.0,0.0,0.0,0.0,0.0,0.0
Selasphorus calliope,Calliope Hummingbird,Aves,0,0.0,2,1.0986122886681098,2,2,0.0,0.0,0.0,0.0,0.0,0.0
Selasphorus rufus,Rufous Hummingbird,Aves,0,0.0,1,0.6931471805599453,1,1,0.0,0.0,0.0,0.0,0.0,0.0
Selasphorus sasin,Allen's Hummingbird,Aves,1,26.0,188,5.241747015059643,81,146,0.0,0.0,0.0,0.0,0.0,0.0
Selasphorus sasin sedentarius,Nonmigratory Allen's Hummingbird,Aves,0,0.0,1,0.6931471805599453,1,1,0.0,0.0,0.0,0.0,0.0,0.0
Semele decisa,Clipped Semele,Mollusca,0,0.0,4,1.6094379124341003,2,4,0.0,0.0,0.0,0.0,0.0,0.0
Senecio vulgaris,common groundsel,Plantae,1,1.0,14,2.70805020110221,6,13,0.0,0.0,0.0,0.0,0.0,0.0
Sericoderus,Unknown,Insecta,0,0.0,1,0.6931471805599453,1,1,0.0,0.0,0.0,0.0,0.0,0.0
Serpentes,Snakes,Reptilia,0,0.0,4,1.6094379124341003,2,3,0.0,0.0,0.0,0.0,0.0,0.0
Serpulidae,Serpulid Tubeworms,Animalia,0,0.0,2,1.0986122886681098,2,2,0.0,0.0,0.0,0.0,0.0,0.0
Setaria,foxtails and bristlegrasses,Plantae,0,0.0,2,1.0986122886681098,2,2,0.0,0.0,0.0,0.0,0.0,0.0
Setaria adhaerens,bur bristle grass,Plantae,0,0.0,2,1.0986122886681098,2,2,0.0,0.0,0.0,0.0,0.0,0.0
Setophaga aestiva,Northern Yellow Warbler,Aves,0,0.0,11,2.4849066497880004,7,8,0.0,0.0,0.0,0.0,0.0,0.0
Setophaga coronata,Yellow-rumped Warbler,Aves,1,5.0,123,4.820281565605037,39,98,0.0,0.0,0.0,0.0,0.0,0.0
Setophaga coronata auduboni,Audubon's Warbler,Aves,0,0.0,7,2.0794415416798357,4,7,0.0,0.0,0.0,0.0,0.0,0.0
Setophaga coronata coronata,Myrtle Warbler,Aves,0,0.0,2,1.0986122886681098,1,2,0.0,0.0,0.0,0.0,0.0,0.0
Setophaga nigrescens,Black-throated Gray Warbler,Aves,0,0.0,1,0.6931471805599453,1,1,0.0,0.0,0.0,0.0,0.0,0.0
Setophaga palmarum,Palm Warbler,Aves,0,0.0,2,1.0986122886681098,2,2,0.0,0.0,0.0,0.0,0.0,0.0
Setophaga palmarum palmarum,Western Palm Warbler,Aves,0,0.0,1,0.6931471805599453,1,1,0.0,0.0,0.0,0.0,0.0,0.0
Setophaga townsendi,Townsend's Warbler,Aves,0,0.0,5,1.791759469228055,5,5,0.0,0.0,0.0,0.0,0.0,0.0
Sialia currucoides,Mountain Bluebird,Aves,0,0.0,1,0.6931471805599453,1,1,0.0,0.0,0.0,0.0,0.0,0.0
Sialia mexicana,Western Bluebird,Aves,0,0.0,1,0.6931471805599453,1,1,0.0,0.0,0.0,0.0,0.0,0.0
Sidalcea,Checkerblooms,Plantae,0,0.0,1,0.6931471805599453,1,1,0.0,0.0,0.0,0.0,0.0,0.0
Silene antirrhina,sleepy catchfly,Plantae,0,0.0,1,0.6931471805599453,1,1,0.0,0.0,0.0,0.0,0.0,0.0
Silene gallica,Small-flowered Catchfly,Plantae,0,0.0,8,2.1972245773362196,5,8,0.0,0.0,0.0,0.0,0.0,0.0
Silybum marianum,milk thistle,Plantae,0,0.0,3,1.3862943611198906,3,3,0.0,0.0,0.0,0.0,0.0,0.0
Simmondsia chinensis,jojoba,Plantae,0,0.0,64,4.174387269895637,43,54,0.0,0.0,0.0,0.0,0.0,0.0
Sinea,Unknown,Insecta,0,0.0,1,0.6931471805599453,1,1,0.0,0.0,0.0,0.0,0.0,0.0
Sinum scopulosum,Western Baby's Ear,Mollusca,0,0.0,1,0.6931471805599453,1,1,0.0,0.0,0.0,0.0,0.0,0.0
Siphanta acuta,Torpedo Bug,Insecta,0,0.0,2,1.0986122886681098,2,2,0.0,0.0,0.0,0.0,0.0,0.0
Sirex areolatus,Unknown,Insecta,0,0.0,1,0.6931471805599453,1,1,0.0,0.0,0.0,0.0,0.0,0.0
Sisymbrium,Hedgemustards,Plantae,0,0.0,1,0.6931471805599453,1,1,0.0,0.0,0.0,0.0,0.0,0.0
Sisymbrium irio,London rocket,Plantae,1,1.0,6,1.9459101490553132,4,5,0.0,0.0,0.0,0.0,0.0,0.0
Sisymbrium orientale,eastern rocket,Plantae,0,0.0,2,1.0986122886681098,2,2,0.0,0.0,0.0,0.0,0.0,0.0
Sisyrinchium bellum,western blue-eyed grass,Plantae,1,1.0,3,1.3862943611198906,3,3,0.0,0.0,0.0,0.0,0.0,0.0
Sitta carolinensis,White-breasted Nuthatch,Aves,0,0.0,1,0.6931471805599453,1,1,0.0,0.0,0.0,0.0,0.0,0.0
Smerinthus ophthalmica,Western Eyed Sphinx,Insecta,0,0.0,3,1.3862943611198906,3,2,0.0,0.0,0.0,0.0,0.0,0.0
Solanaceae,nightshade family,Plantae,0,0.0,1,0.6931471805599453,1,1,0.0,0.0,0.0,0.0,0.0,0.0
Solanum,nightshades,Plantae,0,0.0,15,2.772588722239781,14,12,0.0,0.0,0.0,0.0,0.0,0.0
Solanum americanum,American black nightshade,Plantae,0,0.0,3,1.3862943611198906,3,3,0.0,0.0,0.0,0.0,0.0,0.0
Solanum douglasii,greenspot nightshade,Plantae,0,0.0,22,3.1354942159291497,19,14,0.0,0.0,0.0,0.0,0.0,0.0
Solanum lycopersicum,tomato,Plantae,0,0.0,8,2.1972245773362196,8,8,0.0,0.0,0.0,0.0,0.0,0.0
Solanum lycopersicum cerasiforme,cherry tomato,Plantae,0,0.0,1,0.6931471805599453,1,1,0.0,0.0,0.0,0.0,0.0,0.0
Solanum nigrum,Black Nightshade Complex,Plantae,1,11.0,17,2.8903717578961645,10,16,0.0,0.0,0.0,0.0,0.0,0.0
Solanum parishii,Parish's nightshade,Plantae,0,0.0,50,3.9318256327243257,30,48,0.0,0.0,0.0,0.0,0.0,0.0
Solanum umbelliferum,bluewitch nightshade,Plantae,0,0.0,19,2.995732273553991,16,19,0.0,0.0,0.0,0.0,0.0,0.0
Solanum xanti,purple nightshade,Plantae,0,0.0,8,2.1972245773362196,6,8,0.0,0.0,0.0,0.0,0.0,0.0
Solenopsis geminata,Geminata-group Fire Ants,Insecta,0,0.0,1,0.6931471805599453,1,1,0.0,0.0,0.0,0.0,0.0,0.0
Solenopsis xyloni,Southern Fire Ant,Insecta,1,1.0,12,2.5649493574615367,9,12,0.0,0.0,0.0,0.0,0.0,0.0
Solidago velutina,velvety goldenrod,Plantae,0,0.0,1,0.6931471805599453,1,1,0.0,0.0,0.0,0.0,0.0,0.0
Solieriaceae,Unknown,Plantae,0,0.0,1,0.6931471805599453,1,1,0.0,0.0,0.0,0.0,0.0,0.0
Solifugae,Solifuges,Arachnida,0,0.0,2,1.0986122886681098,1,1,0.0,0.0,0.0,0.0,0.0,0.0
Sonchus,sow thistles,Plantae,1,2.0,7,2.0794415416798357,7,7,0.0,0.0,0.0,0.0,0.0,0.0
Sonchus asper,prickly sowthistle,Plantae,1,4.0,26,3.295836866004329,18,22,0.0,0.0,0.0,0.0,0.0,0.0
Sonchus oleraceus,Common Sow-thistle,Plantae,1,6.0,40,3.713572066704308,33,27,0.0,0.0,0.0,0.0,0.0,0.0
Sorex ornatus,Ornate Shrew,Mammalia,0,0.0,1,0.6931471805599453,1,1,0.0,0.0,0.0,0.0,0.0,0.0
Soricidae,Shrews,Mammalia,0,0.0,1,0.6931471805599453,1,1,0.0,0.0,0.0,0.0,0.0,0.0
Sparassidae,Huntsman Spiders,Arachnida,0,0.0,5,1.791759469228055,5,5,0.0,0.0,0.0,0.0,0.0,0.0
Sparassinae,Unknown,Arachnida,0,0.0,2,1.0986122886681098,2,2,0.0,0.0,0.0,0.0,0.0,0.0
Spartina,cord-grasses,Plantae,1,7.0,2,1.0986122886681098,2,2,0.0,0.0,0.0,0.0,0.0,0.0
Spatula,Shovelers and Allies,Aves,0,0.0,6,1.9459101490553132,5,6,0.0,0.0,0.0,0.0,0.0,0.0
Spatula clypeata,Northern Shoveler,Aves,0,0.0,44,3.8066624897703196,18,42,0.0,0.0,0.0,0.0,0.0,0.0
Spatula cyanoptera,Cinnamon Teal,Aves,0,0.0,75,4.330733340286331,33,63,0.0,0.0,0.0,0.0,0.0,0.0
Spatula discors,Blue-winged Teal,Aves,1,1.0,88,4.48863636973214,36,70,0.0,0.0,0.0,0.0,0.0,0.0
Spea,Western Spadefoots,Amphibia,0,0.0,1,0.6931471805599453,1,1,0.0,0.0,0.0,0.0,0.0,0.0
Spergula arvensis,Corn spurrey,Plantae,0,0.0,1,0.6931471805599453,1,1,0.0,0.0,0.0,0.0,0.0,0.0
Spergularia,Sand-Spurries,Plantae,1,2.0,14,2.70805020110221,10,13,0.0,0.0,0.0,0.0,0.0,0.0
Spergularia bocconei,Greek Sea-spurrey,Plantae,0,0.0,1,0.6931471805599453,1,1,0.0,0.0,0.0,0.0,0.0,0.0
Spergularia macrotheca,Sticky Sand-Spurrey,Plantae,1,1.0,33,3.5263605246161616,11,31,0.0,0.0,0.0,0.0,0.0,0.0
Spergularia marina,Saltmarsh Sand Spurry,Plantae,1,1.0,11,2.4849066497880004,11,11,0.0,0.0,0.0,0.0,0.0,0.0
Spergularia rubra,Red Sand Spurrey,Plantae,0,0.0,3,1.3862943611198906,3,2,0.0,0.0,0.0,0.0,0.0,0.0
Sperguleae,Spurrey tribe,Plantae,0,0.0,1,0.6931471805599453,1,1,0.0,0.0,0.0,0.0,0.0,0.0
Sphaeralcea,globemallows,Plantae,0,0.0,3,1.3862943611198906,2,3,0.0,0.0,0.0,0.0,0.0,0.0
Sphaeralcea ambigua,apricot mallow,Plantae,0,0.0,5,1.791759469228055,5,5,0.0,0.0,0.0,0.0,0.0,0.0
Sphaeralcea hastulata,spear globemallow,Plantae,0,0.0,1,0.6931471805599453,1,1,0.0,0.0,0.0,0.0,0.0,0.0
Sphaerophoria,Globetails,Insecta,0,0.0,3,1.3862943611198906,2,3,0.0,0.0,0.0,0.0,0.0,0.0
Sphaerophoria contigua,Tufted Globetail,Insecta,0,0.0,9,2.302585092994046,3,7,0.0,0.0,0.0,0.0,0.0,0.0
Sphaerophoria sulphuripes,Forked Globetail,Insecta,0,0.0,2,1.0986122886681098,2,2,0.0,0.0,0.0,0.0,0.0,0.0
Sphaeropthalma,Unknown,Insecta,0,0.0,1,0.6931471805599453,1,1,0.0,0.0,0.0,0.0,0.0,0.0
Sphaeropthalma unicolor,Unknown,Insecta,0,0.0,3,1.3862943611198906,3,3,0.0,0.0,0.0,0.0,0.0,0.0
Sphaeropthalminae,Unknown,Insecta,0,0.0,6,1.9459101490553132,6,6,0.0,0.0,0.0,0.0,0.0,0.0
Sphaeropthalmini,Nocturnal velvet ants,Insecta,0,0.0,1,0.6931471805599453,1,1,0.0,0.0,0.0,0.0,0.0,0.0
Sphecidae,Thread-waisted Wasps,Insecta,0,0.0,1,0.6931471805599453,1,1,0.0,0.0,0.0,0.0,0.0,0.0
Sphecinae,Unknown,Insecta,0,0.0,2,1.0986122886681098,2,2,0.0,0.0,0.0,0.0,0.0,0.0
Sphecini,Unknown,Insecta,0,0.0,2,1.0986122886681098,2,2,0.0,0.0,0.0,0.0,0.0,0.0
Sphenophorus,Billbug Weevils,Insecta,0,0.0,2,1.0986122886681098,2,2,0.0,0.0,0.0,0.0,0.0,0.0
Sphenophorus aequalis,Clay-colored Billbug,Insecta,0,0.0,4,1.6094379124341003,2,3,0.0,0.0,0.0,0.0,0.0,0.0
Sphenophorus aequalis pictus,Unknown,Insecta,0,0.0,1,0.6931471805599453,1,1,0.0,0.0,0.0,0.0,0.0,0.0
Sphenophorus venatus,Hunting Billbug,Insecta,0,0.0,2,1.0986122886681098,2,1,0.0,0.0,0.0,0.0,0.0,0.0
Sphex,Unknown,Insecta,0,0.0,10,2.3978952727983707,3,7,0.0,0.0,0.0,0.0,0.0,0.0
Sphex dorsalis,Unknown,Insecta,0,0.0,5,1.791759469228055,5,5,0.0,0.0,0.0,0.0,0.0,0.0
Sphex ichneumoneus,Great Golden Digger Wasp,Insecta,0,0.0,30,3.4339872044851463,13,25,0.0,0.0,0.0,0.0,0.0,0.0
Sphex lucae,Unknown,Insecta,0,0.0,1,0.6931471805599453,1,1,0.0,0.0,0.0,0.0,0.0,0.0
Sphingidae,Sphinx Moths,Insecta,0,0.0,1,0.6931471805599453,1,1,0.0,0.0,0.0,0.0,0.0,0.0
Sphoeroides annulatus,Bullseye Puffer,Actinopterygii,0,0.0,1,0.6931471805599453,1,1,0.0,0.0,0.0,0.0,0.0,0.0
Spilosomina,Unknown,Insecta,0,0.0,2,1.0986122886681098,2,2,0.0,0.0,0.0,0.0,0.0,0.0
Spinus lawrencei,Lawrence's Goldfinch,Aves,0,0.0,1,0.6931471805599453,1,1,0.0,0.0,0.0,0.0,0.0,0.0
Spinus psaltria,Lesser Goldfinch,Aves,1,1.0,25,3.258096538021482,20,24,0.0,0.0,0.0,0.0,0.0,0.0
Spinus tristis,American Goldfinch,Aves,0,0.0,10,2.3978952727983707,9,9,0.0,0.0,0.0,0.0,0.0,0.0
Spionidae,Unknown,Animalia,0,0.0,1,0.6931471805599453,1,1,0.0,0.0,0.0,0.0,0.0,0.0
Spirobolidae,Spirobolid Millipedes,Animalia,0,0.0,1,0.6931471805599453,1,1,0.0,0.0,0.0,0.0,0.0,0.0
Spirobolidea,Unknown,Animalia,0,0.0,3,1.3862943611198906,3,3,0.0,0.0,0.0,0.0,0.0,0.0
Spirorbinae,Spiral Tube Worms,Animalia,0,0.0,1,0.6931471805599453,1,1,0.0,0.0,0.0,0.0,0.0,0.0
Spirorbis,Spiral Fanworms,Animalia,0,0.0,1,0.6931471805599453,1,1,0.0,0.0,0.0,0.0,0.0,0.0
Spissistilus nigricans,Unknown,Insecta,0,0.0,1,0.6931471805599453,1,1,0.0,0.0,0.0,0.0,0.0,0.0
Spizella passerina,Chipping Sparrow,Aves,0,0.0,2,1.0986122886681098,2,2,0.0,0.0,0.0,0.0,0.0,0.0
Spodoptera,Armyworm Moths,Insecta,0,0.0,1,0.6931471805599453,1,1,0.0,0.0,0.0,0.0,0.0,0.0
Sporobolus,"dropseeds, cordgrasses, and sandreeds",Plantae,0,0.0,7,2.0794415416798357,4,3,0.0,0.0,0.0,0.0,0.0,0.0
Sporobolus airoides,Alkali Sacaton,Plantae,0,0.0,2,1.0986122886681098,2,2,0.0,0.0,0.0,0.0,0.0,0.0
Sporobolus foliosus,California Cordgrass,Plantae,1,33.0,74,4.31748811353631,34,60,0.0,0.0,0.0,0.0,0.0,0.0
Sporophila torqueola,Cinnamon-rumped Seedeater,Aves,0,0.0,1,0.6931471805599453,1,1,0.0,0.0,0.0,0.0,0.0,0.0
Squalus suckleyi,North Pacific Spiny Dogfish,Animalia,0,0.0,3,1.3862943611198906,3,1,0.0,0.0,0.0,0.0,0.0,0.0
Squamata,Snakes and Lizards,Reptilia,0,0.0,2,1.0986122886681098,2,2,0.0,0.0,0.0,0.0,0.0,0.0
Stagmomantis,Unknown,Insecta,0,0.0,1,0.6931471805599453,1,1,0.0,0.0,0.0,0.0,0.0,0.0
Stagmomantis californica,California Mantis,Insecta,1,1.0,36,3.6109179126442243,29,35,0.0,0.0,0.0,0.0,0.0,0.0
Stagmomantis limbata,Arizona Mantis,Insecta,0,0.0,1,0.6931471805599453,1,1,0.0,0.0,0.0,0.0,0.0,0.0
Staphylinidae,Rove Beetles,Insecta,0,0.0,2,1.0986122886681098,2,2,0.0,0.0,0.0,0.0,0.0,0.0
Staphylinini,Unknown,Insecta,0,0.0,1,0.6931471805599453,1,1,0.0,0.0,0.0,0.0,0.0,0.0
Stator limbatus,Unknown,Insecta,0,0.0,1,0.6931471805599453,1,1,0.0,0.0,0.0,0.0,0.0,0.0
Steatoda,False Widow Spiders,Arachnida,0,0.0,1,0.6931471805599453,1,1,0.0,0.0,0.0,0.0,0.0,0.0
Steatoda grossa,False Black Widow,Arachnida,1,1.0,4,1.6094379124341003,4,4,0.0,0.0,0.0,0.0,0.0,0.0
Steatoda nobilis,Noble False Widow,Arachnida,1,4.0,7,2.0794415416798357,6,7,0.0,0.0,0.0,0.0,0.0,0.0
Stegea salutalis,Unknown,Insecta,0,0.0,4,1.6094379124341003,3,2,0.0,0.0,0.0,0.0,0.0,0.0
Stelgidopteryx serripennis,Northern Rough-winged Swallow,Aves,1,1.0,3,1.3862943611198906,3,3,0.0,0.0,0.0,0.0,0.0,0.0
Stellaria media,common chickweed,Plantae,0,0.0,3,1.3862943611198906,3,2,0.0,0.0,0.0,0.0,0.0,0.0
Stenodynerus,Unknown,Insecta,0,0.0,1,0.6931471805599453,1,1,0.0,0.0,0.0,0.0,0.0,0.0
Stenolemoides arizonensis,Unknown,Insecta,0,0.0,1,0.6931471805599453,1,1,0.0,0.0,0.0,0.0,0.0,0.0
Stenomorpha angulata,Unknown,Insecta,0,0.0,13,2.6390573296152584,9,11,0.0,0.0,0.0,0.0,0.0,0.0
Stenopelmatidae,Jerusalem Crickets,Insecta,0,0.0,1,0.6931471805599453,1,1,0.0,0.0,0.0,0.0,0.0,0.0
Stenopogonini,Unknown,Insecta,0,0.0,3,1.3862943611198906,3,3,0.0,0.0,0.0,0.0,0.0,0.0
Stephanocystis,Unknown,Chromista,0,0.0,9,2.302585092994046,5,9,0.0,0.0,0.0,0.0,0.0,0.0
Stephanocystis dioica,Unknown,Chromista,0,0.0,20,3.044522437723423,8,18,0.0,0.0,0.0,0.0,0.0,0.0
Stephanocystis osmundacea,chain bladder kelp,Chromista,0,0.0,20,3.044522437723423,11,19,0.0,0.0,0.0,0.0,0.0,0.0
Stephanomeria,Wirelettuces,Plantae,0,0.0,18,2.9444389791664403,11,15,0.0,0.0,0.0,0.0,0.0,0.0
Stephanomeria diegensis,San Diego Wirelettuce,Plantae,0,0.0,44,3.8066624897703196,32,39,0.0,0.0,0.0,0.0,0.0,0.0
Stephanomeria exigua,Small Wirelettuce,Plantae,0,0.0,1,0.6931471805599453,1,1,0.0,0.0,0.0,0.0,0.0,0.0
Stephanomeria virgata,rod wirelettuce,Plantae,0,0.0,3,1.3862943611198906,3,3,0.0,0.0,0.0,0.0,0.0,0.0
Stercorarius parasiticus,Parasitic Jaeger,Aves,0,0.0,4,1.6094379124341003,2,3,0.0,0.0,0.0,0.0,0.0,0.0
Stereum,Unknown,Fungi,0,0.0,1,0.6931471805599453,1,1,0.0,0.0,0.0,0.0,0.0,0.0
Sterna,Typical Terns,Aves,0,0.0,9,2.302585092994046,5,9,0.0,0.0,0.0,0.0,0.0,0.0
Sterna forsteri,Forster's Tern,Aves,1,2.0,110,4.709530201312334,48,83,0.0,0.0,0.0,0.0,0.0,0.0
Sterna hirundo,Common Tern,Aves,0,0.0,7,2.0794415416798357,5,6,0.0,0.0,0.0,0.0,0.0,0.0
Sterninae,True Terns,Aves,1,2.0,28,3.367295829986474,11,24,0.0,0.0,0.0,0.0,0.0,0.0
Stibia,Unknown,Insecta,0,0.0,2,1.0986122886681098,2,2,0.0,0.0,0.0,0.0,0.0,0.0
Stichopogon,Unknown,Insecta,0,0.0,6,1.9459101490553132,4,5,0.0,0.0,0.0,0.0,0.0,0.0
Stichopogon coquillettii,Unknown,Insecta,0,0.0,32,3.4965075614664802,18,26,0.0,0.0,0.0,0.0,0.0,0.0
Stichopogon trifasciatus,Three-banded Robber Fly,Insecta,0,0.0,1,0.6931471805599453,1,1,0.0,0.0,0.0,0.0,0.0,0.0
Stigmella,Unknown,Insecta,0,0.0,1,0.6931471805599453,1,1,0.0,0.0,0.0,0.0,0.0,0.0
Stratiomyidae,Soldier Flies,Insecta,0,0.0,1,0.6931471805599453,1,1,0.0,0.0,0.0,0.0,0.0,0.0
Stratiomyinae,Unknown,Insecta,0,0.0,1,0.6931471805599453,1,1,0.0,0.0,0.0,0.0,0.0,0.0
Streptopelia decaocto,Eurasian Collared-Dove,Aves,0,0.0,12,2.5649493574615367,8,12,0.0,0.0,0.0,0.0,0.0,0.0
Strigamia,Unknown,Animalia,0,0.0,1,0.6931471805599453,1,1,0.0,0.0,0.0,0.0,0.0,0.0
Strigiformes,Owls,Aves,0,0.0,3,1.3862943611198906,3,3,0.0,0.0,0.0,0.0,0.0,0.0
Strongylocentrotus,Unknown,Animalia,0,0.0,1,0.6931471805599453,1,1,0.0,0.0,0.0,0.0,0.0,0.0
Strongylocentrotus purpuratus,Pacific Purple Sea Urchin,Animalia,1,1.0,6,1.9459101490553132,4,6,0.0,0.0,0.0,0.0,0.0,0.0
Strymon melinus,Gray Hairstreak,Insecta,0,0.0,36,3.6109179126442243,15,32,0.0,0.0,0.0,0.0,0.0,0.0
Sturnella neglecta,Western Meadowlark,Aves,1,2.0,144,4.976733742420574,60,128,0.0,0.0,0.0,0.0,0.0,0.0
Sturnus vulgaris,European Starling,Aves,1,3.0,26,3.295836866004329,12,24,0.0,0.0,0.0,0.0,0.0,0.0
Sturnus vulgaris vulgaris,European Common Starling,Aves,0,0.0,1,0.6931471805599453,1,1,0.0,0.0,0.0,0.0,0.0,0.0
Styela plicata,Pleated Sea Squirt,Animalia,0,0.0,1,0.6931471805599453,1,1,0.0,0.0,0.0,0.0,0.0,0.0
Styelidae,Unknown,Animalia,0,0.0,1,0.6931471805599453,1,1,0.0,0.0,0.0,0.0,0.0,0.0
Stylocline gnaphalioides,everlasting neststraw,Plantae,0,0.0,1,0.6931471805599453,1,1,0.0,0.0,0.0,0.0,0.0,0.0
Stylommatophora,Common Land Snails and Slugs,Mollusca,0,0.0,5,1.791759469228055,4,4,0.0,0.0,0.0,0.0,0.0,0.0
Suaeda,Seepweeds,Plantae,1,8.0,39,3.6888794541139363,30,34,0.0,0.0,0.0,0.0,0.0,0.0
Suaeda esteroa,Estuary Seablite,Plantae,1,45.0,29,3.4011973816621555,17,27,0.0,0.0,0.0,0.0,0.0,0.0
Suaeda maritima,Herbaceous Seepweed,Plantae,0,0.0,1,0.6931471805599453,1,1,0.0,0.0,0.0,0.0,0.0,0.0
Suaeda nigra,Mojave Seablite,Plantae,0,0.0,40,3.713572066704308,23,38,0.0,0.0,0.0,0.0,0.0,0.0
Suaeda taxifolia,Woolly Seablite,Plantae,1,9.0,45,3.828641396489095,24,41,0.0,0.0,0.0,0.0,0.0,0.0
Succineidae,Amber Snails,Mollusca,0,0.0,4,1.6094379124341003,4,4,0.0,0.0,0.0,0.0,0.0,0.0
Sula brewsteri,Cocos Booby,Aves,0,0.0,6,1.9459101490553132,5,5,0.0,0.0,0.0,0.0,0.0,0.0
Sula brewsteri brewsteri,Brewster's Booby,Aves,0,0.0,2,1.0986122886681098,2,1,0.0,0.0,0.0,0.0,0.0,0.0
Sula granti,Nazca Booby,Aves,0,0.0,1,0.6931471805599453,1,1,0.0,0.0,0.0,0.0,0.0,0.0
Suleima helianthana,Sunflower Bud Moth,Insecta,0,0.0,1,0.6931471805599453,1,1,0.0,0.0,0.0,0.0,0.0,0.0
Superstitionia donensis,Superstition Mountains Scorpion,Arachnida,0,0.0,1,0.6931471805599453,1,1,0.0,0.0,0.0,0.0,0.0,0.0
Swammerdamellini,Unknown,Insecta,0,0.0,1,0.6931471805599453,1,1,0.0,0.0,0.0,0.0,0.0,0.0
Sylvilagus,Cottontail Rabbits,Mammalia,0,0.0,29,3.4011973816621555,21,24,0.0,0.0,0.0,0.0,0.0,0.0
Sylvilagus audubonii,Desert Cottontail,Mammalia,1,5.0,430,6.066108090103747,133,323,0.0,0.0,0.0,0.0,0.0,0.0
Sylvilagus bachmani,Brush Rabbit,Mammalia,0,0.0,30,3.4339872044851463,13,25,0.0,0.0,0.0,0.0,0.0,0.0
Sylvilagus bachmani cinerascens,Unknown,Mammalia,0,0.0,1,0.6931471805599453,1,1,0.0,0.0,0.0,0.0,0.0,0.0
Sympetrum corruptum,Variegated Meadowhawk,Insecta,0,0.0,20,3.044522437723423,16,17,0.0,0.0,0.0,0.0,0.0,0.0
Symphurus atricauda,California Tonguefish,Actinopterygii,0,0.0,1,0.6931471805599453,1,1,0.0,0.0,0.0,0.0,0.0,0.0
Symphyotrichum subulatum,annual saltmarsh aster,Plantae,0,0.0,2,1.0986122886681098,2,2,0.0,0.0,0.0,0.0,0.0,0.0
Symphypleona,Globular Springtails,Animalia,0,0.0,1,0.6931471805599453,1,1,0.0,0.0,0.0,0.0,0.0,0.0
Symphyta,"Sawflies, Horntails, and Wood Wasps",Insecta,0,0.0,1,0.6931471805599453,1,1,0.0,0.0,0.0,0.0,0.0,0.0
Sympistis perscripta,Scribbled Sallow,Insecta,0,0.0,1,0.6931471805599453,1,1,0.0,0.0,0.0,0.0,0.0,0.0
Synanthedon bibionipennis,Strawberry Crown Moth,Insecta,0,0.0,1,0.6931471805599453,1,1,0.0,0.0,0.0,0.0,0.0,0.0
Synanthedon polygoni,Buckwheat Root Borer Moth,Insecta,0,0.0,2,1.0986122886681098,2,2,0.0,0.0,0.0,0.0,0.0,0.0
Synchlora faseolaria,Unknown,Insecta,0,0.0,3,1.3862943611198906,3,3,0.0,0.0,0.0,0.0,0.0,0.0
Syngnathus californiensis,Kelp Pipefish,Actinopterygii,0,0.0,2,1.0986122886681098,2,2,0.0,0.0,0.0,0.0,0.0,0.0
Syntrichia,Unknown,Plantae,0,0.0,1,0.6931471805599453,1,1,0.0,0.0,0.0,0.0,0.0,0.0
Syritta flaviventris,Peg-legged Compost Fly,Insecta,0,0.0,3,1.3862943611198906,3,2,0.0,0.0,0.0,0.0,0.0,0.0
Syritta pipiens,Thick-legged Hover Fly,Insecta,1,1.0,1,0.6931471805599453,1,1,0.0,0.0,0.0,0.0,0.0,0.0
Syrphidae,Hover Flies,Insecta,0,0.0,3,1.3862943611198906,3,3,0.0,0.0,0.0,0.0,0.0,0.0
Syrphini,Unknown,Insecta,0,0.0,2,1.0986122886681098,2,2,0.0,0.0,0.0,0.0,0.0,0.0
Tabanus,True Horse Flies,Insecta,0,0.0,1,0.6931471805599453,1,1,0.0,0.0,0.0,0.0,0.0,0.0
Tabanus punctifer,Western Black Horse Fly,Insecta,0,0.0,1,0.6931471805599453,1,1,0.0,0.0,0.0,0.0,0.0,0.0
Tachinidae,Tachinid Flies,Insecta,0,0.0,7,2.0794415416798357,7,7,0.0,0.0,0.0,0.0,0.0,0.0
Tachinini,Unknown,Insecta,0,0.0,1,0.6931471805599453,1,1,0.0,0.0,0.0,0.0,0.0,0.0
Tachycineta bicolor,Tree Swallow,Aves,0,0.0,13,2.6390573296152584,10,10,0.0,0.0,0.0,0.0,0.0,0.0
Tachypompilus unicolor,Western Red-tailed Spider Wasp,Insecta,1,1.0,1,0.6931471805599453,1,1,0.0,0.0,0.0,0.0,0.0,0.0
Tachyporus,Unknown,Insecta,0,0.0,1,0.6931471805599453,1,1,0.0,0.0,0.0,0.0,0.0,0.0
Tachysphex,Unknown,Insecta,0,0.0,2,1.0986122886681098,2,2,0.0,0.0,0.0,0.0,0.0,0.0
Tachytes,Unknown,Insecta,0,0.0,3,1.3862943611198906,3,3,0.0,0.0,0.0,0.0,0.0,0.0
Tagelus,Unknown,Mollusca,1,1.0,7,2.0794415416798357,7,7,0.0,0.0,0.0,0.0,0.0,0.0
Tagelus californianus,California Jackknife Clam,Mollusca,1,3.0,75,4.330733340286331,28,58,0.0,0.0,0.0,0.0,0.0,0.0
Tagelus subteres,Lesser Tagelus,Mollusca,0,0.0,3,1.3862943611198906,3,3,0.0,0.0,0.0,0.0,0.0,0.0
Taliepus nuttallii,Southern Kelp Crab,Animalia,0,0.0,16,2.833213344056216,11,12,0.0,0.0,0.0,0.0,0.0,0.0
Talitridae,Sandhoppers and Landhoppers,Animalia,0,0.0,3,1.3862943611198906,2,3,0.0,0.0,0.0,0.0,0.0,0.0
Talitroidea,Terrestrial Amphipods,Animalia,0,0.0,1,0.6931471805599453,1,1,0.0,0.0,0.0,0.0,0.0,0.0
Tamarix,Tamarisks,Plantae,0,0.0,22,3.1354942159291497,20,22,0.0,0.0,0.0,0.0,0.0,0.0
Tamarix aphylla,athel tamarisk,Plantae,0,0.0,4,1.6094379124341003,2,2,0.0,0.0,0.0,0.0,0.0,0.0
Tamarix chinensis,Unknown,Plantae,0,0.0,8,2.1972245773362196,5,7,0.0,0.0,0.0,0.0,0.0,0.0
Tamarix ramosissima,saltcedar,Plantae,0,0.0,21,3.091042453358316,17,19,0.0,0.0,0.0,0.0,0.0,0.0
Tanaemyrmex,Unknown,Insecta,0,0.0,7,2.0794415416798357,6,7,0.0,0.0,0.0,0.0,0.0,0.0
Tanaops longiceps,Unknown,Insecta,0,0.0,1,0.6931471805599453,1,1,0.0,0.0,0.0,0.0,0.0,0.0
Tanystoma maculicolle,Tule Beetle,Insecta,0,0.0,2,1.0986122886681098,2,2,0.0,0.0,0.0,0.0,0.0,0.0
Tapinoma,Unknown,Insecta,0,0.0,1,0.6931471805599453,1,1,0.0,0.0,0.0,0.0,0.0,0.0
Tapinoma sessile,Odorous House Ant,Insecta,0,0.0,3,1.3862943611198906,2,3,0.0,0.0,0.0,0.0,0.0,0.0
Taraxacum officinale,common dandelion,Plantae,0,0.0,1,0.6931471805599453,1,1,0.0,0.0,0.0,0.0,0.0,0.0
Taylorilygus,Unknown,Insecta,0,0.0,1,0.6931471805599453,1,1,0.0,0.0,0.0,0.0,0.0,0.0
Taylorilygus apicalis,Broken-backed Bug,Insecta,0,0.0,1,0.6931471805599453,1,1,0.0,0.0,0.0,0.0,0.0,0.0
Tebenna gnaphaliella,Everlasting Tebenna Moth,Insecta,0,0.0,2,1.0986122886681098,2,1,0.0,0.0,0.0,0.0,0.0,0.0
Tegula funebralis,Black Tegula,Mollusca,0,0.0,1,0.6931471805599453,1,1,0.0,0.0,0.0,0.0,0.0,0.0
Telenominae,Unknown,Insecta,0,0.0,2,1.0986122886681098,2,2,0.0,0.0,0.0,0.0,0.0,0.0
Tellinidae,Tellins and Allies,Mollusca,0,0.0,5,1.791759469228055,3,5,0.0,0.0,0.0,0.0,0.0,0.0
Tellinoidea,"Tellins, Sunset Clams, and Allies",Mollusca,0,0.0,2,1.0986122886681098,1,2,0.0,0.0,0.0,0.0,0.0,0.0
Teloschistales,Sunburst Lichens and Allies,Fungi,0,0.0,1,0.6931471805599453,1,1,0.0,0.0,0.0,0.0,0.0,0.0
Tenebrionidae,Darkling Beetles,Insecta,1,1.0,31,3.4657359027997265,17,24,0.0,0.0,0.0,0.0,0.0,0.0
Tenebrionoidea,Darkling Beetles and Allies,Insecta,0,0.0,2,1.0986122886681098,2,2,0.0,0.0,0.0,0.0,0.0,0.0
Tephritidae,Fruit Flies,Insecta,0,0.0,1,0.6931471805599453,1,1,0.0,0.0,0.0,0.0,0.0,0.0
Termitoidae,Termites,Insecta,0,0.0,2,1.0986122886681098,2,2,0.0,0.0,0.0,0.0,0.0,0.0
Terralonus californicus,Intertidal Jumping Spider,Arachnida,0,0.0,3,1.3862943611198906,2,2,0.0,0.0,0.0,0.0,0.0,0.0
Tetradymia comosa,Hairy Horsebrush,Plantae,0,0.0,1,0.6931471805599453,1,1,0.0,0.0,0.0,0.0,0.0,0.0
Tetragnatha,Unknown,Arachnida,1,3.0,5,1.791759469228055,3,5,0.0,0.0,0.0,0.0,0.0,0.0
Tetragonia,Seacorals,Plantae,0,0.0,1,0.6931471805599453,1,1,0.0,0.0,0.0,0.0,0.0,0.0
Tetragonia tetragonoides,New Zealand Spinach,Plantae,0,0.0,21,3.091042453358316,16,20,0.0,0.0,0.0,0.0,0.0,0.0
Tetropismenus hirtus,Unknown,Insecta,0,0.0,14,2.70805020110221,7,10,0.0,0.0,0.0,0.0,0.0,0.0
Thalasseus,Crested Terns,Aves,0,0.0,11,2.4849066497880004,6,10,0.0,0.0,0.0,0.0,0.0,0.0
Thalasseus elegans,Elegant Tern,Aves,1,2.0,111,4.718498871295094,42,71,0.0,0.0,0.0,0.0,0.0,0.0
Thalasseus maximus,Royal Tern,Aves,1,3.0,137,4.927253685157205,40,99,0.0,0.0,0.0,0.0,0.0,0.0
Thaumatomyia,Unknown,Insecta,0,0.0,1,0.6931471805599453,1,1,0.0,0.0,0.0,0.0,0.0,0.0
Theba pisana,White Italian Snail,Mollusca,1,1.0,162,5.093750200806762,103,128,0.0,0.0,0.0,0.0,0.0,0.0
Theba pisana pisana,Unknown,Mollusca,0,0.0,1,0.6931471805599453,1,1,0.0,0.0,0.0,0.0,0.0,0.0
Thebini,Unknown,Mollusca,1,1.0,5,1.791759469228055,5,5,0.0,0.0,0.0,0.0,0.0,0.0
Thecophora,Unknown,Insecta,0,0.0,1,0.6931471805599453,1,1,0.0,0.0,0.0,0.0,0.0,0.0
Therevidae,Stiletto Flies,Insecta,0,0.0,3,1.3862943611198906,3,3,0.0,0.0,0.0,0.0,0.0,0.0
Theria,Therians,Mammalia,0,0.0,1,0.6931471805599453,1,1,0.0,0.0,0.0,0.0,0.0,0.0
Thevenetimyia notata,Unknown,Insecta,0,0.0,1,0.6931471805599453,1,1,0.0,0.0,0.0,0.0,0.0,0.0
Thinophilus,Unknown,Insecta,0,0.0,1,0.6931471805599453,1,1,0.0,0.0,0.0,0.0,0.0,0.0
Thinopinus pictus,Pictured Rove Beetle,Insecta,0,0.0,8,2.1972245773362196,6,6,0.0,0.0,0.0,0.0,0.0,0.0
Thomisidae,Crab Spiders,Arachnida,0,0.0,1,0.6931471805599453,1,1,0.0,0.0,0.0,0.0,0.0,0.0
Thoracotremata,Thoracotrematan Crabs,Animalia,1,1.0,1,0.6931471805599453,1,1,0.0,0.0,0.0,0.0,0.0,0.0
Thripinae,Unknown,Insecta,1,1.0,1,0.6931471805599453,1,1,0.0,0.0,0.0,0.0,0.0,0.0
Thryomanes bewickii,Bewick's Wren,Aves,0,0.0,8,2.1972245773362196,7,8,0.0,0.0,0.0,0.0,0.0,0.0
Thyanta custator,Red-shouldered Stink Bug,Insecta,0,0.0,1,0.6931471805599453,1,1,0.0,0.0,0.0,0.0,0.0,0.0
Thylacodes squamigerus,Scaled Worm Snail,Mollusca,0,0.0,11,2.4849066497880004,4,10,0.0,0.0,0.0,0.0,0.0,0.0
Thyridanthrax,Unknown,Insecta,0,0.0,3,1.3862943611198906,2,3,0.0,0.0,0.0,0.0,0.0,0.0
Thyridanthrax nugator,Unknown,Insecta,0,0.0,2,1.0986122886681098,2,2,0.0,0.0,0.0,0.0,0.0,0.0
Tibicinina,Unknown,Insecta,0,0.0,10,2.3978952727983707,10,10,0.0,0.0,0.0,0.0,0.0,0.0
Tibicinoides,Unknown,Insecta,0,0.0,5,1.791759469228055,5,4,0.0,0.0,0.0,0.0,0.0,0.0
Tibicinoides utahensis,Unknown,Insecta,0,0.0,1,0.6931471805599453,1,1,0.0,0.0,0.0,0.0,0.0,0.0
Tibicinoides vanduzeei,Van Duzee's Cicada,Insecta,1,1.0,2,1.0986122886681098,2,1,0.0,0.0,0.0,0.0,0.0,0.0
Tineidae,"Fungus Moths, Clothes Moths, & Allies",Insecta,0,0.0,1,0.6931471805599453,1,1,0.0,0.0,0.0,0.0,0.0,0.0
Tipulomorpha,Crane Flies,Insecta,0,0.0,2,1.0986122886681098,2,2,0.0,0.0,0.0,0.0,0.0,0.0
Titanoeca,Unknown,Arachnida,0,0.0,1,0.6931471805599453,1,1,0.0,0.0,0.0,0.0,0.0,0.0
Tivela stultorum,Pismo Clam,Mollusca,1,1.0,91,4.5217885770490405,29,60,0.0,0.0,0.0,0.0,0.0,0.0
Tollius,Unknown,Insecta,0,0.0,1,0.6931471805599453,1,1,0.0,0.0,0.0,0.0,0.0,0.0
Toripalpus trabalis,Unknown,Insecta,0,0.0,2,1.0986122886681098,2,1,0.0,0.0,0.0,0.0,0.0,0.0
Tornos erectarius,Unknown,Insecta,0,0.0,1,0.6931471805599453,1,1,0.0,0.0,0.0,0.0,0.0,0.0
Tortistilus,Unknown,Insecta,0,0.0,1,0.6931471805599453,1,1,0.0,0.0,0.0,0.0,0.0,0.0
Tortricidae,Tortricid Leafroller Moths,Insecta,0,0.0,1,0.6931471805599453,1,1,0.0,0.0,0.0,0.0,0.0,0.0
Tortula,Unknown,Plantae,0,0.0,3,1.3862943611198906,3,2,0.0,0.0,0.0,0.0,0.0,0.0
Tortula muralis,Wall Screw-moss,Plantae,1,1.0,1,0.6931471805599453,1,1,0.0,0.0,0.0,0.0,0.0,0.0
Torymidae,Unknown,Insecta,0,0.0,1,0.6931471805599453,1,1,0.0,0.0,0.0,0.0,0.0,0.0
Toxomerus marginatus,Margined Calligrapher,Insecta,1,2.0,21,3.091042453358316,16,14,0.0,0.0,0.0,0.0,0.0,0.0
Toxophora,Unknown,Insecta,0,0.0,1,0.6931471805599453,1,1,0.0,0.0,0.0,0.0,0.0,0.0
Toxostoma redivivum,California Thrasher,Aves,0,0.0,32,3.4965075614664802,19,28,0.0,0.0,0.0,0.0,0.0,0.0
Trachemys scripta,Pond Slider,Reptilia,0,0.0,5,1.791759469228055,5,5,0.0,0.0,0.0,0.0,0.0,0.0
Trachemys scripta elegans,Red-eared Slider,Reptilia,0,0.0,2,1.0986122886681098,2,2,0.0,0.0,0.0,0.0,0.0,0.0
Tracheophyta,Vascular Plants,Plantae,0,0.0,19,2.995732273553991,19,16,0.0,0.0,0.0,0.0,0.0,0.0
Trachynia,purple false-bromes,Plantae,0,0.0,1,0.6931471805599453,1,1,0.0,0.0,0.0,0.0,0.0,0.0
Tramea lacerata,Black Saddlebags,Insecta,0,0.0,3,1.3862943611198906,3,2,0.0,0.0,0.0,0.0,0.0,0.0
Tramea onusta,Red Saddlebags,Insecta,0,0.0,6,1.9459101490553132,5,5,0.0,0.0,0.0,0.0,0.0,0.0
Tresus nuttallii,Pacific Gaper,Mollusca,0,0.0,18,2.9444389791664403,7,14,0.0,0.0,0.0,0.0,0.0,0.0
Triakis,Unknown,Animalia,0,0.0,1,0.6931471805599453,1,1,0.0,0.0,0.0,0.0,0.0,0.0
Triakis semifasciata,Leopard Shark,Animalia,0,0.0,5,1.791759469228055,4,5,0.0,0.0,0.0,0.0,0.0,0.0
Trichobaris compacta,Datura Weevil,Insecta,0,0.0,1,0.6931471805599453,1,1,0.0,0.0,0.0,0.0,0.0,0.0
Trichopolia alfkenii,Unknown,Insecta,0,0.0,1,0.6931471805599453,1,1,0.0,0.0,0.0,0.0,0.0,0.0
Trichopolia melanopis,Unknown,Insecta,0,0.0,1,0.6931471805599453,1,1,0.0,0.0,0.0,0.0,0.0,0.0
Trichopolia rufula,Rufous Quaker,Insecta,0,0.0,1,0.6931471805599453,1,1,0.0,0.0,0.0,0.0,0.0,0.0
Tricorynus,Unknown,Insecta,0,0.0,1,0.6931471805599453,1,1,0.0,0.0,0.0,0.0,0.0,0.0
Tridiscus distichlii,Coastal Grass Mealybug,Insecta,0,0.0,1,0.6931471805599453,1,1,0.0,0.0,0.0,0.0,0.0,0.0
Triepeolus,Longhorn-cuckoo bees,Insecta,0,0.0,1,0.6931471805599453,1,1,0.0,0.0,0.0,0.0,0.0,0.0
Trifolieae,Unknown,Plantae,1,1.0,3,1.3862943611198906,3,3,0.0,0.0,0.0,0.0,0.0,0.0
Trifolium willdenovii,tomcat clover,Plantae,0,0.0,2,1.0986122886681098,2,2,0.0,0.0,0.0,0.0,0.0,0.0
Triglochin,Arrowgrasses,Plantae,1,1.0,3,1.3862943611198906,3,3,0.0,0.0,0.0,0.0,0.0,0.0
Triglochin concinna,Slender Arrowgrass,Plantae,1,10.0,17,2.8903717578961645,15,15,0.0,0.0,0.0,0.0,0.0,0.0
Triglochin concinna concinna,Unknown,Plantae,1,1.0,3,1.3862943611198906,3,3,0.0,0.0,0.0,0.0,0.0,0.0
Trigonoscuta sandieginis,Unknown,Insecta,0,0.0,1,0.6931471805599453,1,1,0.0,0.0,0.0,0.0,0.0,0.0
Trimerotropini,Unknown,Insecta,0,0.0,2,1.0986122886681098,2,2,0.0,0.0,0.0,0.0,0.0,0.0
Trimerotropis,Unknown,Insecta,0,0.0,1,0.6931471805599453,1,1,0.0,0.0,0.0,0.0,0.0,0.0
Trimerotropis fontana,Fontana Grasshopper,Insecta,0,0.0,1,0.6931471805599453,1,1,0.0,0.0,0.0,0.0,0.0,0.0
Trimerotropis pallidipennis,Pallid-winged Grasshopper,Insecta,0,0.0,13,2.6390573296152584,11,12,0.0,0.0,0.0,0.0,0.0,0.0
Tringa,"Shanks, Tattlers, and Allies",Aves,1,2.0,5,1.791759469228055,5,5,0.0,0.0,0.0,0.0,0.0,0.0
Tringa flavipes,Lesser Yellowlegs,Aves,0,0.0,4,1.6094379124341003,4,4,0.0,0.0,0.0,0.0,0.0,0.0
Tringa incana,Wandering Tattler,Aves,0,0.0,1,0.6931471805599453,1,1,0.0,0.0,0.0,0.0,0.0,0.0
Tringa melanoleuca,Greater Yellowlegs,Aves,1,10.0,104,4.653960350157523,46,90,0.0,0.0,0.0,0.0,0.0,0.0
Tringa semipalmata,Willet,Aves,1,30.0,636,6.456769655572163,174,386,0.0,0.0,0.0,0.0,0.0,0.0
Tringa semipalmata inornata,Western Willet,Aves,0,0.0,24,3.2188758248682006,14,21,0.0,0.0,0.0,0.0,0.0,0.0
Trirhabda,Unknown,Insecta,0,0.0,8,2.1972245773362196,7,8,0.0,0.0,0.0,0.0,0.0,0.0
Trirhabda geminata,Encelia Leaf Beetle,Insecta,0,0.0,4,1.6094379124341003,4,4,0.0,0.0,0.0,0.0,0.0,0.0
Trirhabda luteocincta,Goldenbush beetle,Insecta,0,0.0,2,1.0986122886681098,2,2,0.0,0.0,0.0,0.0,0.0,0.0
Trirhabda sericotrachyla,California sagebrush leaf beetle,Insecta,0,0.0,1,0.6931471805599453,1,1,0.0,0.0,0.0,0.0,0.0,0.0
Trochilidae,Hummingbirds,Aves,0,0.0,1,0.6931471805599453,1,1,0.0,0.0,0.0,0.0,0.0,0.0
Trochilinae,"Bee Hummingbirds, Emeralds, Mountain-gems, and Allies",Aves,0,0.0,1,0.6931471805599453,1,1,0.0,0.0,0.0,0.0,0.0,0.0
Trogidae,Keratin Beetles,Insecta,0,0.0,3,1.3862943611198906,3,2,0.0,0.0,0.0,0.0,0.0,0.0
Troglodytes aedon,Northern House Wren,Aves,1,1.0,27,3.332204510175204,17,27,0.0,0.0,0.0,0.0,0.0,0.0
Troglodytidae,Wrens,Aves,0,0.0,1,0.6931471805599453,1,1,0.0,0.0,0.0,0.0,0.0,0.0
Trombidiformes,Trombidiform Mites,Arachnida,0,0.0,1,0.6931471805599453,1,1,0.0,0.0,0.0,0.0,0.0,0.0
Trombidioidea,Velvet Mites,Arachnida,0,0.0,1,0.6931471805599453,1,1,0.0,0.0,0.0,0.0,0.0,0.0
Tropaeolum majus,garden nasturtium,Plantae,0,0.0,83,4.430816798843313,71,65,0.0,0.0,0.0,0.0,0.0,0.0
Trox gemmulatus,Unknown,Insecta,0,0.0,1,0.6931471805599453,1,1,0.0,0.0,0.0,0.0,0.0,0.0
Tryonia imitator,Mimic Tryonia,Mollusca,0,0.0,1,0.6931471805599453,1,1,0.0,0.0,0.0,0.0,0.0,0.0
Tubaria,Twiglets,Fungi,0,0.0,1,0.6931471805599453,1,1,0.0,0.0,0.0,0.0,0.0,0.0
Tunicata,Tunicates,Animalia,0,0.0,2,1.0986122886681098,2,2,0.0,0.0,0.0,0.0,0.0,0.0
Turbonilla macouni,Unknown,Mollusca,0,0.0,1,0.6931471805599453,1,1,0.0,0.0,0.0,0.0,0.0,0.0
Turbonilla tenuicula,Unknown,Mollusca,0,0.0,1,0.6931471805599453,1,1,0.0,0.0,0.0,0.0,0.0,0.0
Turbopsebius diligens,Unknown,Insecta,0,0.0,1,0.6931471805599453,1,1,0.0,0.0,0.0,0.0,0.0,0.0
Turdus migratorius,American Robin,Aves,1,1.0,2,1.0986122886681098,2,2,0.0,0.0,0.0,0.0,0.0,0.0
Tursiops truncatus,Common Bottlenose Dolphin,Mammalia,0,0.0,19,2.995732273553991,11,17,0.0,0.0,0.0,0.0,0.0,0.0
Tursiops truncatus truncatus,Common Bottlenose Dolphin,Mammalia,0,0.0,1,0.6931471805599453,1,1,0.0,0.0,0.0,0.0,0.0,0.0
Tylos punctatus,Spotted Calloused Beach Pillbug,Animalia,0,0.0,1,0.6931471805599453,1,1,0.0,0.0,0.0,0.0,0.0,0.0
Typha,Cattails,Plantae,1,1.0,2,1.0986122886681098,2,2,0.0,0.0,0.0,0.0,0.0,0.0
Typha domingensis,southern cattail,Plantae,0,0.0,2,1.0986122886681098,2,2,0.0,0.0,0.0,0.0,0.0,0.0
Tyrannus,Kingbirds,Aves,1,2.0,3,1.3862943611198906,3,3,0.0,0.0,0.0,0.0,0.0,0.0
Tyrannus crassirostris,Thick-billed Kingbird,Aves,0,0.0,1,0.6931471805599453,1,1,0.0,0.0,0.0,0.0,0.0,0.0
Tyrannus verticalis,Western Kingbird,Aves,1,2.0,23,3.1780538303479458,13,19,0.0,0.0,0.0,0.0,0.0,0.0
Tyrannus vociferans,Cassin's Kingbird,Aves,1,12.0,135,4.912654885736052,61,113,0.0,0.0,0.0,0.0,0.0,0.0
Tyto furcata,American Barn Owl,Aves,1,1.0,6,1.9459101490553132,4,6,0.0,0.0,0.0,0.0,0.0,0.0
Uca princeps,Large Mexican Fiddler Crab,Animalia,1,1.0,13,2.6390573296152584,9,12,0.0,0.0,0.0,0.0,0.0,0.0
Ulva,Sea Lettuces,Plantae,1,11.0,16,2.833213344056216,7,12,0.0,0.0,0.0,0.0,0.0,0.0
Ulva intestinalis,Gutweed,Plantae,1,9.0,15,2.772588722239781,7,14,0.0,0.0,0.0,0.0,0.0,0.0
Ulva lactuca,Broadleaf Sea Lettuce,Plantae,1,16.0,7,2.0794415416798357,3,7,0.0,0.0,0.0,0.0,0.0,0.0
Ulva taeniata,sea spiral,Plantae,0,0.0,1,0.6931471805599453,1,1,0.0,0.0,0.0,0.0,0.0,0.0
Ulvaceae,Sea Lettuces,Plantae,0,0.0,2,1.0986122886681098,1,2,0.0,0.0,0.0,0.0,0.0,0.0
Ulvophyceae,Ulvophycean green algae,Plantae,1,4.0,2,1.0986122886681098,1,2,0.0,0.0,0.0,0.0,0.0,0.0
Uria aalge,Common Murre,Aves,0,0.0,1,0.6931471805599453,1,1,0.0,0.0,0.0,0.0,0.0,0.0
Urile,North Pacific Cormorants,Aves,0,0.0,1,0.6931471805599453,1,1,0.0,0.0,0.0,0.0,0.0,0.0
Urile pelagicus,Pelagic Cormorant,Aves,0,0.0,1,0.6931471805599453,1,1,0.0,0.0,0.0,0.0,0.0,0.0
Urile penicillatus,Brandt's Cormorant,Aves,1,1.0,9,2.302585092994046,8,8,0.0,0.0,0.0,0.0,0.0,0.0
Urobatis halleri,Haller's Round Ray,Animalia,1,3.0,3,1.3862943611198906,3,3,0.0,0.0,0.0,0.0,0.0,0.0
Urocyon cinereoargenteus,Gray Fox,Mammalia,0,0.0,1,0.6931471805599453,1,1,0.0,0.0,0.0,0.0,0.0,0.0
Uroleucon,Large Daisy Aphids,Insecta,1,1.0,5,1.791759469228055,4,5,0.0,0.0,0.0,0.0,0.0,0.0
Uromyces,Unknown,Fungi,0,0.0,1,0.6931471805599453,1,1,0.0,0.0,0.0,0.0,0.0,0.0
Uropappus lindleyi,silverpuffs,Plantae,0,0.0,3,1.3862943611198906,3,3,0.0,0.0,0.0,0.0,0.0,0.0
Urtica gracilis,slender stinging nettle,Plantae,0,0.0,1,0.6931471805599453,1,1,0.0,0.0,0.0,0.0,0.0,0.0
Urtica gracilis holosericea,hoary nettle,Plantae,0,0.0,1,0.6931471805599453,1,1,0.0,0.0,0.0,0.0,0.0,0.0
Urtica urens,Dwarf Nettle,Plantae,1,4.0,26,3.295836866004329,19,18,0.0,0.0,0.0,0.0,0.0,0.0
Uta stansburiana,Common Side-blotched Lizard,Reptilia,1,1.0,36,3.6109179126442243,22,33,0.0,0.0,0.0,0.0,0.0,0.0
Uta stansburiana elegans,Western Side-blotched Lizard,Reptilia,1,1.0,71,4.276666119016055,33,62,0.0,0.0,0.0,0.0,0.0,0.0
Vachellia,thorn trees,Plantae,0,0.0,1,0.6931471805599453,1,1,0.0,0.0,0.0,0.0,0.0,0.0
Vachellia farnesiana,Sweet acacia,Plantae,0,0.0,19,2.995732273553991,14,18,0.0,0.0,0.0,0.0,0.0,0.0
Vanessa,Ladies and Related Admirals,Insecta,0,0.0,1,0.6931471805599453,1,1,0.0,0.0,0.0,0.0,0.0,0.0
Vanessa annabella,West Coast Lady,Insecta,0,0.0,26,3.295836866004329,19,26,0.0,0.0,0.0,0.0,0.0,0.0
Vanessa atalanta,Red Admiral,Insecta,0,0.0,4,1.6094379124341003,4,4,0.0,0.0,0.0,0.0,0.0,0.0
Vanessa atalanta rubria,American Red Admiral,Insecta,0,0.0,1,0.6931471805599453,1,1,0.0,0.0,0.0,0.0,0.0,0.0
Vanessa cardui,Painted Lady,Insecta,1,1.0,53,3.9889840465642745,25,45,0.0,0.0,0.0,0.0,0.0,0.0
Vanessa virginiensis,American Lady,Insecta,0,0.0,3,1.3862943611198906,3,3,0.0,0.0,0.0,0.0,0.0,0.0
Velella velella,By-the-wind Sailor,Animalia,1,1.0,23,3.1780538303479458,13,20,0.0,0.0,0.0,0.0,0.0,0.0
Venerida,Unknown,Mollusca,0,0.0,8,2.1972245773362196,3,7,0.0,0.0,0.0,0.0,0.0,0.0
Veneridae,Venus Clams,Mollusca,1,1.0,5,1.791759469228055,5,5,0.0,0.0,0.0,0.0,0.0,0.0
Venerinae,Unknown,Mollusca,1,1.0,8,2.1972245773362196,4,8,0.0,0.0,0.0,0.0,0.0,0.0
Verbena,vervains,Plantae,0,0.0,36,3.6109179126442243,31,33,0.0,0.0,0.0,0.0,0.0,0.0
Verbena lasiostachys,western vervain,Plantae,0,0.0,1,0.6931471805599453,1,1,0.0,0.0,0.0,0.0,0.0,0.0
Verbena menthifolia,Mint Vervain,Plantae,0,0.0,152,5.030437921392435,114,120,0.0,0.0,0.0,0.0,0.0,0.0
Verbena officinalis,Common vervain,Plantae,0,0.0,1,0.6931471805599453,1,1,0.0,0.0,0.0,0.0,0.0,0.0
Verbena pulchella,moss verbena,Plantae,0,0.0,2,1.0986122886681098,2,2,0.0,0.0,0.0,0.0,0.0,0.0
Verbena rigida,Slender Vervain,Plantae,0,0.0,3,1.3862943611198906,3,2,0.0,0.0,0.0,0.0,0.0,0.0
Verbenaceae,Verbena Family,Plantae,0,0.0,5,1.791759469228055,5,5,0.0,0.0,0.0,0.0,0.0,0.0
Verbeneae,Unknown,Plantae,0,0.0,1,0.6931471805599453,1,1,0.0,0.0,0.0,0.0,0.0,0.0
Veromessor andrei,Andre's Harvester Ant,Insecta,1,1.0,17,2.8903717578961645,9,17,0.0,0.0,0.0,0.0,0.0,0.0
Veromessor pergandei,Unknown,Insecta,0,0.0,1,0.6931471805599453,1,1,0.0,0.0,0.0,0.0,0.0,0.0
Vertebrata,Vertebrates,Animalia,1,2.0,5,1.791759469228055,5,5,0.0,0.0,0.0,0.0,0.0,0.0
Vespidae,"Hornets, Paper Wasps, Potter Wasps, and Allies",Insecta,0,0.0,1,0.6931471805599453,1,1,0.0,0.0,0.0,0.0,0.0,0.0
Vespinae,Hornets and Yellowjackets,Insecta,0,0.0,1,0.6931471805599453,1,1,0.0,0.0,0.0,0.0,0.0,0.0
Villa,Unknown,Insecta,0,0.0,8,2.1972245773362196,3,6,0.0,0.0,0.0,0.0,0.0,0.0
Villa lateralis,Unknown,Insecta,0,0.0,2,1.0986122886681098,2,2,0.0,0.0,0.0,0.0,0.0,0.0
Villini,banded bee flies,Insecta,0,0.0,6,1.9459101490553132,4,6,0.0,0.0,0.0,0.0,0.0,0.0
Vireo bellii,Bell's Vireo,Aves,0,0.0,2,1.0986122886681098,2,2,0.0,0.0,0.0,0.0,0.0,0.0
Vireo cassinii,Cassin's Vireo,Aves,0,0.0,1,0.6931471805599453,1,1,0.0,0.0,0.0,0.0,0.0,0.0
Vireo flavifrons,Yellow-throated Vireo,Aves,0,0.0,1,0.6931471805599453,1,1,0.0,0.0,0.0,0.0,0.0,0.0
Vireo gilvus,Warbling Vireo,Aves,0,0.0,2,1.0986122886681098,2,2,0.0,0.0,0.0,0.0,0.0,0.0
Vireo huttoni,Hutton's Vireo,Aves,0,0.0,5,1.791759469228055,5,5,0.0,0.0,0.0,0.0,0.0,0.0
Vireo plumbeus,Plumbeous Vireo,Aves,0,0.0,2,1.0986122886681098,2,2,0.0,0.0,0.0,0.0,0.0,0.0
Vitis,grapevines,Plantae,0,0.0,4,1.6094379124341003,4,4,0.0,0.0,0.0,0.0,0.0,0.0
Vitis californica,California wild grape,Plantae,0,0.0,5,1.791759469228055,4,5,0.0,0.0,0.0,0.0,0.0,0.0
Vitis girdiana,desert wild grape,Plantae,0,0.0,14,2.70805020110221,8,14,0.0,0.0,0.0,0.0,0.0,0.0
Vitula insula,Unknown,Insecta,0,0.0,2,1.0986122886681098,2,1,0.0,0.0,0.0,0.0,0.0,0.0
Volvopluteus gloiocephalus,Stubble Rosegill,Fungi,0,0.0,14,2.70805020110221,7,8,0.0,0.0,0.0,0.0,0.0,0.0
Washingtonia,Fan Palms,Plantae,0,0.0,4,1.6094379124341003,4,4,0.0,0.0,0.0,0.0,0.0,0.0
Washingtonia robusta,Mexican Fan Palm,Plantae,0,0.0,10,2.3978952727983707,10,9,0.0,0.0,0.0,0.0,0.0,0.0
Winthemia,Unknown,Insecta,0,0.0,1,0.6931471805599453,1,1,0.0,0.0,0.0,0.0,0.0,0.0
Xanthium,Cockleburs,Plantae,1,1.0,5,1.791759469228055,5,5,0.0,0.0,0.0,0.0,0.0,0.0
Xanthium orientale,common cocklebur,Plantae,0,0.0,5,1.791759469228055,4,4,0.0,0.0,0.0,0.0,0.0,0.0
Xanthium spinosum,spiny cocklebur,Plantae,0,0.0,1,0.6931471805599453,1,1,0.0,0.0,0.0,0.0,0.0,0.0
Xanthium strumarium,rough cocklebur,Plantae,0,0.0,25,3.258096538021482,20,20,0.0,0.0,0.0,0.0,0.0,0.0
Xanthocephalus xanthocephalus,Yellow-headed Blackbird,Aves,0,0.0,5,1.791759469228055,5,5,0.0,0.0,0.0,0.0,0.0,0.0
Xanthochilus saturnius,Mediterranean Seed Bug,Insecta,0,0.0,2,1.0986122886681098,1,2,0.0,0.0,0.0,0.0,0.0,0.0
Xanthoparmelia,rock shield lichens,Fungi,0,0.0,2,1.0986122886681098,2,2,0.0,0.0,0.0,0.0,0.0,0.0
Xanthoria parietina,Common Sunburst Lichen,Fungi,0,0.0,1,0.6931471805599453,1,1,0.0,0.0,0.0,0.0,0.0,0.0
Xenopus laevis,African Clawed Frog,Amphibia,0,0.0,4,1.6094379124341003,3,4,0.0,0.0,0.0,0.0,0.0,0.0
Xerarionta stearnsiana,Speckled Cactussnail,Mollusca,0,0.0,4,1.6094379124341003,3,4,0.0,0.0,0.0,0.0,0.0,0.0
Xylocopa sonorina,Valley Carpenter Bee,Insecta,0,0.0,4,1.6094379124341003,3,3,0.0,0.0,0.0,0.0,0.0,0.0
Xysticus,Ground Crab Spiders,Arachnida,0,0.0,5,1.791759469228055,4,4,0.0,0.0,0.0,0.0,0.0,0.0
Yucca,Yuccas,Plantae,0,0.0,10,2.3978952727983707,8,10,0.0,0.0,0.0,0.0,0.0,0.0
Yucca gigantea,Spineless Yucca,Plantae,0,0.0,21,3.091042453358316,19,20,0.0,0.0,0.0,0.0,0.0,0.0
Yucca schidigera,Mojave Yucca,Plantae,0,0.0,62,4.143134726391533,36,48,0.0,0.0,0.0,0.0,0.0,0.0
Zadontomerus,Unknown,Insecta,1,1.0,20,3.044522437723423,5,14,0.0,0.0,0.0,0.0,0.0,0.0
Zale lunata,Lunate Zale Moth,Insecta,0,0.0,1,0.6931471805599453,1,1,0.0,0.0,0.0,0.0,0.0,0.0
Zalophus californianus,California Sea Lion,Mammalia,0,0.0,47,3.871201010907891,34,39,0.0,0.0,0.0,0.0,0.0,0.0
Zantedeschia aethiopica,calla lily,Plantae,0,0.0,3,1.3862943611198906,3,3,0.0,0.0,0.0,0.0,0.0,0.0
Zelotes,Unknown,Arachnida,0,0.0,1,0.6931471805599453,1,1,0.0,0.0,0.0,0.0,0.0,0.0
Zelus renardii,Leafhopper Assassin Bug,Insecta,1,1.0,1,0.6931471805599453,1,1,0.0,0.0,0.0,0.0,0.0,0.0
Zelus tetracanthus,Four-spurred Assassin Bug,Insecta,0,0.0,1,0.6931471805599453,1,1,0.0,0.0,0.0,0.0,0.0,0.0
Zemysina orbella,Orb Diplodon,Mollusca,0,0.0,3,1.3862943611198906,1,3,0.0,0.0,0.0,0.0,0.0,0.0
Zenaida asiatica,White-winged Dove,Aves,0,0.0,1,0.6931471805599453,1,1,0.0,0.0,0.0,0.0,0.0,0.0
Zenaida macroura,Mourning Dove,Aves,1,9.0,194,5.272999558563747,56,161,0.0,0.0,0.0,0.0,0.0,0.0
Zirfaea pilsbryi,Rough Piddock,Mollusca,0,0.0,1,0.6931471805599453,1,1,0.0,0.0,0.0,0.0,0.0,0.0
Zonotrichia atricapilla,Golden-crowned Sparrow,Aves,0,0.0,7,2.0794415416798357,7,7,0.0,0.0,0.0,0.0,0.0,0.0
Zonotrichia leucophrys,White-crowned Sparrow,Aves,1,15.0,301,5.71042701737487,92,218,0.0,0.0,0.0,0.0,0.0,0.0
Zonotrichia leucophrys gambelii,Gambel's White-crowned Sparrow,Aves,0,0.0,2,1.0986122886681098,2,2,0.0,0.0,0.0,0.0,0.0,0.0
Zonotrichia querula,Harris's Sparrow,Aves,0,0.0,4,1.6094379124341003,4,4,0.0,0.0,0.0,0.0,0.0,0.0
Zostera marina,Eelgrass,Plantae,1,2.0,4,1.6094379124341003,3,3,0.0,0.0,0.0,0.0,0.0,0.0
Zosteraceae,Seagrasses,Plantae,1,1.0,1,0.6931471805599453,1,1,0.0,0.0,0.0,0.0,0.0,0.0
Zosteropoda,Unknown,Insecta,0,0.0,1,0.6931471805599453,1,1,0.0,0.0,0.0,0.0,0.0,0.0
Zosteropoda hirtipes,V-lined Quaker,Insecta,0,0.0,3,1.3862943611198906,2,1,0.0,0.0,0.0,0.0,0.0,0.0
Zyginama,Unknown,Insecta,0,0.0,1,0.6931471805599453,1,1,0.0,0.0,0.0,0.0,0.0,0.0
