scientific_name,common_name,iconic_taxon_name,present_in_main,main_obs_count,backup_obs_count,log_obs_count,backup_unique_users,backup_unique_days,avg_elevation,avg_slope,avg_ndvi,avg_soil_sand,avg_soil_ph,avg_soil_clay
Abronia,sand verbenas,Plantae,0,0.0,92,4.532599493153256,87,84,49.65217391304348,15.9757585240447,0.14440780359765754,33.5,55.45652173913044,20.891304347826086
Abronia maritima,red sand-verbena,Plantae,1,1.0,39,3.6888794541139363,28,38,9.743589743589743,18.14676508078208,0.11346080383429157,29.794871794871796,45.666666666666664,16.564102564102566
Abronia umbellata,Pink Sand Verbena,Plantae,0,0.0,1188,7.080867896690782,740,829,52.99326599326599,16.539134431216453,0.14308548180123018,35.42087542087542,58.84511784511785,22.40824915824916
Abronia umbellata umbellata,Beach Sand Verbena,Plantae,0,0.0,42,3.7612001156935624,35,40,49.95238095238095,16.52104950093088,0.13698811354559087,35.69047619047619,58.88095238095238,22.047619047619047
Abronia × alba,Beach Sand Verbena,Plantae,0,0.0,1,0.6931471805599453,1,1,2.0,1.1049453020095823,0.0745140314102172,45.0,69.0,26.0
Acacia,wattles,Plantae,1,1.0,3,1.3862943611198906,3,3,68.33333333333333,5.464895327885945,0.16411023338635758,49.333333333333336,69.33333333333333,23.0
Acacia cyclops,western coastal wattle,Plantae,1,4.0,7,2.0794415416798357,5,5,93.71428571428571,7.203753539494106,0.13447922893932882,53.285714285714285,72.42857142857143,21.285714285714285
Acacia longifolia,Longleaf Wattle,Plantae,1,7.0,6,1.9459101490553132,5,6,78.5,6.429132580757141,0.17591823761661843,50.333333333333336,71.5,22.166666666666668
Acacia redolens,vanilla-scented wattle,Plantae,0,0.0,7,2.0794415416798357,6,7,2.857142857142857,3.5939731938498363,0.15482747129031588,37.714285714285715,58.285714285714285,20.571428571428573
Acalyptratae,Acalyptrate Flies,Insecta,1,1.0,4,1.6094379124341003,4,4,64.0,7.717073857784271,0.16364552825689313,48.0,71.75,22.75
Acanthogobius flavimanus,Yellowfin Goby,Actinopterygii,0,0.0,3,1.3862943611198906,3,3,1.6666666666666667,5.239865303039552,0.17033865551153812,46.333333333333336,69.66666666666667,23.333333333333332
Acantholomidea porosa,Unknown,Insecta,0,0.0,1,0.6931471805599453,1,1,67.0,8.28909969329834,0.1552111059427261,40.0,71.0,29.0
Acanthomorpha,Spiny-rayed fishes,Actinopterygii,1,3.0,1,0.6931471805599453,1,1,3.0,1.442425012588501,0.0903792381286621,48.0,73.0,25.0
Acari,Mites and Ticks,Arachnida,1,2.0,12,2.5649493574615367,11,12,41.583333333333336,10.541369020938873,0.14216235931962726,38.083333333333336,57.916666666666664,20.583333333333332
Acariformes,Unknown,Arachnida,0,0.0,2,1.0986122886681098,2,2,38.5,10.07187056541443,0.1714731901884079,46.0,69.5,24.5
Acarospora,cobblestone lichens,Fungi,0,0.0,16,2.833213344056216,13,15,83.3125,7.855934917926788,0.14043715223670003,48.625,70.875,23.8125
Acarospora chrysops,Unknown,Fungi,0,0.0,3,1.3862943611198906,1,3,79.33333333333333,4.583272933959961,0.14894224206606543,45.666666666666664,71.33333333333333,26.0
Acarospora fuscata,brown cobblestone lichen,Fungi,0,0.0,1,0.6931471805599453,1,1,106.0,9.18950366973877,0.117270328104496,53.0,71.0,20.0
Acarospora obpallens,Acorn Cups,Fungi,0,0.0,10,2.3978952727983707,3,6,98.5,7.086928176879883,0.1580968782305717,49.6,71.1,22.4
Acarospora oligospora,Unknown,Fungi,0,0.0,1,0.6931471805599453,1,1,120.0,6.850569725036621,0.1555507183074951,51.0,64.0,17.0
Acarospora privigna,Common Coal Dust Lichen,Fungi,0,0.0,2,1.0986122886681098,2,2,84.5,9.935030221939087,0.11779561638832085,49.5,72.0,22.0
Acarospora robiniae,Unknown,Fungi,0,0.0,11,2.4849066497880004,5,11,101.18181818181819,8.07240850275213,0.13974626159126105,50.63636363636363,70.0909090909091,22.454545454545453
Acarospora schleicheri,Soil Paint Lichen,Fungi,0,0.0,4,1.6094379124341003,2,2,96.5,4.2922345995903015,0.14364375360310075,53.0,71.75,19.25
Acarospora socialis,Yellow Cobblestone Lichen,Fungi,0,0.0,43,3.784189633918261,36,41,90.53488372093024,7.8606279894363045,0.13298111478256622,48.81395348837209,70.3953488372093,23.627906976744185
Acarospora strigata,hoary cobblestone lichen,Fungi,0,0.0,1,0.6931471805599453,1,1,92.0,2.8827219009399414,0.1432172507047653,48.0,71.0,25.0
Acarospora veronensis,Unknown,Fungi,0,0.0,1,0.6931471805599453,1,1,108.0,6.557060241699219,0.1587554365396499,49.0,72.0,22.0
Acarosporaceae,cobblestone lichen family,Fungi,0,0.0,3,1.3862943611198906,2,3,65.66666666666667,7.789698998133342,0.13156944016615546,47.0,70.33333333333333,26.0
Accipiter striatus,Sharp-shinned Hawk,Aves,1,1.0,1,0.6931471805599453,1,1,15.0,20.08157539367676,0.2187153995037078,51.0,74.0,25.0
Accipitridae,"Hawks, Eagles, and Kites",Aves,1,1.0,3,1.3862943611198906,3,3,71.33333333333333,16.914497534434002,0.15389226128657657,29.333333333333332,47.333333333333336,18.0
Aceria,Unknown,Arachnida,0,0.0,1,0.6931471805599453,1,1,55.0,10.842988014221191,0.1464918106794357,50.0,73.0,22.0
Aceria baccharipha,Baccharis Leaf Blister Mite,Arachnida,0,0.0,1,0.6931471805599453,1,1,2.0,1.1048862934112549,0.1688153892755508,47.0,71.0,25.0
Aceria boycei,Ragweed Gall Mite,Arachnida,0,0.0,6,1.9459101490553132,5,6,8.166666666666666,7.9922299186388654,0.1672697116931279,49.0,68.83333333333333,21.5
Aceria paracalifornica,California Sagebrush Gall Mite,Arachnida,0,0.0,2,1.0986122886681098,2,2,49.5,8.53272294998169,0.19943775981664655,49.5,71.0,23.0
Achelous xantusii,Xantus Swimming Crab,Animalia,1,4.0,8,2.1972245773362196,8,7,6.875,13.115819811820984,-0.022321715941870927,5.75,9.125,3.25
Achillea millefolium,common yarrow,Plantae,0,0.0,2,1.0986122886681098,2,2,25.5,9.164663672447205,0.16270985454320905,39.0,70.0,28.5
Achnanthes,Unknown,Chromista,0,0.0,4,1.6094379124341003,1,2,1.75,2.6511619091033936,0.15859957784414289,46.5,68.0,23.0
Achyra rantalis,Garden Webworm Moth,Insecta,0,0.0,1,0.6931471805599453,1,1,56.0,30.40968513488769,0.1351160854101181,0.0,0.0,0.0
Acmaeodera,Unknown,Insecta,0,0.0,1,0.6931471805599453,1,1,88.0,5.751774787902832,0.2221813350915908,53.0,72.0,19.0
Acmaeodera prorsa,Unknown,Insecta,0,0.0,1,0.6931471805599453,1,1,91.0,4.782978057861328,0.2221813350915908,53.0,72.0,19.0
Acmispon,deervetch,Plantae,1,1.0,71,4.276666119016055,64,65,59.901408450704224,11.739417811514626,0.1498480060623145,41.76056338028169,62.04225352112676,21.788732394366196
Acmispon americanus,Spanish clover,Plantae,0,0.0,5,1.791759469228055,3,5,3.0,1.5956794261932372,0.13696614950895306,47.0,71.0,25.0
Acmispon argophyllus,silver bird's-foot trefoil,Plantae,0,0.0,1,0.6931471805599453,1,1,52.0,13.5112943649292,0.1878237724304199,46.0,72.0,24.0
Acmispon glaber,deerweed,Plantae,1,11.0,636,6.456769655572163,315,439,65.51100628930817,9.369656775545025,0.1555496199794535,45.441823899371066,67.18238993710692,23.07704402515723
Acmispon glaber glaber,Coastal Deerweed,Plantae,1,7.0,250,5.5254529391317835,115,205,60.548,11.498274407863617,0.1545561294853687,44.196,66.176,22.976
Acmispon heermannii,Heermann's Lotus,Plantae,0,0.0,5,1.791759469228055,4,5,3.8,1.6004209756851195,0.1386556692421436,47.2,71.4,25.0
Acmispon heermannii heermannii,Heermann's lotus,Plantae,0,0.0,2,1.0986122886681098,1,2,6.0,1.854334115982056,0.0494388379156589,48.0,73.0,25.0
Acmispon maritimus,coastal bird's-foot trefoil,Plantae,1,5.0,10,2.3978952727983707,10,10,35.4,16.49736542701721,0.12091141007840629,37.6,57.9,19.1
Acmispon maritimus maritimus,Coastal bird's-foot trefoil,Plantae,1,2.0,4,1.6094379124341003,4,4,16.0,15.133502960205078,0.0919384211301803,46.0,72.0,24.0
Acmispon micranthus,San Diego bird's-foot trefoil,Plantae,1,1.0,6,1.9459101490553132,5,6,17.666666666666668,10.76776655515035,0.1635254820187886,39.666666666666664,70.83333333333333,28.0
Acmispon strigosus,strigose lotus,Plantae,0,0.0,24,3.2188758248682006,14,20,53.416666666666664,12.582461496194204,0.15919842633108294,41.458333333333336,61.416666666666664,20.666666666666668
Acourtia microcephala,Sacapellote,Plantae,0,0.0,2,1.0986122886681098,2,2,25.0,22.087470054626465,0.19157643616199488,49.0,70.0,23.0
Acreophthiria,Unknown,Insecta,0,0.0,2,1.0986122886681098,2,2,65.5,9.836916446685791,0.1691257208585739,50.0,70.0,23.5
Acrididae,Short-horned Grasshoppers,Insecta,0,0.0,3,1.3862943611198906,2,3,72.33333333333333,11.583056290944418,0.1330374975999196,48.0,71.66666666666667,24.333333333333332
Acrididea,Grasshoppers,Insecta,1,1.0,2,1.0986122886681098,2,2,75.0,6.289682865142822,0.16156298667192454,46.0,71.0,26.0
Acrocera,Unknown,Insecta,0,0.0,1,0.6931471805599453,1,1,71.0,2.991201639175415,0.1782173812389373,52.0,73.0,21.0
Acrosiphonia coalita,green rope,Plantae,0,0.0,1,0.6931471805599453,1,1,7.0,12.009511947631836,0.0136971799656748,0.0,0.0,0.0
Actinopterygii,Ray-finned Fishes,Actinopterygii,1,6.0,6,1.9459101490553132,5,6,2.5,5.704584211111069,0.03780953089396153,8.166666666666666,11.666666666666666,3.8333333333333335
Actitis macularius,Spotted Sandpiper,Aves,1,64.0,2,1.0986122886681098,2,2,6.5,6.300351619720459,0.09411765262484545,50.0,75.0,23.0
Aculeata,"Ants, Bees, and Stinging Wasps",Insecta,0,0.0,2,1.0986122886681098,2,2,59.0,9.730583190917969,0.16264293342828745,42.0,71.0,28.0
Aculops aenigma,Unknown,Arachnida,0,0.0,1,0.6931471805599453,1,1,11.0,13.773503303527832,0.1615631729364395,51.0,69.0,22.0
Adela,Unknown,Insecta,0,0.0,2,1.0986122886681098,1,1,52.5,9.543460369110107,0.14622914046049115,44.0,71.0,27.0
Adela flammeusella,Unknown,Insecta,0,0.0,1,0.6931471805599453,1,1,51.0,11.71001434326172,0.1272741705179214,44.0,71.0,27.0
Adelinae,Unknown,Insecta,0,0.0,1,0.6931471805599453,1,1,52.0,9.887809753417969,0.1553411334753036,44.0,71.0,27.0
Adeloidea,Fairy Moths and Allies,Insecta,0,0.0,1,0.6931471805599453,1,1,51.0,11.71001434326172,0.1272741705179214,44.0,71.0,27.0
Adelpha californica,California Sister,Insecta,0,0.0,1,0.6931471805599453,1,1,97.0,2.395087957382202,0.1801493763923645,49.0,71.0,22.0
Adenophyllum,dogweeds,Plantae,0,0.0,1,0.6931471805599453,1,1,43.0,14.62453556060791,0.1646718978881836,40.0,69.0,28.0
Adenostoma,Unknown,Plantae,0,0.0,1,0.6931471805599453,1,1,97.0,16.245059967041016,0.1369224190711975,51.0,68.0,23.0
Adenostoma fasciculatum,chamise,Plantae,1,2.0,532,6.278521424165844,329,382,88.75751879699249,6.9888234540708085,0.15177868583932852,49.278195488721806,68.8796992481203,23.400375939849624
Adenostoma fasciculatum obtusifolium,Southern chamise,Plantae,0,0.0,13,2.6390573296152584,12,12,104.0,6.298440217971802,0.14547097396392086,50.76923076923077,70.07692307692308,22.153846153846153
Adiantum capillus-veneris,black maidenhair fern,Plantae,0,0.0,1,0.6931471805599453,1,1,17.0,13.3033447265625,0.1721226572990417,50.0,69.0,24.0
Adiantum jordanii,California Maidenhair Fern,Plantae,1,2.0,6,1.9459101490553132,5,4,34.5,24.1526673634847,0.18678135424852368,47.5,68.33333333333333,23.5
Aechmophorus,Western and Clark's Grebes,Aves,1,1.0,3,1.3862943611198906,3,3,45.666666666666664,14.892542839050293,0.09112783521413799,16.0,23.666666666666668,8.333333333333334
Aechmophorus occidentalis,Western Grebe,Aves,1,6.0,11,2.4849066497880004,10,11,8.0,15.442252592606978,0.0572147466750307,8.090909090909092,13.090909090909092,4.818181818181818
Aedes,Unknown,Insecta,0,0.0,2,1.0986122886681098,2,2,55.5,6.985431671142578,0.16432436555624003,44.5,69.5,26.0
Aedes squamiger,California Saltmarsh Mosquito,Insecta,0,0.0,1,0.6931471805599453,1,1,73.0,7.74412727355957,0.1450737714767456,52.0,73.0,21.0
Aedes taeniorhynchus,Black Saltmarsh Mosquito,Insecta,0,0.0,3,1.3862943611198906,3,3,25.666666666666668,7.475813070933024,0.2239050964514414,47.666666666666664,69.66666666666667,23.0
Aegialia,Unknown,Insecta,0,0.0,2,1.0986122886681098,2,1,30.5,7.02093768119812,0.15309700369834894,45.0,72.0,25.0
Aegialiinae,Unknown,Insecta,0,0.0,1,0.6931471805599453,1,1,70.0,7.74254035949707,0.1785320341587066,40.0,71.0,29.0
Aeolothrips,Unknown,Insecta,0,0.0,1,0.6931471805599453,1,1,91.0,7.742185592651367,0.103725716471672,48.0,71.0,25.0
Aeronautes saxatalis,White-throated Swift,Aves,1,1.0,11,2.4849066497880004,10,10,68.27272727272727,9.038703484968705,0.16323256086219434,49.36363636363637,69.0909090909091,23.818181818181817
Aeshnidae,Darners,Insecta,0,0.0,1,0.6931471805599453,1,1,15.0,19.7292594909668,0.2051626741886139,49.0,64.0,20.0
Aethalodelphis obliquidens,Pacific White-sided Dolphin,Mammalia,0,0.0,1,0.6931471805599453,1,1,74.0,7.695373058319092,0.1709794104099273,49.0,72.0,24.0
Aethaloida packardaria,Unknown,Insecta,0,0.0,1,0.6931471805599453,1,1,106.0,8.28909969329834,0.1253102868795395,51.0,68.0,23.0
Agapostemon,Unknown,Insecta,1,1.0,21,3.091042453358316,13,20,75.85714285714286,8.206260885511126,0.15995448331038153,47.142857142857146,70.33333333333333,23.952380952380953
Agapostemon subtilior,Fine striped sweat bee,Insecta,1,1.0,419,6.040254711277414,46,198,64.18138424821002,11.238419554967585,0.16278570941993897,41.023866348448685,62.30071599045346,21.69689737470167
Agapostemon texanus,Unknown,Insecta,0,0.0,1,0.6931471805599453,1,1,79.0,11.2471284866333,0.1786599457263946,48.0,71.0,25.0
Agaricales,Common Gilled Mushrooms and Allies,Fungi,1,7.0,27,3.332204510175204,14,18,72.92592592592592,13.13628069559733,0.16818912216910606,49.2962962962963,68.85185185185185,22.62962962962963
Agaricineae,Unknown,Fungi,0,0.0,2,1.0986122886681098,2,2,16.0,8.007322072982788,0.13919354975223536,47.0,71.5,23.0
Agaricomycetes,"Mushrooms, Bracket Fungi, Puffballs, and Allies",Fungi,1,2.0,11,2.4849066497880004,9,11,73.81818181818181,11.078314347700639,0.15269749205220826,49.81818181818182,69.9090909090909,23.0
Agaricus,field and button mushrooms,Fungi,1,1.0,10,2.3978952727983707,8,7,83.4,9.248749399185181,0.16906938850879666,48.0,70.7,23.7
Agaricus incultorum,Poor-ground Agaricus,Fungi,0,0.0,1,0.6931471805599453,1,1,17.0,20.565364837646484,0.1811254620552063,53.0,69.0,21.0
Agaricus megalocarpus,Unknown,Fungi,0,0.0,1,0.6931471805599453,1,1,113.0,1.1047025918960571,0.1377657502889633,50.0,64.0,23.0
Agathidini,Unknown,Insecta,0,0.0,7,2.0794415416798357,5,6,70.57142857142857,7.577703271593366,0.152007126382419,49.285714285714285,71.57142857142857,22.428571428571427
Agathistoma eiseni,Banded Tegula,Mollusca,1,19.0,1,0.6931471805599453,1,1,5.0,0.9274099469184875,0.0404280610382556,0.0,0.0,0.0
Agave,century plants,Plantae,1,4.0,16,2.833213344056216,16,16,83.1875,11.207045376300812,0.14667808171361682,46.875,63.5,22.625
Agave americana,American century plant,Plantae,0,0.0,14,2.70805020110221,14,14,80.78571428571429,10.026175328663417,0.14117811354143275,50.142857142857146,67.07142857142857,23.785714285714285
Agave shawii,Shaw's Agave,Plantae,1,1.0,522,6.259581464064923,409,404,77.84674329501915,11.415637937085382,0.15370728817707732,39.3639846743295,58.48850574712644,21.743295019157088
Agavoideae,Century plant subfamily,Plantae,0,0.0,17,2.8903717578961645,17,17,68.17647058823529,9.743506238741034,0.14448802983936138,41.76470588235294,62.588235294117645,21.647058823529413
Agdistis,Unknown,Insecta,0,0.0,2,1.0986122886681098,2,2,4.5,5.951459050178528,0.17898120731115336,43.0,70.5,25.5
Agdistis americana,Sea-heath Plume Moth,Insecta,0,0.0,2,1.0986122886681098,2,2,3.0,3.1141499876976013,0.15841210633516306,49.0,70.0,22.5
Agelaius phoeniceus,Red-winged Blackbird,Aves,0,0.0,5,1.791759469228055,5,5,4.8,3.862349033355713,0.1251117467880249,38.8,56.2,17.8
Agelenidae,Funnel Weavers,Arachnida,1,1.0,13,2.6390573296152584,12,12,78.07692307692308,7.966268378954667,0.16659495349113754,47.46153846153846,70.38461538461539,24.153846153846153
Ageleninae,Typical Funnel Weavers,Arachnida,1,3.0,16,2.833213344056216,14,16,67.75,10.817752182483673,0.16784255951642987,48.0,70.25,24.375
Agelenopsis,Grass Spiders,Arachnida,0,0.0,4,1.6094379124341003,4,4,80.75,7.229588568210602,0.13695684447884554,48.75,71.5,24.25
Agelenopsis aperta,Desert Grass Spider,Arachnida,1,1.0,13,2.6390573296152584,11,12,71.3076923076923,8.454497795838575,0.17336088820145676,49.61538461538461,70.46153846153847,23.384615384615383
Ageniella,Unknown,Insecta,0,0.0,2,1.0986122886681098,2,2,66.0,14.450411319732666,0.1595869660377502,20.0,35.5,14.5
Ageniella coronata,Unknown,Insecta,0,0.0,2,1.0986122886681098,2,2,69.0,7.695107221603393,0.14377849549055094,49.0,71.5,23.5
Aglaophenia,Ostrich-Plume Hydroids,Animalia,1,5.0,9,2.302585092994046,8,9,5.0,12.044834746254814,0.003435783510212767,15.555555555555555,23.77777777777778,8.222222222222221
Agrilus,Unknown,Insecta,0,0.0,1,0.6931471805599453,1,1,58.0,4.627367496490479,0.1701926738023758,44.0,71.0,27.0
Agrilus blandus,Unknown,Insecta,0,0.0,2,1.0986122886681098,2,2,66.5,18.588908195495605,0.14954072237014765,40.0,70.0,28.5
Agrocybe,Unknown,Fungi,0,0.0,4,1.6094379124341003,4,4,80.0,9.895543098449707,0.1363666635006666,37.75,53.25,17.0
Agrocybe pediades,Common Fieldcap,Fungi,1,1.0,4,1.6094379124341003,4,4,33.5,10.099563241004944,0.14571926370263094,39.0,52.0,16.0
Agromyzidae,Leaf-miner Flies,Insecta,0,0.0,2,1.0986122886681098,2,2,63.0,9.280023574829102,0.16242007911205286,50.0,69.5,23.0
Agrostis pallens,seashore bentgrass,Plantae,0,0.0,3,1.3862943611198906,3,3,55.333333333333336,4.242070357004802,0.1619127442439397,51.0,71.0,21.0
Agulla,Common Snakeflies,Insecta,0,0.0,8,2.1972245773362196,6,8,75.0,7.215361654758453,0.14755355846136806,46.375,70.75,25.125
Agulla bicolor,Unknown,Insecta,0,0.0,1,0.6931471805599453,1,1,106.0,4.319421768188477,0.1469576209783554,49.0,65.0,21.0
Aimophila ruficeps,Rufous-crowned Sparrow,Aves,1,1.0,81,4.406719247264253,55,78,50.55555555555556,18.63695321259675,0.13302539334988883,26.271604938271604,41.098765432098766,14.975308641975309
Aira caryophyllea,Silver Hairgrass,Plantae,0,0.0,1,0.6931471805599453,1,1,15.0,18.408411026000977,0.1873395293951034,51.0,69.0,20.0
Aizoaceae,Stone plants,Plantae,1,1.0,2,1.0986122886681098,2,2,67.0,10.867977619171143,0.14710852876305575,46.5,72.0,25.0
Akephorus marinus,Unknown,Insecta,1,1.0,1,0.6931471805599453,1,1,11.0,11.811348915100098,0.0290633346885442,47.0,74.0,25.0
Albugo resedae,Whitepuff Mold,Chromista,0,0.0,1,0.6931471805599453,1,1,108.0,4.963069438934326,0.1093192994594574,54.0,74.0,21.0
Alchemilla occidentalis,western lady's mantle,Plantae,0,0.0,3,1.3862943611198906,3,2,9.666666666666666,12.121990203857422,0.1922414849201838,44.0,68.33333333333333,25.0
Alcidamea,Unknown,Insecta,0,0.0,1,0.6931471805599453,1,1,98.0,12.235991477966309,0.1761114299297332,51.0,70.0,23.0
Alepisaurus ferox,Longnose Lancetfish,Actinopterygii,0,0.0,1,0.6931471805599453,1,1,12.0,17.472951889038086,0.0041614039801061,0.0,0.0,0.0
Aleurodicus,Unknown,Insecta,0,0.0,1,0.6931471805599453,1,1,64.0,10.166461944580078,0.1924670338630676,54.0,72.0,20.0
Aleuroplatus coronata,Crown Whitefly,Insecta,0,0.0,1,0.6931471805599453,1,1,27.0,18.24726867675781,0.220486506819725,50.0,66.0,20.0
Aleyrodidae,Whiteflies,Insecta,0,0.0,4,1.6094379124341003,3,4,68.0,6.7896265387535095,0.16360710933804506,52.5,72.0,21.0
Alisma triviale,northern water-plantain,Plantae,0,0.0,1,0.6931471805599453,1,1,1.0,2.395158052444458,0.1946154087781906,48.0,70.0,22.0
Allacrotelsa,Unknown,Insecta,0,0.0,2,1.0986122886681098,2,2,95.5,4.181912064552307,0.1556018739938736,50.5,68.5,19.5
Allacrotelsa spinulata,Unknown,Insecta,1,2.0,5,1.791759469228055,3,4,62.4,10.543168473243714,0.1612356513738632,32.0,56.4,23.0
Allium,onions,Plantae,0,0.0,4,1.6094379124341003,4,4,102.25,10.472110748291016,0.1259711533784866,53.75,71.5,20.0
Allium haematochiton,red-skinned onion,Plantae,0,0.0,50,3.9318256327243257,41,40,97.16,7.625934277772903,0.1256595583260059,50.98,70.9,21.76
Allium praecox,Early Onion,Plantae,0,0.0,3,1.3862943611198906,3,3,94.33333333333333,7.38039231300354,0.11943058421214418,51.666666666666664,71.33333333333333,21.333333333333332
Allium vineale,wild garlic,Plantae,0,0.0,1,0.6931471805599453,1,1,100.0,9.884733200073242,0.1193981990218162,53.0,71.0,20.0
Allocryptovalsa microtheca,Unknown,Fungi,0,0.0,1,0.6931471805599453,1,1,2.0,1.1049591302871704,0.107966125011444,49.0,70.0,23.0
Allograpta,Streaktails,Insecta,1,1.0,2,1.0986122886681098,2,2,66.5,9.745516538619995,0.1621616929769516,45.0,72.0,25.5
Allograpta exotica,Exotic Streaktail,Insecta,0,0.0,8,2.1972245773362196,5,8,49.75,8.419304370880127,0.16099342517554757,49.625,70.5,22.125
Allograpta obliqua,Oblique Streaktail,Insecta,1,1.0,29,3.4011973816621555,19,26,73.89655172413794,8.052220447310086,0.1706028423946479,49.689655172413794,71.10344827586206,22.689655172413794
Aloe maculata,soap aloe,Plantae,0,0.0,6,1.9459101490553132,6,6,89.16666666666667,8.410698215166727,0.14466861387093857,50.5,67.5,23.166666666666668
Aloina bifrons,Unknown,Plantae,0,0.0,3,1.3862943611198906,3,3,80.0,8.364472071329752,0.16622177759806311,48.666666666666664,72.33333333333333,23.333333333333332
Alopecosa,Fox Spiders,Arachnida,0,0.0,5,1.791759469228055,5,5,76.2,8.960025405883789,0.16521617174148556,44.0,68.6,26.8
Alopecosa kochi,Koch's Wolf Spider,Arachnida,0,0.0,4,1.6094379124341003,2,2,29.25,11.261182188987732,0.15285450033843515,42.75,69.5,26.0
Alyxoria varia,Bark scribble,Fungi,0,0.0,4,1.6094379124341003,2,2,17.5,12.265742540359497,0.20464486256241796,49.5,66.75,21.5
Amandinea,Button Lichens,Fungi,0,0.0,1,0.6931471805599453,1,1,76.0,6.557013988494873,0.172823965549469,50.0,66.0,24.0
Amandinea punctata,Tiny Button Lichen,Fungi,0,0.0,4,1.6094379124341003,4,4,87.25,9.382320284843445,0.17283930815756318,50.5,69.25,21.25
Amanita,amanita mushrooms,Fungi,0,0.0,2,1.0986122886681098,2,2,101.5,6.608077287673951,0.13927270472049708,52.0,72.0,22.5
Amanita aprica,Sunshine Amanita,Fungi,0,0.0,1,0.6931471805599453,1,1,116.0,2.9912002086639404,0.1423462927341461,56.0,73.0,20.0
Amanita magniverrucata,Pinecone Amanita,Fungi,0,0.0,2,1.0986122886681098,2,2,3.0,2.2078951597213745,0.17393124848604202,50.0,69.0,24.0
Amanita ocreata,Western Destroying Angel,Fungi,0,0.0,1,0.6931471805599453,1,1,49.0,14.707491874694824,0.1930291503667831,49.0,71.0,23.0
Amanita pantherina,Panthercap,Fungi,0,0.0,2,1.0986122886681098,2,2,96.0,2.7802884578704834,0.245256096124649,49.0,72.0,22.0
Amanita pantherinoides,Western Panther,Fungi,0,0.0,2,1.0986122886681098,2,2,106.0,2.885744333267212,0.19380119442939753,52.5,72.5,21.0
Amanita protecta,Protected Ringless Amanita,Fungi,0,0.0,1,0.6931471805599453,1,1,108.0,4.3100199699401855,0.1329637169837951,50.0,64.0,23.0
Amaranthaceae,Amaranth family,Plantae,0,0.0,15,2.772588722239781,14,15,10.066666666666666,10.632065304120381,0.10416374274839953,27.466666666666665,42.733333333333334,15.2
Amaryllidaceae,"amaryllis, onions, and allies",Plantae,0,0.0,1,0.6931471805599453,1,1,14.0,8.944302558898926,0.1570623964071273,50.0,68.0,20.0
Amaryllis belladonna,Belladonna Lily,Plantae,0,0.0,3,1.3862943611198906,3,3,44.666666666666664,8.492462317148844,0.20435330768426255,49.333333333333336,64.66666666666667,22.0
Ambigolimax,Threeband Slugs,Mollusca,0,0.0,3,1.3862943611198906,3,3,40.0,5.795077323913574,0.17791422208150223,50.0,67.66666666666667,22.0
Amblyopappus pusillus,dwarf coastweed,Plantae,1,25.0,37,3.6375861597263857,25,33,19.216216216216218,12.95244362547591,0.10785312125006233,38.37837837837838,61.83783783783784,21.91891891891892
Amblystegium serpens,creeping feather-moss,Plantae,0,0.0,1,0.6931471805599453,1,1,16.0,11.883977890014648,0.2020585238933563,49.0,67.0,23.0
Ambrosia,Ragweeds,Plantae,0,0.0,2,1.0986122886681098,2,2,1.0,0.5524431467056274,0.15257529914379114,48.0,70.0,22.5
Ambrosia chamissonis,silver beachweed,Plantae,1,12.0,21,3.091042453358316,11,21,7.9523809523809526,10.376889115288144,0.12781675053494312,42.285714285714285,64.23809523809524,22.857142857142858
Ambrosia psilostachya,western ragweed,Plantae,0,0.0,42,3.7612001156935624,30,37,13.452380952380953,5.93425962186995,0.15197960056719323,45.023809523809526,65.69047619047619,22.11904761904762
Ambrosia salsola,Cheesebush,Plantae,0,0.0,1,0.6931471805599453,1,1,44.0,16.96847915649414,0.0837998464703559,44.0,71.0,27.0
Ameiurus,Bullheads,Actinopterygii,0,0.0,1,0.6931471805599453,1,1,0.0,0.0,-0.0692435353994369,0.0,0.0,0.0
Amiantis callosa,White Venus,Mollusca,1,1.0,11,2.4849066497880004,9,11,1.0909090909090908,12.338139273903586,-0.01405871727249839,4.2727272727272725,6.7272727272727275,2.272727272727273
Ammopelmatus,North American Jerusalem Crickets,Insecta,1,1.0,20,3.044522437723423,18,20,64.7,13.341289985179902,0.15234394669532772,36.25,55.35,20.4
Ammopelmatus mahogany,Mahogany Jerusalem Cricket,Insecta,0,0.0,14,2.70805020110221,13,12,44.07142857142857,13.225337220089775,0.10944952746441619,30.357142857142858,44.0,15.5
Ammophila,Thread-waisted Sand Wasps,Insecta,0,0.0,24,3.2188758248682006,20,22,57.083333333333336,13.080984860658646,0.16280556966861084,36.416666666666664,56.458333333333336,20.041666666666668
Ammophila aberti,Abert's Thread-waisted Wasp,Insecta,1,1.0,10,2.3978952727983707,8,10,71.8,10.678850555419922,0.14323289021849628,43.2,64.3,21.8
Ammophila procera,Common Thread-waisted Wasp,Insecta,0,0.0,3,1.3862943611198906,3,3,70.0,10.260592619578043,0.16398685673872626,45.333333333333336,71.33333333333333,26.0
Ammotrechidae,Curve-faced Windscorpions,Arachnida,0,0.0,1,0.6931471805599453,1,1,49.0,6.380328178405762,0.1358527392148971,50.0,73.0,22.0
Amoebozoa,Amoebae,Protozoa,0,0.0,2,1.0986122886681098,1,1,3.5,6.692468047142029,0.16436483711004257,47.5,68.5,22.0
Amorpha,False Indigos,Plantae,0,0.0,1,0.6931471805599453,1,1,8.0,16.511411666870117,0.2925603091716766,48.0,68.0,24.0
Amorpha fruticosa,false indigo bush,Plantae,0,0.0,21,3.091042453358316,18,21,7.9523809523809526,15.99470245270502,0.2812092211984452,47.857142857142854,68.0952380952381,23.857142857142858
Ampedus longicornis,Unknown,Insecta,0,0.0,1,0.6931471805599453,1,1,71.0,13.504158973693848,0.1496432721614837,40.0,69.0,28.0
Amphicyrta,Unknown,Insecta,0,0.0,3,1.3862943611198906,1,2,78.33333333333333,12.3281888961792,0.1810608605543772,40.0,69.66666666666667,28.333333333333332
Amphicyrta dentipes,Unknown,Insecta,0,0.0,1,0.6931471805599453,1,1,74.0,9.85202980041504,0.1795330941677093,40.0,71.0,29.0
Amphipoda,Amphipods,Animalia,1,4.0,1,0.6931471805599453,1,1,0.0,8.770644187927246,-0.072754681110382,0.0,0.0,0.0
Amphisbetia furcata,Unknown,Animalia,1,1.0,2,1.0986122886681098,2,2,0.0,2.753965377807617,-0.0251490892842412,0.0,0.0,0.0
Amphispiza bilineata,Black-throated Sparrow,Aves,0,0.0,1,0.6931471805599453,1,1,72.0,6.557014465332031,0.1854265183210373,50.0,66.0,24.0
Amphistichus argenteus,Barred Surfperch,Actinopterygii,1,1.0,2,1.0986122886681098,2,2,3.5,11.365633010864258,0.0019143465906381503,23.5,37.0,12.5
Amphora,Unknown,Chromista,0,0.0,1,0.6931471805599453,1,1,4.0,5.123410224914551,0.1412407755851745,51.0,69.0,20.0
Ampithoidae,Unknown,Animalia,1,1.0,1,0.6931471805599453,1,1,0.0,16.134044647216797,-0.0079121300950646,0.0,0.0,0.0
Amsinckia,Fiddlenecks,Plantae,1,2.0,6,1.9459101490553132,6,6,55.666666666666664,9.303731203079224,0.17499753584464384,47.0,69.5,24.5
Amsinckia menziesii,Common Fiddleneck,Plantae,1,1.0,14,2.70805020110221,10,14,24.0,6.498123390333993,0.1743663836802755,48.42857142857143,68.78571428571429,22.857142857142858
Amsinckia menziesii intermedia,Rancher's fiddleneck,Plantae,0,0.0,7,2.0794415416798357,6,7,54.57142857142857,4.55418028150286,0.15844276334558208,47.285714285714285,70.0,23.571428571428573
Anachemmis,Unknown,Arachnida,0,0.0,1,0.6931471805599453,1,1,75.0,3.548729181289673,0.1761750429868698,50.0,66.0,24.0
Anacolia,Unknown,Plantae,0,0.0,1,0.6931471805599453,1,1,41.0,10.165975570678713,0.1074761897325515,44.0,72.0,26.0
Anacolia menziesii,Menzies' anacolia moss,Plantae,0,0.0,9,2.302585092994046,5,9,77.77777777777777,14.45593950483534,0.15652257535192698,50.888888888888886,68.11111111111111,21.22222222222222
Anacolia menziesii baueri,Bauer's anacolia moss,Plantae,0,0.0,2,1.0986122886681098,2,2,73.0,10.896705150604248,0.15982536226510996,49.5,70.0,22.5
Anambodera,Unknown,Insecta,0,0.0,1,0.6931471805599453,1,1,72.0,13.152216911315918,0.1766756176948547,40.0,71.0,29.0
Anarhynchus nivosus,Snowy Plover,Aves,0,0.0,1,0.6931471805599453,1,1,7.0,1.854334115982056,-0.0267753303050994,45.0,69.0,26.0
Anas acuta,Northern Pintail,Aves,0,0.0,6,1.9459101490553132,5,5,0.6666666666666666,2.3866357604662576,0.13376711308956143,48.833333333333336,69.16666666666667,21.5
Anas crecca,Green-winged Teal,Aves,0,0.0,2,1.0986122886681098,1,1,8.0,10.506307363510132,0.17608642578124994,48.0,70.5,22.0
Anas platyrhynchos,Mallard,Aves,0,0.0,12,2.5649493574615367,12,12,3.1666666666666665,5.195873677730561,0.15393946599215266,44.083333333333336,64.08333333333333,20.833333333333332
Anas platyrhynchos platyrhynchos,Holarctic Mallard,Aves,0,0.0,1,0.6931471805599453,1,1,0.0,0.0,0.1517699807882309,49.0,69.0,20.0
Anastoechus,Unknown,Insecta,0,0.0,3,1.3862943611198906,2,3,60.666666666666664,5.719642798105876,0.176110232869784,47.666666666666664,68.66666666666667,24.0
Anatherum eremicum,southwestern bushy bluestem,Plantae,0,0.0,1,0.6931471805599453,1,1,94.0,4.319532871246338,0.1479548215866089,53.0,71.0,23.0
Anatidae,"Ducks, Geese, and Swans",Aves,1,1.0,1,0.6931471805599453,1,1,0.0,0.0,0.1363352090120315,49.0,69.0,20.0
Anax junius,Common Green Darner,Insecta,0,0.0,3,1.3862943611198906,3,2,47.333333333333336,12.562815189361572,0.2073995967706044,51.0,69.66666666666667,23.666666666666668
Anchoa compressa,Deep-body Anchovy,Actinopterygii,0,0.0,1,0.6931471805599453,1,1,0.0,0.0,0.0973207280039787,47.0,69.0,26.0
Ancistrocerus,Unknown,Insecta,0,0.0,1,0.6931471805599453,1,1,8.0,19.161561965942383,0.0656969174742698,0.0,0.0,0.0
Ancistrocerus bustamente,Unknown,Insecta,0,0.0,2,1.0986122886681098,1,2,48.0,5.16682767868042,0.1676821708679199,47.0,69.0,23.0
Andrena,Mining Bees,Insecta,0,0.0,89,4.499809670330265,27,57,53.752808988764045,16.34507618593366,0.15643302317750585,32.40449438202247,51.21348314606742,18.775280898876403
Andrena caliginosa,Chaparral Currant Miner,Insecta,0,0.0,7,2.0794415416798357,2,3,13.571428571428571,15.236459595816475,0.19300714773791175,49.42857142857143,66.57142857142857,20.571428571428573
Andrena oenotherae,Oenothera Miner,Insecta,0,0.0,3,1.3862943611198906,3,3,67.66666666666667,21.04770787556966,0.15328653156757352,26.666666666666668,46.666666666666664,19.0
Andrenidae,"Miner, Fairy, Allied Panurgine, and Oxaeine Bees",Insecta,0,0.0,1,0.6931471805599453,1,1,116.0,6.601541996002197,0.1490539461374282,53.0,73.0,20.0
Andricus brunneus,Clustered Gall Wasp,Insecta,0,0.0,1,0.6931471805599453,1,1,88.0,4.627367496490479,0.1925376951694488,48.0,71.0,25.0
Andricus chrysolepidicola,Irregular Spindle Gall Wasp,Insecta,0,0.0,6,1.9459101490553132,6,6,104.16666666666667,7.303799470265706,0.13986648122469583,51.0,71.33333333333333,22.666666666666668
Andricus quercuscalifornicus,California Gall Wasp,Insecta,0,0.0,42,3.7612001156935624,32,38,68.19047619047619,8.332711245332446,0.16530938712613918,50.07142857142857,70.26190476190476,22.785714285714285
Andricus reticulatus,Unknown,Insecta,0,0.0,1,0.6931471805599453,1,1,108.0,4.962477207183838,0.1411667466163635,49.0,65.0,21.0
Anemopsis californica,Yerba Mansa,Plantae,0,0.0,18,2.9444389791664403,17,15,4.777777777777778,5.280418184068468,0.20278645720746777,48.05555555555556,69.94444444444444,21.666666666666668
Angiospermae,Flowering Plants,Plantae,1,5.0,80,4.394449154672439,59,70,57.05,12.128804870694875,0.14537559287855398,39.85,60.3625,21.5
Animalia,Animals,Animalia,1,44.0,11,2.4849066497880004,11,9,9.363636363636363,12.485486529090188,0.0013760169544680552,11.909090909090908,19.272727272727273,7.181818181818182
Anisonema,Unknown,Protozoa,0,0.0,1,0.6931471805599453,1,1,0.0,2.7802884578704834,0.1798994094133377,44.0,68.0,24.0
Annaphila decia,Unknown,Insecta,0,0.0,1,0.6931471805599453,1,1,67.0,9.882609367370604,0.1511730551719665,48.0,71.0,25.0
Annelida,Segmented Worms,Animalia,1,9.0,1,0.6931471805599453,1,1,72.0,8.570499420166016,0.1286544799804687,40.0,69.0,28.0
Anniella stebbinsi,San Diegan Legless Lizard,Reptilia,0,0.0,8,2.1972245773362196,7,8,47.125,19.241106308996677,0.13727160217240447,33.0,51.875,19.25
Anobiinae,Death-watch Beetles,Insecta,0,0.0,1,0.6931471805599453,1,1,69.0,22.61054039001465,0.1286544799804687,40.0,69.0,28.0
Anomalon,Unknown,Insecta,0,0.0,1,0.6931471805599453,1,1,103.0,4.506577014923096,0.123661495745182,53.0,71.0,23.0
Anomia peruviana,Pearly Jingle,Mollusca,1,1.0,10,2.3978952727983707,7,10,2.4,8.867004972696304,-0.008033250924199828,9.5,14.4,5.0
Anomiidae,Jingle Shells,Mollusca,0,0.0,1,0.6931471805599453,1,1,11.0,12.218103408813477,-0.0192434675991535,46.0,73.0,26.0
Anorus,Unknown,Insecta,0,0.0,1,0.6931471805599453,1,1,78.0,7.1538286209106445,0.1736809164285659,52.0,73.0,21.0
Anser albifrons,Greater White-fronted Goose,Aves,0,0.0,1,0.6931471805599453,1,1,5.0,1.1049487590789795,0.0530801713466644,45.0,69.0,26.0
Anser caerulescens,Snow Goose,Aves,0,0.0,3,1.3862943611198906,2,3,0.0,2.200178305308024,0.025556801818311232,30.666666666666668,46.0,17.333333333333332
Anstenoptilia marmarodactyla,Sage Plume Moth,Insecta,0,0.0,2,1.0986122886681098,2,2,58.0,3.001261115074158,0.1528012007474899,49.5,72.0,22.5
Anteaglonium,Unknown,Fungi,0,0.0,1,0.6931471805599453,1,1,11.0,15.331048965454102,0.1934829503297805,48.0,71.0,22.0
Anthalia,Unknown,Insecta,0,0.0,2,1.0986122886681098,2,2,90.5,6.545796155929565,0.17709780484437937,50.5,69.0,21.0
Anthaxia,Unknown,Insecta,0,0.0,1,0.6931471805599453,1,1,8.0,17.585195541381836,0.2366933971643448,48.0,68.0,23.0
Anthemis cotula,Stinking chamomile,Plantae,0,0.0,13,2.6390573296152584,12,13,16.0,10.95502331165167,0.20471185216536886,50.15384615384615,67.3076923076923,20.384615384615383
Anthidiellum notatum robertsoni,California Rotund-Resin Bee,Insecta,0,0.0,2,1.0986122886681098,2,2,78.5,13.155019760131836,0.17355744540691376,45.0,71.0,25.0
Anthidium,Unknown,Insecta,0,0.0,2,1.0986122886681098,2,2,60.5,8.222412109375,0.16950035095214838,42.0,71.0,28.0
Anthidium edwardsii,Edwards' Woolcarder,Insecta,0,0.0,3,1.3862943611198906,3,3,69.66666666666667,10.191932678222656,0.1803422371546427,42.666666666666664,71.0,27.666666666666668
Anthidium maculosum,Spotted Woolcarder,Insecta,0,0.0,7,2.0794415416798357,4,6,65.28571428571429,9.95952137027468,0.1577984701309885,40.57142857142857,59.57142857142857,20.857142857142858
Anthidium placitum,Unknown,Insecta,0,0.0,1,0.6931471805599453,1,1,51.0,11.71001434326172,0.1272741705179214,44.0,71.0,27.0
Anthocerotophyta,hornworts,Plantae,0,0.0,2,1.0986122886681098,1,1,52.5,35.36252021789551,0.20708484202623362,50.5,68.0,22.5
Anthocharis sara,Sara Orangetip,Insecta,0,0.0,24,3.2188758248682006,16,19,16.666666666666668,11.998374183972677,0.19580952761073903,49.666666666666664,67.5,21.958333333333332
Anthocharis sara sara,Unknown,Insecta,0,0.0,1,0.6931471805599453,1,1,38.0,17.227901458740234,0.1491612792015075,40.0,69.0,28.0
Anthomyia illocata,Root Maggot Fly,Insecta,0,0.0,1,0.6931471805599453,1,1,83.0,4.963186264038086,0.1975734233856201,50.0,73.0,22.0
Anthomyiidae,Root-maggot Flies,Insecta,1,1.0,1,0.6931471805599453,1,1,104.0,8.462756156921387,0.1552087217569351,51.0,68.0,23.0
Anthonomini,Unknown,Insecta,0,0.0,1,0.6931471805599453,1,1,34.0,8.36037540435791,0.131125122308731,44.0,72.0,26.0
Anthophila,Bees,Insecta,0,0.0,59,4.0943445622221,21,45,57.016949152542374,11.908266451399205,0.1548045287698002,40.40677966101695,62.13559322033898,22.0
Anthophora,Common Digger Bees,Insecta,0,0.0,1,0.6931471805599453,1,1,63.0,8.072856903076172,0.1766283810138702,40.0,71.0,29.0
Anthophora californica,California Digger Bee,Insecta,0,0.0,9,2.302585092994046,7,8,55.0,19.409536838531494,0.15214465227391982,31.77777777777778,47.333333333333336,16.22222222222222
Anthophora curta,Short Sun-digger Bee,Insecta,0,0.0,58,4.07753744390572,12,33,68.91379310344827,9.96565610273131,0.15895966337672593,42.06896551724138,63.275862068965516,22.120689655172413
Anthophora urbana,Urbane Digger Bee,Insecta,0,0.0,2,1.0986122886681098,2,2,39.0,6.7418224811553955,0.17288888990879053,44.5,69.0,26.0
Anthophorini,Digger Bees,Insecta,0,0.0,1,0.6931471805599453,1,1,8.0,8.908872604370117,0.195193201303482,49.0,64.0,20.0
Anthophorula,Unknown,Insecta,0,0.0,21,3.091042453358316,10,14,11.761904761904763,5.9482677437010265,0.16590228038174762,39.95238095238095,70.95238095238095,27.904761904761905
Anthophorula nitens,Shining Mini-Digger,Insecta,0,0.0,9,2.302585092994046,4,6,20.11111111111111,5.146538469526503,0.1581960668166478,41.55555555555556,70.77777777777777,26.77777777777778
Anthopleura,Unknown,Animalia,1,57.0,12,2.5649493574615367,11,9,9.5,10.271877845128378,0.015793646220117797,30.666666666666668,48.25,16.5
Anthopleura elegantissima,Aggregating Anemone,Animalia,1,175.0,12,2.5649493574615367,11,12,7.666666666666667,8.498594760894775,0.012755218815679351,7.666666666666667,12.0,4.0
Anthopleura sola,Sunburst Anemone,Animalia,1,404.0,50,3.9318256327243257,46,43,8.84,10.731047706604004,0.02316971980035305,17.48,27.44,9.28
Anthracinae,Unknown,Insecta,1,1.0,8,2.1972245773362196,7,8,67.25,6.157447248697281,0.1821739040315151,47.125,71.125,24.375
Anthrenus,Unknown,Insecta,0,0.0,1,0.6931471805599453,1,1,68.0,17.87095832824707,0.1968745440244674,40.0,69.0,28.0
Anthrenus lepidus,Unknown,Insecta,1,1.0,17,2.8903717578961645,15,16,54.76470588235294,7.668950052822337,0.17659379804835595,49.411764705882355,70.88235294117646,22.764705882352942
Anthrenus scrophulariae,Anthrenus scrophulariae species group,Insecta,0,0.0,1,0.6931471805599453,1,1,50.0,13.51451587677002,0.1459258198738098,50.0,73.0,22.0
Antirrhineae,Toadflaxes and Allies,Plantae,1,2.0,4,1.6094379124341003,4,4,73.5,12.325224995613098,0.15171449631452558,49.75,71.0,23.0
Antisabia panamensis,Pacific White Hoof Shell,Mollusca,0,0.0,3,1.3862943611198906,1,3,3.3333333333333335,10.643247922261557,-0.025943860566864332,0.0,0.0,0.0
Antitrichia californica,California antitrichia moss,Plantae,1,1.0,1,0.6931471805599453,1,1,102.0,7.151976585388184,0.1496986746788025,51.0,71.0,24.0
Anura,Frogs and Toads,Amphibia,0,0.0,2,1.0986122886681098,2,2,45.0,12.593982219696045,0.18265984207391733,49.0,68.5,22.5
Anuroctonus pococki,California Swollenstinger Scorpion,Arachnida,0,0.0,2,1.0986122886681098,2,2,84.5,10.726873874664307,0.1375027224421501,50.5,67.0,23.5
Anyphaena,Unknown,Arachnida,0,0.0,7,2.0794415416798357,4,6,72.0,8.353193283081055,0.16367309221199577,43.285714285714285,70.28571428571429,26.714285714285715
Anystis,Whirligig Mites,Arachnida,1,1.0,3,1.3862943611198906,3,3,38.0,14.71040560801824,0.14351377387841538,29.333333333333332,48.0,17.0
Apantesis,Unknown,Insecta,1,1.0,1,0.6931471805599453,1,1,6.0,5.507913589477539,0.0856704115867614,0.0,0.0,0.0
Apantesis proxima,Mexican Tiger Moth,Insecta,1,1.0,8,2.1972245773362196,8,8,46.375,21.789280474185944,0.12743918690830466,11.625,18.0,6.25
Aphanisma blitoides,San Diego Coastal-Creeper,Plantae,1,1.0,9,2.302585092994046,8,7,23.22222222222222,13.456134690178764,0.10955424855152761,46.0,72.22222222222223,24.444444444444443
Aphelocoma californica,California Scrub-Jay,Aves,1,1.0,61,4.127134385045092,48,55,69.11475409836065,9.505331438095844,0.1648357418961212,48.68852459016394,68.52459016393442,22.80327868852459
Aphelocoma californica obscura,Belding's Scrub-Jay,Aves,0,0.0,9,2.302585092994046,9,9,72.33333333333333,9.107510513729519,0.1555178711811701,46.888888888888886,71.44444444444444,24.88888888888889
Aphididae,Aphids,Insecta,1,2.0,8,2.1972245773362196,8,8,62.25,9.64092743396759,0.14375546015799043,42.125,61.0,20.75
Aphidiinae,Aphid Mummy Wasps,Insecta,0,0.0,3,1.3862943611198906,2,2,65.66666666666667,6.654992898305257,0.15022929012775418,49.666666666666664,71.66666666666667,23.333333333333332
Aphidinae,Unknown,Insecta,1,1.0,4,1.6094379124341003,3,4,67.75,5.930255949497223,0.16166116856038565,50.5,72.5,21.25
Aphilanthops,Unknown,Insecta,0,0.0,2,1.0986122886681098,2,2,48.0,25.67775297164917,0.1217717677354812,20.0,35.5,14.5
Aphis,Unknown,Insecta,0,0.0,3,1.3862943611198906,3,3,38.666666666666664,15.936184187730154,0.17757556339104966,32.0,47.0,14.666666666666666
Aphis aurantii,Black Citrus Aphid,Insecta,0,0.0,1,0.6931471805599453,1,1,66.0,8.570487022399902,0.1919686645269394,40.0,71.0,29.0
Aphis craccivora,Cowpea Aphid,Insecta,0,0.0,2,1.0986122886681098,1,1,69.5,10.017590999603271,0.1693768501281738,49.0,72.0,24.0
Aphis nerii,Oleander Aphid,Insecta,0,0.0,7,2.0794415416798357,7,7,61.285714285714285,24.57142550604684,0.1452222828354154,12.142857142857142,20.142857142857142,8.142857142857142
Aphis sambuci,Elder Aphid,Insecta,0,0.0,1,0.6931471805599453,1,1,13.0,7.250662803649902,0.1755828112363815,50.0,66.0,20.0
Aphis spiraecola,Spiraea Aphid,Insecta,0,0.0,1,0.6931471805599453,1,1,118.0,4.783067226409912,0.1097687184810638,52.0,73.0,21.0
Aphoebantini,Unknown,Insecta,0,0.0,2,1.0986122886681098,2,2,75.0,9.64404821395874,0.15478487312793732,47.0,72.0,24.5
Aphoebantus,Unknown,Insecta,0,0.0,3,1.3862943611198906,3,3,63.666666666666664,13.427085796991983,0.14716617266337073,31.333333333333332,45.666666666666664,17.0
Aphonopelma,Unknown,Arachnida,0,0.0,6,1.9459101490553132,5,5,82.66666666666667,7.181142568588257,0.15093837802608803,48.0,69.66666666666667,24.833333333333332
Aphonopelma eutylenum,California Ebony Tarantula,Arachnida,0,0.0,3,1.3862943611198906,3,3,53.333333333333336,13.437229474385576,0.20346059898535407,46.0,67.66666666666667,25.333333333333332
Aphonopelma steindachneri,Steindachner's Ebony Tarantula,Arachnida,0,0.0,6,1.9459101490553132,5,5,47.333333333333336,9.25687845547994,0.148880706479152,39.166666666666664,57.166666666666664,20.333333333333332
Aphrophora,Unknown,Insecta,0,0.0,1,0.6931471805599453,1,1,56.0,7.070412635803223,0.1743523031473159,51.0,69.0,20.0
Aphrophoridae,True Spittlebugs,Insecta,0,0.0,3,1.3862943611198906,3,3,37.0,4.507690350214641,0.12471263607343035,30.333333333333332,47.666666666666664,16.0
Aphrophorinae,Unknown,Insecta,0,0.0,1,0.6931471805599453,1,1,113.0,10.33342742919922,0.1423462927341461,56.0,73.0,20.0
Aphyllon parishii brachylobum,short-lobed broomrape,Plantae,0,0.0,1,0.6931471805599453,1,1,16.0,14.323925971984863,0.1360729187726974,46.0,72.0,24.0
Aphyllon tuberosum,Chaparral Broomrape,Plantae,0,0.0,5,1.791759469228055,5,1,116.0,8.361141777038572,0.11193950772285458,51.8,73.0,20.6
Apiaceae,carrot family,Plantae,0,0.0,7,2.0794415416798357,6,7,67.71428571428571,8.443082826478141,0.17606895523411883,48.0,67.57142857142857,24.714285714285715
Apiastrum,Unknown,Plantae,0,0.0,2,1.0986122886681098,2,2,67.5,9.009584188461304,0.15588676184415814,51.5,72.5,20.5
Apiastrum angustifolium,mock parsley,Plantae,0,0.0,34,3.5553480614894135,24,28,60.1764705882353,7.284253562197966,0.15542652742827637,49.55882352941177,71.88235294117646,22.764705882352942
Apinae,Apine Bees,Insecta,0,0.0,6,1.9459101490553132,5,6,34.833333333333336,6.148100932439168,0.1584799413879712,45.5,68.16666666666667,24.833333333333332
Apiocera,Flower-loving Flies,Insecta,0,0.0,5,1.791759469228055,4,5,55.8,8.672310614585877,0.16164453327655787,48.2,71.8,23.4
Apiomerus californicus,California Bee Assassin,Insecta,0,0.0,27,3.332204510175204,19,25,31.703703703703702,10.805622809463078,0.1609493874841266,36.111111111111114,62.592592592592595,24.48148148148148
Apioninae,Pear-shaped Weevils,Insecta,0,0.0,2,1.0986122886681098,2,2,79.0,3.8717373609542847,0.1981788575649261,52.0,72.5,21.0
Apis mellifera,Western Honey Bee,Insecta,1,31.0,290,5.673323267171493,144,211,61.3,10.317883338804902,0.15710124463999064,42.01034482758621,61.8448275862069,21.044827586206896
Apium,Celery and Marshwort,Plantae,0,0.0,1,0.6931471805599453,1,1,0.0,0.9274099469184875,0.2271542847156524,43.0,71.0,27.0
Apium graveolens,Celery,Plantae,1,1.0,12,2.5649493574615367,11,12,5.333333333333333,8.787909795840582,0.2001148735483487,48.5,69.58333333333333,23.25
Aplidium californicum,Pacific Sea Pork,Animalia,1,77.0,6,1.9459101490553132,6,6,7.666666666666667,10.23267936706543,0.006357386553039135,23.0,36.166666666666664,12.333333333333334
Aplysia,Unknown,Mollusca,1,13.0,1,0.6931471805599453,1,1,0.0,0.0,0.0134374788030982,0.0,0.0,0.0
Aplysia californica,California Seahare,Mollusca,1,336.0,8,2.1972245773362196,5,6,6.5,6.034573048353195,0.0695172346313484,17.625,25.875,9.0
Aplysia vaccaria,Black Seahare,Mollusca,1,64.0,3,1.3862943611198906,2,3,1.6666666666666667,8.085501194000244,0.04664732065672677,16.0,24.333333333333332,8.333333333333334
Apocrita,"Narrow-waisted Wasps, Ants, and Bees",Insecta,0,0.0,7,2.0794415416798357,6,7,54.0,9.163180794034686,0.17711712419986722,48.142857142857146,71.57142857142857,23.428571428571427
Apodemia,Unknown,Insecta,0,0.0,2,1.0986122886681098,2,2,50.5,11.196343898773193,0.1531571671366691,44.0,71.5,26.5
Apodemia virgulti,Behr's Metalmark,Insecta,1,2.0,46,3.8501476017100584,33,39,55.84782608695652,12.266875962848248,0.1557620921698601,40.97826086956522,64.52173913043478,23.608695652173914
Apoidea,Bees and Apoid Wasps,Insecta,0,0.0,9,2.302585092994046,8,9,49.44444444444444,9.342159960005018,0.14944053275717628,46.22222222222222,71.11111111111111,24.444444444444443
Apolysis,Unknown,Insecta,0,0.0,4,1.6094379124341003,4,4,60.75,6.8620747327804565,0.17248106002807612,49.0,72.5,23.0
Aporinellus,Unknown,Insecta,0,0.0,1,0.6931471805599453,1,1,60.0,6.663686275482178,0.168618693947792,44.0,71.0,27.0
Aporus,Unknown,Insecta,0,0.0,12,2.5649493574615367,7,12,43.5,8.892205595970154,0.17399618712564305,41.416666666666664,64.16666666666667,23.166666666666668
Apsena,Unknown,Insecta,0,0.0,1,0.6931471805599453,1,1,34.0,8.36037540435791,0.131125122308731,44.0,72.0,26.0
Apsena pubescens,Unknown,Insecta,0,0.0,6,1.9459101490553132,5,6,51.333333333333336,12.89225435256958,0.17636890709400174,47.666666666666664,70.16666666666667,24.166666666666668
Aptostichus,Unknown,Arachnida,0,0.0,5,1.791759469228055,3,4,67.6,15.654470252990723,0.1675171762704849,38.6,55.8,19.2
Arachnida,Arachnids,Arachnida,0,0.0,2,1.0986122886681098,2,2,58.5,25.078347206115723,0.1409914419054985,24.5,36.0,12.0
Arachnis picta,Painted Tiger Moth,Insecta,0,0.0,6,1.9459101490553132,6,6,23.0,12.310190796852112,0.17116707315047583,49.5,70.0,21.833333333333332
Arachnopeziza,Unknown,Fungi,0,0.0,1,0.6931471805599453,1,1,20.0,5.547544956207275,0.2316765785217285,50.0,67.0,20.0
Araneae,Spiders,Arachnida,1,2.0,11,2.4849066497880004,10,11,56.0,9.062938646836715,0.16251894222064447,47.45454545454545,69.27272727272727,23.90909090909091
Araneidae,Orbweavers,Arachnida,0,0.0,9,2.302585092994046,9,9,70.88888888888889,9.819054974450005,0.16664848393864096,40.55555555555556,63.333333333333336,23.0
Araneinae,Typical Orbweavers,Arachnida,0,0.0,6,1.9459101490553132,6,6,66.5,8.845678329467773,0.15160419295231498,45.5,70.5,25.666666666666668
Araneoidea,Orbweavers and Allies,Arachnida,1,2.0,4,1.6094379124341003,4,4,55.0,10.462952256202698,0.17553624324500558,47.5,68.5,23.25
Araneomorphae,Typical Spiders,Arachnida,1,1.0,5,1.791759469228055,5,5,67.4,7.809291934967041,0.16126609742641446,44.4,70.8,25.6
Araneus,Angulate and Roundshouldered Orbweavers,Arachnida,0,0.0,6,1.9459101490553132,5,6,70.16666666666667,14.146509250005087,0.15682210773229596,39.666666666666664,56.333333333333336,20.833333333333332
Araneus andrewsi,Unknown,Arachnida,0,0.0,3,1.3862943611198906,3,3,90.66666666666667,5.747067372004191,0.16303974390029907,46.666666666666664,70.0,24.666666666666668
Araneus bispinosus,Unknown,Arachnida,0,0.0,1,0.6931471805599453,1,1,97.0,16.245059967041016,0.1369224190711975,51.0,68.0,23.0
Araneus detrimentosus,Unknown,Arachnida,0,0.0,4,1.6094379124341003,3,3,104.0,7.473721504211426,0.15537650138139722,51.0,68.0,23.0
Araneus gemma,Gem-shaped Orbweaver,Arachnida,0,0.0,2,1.0986122886681098,2,2,73.0,17.90526056289673,0.1638594940304756,50.5,66.5,20.0
Araneus montereyensis,California Orbweaver,Arachnida,0,0.0,1,0.6931471805599453,1,1,97.0,16.245059967041016,0.1369224190711975,51.0,68.0,23.0
Arbutoideae,"madrones, bearberries, and allies",Plantae,0,0.0,8,2.1972245773362196,8,8,76.5,8.099366545677185,0.1608725897967815,49.375,67.25,23.75
Archaea,Unknown,Unknown,0,0.0,1,0.6931471805599453,1,1,19.0,31.64633178710937,0.0332353003323078,0.0,0.0,0.0
Archaeognatha,Bristletails,Insecta,1,1.0,2,1.0986122886681098,2,2,50.5,12.19724178314209,0.1634861379861831,45.0,71.0,25.0
Archilochus alexandri,Black-chinned Hummingbird,Aves,0,0.0,1,0.6931471805599453,1,1,66.0,8.570487022399902,0.1919686645269394,40.0,71.0,29.0
Archytas,Unknown,Insecta,0,0.0,2,1.0986122886681098,2,2,58.0,12.695580244064331,0.18994216620922083,50.5,69.5,21.5
Archytas apicifer,Hornworm Tachinid Fly,Insecta,0,0.0,2,1.0986122886681098,2,2,59.0,6.062685489654541,0.14897424727678293,51.5,69.5,20.0
Arcitalitrus sylvaticus,Unknown,Animalia,0,0.0,1,0.6931471805599453,1,1,10.0,16.049325942993164,0.2051988244056701,48.0,71.0,22.0
Arctiina,Unknown,Insecta,0,0.0,1,0.6931471805599453,1,1,5.0,5.80803918838501,0.0567141398787498,0.0,0.0,0.0
Arctiinae,Tiger Moths and Allies,Insecta,0,0.0,1,0.6931471805599453,1,1,70.0,8.819408416748047,0.1862930059432983,50.0,73.0,22.0
Arctiini,Tiger Moths,Insecta,0,0.0,5,1.791759469228055,5,5,31.6,14.295781517028809,0.13364648222923275,42.8,69.8,26.6
Arctostaphylos,bearberries and manzanitas,Plantae,0,0.0,11,2.4849066497880004,11,11,92.63636363636364,7.85354133085771,0.15075702491131693,51.63636363636363,70.0909090909091,20.454545454545453
Arctostaphylos glandulosa,Eastwood's Manzanita,Plantae,0,0.0,41,3.7376696182833684,27,36,100.97560975609755,6.957351172842631,0.14823265028436006,51.80487804878049,71.07317073170732,20.902439024390244
Arctostaphylos glauca,Big Berry Manzanita,Plantae,0,0.0,1,0.6931471805599453,1,1,88.0,7.176311016082764,0.1862426996231079,50.0,73.0,22.0
Arcyria,Unknown,Protozoa,0,0.0,4,1.6094379124341003,2,2,79.25,8.321482539176941,0.19255390018224716,50.0,68.25,22.25
Ardea alba,Great Egret,Aves,1,2.0,55,4.02535169073515,47,49,4.654545454545454,4.098634311285886,0.13854102964766996,43.6,66.4,23.181818181818183
Ardea herodias,Great Blue Heron,Aves,1,32.0,23,3.1780538303479458,20,22,4.782608695652174,5.325674062189848,0.12229952985501803,38.34782608695652,57.47826086956522,19.47826086956522
Ardeidae,"Herons, Egrets, and Bitterns",Aves,0,0.0,1,0.6931471805599453,1,1,3.0,9.442011833190918,0.2523244321346283,48.0,68.0,23.0
Ardenna grisea,Sooty Shearwater,Aves,1,2.0,1,0.6931471805599453,1,1,16.0,15.133502960205078,0.092056892812252,46.0,72.0,24.0
Arenivaga,Unknown,Insecta,0,0.0,3,1.3862943611198906,3,3,35.0,6.717501004536946,0.11462135116259253,31.333333333333332,48.333333333333336,16.0
Argia,Dancers,Insecta,0,0.0,2,1.0986122886681098,2,2,2.5,1.8255825638771057,0.23203250765800476,46.5,71.0,23.5
Argia vivida,Vivid Dancer,Insecta,1,1.0,5,1.791759469228055,5,5,26.8,9.707583618164062,0.20416484177112576,50.0,70.4,23.0
Argiope,Garden Orbweavers,Arachnida,0,0.0,8,2.1972245773362196,7,8,60.75,5.69856932759285,0.1503282859921455,46.0,70.0,25.375
Argiope argentata,Silver Garden Orbweaver,Arachnida,1,8.0,221,5.402677381872279,124,168,68.82805429864253,9.079553419108844,0.16123867574320655,47.081447963800905,69.14932126696833,23.914027149321267
Argiope aurantia,Yellow Garden Spider,Arachnida,0,0.0,20,3.044522437723423,13,17,2.95,3.390748029947281,0.20150042101740834,44.9,68.95,24.1
Argiope trifasciata,Banded Garden Spider,Arachnida,0,0.0,9,2.302585092994046,4,9,4.0,3.337737043698629,0.17758288565609184,46.888888888888886,68.66666666666667,24.444444444444443
Argopecten,Unknown,Mollusca,0,0.0,1,0.6931471805599453,1,1,0.0,0.0,-0.072754681110382,0.0,0.0,0.0
Argopecten ventricosus,Pacific Calico Scallop,Mollusca,1,3.0,21,3.091042453358316,15,18,4.285714285714286,6.942384907177517,-0.003146554964284114,6.571428571428571,10.047619047619047,3.5714285714285716
Arguti,Field Highbush Blackberries,Plantae,0,0.0,2,1.0986122886681098,1,2,7.5,8.084321141242981,0.18075310438871378,49.0,70.0,21.5
Argyrodes,Dewdrop Spiders,Arachnida,0,0.0,3,1.3862943611198906,3,3,54.333333333333336,9.247776667277018,0.16626363992691032,46.333333333333336,69.0,23.333333333333332
Argyrodes elevatus,American Dewdrop Spider,Arachnida,0,0.0,3,1.3862943611198906,3,3,78.33333333333333,8.221540689468384,0.14999166131019587,50.333333333333336,69.33333333333333,22.333333333333332
Argyrotaenia franciscana,Orange Tortrix Moth,Insecta,0,0.0,1,0.6931471805599453,1,1,69.0,22.61054039001465,0.1286544799804687,40.0,69.0,28.0
Arhyssus,Unknown,Insecta,0,0.0,3,1.3862943611198906,3,3,62.666666666666664,9.404134432474772,0.16479750970999396,49.666666666666664,71.0,22.666666666666668
Aristida purpurea,Purple Threeawn,Plantae,0,0.0,6,1.9459101490553132,6,6,75.0,6.912232081095378,0.1522881935040156,50.166666666666664,68.16666666666667,23.166666666666668
Aristida purpurea nealleyi,Nealley Threeawn,Plantae,0,0.0,1,0.6931471805599453,1,1,95.0,7.071024894714356,0.1321267485618591,53.0,72.0,19.0
Aristida purpurea purpurea,Purple Threeawn,Plantae,0,0.0,1,0.6931471805599453,1,1,101.0,2.1580522060394287,0.087428942322731,52.0,73.0,24.0
Armadillidium vulgare,Common Pill Woodlouse,Animalia,0,0.0,7,2.0794415416798357,7,7,12.285714285714286,12.819425923483712,0.20371917954513002,48.0,71.28571428571429,24.714285714285715
Arrhenia chlorocyanea,Verdigris Navel,Fungi,0,0.0,1,0.6931471805599453,1,1,31.0,23.034570693969727,0.2036613225936889,51.0,69.0,20.0
Artemisia,wormwoods and sagebrushes,Plantae,1,1.0,7,2.0794415416798357,7,7,40.285714285714285,8.325536438396998,0.1649892649480274,50.142857142857146,70.85714285714286,22.142857142857142
Artemisia californica,California sagebrush,Plantae,1,88.0,287,5.662960480135946,189,224,67.31358885017421,8.467344058722984,0.15689802304792896,47.62369337979094,70.09059233449477,23.735191637630663
Artemisia douglasiana,California mugwort,Plantae,1,1.0,5,1.791759469228055,5,5,5.0,4.690216827392578,0.16825778186321255,48.6,70.0,21.2
Artemisia dracunculus,Tarragon,Plantae,0,0.0,94,4.553876891600541,46,84,49.648936170212764,6.6747821594806425,0.17179834010436176,50.297872340425535,72.09574468085107,21.70212765957447
Artemisia palmeri,San Diego Sagewort,Plantae,0,0.0,34,3.5553480614894135,29,34,10.852941176470589,11.0997933605138,0.2141872782479314,47.970588235294116,68.1470588235294,22.852941176470587
Arthonia,Comma Lichens,Fungi,0,0.0,12,2.5649493574615367,3,9,76.41666666666667,8.738603671391806,0.18167329082886374,45.333333333333336,70.16666666666667,25.833333333333332
Arthonia beccariana,Unknown,Fungi,0,0.0,1,0.6931471805599453,1,1,108.0,6.557060241699219,0.1587554365396499,49.0,72.0,22.0
Arthonia brucei,Unknown,Fungi,0,0.0,2,1.0986122886681098,2,2,72.5,12.153794765472412,0.1792543902993202,49.0,69.5,24.0
Arthonia dispersa,Unknown,Fungi,0,0.0,1,0.6931471805599453,1,1,103.0,3.865122079849243,0.148392766714096,51.0,69.0,22.0
Arthonia mirabilis,Unknown,Fungi,0,0.0,2,1.0986122886681098,1,2,92.5,5.531790018081665,0.13308381661772725,51.0,71.5,23.5
Arthonia sanguinea,Unknown,Fungi,0,0.0,17,2.8903717578961645,5,15,58.35294117647059,11.6500722099753,0.168141954961945,45.470588235294116,69.3529411764706,25.058823529411764
Arthonia tetramera,Unknown,Fungi,0,0.0,2,1.0986122886681098,2,2,86.5,16.527909755706787,0.17013842612504954,50.5,68.5,22.5
Arthonia xanthoparmeliarum,Unknown,Fungi,0,0.0,1,0.6931471805599453,1,1,74.0,11.498225212097168,0.1734926104545593,48.0,71.0,25.0
Arthoniaceae,"Christmas lichens, comma lichens, and allies",Fungi,0,0.0,2,1.0986122886681098,1,2,65.5,10.517068862915039,0.1877808943390846,45.0,68.5,26.5
Arthoniales,Unknown,Fungi,0,0.0,5,1.791759469228055,4,5,87.0,5.253526067733764,0.15640266239643094,46.6,70.6,24.6
Arthoniomycetes,Unknown,Fungi,0,0.0,1,0.6931471805599453,1,1,108.0,4.3100199699401855,0.1329637169837951,50.0,64.0,23.0
Arthopyrenia analepta,Unknown,Fungi,0,0.0,2,1.0986122886681098,1,2,93.0,7.119110107421875,0.1398135051131248,48.5,71.0,23.5
Arthothelium spectabile,Unknown,Fungi,0,0.0,1,0.6931471805599453,1,1,69.0,11.253613471984863,0.1383017003536224,50.0,68.0,23.0
Arthroceras,Unknown,Plantae,0,0.0,1,0.6931471805599453,1,1,7.0,14.276538848876951,0.1870816051959991,44.0,65.0,24.0
Arthroceras subterminale,Parish's glasswort,Plantae,1,1.0,34,3.5553480614894135,30,31,4.147058823529412,5.225681431153241,0.18129467525902912,41.85294117647059,69.58823529411765,26.470588235294116
Arthropoda,Arthropods,Animalia,1,1.0,20,3.044522437723423,17,19,53.55,10.685187703371048,0.16278420351445672,37.4,56.0,19.6
Arundo donax,giant reed,Plantae,0,0.0,6,1.9459101490553132,5,6,24.5,6.800280749797821,0.17782929042975104,51.5,70.66666666666667,21.5
Ascidiacea,Sea Squirts,Animalia,1,6.0,1,0.6931471805599453,1,1,0.0,16.134044647216797,-0.0079121300950646,0.0,0.0,0.0
Ascomycota,Ascomycete Fungi,Fungi,0,0.0,41,3.7376696182833684,10,23,55.68292682926829,9.899241841420896,0.1670595454279242,45.73170731707317,65.39024390243902,22.73170731707317
Ashmeadiella,Unknown,Insecta,0,0.0,86,4.465908118654584,20,60,72.95348837209302,9.752647463665452,0.15659496248808014,41.906976744186046,64.34883720930233,23.546511627906977
Asilidae,Robber Flies,Insecta,0,0.0,2,1.0986122886681098,2,2,82.0,4.373132348060608,0.1720816791057586,51.0,71.5,22.5
Asilinae,Unknown,Insecta,1,1.0,23,3.1780538303479458,16,22,67.82608695652173,9.351541083791982,0.15349740049113395,48.130434782608695,69.95652173913044,24.652173913043477
Asiloidea,Unknown,Insecta,0,0.0,7,2.0794415416798357,4,7,62.285714285714285,7.604820387704032,0.15940961667469566,46.42857142857143,71.71428571428571,25.142857142857142
Asio flammeus,Short-eared Owl,Aves,0,0.0,1,0.6931471805599453,1,1,105.0,0.9274099469184875,0.1580994129180908,51.0,71.0,24.0
Asparagaceae,agave and allies,Plantae,0,0.0,2,1.0986122886681098,2,2,64.5,8.716981410980225,0.1705742850899696,40.0,71.0,29.0
Asparagales,"Agaves, Orchids, Irises, and Allies",Plantae,0,0.0,2,1.0986122886681098,2,2,65.0,7.4620983600616455,0.17022945731878275,40.0,71.0,29.0
Asparagus aethiopicus,African Asparagus,Plantae,0,0.0,1,0.6931471805599453,1,1,2.0,1.1049591302871704,0.107966125011444,49.0,70.0,23.0
Asparagus asparagoides,Cape Smilax,Plantae,1,4.0,5,1.791759469228055,5,5,4.6,4.553560733795166,0.13552821278572075,48.2,71.8,23.6
Asparagus officinalis,wild asparagus,Plantae,0,0.0,5,1.791759469228055,4,4,4.0,1.6503222227096557,0.2274649202823639,48.0,68.6,20.8
Asparagus setaceus,Common Asparagus Fern,Plantae,0,0.0,3,1.3862943611198906,3,3,89.33333333333333,15.662628173828125,0.12857888638973236,34.0,45.333333333333336,15.333333333333334
Asphodeloideae,Aloes and allies,Plantae,0,0.0,1,0.6931471805599453,1,1,76.0,17.227487564086914,0.151039183139801,51.0,69.0,22.0
Asphodelus fistulosus,Onion-Leafed Asphodel,Plantae,0,0.0,5,1.791759469228055,5,5,79.8,10.626133823394776,0.1540648907423019,51.0,70.8,21.2
Asphondylia atriplicis,Tumor Stem Gall Midge,Insecta,1,1.0,1,0.6931471805599453,1,1,67.0,8.28909969329834,0.1552111059427261,40.0,71.0,29.0
Asphondylia enceliae,Unknown,Insecta,0,0.0,1,0.6931471805599453,1,1,40.0,8.570446014404297,0.1204284876585006,44.0,72.0,26.0
Asphondylia photiniae,Toyon Fruit Gall Midge,Insecta,0,0.0,1,0.6931471805599453,1,1,104.0,7.459356784820557,0.1293302476406097,49.0,72.0,22.0
Aspicilia,Sunken Disk Lichens,Fungi,0,0.0,3,1.3862943611198906,3,3,78.0,11.304729779561361,0.133272277812163,52.333333333333336,70.33333333333333,20.666666666666668
Aspicilia aurantiaca,Unknown,Fungi,0,0.0,6,1.9459101490553132,2,5,99.83333333333333,9.700342019399008,0.1517079683641592,49.666666666666664,68.0,21.166666666666668
Aspicilia glaucopsina,Unknown,Fungi,0,0.0,1,0.6931471805599453,1,1,89.0,1.1047683954238892,0.1663353741168975,48.0,71.0,25.0
Aspicilia nashii,Unknown,Fungi,0,0.0,1,0.6931471805599453,1,1,103.0,6.62624979019165,0.13251593708992,50.0,69.0,23.0
Aspidoscelis hyperythrus,Orange-throated Whiptail,Reptilia,0,0.0,76,4.343805421853684,57,65,69.80263157894737,11.546812400221825,0.14599307905882591,40.473684210526315,59.1578947368421,20.276315789473685
Aspidoscelis hyperythrus beldingi,Belding’s Orange-throated Whiptail,Reptilia,0,0.0,9,2.302585092994046,9,9,59.666666666666664,6.880919297536214,0.1561280265450477,47.111111111111114,70.22222222222223,24.555555555555557
Astata,Unknown,Insecta,0,0.0,2,1.0986122886681098,2,2,47.5,13.867178916931152,0.18051251024007797,49.0,69.0,22.5
Asteraceae,"Sunflowers, Daisies, Asters, and Allies",Plantae,1,4.0,48,3.8918202981106265,42,44,58.791666666666664,10.434226430952549,0.15125923293332255,42.1875,62.6875,22.229166666666668
Asterales,"Sunflowers, Bellflowers, Fanflowers, and Allies",Plantae,0,0.0,2,1.0986122886681098,2,2,43.5,13.914042472839355,0.14285809546709055,43.0,70.5,26.0
Astereae,asters and allies,Plantae,1,4.0,14,2.70805020110221,14,13,68.14285714285714,8.043305465153285,0.14571801945567128,47.0,70.85714285714286,25.071428571428573
Asterella bolanderi,Unknown,Plantae,0,0.0,1,0.6931471805599453,1,1,105.0,2.1580822467803955,0.1212031617760658,51.0,67.0,22.0
Asterellopsis palmeri,Palmer's asterella,Plantae,1,1.0,26,3.295836866004329,21,22,85.38461538461539,5.569549652246328,0.15137332333968234,50.57692307692308,71.8076923076923,21.846153846153847
Asteroideae,Unknown,Plantae,1,7.0,53,3.9889840465642745,50,47,61.35849056603774,14.22795800892812,0.1547936765512205,37.16981132075472,55.64150943396226,19.566037735849058
Astigmata,Unknown,Arachnida,0,0.0,1,0.6931471805599453,1,1,91.0,12.220565795898438,0.1654147654771804,52.0,73.0,21.0
Astragalus,milkvetches,Plantae,1,11.0,52,3.970291913552122,43,50,56.0,9.325749979569363,0.15444204067954648,48.15384615384615,71.4423076923077,23.76923076923077
Astragalus didymocarpus,two-seeded milkvetch,Plantae,0,0.0,8,2.1972245773362196,8,7,23.0,12.875260591506958,0.09978655818849796,46.0,72.125,24.25
Astragalus didymocarpus didymocarpus,dwarf white milkvetch,Plantae,0,0.0,1,0.6931471805599453,1,1,6.0,0.0,0.1474899351596832,38.0,71.0,29.0
Astragalus gambelianus,Gambel's milkvetch,Plantae,0,0.0,3,1.3862943611198906,3,2,1.0,3.388905684153239,0.1780128479003906,39.666666666666664,70.33333333333333,27.333333333333332
Astragalus nuttallii,Nuttall's Milkvetch,Plantae,1,1.0,1,0.6931471805599453,1,1,46.0,7.176075458526611,0.1459258198738098,50.0,73.0,22.0
Astragalus pomonensis,Pomona Milkvetch,Plantae,0,0.0,1,0.6931471805599453,1,1,57.0,39.36069107055664,0.1357163488864898,0.0,0.0,0.0
Astragalus trichopodus,Santa Barbara Milkvetch,Plantae,1,59.0,278,5.631211781821365,198,207,51.03237410071942,9.625324216677988,0.15687824709327525,47.42805755395683,70.84172661870504,23.633093525179856
Astragalus trichopodus lonchus,Southern California Milkvetch,Plantae,1,42.0,204,5.3230099791384085,128,157,51.122549019607845,9.628324666443993,0.15201062923662506,46.838235294117645,70.1029411764706,23.808823529411764
Astropecten,Unknown,Animalia,1,3.0,1,0.6931471805599453,1,1,0.0,14.074271202087402,-0.0154938669875264,0.0,0.0,0.0
Astropecten armatus,Spiny Sand Star,Animalia,1,1.0,1,0.6931471805599453,1,1,0.0,18.150854110717773,-0.061722531914711,0.0,0.0,0.0
Astur cooperii,Cooper's Hawk,Aves,1,8.0,16,2.833213344056216,15,15,49.875,7.6366861164569855,0.15091577125713226,48.3125,69.375,23.125
Asydates,Unknown,Insecta,0,0.0,2,1.0986122886681098,2,2,104.5,2.574572801589966,0.0953234583139419,50.0,71.0,23.0
Asydates grandiceps,Unknown,Insecta,0,0.0,1,0.6931471805599453,1,1,108.0,2.882642269134521,0.1520653516054153,50.0,64.0,23.0
Athallia pyracea,Flaming Firedot Lichen,Fungi,0,0.0,2,1.0986122886681098,1,1,106.0,6.545519828796387,0.13715177029371262,51.0,70.5,20.5
Athelia arachnoidea,cobweb duster,Fungi,0,0.0,2,1.0986122886681098,1,2,78.0,8.076083898544312,0.15612995624542236,48.0,69.0,24.5
Atherigona,Shoot Flies,Insecta,0,0.0,1,0.6931471805599453,1,1,72.0,1.4423161745071411,0.1799259930849075,40.0,71.0,29.0
Atherinops affinis,Topsmelt Silverside,Actinopterygii,1,6.0,14,2.70805020110221,12,13,0.0,9.480192967823573,-0.01551856220300707,6.571428571428571,10.142857142857142,3.7142857142857144
Atherinopsidae,Neotropical Silversides,Actinopterygii,0,0.0,1,0.6931471805599453,1,1,0.0,0.0,0.0430407300591468,0.0,0.0,0.0
Atherinopsinae,Unknown,Actinopterygii,0,0.0,1,0.6931471805599453,1,1,0.0,22.047420501708984,-0.0058469013310968,0.0,0.0,0.0
Atopetholidae,Unknown,Animalia,0,0.0,1,0.6931471805599453,1,1,70.0,25.1673583984375,0.1424522697925567,40.0,69.0,28.0
Atrimitra idae,Ida's Mitre,Mollusca,0,0.0,15,2.772588722239781,7,15,5.533333333333333,10.658402887980143,-0.016917777620255946,3.066666666666667,4.866666666666666,1.7333333333333334
Atriplex,Saltbushes,Plantae,1,2.0,18,2.9444389791664403,16,17,36.611111111111114,13.489484243922764,0.12161898654368183,35.27777777777778,55.111111111111114,19.5
Atriplex canescens,Fourwing Saltbush,Plantae,1,15.0,17,2.8903717578961645,9,17,21.705882352941178,13.355499828563017,0.14544824795687894,28.647058823529413,42.1764705882353,14.588235294117647
Atriplex glauca,Waxy Saltbush,Plantae,0,0.0,2,1.0986122886681098,2,2,12.0,7.26038408279419,0.13581634312868116,47.5,70.5,24.5
Atriplex lentiformis,big saltbush,Plantae,1,1.0,6,1.9459101490553132,3,6,30.166666666666668,21.58945067723592,0.1475425213575363,37.666666666666664,57.333333333333336,21.666666666666668
Atriplex leucophylla,beach saltbush,Plantae,1,1.0,2,1.0986122886681098,2,2,14.0,6.824111461639404,0.1143776476383209,25.0,36.0,11.5
Atriplex pacifica,south coast saltscale,Plantae,0,0.0,6,1.9459101490553132,6,6,68.33333333333333,8.563627481460571,0.1271197088062763,47.5,71.33333333333333,23.0
Atriplex prostrata,Creeping Saltbush,Plantae,0,0.0,24,3.2188758248682006,20,24,4.083333333333333,7.56455571949482,0.18775190995074806,42.166666666666664,66.125,25.25
Atriplex semibaccata,berry saltbush,Plantae,1,6.0,104,4.653960350157523,62,89,41.47115384615385,14.587290526009523,0.13243893779200822,33.43269230769231,52.96153846153846,19.528846153846153
Atriplex suberecta,sprawling saltbush,Plantae,0,0.0,1,0.6931471805599453,1,1,0.0,4.411328315734863,0.0451625697314739,47.0,71.0,25.0
Atriplex watsonii,Watson's Saltbush,Plantae,0,0.0,5,1.791759469228055,4,5,2.6,2.479580616950989,0.14262304902076717,47.0,71.4,25.0
Atripliceae,Unknown,Plantae,0,0.0,2,1.0986122886681098,2,2,16.0,15.133502960205078,0.0919384211301803,46.0,72.0,24.0
Attalus,Unknown,Insecta,0,0.0,17,2.8903717578961645,12,15,67.88235294117646,9.39259136424345,0.16153705733663892,45.35294117647059,67.47058823529412,22.176470588235293
Auchenorrhyncha,True Hoppers,Insecta,0,0.0,1,0.6931471805599453,1,1,7.0,14.10228443145752,0.2745655179023742,48.0,68.0,24.0
Audibertia,Unknown,Plantae,0,0.0,5,1.791759469228055,5,5,92.6,7.289481258392334,0.14977202415466306,50.8,70.0,23.2
Augochlorella,Unknown,Insecta,0,0.0,1,0.6931471805599453,1,1,5.0,3.5488064289093018,0.1985486000776291,38.0,71.0,29.0
Augochlorella pomoniella,Peridot Sweat Bee,Insecta,1,3.0,245,5.5053315359323625,47,155,62.673469387755105,12.692793968015788,0.15440185810534318,37.79183673469388,60.2734693877551,22.273469387755103
Aulacothorax,Unknown,Insecta,0,0.0,1,0.6931471805599453,1,1,8.0,3.704791784286499,0.1607478111982345,38.0,71.0,29.0
Aurelia,Moon Jellies,Animalia,0,0.0,2,1.0986122886681098,2,2,4.5,14.717867851257324,-0.007930584251880604,0.0,0.0,0.0
Aurelia labiata,Greater Moon Jelly,Animalia,1,2.0,5,1.791759469228055,5,5,1.0,5.6177592277526855,-0.055358568951487476,0.0,0.0,0.0
Autobranchia,Unknown,Mollusca,1,1.0,2,1.0986122886681098,2,2,13.0,12.816102504730225,0.03771131392568345,23.0,36.0,12.0
Autographa californica,Alfalfa Looper,Insecta,1,1.0,1,0.6931471805599453,1,1,70.0,6.380394458770752,0.1958814114332199,52.0,73.0,21.0
Avena,Oats,Plantae,0,0.0,4,1.6094379124341003,3,3,4.5,5.162456691265106,0.14228369481861586,35.5,51.25,17.75
Avena barbata,slender wild oat,Plantae,0,0.0,6,1.9459101490553132,6,6,28.833333333333332,8.903573950131735,0.18714111049969986,42.5,71.83333333333333,27.333333333333332
Avena fatua,wild oat,Plantae,0,0.0,6,1.9459101490553132,5,6,9.5,5.716907461484273,0.16171812886993087,41.666666666666664,70.66666666666667,26.666666666666668
Aves,Birds,Aves,1,8.0,18,2.9444389791664403,17,17,24.333333333333332,11.386922703848946,0.10321970619649312,33.388888888888886,51.666666666666664,18.0
Avicularioidea,Unknown,Arachnida,0,0.0,1,0.6931471805599453,1,1,70.0,7.74254035949707,0.1785320341587066,40.0,71.0,29.0
Aythya,"Scaups, Pochards, and Allies",Aves,0,0.0,1,0.6931471805599453,1,1,4.0,2.8829762935638428,0.1106416657567024,51.0,69.0,20.0
Aythya affinis,Lesser Scaup,Aves,0,0.0,6,1.9459101490553132,5,5,1.1666666666666667,2.5372656981150317,0.11992098328967886,48.5,69.16666666666667,20.833333333333332
Aythya valisineria,Canvasback,Aves,0,0.0,4,1.6094379124341003,4,4,1.75,2.649056673049927,0.1170880645513534,47.75,69.25,21.25
Aytoniaceae,Unknown,Plantae,0,0.0,3,1.3862943611198906,3,3,78.33333333333333,10.283475716908772,0.1724687467018763,50.666666666666664,68.66666666666667,22.0
Baccharis,Unknown,Plantae,1,17.0,32,3.4965075614664802,30,28,74.8125,6.322878360748291,0.1544736577197909,50.46875,69.1875,22.46875
Baccharis pilularis,coyote brush,Plantae,1,43.0,221,5.402677381872279,122,185,63.5972850678733,6.295129117383137,0.14910745699953168,49.86425339366516,69.99095022624434,22.84162895927602
Baccharis pilularis consanguinea,Chaparral Coyote Brush,Plantae,0,0.0,9,2.302585092994046,8,9,69.77777777777777,8.656903425852457,0.15924367474185092,51.22222222222222,69.11111111111111,22.444444444444443
Baccharis salicifolia,mule fat,Plantae,1,1.0,13,2.6390573296152584,11,12,6.923076923076923,8.996117137945616,0.1733175510397324,50.15384615384615,68.92307692307692,21.53846153846154
Baccharis salicifolia salicifolia,Unknown,Plantae,0,0.0,5,1.791759469228055,5,5,5.8,5.6837806224823,0.1618068844079971,49.2,68.4,21.8
Baccharis salicina,willow baccharis,Plantae,0,0.0,1,0.6931471805599453,1,1,80.0,12.768001556396484,0.1777916997671127,40.0,69.0,28.0
Baccharis sarothroides,Desert Broom,Plantae,1,19.0,46,3.8501476017100584,36,43,63.52173913043478,6.807602691909541,0.16670181569845777,49.95652173913044,70.28260869565217,22.869565217391305
Baccharis sarothroides × pilularis,Unknown,Plantae,0,0.0,3,1.3862943611198906,3,3,42.333333333333336,5.529586394627889,0.154713491598765,49.666666666666664,68.66666666666667,23.0
Baccharis sergiloides,desert baccharis,Plantae,0,0.0,3,1.3862943611198906,3,3,97.0,4.095584392547607,0.1500607033570607,51.0,71.0,22.333333333333332
Bacidina,Unknown,Fungi,0,0.0,1,0.6931471805599453,1,1,36.0,30.142732620239254,0.1512271761894226,51.0,74.0,25.0
Bacidina californica,California Dotlet,Fungi,0,0.0,2,1.0986122886681098,2,2,36.0,8.093276500701904,0.18142511695623395,49.5,70.5,24.0
Bacidina inundata,Flooded Dot Lichen,Fungi,0,0.0,1,0.6931471805599453,1,1,19.0,20.13835906982422,0.1714251488447189,53.0,69.0,21.0
Bacillaria paxillifera,carpenter's rule diatom,Chromista,0,0.0,1,0.6931471805599453,1,1,0.0,0.0,0.109486386179924,44.0,68.0,26.0
Bacillariaceae,Unknown,Chromista,0,0.0,1,0.6931471805599453,1,1,0.0,0.0,0.1729258000850677,44.0,65.0,24.0
Bacillariophyceae,Diatoms,Chromista,1,1.0,5,1.791759469228055,1,2,1.4,2.6769872188568113,0.1594179421663284,46.0,67.4,23.2
Bacteria,Unknown,Unknown,0,0.0,1,0.6931471805599453,1,1,18.0,12.217984199523926,0.2042036801576614,50.0,67.0,20.0
Badumna longinqua,Grey House Spider,Arachnida,0,0.0,1,0.6931471805599453,1,1,1.0,1.4423692226409912,0.2394927740097046,43.0,71.0,27.0
Bagrada hilaris,Bagrada Bug,Insecta,0,0.0,2,1.0986122886681098,2,2,1.0,8.619404792785645,0.08087876392528415,25.0,34.5,12.0
Bahiopsis laciniata,Tornleaf Goldeneye,Plantae,0,0.0,5,1.791759469228055,5,5,3.6,1.2089801669120788,0.05212553627789016,28.6,43.0,15.2
Balanidae,Unknown,Animalia,1,5.0,3,1.3862943611198906,3,3,7.666666666666667,9.185405671596527,0.02215859914819393,16.0,24.333333333333332,8.333333333333334
Balanomorpha,Symmetrical Sessile Barnacles,Animalia,1,17.0,2,1.0986122886681098,2,2,11.0,13.87459421157837,0.0846131234429776,23.0,36.0,12.0
Balanus glandula,Pacific Acorn Barnacle,Animalia,1,34.0,2,1.0986122886681098,2,2,8.5,10.929548740386963,-0.0036997655406594,0.0,0.0,0.0
Balaustiinae,Unknown,Arachnida,0,0.0,1,0.6931471805599453,1,1,46.0,9.199024200439451,0.1359500139951706,44.0,72.0,26.0
Balaustium,Sidewalk Mites,Arachnida,0,0.0,2,1.0986122886681098,2,2,39.0,16.535019397735596,0.08277157135307786,20.0,34.5,14.0
Balcanocerus spinosus,Unknown,Insecta,0,0.0,1,0.6931471805599453,1,1,82.0,8.958444595336914,0.1759597063064575,40.0,71.0,29.0
Bartramiaceae,Unknown,Plantae,0,0.0,1,0.6931471805599453,1,1,102.0,7.151976585388184,0.1496986746788025,51.0,71.0,24.0
Basidiomycota,Basidiomycete Fungi,Fungi,0,0.0,12,2.5649493574615367,6,7,45.416666666666664,11.167041222254435,0.195483465368549,49.333333333333336,67.91666666666667,21.333333333333332
Bassaniana utahensis,Utah Crab Spider,Arachnida,0,0.0,1,0.6931471805599453,1,1,69.0,17.150941848754883,0.1440999656915664,54.0,72.0,20.0
Bassettia ligni,Unknown,Insecta,0,0.0,1,0.6931471805599453,1,1,102.0,7.151976585388184,0.1496986746788025,51.0,71.0,24.0
Bassia,smotherweeds,Plantae,1,1.0,1,0.6931471805599453,1,1,6.0,11.064769744873049,0.0153223006054759,0.0,0.0,0.0
Bassia hyssopifolia,Fivehorn smotherweed,Plantae,1,3.0,7,2.0794415416798357,6,7,6.571428571428571,9.957761764526367,0.05621728154697585,6.428571428571429,9.857142857142858,3.7142857142857144
Batis maritima,Saltwort,Plantae,0,0.0,3,1.3862943611198906,2,3,5.333333333333333,6.799451510111491,0.10666298121213909,31.333333333333332,47.333333333333336,16.666666666666668
Batrachoseps major,Southern California Slender Salamander,Amphibia,0,0.0,17,2.8903717578961645,13,15,89.05882352941177,7.4918253491906555,0.1406725211178555,49.05882352941177,68.58823529411765,23.764705882352942
Battarreaceae,Unknown,Fungi,0,0.0,1,0.6931471805599453,1,1,64.0,6.161853313446045,0.2103205621242523,40.0,71.0,29.0
Bdellidae,Snout Mites,Arachnida,0,0.0,1,0.6931471805599453,1,1,0.0,7.175486564636231,-0.0433752425014972,0.0,0.0,0.0
Bdelloidea,Bdelloid Mites,Arachnida,0,0.0,2,1.0986122886681098,2,2,49.0,10.69754958152771,0.16284617036581034,49.0,69.0,23.5
Bembidion,Unknown,Insecta,1,1.0,3,1.3862943611198906,2,2,24.333333333333332,15.555633068084717,0.1864205300807953,26.666666666666668,46.666666666666664,19.0
Bembix americana,American Sand Wasp,Insecta,0,0.0,3,1.3862943611198906,3,3,46.0,13.261273543039957,0.15703614056110377,47.666666666666664,71.0,24.0
Berberis,Barberries,Plantae,0,0.0,3,1.3862943611198906,3,3,104.33333333333333,8.205192565917969,0.13684292137622833,51.0,68.0,23.0
Berberis nevinii,Nevin's barberry,Plantae,0,0.0,29,3.4011973816621555,24,28,98.86206896551724,7.174742501357506,0.15119190257171103,50.51724137931034,68.24137931034483,23.275862068965516
Berginus nigricolor,Unknown,Insecta,1,1.0,2,1.0986122886681098,2,2,32.0,7.00775146484375,0.16008164733648295,44.0,72.0,26.0
Berginus pumilus,Unknown,Insecta,0,0.0,1,0.6931471805599453,1,1,116.0,6.852861881256104,0.1225131899118423,52.0,73.0,21.0
Berytidae,Stilt Bugs,Insecta,0,0.0,1,0.6931471805599453,1,1,55.0,10.842988014221191,0.1464918106794357,50.0,73.0,22.0
Beta vulgaris,Beet,Plantae,0,0.0,1,0.6931471805599453,1,1,86.0,10.33340549468994,0.1820850372314453,53.0,72.0,19.0
Beta vulgaris maritima,sea beet,Plantae,0,0.0,1,0.6931471805599453,1,1,2.0,1.1049591302871704,0.107966125011444,49.0,70.0,23.0
Bethylidae,Flat wasps,Insecta,0,0.0,2,1.0986122886681098,2,2,95.0,4.782418966293335,0.165240179747343,51.0,71.5,20.5
Bibio,Unknown,Insecta,0,0.0,1,0.6931471805599453,1,1,74.0,6.380422592163086,0.1732107549905777,52.0,73.0,21.0
Bibio albipennis,White-winged March Fly,Insecta,0,0.0,6,1.9459101490553132,4,4,58.666666666666664,6.197137991587321,0.16832582652568814,51.166666666666664,72.33333333333333,21.0
Bicellaria,Unknown,Insecta,0,0.0,1,0.6931471805599453,1,1,88.0,7.176311016082764,0.1862426996231079,50.0,73.0,22.0
Bivalvia,Bivalves,Mollusca,1,9.0,7,2.0794415416798357,7,7,6.571428571428571,12.08703327178955,0.017135379037686742,19.857142857142858,30.857142857142858,10.714285714285714
Blastobasis glandulella,Acorn Moth,Insecta,0,0.0,1,0.6931471805599453,1,1,73.0,4.756318092346191,0.1741988211870193,40.0,71.0,29.0
Blatta orientalis,Oriental Cockroach,Insecta,0,0.0,1,0.6931471805599453,1,1,5.0,4.319738864898682,0.0995944589376449,0.0,0.0,0.0
Blattella vaga,Field Cockroach,Insecta,0,0.0,1,0.6931471805599453,1,1,12.0,6.599734306335449,0.1429046541452407,50.0,68.0,20.0
Blepharipoda occidentalis,Spiny Mole Crab,Animalia,1,12.0,9,2.302585092994046,9,9,13.88888888888889,11.880382855733236,0.025999763165600567,4.444444444444445,7.888888888888889,3.2222222222222223
Blitum,Unknown,Plantae,0,0.0,1,0.6931471805599453,1,1,46.0,7.176075458526611,0.1459258198738098,50.0,73.0,22.0
Blitum californicum,California Goosefoot,Plantae,0,0.0,39,3.6888794541139363,30,35,39.743589743589745,7.410165371038975,0.1890936081226055,48.333333333333336,71.02564102564102,23.076923076923077
Bloomeria,goldenstar,Plantae,0,0.0,3,1.3862943611198906,3,2,61.0,14.101479530334473,0.1592077761888504,44.0,72.0,26.0
Bloomeria crocea,goldenstar,Plantae,0,0.0,9,2.302585092994046,9,9,64.88888888888889,12.10470167795817,0.17939523359139758,47.44444444444444,71.44444444444444,25.11111111111111
Bloomeria crocea crocea,Unknown,Plantae,0,0.0,2,1.0986122886681098,2,2,39.0,17.33342218399048,0.17016661912202835,48.5,70.5,23.5
Bolbitius titubans,yellow fieldcap,Fungi,0,0.0,1,0.6931471805599453,1,1,11.0,10.325753211975098,0.2020876407623291,42.0,69.0,28.0
Bolboschoenus,Clubrushes,Plantae,0,0.0,2,1.0986122886681098,2,2,11.5,18.462860107421875,0.21008976548910135,51.0,71.5,23.5
Bolboschoenus maritimus,sea clubrush,Plantae,0,0.0,11,2.4849066497880004,10,11,6.0,8.800771409815008,0.18518332188779654,49.18181818181818,71.18181818181819,23.90909090909091
Bolboschoenus maritimus paludosus,saltmarsh bulrush,Plantae,0,0.0,2,1.0986122886681098,2,2,7.5,10.304418474435806,0.21597359329462046,50.5,68.5,21.0
Bollmaniulus,Unknown,Animalia,0,0.0,1,0.6931471805599453,1,1,72.0,1.4423161745071411,0.1799259930849075,40.0,71.0,29.0
Bombus,Bumble Bees,Insecta,1,1.0,60,4.110873864173311,24,51,67.25,10.386014767487843,0.16525037673612433,45.46666666666667,67.7,22.7
Bombus californicus,California Bumble Bee,Insecta,1,6.0,68,4.23410650459726,27,52,58.338235294117645,17.01971880039748,0.15483822476337936,35.51470588235294,54.25,18.794117647058822
Bombus melanopygus,Black-tailed Bumble Bee,Insecta,1,1.0,47,3.871201010907891,24,39,60.93617021276596,7.53627361515735,0.16599608704130697,46.48936170212766,67.51063829787235,22.27659574468085
Bombus sonorus,Sonoran Bumble Bee,Insecta,0,0.0,16,2.833213344056216,10,13,33.625,9.712696619331837,0.16647865017876026,37.875,66.625,26.3125
Bombus vosnesenskii,Yellow-faced Bumble Bee,Insecta,1,17.0,940,6.846943139585379,182,382,64.3968085106383,11.357019696654158,0.16271611664127159,41.702127659574465,62.753191489361704,21.422340425531914
Bombycilla cedrorum,Cedar Waxwing,Aves,0,0.0,2,1.0986122886681098,2,2,101.0,8.06142807006836,0.1581599116325378,51.5,71.0,20.5
Bombyliidae,Bee Flies,Insecta,0,0.0,19,2.995732273553991,12,18,68.57894736842105,8.279157817363739,0.17771761276220016,46.36842105263158,71.3157894736842,24.473684210526315
Bombyliinae,Unknown,Insecta,0,0.0,1,0.6931471805599453,1,1,81.0,11.4578218460083,0.1625622361898422,40.0,71.0,29.0
Bombyliini,Unknown,Insecta,0,0.0,2,1.0986122886681098,2,2,37.0,4.982316255569458,0.1762219294905662,39.0,71.0,29.0
Bombylius,Greater Bee Flies,Insecta,0,0.0,15,2.772588722239781,12,14,63.13333333333333,7.619298366705577,0.17197025517622627,45.4,70.73333333333333,25.533333333333335
Bombylius diegoensis,Unknown,Insecta,0,0.0,1,0.6931471805599453,1,1,101.0,1.854334115982056,0.1043564453721046,53.0,71.0,20.0
Bombylius facialis,Unknown,Insecta,0,0.0,2,1.0986122886681098,2,2,67.0,9.060900688171387,0.16570170223712916,40.0,71.0,29.0
Bombylius major,Greater Bee Fly,Insecta,0,0.0,2,1.0986122886681098,2,2,17.5,13.311172008514404,0.20993970334529874,50.0,67.0,20.0
Boraginaceae,borage family,Plantae,1,1.0,15,2.772588722239781,15,15,76.06666666666666,9.710773118336995,0.16503832836945848,44.53333333333333,63.333333333333336,22.4
Bothriocyrtum californicum,California Trapdoor Spider,Arachnida,1,1.0,26,3.295836866004329,19,21,47.38461538461539,6.724941161962656,0.16983195910086996,43.23076923076923,70.76923076923077,26.615384615384617
Botryocladia pseudodichotoma,Red Sea Grapes,Plantae,1,2.0,1,0.6931471805599453,1,1,0.0,0.0,-0.0345417894423007,47.0,71.0,25.0
Botryosphaeriales,Unknown,Fungi,0,0.0,2,1.0986122886681098,2,2,45.0,14.665751934051514,0.17097998410463325,49.0,68.5,23.0
Bourletiellidae,Unknown,Animalia,0,0.0,1,0.6931471805599453,1,1,23.0,13.059515953063965,0.0919384211301803,46.0,72.0,24.0
Bowlesia incana,hoary bowlesia,Plantae,0,0.0,1,0.6931471805599453,1,1,12.0,10.836840629577637,0.2218398600816726,42.0,69.0,28.0
Brachycera,Brachyceran Flies,Insecta,1,2.0,9,2.302585092994046,8,9,63.0,11.497507916556465,0.15353394051392869,37.77777777777778,55.77777777777778,18.22222222222222
Brachygenys californiensis,California Salema,Actinopterygii,0,0.0,1,0.6931471805599453,1,1,4.0,0.0,0.1249566152691841,49.0,70.0,23.0
Brachymeria,Unknown,Insecta,0,0.0,1,0.6931471805599453,1,1,60.0,6.663686275482178,0.168618693947792,44.0,71.0,27.0
Brachynemurini,Long-tailed Antlions,Insecta,0,0.0,2,1.0986122886681098,2,2,99.5,5.690555810928345,0.1354759410023689,52.0,70.0,21.0
Brachynemurus,Unknown,Insecta,0,0.0,1,0.6931471805599453,1,1,114.0,5.808918476104736,0.1180939525365829,51.0,73.0,21.0
Brachynemurus sackeni,Sacken's Antlion,Insecta,0,0.0,3,1.3862943611198906,3,3,74.33333333333333,7.091198762257894,0.14576734602451322,46.666666666666664,70.66666666666667,24.333333333333332
Brachynomada annectens,Unknown,Insecta,0,0.0,9,2.302585092994046,3,4,5.0,5.8304865095350475,0.17574199537436164,38.0,71.0,29.0
Brachypodium,False-bromes,Plantae,0,0.0,1,0.6931471805599453,1,1,6.0,2.395349740982056,0.1952714473009109,0.0,0.0,0.0
Brachypodium distachyon,purple false-brome,Plantae,1,1.0,2,1.0986122886681098,2,2,33.0,9.80824613571167,0.182715356349945,41.0,71.5,27.5
Brachypodium hybridum,Unknown,Plantae,0,0.0,1,0.6931471805599453,1,1,68.0,10.951961517333984,0.1785541772842407,50.0,71.0,25.0
Brachypylina,Unknown,Arachnida,0,0.0,1,0.6931471805599453,1,1,41.0,11.812941551208496,0.1689988821744918,51.0,69.0,20.0
Brachytheciaceae,Unknown,Plantae,0,0.0,7,2.0794415416798357,6,6,50.714285714285715,10.854731355394636,0.17462300402777534,49.42857142857143,69.0,22.285714285714285
Brachythecium,Unknown,Plantae,0,0.0,17,2.8903717578961645,13,16,78.0,9.14226365440032,0.15384391782914889,49.529411764705884,70.41176470588235,22.764705882352942
Brachythecium albicans,Whitish Feather-moss,Plantae,0,0.0,10,2.3978952727983707,9,10,66.7,9.513381552696227,0.1661517299711704,49.8,68.4,22.3
Braconidae,Braconid Wasps,Insecta,0,0.0,2,1.0986122886681098,2,2,81.5,5.7313549518585205,0.1689137145876884,47.0,67.5,25.0
Braconinae,Unknown,Insecta,0,0.0,1,0.6931471805599453,1,1,66.0,7.070948123931885,0.1481854319572448,54.0,72.0,20.0
Brasema,Unknown,Insecta,0,0.0,1,0.6931471805599453,1,1,71.0,5.808918476104736,0.1600304394960403,52.0,73.0,21.0
Brassica,cabbages and mustards,Plantae,0,0.0,1,0.6931471805599453,1,1,8.0,3.704791784286499,0.1607478111982345,38.0,71.0,29.0
Brassica rapa,field mustard,Plantae,1,1.0,1,0.6931471805599453,1,1,4.0,0.9274099469184875,0.2549227178096771,46.0,68.0,22.0
Brassica tournefortii,Saharan Mustard,Plantae,1,3.0,7,2.0794415416798357,7,7,47.142857142857146,14.693592139652797,0.14582380226680208,39.57142857142857,57.42857142857143,20.428571428571427
Brassicaceae,mustard family,Plantae,1,3.0,12,2.5649493574615367,11,11,50.25,13.084476709365845,0.1541346292942762,39.5,58.583333333333336,20.083333333333332
Brassiceae,Unknown,Plantae,1,1.0,2,1.0986122886681098,2,2,34.0,8.870357275009155,0.1822430118918419,49.5,68.5,21.0
Brassicodae,Unknown,Plantae,0,0.0,3,1.3862943611198906,3,3,58.666666666666664,12.215757052103678,0.1528214092055956,48.0,72.0,23.333333333333332
Brassicoideae,Unknown,Plantae,0,0.0,6,1.9459101490553132,6,6,50.0,11.028821547826132,0.13690542181332901,31.5,45.5,16.333333333333332
Brephidium exilis,Western Pygmy-Blue,Insecta,1,3.0,24,3.2188758248682006,17,21,25.958333333333332,9.779762014746666,0.16020401784529284,40.583333333333336,65.75,24.0
Brevitrichia,Unknown,Insecta,0,0.0,1,0.6931471805599453,1,1,52.0,12.794121742248535,0.1358527392148971,50.0,73.0,22.0
Brickellia californica,California Brickellbush,Plantae,0,0.0,6,1.9459101490553132,5,6,59.5,12.372490723927816,0.12121179575721419,52.0,70.5,20.5
Brodiaeoideae,Brodiaea subfamily,Plantae,0,0.0,4,1.6094379124341003,4,4,59.0,14.735692262649536,0.1581413391977548,49.0,70.0,24.0
Bromus,bromes,Plantae,1,1.0,19,2.995732273553991,17,19,52.0,13.544165589307484,0.15338996091955584,39.78947368421053,59.31578947368421,20.789473684210527
Bromus carinatus,California brome,Plantae,0,0.0,2,1.0986122886681098,2,2,41.0,6.595881342887878,0.19946157932281494,45.0,70.0,24.0
Bromus catharticus catharticus,rescue grass,Plantae,0,0.0,1,0.6931471805599453,1,1,15.0,15.292698860168455,0.1285638064146042,51.0,69.0,22.0
Bromus diandrus,great brome,Plantae,0,0.0,13,2.6390573296152584,12,13,23.076923076923077,7.741261335519644,0.16004188530720193,41.30769230769231,65.0,23.0
Bromus hordeaceus,common soft brome,Plantae,0,0.0,2,1.0986122886681098,2,2,6.0,6.374217391014099,0.17784427851438517,38.0,71.0,29.0
Bromus madritensis,Compact Brome,Plantae,1,1.0,11,2.4849066497880004,10,11,71.63636363636364,10.655910058455033,0.1823800531300631,48.54545454545455,70.27272727272727,23.636363636363637
Bromus rubens,Red Brome,Plantae,1,5.0,59,4.0943445622221,33,46,60.08474576271186,12.292666084685568,0.15734126841870402,43.74576271186441,64.49152542372882,22.11864406779661
Bromus sterilis,Barren Brome,Plantae,0,0.0,1,0.6931471805599453,1,1,5.0,5.681715488433838,0.1373009979724884,51.0,69.0,20.0
Bromus tectorum,Cheatgrass,Plantae,0,0.0,1,0.6931471805599453,1,1,72.0,6.163002014160156,0.1608114838600158,52.0,73.0,21.0
Bruchidius villosus,Broom Seed Beetle,Insecta,0,0.0,1,0.6931471805599453,1,1,70.0,5.209060192108154,0.185618594288826,52.0,73.0,21.0
Bruchinae,Pea and Bean Weevils,Insecta,0,0.0,1,0.6931471805599453,1,1,44.0,5.20895528793335,0.1513578742742538,50.0,72.0,22.0
Bruchini,Unknown,Insecta,0,0.0,3,1.3862943611198906,2,3,68.66666666666667,6.048606872558594,0.1505774309237798,50.666666666666664,73.0,21.666666666666668
Bryaceae,Unknown,Plantae,0,0.0,12,2.5649493574615367,8,11,75.08333333333333,9.911896030108133,0.16551513100663817,48.833333333333336,68.91666666666667,22.666666666666668
Bryocentria,Unknown,Fungi,0,0.0,1,0.6931471805599453,1,1,103.0,8.463757514953613,0.1714671403169632,49.0,72.0,22.0
Bryophyta,Mosses,Plantae,1,10.0,50,3.9318256327243257,26,34,74.22,10.114459929466248,0.16321343913674352,50.08,68.7,21.84
Bryopsida,Joint-toothed Mosses,Plantae,1,1.0,8,2.1972245773362196,6,8,80.5,13.797888100147247,0.1534768640995025,46.75,69.625,24.25
Bryozoa,Bryozoans,Animalia,1,11.0,2,1.0986122886681098,2,2,12.0,18.021653175354004,0.0087717327987775,0.0,0.0,0.0
Bryum argenteum,Silvery Bryum,Plantae,0,0.0,9,2.302585092994046,6,7,43.0,11.80854739083184,0.1587139326665136,49.888888888888886,69.11111111111111,21.88888888888889
Bryum barnesii,Barnes' Bryum,Plantae,0,0.0,1,0.6931471805599453,1,1,101.0,9.852946281433104,0.1373021602630615,53.0,72.0,19.0
Bryum gemmilucens,Unknown,Plantae,0,0.0,1,0.6931471805599453,1,1,105.0,4.756384372711182,0.1607695668935775,49.0,72.0,22.0
Bryum lanatum,Silvergreen Bryum Moss,Plantae,0,0.0,2,1.0986122886681098,2,2,68.5,8.613686084747314,0.17847581207752225,49.0,72.0,24.0
Bubo virginianus,Great Horned Owl,Aves,1,1.0,11,2.4849066497880004,9,11,54.90909090909091,9.698696353218772,0.18805558573115952,48.63636363636363,70.27272727272727,23.0
Bubo virginianus pacificus,Coastal Great Horned Owl,Aves,0,0.0,2,1.0986122886681098,2,2,48.0,3.6535522043704987,0.11285868473350995,25.0,33.5,12.5
Bucephala albeola,Bufflehead,Aves,0,0.0,7,2.0794415416798357,7,7,1.8571428571428572,3.0239037105015347,0.12843977447066984,47.42857142857143,69.14285714285714,22.142857142857142
Buellia,Button lichens,Fungi,0,0.0,9,2.302585092994046,5,7,59.333333333333336,12.28528462515937,0.16076093912124628,44.55555555555556,70.66666666666667,25.88888888888889
Buellia abstracta,Unknown,Fungi,0,0.0,2,1.0986122886681098,2,2,98.5,8.270441770553589,0.17740952968597407,50.5,72.5,21.5
Buellia disciformis,Boreal Button Lichen,Fungi,0,0.0,1,0.6931471805599453,1,1,45.0,20.195112228393555,0.1327363103628158,40.0,71.0,29.0
Buellia erubescens,Common Button Lichen,Fungi,0,0.0,1,0.6931471805599453,1,1,73.0,14.624289512634276,0.158021405339241,51.0,65.0,21.0
Buellia halonia,Seaside Button Lichen,Fungi,0,0.0,6,1.9459101490553132,2,5,64.66666666666667,10.512300570805868,0.1689468572537104,49.0,68.0,21.666666666666668
Buellia maritima,Unknown,Fungi,0,0.0,1,0.6931471805599453,1,1,60.0,11.064340591430664,0.1316462606191635,40.0,71.0,29.0
Buellia muriformis,Unknown,Fungi,0,0.0,1,0.6931471805599453,1,1,73.0,12.79432487487793,0.1706096827983856,50.0,73.0,22.0
Buellia oidalea,Unknown,Fungi,0,0.0,8,2.1972245773362196,4,8,60.625,10.322308421134949,0.18019904009997842,47.75,67.75,23.0
Buenoa,Unknown,Insecta,0,0.0,1,0.6931471805599453,1,1,3.0,2.882939100265503,0.1657729893922805,53.0,70.0,21.0
Bugula neritina,brown bryozoan,Animalia,1,5.0,1,0.6931471805599453,1,1,8.0,7.902680397033691,0.023090872913599,0.0,0.0,0.0
Bulla,Unknown,Mollusca,0,0.0,1,0.6931471805599453,1,1,1.0,0.9274099469184875,0.2294906377792358,43.0,71.0,27.0
Bulla gouldiana,Cloudy Bubble Snail,Mollusca,0,0.0,1,0.6931471805599453,1,1,0.0,0.0,0.0214681159704923,0.0,0.0,0.0
Buprestidae,Jewel Beetles,Insecta,0,0.0,2,1.0986122886681098,2,2,105.0,8.375927925109863,0.1402595043182373,51.0,68.0,23.0
Buprestis laeviventris,Unknown,Insecta,0,0.0,10,2.3978952727983707,7,10,85.6,8.810425090789796,0.159490430355072,48.4,69.4,24.4
Burnettweldia,Unknown,Insecta,0,0.0,5,1.791759469228055,5,5,64.0,7.461189556121826,0.16654117107391353,49.2,69.0,22.2
Burnettweldia californicordazi,Unknown,Insecta,0,0.0,1,0.6931471805599453,1,1,106.0,9.195145606994627,0.1638592630624771,50.0,69.0,23.0
Burnettweldia plumbella,Beaked Twig Gall Wasp,Insecta,0,0.0,22,3.1354942159291497,20,21,93.54545454545455,6.094873376867988,0.1421960014849901,46.95454545454545,66.18181818181819,22.40909090909091
Burnettweldia washingtonensis,Unknown,Insecta,0,0.0,6,1.9459101490553132,4,5,73.0,8.710882425308228,0.17451409002145127,49.0,69.5,22.833333333333332
Burnsius albezens,White Checkered-Skipper,Insecta,0,0.0,8,2.1972245773362196,5,8,8.375,8.275988101959229,0.1818502284586429,49.375,70.0,22.5
Buteo,Buteos,Aves,0,0.0,4,1.6094379124341003,4,4,72.5,4.53588792681694,0.14009393937885756,50.0,69.75,24.0
Buteo albonotatus,Zone-tailed Hawk,Aves,0,0.0,1,0.6931471805599453,1,1,69.0,11.805397033691406,0.175760880112648,40.0,71.0,29.0
Buteo jamaicensis,Red-tailed Hawk,Aves,1,25.0,197,5.288267030694535,131,177,52.49238578680203,10.012274637742696,0.15053700355028135,42.6243654822335,63.142131979695435,22.32994923857868
Buteo jamaicensis calurus,Western Red-tailed Hawk,Aves,0,0.0,9,2.302585092994046,6,9,57.333333333333336,12.157602310180664,0.1455635560883416,40.44444444444444,62.111111111111114,23.0
Buteo lineatus,Red-shouldered Hawk,Aves,0,0.0,16,2.833213344056216,15,16,31.125,9.645410552620888,0.1751857153140008,44.75,66.125,22.875
Buteoninae,"Buteonine Hawks, Kites, and allies",Aves,0,0.0,1,0.6931471805599453,1,1,87.0,9.441935539245604,0.1276955753564834,50.0,67.0,25.0
Butorides virescens,Green Heron,Aves,0,0.0,1,0.6931471805599453,1,1,0.0,6.380167007446289,0.1384718120098114,47.0,69.0,26.0
Byssomerulius corium,Netted Crust,Fungi,0,0.0,1,0.6931471805599453,1,1,82.0,2.883188486099243,0.1420511454343795,50.0,73.0,22.0
Byssonectria,Unknown,Fungi,0,0.0,1,0.6931471805599453,1,1,96.0,2.7802884578704834,0.245256096124649,49.0,72.0,22.0
Cacama,Cactus Dodger Cicadas,Insecta,1,1.0,6,1.9459101490553132,3,5,74.5,6.007620771725972,0.1765565536916256,43.833333333333336,70.66666666666667,26.5
Cacama crepitans,Coastal Cactus Dodger,Insecta,1,3.0,20,3.044522437723423,17,20,58.6,12.266521489620208,0.155702206492424,38.85,60.15,22.05
Cactaceae,cacti,Plantae,0,0.0,1,0.6931471805599453,1,1,60.0,34.08702087402344,0.1419512331485748,0.0,0.0,0.0
Cactophagus spinolae,Cactus Weevil,Insecta,0,0.0,25,3.258096538021482,20,21,40.52,8.71549708366394,0.16938357472419735,43.4,70.16,26.2
Cactophagus spinolae validus,Unknown,Insecta,0,0.0,2,1.0986122886681098,2,2,9.0,9.007094383239746,0.18469318747520447,44.0,67.5,25.5
Caeculidae,Rake-Legged Mites,Arachnida,0,0.0,1,0.6931471805599453,1,1,109.0,8.516891479492188,0.1432505548000335,49.0,72.0,22.0
Caelifera,"Grasshoppers, Locusts, and Allies",Insecta,0,0.0,1,0.6931471805599453,1,1,6.0,13.257582664489746,0.2223810702562332,42.0,69.0,28.0
Caenogastropoda,Caenogastropods,Mollusca,1,2.0,1,0.6931471805599453,1,1,0.0,17.147899627685547,-0.0451257303357124,0.0,0.0,0.0
Caesia fossata,Channeled Basket Snail,Mollusca,1,3.0,7,2.0794415416798357,5,7,4.428571428571429,11.267192031655993,0.010021747555583686,6.857142857142857,10.428571428571429,3.5714285714285716
Caesia perpinguis,Fat Nassa,Mollusca,1,8.0,2,1.0986122886681098,2,2,10.5,11.05021333694458,-0.02325688209384675,23.0,36.5,13.0
Cafius,Unknown,Insecta,0,0.0,1,0.6931471805599453,1,1,0.0,0.0,-0.0468782521784305,0.0,0.0,0.0
Cakile maritima,European Searocket,Plantae,1,5.0,37,3.6375861597263857,28,35,5.081081081081081,10.443540813149633,0.08437037226001451,31.783783783783782,48.648648648648646,17.16216216216216
Calandrinia menziesii,redmaids,Plantae,1,3.0,5,1.791759469228055,5,5,12.4,18.080237245559694,0.1562522053718567,48.4,69.4,23.4
Calanoida,Calanoid Copepods,Animalia,1,2.0,1,0.6931471805599453,1,1,0.0,0.0,0.1901338100433349,44.0,68.0,24.0
Calasterella californica,California asterella,Plantae,1,1.0,36,3.6109179126442243,21,31,71.63888888888889,11.933491773075527,0.18119425202409423,48.27777777777778,69.41666666666667,23.22222222222222
Calephelis nemesis,Fatal Metalmark,Insecta,0,0.0,54,4.007333185232471,18,43,56.333333333333336,7.567527753335458,0.179248074138606,51.074074074074076,71.62962962962963,21.12962962962963
Calephelis nemesis dammersi,Unknown,Insecta,0,0.0,1,0.6931471805599453,1,1,77.0,6.62609338760376,0.1845535784959793,52.0,73.0,21.0
Caliciaceae,Button and Allied Lichens,Fungi,1,1.0,6,1.9459101490553132,3,3,81.66666666666667,11.05908473332723,0.14740721260507897,51.333333333333336,65.5,20.833333333333332
Caliciales,"button lichens, rosette lichens, and allies",Fungi,0,0.0,2,1.0986122886681098,2,2,105.5,6.414522886276245,0.1685196235775947,50.0,67.5,22.0
Calicium abietinum,Unknown,Fungi,0,0.0,2,1.0986122886681098,2,1,98.5,11.077499389648438,0.12526035681366915,51.0,69.0,22.0
Calidris,Calidris Sandpipers,Aves,0,0.0,1,0.6931471805599453,1,1,5.0,6.852149963378906,-0.0877992138266563,0.0,0.0,0.0
Calidris alba,Sanderling,Aves,1,4.0,9,2.302585092994046,5,7,0.1111111111111111,2.0084071490499706,0.028316817556818294,10.333333333333334,14.777777777777779,5.333333333333333
Calidris minutilla,Least Sandpiper,Aves,0,0.0,3,1.3862943611198906,3,3,1.6666666666666667,2.189829190572103,0.07683735216657316,30.666666666666668,47.0,17.0
Californicae,Cuscuta sect. Californicae,Plantae,0,0.0,2,1.0986122886681098,2,2,36.5,4.269241094589233,0.1775970458984375,49.5,71.0,22.0
Californiconus californicus,California Cone,Mollusca,1,29.0,10,2.3978952727983707,9,10,6.0,11.824264907836914,-0.003748881584033389,4.6,7.3,2.6
Callianax biplicata,Purple Olive Snail,Mollusca,1,36.0,28,3.367295829986474,21,23,6.428571428571429,12.506640587534223,-0.01090181784976656,6.571428571428571,10.357142857142858,3.5714285714285716
Callimelissodes,Unknown,Insecta,0,0.0,2,1.0986122886681098,1,1,9.0,7.016056776046753,0.19078397750854487,49.0,67.0,23.0
Callinicus,Unknown,Insecta,0,0.0,1,0.6931471805599453,1,1,96.0,6.851320266723633,0.1334729641675949,50.0,67.0,25.0
Callinicus pictitarsis,Unknown,Insecta,0,0.0,1,0.6931471805599453,1,1,106.0,9.259034156799316,0.1730725616216659,50.0,69.0,23.0
Calliopsima,Unknown,Insecta,0,0.0,2,1.0986122886681098,1,2,5.5,5.30970299243927,0.2037931755185127,38.0,71.0,29.0
Calliopsis,Unknown,Insecta,0,0.0,2,1.0986122886681098,1,2,5.5,5.30970299243927,0.2037931755185127,38.0,71.0,29.0
Calliopsis hesperia,Unknown,Insecta,0,0.0,3,1.3862943611198906,1,1,8.0,5.547544956207275,0.1777959316968917,49.0,67.0,23.0
Calliopsis pugionis,Unknown,Insecta,0,0.0,2,1.0986122886681098,2,2,32.5,17.03031873703003,0.17517257481813425,19.0,35.5,14.5
Calliopsis rhodophila,Unknown,Insecta,0,0.0,2,1.0986122886681098,2,2,5.5,5.309700846672058,0.1845670118927955,38.0,71.0,29.0
Callipepla californica,California Quail,Aves,0,0.0,26,3.295836866004329,22,24,74.5,9.477002684886639,0.1635041532035057,47.88461538461539,70.15384615384616,24.384615384615383
Callipepla californica californica,Northern California Quail,Aves,0,0.0,1,0.6931471805599453,1,1,105.0,4.319429874420166,0.1624626070261001,49.0,65.0,21.0
Calliphora,Bluebottle Flies,Insecta,0,0.0,5,1.791759469228055,3,5,27.2,13.415216064453125,0.15583021044731135,47.4,70.8,25.2
Calliphora vicina,Blue Blowfly,Insecta,0,0.0,9,2.302585092994046,5,9,61.55555555555556,7.602146996392144,0.17123612844281721,50.111111111111114,72.33333333333333,22.22222222222222
Calliphoridae,Blow Flies,Insecta,0,0.0,7,2.0794415416798357,6,6,68.42857142857143,5.180205566542489,0.1717512990747179,48.0,71.57142857142857,23.428571428571427
Calliphorinae,Unknown,Insecta,0,0.0,2,1.0986122886681098,2,2,79.5,4.704646348953247,0.1998461931943893,52.5,72.5,20.0
Callirhytis perdens,Ruptured Twig Gall Wasp,Insecta,0,0.0,1,0.6931471805599453,1,1,87.0,9.441935539245604,0.1276955753564834,50.0,67.0,25.0
Callirhytis quercussuttoni,Gouty Stem Gall Wasp,Insecta,0,0.0,3,1.3862943611198906,2,2,99.66666666666667,4.9379372000694275,0.17456988990306851,49.666666666666664,70.33333333333333,24.0
Callitriche,Water Starworts,Plantae,0,0.0,3,1.3862943611198906,2,3,108.33333333333333,3.210136890411377,0.14114919304847715,49.333333333333336,66.66666666666667,22.0
Callitriche marginata,Winged Water-starwort,Plantae,0,0.0,10,2.3978952727983707,6,7,109.1,2.892278844118118,0.13847420439124103,49.4,65.9,22.0
Callocardiinae,Unknown,Mollusca,0,0.0,2,1.0986122886681098,2,2,0.0,7.68023443222046,-0.0489564230665564,0.0,0.0,0.0
Callophrys augustinus,Brown Elfin,Insecta,0,0.0,4,1.6094379124341003,2,2,62.75,6.94057297706604,0.12735681980848307,47.0,70.25,24.75
Callophrys dumetorum,Lotus Hairstreak,Insecta,0,0.0,6,1.9459101490553132,5,6,85.83333333333333,11.223404884338379,0.16462384661038712,50.333333333333336,71.5,22.833333333333332
Callophyllis,Unknown,Plantae,0,0.0,1,0.6931471805599453,1,1,0.0,9.848129272460938,0.0160307493060827,45.0,71.0,27.0
Callosobruchus,Unknown,Insecta,0,0.0,1,0.6931471805599453,1,1,76.0,10.01482391357422,0.1524463146924972,52.0,73.0,21.0
Calochortus,mariposa lilies,Plantae,0,0.0,10,2.3978952727983707,10,10,73.6,8.848786115646362,0.15581022650003432,44.0,70.3,26.5
Calochortus splendens,Splendid Mariposa Lily,Plantae,0,0.0,187,5.236441962829949,136,133,57.101604278074866,10.339355111759614,0.1555741758827857,45.22994652406417,70.16577540106952,25.032085561497325
Calogaya,Unknown,Fungi,0,0.0,1,0.6931471805599453,1,1,15.0,16.8104190826416,0.1255755275487899,51.0,69.0,22.0
Caloplaca,Firedots,Fungi,0,0.0,10,2.3978952727983707,5,9,50.9,9.348757600784301,0.17557322308421133,49.4,69.4,22.5
Caloplaca pygmaea,Unknown,Fungi,0,0.0,2,1.0986122886681098,1,1,17.0,12.050981044769287,0.20313110202550885,49.5,67.0,21.5
Caloplaca stanfordensis,Unknown,Fungi,0,0.0,13,2.6390573296152584,3,10,27.0,9.334447209651653,0.16153638523358563,44.76923076923077,69.6923076923077,25.53846153846154
Caloplaca subpyraceella,Unknown,Fungi,0,0.0,18,2.9444389791664403,9,11,96.33333333333333,6.220644579993354,0.13627299625012604,51.166666666666664,70.83333333333333,21.22222222222222
Caloptilia,Unknown,Insecta,0,0.0,1,0.6931471805599453,1,1,34.0,8.36037540435791,0.131125122308731,44.0,72.0,26.0
Caloptilia stigmatella,Willow Leafcone Caterpillar Moth,Insecta,0,0.0,1,0.6931471805599453,1,1,74.0,5.507689952850342,0.1761750429868698,40.0,71.0,29.0
Calosoma,Caterpillar-hunter Beetles,Insecta,0,0.0,2,1.0986122886681098,2,1,49.5,5.6240234375,0.0422338843345642,25.5,35.5,12.0
Calosoma semilaeve,Black Calosoma,Insecta,0,0.0,1,0.6931471805599453,1,1,102.0,9.18950366973877,0.1178663372993469,53.0,71.0,20.0
Calvatia,Unknown,Fungi,0,0.0,3,1.3862943611198906,2,2,102.33333333333333,8.66181230545044,0.14658672114213303,45.0,65.66666666666667,23.333333333333332
Calvatia booniana,Western Giant Puffball,Fungi,0,0.0,4,1.6094379124341003,4,4,103.5,4.986704230308533,0.14969729632139203,52.0,71.5,21.25
Calvatia pachyderma,Elephant-skin Puffball,Fungi,0,0.0,1,0.6931471805599453,1,1,56.0,15.047643661499023,0.1713127195835113,46.0,72.0,24.0
Calycomyza enceliae,Unknown,Insecta,0,0.0,1,0.6931471805599453,1,1,118.0,3.7936606407165527,0.1225131899118423,52.0,73.0,21.0
Calycomyza lantanae,Lantana Leaf Blotch Miner,Insecta,0,0.0,1,0.6931471805599453,1,1,64.0,10.166461944580078,0.1924670338630676,54.0,72.0,20.0
Calypte,Anna's and Costa's Hummingbirds,Aves,0,0.0,1,0.6931471805599453,1,1,15.0,19.7292594909668,0.2051626741886139,49.0,64.0,20.0
Calypte anna,Anna's Hummingbird,Aves,1,17.0,148,5.003946305945459,85,116,71.20945945945945,8.983029387689925,0.1581433233679146,47.16891891891892,68.5,23.277027027027028
Calypte costae,Costa's Hummingbird,Aves,0,0.0,2,1.0986122886681098,2,2,42.0,7.007017970085144,0.11757850646972655,25.0,33.0,12.0
Calyptratae,Calyptrate Flies,Insecta,1,1.0,7,2.0794415416798357,6,7,66.85714285714286,8.894670486450195,0.1524724470717566,51.714285714285715,71.57142857142857,21.285714285714285
Calyptridium monandrum,common pussypaws,Plantae,0,0.0,16,2.833213344056216,16,14,69.5,10.333083674311638,0.16079790238291022,44.75,66.125,22.75
Calystegia,false bindweeds,Plantae,0,0.0,65,4.189654742026425,57,61,60.8,11.188234488780681,0.15352834388613698,42.03076923076923,66.04615384615384,24.353846153846153
Calystegia macrostegia,coast morning glory,Plantae,1,2.0,620,6.431331081933479,304,430,61.53709677419355,10.924116942767174,0.16058690641075368,44.47258064516129,68.13870967741936,24.169354838709676
Calystegia macrostegia cyclostegia,Unknown,Plantae,0,0.0,3,1.3862943611198906,2,2,25.0,4.003340403238933,0.1376349416871865,47.0,69.33333333333333,23.0
Calystegia macrostegia intermedia,Unknown,Plantae,0,0.0,1,0.6931471805599453,1,1,49.0,11.253462791442873,0.1393454074859619,44.0,72.0,26.0
Calystegia macrostegia tenuifolia,San Diego Morning Glory,Plantae,0,0.0,4,1.6094379124341003,4,4,67.5,8.304099917411804,0.15034398064017293,47.5,71.75,24.25
Cameraria,Unknown,Insecta,0,0.0,1,0.6931471805599453,1,1,102.0,3.865111351013184,0.1767375171184539,50.0,64.0,23.0
Camissonia,Unknown,Plantae,1,1.0,1,0.6931471805599453,1,1,97.0,5.208151817321777,0.1533447057008743,53.0,71.0,23.0
Camissoniopsis,Suncups,Plantae,1,12.0,258,5.556828061699537,173,212,57.9031007751938,13.422521962675937,0.1475621669502683,38.24418604651163,60.395348837209305,21.984496124031008
Camissoniopsis bistorta,California sun cup,Plantae,1,9.0,423,6.049733455231958,202,268,61.342789598108745,14.161934553590509,0.15158918037587865,38.49645390070922,59.829787234042556,21.576832151300238
Camissoniopsis cheiranthifolia,beach suncup,Plantae,1,1.0,324,5.783825182329737,207,256,36.54938271604938,17.49528368295711,0.12647178430788583,31.444444444444443,50.29320987654321,18.021604938271604
Camissoniopsis cheiranthifolia cheiranthifolia,Beach evening-primrose,Plantae,0,0.0,2,1.0986122886681098,2,2,45.0,9.851414203643799,0.16252043098211283,24.5,36.0,12.0
Camissoniopsis cheiranthifolia suffruticosa,shrubby beach primrose,Plantae,0,0.0,22,3.1354942159291497,17,18,25.636363636363637,15.06941504911943,0.1044328730892051,38.95454545454545,61.81818181818182,21.59090909090909
Camissoniopsis hirtella,hairy suncup,Plantae,1,5.0,30,3.4339872044851463,21,28,80.6,8.66985879143079,0.14561111281315484,47.96666666666667,69.06666666666666,21.833333333333332
Camissoniopsis intermedia,intermediate suncup,Plantae,0,0.0,2,1.0986122886681098,1,2,109.5,2.823997378349304,0.11343481764197345,52.5,72.0,20.5
Camissoniopsis lewisii,Lewis' evening-primrose,Plantae,1,1.0,42,3.7612001156935624,24,38,56.0,7.511285827273414,0.15495809557892024,48.476190476190474,70.52380952380952,21.80952380952381
Camissoniopsis micrantha,miniature suncup,Plantae,1,4.0,26,3.295836866004329,17,25,79.07692307692308,8.461216479539871,0.1548618307480445,47.30769230769231,65.92307692307692,19.692307692307693
Camissoniopsis pallida,pale yellow suncup,Plantae,0,0.0,3,1.3862943611198906,2,3,76.66666666666667,16.575876871744793,0.14152999718983963,42.666666666666664,69.66666666666667,27.0
Camphorosmeae,Unknown,Plantae,0,0.0,1,0.6931471805599453,1,1,52.0,11.988873481750488,0.1393454074859619,44.0,72.0,26.0
Campiglossa,Unknown,Insecta,0,0.0,6,1.9459101490553132,5,6,56.0,12.91569979985555,0.1578187172611554,42.333333333333336,70.5,27.5
Campiglossa picciola,Unknown,Insecta,1,1.0,9,2.302585092994046,9,9,71.0,11.755541841189066,0.1724881099330054,34.44444444444444,55.111111111111114,20.444444444444443
Camponotus,"Carpenter Ants, Typical Sugar Ants and Allies",Insecta,0,0.0,4,1.6094379124341003,4,4,82.75,14.101749062538147,0.1289535537362098,37.5,52.5,17.5
Camponotus clarithorax,Unknown,Insecta,0,0.0,5,1.791759469228055,2,4,55.2,14.557449293136596,0.1544202536344528,33.2,54.6,21.8
Camponotus dumetorum,Unknown,Insecta,0,0.0,17,2.8903717578961645,5,14,70.70588235294117,4.625362904632793,0.15613025952787954,48.23529411764706,69.29411764705883,24.470588235294116
Camponotus fragilis,Unknown,Insecta,1,1.0,4,1.6094379124341003,4,4,33.75,11.169464468955994,0.12242686748504633,20.0,35.5,14.5
Camponotus sansabeanus,Unknown,Insecta,0,0.0,1,0.6931471805599453,1,1,71.0,11.2022066116333,0.1374493837356567,50.0,66.0,24.0
Camponotus vicinus,Bicolored Carpenter Ant,Insecta,0,0.0,1,0.6931471805599453,1,1,87.0,9.441935539245604,0.1276955753564834,50.0,67.0,25.0
Campopleginae,Unknown,Insecta,0,0.0,1,0.6931471805599453,1,1,80.0,7.251054286956787,0.2099625021219253,53.0,72.0,19.0
Campsomerini,Unknown,Insecta,0,0.0,1,0.6931471805599453,1,1,13.0,14.51398754119873,0.1702011972665786,50.0,75.0,24.0
Camptopelta,Unknown,Insecta,0,0.0,1,0.6931471805599453,1,1,56.0,16.571855545043945,0.1449896991252899,40.0,69.0,28.0
Canacidae,Beach Flies,Insecta,0,0.0,1,0.6931471805599453,1,1,57.0,5.12356424331665,0.1749230772256851,50.0,73.0,22.0
Cancridae,Rock Crabs,Animalia,1,4.0,1,0.6931471805599453,1,1,0.0,0.0,0.0375702306628227,0.0,0.0,0.0
Candelaria,Candleflame Lichens,Fungi,1,1.0,5,1.791759469228055,5,5,87.8,6.621660423278809,0.1524094775319099,49.2,70.6,23.2
Candelaria pacifica,Pacific Candleflame Lichen,Fungi,1,3.0,24,3.2188758248682006,16,22,81.16666666666667,7.673514897624652,0.16204043508817748,49.5,68.79166666666667,22.875
Candelariaceae,Unknown,Fungi,0,0.0,5,1.791759469228055,5,5,96.4,5.755773746967316,0.15977739989757533,51.8,69.0,21.6
Candelariella,Goldspeck Lichens,Fungi,0,0.0,4,1.6094379124341003,3,4,47.25,17.502268314361572,0.16549540311098093,50.5,69.25,22.25
Candelariella aurella,Hidden Goldspeck Lichen,Fungi,0,0.0,2,1.0986122886681098,2,2,108.5,7.315480709075928,0.12572056800127024,52.5,72.0,20.5
Candelariella efflorescens,Powdery Goldspeck,Fungi,0,0.0,1,0.6931471805599453,1,1,126.0,12.2359037399292,0.1801709681749344,46.0,62.0,21.0
Candelariella rosulans,Sagebrush Goldspeck Lichen,Fungi,0,0.0,1,0.6931471805599453,1,1,107.0,5.123291492462158,0.1411667466163635,49.0,65.0,21.0
Candelariella vitellina,Common Goldspeck,Fungi,0,0.0,2,1.0986122886681098,2,2,63.5,11.346599102020264,0.16208669915795326,51.5,67.5,21.0
Candolleomyces candolleanus,Pale Brittlestem,Fungi,0,0.0,2,1.0986122886681098,2,1,104.0,7.459356784820557,0.1293302476406097,49.0,72.0,22.0
Canidae,Canids,Mammalia,1,1.0,1,0.6931471805599453,1,1,102.0,7.687937259674072,0.1439417898654937,51.0,68.0,23.0
Canis,Wolves and Dogs,Mammalia,0,0.0,1,0.6931471805599453,1,1,3.0,7.1755781173706055,0.1938977986574173,38.0,71.0,29.0
Canis latrans,Coyote,Mammalia,1,9.0,13,2.6390573296152584,11,11,33.07692307692308,10.756278423162607,0.17671677699455846,44.30769230769231,68.6923076923077,25.23076923076923
Cantareus apertus,Green Garden Snail,Mollusca,0,0.0,1,0.6931471805599453,1,1,11.0,18.734054565429688,0.1166826784610748,51.0,69.0,22.0
Caprifoliaceae,honeysuckle family,Plantae,0,0.0,1,0.6931471805599453,1,1,44.0,5.20895528793335,0.1513578742742538,50.0,72.0,22.0
Carabidae,Ground Beetles,Insecta,0,0.0,2,1.0986122886681098,2,2,26.0,21.380861163139343,0.1588490307331085,22.0,34.0,12.0
Carabina,Unknown,Insecta,0,0.0,1,0.6931471805599453,1,1,67.0,26.64192008972168,0.137820765376091,40.0,69.0,28.0
Carcharodon carcharias,Great White Shark,Animalia,1,2.0,11,2.4849066497880004,10,11,27.90909090909091,22.023326440290973,0.0756693716076287,8.0,13.090909090909092,4.7272727272727275
Cardamine,Bittercresses and Toothworts,Plantae,0,0.0,5,1.791759469228055,5,5,66.8,12.932875823974609,0.17170980572700498,40.0,69.0,28.0
Cardamine californica,milkmaids,Plantae,1,1.0,261,5.568344503761097,169,182,67.82375478927203,10.705116639877188,0.15925219496605036,44.32183908045977,67.13026819923371,25.701149425287355
Cardellina pusilla,Wilson's Warbler,Aves,1,1.0,4,1.6094379124341003,4,4,25.25,10.488916039466858,0.10815311199985442,34.75,53.25,18.75
Cardionema,Unknown,Plantae,0,0.0,1,0.6931471805599453,1,1,46.0,9.199024200439451,0.1359500139951706,44.0,72.0,26.0
Cardionema ramosissima,Sandcarpet,Plantae,0,0.0,400,5.993961427306569,211,279,73.47,12.426424306184053,0.15072074912488456,40.1575,60.3675,20.86
Cardiophorus,Unknown,Insecta,0,0.0,1,0.6931471805599453,1,1,34.0,8.36037540435791,0.131125122308731,44.0,72.0,26.0
Carduus,plumeless thistles,Plantae,0,0.0,3,1.3862943611198906,3,3,15.666666666666666,14.944281895955404,0.2216120213270187,50.666666666666664,70.66666666666667,24.0
Carduus pycnocephalus,Italian thistle,Plantae,0,0.0,7,2.0794415416798357,6,7,12.857142857142858,15.086823190961566,0.21148786161627084,49.857142857142854,67.57142857142857,21.714285714285715
Carduus pycnocephalus pycnocephalus,Unknown,Plantae,0,0.0,1,0.6931471805599453,1,1,20.0,23.68118667602539,0.1703269332647323,51.0,74.0,25.0
Carduus tenuiflorus,Slender Thistle,Plantae,0,0.0,4,1.6094379124341003,4,3,26.25,17.351547196507454,0.21566097065806386,49.5,70.0,23.5
Carex,true sedges,Plantae,0,0.0,4,1.6094379124341003,4,4,84.75,7.004984080791473,0.1911922805011272,48.5,71.5,23.0
Carex triquetra,trigonous sedge,Plantae,0,0.0,33,3.5263605246161616,25,31,81.15151515151516,6.795656841812712,0.16926019209803952,50.15151515151515,71.15151515151516,22.21212121212121
Carnivora,Carnivorans,Mammalia,1,1.0,10,2.3978952727983707,9,9,41.0,7.428398787975311,0.17736321836709973,45.2,69.8,24.9
Carpobrotus,sea figs,Plantae,1,3.0,35,3.58351893845611,33,34,30.37142857142857,21.346818794522967,0.10774244138239214,16.314285714285713,24.0,8.314285714285715
Carpobrotus chilensis,Chilean sea fig,Plantae,1,7.0,20,3.044522437723423,17,19,25.0,16.823226803541182,0.10239054788253266,18.95,28.6,9.75
Carpobrotus edulis,sea fig,Plantae,1,2.0,52,3.970291913552122,44,49,32.94230769230769,14.922171694728044,0.13751475620441708,32.96153846153846,49.86538461538461,17.71153846153846
Caryophyllales,"pinks, cactuses, and allies",Plantae,0,0.0,3,1.3862943611198906,3,3,12.666666666666666,13.13508653640747,0.1136737242341041,32.333333333333336,47.0,15.333333333333334
Castianeira,Ant-mimic Sac Spiders,Arachnida,0,0.0,1,0.6931471805599453,1,1,59.0,24.14450454711914,0.1449751108884811,0.0,0.0,0.0
Castianeira athena,Unknown,Arachnida,0,0.0,1,0.6931471805599453,1,1,102.0,4.506590366363525,0.1536818742752075,51.0,68.0,23.0
Castianeira occidens,Unknown,Arachnida,0,0.0,2,1.0986122886681098,2,2,41.0,3.8737266063690186,0.1293081603944301,20.0,35.5,14.5
Castianeira thalia,Unknown,Arachnida,0,0.0,1,0.6931471805599453,1,1,16.0,15.133502960205078,0.0919384211301803,46.0,72.0,24.0
Castilleja,Paintbrushes,Plantae,1,3.0,129,4.867534450455582,111,110,62.72093023255814,9.918753123098565,0.15591283598842545,44.627906976744185,70.96124031007751,26.34108527131783
Castilleja affinis,Coast Paintbrush,Plantae,1,6.0,263,5.575949103146316,183,211,61.045627376425855,10.303029872165434,0.15120289160271558,45.39163498098859,70.89733840304183,25.817490494296578
Castilleja affinis affinis,Coast Paintbrush,Plantae,0,0.0,34,3.5553480614894135,32,34,67.05882352941177,9.2687748670578,0.14929801474927976,44.705882352941174,68.91176470588235,25.176470588235293
Castilleja applegatei,wavyleaf paintbrush,Plantae,0,0.0,1,0.6931471805599453,1,1,31.0,5.583840370178223,0.2025577425956726,44.0,72.0,26.0
Castilleja exserta,purple owl's-clover,Plantae,0,0.0,4,1.6094379124341003,4,4,28.0,12.257943272590637,0.14751868695020673,43.5,71.25,26.5
Castilleja foliolosa,felt paintbrush,Plantae,1,2.0,405,6.0063531596017325,260,305,67.73086419753086,8.098450427290834,0.17303259900690593,41.449382716049385,68.90864197530864,27.19753086419753
Castilleja lanata,Woolly Paintbrush,Plantae,0,0.0,1,0.6931471805599453,1,1,69.0,6.557014465332031,0.1836595684289932,40.0,71.0,29.0
Castilleja subinclusa,Longleaf paintbrush,Plantae,0,0.0,18,2.9444389791664403,17,18,65.94444444444444,10.238283051384819,0.15807638731267712,45.72222222222222,70.44444444444444,25.77777777777778
Castilleja subinclusa franciscana,Franciscan Paintbrush,Plantae,0,0.0,1,0.6931471805599453,1,1,54.0,12.79140853881836,0.1759729385375976,44.0,72.0,26.0
Castilleja subinclusa jepsonii,Unknown,Plantae,0,0.0,1,0.6931471805599453,1,1,42.0,6.663726806640625,0.1272300481796264,44.0,71.0,27.0
Catalinia,Unknown,Arachnida,0,0.0,1,0.6931471805599453,1,1,5.0,3.5488064289093018,0.1985486000776291,38.0,71.0,29.0
Catalpa,Catalpas,Plantae,0,0.0,2,1.0986122886681098,2,2,8.5,5.461134344339371,0.19171343743801114,50.5,70.0,21.0
Catalpa speciosa,northern catalpa,Plantae,0,0.0,1,0.6931471805599453,1,1,8.0,3.8651123046875,0.2346269637346267,47.0,68.0,22.0
Cathartes aura,Turkey Vulture,Aves,1,1.0,4,1.6094379124341003,4,4,51.25,7.063360691070557,0.18722365796566007,37.75,51.5,15.25
Catharus guttatus,Hermit Thrush,Aves,1,2.0,14,2.70805020110221,11,14,73.71428571428571,9.461238775934492,0.15017630106636454,45.785714285714285,64.0,21.857142857142858
Catillaria lenticularis,Unknown,Fungi,0,0.0,5,1.791759469228055,3,5,62.4,9.974516105651855,0.17285812795162198,47.8,68.2,24.4
Catorhintha,Unknown,Insecta,0,0.0,1,0.6931471805599453,1,1,66.0,8.570487022399902,0.1919686645269394,40.0,71.0,29.0
Cauchas,Unknown,Insecta,0,0.0,3,1.3862943611198906,2,3,58.666666666666664,10.60323397318522,0.14563276122013727,41.333333333333336,71.0,28.333333333333332
Caudina arenicola,Sweet Potato Sea Cucumber,Animalia,1,6.0,7,2.0794415416798357,6,6,18.285714285714285,8.564244542803083,0.006501056120864014,27.142857142857142,40.57142857142857,14.0
Caulanthus heterophyllus,San Diego Wild Cabbage,Plantae,0,0.0,53,3.9889840465642745,43,41,77.47169811320755,9.765199278885463,0.15353731234680928,44.79245283018868,65.50943396226415,22.50943396226415
Caulanthus lasiophyllus,California mustard,Plantae,0,0.0,11,2.4849066497880004,9,9,69.63636363636364,5.2639940055933865,0.17101584408770903,48.54545454545455,64.9090909090909,18.363636363636363
Ceanothia,Unknown,Insecta,0,0.0,1,0.6931471805599453,1,1,113.0,12.769389152526855,0.1347193121910095,56.0,73.0,20.0
Ceanothus,Ceanothus,Plantae,0,0.0,38,3.6635616461296463,35,33,83.39473684210526,8.378091037273407,0.15824333225425918,46.10526315789474,68.8157894736842,24.026315789473685
Ceanothus crassifolius,hoaryleaf ceanothus,Plantae,0,0.0,2,1.0986122886681098,2,2,87.5,7.161039590835571,0.1710446253418922,53.0,72.0,19.0
Ceanothus cuneatus,Buckbrush,Plantae,0,0.0,1,0.6931471805599453,1,1,119.0,4.507548809051514,0.1446838229894638,53.0,73.0,20.0
Ceanothus megacarpus,bigpod ceanothus,Plantae,0,0.0,2,1.0986122886681098,2,2,99.5,8.637856245040894,0.1515374258160591,46.0,71.0,24.5
Ceanothus tomentosus,woollyleaf ceanothus,Plantae,0,0.0,41,3.7376696182833684,32,39,108.29268292682927,5.399680935755009,0.1366083536569665,54.41463414634146,72.85365853658537,20.463414634146343
Ceanothus tomentosus olivaceus,Unknown,Plantae,0,0.0,1,0.6931471805599453,1,1,79.0,8.591731071472168,0.1496625393629074,54.0,72.0,20.0
Ceanothus verrucosus,Wart-stemmed Ceanothus,Plantae,0,0.0,781,6.661854740545311,368,508,82.32266325224072,8.18057830675616,0.16103446577579048,45.92317541613316,68.24583866837388,23.813060179257363
Cecidomyiidae,Gall and Forest Midges,Insecta,1,2.0,8,2.1972245773362196,6,8,81.25,7.6119957864284515,0.15052666887640948,49.25,69.875,22.5
Cecidomyiinae,Gall Midges,Insecta,0,0.0,7,2.0794415416798357,6,6,56.285714285714285,8.9407593863351,0.16908828914165494,46.285714285714285,69.28571428571429,23.571428571428573
Cenchrus clandestinus,Kikuyu Grass,Plantae,0,0.0,1,0.6931471805599453,1,1,4.0,1.4422205686569214,0.2329580783843994,50.0,71.0,20.0
Cenchrus setaceus,Fountain Grass,Plantae,0,0.0,4,1.6094379124341003,4,4,49.5,16.014089822769165,0.13706480897963044,37.75,52.25,17.0
Centaurea melitensis,Maltese star-thistle,Plantae,1,5.0,28,3.367295829986474,22,26,45.392857142857146,7.0659554941313605,0.15623689017125536,44.25,68.21428571428571,23.428571428571427
Centaurium tenuiflorum,Slender Centaury,Plantae,0,0.0,2,1.0986122886681098,2,2,102.5,4.5065836906433105,0.13867168501019475,52.0,69.5,23.0
Centropyxidae,Unknown,Protozoa,0,0.0,1,0.6931471805599453,1,1,0.0,0.0,0.1859478503465652,47.0,67.0,22.0
Cephalaspidea,Bubble Snails and Allies,Mollusca,1,1.0,1,0.6931471805599453,1,1,0.0,2.7802884578704834,0.1798994094133377,44.0,68.0,24.0
Cephaloziella,Unknown,Plantae,0,0.0,3,1.3862943611198906,3,3,75.0,11.53727912902832,0.15993738671143845,50.333333333333336,68.66666666666667,21.0
Cephaloziella divaricata,Spreading Threadwort,Plantae,0,0.0,20,3.044522437723423,6,11,86.15,9.919931507110595,0.1595510575920343,50.7,69.7,21.65
Cephaloziella divaricata scabra,Unknown,Plantae,0,0.0,3,1.3862943611198906,1,3,67.0,24.978949228922527,0.17099553346633903,50.666666666666664,66.66666666666667,22.0
Cephaloziella hampeana,Hampe's Threadwort,Plantae,0,0.0,2,1.0986122886681098,1,2,99.0,11.181869983673096,0.1433731690049171,49.5,69.5,23.5
Cerastes,Unknown,Plantae,0,0.0,18,2.9444389791664403,18,17,76.94444444444444,8.34331731001536,0.16334772275553805,44.27777777777778,66.55555555555556,23.0
Cerastipsocus,Unknown,Insecta,0,0.0,3,1.3862943611198906,2,3,33.666666666666664,10.300048828124998,0.21680279076099387,46.666666666666664,68.33333333333333,23.0
Cerastipsocus venosus,Tree Cattle,Insecta,0,0.0,1,0.6931471805599453,1,1,67.0,8.16402816772461,0.1842979043722152,40.0,71.0,29.0
Cerastium glomeratum,Sticky mouse-ear chickweed,Plantae,0,0.0,3,1.3862943611198906,3,3,6.333333333333333,3.7934881846110025,0.1805190692345301,45.333333333333336,69.66666666666667,23.666666666666668
Ceratina,Small Carpenter Bees,Insecta,0,0.0,17,2.8903717578961645,8,15,72.23529411764706,8.587178033940932,0.16247898909975497,48.8235294117647,72.05882352941177,23.823529411764707
Ceratina acantha,Unknown,Insecta,0,0.0,101,4.624972813284271,16,63,59.415841584158414,10.706320442775688,0.16392696907024568,43.7029702970297,66.36633663366337,23.14851485148515
Ceratina arizonensis,Arizona Small carpenter,Insecta,0,0.0,21,3.091042453358316,10,18,36.42857142857143,12.863162279129028,0.16956505818026404,40.095238095238095,56.285714285714285,17.714285714285715
Ceratinini,Small Carpenter Bees,Insecta,0,0.0,1,0.6931471805599453,1,1,108.0,2.882642269134521,0.1520653516054153,50.0,64.0,23.0
Ceratodon purpureus,Redshank,Plantae,0,0.0,3,1.3862943611198906,1,2,72.0,9.824405352274576,0.15629543860753373,47.666666666666664,70.33333333333333,23.333333333333332
Ceratonia siliqua,carob tree,Plantae,0,0.0,1,0.6931471805599453,1,1,40.0,11.20220947265625,0.1824185848236084,46.0,71.0,24.0
Cerceris,Typical Weevil Wasps and Allies,Insecta,0,0.0,1,0.6931471805599453,1,1,58.0,8.072815895080566,0.1558449417352676,44.0,71.0,27.0
Cerceris sextoides,Unknown,Insecta,0,0.0,1,0.6931471805599453,1,1,103.0,4.506577014923096,0.123661495745182,53.0,71.0,23.0
Cercocarpus,mountain mahoganies,Plantae,0,0.0,10,2.3978952727983707,10,9,104.4,8.171620970964431,0.15130374431610105,50.8,68.6,22.8
Cercocarpus betuloides,Birchleaf Mountain Mahogany,Plantae,0,0.0,1,0.6931471805599453,1,1,77.0,14.624505043029783,0.1626972556114196,40.0,69.0,28.0
Cercocarpus minutiflorus,smooth mountain mahogany,Plantae,0,0.0,117,4.770684624465665,68,99,104.56410256410257,5.794949545819535,0.1504479335286678,50.15384615384615,67.34188034188034,22.324786324786324
Cercopoidea,Spittlebugs and Froghoppers,Insecta,1,1.0,13,2.6390573296152584,9,12,65.15384615384616,9.408503885452564,0.15373115785993058,46.92307692307692,70.61538461538461,24.46153846153846
Ceriporia spissa,Unknown,Fungi,0,0.0,2,1.0986122886681098,2,2,105.0,8.375927925109863,0.1402595043182373,51.0,68.0,23.0
Cerithideopsis californica,California Horn Snail,Mollusca,1,16.0,20,3.044522437723423,14,20,3.9,3.1526866793632506,0.15534678725525736,43.65,66.2,23.7
Ceroplastes,Wax Scales,Insecta,0,0.0,3,1.3862943611198906,3,3,64.33333333333333,13.73754596710205,0.1718801110982894,49.0,71.33333333333333,22.0
Ceroplastes cirripediformis,Barnacle Scale,Insecta,0,0.0,1,0.6931471805599453,1,1,61.0,11.24677276611328,0.2110646367073059,50.0,71.0,25.0
Ceroplastes sinensis,Chinese Wax Scale,Insecta,0,0.0,2,1.0986122886681098,2,2,64.0,23.403247833251953,0.14721387252211565,43.0,70.5,26.0
Cervidae,Deer,Mammalia,0,0.0,1,0.6931471805599453,1,1,3.0,4.319548606872559,0.1585602313280105,47.0,69.0,23.0
Cesonia,Unknown,Arachnida,0,0.0,2,1.0986122886681098,1,2,67.0,23.30474615097046,0.1403273418545723,25.0,35.5,12.5
Ceuthophilus,Camel Crickets,Insecta,0,0.0,1,0.6931471805599453,1,1,37.0,19.45136070251465,0.1315315514802932,40.0,69.0,28.0
Ceuthophilus californianus,California Camel Cricket,Insecta,0,0.0,1,0.6931471805599453,1,1,30.0,22.06628799438477,0.1138356551527977,38.0,71.0,29.0
Ceuthophilus hesperus,San Diego Camel Cricket,Insecta,0,0.0,4,1.6094379124341003,2,4,48.5,14.715081632137299,0.1757659092545509,32.5,51.5,20.0
Chaceia ovoidea,Wart-necked Piddock,Mollusca,1,1.0,1,0.6931471805599453,1,1,15.0,23.93294906616211,0.0035620320122689,0.0,0.0,0.0
Chaenactis,pincushion plants,Plantae,0,0.0,6,1.9459101490553132,5,5,47.166666666666664,16.761267979939777,0.1480711276332537,32.666666666666664,48.166666666666664,15.0
Chaenactis artemisiifolia,Artemisia-leaved Chaenactis,Plantae,0,0.0,4,1.6094379124341003,3,3,54.25,8.304504036903381,0.15785751864314074,50.0,72.75,22.0
Chaenactis fremontii,Fremont's pincushion,Plantae,0,0.0,1,0.6931471805599453,1,1,78.0,3.549030065536499,0.2037393748760223,52.0,73.0,21.0
Chaenactis glabriuscula,Common Yellow Chaenactis,Plantae,0,0.0,380,5.942799375126701,181,258,55.213157894736845,16.50025841938822,0.14839572303585313,33.72631578947368,52.473684210526315,18.36578947368421
Chaenactis glabriuscula glabriuscula,Unknown,Plantae,0,0.0,8,2.1972245773362196,6,6,60.875,21.374655693769455,0.15076751355081794,34.125,52.375,18.75
Chaenothecopsis perforata,Unknown,Fungi,0,0.0,19,2.995732273553991,5,14,52.78947368421053,10.913687178963109,0.1745355207669107,48.421052631578945,68.73684210526316,23.36842105263158
Chaetocnema opulenta,Opulent Flea Beetle,Insecta,0,0.0,1,0.6931471805599453,1,1,15.0,13.256980895996094,0.1973487138748169,50.0,66.0,20.0
Chaetodipus,Unknown,Mammalia,1,1.0,1,0.6931471805599453,1,1,63.0,8.072856903076172,0.1766283810138702,40.0,71.0,29.0
Chaetodipus fallax,San Diego Pocket Mouse,Mammalia,0,0.0,3,1.3862943611198906,2,3,65.66666666666667,17.116520086924236,0.16356875002384183,30.0,46.0,18.0
Chaetopteridae,Parchment Tubeworms,Animalia,1,1.0,1,0.6931471805599453,1,1,11.0,8.957490921020508,0.0614411942660808,46.0,72.0,24.0
Chaetopterus,Unknown,Animalia,1,3.0,1,0.6931471805599453,1,1,0.0,0.0,-0.0488567724823951,0.0,0.0,0.0
Chalcidoidea,Chalcidoid Wasps,Insecta,0,0.0,22,3.1354942159291497,10,20,82.45454545454545,10.01551582867449,0.1505557342686436,46.45454545454545,66.77272727272727,22.545454545454547
Chama arcana,Clear Jewel Box,Mollusca,1,8.0,14,2.70805020110221,9,12,4.571428571428571,8.640416830778122,-0.0167588010496859,9.785714285714286,15.5,5.642857142857143
Chamaea fasciata,Wrentit,Aves,1,4.0,80,4.394449154672439,51,70,74.9375,7.628738850355148,0.15924828001298005,47.7125,69.1125,24.0625
Chamidae,Jewel boxes,Mollusca,1,9.0,2,1.0986122886681098,2,2,6.0,6.514500617980957,-0.0149724595248699,0.0,0.0,0.0
Charadrius semipalmatus,Semipalmated Plover,Aves,0,0.0,5,1.791759469228055,5,5,4.6,3.7155665874481203,-0.04282379855867474,18.2,28.4,10.4
Charadrius vociferus,Killdeer,Aves,0,0.0,7,2.0794415416798357,7,7,3.5714285714285716,3.319006477083479,0.06859861633607316,46.857142857142854,70.71428571428571,25.142857142857142
Chasmanthe,Cobralilies,Plantae,1,1.0,2,1.0986122886681098,2,2,91.0,10.700119018554688,0.16242674738168716,51.0,73.0,21.5
Chasmanthe floribunda,African flag,Plantae,0,0.0,8,2.1972245773362196,7,8,59.625,9.50142216682434,0.1623725742101669,45.5,62.875,18.375
Cheilopogon pinnatibarbatus,Bennett's flyingfish,Actinopterygii,0,0.0,1,0.6931471805599453,1,1,6.0,8.818087577819824,0.0394786968827247,0.0,0.0,0.0
Cheiracanthium,Longlegged Sac Spiders,Arachnida,0,0.0,1,0.6931471805599453,1,1,30.0,22.06628799438477,0.1138356551527977,38.0,71.0,29.0
Cheiracanthium inclusum,Agrarian Sac Spider,Arachnida,0,0.0,1,0.6931471805599453,1,1,52.0,12.794121742248535,0.1358527392148971,50.0,73.0,22.0
Cheiracanthium mildei,Northern Yellow Sac Spider,Arachnida,0,0.0,1,0.6931471805599453,1,1,5.0,8.037796020507812,0.1796512305736541,38.0,71.0,29.0
Cheliferoidea,Unknown,Arachnida,0,0.0,1,0.6931471805599453,1,1,23.0,10.32567310333252,0.2069030702114105,50.0,64.0,22.0
Chenia,Unknown,Plantae,0,0.0,1,0.6931471805599453,1,1,108.0,6.464860916137695,0.1327279210090637,49.0,72.0,22.0
Chenia leptophylla,Vectis-moss,Plantae,0,0.0,2,1.0986122886681098,1,2,103.0,6.474513530731201,0.16138103604316711,51.0,70.5,20.5
Chenopodiastrum,maple and nettle-leaved goosefoots,Plantae,0,0.0,2,1.0986122886681098,2,2,89.5,7.581598997116089,0.15686016529798505,45.0,68.0,26.5
Chenopodiastrum murale,nettle-leaved goosefoot,Plantae,1,3.0,13,2.6390573296152584,12,13,56.07692307692308,9.867322775033804,0.13515784075626955,32.92307692307692,48.53846153846154,16.692307692307693
Chenopodioideae,saltbush subfamily,Plantae,0,0.0,1,0.6931471805599453,1,1,84.0,15.741141319274902,0.1255343854427337,40.0,71.0,29.0
Chenopodium,Goosefoots,Plantae,0,0.0,1,0.6931471805599453,1,1,43.0,4.320079803466797,0.1572544872760772,50.0,72.0,22.0
Chenopodium album,Common Lambsquarters,Plantae,1,1.0,4,1.6094379124341003,4,4,26.0,7.03868842124939,0.1675689965486526,48.75,70.75,22.25
Chenopodium berlandieri,pitseed goosefoot,Plantae,0,0.0,3,1.3862943611198906,2,3,47.666666666666664,7.945130427678426,0.14282459517319993,50.0,73.0,22.0
Chilocorini,Unknown,Insecta,0,0.0,1,0.6931471805599453,1,1,79.0,8.57186222076416,0.1719459146261215,49.0,72.0,24.0
Chinavia,Green Stink Bugs,Insecta,0,0.0,1,0.6931471805599453,1,1,106.0,2.1580610275268555,0.1453997492790222,51.0,71.0,24.0
Chinavia hilaris,Green Stink Bug,Insecta,0,0.0,3,1.3862943611198906,3,3,69.33333333333333,15.186824162801107,0.16488968580961225,49.333333333333336,68.66666666666667,24.333333333333332
Chionaspis pinifoliae,pine needle scale,Insecta,0,0.0,3,1.3862943611198906,3,3,71.66666666666667,8.040344953536987,0.13479878008365623,49.0,72.66666666666667,22.666666666666668
Chione,Unknown,Mollusca,1,1.0,5,1.791759469228055,4,4,13.6,8.550945472717284,-0.008545062411576482,10.8,14.4,4.0
Chione californiensis,California Venus,Mollusca,1,1.0,7,2.0794415416798357,6,6,1.4285714285714286,2.8226088796343123,-0.02678816526063847,7.0,10.0,3.2857142857142856
Chione undatella,Wavy Chione,Mollusca,1,3.0,6,1.9459101490553132,5,6,5.333333333333333,8.996322671572367,0.01442445041660295,7.666666666666667,12.0,4.0
Chironiinae,"centauries, rose gentians, and Zeltneras",Plantae,0,0.0,1,0.6931471805599453,1,1,90.0,5.547544956207275,0.1453790664672851,48.0,71.0,25.0
Chironomidae,Non-biting Midges,Insecta,1,2.0,1,0.6931471805599453,1,1,2.0,1.854334115982056,0.1388985961675644,47.0,69.0,26.0
Chlamydodon,Unknown,Chromista,0,0.0,1,0.6931471805599453,1,1,0.0,2.7802884578704834,0.1798994094133377,44.0,68.0,24.0
Chloealtis gracilis,Graceful Grasshopper,Insecta,0,0.0,1,0.6931471805599453,1,1,0.0,0.0,0.1649223715066909,44.0,65.0,24.0
Chloracantha spinosa,Spiny Chloracantha,Plantae,0,0.0,1,0.6931471805599453,1,1,79.0,11.233747482299805,0.1621609181165695,50.0,66.0,24.0
Chloridea virescens,Tobacco Budworm Moth,Insecta,0,0.0,7,2.0794415416798357,6,7,59.857142857142854,19.5830443246024,0.13978563461984903,30.285714285714285,50.285714285714285,19.428571428571427
Chloridoideae,Unknown,Plantae,1,1.0,2,1.0986122886681098,2,2,78.0,12.187031507492065,0.1527699083089828,52.0,69.5,22.5
Chlorion aerarium,Steel-blue Cricket-hunter Wasp,Insecta,0,0.0,1,0.6931471805599453,1,1,0.0,3.704791784286499,0.1772658228874206,44.0,68.0,24.0
Chlorochlamys,Unknown,Insecta,0,0.0,1,0.6931471805599453,1,1,106.0,8.28909969329834,0.1253102868795395,51.0,68.0,23.0
Chlorochlamys appellaria,Unknown,Insecta,0,0.0,1,0.6931471805599453,1,1,57.0,5.585297584533691,0.1464918106794357,50.0,73.0,22.0
Chlorochroa,Unknown,Insecta,0,0.0,1,0.6931471805599453,1,1,6.0,8.818087577819824,0.0394786968827247,0.0,0.0,0.0
Chlorochroa ligata,Conchuela Bug,Insecta,0,0.0,1,0.6931471805599453,1,1,55.0,11.388309478759766,0.1486574858427047,44.0,71.0,27.0
Chlorogalum,soap plants,Plantae,0,0.0,1,0.6931471805599453,1,1,61.0,14.101479530334473,0.1592077761888504,44.0,72.0,26.0
Chlorogalum pomeridianum,wavy-leafed soap plant,Plantae,0,0.0,2,1.0986122886681098,2,2,106.5,8.368669033050537,0.1277886666357517,53.0,72.0,20.0
Chlorophyllum,Unknown,Fungi,1,1.0,1,0.6931471805599453,1,1,71.0,9.361124992370604,0.1741988211870193,50.0,66.0,24.0
Chlorophyllum brunneum,Shaggy Parasol,Fungi,0,0.0,2,1.0986122886681098,2,2,41.5,13.404290199279785,0.15846235305070874,49.5,66.5,23.5
Chlorophyllum rhacodes,Shaggy Parasol,Fungi,0,0.0,1,0.6931471805599453,1,1,92.0,0.9274099469184875,0.1432172507047653,48.0,71.0,25.0
Chlorophyta,green algae,Plantae,1,11.0,17,2.8903717578961645,13,15,41.64705882352941,8.50312310106614,0.094995701137711,28.88235294117647,41.411764705882355,13.294117647058824
Chondrostereum purpureum,Silverleaf Fungus,Fungi,0,0.0,1,0.6931471805599453,1,1,118.0,3.7936606407165527,0.1225131899118423,52.0,73.0,21.0
Chordeiles acutipennis,Lesser Nighthawk,Aves,1,2.0,4,1.6094379124341003,4,4,96.75,3.114579454064369,0.16712011396884913,51.25,71.5,21.75
Chorizanthe,spineflowers,Plantae,0,0.0,16,2.833213344056216,10,11,105.6875,6.661097921431065,0.13950850022956726,51.0,70.125,21.6875
Chorizanthe fimbriata,Fringed Spineflower,Plantae,0,0.0,1,0.6931471805599453,1,1,109.0,9.443431854248049,0.1024560034275055,51.0,73.0,21.0
Chorizanthe polygonoides,Knotweed Spineflower,Plantae,0,0.0,7,2.0794415416798357,5,7,107.14285714285714,4.476404121943882,0.12532796284982134,50.57142857142857,70.57142857142857,22.714285714285715
Chorizanthe procumbens,prostrate spineflower,Plantae,0,0.0,38,3.6635616461296463,25,31,58.28947368421053,9.033644111532913,0.1576725017083318,46.921052631578945,71.8157894736842,24.289473684210527
Chorizanthe staticoides,Turkish rugging,Plantae,0,0.0,91,4.5217885770490405,65,73,101.6923076923077,6.602123556556283,0.12758785920156224,50.02197802197802,70.50549450549451,22.373626373626372
Chroicocephalus philadelphia,Bonaparte's Gull,Aves,1,8.0,4,1.6094379124341003,4,4,3.5,2.5282176733016968,-0.002523080562241351,33.75,51.75,19.5
Chromelosporium,Unknown,Fungi,0,0.0,2,1.0986122886681098,2,2,50.5,18.06058359146118,0.2035823985934257,50.5,69.0,22.0
Chromista,"kelp, diatoms, and allies",Chromista,1,2.0,2,1.0986122886681098,2,2,0.0,0.0,-0.06314559094607824,0.0,0.0,0.0
Chrysanthrax edititius,Unknown,Insecta,0,0.0,2,1.0986122886681098,1,2,9.5,12.085569262504578,0.2170455381274223,49.0,68.5,23.5
Chrysanthrax vanus,Unknown,Insecta,0,0.0,7,2.0794415416798357,4,5,68.85714285714286,8.417218174253192,0.15948834589549468,50.0,70.0,21.857142857142858
Chrysaora achlyos,Black Jelly,Animalia,0,0.0,2,1.0986122886681098,2,2,0.0,4.922897338867188,-0.05823996663093565,0.0,0.0,0.0
Chrysaora colorata,Purple-striped Sea Nettle,Animalia,1,21.0,17,2.8903717578961645,14,17,3.235294117647059,5.79714438494514,0.0026513853603426056,16.41176470588235,25.41176470588235,8.882352941176471
Chrysidinae,Unknown,Insecta,0,0.0,1,0.6931471805599453,1,1,103.0,9.198980331420898,0.1484358012676239,51.0,70.0,23.0
Chrysidini,Unknown,Insecta,0,0.0,1,0.6931471805599453,1,1,64.0,6.161853313446045,0.2103205621242523,40.0,71.0,29.0
Chrysis,Unknown,Insecta,0,0.0,5,1.791759469228055,4,5,85.0,10.10422773361206,0.16036415100097653,39.4,56.6,19.6
Chrysomya,Unknown,Insecta,0,0.0,1,0.6931471805599453,1,1,68.0,17.87095832824707,0.1968745440244674,40.0,69.0,28.0
Chrysomya rufifacies,Hairy Maggot Blow Fly,Insecta,0,0.0,2,1.0986122886681098,2,2,31.5,9.43450403213501,0.2055767923593521,51.0,70.0,22.0
Chrysopa coloradensis,Unknown,Insecta,0,0.0,1,0.6931471805599453,1,1,101.0,8.073161125183105,0.1679511964321136,53.0,71.0,20.0
Chrysoperla,Common Green Lacewings,Insecta,0,0.0,1,0.6931471805599453,1,1,60.0,34.08702087402344,0.1419512331485748,0.0,0.0,0.0
Chrysoperla comanche,Comanche Green Lacewing,Insecta,0,0.0,3,1.3862943611198906,3,3,50.0,6.023156642913818,0.1605995098749796,30.333333333333332,47.0,17.333333333333332
Chrysopidae,Green Lacewings,Insecta,0,0.0,3,1.3862943611198906,3,3,89.66666666666667,8.533383846282959,0.16316318511962888,46.0,69.66666666666667,25.333333333333332
Chrysothrix,Gold Dust Lichens,Fungi,0,0.0,15,2.772588722239781,13,13,75.8,8.249876674016317,0.16396118650833763,47.93333333333333,69.33333333333333,23.933333333333334
Chrysothrix candelaris,gold dust lichen,Fungi,1,2.0,13,2.6390573296152584,11,13,75.3076923076923,7.071183741092682,0.1515420477550763,45.38461538461539,63.23076923076923,20.923076923076923
Chrysothrix granulosa,Crusty Gold-dust Lichen,Fungi,0,0.0,1,0.6931471805599453,1,1,102.0,6.663808345794678,0.1564757078886032,51.0,68.0,23.0
Chthamalus,Unknown,Animalia,1,43.0,12,2.5649493574615367,10,11,9.583333333333334,11.26380443572998,0.02188141308336829,11.833333333333334,18.333333333333332,6.083333333333333
Chthamalus dalli,Little Brown Barnacle,Animalia,1,51.0,3,1.3862943611198906,3,3,8.0,7.902680397033691,0.023090872913599,0.0,0.0,0.0
Cicadellidae,Typical Leafhoppers,Insecta,0,0.0,2,1.0986122886681098,2,2,72.0,7.908029556274414,0.17425348609685895,50.0,66.0,24.0
Cicadellini,Unknown,Insecta,0,0.0,1,0.6931471805599453,1,1,85.0,15.134180068969728,0.1230783760547638,48.0,71.0,25.0
Cicadoidea,Cicadas,Insecta,0,0.0,3,1.3862943611198906,3,3,28.0,12.695198575655619,0.12876679499944046,29.666666666666668,46.333333333333336,17.0
Cicadomorpha,"Spittlebugs, Cicadas, Leafhoppers and Treehoppers",Insecta,0,0.0,1,0.6931471805599453,1,1,102.0,4.506590366363525,0.1536818742752075,51.0,68.0,23.0
Cichorieae,"Lettuce, Chicory, Dandelion and Salsify Tribe",Plantae,1,1.0,16,2.833213344056216,14,16,60.0,9.331359073519707,0.15856521017849443,47.0,70.3125,24.75
Cichorioideae,"chicories, dandelions, and allies",Plantae,0,0.0,3,1.3862943611198906,3,3,39.666666666666664,16.73895279566447,0.14874090751012162,30.0,48.0,16.666666666666668
Cicindelidae,Tiger Beetles,Insecta,0,0.0,1,0.6931471805599453,1,1,0.0,0.0,-0.0433752425014972,0.0,0.0,0.0
Cicindelidia hemorrhagica,Wetsalts Tiger Beetle,Insecta,1,1.0,5,1.791759469228055,3,4,0.6,4.205034732818604,0.17949402034282683,44.4,68.6,24.2
Cicindelidia trifasciata,S-banded Tiger Beetle,Insecta,0,0.0,1,0.6931471805599453,1,1,0.0,0.0,-0.0756963342428207,0.0,0.0,0.0
Ciliophora,Ciliates,Chromista,1,3.0,2,1.0986122886681098,1,1,0.0,0.0,0.20279509574174875,44.0,65.0,24.0
Circus hudsonius,Northern Harrier,Aves,1,1.0,1,0.6931471805599453,1,1,3.0,2.8827271461486816,0.1579961776733398,50.0,69.0,24.0
Cirripedia,Barnacles,Animalia,1,9.0,3,1.3862943611198906,3,3,9.0,9.101026852925619,0.061722151935100535,15.333333333333334,24.0,8.0
Cirsium,Plume Thistles,Plantae,0,0.0,1,0.6931471805599453,1,1,2.0,4.410859107971191,0.1652849167585373,48.0,70.0,22.0
Cirsium occidentale,Cobwebby Thistle,Plantae,0,0.0,8,2.1972245773362196,8,8,16.875,7.285863906145096,0.170224480330944,49.875,68.0,20.5
Cirsium occidentale californicum,California thistle,Plantae,0,0.0,3,1.3862943611198906,2,3,2.6666666666666665,3.580374240875244,0.16929702957471204,46.666666666666664,69.33333333333333,22.666666666666668
Cirsium occidentale occidentale,Unknown,Plantae,0,0.0,1,0.6931471805599453,1,1,98.0,5.681619644165039,0.1784821450710296,50.0,67.0,25.0
Cirsium vulgare,Bull Thistle,Plantae,0,0.0,1,0.6931471805599453,1,1,9.0,9.186408042907717,0.1806754469871521,51.0,69.0,22.0
Cistaceae,rock-rose family,Plantae,0,0.0,10,2.3978952727983707,10,9,91.9,7.103880262374878,0.14843199104070662,48.6,70.9,24.0
Cistanthe,pussy paws,Plantae,0,0.0,1,0.6931471805599453,1,1,16.0,15.133502960205078,0.092056892812252,46.0,72.0,24.0
Cisthene,Unknown,Insecta,0,0.0,5,1.791759469228055,5,4,56.4,8.477424240112304,0.18453923016786572,49.8,69.6,22.6
Cisthene faustinula,Unknown,Insecta,0,0.0,8,2.1972245773362196,7,7,30.5,8.505900003015995,0.17022318206727502,39.0,59.75,22.5
Cisthene liberomacula,Unknown,Insecta,0,0.0,2,1.0986122886681098,2,2,57.0,5.056908994913102,0.17137911915779108,51.0,70.0,23.0
Cistothorus palustris,Marsh Wren,Aves,0,0.0,1,0.6931471805599453,1,1,-1.0,2.3953752517700195,0.1648636162281036,46.0,66.0,25.0
Cistus creticus,Hoary Rock-rose,Plantae,0,0.0,1,0.6931471805599453,1,1,112.0,2.395043134689331,0.1522859632968902,50.0,64.0,23.0
Cistus creticus creticus,Unknown,Plantae,0,0.0,1,0.6931471805599453,1,1,129.0,5.681434154510498,0.1915004700422287,43.0,61.0,25.0
Cixius,Unknown,Insecta,0,0.0,1,0.6931471805599453,1,1,20.0,23.68118667602539,0.1703269332647323,51.0,74.0,25.0
Cladonia,pixie cup and reindeer lichens,Fungi,1,3.0,106,4.672828834461906,53,71,80.78301886792453,9.420017028754613,0.1591015647885934,49.58490566037736,69.32075471698113,22.5188679245283
Cladonia cariosa,Split-peg Lichen,Fungi,0,0.0,4,1.6094379124341003,2,4,60.0,7.440732553601265,0.1926794350147247,45.25,69.75,25.25
Cladonia carneola,Crowned Pixie-cup,Fungi,0,0.0,1,0.6931471805599453,1,1,69.0,7.742469310760498,0.2026898115873336,40.0,71.0,29.0
Cladonia chlorophaea,Unknown,Fungi,1,3.0,23,3.1780538303479458,19,22,73.26086956521739,8.864223412845446,0.16813148882078083,50.47826086956522,69.34782608695652,22.26086956521739
Cladonia coniocraea,Common Powderhorn,Fungi,0,0.0,12,2.5649493574615367,6,11,61.5,15.482856074968973,0.1765438728034496,49.083333333333336,68.25,22.583333333333332
Cladonia fimbriata,Trumpet Lichen,Fungi,0,0.0,1,0.6931471805599453,1,1,71.0,9.361124992370604,0.1741988211870193,50.0,66.0,24.0
Cladonia firma,Firm Cup Lichen,Fungi,0,0.0,1,0.6931471805599453,1,1,33.0,30.82039833068848,0.1903782337903976,51.0,74.0,25.0
Cladonia furcata,many-forked cladonia,Fungi,0,0.0,6,1.9459101490553132,2,6,66.66666666666667,16.210387388865154,0.16687336936593047,49.0,70.33333333333333,22.666666666666668
Cladonia maritima,Unknown,Fungi,0,0.0,9,2.302585092994046,4,8,82.44444444444444,12.268131335576376,0.154403719637129,48.111111111111114,68.11111111111111,23.666666666666668
Cladonia pyxidata,Pebbled Pixie Cup,Fungi,1,2.0,5,1.791759469228055,5,5,71.0,10.234004688262939,0.15814378559589382,49.2,70.8,23.4
Cladonia ramulosa,Branched Pixie-cup Lichen,Fungi,0,0.0,2,1.0986122886681098,2,2,56.5,14.309436321258547,0.1893109083175659,50.0,66.5,21.5
Cladonia scabriuscula,Mealy Forked Cladonia,Fungi,0,0.0,11,2.4849066497880004,7,8,66.9090909090909,16.936054229736328,0.17472638867118137,49.0,69.27272727272727,23.545454545454547
Cladonia squamosa,Dragon Horn,Fungi,0,0.0,7,2.0794415416798357,6,7,77.71428571428571,12.892352887562343,0.1650200858712196,48.857142857142854,69.85714285714286,23.857142857142858
Cladonia verticillata,Ladder Lichen,Fungi,0,0.0,1,0.6931471805599453,1,1,120.0,6.850569725036621,0.1555507183074951,51.0,64.0,17.0
Cladoniaceae,spindles and structured lichens,Fungi,0,0.0,1,0.6931471805599453,1,1,69.0,11.233619689941406,0.158021405339241,51.0,65.0,21.0
Cladophora,Unknown,Plantae,0,0.0,1,0.6931471805599453,1,1,23.0,25.675203323364254,0.1107674613595008,0.0,0.0,0.0
Cladophora columbiana,Green pin-cushion alga,Plantae,1,1.0,3,1.3862943611198906,3,3,31.666666666666668,10.188258330027262,0.060919954441487734,17.0,22.666666666666668,6.666666666666667
Cladosporiaceae,Unknown,Fungi,0,0.0,1,0.6931471805599453,1,1,4.0,5.123410224914551,0.1412407755851745,51.0,69.0,20.0
Cladosporium,Unknown,Fungi,0,0.0,1,0.6931471805599453,1,1,104.0,2.1580841541290283,0.1145932152867317,51.0,67.0,22.0
Clangula hyemalis,Long-tailed Duck,Aves,0,0.0,1,0.6931471805599453,1,1,13.0,36.19209671020508,0.030251421034336,0.0,0.0,0.0
Clanoptilus,Unknown,Insecta,0,0.0,1,0.6931471805599453,1,1,58.0,8.03724479675293,0.1540730893611908,44.0,71.0,27.0
Clarkia,Clarkias,Plantae,0,0.0,1,0.6931471805599453,1,1,61.0,8.360414505004883,0.1654189527034759,50.0,73.0,22.0
Clarkia epilobioides,canyon clarkia,Plantae,0,0.0,2,1.0986122886681098,2,2,17.5,15.742665767669678,0.18697569519281385,50.5,67.0,20.0
Clastoptera lineatocollis,Unknown,Insecta,1,1.0,3,1.3862943611198906,3,3,61.333333333333336,4.407982687155406,0.16334154208501175,50.666666666666664,69.66666666666667,22.333333333333332
Clastopteridae,Clastopterid Spittlebugs,Insecta,1,1.0,1,0.6931471805599453,1,1,5.0,2.1581478118896484,0.2057874053716659,47.0,71.0,25.0
Clavascidium,Unknown,Fungi,0,0.0,1,0.6931471805599453,1,1,61.0,10.9819917678833,0.201245903968811,49.0,72.0,24.0
Clavascidium lacinulatum,Brown Stipplescale Lichen,Fungi,0,0.0,1,0.6931471805599453,1,1,100.0,9.884733200073242,0.1193981990218162,53.0,71.0,20.0
Clavelina huntsmani,Lightbulb Tunicate,Animalia,0,0.0,1,0.6931471805599453,1,1,0.0,16.133228302001953,-0.0618839599192142,0.0,0.0,0.0
Claytonia,spring beauties,Plantae,0,0.0,15,2.772588722239781,14,14,60.13333333333333,12.019982131322225,0.16951022446155542,44.266666666666666,69.26666666666667,25.466666666666665
Claytonia parviflora,Streambank Springbeauty,Plantae,0,0.0,2,1.0986122886681098,1,1,6.0,6.138913393020629,0.16394462436437607,49.0,68.0,21.5
Claytonia perfoliata,miner's lettuce,Plantae,1,4.0,88,4.48863636973214,60,74,61.98863636363637,9.956818353723396,0.16477805723182176,45.20454545454545,68.54545454545455,24.75
Claytonia perfoliata perfoliata,Unknown,Plantae,0,0.0,2,1.0986122886681098,2,2,72.5,10.867019653320312,0.1789140775799751,48.0,69.5,23.5
Clematis,Clematis and leatherflowers,Plantae,0,0.0,16,2.833213344056216,15,16,55.625,8.933708056807518,0.1691401563584804,43.375,71.25,26.5
Clematis ligusticifolia,Western White Clematis,Plantae,0,0.0,2,1.0986122886681098,2,2,36.5,9.208444118499756,0.22744560986757278,44.0,69.5,26.5
Clematis pauciflora,Southern California clematis,Plantae,0,0.0,120,4.795790545596741,71,109,64.64166666666667,7.433727369705836,0.16685982737690205,45.225,71.2,25.358333333333334
Cleomella arborea,Bladderpod,Plantae,1,68.0,623,6.436150368369428,360,448,52.845906902086675,16.51824283293698,0.15387621438833338,36.7752808988764,58.37720706260032,21.531300160513645
Cleomella arborea angustata,Unknown,Plantae,0,0.0,1,0.6931471805599453,1,1,66.0,9.199052810668944,0.1833325773477554,49.0,72.0,24.0
Cleomella arborea arborea,Unknown,Plantae,0,0.0,5,1.791759469228055,5,5,63.2,13.938196182250977,0.17693717479705806,46.6,70.6,25.2
Clepsis,Unknown,Insecta,0,0.0,1,0.6931471805599453,1,1,10.0,11.253427505493164,0.1573542803525924,48.0,71.0,22.0
Cleroidea,"Bark-gnawing, Checkered, and Soft-winged Flower Beetles",Insecta,0,0.0,1,0.6931471805599453,1,1,52.0,9.887809753417969,0.1553411334753036,44.0,71.0,27.0
Clevelandia ios,Arrow Goby,Actinopterygii,0,0.0,4,1.6094379124341003,2,3,0.25,2.261619210243225,0.18296483904123303,45.25,69.25,25.0
Clionaidae,Boring Sponges,Animalia,0,0.0,1,0.6931471805599453,1,1,15.0,27.563465118408203,0.0247136428952217,0.0,0.0,0.0
Cliostomum griffithii,Multicolored Dot Lichen,Fungi,0,0.0,8,2.1972245773362196,3,6,80.125,8.314151018857956,0.18575630523264403,43.875,69.625,26.125
Clistopyga,Unknown,Insecta,0,0.0,1,0.6931471805599453,1,1,13.0,16.621923446655273,0.1600524932146072,51.0,69.0,20.0
Clitocybaceae,Unknown,Fungi,0,0.0,1,0.6931471805599453,1,1,15.0,13.256980895996094,0.1973487138748169,50.0,66.0,20.0
Clitocybe,Funnels,Fungi,0,0.0,1,0.6931471805599453,1,1,0.0,9.442472457885742,0.1640033721923828,38.0,71.0,29.0
Clogmia albipunctata,Bathroom Moth Fly,Insecta,0,0.0,4,1.6094379124341003,4,4,38.5,5.746632605791092,0.08451098762452597,23.25,35.0,12.75
Closterocoris,Unknown,Insecta,0,0.0,9,2.302585092994046,9,9,63.55555555555556,20.8052888446384,0.15519675364096955,33.333333333333336,54.77777777777778,20.555555555555557
Closterocoris amoenus,Unknown,Insecta,0,0.0,38,3.6635616461296463,27,34,59.13157894736842,16.754222970259818,0.16030806420665034,31.657894736842106,50.28947368421053,18.526315789473685
Closterotomus norwegicus,Potato Mirid,Insecta,0,0.0,1,0.6931471805599453,1,1,4.0,0.9274099469184875,0.2549227178096771,46.0,68.0,22.0
Clypeadon,Unknown,Insecta,0,0.0,3,1.3862943611198906,3,3,65.66666666666667,8.078123251597086,0.16075908641020453,46.0,71.0,26.333333333333332
Cnemotettix bifasciatus,Unknown,Insecta,0,0.0,6,1.9459101490553132,3,5,58.166666666666664,6.842006425062816,0.16863293697436646,44.5,68.5,26.333333333333332
Cneoridium dumosum,Bushrue,Plantae,0,0.0,798,6.683360945766275,399,508,81.66666666666667,7.639697839368256,0.16554925228027917,47.081453634085214,70.2406015037594,24.36340852130326
Coccinella septempunctata,Seven-spotted Lady Beetle,Insecta,1,10.0,30,3.4339872044851463,22,27,46.63333333333333,11.530641174316406,0.13635122686003642,35.666666666666664,52.0,16.833333333333332
Coccinellidae,Lady Beetles,Insecta,0,0.0,1,0.6931471805599453,1,1,2.0,3.4378700256347656,0.1696882098913192,48.0,70.0,22.0
Coccinellini,Black-spotted Lady Beetles,Insecta,1,1.0,3,1.3862943611198906,3,3,21.0,9.286265929539999,0.14836795628070829,49.666666666666664,73.33333333333333,24.0
Coccoidea,Scale Insects,Insecta,1,2.0,1,0.6931471805599453,1,1,53.0,14.073803901672363,0.1303570717573166,40.0,71.0,29.0
Cochemiea dioica,Peninsular fishhook cactus,Plantae,1,30.0,38,3.6635616461296463,36,37,88.3157894736842,7.626291019351859,0.15235061757266516,47.81578947368421,65.71052631578948,24.63157894736842
Codium fragile,Dead Man's Fingers,Plantae,1,5.0,1,0.6931471805599453,1,1,0.0,0.0,0.0134374788030982,0.0,0.0,0.0
Coelocnemis,Unknown,Insecta,0,0.0,15,2.772588722239781,15,15,86.53333333333333,9.648352320988973,0.17045281877120333,50.666666666666664,71.4,22.866666666666667
Coelocnemis magna,Unknown,Insecta,0,0.0,15,2.772588722239781,14,14,82.13333333333334,7.748214979966481,0.15848185718059538,50.4,70.33333333333333,23.2
Coelopa,Bristly Kelp Flies,Insecta,0,0.0,2,1.0986122886681098,2,2,7.5,14.51773738861084,0.0223681759089231,0.0,0.0,0.0
Coenonycha,Unknown,Insecta,0,0.0,1,0.6931471805599453,1,1,72.0,1.4423161745071411,0.1799259930849075,40.0,71.0,29.0
Colaptes auratus,Northern Flicker,Aves,0,0.0,4,1.6094379124341003,4,3,14.25,9.598504722118378,0.16730275005102158,49.5,67.25,20.75
Colaptes auratus cafer,Northern Red-shafted Flicker,Aves,0,0.0,1,0.6931471805599453,1,1,45.0,3.865194082260132,0.1466952264308929,50.0,73.0,22.0
Colaptes auratus luteus,Northern Yellow-shafted Flicker,Aves,0,0.0,1,0.6931471805599453,1,1,13.0,8.163491249084473,0.154757559299469,50.0,68.0,20.0
Colaspidea,Unknown,Insecta,0,0.0,1,0.6931471805599453,1,1,56.0,1.105018138885498,0.1788056641817093,50.0,73.0,22.0
Colaspidea smaragdula,Unknown,Insecta,0,0.0,1,0.6931471805599453,1,1,52.0,10.836172103881836,0.1359564661979675,44.0,71.0,27.0
Coleoptera,Beetles,Insecta,1,3.0,51,3.9512437185814275,33,43,57.05882352941177,9.637374942209206,0.16435240355192443,46.529411764705884,69.52941176470588,23.45098039215686
Colepidae,Unknown,Chromista,0,0.0,1,0.6931471805599453,1,1,0.0,0.0,0.1729258000850677,44.0,65.0,24.0
Colias eurytheme,Orange Sulphur,Insecta,0,0.0,3,1.3862943611198906,3,3,34.333333333333336,9.101028045018515,0.17349720994631446,51.0,68.66666666666667,21.666666666666668
Collema,Tree Jelly Lichens,Fungi,0,0.0,1,0.6931471805599453,1,1,32.0,11.90218734741211,0.2096038907766342,50.0,66.0,20.0
Collema nigrescens,Blistered Jelly Lichen,Fungi,0,0.0,1,0.6931471805599453,1,1,36.0,16.571256637573242,0.2193606048822403,51.0,67.0,21.0
Collema subnigrescens,Unknown,Fungi,0,0.0,2,1.0986122886681098,2,2,34.0,14.236721992492676,0.21448224782943726,50.5,66.5,20.5
Collemataceae,Unknown,Fungi,0,0.0,1,0.6931471805599453,1,1,111.0,4.9632415771484375,0.1601075977087021,49.0,72.0,22.0
Colletes,Cellophane Bees,Insecta,1,1.0,40,3.713572066704308,14,22,47.325,14.462468367815017,0.1586250569671392,34.25,52.5,19.1
Colletes ochraceus,Ochraceous Cellophane Bee,Insecta,0,0.0,38,3.6635616461296463,15,24,50.73684210526316,15.595864302233645,0.15365786879862606,29.342105263157894,48.3421052631579,18.657894736842106
Collinsia,Blue-eyed Marys,Plantae,0,0.0,3,1.3862943611198906,3,3,72.0,6.899104913075765,0.15858871241410574,52.0,73.0,21.0
Collinsia heterophylla,Purple Chinese Houses,Plantae,0,0.0,20,3.044522437723423,15,19,15.8,10.02670465707779,0.20019759312272067,44.85,68.8,24.7
Collops,Unknown,Insecta,0,0.0,2,1.0986122886681098,2,2,45.5,6.229026913642883,0.1756015047430992,46.0,71.5,24.5
Collops marginicollis,Unknown,Insecta,0,0.0,1,0.6931471805599453,1,1,31.0,39.27840805053711,0.1018976047635078,0.0,0.0,0.0
Collybia brunneocephala,Brownit,Fungi,0,0.0,1,0.6931471805599453,1,1,98.0,12.813798904418944,0.1858123242855072,50.0,69.0,23.0
Collybiopsis quercophila,Oak-leaf Pinwheel,Fungi,0,0.0,1,0.6931471805599453,1,1,20.0,13.077030181884766,0.2102587223052978,50.0,66.0,20.0
Colpomenia,Puff-ball Algae,Chromista,1,23.0,2,1.0986122886681098,2,2,0.0,0.0,0.0121496375650167,0.0,0.0,0.0
Colpomenia peregrina,Oyster-thief,Chromista,1,17.0,5,1.791759469228055,4,5,6.0,9.573179626464844,-0.01808857293799518,0.0,0.0,0.0
Colpomenia sinuosa,Oyster thief,Chromista,1,6.0,1,0.6931471805599453,1,1,0.0,15.107836723327637,0.0102577591314911,0.0,0.0,0.0
Colubrinae,Colubrine Snakes,Reptilia,0,0.0,1,0.6931471805599453,1,1,102.0,7.687937259674072,0.1439417898654937,51.0,68.0,23.0
Columbidae,Pigeons and Doves,Aves,0,0.0,1,0.6931471805599453,1,1,78.0,8.772162437438965,0.1964431405067443,52.0,73.0,21.0
Comarostaphylis diversifolia,summer holly,Plantae,0,0.0,7,2.0794415416798357,5,5,96.42857142857143,9.537022965294975,0.1517580172845295,51.57142857142857,70.57142857142857,22.714285714285715
Compsocryptus,Unknown,Insecta,1,1.0,1,0.6931471805599453,1,1,22.0,20.949161529541016,0.2185001075267791,51.0,69.0,20.0
Coniocarpon cinnabarinum,Bloody Comma Lichen,Fungi,0,0.0,1,0.6931471805599453,1,1,73.0,14.624289512634276,0.158021405339241,51.0,65.0,21.0
Coniontis,Unknown,Insecta,0,0.0,3,1.3862943611198906,3,3,37.0,20.044905344645183,0.1328630670905113,32.666666666666664,45.333333333333336,15.333333333333334
Coniopterygidae,Dusty-winged Lacewings,Insecta,0,0.0,1,0.6931471805599453,1,1,91.0,4.782978057861328,0.2280867993831634,53.0,72.0,19.0
Coniopteryx,Unknown,Insecta,0,0.0,1,0.6931471805599453,1,1,103.0,4.506577014923096,0.123661495745182,53.0,71.0,23.0
Conium maculatum,poison hemlock,Plantae,0,0.0,13,2.6390573296152584,12,11,14.384615384615385,15.69529986840028,0.18243543115945957,49.38461538461539,68.3076923076923,23.076923076923077
Conocephalus spinosus,San Diego Meadow Katydid,Insecta,0,0.0,3,1.3862943611198906,3,3,3.6666666666666665,11.345588048299154,0.11906465453406172,30.333333333333332,46.0,16.333333333333332
Conophorus,Unknown,Insecta,0,0.0,35,3.58351893845611,19,32,68.05714285714286,8.303689415114267,0.16457387379237579,46.91428571428571,69.6,22.771428571428572
Conophorus fenestratus,Cone-snout Bee Fly,Insecta,0,0.0,29,3.4011973816621555,18,20,63.827586206896555,9.853766811305078,0.15302139109578622,45.44827586206897,69.96551724137932,25.862068965517242
Conophorus nigripennis,Unknown,Insecta,0,0.0,1,0.6931471805599453,1,1,83.0,4.963186264038086,0.1975734233856201,50.0,73.0,22.0
Conopidae,Thick-headed Flies,Insecta,0,0.0,1,0.6931471805599453,1,1,79.0,13.964004516601562,0.1321129351854324,40.0,71.0,29.0
Conotelus,Unknown,Insecta,0,0.0,3,1.3862943611198906,3,3,53.333333333333336,5.08602499961853,0.15678240855534867,48.0,72.33333333333333,23.666666666666668
Constrictolumina lyrata,Unknown,Fungi,0,0.0,1,0.6931471805599453,1,1,103.0,3.865122079849243,0.148392766714096,51.0,69.0,22.0
Contopus sordidulus,Western Wood-Pewee,Aves,0,0.0,2,1.0986122886681098,2,2,45.5,11.148733615875244,0.1542335897684097,50.0,70.5,21.0
Contumyces rosellus,rosy navel,Fungi,1,1.0,4,1.6094379124341003,4,4,73.75,5.547865688800812,0.14671059884130952,48.5,70.5,23.75
Conura,Unknown,Insecta,0,0.0,1,0.6931471805599453,1,1,100.0,5.208151817321777,0.1576225310564041,53.0,71.0,23.0
Convolvulaceae,bindweed family,Plantae,0,0.0,6,1.9459101490553132,6,6,64.5,9.64626677831014,0.16481134543816245,45.166666666666664,70.66666666666667,25.666666666666668
Convolvuleae,Bindweed Tribe,Plantae,0,0.0,8,2.1972245773362196,6,8,55.625,9.426018714904785,0.159974442794919,45.625,71.125,25.0
Convolvuloideae,"Bindweeds, Morning-glories and Allies",Plantae,0,0.0,1,0.6931471805599453,1,1,72.0,12.740582466125488,0.1805102974176406,40.0,71.0,29.0
Convolvulus arvensis,field bindweed,Plantae,0,0.0,14,2.70805020110221,13,14,14.0,12.052634171077184,0.1949096396565437,50.285714285714285,68.42857142857143,22.571428571428573
Copestylum,Bromeliad Flies,Insecta,1,1.0,3,1.3862943611198906,3,3,64.33333333333333,6.740163008371989,0.1579280445973078,47.333333333333336,72.33333333333333,24.0
Copestylum apiciferum,Unknown,Insecta,0,0.0,4,1.6094379124341003,4,4,73.5,4.700252294540405,0.15268623828887934,49.0,70.5,23.0
Copestylum avidum,Yellow-spotted Bromeliad Fly,Insecta,1,4.0,171,5.147494476813453,48,135,67.28070175438596,8.305263206624149,0.16246986755153586,48.239766081871345,70.26900584795321,22.497076023391813
Copestylum fornax,Unknown,Insecta,0,0.0,1,0.6931471805599453,1,1,72.0,13.964086532592772,0.19085393846035,40.0,69.0,28.0
Copestylum fraudulentum,Unknown,Insecta,0,0.0,2,1.0986122886681098,1,2,60.0,9.87508749961853,0.16288083791732785,47.0,68.5,25.5
Copestylum haagii,Haag's Bromeliad Fly,Insecta,0,0.0,1,0.6931471805599453,1,1,60.0,28.37887382507324,0.1470067054033279,0.0,0.0,0.0
Copestylum marginatum,Unknown,Insecta,0,0.0,70,4.2626798770413155,15,58,61.4,8.453033198629107,0.15891288635986187,47.857142857142854,70.72857142857143,22.714285714285715
Copestylum mexicanum,Mexican Cactus Fly,Insecta,0,0.0,16,2.833213344056216,10,15,65.3125,7.48361773788929,0.16765507357195014,51.0625,71.6875,21.5
Copestylum satur,Spotted-wing Bromeliad Fly,Insecta,0,0.0,9,2.302585092994046,4,8,57.44444444444444,8.83492120107015,0.16875928640365595,48.111111111111114,71.11111111111111,24.333333333333332
Copestylum violaceum,Unknown,Insecta,1,1.0,26,3.295836866004329,16,24,63.34615384615385,6.860634666222793,0.17256611757553536,49.57692307692308,71.26923076923077,22.115384615384617
Cophura,Unknown,Insecta,0,0.0,1,0.6931471805599453,1,1,113.0,1.1047025918960571,0.1377657502889633,50.0,64.0,23.0
Copidita quadrimaculata,Four-marked False Blister Beetle,Insecta,0,0.0,1,0.6931471805599453,1,1,0.0,9.25904941558838,0.2223810702562332,42.0,69.0,28.0
Coprinus comatus,Shaggy Mane,Fungi,0,0.0,1,0.6931471805599453,1,1,5.0,2.158142566680908,0.2523414492607116,42.0,69.0,24.0
Coptodisca,Unknown,Insecta,0,0.0,2,1.0986122886681098,1,1,105.0,6.410497188568115,0.1633230596780777,50.0,64.0,23.0
Coquillettapis,Unknown,Insecta,0,0.0,4,1.6094379124341003,4,4,61.25,10.634859442710876,0.16139295324683184,52.5,70.5,21.0
Corallina officinalis,Common Coralline,Plantae,1,49.0,3,1.3862943611198906,3,3,0.0,5.378014882405599,-0.05123753876735763,0.0,0.0,0.0
Corallinaceae,coralline algae,Plantae,1,4.0,1,0.6931471805599453,1,1,5.0,0.9274099469184875,0.0404280610382556,0.0,0.0,0.0
Corallinales,Coralline algae,Plantae,1,4.0,1,0.6931471805599453,1,1,0.0,0.0,-0.0786931738257408,0.0,0.0,0.0
Corallinoideae,Unknown,Plantae,1,11.0,1,0.6931471805599453,1,1,0.0,0.0,-0.0014460701495409,0.0,0.0,0.0
Cordylanthus,Bird's-beaks,Plantae,0,0.0,13,2.6390573296152584,13,13,66.3076923076923,11.892550798562857,0.16319083021237296,34.84615384615385,54.53846153846154,19.307692307692307
Cordylanthus rigidus,Stiffbranch Bird's Beak,Plantae,0,0.0,105,4.663439094112067,73,87,73.20952380952382,9.40569563366118,0.15746185204812455,43.76190476190476,65.5904761904762,23.17142857142857
Cordylanthus rigidus rigidus,stiffly-branched bird's beak,Plantae,0,0.0,1,0.6931471805599453,1,1,76.0,6.557013988494873,0.172823965549469,50.0,66.0,24.0
Cordylanthus rigidus setiger,Bristly Bird's Beak,Plantae,0,0.0,114,4.74493212836325,59,83,71.03508771929825,9.803243779299551,0.16501883711469797,41.6578947368421,63.73684210526316,22.780701754385966
Coreidae,Leaf-footed Bugs,Insecta,0,0.0,2,1.0986122886681098,2,2,50.5,11.923897624015808,0.21069958060979838,51.0,71.0,22.5
Coreinae,Unknown,Insecta,0,0.0,1,0.6931471805599453,1,1,72.0,8.570499420166016,0.1286544799804687,40.0,69.0,28.0
Corethrogyne,Unknown,Plantae,1,1.0,17,2.8903717578961645,15,15,77.58823529411765,16.998300243826474,0.1511855511104359,37.294117647058826,54.1764705882353,18.176470588235293
Corethrogyne filaginifolia,California Aster,Plantae,1,6.0,757,6.630683385642372,294,489,71.75693527080581,12.016938762904159,0.15277558076472228,41.66710700132101,61.560105680317044,20.960369881109642
Corethrogyne filaginifolia filaginifolia,common sand-aster,Plantae,0,0.0,2,1.0986122886681098,2,2,71.5,18.369247913360596,0.142932154238224,45.0,67.5,26.0
Coriarachnini,Unknown,Arachnida,1,1.0,3,1.3862943611198906,3,3,69.66666666666667,15.090898513793945,0.1586188028256098,51.333333333333336,70.0,23.333333333333332
Cornu aspersum,Garden Snail,Mollusca,1,7.0,5,1.791759469228055,3,3,29.4,4.588015604019165,0.15601476132869715,49.6,71.4,22.2
Corolla spectabilis,Spectacular Corolla,Mollusca,0,0.0,1,0.6931471805599453,1,1,5.0,5.751406192779541,-0.0024452051147818,0.0,0.0,0.0
Cortaderia,Pampas grasses,Plantae,1,2.0,1,0.6931471805599453,1,1,112.0,2.1580610275268555,0.1355347782373428,50.0,64.0,23.0
Cortaderia jubata,Purple Pampas Grass,Plantae,0,0.0,1,0.6931471805599453,1,1,102.0,9.18950366973877,0.1178663372993469,53.0,71.0,20.0
Cortaderia selloana,Pampas Grass,Plantae,1,5.0,38,3.6635616461296463,30,34,42.89473684210526,7.921396928398233,0.16147376851815923,49.3421052631579,69.47368421052632,21.92105263157895
Corthylio calendula,Ruby-crowned Kinglet,Aves,0,0.0,3,1.3862943611198906,3,3,38.333333333333336,6.188247442245483,0.20876075824101759,51.0,68.0,20.333333333333332
Corticium,Unknown,Fungi,0,0.0,1,0.6931471805599453,1,1,8.0,5.123546123504639,0.1461282819509506,49.0,73.0,25.0
Cortodera falsa,Unknown,Insecta,0,0.0,4,1.6094379124341003,4,4,55.0,13.431992769241333,0.14806693792343137,32.0,53.5,20.5
Corvidae,"Crows, Jays, and Magpies",Aves,0,0.0,1,0.6931471805599453,1,1,80.0,12.768001556396484,0.1777916997671127,40.0,69.0,28.0
Corvus,Crows and Ravens,Aves,1,1.0,4,1.6094379124341003,4,4,20.5,22.832679510116577,0.0409905379638076,9.5,17.75,7.25
Corvus brachyrhynchos,American Crow,Aves,1,4.0,12,2.5649493574615367,12,12,45.25,10.165165767073631,0.11691494379192585,36.416666666666664,52.5,18.083333333333332
Corvus corax,Common Raven,Aves,1,17.0,192,5.262690188904886,114,157,57.0625,10.710946208176514,0.12055305862061987,35.135416666666664,51.328125,18.46875
Corymbia citriodora,Lemon-scented gum,Plantae,0,0.0,1,0.6931471805599453,1,1,87.0,7.071024894714356,0.2151854634284973,47.0,70.0,24.0
Corythucha,Unknown,Insecta,0,0.0,3,1.3862943611198906,3,3,74.33333333333333,9.191665490468344,0.1845565984646479,52.333333333333336,71.33333333333333,22.666666666666668
Corythucha eriodictyonae,Unknown,Insecta,0,0.0,2,1.0986122886681098,2,2,84.0,9.035799264907837,0.15593261644244188,53.5,71.5,20.0
Corythucha marmorata,Chrysanthemum Lace Bug,Insecta,0,0.0,1,0.6931471805599453,1,1,66.0,7.070948123931885,0.1481854319572448,54.0,72.0,20.0
Corythucha morrilli,Morrill Lace Bug,Insecta,0,0.0,1,0.6931471805599453,1,1,64.0,10.166461944580078,0.1924670338630676,54.0,72.0,20.0
Cossonini,Unknown,Insecta,0,0.0,1,0.6931471805599453,1,1,69.0,22.61054039001465,0.1286544799804687,40.0,69.0,28.0
Cotinis mutabilis,Figeater Beetle,Insecta,1,4.0,17,2.8903717578961645,16,17,21.235294117647058,8.480510571423698,0.06014421286390107,25.705882352941178,37.705882352941174,12.470588235294118
Cotoneaster pannosus,silverleaf cotoneaster,Plantae,0,0.0,1,0.6931471805599453,1,1,13.0,8.163491249084473,0.154757559299469,50.0,68.0,20.0
Cotula australis,Common Cotula,Plantae,1,5.0,14,2.70805020110221,12,14,71.42857142857143,11.519611937659127,0.15653312738452635,47.357142857142854,68.28571428571429,24.857142857142858
Cotula coronopifolia,Brass Buttons,Plantae,0,0.0,21,3.091042453358316,13,20,4.857142857142857,4.980510950088501,0.17177158381257734,46.285714285714285,68.47619047619048,23.285714285714285
Crabro villosus,Unknown,Insecta,0,0.0,1,0.6931471805599453,1,1,105.0,9.443585395812988,0.1195598766207695,53.0,69.0,19.0
Crabronidae,"Square-headed Wasps, Sand Wasps, and Allies",Insecta,0,0.0,6,1.9459101490553132,5,6,55.333333333333336,8.693679412206015,0.1766684328516324,43.5,69.83333333333333,26.5
Crabronina,Unknown,Insecta,0,0.0,1,0.6931471805599453,1,1,20.0,23.68118667602539,0.1703269332647323,51.0,74.0,25.0
Crabroninae,Unknown,Insecta,0,0.0,3,1.3862943611198906,3,3,58.666666666666664,16.55578104654948,0.13430673380692795,28.0,46.666666666666664,18.333333333333332
Crassadoma gigantea,Giant Rock Scallop,Mollusca,1,6.0,12,2.5649493574615367,7,12,3.1666666666666665,8.859172721703848,-0.025167707431440534,11.5,18.166666666666668,6.5
Crassostreinae,Cupped Oysters,Mollusca,1,2.0,1,0.6931471805599453,1,1,0.0,17.147899627685547,-0.0451257303357124,0.0,0.0,0.0
Crassula,Stonecrops,Plantae,1,1.0,3,1.3862943611198906,3,3,78.0,6.417612473169963,0.14433179547389344,47.666666666666664,69.33333333333333,24.333333333333332
Crassula aquatica,Aquatic pygmyweed,Plantae,0,0.0,1,0.6931471805599453,1,1,108.0,2.882642269134521,0.1520653516054153,50.0,64.0,23.0
Crassula connata,sand pygmyweed,Plantae,1,7.0,159,5.075173815233827,88,125,74.0503144654088,8.243526199328825,0.15642675644946544,47.0125786163522,68.18867924528301,23.48427672955975
Crassula multicava,Fairy Stonecrop,Plantae,0,0.0,18,2.9444389791664403,10,18,104.0,11.18629593319363,0.12377398047182292,51.0,68.0,23.0
Crassula ovata,jade plant,Plantae,0,0.0,1,0.6931471805599453,1,1,101.0,6.852881908416748,0.2012812793254852,53.0,69.0,19.0
Crassula solieri,Little Pygmyweed,Plantae,0,0.0,1,0.6931471805599453,1,1,109.0,2.1580610275268555,0.1520653516054153,50.0,64.0,23.0
Crassula tillaea,Mossy Stonecrop,Plantae,0,0.0,3,1.3862943611198906,3,3,34.0,4.74325172106425,0.14187220980723697,49.333333333333336,70.0,22.666666666666668
Crassulaceae,stonecrop family,Plantae,0,0.0,1,0.6931471805599453,1,1,0.0,18.50230026245117,0.0029014814645051,0.0,0.0,0.0
Craterium brunneolum,Unknown,Protozoa,0,0.0,2,1.0986122886681098,1,1,100.0,9.884733200073242,0.1193981990218162,53.0,71.0,20.0
Cremastinae,Unknown,Insecta,0,0.0,2,1.0986122886681098,2,2,62.0,8.473246097564697,0.17179220914840695,47.0,72.0,24.5
Crematogaster,Unknown,Insecta,0,0.0,8,2.1972245773362196,4,8,49.75,11.00428992509842,0.1778282932937145,42.875,70.125,27.375
Crematogaster californica,Unknown,Insecta,0,0.0,1,0.6931471805599453,1,1,1.0,1.442363977432251,0.2048946171998977,46.0,66.0,25.0
Crematogaster hespera,Unknown,Insecta,0,0.0,1,0.6931471805599453,1,1,3.0,12.219250679016112,0.21621735394001,42.0,69.0,28.0
Crepidula,Typical Slippersnails,Mollusca,1,3.0,2,1.0986122886681098,2,2,0.0,0.0,0.00772291049361225,0.0,0.0,0.0
Crepidula norrisiarum,Unknown,Mollusca,0,0.0,1,0.6931471805599453,1,1,0.0,15.108379364013672,-0.0777603611350059,0.0,0.0,0.0
Crepidula onyx,Onyx Slippersnail,Mollusca,1,7.0,9,2.302585092994046,4,8,5.222222222222222,14.946452014976078,0.013442722200933389,0.0,0.0,0.0
Crepipatella lingulata,Pacific Half-slipper Snail,Mollusca,1,5.0,5,1.791759469228055,2,3,2.2,4.0510069847106935,-0.04210261162370442,0.0,0.0,0.0
Cresponea,Unknown,Fungi,0,0.0,1,0.6931471805599453,1,1,6.0,2.3950304985046387,0.2155632525682449,50.0,68.0,20.0
Cresponea chloroconia,Unknown,Fungi,0,0.0,12,2.5649493574615367,4,10,61.666666666666664,8.236993034680685,0.18985854710141814,47.333333333333336,69.16666666666667,23.416666666666668
Cressa,Unknown,Plantae,0,0.0,1,0.6931471805599453,1,1,1.0,2.3954007625579834,0.1972558349370956,47.0,71.0,25.0
Cressa truxillensis,Alkali Weed,Plantae,1,2.0,92,4.532599493153256,50,76,5.043478260869565,5.951344722638959,0.16540506436570504,39.46739130434783,65.5,25.07608695652174
Cricetidae,"Hamsters, Voles, Lemmings, and Allies",Mammalia,0,0.0,2,1.0986122886681098,2,2,53.0,6.458233594894409,0.14688894152641296,44.5,69.5,26.0
Cricotopus,Unknown,Insecta,0,0.0,1,0.6931471805599453,1,1,75.0,2.7802884578704834,0.1987842917442321,54.0,72.0,20.0
Crocanthemum,Frostweeds,Plantae,0,0.0,151,5.0238805208462765,98,133,84.05298013245033,6.882183263633425,0.15635157559091678,47.2317880794702,71.13245033112582,24.655629139072847
Crocanthemum aldersonii,Alderson's rushrose,Plantae,0,0.0,92,4.532599493153256,70,86,87.52173913043478,6.510153059078299,0.1518913128453752,49.52173913043478,71.25,23.33695652173913
Crocanthemum scoparium,peak rushrose,Plantae,0,0.0,381,5.945420608606575,194,296,83.83202099737532,6.908614008132554,0.15389180832647587,47.78477690288714,70.71391076115485,24.335958005249346
Crossata californica,California frog shell,Mollusca,1,3.0,11,2.4849066497880004,8,11,5.818181818181818,8.742018428715793,0.0016364036127924813,17.363636363636363,26.727272727272727,9.0
Crossidius testaceus,Unknown,Insecta,0,0.0,1,0.6931471805599453,1,1,4.0,7.250555992126465,0.1579260975122451,51.0,69.0,22.0
Crotalus oreganus,Western Rattlesnake,Reptilia,1,1.0,1,0.6931471805599453,1,1,11.0,8.590218544006348,0.1756433695554733,50.0,68.0,20.0
Crotalus oreganus helleri,Southern Pacific Rattlesnake,Reptilia,1,16.0,103,4.6443908991413725,87,96,49.14563106796116,11.047378934702827,0.14462497820444764,40.42718446601942,60.29126213592233,21.0873786407767
Crotalus ruber,Red Diamond Rattlesnake,Reptilia,0,0.0,2,1.0986122886681098,2,2,16.0,12.170540809631348,0.20827316492795944,44.0,69.0,24.5
Croton californicus,California croton,Plantae,0,0.0,293,5.683579767338681,117,225,61.508532423208194,14.377092857002806,0.15243558163528959,40.93515358361775,61.0,20.023890784982935
Croton setiger,turkey mullein,Plantae,1,1.0,1,0.6931471805599453,1,1,53.0,8.572021484375,0.1716159582138061,50.0,66.0,24.0
Crucibulum spinosum,Spiny Cup-and-Saucer,Mollusca,0,0.0,5,1.791759469228055,5,5,2.2,3.259672796726227,-0.0297803472727537,9.4,14.2,5.0
Crustacea,Crustaceans,Animalia,1,2.0,2,1.0986122886681098,2,2,7.5,11.749639511108398,0.09941955376416439,45.0,69.0,27.0
Cryptantha,Annual Cryptanthas,Plantae,1,4.0,170,5.14166355650266,100,131,64.84117647058824,11.032578155573677,0.1553986314684152,44.27647058823529,66.68823529411765,23.376470588235293
Cryptantha clevelandii,Cleveland's Cryptantha,Plantae,1,1.0,3,1.3862943611198906,3,3,70.33333333333333,9.21882963180542,0.13875153660774228,52.333333333333336,72.33333333333333,20.333333333333332
Cryptantha clevelandii florosa,Unknown,Plantae,0,0.0,1,0.6931471805599453,1,1,9.0,15.055014610290527,0.1926974505186081,48.0,67.0,19.0
Cryptantha intermedia,Clearwater cryptantha,Plantae,1,3.0,341,5.834810737062605,157,225,65.30498533724341,12.112014701813896,0.15317236497736042,43.422287390029325,64.19354838709677,21.73900293255132
Cryptantha intermedia johnstonii,Unknown,Plantae,0,0.0,3,1.3862943611198906,3,3,79.33333333333333,8.644571940104166,0.1654510249694188,48.666666666666664,70.66666666666667,23.333333333333332
Cryptantha maritima,Guadalupe cryptantha,Plantae,0,0.0,1,0.6931471805599453,1,1,54.0,15.740667343139648,0.1327363103628158,40.0,71.0,29.0
Cryptantha micromeres,pygmyflower cryptantha,Plantae,0,0.0,2,1.0986122886681098,1,2,108.0,3.9225597381591797,0.14661604911088938,49.5,64.5,22.0
Cryptantha muricata,pointed cryptantha,Plantae,0,0.0,5,1.791759469228055,5,4,95.6,6.157718086242676,0.16145898103713985,51.2,70.6,22.8
Cryptocephalinae,Case-bearing Leaf Beetles,Insecta,0,0.0,1,0.6931471805599453,1,1,48.0,10.836257934570312,0.1292885541915893,44.0,71.0,27.0
Cryptomonas,Unknown,Chromista,0,0.0,1,0.6931471805599453,1,1,0.0,0.0,0.1729258000850677,44.0,65.0,24.0
Cryptopleura ruprechtiana,Grape Tongue,Plantae,1,1.0,1,0.6931471805599453,1,1,0.0,0.0,-0.0447143837809562,0.0,0.0,0.0
Cryptoporus volvatus,Veiled Polypore,Fungi,0,0.0,4,1.6094379124341003,4,4,87.0,8.411634087562561,0.16684181988239286,52.25,70.25,20.75
Cryptorhopalum apicale,Unknown,Insecta,0,0.0,1,0.6931471805599453,1,1,7.0,15.516855239868164,0.2394001483917236,48.0,68.0,23.0
Cryptorhopalum triste,Unknown,Insecta,0,0.0,1,0.6931471805599453,1,1,98.0,7.176337242126465,0.1483525335788726,50.0,73.0,22.0
Ctenogobius sagittula,Longtail Goby,Actinopterygii,0,0.0,1,0.6931471805599453,1,1,0.0,0.0,0.1588155478239059,49.0,69.0,20.0
Ctenophora,Comb Jellies,Animalia,1,2.0,1,0.6931471805599453,1,1,0.0,0.0,0.0057877814397215,0.0,0.0,0.0
Ctenucha,Unknown,Insecta,0,0.0,1,0.6931471805599453,1,1,14.0,14.44748592376709,0.0327012538909912,47.0,74.0,25.0
Ctenucha brunnea,Brown Ctenucha,Insecta,0,0.0,1,0.6931471805599453,1,1,17.0,15.42241382598877,0.1706034690141677,49.0,67.0,23.0
Cucujiformia,Cucujiform Beetles,Insecta,0,0.0,9,2.302585092994046,7,8,47.22222222222222,13.960948573218452,0.15196940882338414,43.333333333333336,70.0,26.444444444444443
Cucullia eulepis,Unknown,Insecta,0,0.0,1,0.6931471805599453,1,1,57.0,39.36069107055664,0.1357163488864898,0.0,0.0,0.0
Cucullia speyeri,Speyer's Hooded Owlet,Insecta,0,0.0,1,0.6931471805599453,1,1,67.0,9.882609367370604,0.1511730551719665,48.0,71.0,25.0
Cucurbita,gourds,Plantae,0,0.0,2,1.0986122886681098,2,2,7.5,8.351293087005615,0.1759831309318542,49.0,67.0,21.5
Cucurbita foetidissima,Buffalo Gourd,Plantae,0,0.0,42,3.7612001156935624,37,39,13.714285714285714,13.292665390741258,0.19132215848990844,49.142857142857146,65.33333333333333,20.452380952380953
Culex,Unknown,Insecta,0,0.0,2,1.0986122886681098,1,2,1.0,2.4945714473724365,0.14580067247152326,43.5,70.5,24.0
Culicinae,Culicine Mosquitoes,Insecta,0,0.0,1,0.6931471805599453,1,1,71.0,5.655186176300049,0.1594310104846954,54.0,72.0,20.0
Culicomorpha,Mosquitoes and Midges,Insecta,1,1.0,1,0.6931471805599453,1,1,5.0,4.319500923156738,0.1455379277467727,48.0,70.0,22.0
Culiseta inornata,Winter Marsh Mosquito,Insecta,0,0.0,3,1.3862943611198906,2,3,47.333333333333336,9.78678592046102,0.19992261131604508,41.333333333333336,69.33333333333333,27.0
Culiseta particeps,Unknown,Insecta,0,0.0,1,0.6931471805599453,1,1,31.0,20.40912628173828,0.2348543405532837,50.0,69.0,24.0
Cupido amyntula,Western Tailed-Blue,Insecta,0,0.0,12,2.5649493574615367,8,8,8.166666666666666,8.738086819648743,0.1839536366363366,48.666666666666664,68.83333333333333,22.083333333333332
Cupressaceae,cypress family,Plantae,1,1.0,1,0.6931471805599453,1,1,5.0,2.209083080291748,0.0695121958851814,48.0,73.0,25.0
Cupressoideae,"Cypresses, Cedars, Junipers, and Allies",Plantae,0,0.0,3,1.3862943611198906,2,3,78.66666666666667,5.712232748667399,0.11718424906333284,52.333333333333336,73.0,21.666666666666668
Cupressus,cypresses,Plantae,0,0.0,1,0.6931471805599453,1,1,118.0,2.1582260131835938,0.1473212391138076,53.0,73.0,20.0
Curicaberis,Unknown,Arachnida,1,2.0,3,1.3862943611198906,2,3,63.0,23.348029454549152,0.1469997366269429,26.666666666666668,46.666666666666664,19.0
Curicaberis peninsulanus,Unknown,Arachnida,0,0.0,2,1.0986122886681098,1,2,82.5,20.877867102622986,0.14604022353887555,25.0,32.0,11.5
Cuscuta,dodders,Plantae,1,4.0,72,4.290459441148391,61,64,46.30555555555556,8.100262719723913,0.16905365801519814,44.333333333333336,71.05555555555556,26.02777777777778
Cuscuta californica,California dodder,Plantae,1,6.0,115,4.7535901911063645,77,100,50.14782608695652,9.13071164307387,0.16263612447225526,44.14782608695652,69.7304347826087,24.669565217391305
Cuscuta californica californica,Unknown,Plantae,0,0.0,5,1.791759469228055,5,5,61.4,12.053604698181152,0.16219160258769988,50.8,71.6,21.8
Cuscuta campestris,Field Dodder,Plantae,0,0.0,2,1.0986122886681098,2,1,1.0,0.9274099469184875,0.1950661987066269,47.0,71.0,21.0
Cuscuta pacifica,Pacific goldenthread,Plantae,0,0.0,53,3.9889840465642745,31,50,7.226415094339623,6.673157775177146,0.1999282209940676,42.301886792452834,69.15094339622641,26.90566037735849
Cuscuta pacifica pacifica,Unknown,Plantae,0,0.0,3,1.3862943611198906,2,3,3.3333333333333335,3.6643706560134888,0.19090823332468662,44.333333333333336,69.33333333333333,25.666666666666668
Cuscuta subinclusa,Canyon Dodder,Plantae,0,0.0,1,0.6931471805599453,1,1,63.0,8.072856903076172,0.1766283810138702,40.0,71.0,29.0
Cuterebra,Glire Bot Flies,Insecta,1,1.0,4,1.6094379124341003,4,4,70.25,5.870328262448311,0.12886824645102019,49.0,69.5,25.0
Cyanobacteria,Unknown,Unknown,1,1.0,4,1.6094379124341003,3,4,34.0,13.37189069390297,0.1067696311511099,36.0,51.5,17.75
Cyanoplax hartwegii,Hartweg's Chiton,Mollusca,1,32.0,4,1.6094379124341003,4,4,8.5,10.929548740386963,-0.0036997655406594,0.0,0.0,0.0
Cyclocephala longula,Unknown,Insecta,0,0.0,1,0.6931471805599453,1,1,42.0,15.308465003967283,0.1449282765388488,40.0,69.0,28.0
Cycloneda,Spotless Lady Beetles,Insecta,0,0.0,2,1.0986122886681098,2,2,51.5,27.493971347808838,0.14530394971370694,20.0,34.5,14.0
Cycloneda sanguinea,Spotless Lady Beetle,Insecta,1,1.0,21,3.091042453358316,15,21,40.42857142857143,11.483175538835072,0.16387808890569774,45.95238095238095,67.71428571428571,22.142857142857142
Cyclophora nanaria,Dwarf Tawny Wave,Insecta,0,0.0,5,1.791759469228055,5,5,56.4,7.03716344833374,0.13171022832393642,36.6,55.0,20.2
Cycloptilum distinctum,Distinctive scaly cricket,Insecta,0,0.0,3,1.3862943611198906,2,3,52.0,5.1765279173851,0.16045157611370078,45.0,70.33333333333333,26.666666666666668
Cyclorrhapha,Cyclorrhaphan Flies,Insecta,0,0.0,3,1.3862943611198906,2,2,10.333333333333334,10.945254643758139,0.21798491974671674,46.666666666666664,68.0,24.0
Cyclosa,Trashline Orbweavers,Arachnida,0,0.0,2,1.0986122886681098,2,2,77.5,11.714290380477905,0.13967651128768915,45.5,69.5,26.0
Cyclosa turbinata,Humped Trashline Orbweaver,Arachnida,0,0.0,11,2.4849066497880004,8,11,70.9090909090909,11.608835263685746,0.15847522020339963,48.36363636363637,69.27272727272727,24.454545454545453
Cyclospermum leptophyllum,Marsh parsley,Plantae,0,0.0,3,1.3862943611198906,3,3,115.66666666666667,5.349333604176839,0.12268033872048056,52.333333333333336,72.33333333333333,20.666666666666668
Cydninae,Unknown,Insecta,0,0.0,1,0.6931471805599453,1,1,71.0,9.361124992370604,0.1741988211870193,50.0,66.0,24.0
Cylindrocopturus mediinotus,Unknown,Insecta,0,0.0,2,1.0986122886681098,1,2,71.5,5.985960245132446,0.16464465856552118,52.0,73.0,21.0
Cylindropuntia,chollas,Plantae,1,11.0,40,3.713572066704308,39,37,59.325,15.71851594299078,0.14388266149908302,41.825,66.45,25.0
Cylindropuntia californica,California Cholla,Plantae,0,0.0,6,1.9459101490553132,6,6,60.5,10.543780326843262,0.13539812589685118,47.666666666666664,69.5,24.833333333333332
Cylindropuntia cholla,Chain-link Cholla,Plantae,0,0.0,1,0.6931471805599453,1,1,80.0,8.944546699523926,0.1182441189885139,49.0,72.0,24.0
Cylindropuntia prolifera,Coast Cholla,Plantae,1,89.0,475,6.16541785423142,336,362,52.76,15.649119776675576,0.13656163668946214,41.72210526315789,65.74526315789474,24.141052631578948
Cylindropuntieae,Unknown,Plantae,0,0.0,1,0.6931471805599453,1,1,96.0,6.851320266723633,0.1334729641675949,50.0,67.0,25.0
Cylindrotheca,Unknown,Chromista,0,0.0,1,0.6931471805599453,1,1,0.0,0.0,0.109486386179924,44.0,68.0,26.0
Cymatodera,Unknown,Insecta,0,0.0,2,1.0986122886681098,1,2,69.5,23.888949394226074,0.1355533748865127,40.0,69.0,28.0
Cymatogaster aggregata,Shiner Surfperch,Actinopterygii,0,0.0,2,1.0986122886681098,2,2,0.0,0.0,0.17367631196975702,47.5,67.5,22.5
Cymbellaceae,Unknown,Chromista,0,0.0,3,1.3862943611198906,1,1,1.3333333333333333,1.7078034083048503,0.1412176539500554,46.333333333333336,67.33333333333333,23.333333333333332
Cymbellales,Unknown,Chromista,0,0.0,1,0.6931471805599453,1,1,7.0,10.604647636413574,0.1488302648067474,51.0,69.0,20.0
Cynara cardunculus,Artichoke Thistle,Plantae,0,0.0,2,1.0986122886681098,2,2,39.0,4.008668065071106,0.15326482802629465,45.0,72.0,25.0
Cynipidae,Gall Wasps,Insecta,1,1.0,4,1.6094379124341003,3,4,66.5,11.190123796463013,0.18017284199595446,45.25,70.75,25.25
Cynipini,Oak Gall Wasps,Insecta,0,0.0,15,2.772588722239781,11,12,80.4,7.949720335006714,0.1658427854379018,48.86666666666667,69.93333333333334,23.466666666666665
Cynipoidea,Gall Wasps and Allies,Insecta,1,1.0,3,1.3862943611198906,3,3,86.66666666666667,6.493645429611206,0.14864066491524372,50.0,68.66666666666667,22.0
Cynodon dactylon,Bermuda grass,Plantae,0,0.0,3,1.3862943611198906,3,3,7.666666666666667,6.8984934488932295,0.18239744255940119,49.666666666666664,70.33333333333333,23.666666666666668
Cynoglosseae,Unknown,Plantae,0,0.0,21,3.091042453358316,20,21,60.333333333333336,14.07772395724342,0.1501135918356123,38.285714285714285,60.095238095238095,22.19047619047619
Cynoglossoideae,Unknown,Plantae,0,0.0,1,0.6931471805599453,1,1,72.0,1.4423161745071411,0.1799259930849075,40.0,71.0,29.0
Cyperaceae,Sedges,Plantae,0,0.0,2,1.0986122886681098,2,2,37.0,3.036996603012085,0.14820985496044156,45.5,68.5,24.0
Cyperoideae,Unknown,Plantae,0,0.0,1,0.6931471805599453,1,1,4.0,1.1047407388687134,0.2051617354154586,47.0,70.0,21.0
Cyperus,Flatsedges,Plantae,0,0.0,1,0.6931471805599453,1,1,19.0,7.250560760498047,0.2177468240261078,50.0,64.0,22.0
Cyperus alternifolius,Umbrella Papyrus,Plantae,0,0.0,1,0.6931471805599453,1,1,108.0,6.557060241699219,0.1587554365396499,49.0,72.0,22.0
Cyperus alternifolius flabelliformis,Umbrella papyrus,Plantae,1,1.0,1,0.6931471805599453,1,1,61.0,8.360414505004883,0.1494975984096527,50.0,73.0,22.0
Cyperus eragrostis,tall flatsedge,Plantae,0,0.0,5,1.791759469228055,5,5,26.6,6.656139373779297,0.17382581830024715,46.6,70.6,24.0
Cyprinodontoidei,Unknown,Actinopterygii,0,0.0,1,0.6931471805599453,1,1,4.0,0.0,0.1249566152691841,49.0,70.0,23.0
Cytidia stereoides,Unknown,Fungi,0,0.0,1,0.6931471805599453,1,1,108.0,4.5078864097595215,0.1724966615438461,49.0,72.0,22.0
Cytospora kunzei,Cytospora Canker,Fungi,0,0.0,2,1.0986122886681098,2,2,96.0,16.667946815490723,0.15646693855524058,46.5,63.5,24.5
Dacrymyces,Unknown,Fungi,0,0.0,2,1.0986122886681098,2,2,35.0,23.715917587280273,0.21764951944351196,50.0,67.0,22.0
Dactylopiidae,Cochineal Insects,Insecta,0,0.0,1,0.6931471805599453,1,1,59.0,3.704791784286499,0.2060452550649643,40.0,71.0,29.0
Dactylopius,Cochineal Scale Bugs,Insecta,0,0.0,28,3.367295829986474,18,23,81.67857142857143,5.6672631693737845,0.1684454267046281,47.5,70.5,24.714285714285715
Dactylopius confusus,American cochineal bug,Insecta,1,1.0,2,1.0986122886681098,2,1,80.0,4.456477522850037,0.17411866039037704,46.5,71.0,26.0
Dactylopius opuntiae,Cactus Scattered Cochineal,Insecta,0,0.0,6,1.9459101490553132,5,6,82.33333333333333,5.5101540088653564,0.17016989861925438,49.833333333333336,71.0,23.0
Dactylosternum,Unknown,Insecta,0,0.0,2,1.0986122886681098,2,1,23.0,10.32567310333252,0.2069030702114105,50.0,64.0,22.0
Dallocardia quadragenaria,Spiny Prickly Cockle,Mollusca,0,0.0,2,1.0986122886681098,2,2,4.0,5.508569240570068,-0.04287706274772055,0.0,0.0,0.0
Danaus plexippus,Monarch,Insecta,1,6.0,5,1.791759469228055,5,5,45.4,13.22092800140381,0.16485966891050335,47.4,68.6,24.0
Danepteryx,Unknown,Insecta,0,0.0,2,1.0986122886681098,2,2,95.5,6.500725746154785,0.15087444335222244,52.0,69.5,23.0
Dasineura cercocarpi,Mountain Mahogany gall midge,Insecta,0,0.0,1,0.6931471805599453,1,1,88.0,18.17162132263184,0.1550440192222595,50.0,68.0,23.0
Dasymutilla,Unknown,Insecta,0,0.0,17,2.8903717578961645,14,17,50.94117647058823,8.311830843196196,0.15749136183191742,41.05882352941177,61.705882352941174,21.647058823529413
Dasymutilla aureola,Pacific Velvet Ant,Insecta,0,0.0,34,3.5553480614894135,29,34,62.470588235294116,7.228966714704738,0.15686166921959202,47.8235294117647,69.55882352941177,24.205882352941178
Dasymutilla californica,Unknown,Insecta,0,0.0,17,2.8903717578961645,13,17,53.705882352941174,10.173374894787283,0.15856758702327217,38.1764705882353,58.294117647058826,20.529411764705884
Dasymutilla coccineohirta,Unknown,Insecta,0,0.0,1,0.6931471805599453,1,1,4.0,5.123418807983398,0.1954776644706726,44.0,68.0,24.0
Dasymutilla flammifera,Unknown,Insecta,0,0.0,15,2.772588722239781,15,14,74.13333333333334,11.218043327331543,0.15419704665740327,44.53333333333333,65.93333333333334,23.266666666666666
Dasymutilla sackenii,Sacken's Velvet Ant,Insecta,0,0.0,7,2.0794415416798357,6,7,64.71428571428571,6.391821486609323,0.16163405776023862,50.42857142857143,72.42857142857143,22.285714285714285
Dasytinae,Unknown,Insecta,0,0.0,3,1.3862943611198906,3,3,53.666666666666664,6.462909936904907,0.1529382765293121,42.666666666666664,71.33333333333333,27.333333333333332
Datura,Devil's Trumpets,Plantae,0,0.0,2,1.0986122886681098,2,2,43.5,12.923333168029783,0.12817190214991564,26.0,36.5,10.5
Datura wrightii,Sacred Datura,Plantae,1,4.0,216,5.37989735354046,124,190,22.00462962962963,6.936320796608925,0.12462721421400563,31.36574074074074,46.84722222222222,15.328703703703704
Daucus,carrots,Plantae,0,0.0,1,0.6931471805599453,1,1,72.0,6.163002014160156,0.1412952840328216,52.0,73.0,21.0
Daucus pusillus,American wild carrot,Plantae,1,2.0,16,2.833213344056216,12,15,34.0625,9.516146808862686,0.15723801730200643,47.625,68.8125,23.5625
Decapoda,Decapods,Animalia,1,3.0,2,1.0986122886681098,2,2,0.5,5.105357825756073,0.13666866905987254,46.5,72.5,26.0
Decapodiformes,Squids and Cuttlefishes,Mollusca,0,0.0,2,1.0986122886681098,1,1,9.0,13.302650451660156,0.0630020946264267,0.0,0.0,0.0
Deconica,Unknown,Fungi,0,0.0,1,0.6931471805599453,1,1,106.0,9.259034156799316,0.1730725616216659,50.0,69.0,23.0
Deconica coprophila,dung-loving Deconica,Fungi,0,0.0,1,0.6931471805599453,1,1,60.0,34.08702087402344,0.1368109583854675,0.0,0.0,0.0
Deconica montana,mountain moss deconica,Fungi,0,0.0,1,0.6931471805599453,1,1,106.0,9.259034156799316,0.1730725616216659,50.0,69.0,23.0
Decticita,Unknown,Insecta,0,0.0,1,0.6931471805599453,1,1,3.0,9.882777214050291,0.1749656647443771,48.0,68.0,23.0
Deinandra,Unknown,Plantae,0,0.0,5,1.791759469228055,5,5,50.6,5.284835970401764,0.1212101854383945,29.0,42.8,14.6
Deinandra fasciculata,Clustered Tarweed,Plantae,1,25.0,321,5.7745515455444085,172,240,71.00623052959502,7.111347085590303,0.14686679505856234,46.54205607476636,67.5576323987539,23.07165109034268
Delia,Unknown,Insecta,0,0.0,1,0.6931471805599453,1,1,99.0,2.3951964378356934,0.1359286308288574,50.0,67.0,25.0
Delosperma litorale,White Trailing Iceplant,Plantae,0,0.0,1,0.6931471805599453,1,1,104.0,7.80598783493042,0.1179484948515892,53.0,69.0,19.0
Delphinidae,Oceanic Dolphins,Mammalia,1,3.0,2,1.0986122886681098,2,2,68.0,21.688215732574463,0.1435805857181549,24.0,35.5,12.5
Delphininae,Long-nosed Dolphins,Mammalia,0,0.0,1,0.6931471805599453,1,1,22.0,15.13368320465088,0.1090086102485656,44.0,72.0,26.0
Delphinium,larkspurs,Plantae,0,0.0,27,3.332204510175204,25,26,64.74074074074075,12.033845044948437,0.1617366459082674,44.44444444444444,64.18518518518519,19.59259259259259
Delphinium cardinale,Scarlet Larkspur,Plantae,0,0.0,175,5.170483995038151,104,134,74.61714285714285,6.86295389856611,0.14965067978416166,51.2,72.97714285714285,21.30857142857143
Delphinium parryi,San Bernardino larkspur,Plantae,0,0.0,16,2.833213344056216,11,16,28.375,14.381388947367668,0.18177015380933878,36.8125,60.875,24.25
Delphinium parryi maritimum,maritime larkspur,Plantae,0,0.0,4,1.6094379124341003,3,4,34.5,19.46118938922882,0.18112990632653236,31.0,51.75,21.0
Delphinium parryi parryi,Parry's larkspur,Plantae,0,0.0,1,0.6931471805599453,1,1,77.0,9.91064453125,0.1702705472707748,45.0,70.0,28.0
Delphinoidea,Oceanic Dolphins and Porpoises,Mammalia,0,0.0,1,0.6931471805599453,1,1,84.0,4.319500923156738,0.1467289328575134,48.0,71.0,25.0
Delphinus,Common Dolphins,Mammalia,0,0.0,4,1.6094379124341003,4,3,6.25,10.409305810928345,0.013843489810824401,11.5,18.0,6.0
Delphinus delphis,Common Dolphin,Mammalia,1,10.0,7,2.0794415416798357,7,7,13.428571428571429,16.977902139936173,0.04106577026790803,6.571428571428571,10.285714285714286,3.4285714285714284
Dendraster excentricus,Eccentric Sand Dollar,Animalia,1,77.0,29,3.4011973816621555,20,26,5.0344827586206895,8.38306350338048,-0.011347780084430152,11.482758620689655,17.275862068965516,5.9655172413793105
Dendrographa,Unknown,Fungi,1,1.0,3,1.3862943611198906,2,3,31.333333333333332,20.592829704284668,0.19288965066274003,50.0,64.66666666666667,20.333333333333332
Dendrographa conformis,Unknown,Fungi,0,0.0,9,2.302585092994046,3,7,61.77777777777778,9.663349495993721,0.17020607656902734,48.55555555555556,66.88888888888889,23.666666666666668
Dendrographa franciscana,Unknown,Fungi,0,0.0,7,2.0794415416798357,1,7,84.0,10.955515589032855,0.16110260358878542,48.0,67.71428571428571,23.571428571428573
Dendrographa leucophaea,Unknown,Fungi,0,0.0,3,1.3862943611198906,2,3,40.0,7.9677103360493975,0.20679917931556702,49.333333333333336,66.66666666666667,21.333333333333332
Dendromecon,Unknown,Plantae,0,0.0,2,1.0986122886681098,2,2,92.0,9.204979658126831,0.14280828088521957,53.0,69.5,22.0
Dendromecon rigida,Bush Poppy,Plantae,0,0.0,308,5.733341276897746,173,252,86.68506493506493,7.850917010338275,0.14638524768607952,51.6525974025974,69.59740259740259,21.207792207792206
Dendryphantina,Unknown,Arachnida,0,0.0,1,0.6931471805599453,1,1,40.0,14.088210105895996,0.1043962463736534,44.0,71.0,27.0
Dermacentor occidentalis,Pacific Coast Tick,Arachnida,0,0.0,10,2.3978952727983707,9,9,11.7,9.46458347439766,0.2069755345582962,48.0,67.0,22.1
Dermacentor similis,Western Dog Tick,Arachnida,0,0.0,5,1.791759469228055,3,3,8.0,7.99022912979126,0.20069139897823335,48.8,67.6,22.0
Dermacentor variabilis,American Dog Tick,Arachnida,1,1.0,1,0.6931471805599453,1,1,1.0,0.9274099469184875,0.1708835810422897,46.0,70.0,24.0
Deroceras,Smooth Land Slugs,Mollusca,0,0.0,1,0.6931471805599453,1,1,18.0,8.57171630859375,0.2053830027580261,50.0,64.0,22.0
Deroceras invadens,Chestnut Slug,Mollusca,0,0.0,1,0.6931471805599453,1,1,15.0,19.7292594909668,0.2051626741886139,49.0,64.0,20.0
Deroceras laeve,Meadow Slug,Mollusca,0,0.0,1,0.6931471805599453,1,1,21.0,25.834325790405277,0.2034425288438797,51.0,74.0,25.0
Descurainia,Tansymustards,Plantae,0,0.0,1,0.6931471805599453,1,1,76.0,5.123584747314453,0.2155642509460449,52.0,73.0,21.0
Descurainia pinnata,Western Tansymustard,Plantae,0,0.0,43,3.784189633918261,31,40,52.906976744186046,8.24129829295846,0.17904997876910272,49.93023255813954,72.18604651162791,22.069767441860463
Descurainia pinnata brachycarpa,Plains Tansymustard,Plantae,0,0.0,1,0.6931471805599453,1,1,72.0,6.163002014160156,0.1469015628099441,52.0,73.0,21.0
Desmarestia ligulata,flattened acid kelp,Chromista,1,3.0,1,0.6931471805599453,1,1,0.0,9.848189353942873,-0.0477067604660987,45.0,71.0,27.0
Desmometopa,Unknown,Insecta,0,0.0,4,1.6094379124341003,3,4,51.0,10.97210705280304,0.17754670977592463,48.75,72.5,24.0
Dexiinae,Unknown,Insecta,0,0.0,1,0.6931471805599453,1,1,111.0,1.4422365427017212,0.1585932970046997,50.0,64.0,23.0
Dexiini,Unknown,Insecta,0,0.0,1,0.6931471805599453,1,1,0.0,6.450088977813721,0.2491222470998764,42.0,69.0,28.0
Diabrotica balteata,Banded Cucumber Beetle,Insecta,0,0.0,1,0.6931471805599453,1,1,44.0,5.20895528793335,0.1513578742742538,50.0,72.0,22.0
Diabrotica undecimpunctata,Spotted Cucumber Beetle,Insecta,0,0.0,23,3.1780538303479458,14,21,18.956521739130434,6.814123576102049,0.17525056846763773,47.130434782608695,69.04347826086956,23.217391304347824
Diachus,Unknown,Insecta,0,0.0,2,1.0986122886681098,2,2,102.0,5.841430902481079,0.12312055006623265,53.0,71.0,21.5
Diachus auratus,Bronze Leaf Beetle,Insecta,1,2.0,4,1.6094379124341003,4,4,55.0,6.706796824932098,0.16378643736243245,49.75,68.75,22.25
Diacrita costalis,Unknown,Insecta,0,0.0,1,0.6931471805599453,1,1,90.0,5.682051181793213,0.1567194908857345,53.0,72.0,19.0
Diadasia,Unknown,Insecta,0,0.0,62,4.143134726391533,21,45,38.064516129032256,10.384556066605352,0.16662769896849505,42.41935483870968,64.38709677419355,22.516129032258064
Diadasia australis,Cactus chimney bees,Insecta,0,0.0,131,4.882801922586371,37,85,49.541984732824424,10.740320221158385,0.15820846601410674,41.267175572519086,66.12977099236642,24.801526717557252
Diadasia bituberculata,Bindweed Turret Bee,Insecta,0,0.0,6,1.9459101490553132,6,5,48.833333333333336,20.429043183724087,0.15209364394346866,24.166666666666668,35.666666666666664,11.333333333333334
Diadasia diminuta,Globemallow chimney bees,Insecta,0,0.0,16,2.833213344056216,7,16,62.1875,10.50610239803791,0.171978092752397,46.5625,66.75,20.875
Diadasia ochracea,Ochraceous Chimney Bee,Insecta,0,0.0,6,1.9459101490553132,5,6,59.833333333333336,7.086671908696492,0.195649209121863,48.0,71.0,23.5
Diadasia rinconis,Unknown,Insecta,0,0.0,1,0.6931471805599453,1,1,71.0,13.504158973693848,0.1496432721614837,40.0,69.0,28.0
Diadophis punctatus,Ring-necked Snake,Reptilia,0,0.0,1,0.6931471805599453,1,1,99.0,3.86520791053772,0.1350936144590377,53.0,72.0,19.0
Dialictus,Metallic Sweat Bees,Insecta,1,5.0,530,6.274762021241939,50,271,63.258490566037736,11.844017177820206,0.15921334093612316,38.64339622641509,59.78867924528302,21.473584905660378
Diandrena,Unknown,Insecta,0,0.0,2,1.0986122886681098,2,2,16.5,8.080601930618286,0.1599317044019699,48.0,70.0,22.0
Dianthidium,Pebble bees,Insecta,0,0.0,2,1.0986122886681098,2,2,41.5,10.402822017669678,0.1896988227963447,44.0,71.0,25.5
Diaspididae,Armored Scale Insects,Insecta,0,0.0,1,0.6931471805599453,1,1,66.0,8.570487022399902,0.1919686645269394,40.0,71.0,29.0
Diaspis echinocacti,prickly pear scale,Insecta,0,0.0,2,1.0986122886681098,2,2,70.5,19.157933235168457,0.1533872969448566,40.0,70.0,28.5
Diatrypaceae,Unknown,Fungi,0,0.0,2,1.0986122886681098,2,2,41.5,14.24163293838501,0.1850792840123176,44.0,71.0,25.5
Diatrype,Unknown,Fungi,0,0.0,2,1.0986122886681098,1,1,6.5,5.187425494194031,0.18619084358215332,49.5,72.5,24.0
Dichondra,ponysfoots,Plantae,0,0.0,1,0.6931471805599453,1,1,92.0,1.854334115982056,0.1228574514389038,48.0,71.0,25.0
Dichondra occidentalis,western ponysfoot,Plantae,1,2.0,104,4.653960350157523,61,84,69.98076923076923,10.325887638788958,0.15778573000660306,45.74038461538461,68.86538461538461,23.875
Dichorda illustraria,Unknown,Insecta,0,0.0,1,0.6931471805599453,1,1,9.0,2.395049571990967,0.152923583984375,50.0,68.0,20.0
Dicymolomia,Unknown,Insecta,0,0.0,1,0.6931471805599453,1,1,10.0,4.410611152648926,0.1626168042421341,50.0,68.0,20.0
Dicymolomia metalliferalis,Unknown,Insecta,0,0.0,3,1.3862943611198906,2,2,5.666666666666667,3.951314131418864,0.18757973611354828,38.0,71.0,29.0
Dicymolomia opuntialis,Unknown,Insecta,0,0.0,1,0.6931471805599453,1,1,104.0,4.310086727142334,0.1388251334428787,51.0,68.0,23.0
Dicyphini,Unknown,Insecta,0,0.0,3,1.3862943611198906,3,2,80.66666666666667,9.970143953959147,0.15966372191905973,43.666666666666664,71.66666666666667,26.333333333333332
Dicyphus,Unknown,Insecta,0,0.0,1,0.6931471805599453,1,1,60.0,34.08702087402344,0.1419512331485748,0.0,0.0,0.0
Didymodon,Unknown,Plantae,1,4.0,19,2.995732273553991,11,15,71.15789473684211,9.686449226580168,0.1546994620247891,48.68421052631579,71.10526315789474,22.894736842105264
Didymodon nevadensis,Gold Butte Moss,Plantae,0,0.0,1,0.6931471805599453,1,1,66.0,3.548703193664551,0.1600672453641891,40.0,71.0,29.0
Dielis,Unknown,Insecta,0,0.0,2,1.0986122886681098,2,2,8.0,7.438785374164581,0.19113863259553904,48.5,73.0,24.5
Dielis pilipes,Hairy-footed Scoliid Wasp,Insecta,0,0.0,1,0.6931471805599453,1,1,37.0,11.06364917755127,0.1050818264484405,44.0,72.0,26.0
Dielis tolteca,Toltec Scoliid Wasp,Insecta,0,0.0,9,2.302585092994046,6,7,25.0,14.222436355219948,0.15073709893557755,33.666666666666664,54.44444444444444,20.88888888888889
Digitaria,"crabgrasses, cottontops, and allies",Plantae,0,0.0,1,0.6931471805599453,1,1,12.0,16.635696411132812,0.1856803596019745,49.0,64.0,20.0
Digitaria ischaemum,smooth crabgrass,Plantae,0,0.0,1,0.6931471805599453,1,1,111.0,5.6551833152771,0.1201612278819084,53.0,73.0,20.0
Digitaria sanguinalis,Hairy Crabgrass,Plantae,0,0.0,1,0.6931471805599453,1,1,16.0,15.133502960205078,0.0919384211301803,46.0,72.0,24.0
Digrammia,Unknown,Insecta,0,0.0,1,0.6931471805599453,1,1,0.0,9.25904941558838,0.2223810702562332,42.0,69.0,28.0
Dimelaena,Mountain Lichens,Fungi,0,0.0,4,1.6094379124341003,3,3,101.0,7.233820855617523,0.12649728357791898,51.75,70.0,20.5
Dimelaena oreina,Golden Moonglow Lichen,Fungi,0,0.0,1,0.6931471805599453,1,1,102.0,5.208000183105469,0.16043521463871,49.0,71.0,22.0
Dimelaena radiata,mountain lichen,Fungi,0,0.0,25,3.258096538021482,11,21,92.48,8.434444954395294,0.14581620454788205,50.0,69.88,22.44
Dimorphotheca,Afro-Australian daisies,Plantae,0,0.0,3,1.3862943611198906,3,3,4.0,0.6182732979456583,0.17917283127705252,48.0,69.33333333333333,22.666666666666668
Dimorphotheca fruticosa,trailing African daisy,Plantae,0,0.0,1,0.6931471805599453,1,1,105.0,6.825929641723633,0.1778337359428405,49.0,72.0,22.0
Dimorphotheca sinuata,Cape marigold,Plantae,0,0.0,2,1.0986122886681098,1,2,38.5,37.21846580505371,0.11987832188606255,0.0,0.0,0.0
Dinacoma marginata,Unknown,Insecta,0,0.0,2,1.0986122886681098,2,2,59.0,6.972856044769287,0.15595538169145579,50.0,73.0,22.0
Dinoflagellata,dinoflagellates,Chromista,0,0.0,2,1.0986122886681098,1,1,0.0,0.0,0.14120609313249585,44.0,66.5,25.0
Dinomus confluens,Unknown,Insecta,0,0.0,3,1.3862943611198906,2,3,56.666666666666664,22.33443291982015,0.13762651383876798,26.666666666666668,46.666666666666664,19.0
Diogmites angustipennis,Prairie Robber Fly,Insecta,0,0.0,2,1.0986122886681098,1,1,1.5,8.423309087753296,0.20117119699716562,43.0,68.5,26.0
Dioprosopa clavata,Four-speckled Hover Fly,Insecta,0,0.0,7,2.0794415416798357,6,7,47.0,9.136878490447998,0.1621830676283155,49.285714285714285,71.42857142857143,22.428571428571427
Diplachne fusca,sprangletop,Plantae,0,0.0,1,0.6931471805599453,1,1,64.0,8.817628860473633,0.1640213131904602,40.0,71.0,29.0
Diplacus,Unknown,Plantae,1,1.0,49,3.912023005428146,42,48,78.12244897959184,7.788422605212854,0.16118357885552909,48.10204081632653,68.48979591836735,22.612244897959183
Diplacus brevipes,wide-throated yellow monkeyflower,Plantae,0,0.0,25,3.258096538021482,16,21,69.64,6.892848253250122,0.16216951429843898,52.96,72.04,20.68
Diplacus longiflorus,southern bush monkeyflower,Plantae,0,0.0,5,1.791759469228055,5,5,43.2,16.238018035888672,0.1539604306221008,48.2,66.4,22.6
Diplacus puniceus,red bush monkeyflower,Plantae,1,1.0,795,6.679599185844383,436,522,81.31698113207547,7.005777609723169,0.15909201530915382,49.899371069182386,70.02767295597484,22.617610062893082
Diplacus × australis,San Diego Monkeyflower,Plantae,0,0.0,65,4.189654742026425,47,58,81.92307692307692,6.401514527430901,0.1547896711872174,49.353846153846156,70.24615384615385,23.215384615384615
Diplodia,Unknown,Fungi,0,0.0,1,0.6931471805599453,1,1,22.0,12.607012748718262,0.2147167325019836,50.0,67.0,20.0
Diploicia,Pleated Lichens,Fungi,0,0.0,1,0.6931471805599453,1,1,12.0,5.965968608856201,0.1936492919921875,50.0,66.0,20.0
Diploicia canescens,White Pleated Lichen,Fungi,0,0.0,23,3.1780538303479458,7,19,47.04347826086956,9.050331255663997,0.1748656552770863,48.0,68.95652173913044,23.434782608695652
Diploneis,Unknown,Chromista,0,0.0,2,1.0986122886681098,1,1,2.0,2.5617051124572754,0.1570832878351211,47.5,67.0,22.0
Diploschistella athalloides,Unknown,Fungi,0,0.0,1,0.6931471805599453,1,1,131.0,3.5485615730285645,0.1936880052089691,43.0,61.0,25.0
Diploschistes,Crater Lichens,Fungi,0,0.0,14,2.70805020110221,9,13,86.5,9.408301387514387,0.1573310340089457,48.92857142857143,68.92857142857143,22.928571428571427
Diploschistes diacapsis,Desert Crater Lichen,Fungi,0,0.0,6,1.9459101490553132,2,6,77.5,8.989373087882996,0.15536936620871222,48.333333333333336,67.83333333333333,24.666666666666668
Diploschistes euganeus,Unknown,Fungi,0,0.0,2,1.0986122886681098,2,1,93.0,13.3087158203125,0.1374592781066894,51.0,69.0,22.0
Diploschistes muscorum,Cowpie Lichen,Fungi,0,0.0,21,3.091042453358316,12,17,91.61904761904762,10.413948842457362,0.14330333329382391,50.285714285714285,69.95238095238095,21.80952380952381
Diploschistes scruposus,Crater Lichen,Fungi,0,0.0,2,1.0986122886681098,2,2,102.5,7.5332112312316895,0.15851878374814984,50.5,70.0,23.5
Diptera,Flies,Insecta,1,3.0,37,3.6375861597263857,22,35,61.270270270270274,9.130371043810973,0.1644549891352653,47.486486486486484,71.02702702702703,24.594594594594593
Dipterostemon,Unknown,Plantae,0,0.0,4,1.6094379124341003,4,4,74.75,6.685715317726135,0.18328260257840154,51.5,70.25,22.75
Dipterostemon capitatus,Blue Dicks,Plantae,1,6.0,243,5.497168225293202,170,166,66.32098765432099,8.772715033572396,0.1596196316213274,45.218106995884774,69.28395061728395,24.65432098765432
Dipterostemon capitatus capitatus,Unknown,Plantae,1,2.0,100,4.61512051684126,58,67,68.14,9.845596109628678,0.16605637483298774,46.24,69.66,24.26
Dirina,Unknown,Fungi,0,0.0,1,0.6931471805599453,1,1,66.0,9.361105918884276,0.164520189166069,40.0,71.0,29.0
Disciseda,Unknown,Fungi,0,0.0,1,0.6931471805599453,1,1,44.0,5.20895528793335,0.1513578742742538,50.0,72.0,22.0
Disholcaspis simulata,Dried Peach Gall Wasp,Insecta,0,0.0,1,0.6931471805599453,1,1,76.0,8.572465896606445,0.1894470453262329,51.0,68.0,20.0
Distichlis littoralis,shore grass,Plantae,0,0.0,24,3.2188758248682006,22,24,1.7083333333333333,3.6032297015190125,0.1832123231142759,43.291666666666664,67.16666666666667,24.833333333333332
Distichlis spicata,Saltgrass,Plantae,1,5.0,87,4.477336814478207,54,79,30.551724137931036,11.476619832817166,0.13595796883876976,37.666666666666664,58.89655172413793,21.49425287356322
Ditrichum ambiguum,Ambiguous Ditrichum Moss,Plantae,0,0.0,1,0.6931471805599453,1,1,11.0,18.734054565429688,0.1166826784610748,51.0,69.0,22.0
Dittrichia graveolens,Stinkwort,Plantae,1,10.0,9,2.302585092994046,7,9,53.77777777777778,6.041865401797825,0.14211901691224837,45.111111111111114,61.44444444444444,20.0
Donax gouldii,Gould Beanclam,Mollusca,1,131.0,54,4.007333185232471,45,49,2.4814814814814814,8.577042630425206,-0.018512638070172175,6.851851851851852,10.685185185185185,3.740740740740741
Dorymyrmex,Pyramid Ants,Insecta,1,2.0,15,2.772588722239781,10,13,54.4,13.372509177525838,0.15847428987423576,34.13333333333333,56.86666666666667,21.733333333333334
Dorymyrmex insanus,Crazy Pyramid Ant,Insecta,1,1.0,13,2.6390573296152584,9,13,51.69230769230769,19.900595334859993,0.16003707624398741,26.153846153846153,43.07692307692308,16.692307692307693
Dosidicus gigas,Humboldt Squid,Mollusca,0,0.0,1,0.6931471805599453,1,1,11.0,20.279672622680664,0.0554632768034935,0.0,0.0,0.0
Dosima fascicularis,Buoy Barnacle,Animalia,1,17.0,25,3.258096538021482,22,21,3.56,8.981539721488952,0.0023565609101205876,5.72,8.52,3.04
Dothideomycetes,Unknown,Fungi,0,0.0,26,3.295836866004329,3,17,65.6923076923077,7.928190584366138,0.16333154617593834,45.5,66.6923076923077,23.0
Draba verna,Common Whitlowgrass,Plantae,0,0.0,1,0.6931471805599453,1,1,63.0,13.164648056030272,0.1496951580047607,50.0,66.0,24.0
Drepanulatrix monicaria,Unknown,Insecta,0,0.0,1,0.6931471805599453,1,1,106.0,2.1580982208251958,0.148080438375473,51.0,68.0,23.0
Drosanthemum floribundum,Pale dewplant,Plantae,0,0.0,2,1.0986122886681098,2,2,72.0,19.52934694290161,0.13235702365636826,26.5,35.5,11.5
Drosophila repleta,Unknown,Insecta,0,0.0,1,0.6931471805599453,1,1,76.0,9.754152297973633,0.1638399362564087,40.0,69.0,28.0
Druon quercuslanigerum,Unknown,Insecta,0,0.0,1,0.6931471805599453,1,1,63.0,8.072856903076172,0.1766283810138702,40.0,71.0,29.0
Dryadaula terpsichorella,Hawaiian Dancing Moth,Insecta,1,1.0,1,0.6931471805599453,1,1,108.0,7.805964946746826,0.1431909352540969,53.0,71.0,20.0
Dryobates nuttallii,Nuttall's Woodpecker,Aves,1,1.0,19,2.995732273553991,19,19,65.52631578947368,7.7762159611049455,0.16142419804083669,47.94736842105263,68.6842105263158,24.42105263157895
Dryobates pubescens,Downy Woodpecker,Aves,0,0.0,2,1.0986122886681098,2,1,5.0,3.5486559867858887,0.169677659869194,48.0,70.0,22.0
Dryopteris arguta,coastal woodfern,Plantae,1,1.0,5,1.791759469228055,4,3,54.8,26.34933376312256,0.18840756714344023,50.4,67.2,21.8
Dryudella,Unknown,Insecta,0,0.0,1,0.6931471805599453,1,1,4.0,4.319485187530518,0.1482370048761367,50.0,66.0,20.0
Dudleya,Liveforever,Plantae,1,3.0,54,4.007333185232471,51,51,71.68518518518519,11.181370481296822,0.1450098538426337,40.98148148148148,60.96296296296296,21.925925925925927
Dudleya cespitosa,Coast Dudleya,Plantae,0,0.0,1,0.6931471805599453,1,1,44.0,16.96847915649414,0.0837998464703559,44.0,71.0,27.0
Dudleya edulis,Fingertips,Plantae,1,42.0,696,6.546785410760524,423,456,61.604885057471265,13.831890126069387,0.14872723917915728,39.333333333333336,60.73706896551724,22.283045977011493
Dudleya lanceolata,lanceleaf liveforever,Plantae,1,4.0,886,6.787844982309579,456,531,72.09142212189616,9.785671949184776,0.15339325721171718,45.01467268623025,67.68284424379233,24.387133182844245
Dudleya pulverulenta,Chalk Dudleya,Plantae,1,19.0,39,3.6888794541139363,37,38,52.30769230769231,11.753254775817577,0.1419332036032126,45.97435897435897,69.3076923076923,24.0
Dufourea,Short-faced Bees,Insecta,1,1.0,62,4.143134726391533,14,33,67.14516129032258,11.133732634205971,0.15591038715454836,41.88709677419355,68.24193548387096,26.20967741935484
Dufourea australis,Southwestern Shortface,Insecta,1,1.0,25,3.258096538021482,11,14,48.64,11.004131803512573,0.15735091716051097,43.72,67.92,24.64
Dumosae,Unknown,Plantae,0,0.0,25,3.258096538021482,24,23,82.08,8.317784187793732,0.15551751762628552,48.84,69.72,24.08
Dysdera,Unknown,Arachnida,0,0.0,1,0.6931471805599453,1,1,1.0,2.158135414123535,0.1900575459003448,44.0,65.0,24.0
Dysdera crocata,Woodlouse Spider,Arachnida,0,0.0,4,1.6094379124341003,4,4,13.0,15.56418228149414,0.1639945283532142,48.75,69.0,23.0
Dysphania ambrosioides,Mexican tea,Plantae,0,0.0,7,2.0794415416798357,7,7,60.0,11.811890125274658,0.13847089026655462,43.42857142857143,60.42857142857143,19.285714285714285
Dysphania pumilio,Clammy goosefoot,Plantae,0,0.0,2,1.0986122886681098,2,2,115.0,3.793669700622559,0.1453472077846527,52.0,73.0,21.0
Echinargus isola,Reakirt's Blue,Insecta,0,0.0,1,0.6931471805599453,1,1,66.0,8.909247398376465,0.1895113289356231,50.0,73.0,22.0
Echinocystis lobata,prickly cucumber,Plantae,0,0.0,1,0.6931471805599453,1,1,46.0,7.176075458526611,0.1459258198738098,50.0,73.0,22.0
Echium,Viper's-buglosses,Plantae,0,0.0,1,0.6931471805599453,1,1,105.0,6.4498467445373535,0.182464450597763,49.0,65.0,21.0
Echium candicans,Pride of Madeira,Plantae,1,10.0,18,2.9444389791664403,16,16,38.77777777777778,7.340330282847087,0.1702562667843368,50.0,68.61111111111111,21.0
Ectemnius,Unknown,Insecta,0,0.0,2,1.0986122886681098,2,2,35.0,7.160752058029175,0.15305576473474494,52.5,70.5,21.0
Efferia,Hammertails,Insecta,0,0.0,3,1.3862943611198906,3,3,48.0,9.347050666809082,0.11581344002236917,26.666666666666668,47.333333333333336,19.333333333333332
Egregia menziesii,Feather Boa Kelp,Chromista,1,68.0,64,4.174387269895637,43,54,2.984375,7.954137213528156,-0.006503737726234241,6.53125,10.015625,3.625
Egretta rufescens,Reddish Egret,Aves,0,0.0,2,1.0986122886681098,2,2,1.5,2.7924623489379883,-0.01372563512995835,46.0,69.0,26.0
Egretta rufescens dickeyi,Dickey's Egret,Aves,0,0.0,2,1.0986122886681098,2,2,3.0,0.5524743795394897,0.04948853328824035,46.0,69.0,26.0
Egretta thula,Snowy Egret,Aves,1,165.0,108,4.6913478822291435,95,99,2.7962962962962963,6.3339259177446365,-0.006844409613323569,12.351851851851851,18.12037037037037,6.157407407407407
Ehrharta,Veldtgrasses,Plantae,0,0.0,4,1.6094379124341003,4,4,56.5,16.16830563545227,0.14636241830885408,36.0,53.75,18.5
Ehrharta calycina,Perennial Veldtgrass,Plantae,0,0.0,27,3.332204510175204,20,24,75.74074074074075,7.467576856966372,0.17142026126384732,51.44444444444444,71.33333333333333,20.88888888888889
Ehrharta erecta,panic veldtgrass,Plantae,0,0.0,11,2.4849066497880004,11,11,57.27272727272727,13.330233530564742,0.15587977387688373,43.0,63.90909090909091,22.545454545454547
Ehrharta longiflora,longflower veldtgrass,Plantae,1,1.0,76,4.343805421853684,57,63,47.63157894736842,12.028761342952127,0.15606915166503502,41.21052631578947,62.026315789473685,21.69736842105263
Eisenia arborea,Southern sea palm,Chromista,1,6.0,1,0.6931471805599453,1,1,0.0,0.0,-0.0364339165389537,0.0,0.0,0.0
Eisenia fetida,Redworm,Animalia,0,0.0,1,0.6931471805599453,1,1,3.0,2.20878529548645,0.1586900055408477,48.0,72.0,24.0
Elanus leucurus,White-tailed Kite,Aves,0,0.0,7,2.0794415416798357,6,5,3.7142857142857144,3.3189789908272878,0.18777438146727424,47.285714285714285,69.42857142857143,22.0
Elasmobranchii,Sharks and Rays,Animalia,0,0.0,1,0.6931471805599453,1,1,22.0,15.13368320465088,0.1090086102485656,44.0,72.0,26.0
Elater,Unknown,Insecta,0,0.0,1,0.6931471805599453,1,1,2.0,1.4423772096633911,0.1957262009382248,47.0,71.0,25.0
Elateridae,Click Beetles,Insecta,1,1.0,1,0.6931471805599453,1,1,69.0,2.991109609603882,0.1736166179180145,40.0,71.0,29.0
Elatine brachysperma,Shortseed Waterwort,Plantae,0,0.0,1,0.6931471805599453,1,1,109.0,2.1580610275268555,0.1520653516054153,50.0,64.0,23.0
Eleocharis,spikerushes,Plantae,0,0.0,1,0.6931471805599453,1,1,2.0,1.1048343181610107,0.1512284725904464,41.0,71.0,24.0
Eleocharis macrostachya,Pale Spikerush,Plantae,0,0.0,1,0.6931471805599453,1,1,7.0,0.9274099469184875,0.1575486212968826,38.0,71.0,29.0
Eleocharis montevidensis,sand spikerush,Plantae,0,0.0,1,0.6931471805599453,1,1,4.0,1.4422045946121216,0.2409443855285644,50.0,71.0,20.0
Eleodes,Unknown,Insecta,1,2.0,15,2.772588722239781,14,14,51.46666666666667,14.540711720784506,0.15403124267856277,38.666666666666664,61.733333333333334,22.6
Eleodes acuticauda,Unknown,Insecta,1,7.0,100,4.61512051684126,77,90,57.46,12.047588865160941,0.1567882059514522,42.8,63.5,21.9
Eleodes carbonaria,Unknown,Insecta,1,2.0,8,2.1972245773362196,7,7,29.0,10.077085316181183,0.1235646340064704,43.0,70.625,26.875
Eleodes carbonaria omissa,Unknown,Insecta,0,0.0,9,2.302585092994046,5,7,63.77777777777778,10.87171294954088,0.16196477744314403,40.333333333333336,61.22222222222222,22.666666666666668
Eleodes littoralis,Unknown,Insecta,0,0.0,1,0.6931471805599453,1,1,3.0,12.219250679016112,0.21621735394001,42.0,69.0,28.0
Eleodes neotomae,Unknown,Insecta,0,0.0,1,0.6931471805599453,1,1,72.0,9.887447357177734,0.1489418298006057,50.0,71.0,25.0
Eleodes nigropilosa,Unknown,Insecta,1,1.0,14,2.70805020110221,10,14,42.642857142857146,18.155297466686793,0.13748004447136603,27.214285714285715,40.714285714285715,13.714285714285714
Eleodes osculans,Woolly Darkling Beetle,Insecta,1,4.0,23,3.1780538303479458,19,21,59.04347826086956,13.771290167518284,0.15727318045885663,42.17391304347826,61.56521739130435,20.91304347826087
Elgaria multicarinata,Southern Alligator Lizard,Reptilia,1,3.0,17,2.8903717578961645,16,17,46.470588235294116,8.321737468242645,0.16526592479032626,46.05882352941177,65.3529411764706,21.705882352941178
Elgaria multicarinata webbii,San Diego Alligator Lizard,Reptilia,1,2.0,19,2.995732273553991,17,19,48.63157894736842,7.871565461158752,0.15836165404241334,46.10526315789474,66.47368421052632,22.05263157894737
Elymus,wild ryes and wheatgrasses,Plantae,0,0.0,1,0.6931471805599453,1,1,98.0,3.704791784286499,0.1503004282712936,50.0,67.0,25.0
Elymus glaucus,blue wild rye,Plantae,0,0.0,1,0.6931471805599453,1,1,90.0,3.704791784286499,0.1787867993116378,48.0,71.0,25.0
Emericellopsis fimetaria,Unknown,Fungi,0,0.0,1,0.6931471805599453,1,1,108.0,6.557060241699219,0.1587554365396499,49.0,72.0,22.0
Emerita analoga,Pacific Sand Crab,Animalia,1,41.0,63,4.1588830833596715,46,55,2.3333333333333335,6.605496747153146,-0.01168853258861909,4.523809523809524,6.746031746031746,2.4285714285714284
Emesaya,Unknown,Insecta,0,0.0,1,0.6931471805599453,1,1,13.0,7.80509090423584,0.2088183909654617,50.0,64.0,22.0
Emmelina monodactyla,Morning-glory Plume Moth,Insecta,0,0.0,1,0.6931471805599453,1,1,106.0,8.28909969329834,0.1253102868795395,51.0,68.0,23.0
Empidigeron,Unknown,Insecta,0,0.0,9,2.302585092994046,5,7,65.77777777777777,6.298597600724962,0.16910263730420003,50.111111111111114,71.66666666666667,22.0
Empidini,Unknown,Insecta,0,0.0,1,0.6931471805599453,1,1,15.0,23.41749763488769,0.242547258734703,48.0,68.0,23.0
Empidonax difficilis,Western Flycatcher,Aves,0,0.0,5,1.791759469228055,4,5,56.8,7.284453010559082,0.14361740220338098,38.8,56.6,19.0
Enallagma,Bluets,Insecta,0,0.0,1,0.6931471805599453,1,1,2.0,1.854334115982056,0.1388985961675644,47.0,69.0,26.0
Enallagma civile,Familiar Bluet,Insecta,0,0.0,2,1.0986122886681098,2,2,31.0,17.777213096618652,0.17726550996303553,21.0,34.5,14.0
Encelia,brittlebushes,Plantae,1,1.0,6,1.9459101490553132,6,6,35.333333333333336,7.665407220522563,0.12716571303705368,43.666666666666664,71.5,26.666666666666668
Encelia californica,California brittlebush,Plantae,1,69.0,630,6.447305862541213,307,441,52.596825396825395,9.210270710975404,0.15153263730425678,42.853968253968254,64.33968253968254,21.58730158730159
Encelia farinosa,Brittlebush,Plantae,0,0.0,3,1.3862943611198906,3,3,51.0,11.031350294748941,0.1723222186168034,45.0,69.33333333333333,24.0
Enchylium,Jelly Lichens,Fungi,0,0.0,2,1.0986122886681098,2,1,65.0,10.981994152069092,0.21322238445281982,49.0,72.0,24.0
Enchylium coccophorum,Jelly Lichen,Fungi,0,0.0,1,0.6931471805599453,1,1,108.0,4.963069438934326,0.1093192994594574,54.0,74.0,21.0
Enchylium tenax,Jelly Lichen,Fungi,0,0.0,1,0.6931471805599453,1,1,60.0,11.064340591430664,0.1316462606191635,40.0,71.0,29.0
Endiodioctes,Unknown,Insecta,0,0.0,2,1.0986122886681098,2,2,53.5,14.907235622406006,0.1315466910600662,40.0,71.0,29.0
Endocarpon,Chalice Lichens,Fungi,0,0.0,4,1.6094379124341003,2,4,50.5,7.3022348284721375,0.14950487203896043,48.0,71.5,24.0
Endocarpon crystallinum,Unknown,Fungi,0,0.0,1,0.6931471805599453,1,1,2.0,1.1049591302871704,0.107966125011444,49.0,70.0,23.0
Endocarpon pallidulum,Western Crepes,Fungi,0,0.0,2,1.0986122886681098,1,2,86.5,10.367903709411621,0.15019170939922327,49.5,69.0,23.0
Endocarpon pusillum,Scaly Stippled Lichen,Fungi,0,0.0,1,0.6931471805599453,1,1,106.0,4.32031774520874,0.1894042938947677,49.0,72.0,22.0
Engraulis mordax,Northern Anchovy,Actinopterygii,1,2.0,4,1.6094379124341003,4,4,5.75,5.760100603103638,-0.01700159860774875,11.75,17.75,6.25
Ennomini,Unknown,Insecta,0,0.0,1,0.6931471805599453,1,1,73.0,3.86513876914978,0.1404187232255935,50.0,66.0,24.0
Entedoninae,Unknown,Insecta,0,0.0,1,0.6931471805599453,1,1,114.0,3.793669700622559,0.1598806530237198,52.0,73.0,21.0
Entelegynae,Entelegyne Spiders,Arachnida,0,0.0,4,1.6094379124341003,4,4,53.5,18.2804616689682,0.17652178741991517,36.75,52.75,17.5
Enterographa,Unknown,Fungi,0,0.0,2,1.0986122886681098,2,2,40.0,12.558206796646118,0.13199849054217336,44.0,68.5,26.5
Entoloma,Pinkgills,Fungi,0,0.0,3,1.3862943611198906,3,3,43.333333333333336,9.808682282765707,0.17778297762076056,48.666666666666664,70.0,22.333333333333332
Entoloma sericeum,Silky Pinkgill,Fungi,0,0.0,1,0.6931471805599453,1,1,0.0,4.627367496490479,0.1684675961732864,38.0,71.0,29.0
Entolomataceae,Unknown,Fungi,0,0.0,1,0.6931471805599453,1,1,69.0,10.67058277130127,0.1959002166986465,50.0,66.0,24.0
Entomobrya atrocincta,Dimorphic Springtail,Animalia,0,0.0,2,1.0986122886681098,2,2,56.0,4.163916707038879,0.15563143044710154,46.5,68.5,23.0
Entomobrya unostrigata,Cotton Springtail,Animalia,1,1.0,1,0.6931471805599453,1,1,4.0,0.9274099469184875,0.2549227178096771,46.0,68.0,22.0
Entomobryoidea,Unknown,Animalia,0,0.0,1,0.6931471805599453,1,1,67.0,26.64192008972168,0.137820765376091,40.0,69.0,28.0
Entomoneis,Unknown,Chromista,0,0.0,3,1.3862943611198906,1,1,1.3333333333333333,2.6345662275950112,0.16468866169452664,46.333333333333336,67.33333333333333,22.666666666666668
Entomoneis alata,Unknown,Chromista,0,0.0,1,0.6931471805599453,1,1,0.0,2.7802884578704834,0.1798994094133377,44.0,68.0,24.0
Entomophthora,Unknown,Fungi,0,0.0,1,0.6931471805599453,1,1,84.0,6.557052135467529,0.2507578432559967,53.0,72.0,19.0
Entomophthoraceae,Unknown,Fungi,0,0.0,1,0.6931471805599453,1,1,84.0,6.557052135467529,0.2507578432559967,53.0,72.0,19.0
Entosthodon bolanderi,Unknown,Plantae,0,0.0,1,0.6931471805599453,1,1,60.0,10.494674682617188,0.164096713066101,44.0,71.0,27.0
Epacmus,Unknown,Insecta,0,0.0,2,1.0986122886681098,2,2,92.5,5.3905251026153564,0.17324096709489822,50.5,66.0,21.5
Epeolini,Unknown,Insecta,0,0.0,2,1.0986122886681098,1,1,6.5,2.574638605117798,0.1619392335414886,38.0,71.0,29.0
Ephedra,Jointfirs,Plantae,0,0.0,1,0.6931471805599453,1,1,103.0,4.506577014923096,0.123661495745182,53.0,71.0,23.0
Ephedra californica,California Jointfir,Plantae,0,0.0,1,0.6931471805599453,1,1,67.0,26.64192008972168,0.137820765376091,40.0,69.0,28.0
Ephemerocybe sabulicola,Unknown,Fungi,0,0.0,1,0.6931471805599453,1,1,85.0,6.599959850311279,0.1592103689908981,48.0,71.0,25.0
Ephestiodes,Unknown,Insecta,0,0.0,1,0.6931471805599453,1,1,8.0,8.07292366027832,0.2097860425710678,42.0,69.0,28.0
Ephydrini,Unknown,Insecta,0,0.0,1,0.6931471805599453,1,1,0.0,4.627367496490479,0.1861250400543213,44.0,68.0,24.0
Epiactis,Unknown,Animalia,1,18.0,1,0.6931471805599453,1,1,0.0,0.0,-0.0488567724823951,0.0,0.0,0.0
Epiactis lisbethae,Unknown,Animalia,0,0.0,1,0.6931471805599453,1,1,0.0,0.0,-0.0864342749118805,0.0,0.0,0.0
Epicauta,Burning Blister Beetles,Insecta,0,0.0,1,0.6931471805599453,1,1,5.0,3.5488064289093018,0.1985486000776291,38.0,71.0,29.0
Epipterygium,Unknown,Plantae,0,0.0,2,1.0986122886681098,2,2,68.5,28.27944564819336,0.1644115149974823,50.5,66.0,20.5
Epipterygium biauritum,Unknown,Plantae,0,0.0,5,1.791759469228055,2,4,54.8,20.0319881439209,0.20245199501514435,50.2,65.2,20.0
Epithemia,Unknown,Chromista,0,0.0,1,0.6931471805599453,1,1,0.0,0.0,0.1859478503465652,47.0,67.0,22.0
Erebidae,"Underwing, Tiger, Tussock, and Allied Moths",Insecta,0,0.0,1,0.6931471805599453,1,1,6.0,5.507913589477539,0.0856704115867614,0.0,0.0,0.0
Eremobates,Unknown,Arachnida,0,0.0,2,1.0986122886681098,2,2,46.5,16.252439975738525,0.13805011659860605,22.0,36.0,13.0
Eremobatidae,Straight-faced Windscorpions,Arachnida,0,0.0,1,0.6931471805599453,1,1,110.0,8.03868293762207,0.1034842282533645,51.0,73.0,21.0
Eriastrum,Woollystars,Plantae,0,0.0,1,0.6931471805599453,1,1,3.0,2.882695198059082,0.1488434672355651,50.0,66.0,20.0
Eriastrum filifolium,Lavender woollystar,Plantae,0,0.0,3,1.3862943611198906,3,3,6.666666666666667,4.909452835718791,0.18893483281135556,46.666666666666664,68.33333333333333,23.333333333333332
Ericameria ericoides,California Goldenbush,Plantae,0,0.0,1,0.6931471805599453,1,1,1.0,2.158135414123535,0.1900575459003448,44.0,65.0,24.0
Ericrocis lata,Common Oil-digger-Cuckoo,Insecta,0,0.0,1,0.6931471805599453,1,1,84.0,6.557052135467529,0.2507578432559967,53.0,72.0,19.0
Erigeron,fleabanes and horseweeds,Plantae,1,3.0,9,2.302585092994046,8,8,79.77777777777777,6.982731501261393,0.1636314632164107,44.55555555555556,69.11111111111111,26.444444444444443
Erigeron bellioides,daisy fleabane,Plantae,0,0.0,1,0.6931471805599453,1,1,55.0,10.842988014221191,0.1464918106794357,50.0,73.0,22.0
Erigeron bonariensis,Flax-leaved Horseweed,Plantae,1,6.0,10,2.3978952727983707,9,10,44.7,5.644128859043121,0.11293221451342102,44.1,64.9,21.0
Erigeron canadensis,horseweed,Plantae,1,2.0,19,2.995732273553991,14,18,52.578947368421055,8.007513924648887,0.15824863745978,50.0,70.73684210526316,22.0
Erigeron divergens,spreading fleabane,Plantae,0,0.0,2,1.0986122886681098,2,2,76.5,12.189328670501709,0.16326859593391413,40.0,69.0,28.0
Erigeron foliosus,Leafy Fleabane,Plantae,0,0.0,148,5.003946305945459,95,120,73.04729729729729,8.263005880890665,0.17266517238238369,44.4054054054054,69.10135135135135,25.08783783783784
Erigeron foliosus foliosus,Thread stemmed fleabane,Plantae,0,0.0,17,2.8903717578961645,14,17,81.58823529411765,7.900228872018702,0.16471909819280395,48.05882352941177,69.47058823529412,23.176470588235293
Erigeron glaucus,seaside daisy,Plantae,0,0.0,3,1.3862943611198906,3,3,73.0,4.756318092346191,0.17419882118701926,40.0,71.0,29.0
Erigeron sumatrensis,tropical horseweed,Plantae,1,1.0,1,0.6931471805599453,1,1,44.0,5.20895528793335,0.1513578742742538,50.0,72.0,22.0
Erinnyis obscura,Obscure Sphinx,Insecta,0,0.0,1,0.6931471805599453,1,1,60.0,28.37887382507324,0.1470067054033279,0.0,0.0,0.0
Eriocoma,Western Needlegrasses,Plantae,0,0.0,6,1.9459101490553132,6,6,78.16666666666667,6.031848510106404,0.16178678969542182,47.5,69.83333333333333,24.666666666666668
Eriocoma coronata,crested needle grass,Plantae,0,0.0,53,3.9889840465642745,38,42,78.84905660377359,8.156594244938976,0.1629578721410823,48.113207547169814,70.49056603773585,24.132075471698112
Eriodictyon,yerba santa,Plantae,0,0.0,11,2.4849066497880004,11,11,83.9090909090909,5.8179462064396255,0.16348979080265214,50.81818181818182,71.18181818181819,22.363636363636363
Eriodictyon crassifolium,Thick-leaved Yerba Santa,Plantae,0,0.0,837,6.731018100482083,591,626,91.56511350059738,5.0293006250365515,0.157059664491969,50.385902031063324,68.84707287933094,22.9115890083632
Eriodictyon crassifolium crassifolium,Unknown,Plantae,0,0.0,43,3.784189633918261,40,43,91.67441860465117,5.388938747173132,0.15586116511461343,50.883720930232556,69.44186046511628,22.837209302325583
Eriogoneae,Unknown,Plantae,0,0.0,1,0.6931471805599453,1,1,55.0,6.851122856140137,0.1744575649499893,44.0,71.0,27.0
Eriogonoideae,Unknown,Plantae,0,0.0,1,0.6931471805599453,1,1,76.0,17.227487564086914,0.151039183139801,51.0,69.0,22.0
Eriogonum,wild buckwheats,Plantae,1,1.0,3,1.3862943611198906,3,3,75.33333333333333,11.264946619669596,0.1369143947958946,34.666666666666664,46.333333333333336,15.333333333333334
Eriogonum elongatum,Long-stemmed Buckwheat,Plantae,0,0.0,1,0.6931471805599453,1,1,15.0,15.25754737854004,0.1701818406581878,48.0,71.0,22.0
Eriogonum elongatum elongatum,long-stemmed buckwheat,Plantae,0,0.0,2,1.0986122886681098,2,2,8.5,8.181253254413605,0.1390739828348159,48.5,70.5,22.5
Eriogonum fasciculatum,California Buckwheat,Plantae,1,44.0,1217,7.1049654482698426,549,747,67.13311421528348,8.96476930179063,0.15544714964620135,45.86852917009038,67.84470008216927,23.776499589153655
Eriogonum fasciculatum fasciculatum,Coastal California Buckwheat,Plantae,0,0.0,8,2.1972245773362196,8,8,46.0,7.217455118894577,0.17252487037330863,44.625,70.5,25.75
Eriogonum fasciculatum foliolosum,Leafy California Buckwheat,Plantae,0,0.0,6,1.9459101490553132,6,5,83.66666666666667,6.816717783610026,0.15775326266884798,49.333333333333336,69.83333333333333,23.5
Eriogonum parvifolium,Seacliff Wild Buckwheat,Plantae,0,0.0,186,5.231108616854587,128,172,32.02150537634409,21.192751988287895,0.12531680334359405,27.752688172043012,43.30107526881721,14.510752688172044
Eriophyllum,Woolly sunflowers,Plantae,1,1.0,35,3.58351893845611,33,35,64.94285714285714,9.777392026356289,0.14664697561945228,42.82857142857143,66.54285714285714,23.857142857142858
Eriophyllum confertiflorum,Golden Yarrow,Plantae,1,2.0,460,6.133398042996649,252,319,73.87608695652175,8.869541586741157,0.15435033596687664,46.708695652173915,70.15217391304348,24.33695652173913
Eriophyllum confertiflorum confertiflorum,Unknown,Plantae,0,0.0,262,5.572154032177765,102,161,73.24045801526718,9.600173181477393,0.15606248806735482,45.73664122137404,68.76717557251908,24.33587786259542
Eriophyllum lanatum,common woolly sunflower,Plantae,0,0.0,1,0.6931471805599453,1,1,69.0,22.61054039001465,0.1286544799804687,40.0,69.0,28.0
Eriophyllum wallacei,Wallace's woollydaisy,Plantae,0,0.0,1,0.6931471805599453,1,1,37.0,42.55287170410156,0.102741502225399,0.0,0.0,0.0
Eristalinae,Drone Flies and Allies,Insecta,0,0.0,2,1.0986122886681098,2,2,43.0,9.199265003204346,0.19176572561264035,45.0,67.5,25.5
Eristalinus aeneus,Common Lagoon Fly,Insecta,0,0.0,1,0.6931471805599453,1,1,60.0,6.663686275482178,0.168618693947792,44.0,71.0,27.0
Eristalinus taeniops,Stripe-eyed Lagoon Fly,Insecta,0,0.0,1,0.6931471805599453,1,1,2.0,3.4378700256347656,0.1696882098913192,48.0,70.0,22.0
Eristalis stipator,Yellow-shouldered Drone Fly,Insecta,0,0.0,2,1.0986122886681098,2,2,42.0,4.537886142730713,0.1617599800229072,52.0,70.0,20.0
Erodium,stork's-bills,Plantae,1,2.0,1,0.6931471805599453,1,1,5.0,3.548802137374878,0.1600962728261947,38.0,71.0,29.0
Erodium botrys,Mediterranean Stork's-bill,Plantae,1,5.0,6,1.9459101490553132,6,6,15.0,3.4700328210989633,0.17396174867947892,49.0,68.83333333333333,22.833333333333332
Erodium cicutarium,Redstem Stork's-bill,Plantae,1,2.0,52,3.970291913552122,32,40,43.17307692307692,16.618518063655266,0.14071894265138182,29.96153846153846,50.0,19.28846153846154
Erodium moschatum,musk stork's-bill,Plantae,1,1.0,3,1.3862943611198906,3,3,10.0,9.133853753407797,0.18644242982069648,42.0,68.66666666666667,26.666666666666668
Erynnis,Duskywings,Insecta,0,0.0,2,1.0986122886681098,2,2,84.5,9.832960367202759,0.14989069849252695,46.5,70.0,25.5
Erynnis funeralis,Funereal Duskywing,Insecta,1,2.0,22,3.1354942159291497,16,20,68.27272727272727,10.263685584068298,0.15519462864507325,45.27272727272727,67.63636363636364,22.772727272727273
Erynnis tristis,Mournful Duskywing,Insecta,0,0.0,1,0.6931471805599453,1,1,120.0,2.209221839904785,0.1214464902877807,53.0,73.0,20.0
Erysimum,Wallflowers,Plantae,0,0.0,64,4.174387269895637,46,58,49.734375,10.31545002385974,0.1650929684983566,45.09375,69.234375,24.453125
Erysimum capitatum,Western Wallflower,Plantae,0,0.0,129,4.867534450455582,69,108,54.01550387596899,9.109472407389056,0.1636683435518612,46.37984496124031,70.24031007751938,24.0
Erysimum capitatum capitatum,Unknown,Plantae,0,0.0,2,1.0986122886681098,2,2,54.5,7.015828013420105,0.16958113014698023,52.0,72.5,21.0
Erythraeidae,Unknown,Arachnida,0,0.0,3,1.3862943611198906,2,3,49.0,11.208232084910074,0.1383957962195078,42.666666666666664,71.33333333333333,27.333333333333332
Eschscholzia,Desert Poppies,Plantae,0,0.0,47,3.871201010907891,43,42,59.48936170212766,17.719987975790147,0.14670904852608413,29.680851063829788,48.12765957446808,18.319148936170212
Eschscholzia caespitosa,Tufted Poppy,Plantae,0,0.0,6,1.9459101490553132,6,6,63.0,23.57621161142985,0.15006994456052777,29.666666666666668,46.666666666666664,17.666666666666668
Eschscholzia californica,California poppy,Plantae,1,4.0,248,5.517452896464707,143,158,60.064516129032256,20.30659588498454,0.14601949058593278,28.47983870967742,47.41532258064516,18.483870967741936
Estigmene acrea,Salt Marsh Moth,Insecta,0,0.0,7,2.0794415416798357,7,7,21.428571428571427,15.77851516008377,0.08978920270289689,31.857142857142858,51.285714285714285,18.857142857142858
Euarestoides acutangulus,Unknown,Insecta,0,0.0,1,0.6931471805599453,1,1,5.0,2.7802884578704834,0.0729960948228836,0.0,0.0,0.0
Eubrachyura,Eubrachyuran Crabs,Animalia,1,1.0,1,0.6931471805599453,1,1,4.0,0.0,0.1249566152691841,49.0,70.0,23.0
Eucalyptus camaldulensis,River Red Gum,Plantae,0,0.0,1,0.6931471805599453,1,1,6.0,0.0,0.2345813363790512,47.0,70.0,23.0
Eucalyptus cladocalyx,sugar gum,Plantae,1,1.0,1,0.6931471805599453,1,1,56.0,13.965092658996582,0.1429019719362259,46.0,71.0,24.0
Eucarazzia elegans,Mediterranean Mint Aphid,Insecta,0,0.0,1,0.6931471805599453,1,1,34.0,8.36037540435791,0.131125122308731,44.0,72.0,26.0
Eucerceris provancheri,Unknown,Insecta,0,0.0,2,1.0986122886681098,2,2,53.5,12.09121561050415,0.1422551125288009,47.0,72.0,24.5
Eucerini,Longhorn Bees,Insecta,0,0.0,6,1.9459101490553132,6,6,43.666666666666664,18.69964011510213,0.15504430979490277,31.5,46.5,16.333333333333332
Eucheilota bakeri,Bean Clam Hydroid,Animalia,1,28.0,7,2.0794415416798357,7,7,1.8571428571428572,3.8478711673191617,-0.03239724518997327,6.571428571428571,10.285714285714286,3.4285714285714284
Eucrypta,Unknown,Plantae,0,0.0,1,0.6931471805599453,1,1,77.0,5.123569965362549,0.1995322406291961,54.0,72.0,20.0
Eucrypta chrysanthemifolia,common eucrypta,Plantae,1,4.0,42,3.7612001156935624,27,39,61.357142857142854,10.174502408220654,0.16889932680697664,47.30952380952381,67.83333333333333,21.095238095238095
Eucrypta chrysanthemifolia chrysanthemifolia,Unknown,Plantae,1,2.0,20,3.044522437723423,14,17,76.7,8.47967208623886,0.17841050326824184,50.45,70.15,21.9
Eucycla,Unknown,Plantae,0,0.0,10,2.3978952727983707,10,10,84.5,8.359776329994201,0.16024620980024334,45.2,61.1,21.0
Eulobus californicus,California primrose,Plantae,0,0.0,9,2.302585092994046,6,8,52.44444444444444,16.075551986694336,0.126431669625971,39.77777777777778,62.111111111111114,22.555555555555557
Eumaeini,Unknown,Insecta,0,0.0,1,0.6931471805599453,1,1,77.0,5.123569965362549,0.1995322406291961,54.0,72.0,20.0
Eumelissodes,Unknown,Insecta,0,0.0,4,1.6094379124341003,4,4,19.5,9.921740293502808,0.18174649775028223,43.75,70.0,26.5
Eumeninae,Potter and Mason Wasps,Insecta,1,1.0,7,2.0794415416798357,3,5,24.571428571428573,4.969084646020617,0.18532710841723846,42.714285714285715,70.85714285714286,26.857142857142858
Eumorpha achemon,Achemon Sphinx,Insecta,0,0.0,1,0.6931471805599453,1,1,104.0,7.695567607879639,0.1184391975402832,49.0,72.0,22.0
Eunotia,Unknown,Chromista,0,0.0,1,0.6931471805599453,1,1,0.0,0.0,0.1901338100433349,44.0,68.0,24.0
Euodynerus,Unknown,Insecta,0,0.0,1,0.6931471805599453,1,1,86.0,13.812789916992188,0.1536443829536438,49.0,72.0,24.0
Eupeodes,Aphideaters,Insecta,0,0.0,1,0.6931471805599453,1,1,6.0,1.4422179460525513,0.2131082415580749,49.0,64.0,20.0
Eupeodes fumipennis,Western Aphideater,Insecta,0,0.0,3,1.3862943611198906,3,3,63.333333333333336,7.260299523671468,0.14306699732939399,51.666666666666664,68.66666666666667,21.0
Eupeodes volucris,Large-tailed Aphideater,Insecta,0,0.0,13,2.6390573296152584,11,13,71.61538461538461,8.337141513824463,0.16325644002510947,47.15384615384615,71.15384615384616,24.76923076923077
Euphagus cyanocephalus,Brewer's Blackbird,Aves,0,0.0,1,0.6931471805599453,1,1,5.0,2.7802884578704834,0.0729960948228836,0.0,0.0,0.0
Euphilotes,American Dotted Blues,Insecta,0,0.0,8,2.1972245773362196,6,7,57.125,11.738763451576233,0.16240850090980524,42.5,71.5,27.25
Euphilotes bernardino,Bernardino Blue,Insecta,0,0.0,15,2.772588722239781,13,14,65.8,11.223845354715984,0.14692315757274624,41.333333333333336,66.06666666666666,24.666666666666668
Euphorbia,Spurges,Plantae,0,0.0,2,1.0986122886681098,2,2,58.5,6.706130504608154,0.15777388215065,51.5,67.5,22.5
Euphorbia lathyris,caper spurge,Plantae,0,0.0,3,1.3862943611198906,3,2,15.0,5.142843822638194,0.22305970390637717,50.0,66.33333333333333,21.333333333333332
Euphorbia maculata,Spotted spurge,Plantae,0,0.0,6,1.9459101490553132,5,6,23.666666666666668,4.801852305730184,0.1577921236554781,47.666666666666664,69.83333333333333,23.333333333333332
Euphorbia peplus,Petty Spurge,Plantae,0,0.0,16,2.833213344056216,16,16,82.125,6.477955400943756,0.1619478929787874,50.875,72.0,21.6875
Euphorbia polycarpa,smallseed sandmat,Plantae,0,0.0,128,4.859812404361672,49,115,60.6171875,7.48454049276188,0.1578801785362884,52.15625,72.4140625,20.8671875
Euphorbia polycarpa polycarpa,Unknown,Plantae,0,0.0,2,1.0986122886681098,2,2,66.0,5.673329949378967,0.1594238802790641,50.0,73.0,22.0
Euphorbia serpens,Matted Sandmat,Plantae,0,0.0,2,1.0986122886681098,2,2,17.5,21.881381034851074,0.19452116638422007,51.0,74.0,25.0
Euphorbia spathulata,Reticulate-seeded Spurge,Plantae,0,0.0,5,1.791759469228055,4,4,44.8,11.720463371276855,0.16364822089672088,45.2,71.6,25.2
Euphorbiaceae,Spurge Family,Plantae,0,0.0,1,0.6931471805599453,1,1,96.0,6.851320266723633,0.1334729641675949,50.0,67.0,25.0
Eupithecia,Pug Moths,Insecta,1,2.0,4,1.6094379124341003,3,4,71.75,13.229839384555817,0.1441231798380613,38.25,54.25,16.75
Eupompha elegans,Elegant Blister Beetle,Insecta,0,0.0,31,3.4657359027997265,11,22,62.61290322580645,7.528782844543457,0.16888465948643216,51.38709677419355,72.61290322580645,21.258064516129032
Eupompha elegans perpulchra,Unknown,Insecta,0,0.0,2,1.0986122886681098,1,2,59.5,11.118728637695312,0.1731271222233772,50.0,73.0,22.0
Eurotiales,green and blue molds,Fungi,0,0.0,1,0.6931471805599453,1,1,106.0,8.463592529296875,0.1024560034275055,51.0,73.0,21.0
Eurotiomycetes,Unknown,Fungi,0,0.0,1,0.6931471805599453,1,1,74.0,14.186020851135254,0.1880456060171127,50.0,68.0,23.0
Eurytoma,Unknown,Insecta,0,0.0,1,0.6931471805599453,1,1,70.0,25.1673583984375,0.1424522697925567,40.0,69.0,28.0
Eusarca,Unknown,Insecta,0,0.0,1,0.6931471805599453,1,1,34.0,8.36037540435791,0.131125122308731,44.0,72.0,26.0
Eusattus,Unknown,Insecta,0,0.0,1,0.6931471805599453,1,1,5.0,0.9274099469184875,0.0404280610382556,0.0,0.0,0.0
Eusattus difficilis,Unknown,Insecta,0,0.0,1,0.6931471805599453,1,1,52.0,39.05693054199219,0.1404322385787964,0.0,0.0,0.0
Euscelidius,Unknown,Insecta,0,0.0,1,0.6931471805599453,1,1,13.0,7.80509090423584,0.2088183909654617,50.0,64.0,22.0
Euschistus,Brown Stink Bugs,Insecta,0,0.0,2,1.0986122886681098,2,2,25.5,12.516496181488037,0.1789898350834846,45.0,66.5,25.0
Eustala,Unknown,Arachnida,0,0.0,1,0.6931471805599453,1,1,80.0,12.768001556396484,0.1777916997671127,40.0,69.0,28.0
Eustala anastera,Humpbacked Orbweaver,Arachnida,0,0.0,1,0.6931471805599453,1,1,5.0,4.319738864898682,0.0995944589376449,0.0,0.0,0.0
Euthamia occidentalis,western goldenrod,Plantae,0,0.0,2,1.0986122886681098,2,2,29.0,1.9938514232635498,0.2091037333011627,49.0,72.0,22.0
Eutreta,Unknown,Insecta,0,0.0,1,0.6931471805599453,1,1,13.0,16.621923446655273,0.1600524932146072,51.0,69.0,20.0
Eutrichota,Unknown,Insecta,0,0.0,1,0.6931471805599453,1,1,44.0,5.20895528793335,0.1513578742742538,50.0,72.0,22.0
Euura californica,Willow Apple Gall Sawfly,Insecta,0,0.0,6,1.9459101490553132,6,6,9.833333333333334,11.739981452624003,0.20296699802080787,49.0,69.83333333333333,22.166666666666668
Evernia prunastri,Oakmoss,Fungi,0,0.0,13,2.6390573296152584,8,10,42.84615384615385,11.507435505206768,0.18404165254189414,49.84615384615385,70.6923076923077,22.153846153846153
Evylaeus,Unknown,Insecta,0,0.0,1,0.6931471805599453,1,1,55.0,9.995381355285645,0.147824615240097,44.0,71.0,27.0
Excirolana,Unknown,Animalia,1,1.0,1,0.6931471805599453,1,1,5.0,0.9274099469184875,0.0404280610382556,0.0,0.0,0.0
Excirolana chiltoni,Sand Piranha,Animalia,1,4.0,2,1.0986122886681098,2,2,5.5,11.035329341888428,-0.0435699801892042,23.0,36.5,13.0
Exidia,Unknown,Fungi,0,0.0,1,0.6931471805599453,1,1,111.0,4.9632415771484375,0.1601075977087021,49.0,72.0,22.0
Exochomus fasciatus,Batman Lady Beetle,Insecta,0,0.0,2,1.0986122886681098,2,2,36.5,6.65143358707428,0.1957489624619484,43.5,71.5,26.5
Exoprosopa,Unknown,Insecta,1,1.0,6,1.9459101490553132,3,5,65.0,4.5648826360702515,0.16882279887795446,45.5,70.5,24.833333333333332
Exoprosopa divisa,Unknown,Insecta,0,0.0,1,0.6931471805599453,1,1,104.0,4.506617546081543,0.1558798402547836,51.0,68.0,23.0
Exoprosopa doris,Unknown,Insecta,0,0.0,2,1.0986122886681098,2,2,78.0,20.469170570373535,0.13514196127653122,25.0,33.5,12.5
Exoprosopa fascipennis,Band-winged Bee Fly,Insecta,0,0.0,1,0.6931471805599453,1,1,70.0,25.1673583984375,0.1424522697925567,40.0,69.0,28.0
Exoprosopini,Unknown,Insecta,0,0.0,1,0.6931471805599453,1,1,0.0,6.464860916137695,0.1100889593362808,47.0,69.0,26.0
Extriplex californica,California orache,Plantae,1,4.0,59,4.0943445622221,40,53,11.661016949152541,10.256349597947072,0.13096185085379466,33.67796610169491,52.71186440677966,18.796610169491526
Fabaceae,Legumes,Plantae,0,0.0,1,0.6931471805599453,1,1,4.0,1.4422205686569214,0.2329580783843994,50.0,71.0,20.0
Faboideae,Unknown,Plantae,1,1.0,6,1.9459101490553132,6,6,57.833333333333336,10.149566253026327,0.13803256923953688,46.0,69.5,25.5
Facciolella equatorialis,Dogface Witch Eel,Actinopterygii,1,1.0,1,0.6931471805599453,1,1,0.0,39.63903045654297,0.0296256355941295,0.0,0.0,0.0
Falco columbarius,Merlin,Aves,0,0.0,1,0.6931471805599453,1,1,5.0,5.965953350067139,0.2057575583457946,48.0,71.0,22.0
Falco peregrinus,Peregrine Falcon,Aves,1,50.0,367,5.908082938168931,158,238,20.722070844686648,16.11503779806948,0.042346080544985794,11.634877384196185,18.47683923705722,6.779291553133515
Falco peregrinus anatum,North American Peregrine Falcon,Aves,0,0.0,2,1.0986122886681098,2,2,4.5,14.717867851257324,-0.007930584251880604,0.0,0.0,0.0
Falco sparverius,American Kestrel,Aves,1,1.0,35,3.58351893845611,25,30,31.34285714285714,12.722529508386339,0.15825933611818718,41.22857142857143,61.68571428571428,21.485714285714284
Falco sparverius sparverius,Northern American Kestrel,Aves,0,0.0,1,0.6931471805599453,1,1,11.0,13.773503303527832,0.1615631729364395,51.0,69.0,22.0
Fannia canicularis,Lesser House Fly,Insecta,0,0.0,2,1.0986122886681098,2,2,93.5,8.267126083374023,0.16292875260114664,46.0,72.0,25.0
Fazia micrura,Diamond Spottail,Insecta,0,0.0,18,2.9444389791664403,10,17,75.44444444444444,7.355090459187825,0.1715697430902057,51.888888888888886,71.0,21.055555555555557
Feralia februalis,Unknown,Insecta,0,0.0,1,0.6931471805599453,1,1,76.0,6.557013988494873,0.172823965549469,50.0,66.0,24.0
Feron crystallinum,Crystalline Gall Wasp,Insecta,0,0.0,1,0.6931471805599453,1,1,101.0,5.208163261413574,0.1421920657157898,53.0,71.0,23.0
Feron gigas,Saucer Gall Wasp,Insecta,0,0.0,1,0.6931471805599453,1,1,75.0,10.15441608428955,0.1894470453262329,51.0,68.0,20.0
Feron parmula,Disc Gall Wasp,Insecta,0,0.0,1,0.6931471805599453,1,1,33.0,15.757150650024414,0.2224979251623153,50.0,69.0,24.0
Feron stellulum,Stellar Gall Wasp,Insecta,0,0.0,1,0.6931471805599453,1,1,102.0,3.865111351013184,0.1767375171184539,50.0,64.0,23.0
Festuca,Fescues,Plantae,1,1.0,3,1.3862943611198906,3,3,63.0,7.962516625722249,0.17613088587919867,46.333333333333336,67.33333333333333,23.0
Festuca bromoides,brome fescue,Plantae,0,0.0,2,1.0986122886681098,2,2,70.0,12.868937969207764,0.13830330967903132,42.5,70.5,28.5
Festuca myuros,rattail sixweeks grass,Plantae,1,1.0,6,1.9459101490553132,6,6,70.16666666666667,6.44592281182607,0.16934883842865622,44.833333333333336,70.83333333333333,26.0
Festuca octoflora,sixweeks grass,Plantae,1,1.0,14,2.70805020110221,7,12,83.42857142857143,6.347699769905636,0.1607390690062727,48.0,69.42857142857143,23.071428571428573
Filacus,Unknown,Insecta,0,0.0,4,1.6094379124341003,4,4,71.75,13.875613689422607,0.15736119821667666,40.0,70.0,28.5
Fiona pinnata,Feather Aeolid,Mollusca,1,1.0,1,0.6931471805599453,1,1,0.0,14.074271202087402,-0.0154938669875264,0.0,0.0,0.0
Fiorinia,Unknown,Insecta,0,0.0,1,0.6931471805599453,1,1,71.0,9.361124992370604,0.1741988211870193,50.0,66.0,24.0
Fiorinia fioriniae,Palm Fiorinia Scale,Insecta,0,0.0,1,0.6931471805599453,1,1,92.0,2.7802884578704834,0.1872300058603286,53.0,72.0,19.0
Fissidens,pocket mosses,Plantae,0,0.0,7,2.0794415416798357,7,6,57.142857142857146,14.63125719342913,0.19793236894266944,50.42857142857143,67.71428571428571,20.857142857142858
Fissidens bryoides,Lesser Pocket-moss,Plantae,0,0.0,3,1.3862943611198906,2,2,79.0,7.841148217519124,0.13927397380272544,51.0,72.0,21.0
Fissidens crispus,Herzog's Pocket-moss,Plantae,0,0.0,4,1.6094379124341003,2,4,51.75,14.922961592674255,0.14773012697696686,49.75,69.5,21.75
Fissidens curvatus,Portuguese Pocket-moss,Plantae,0,0.0,2,1.0986122886681098,1,2,42.5,34.28375816345215,0.16014996916055674,50.0,67.0,22.0
Fissidens sublimbatus,Unknown,Plantae,0,0.0,9,2.302585092994046,2,7,27.333333333333332,12.101022455427382,0.17091682718859777,49.666666666666664,66.44444444444444,20.88888888888889
Flaveria trinervia,clustered yellowtops,Plantae,0,0.0,1,0.6931471805599453,1,1,6.0,5.507913589477539,0.0856704115867614,0.0,0.0,0.0
Flavoparmelia,greenshield lichens,Fungi,0,0.0,6,1.9459101490553132,5,5,84.66666666666667,7.016908009847005,0.16945203145345047,52.333333333333336,69.33333333333333,21.0
Flavoparmelia baltimorensis,rock greenshield lichen,Fungi,0,0.0,1,0.6931471805599453,1,1,106.0,9.259034156799316,0.1730725616216659,50.0,69.0,23.0
Flavoparmelia caperata,common greenshield lichen,Fungi,1,1.0,61,4.127134385045092,32,51,77.91803278688525,7.923514288957001,0.16686579902641102,49.967213114754095,69.78688524590164,22.40983606557377
Flavoparmelia subcapitata,Unknown,Fungi,0,0.0,19,2.995732273553991,9,16,71.47368421052632,6.338803956383153,0.16794214593736745,48.63157894736842,69.15789473684211,22.94736842105263
Flavoplaca austrocitrina,Unknown,Fungi,0,0.0,1,0.6931471805599453,1,1,123.0,15.837060928344728,0.1792998760938644,46.0,62.0,21.0
Flavoplaca citrina,Mealy Firedot Lichen,Fungi,0,0.0,1,0.6931471805599453,1,1,119.0,4.412032127380371,0.1335747987031936,52.0,73.0,21.0
Flavopunctelia,Speckled Greenshield Lichens,Fungi,0,0.0,4,1.6094379124341003,4,4,62.0,11.732943058013916,0.1879518143832683,49.25,69.25,21.75
Flavopunctelia flaventior,Speckled Greenshield,Fungi,0,0.0,9,2.302585092994046,7,7,86.11111111111111,5.6667028533087835,0.1556684134735001,50.666666666666664,68.55555555555556,21.666666666666668
Flavopunctelia soredica,Powder-edged Speckled Greenshield,Fungi,0,0.0,4,1.6094379124341003,3,3,31.0,9.44122850894928,0.15847684815526009,49.0,67.5,23.25
Florideophyceae,Florideophycean algae,Plantae,1,5.0,2,1.0986122886681098,2,2,4.0,7.524527549743652,-0.029039819724857797,0.0,0.0,0.0
Foeniculum vulgare,fennel,Plantae,1,2.0,62,4.143134726391533,35,58,12.35483870967742,9.404635687028208,0.19858392255921514,45.95161290322581,68.91935483870968,24.56451612903226
Fomitiporia polymorpha,Unknown,Fungi,0,0.0,3,1.3862943611198906,2,3,40.666666666666664,8.056986967722574,0.16612307230631507,49.333333333333336,70.66666666666667,23.333333333333332
Forficula,Unknown,Insecta,0,0.0,1,0.6931471805599453,1,1,5.0,3.5488064289093018,0.1985486000776291,38.0,71.0,29.0
Formica,"Wood, Mound, and Field Ants",Insecta,1,1.0,4,1.6094379124341003,3,4,7.0,7.628379702568054,0.18091770634055132,40.0,70.0,28.5
Formica francoeuri,Francoeur's Field Ant,Insecta,0,0.0,5,1.791759469228055,5,5,10.4,11.957677936553955,0.14377992823719976,26.0,42.0,16.0
Formica fusca,fusca-group Field Ants and Allies,Insecta,0,0.0,11,2.4849066497880004,11,11,45.27272727272727,10.279192924499512,0.1698137826540253,43.45454545454545,69.63636363636364,26.90909090909091
Formica moki,Unknown,Insecta,0,0.0,2,1.0986122886681098,2,2,36.5,3.0678564608097076,0.17318717390298838,39.0,71.0,29.0
Formicidae,Ants,Insecta,1,3.0,27,3.332204510175204,25,24,55.888888888888886,12.127552209077058,0.1596069628441775,41.629629629629626,65.11111111111111,24.074074074074073
Formicinae,Formicine Ants,Insecta,0,0.0,1,0.6931471805599453,1,1,77.0,11.064538955688477,0.1741462051868438,40.0,71.0,29.0
Fossombronia,Frillworts,Plantae,0,0.0,19,2.995732273553991,15,16,97.05263157894737,7.295443723076268,0.1496463653288389,50.63157894736842,70.42105263157895,21.473684210526315
Fossombronia longiseta,Long-bristled Frillwort,Plantae,0,0.0,1,0.6931471805599453,1,1,71.0,35.28456497192383,0.2151862978935241,51.0,67.0,21.0
Fossombronia pusilla,Common Frillwort,Plantae,0,0.0,6,1.9459101490553132,3,5,106.83333333333333,6.091974059740703,0.14905707289775208,50.333333333333336,71.83333333333333,21.166666666666668
Frangula californica,coffeeberry,Plantae,0,0.0,1,0.6931471805599453,1,1,60.0,4.627367496490479,0.1983326375484466,50.0,68.0,23.0
Frankenia,Sea Heaths,Plantae,0,0.0,1,0.6931471805599453,1,1,0.0,6.380167007446289,0.1384718120098114,47.0,69.0,26.0
Frankenia salina,Alkali Heath,Plantae,1,1.0,120,4.795790545596741,63,105,12.183333333333334,6.654053503274918,0.17220331368347006,41.63333333333333,65.61666666666666,24.0
Frederickia,Unknown,Insecta,0,0.0,1,0.6931471805599453,1,1,54.0,9.361485481262209,0.1409575641155243,50.0,73.0,22.0
Freesia,Freesias,Plantae,0,0.0,1,0.6931471805599453,1,1,104.0,7.459356784820557,0.1293302476406097,49.0,72.0,22.0
Freesia leichtlinii,Dune Kammetjie,Plantae,0,0.0,2,1.0986122886681098,1,1,106.0,6.570749044418335,0.1425189301371574,49.0,72.0,22.0
Friscanus,Unknown,Insecta,0,0.0,1,0.6931471805599453,1,1,16.0,14.323925971984863,0.1360729187726974,46.0,72.0,24.0
Frullania,Scaleworts,Plantae,0,0.0,3,1.3862943611198906,3,3,38.0,19.55479113260905,0.2117190261681874,49.666666666666664,67.66666666666667,21.0
Frullania bolanderi,Hairy Scalewort,Plantae,0,0.0,11,2.4849066497880004,6,7,36.63636363636363,15.211296926845204,0.19230557165362613,50.09090909090909,66.9090909090909,21.09090909090909
Frullania catalinae,Unknown,Plantae,0,0.0,24,3.2188758248682006,8,17,41.75,16.202142477035522,0.18352043318251765,48.5,67.91666666666667,22.333333333333332
Fucellia,Seaweed Flies,Insecta,1,7.0,6,1.9459101490553132,5,5,17.5,7.661741375923157,0.08783633681014176,31.666666666666668,48.0,17.166666666666668
Fucellia costalis,Unknown,Insecta,0,0.0,1,0.6931471805599453,1,1,0.0,0.0,-0.0933464765548706,0.0,0.0,0.0
Fucophycidae,Unknown,Chromista,1,5.0,3,1.3862943611198906,3,3,3.6666666666666665,2.985830307006836,-0.022881985952456763,15.333333333333334,24.0,8.0
Fulica americana,American Coot,Aves,0,0.0,15,2.772588722239781,11,13,2.8666666666666667,4.683195972442627,0.13663933426141733,49.13333333333333,69.13333333333334,21.666666666666668
Fulica americana americana,North American Coot,Aves,0,0.0,1,0.6931471805599453,1,1,0.0,4.627367496490479,0.196938470005989,44.0,68.0,24.0
Fuligo septica,Dog Vomit Slime Mold,Protozoa,0,0.0,1,0.6931471805599453,1,1,103.0,5.6815714836120605,0.1625024229288101,51.0,67.0,22.0
Fulmarus glacialis,Northern Fulmar,Aves,1,3.0,2,1.0986122886681098,2,2,16.5,26.847233772277832,0.021439096890389902,0.0,0.0,0.0
Funaria,Unknown,Plantae,0,0.0,5,1.791759469228055,4,3,61.2,14.811501121520996,0.1949411869049072,51.0,68.4,20.8
Funaria hygrometrica,Bonfire moss,Plantae,0,0.0,3,1.3862943611198906,3,3,39.333333333333336,12.376407782236734,0.16349577903747556,43.0,68.33333333333333,26.333333333333332
Funastrum,Unknown,Plantae,0,0.0,7,2.0794415416798357,6,7,55.714285714285715,23.304280757904053,0.13837358249085288,24.0,40.42857142857143,15.714285714285714
Funastrum heterophyllum,Hartweg's climbing milkweed,Plantae,0,0.0,231,5.44673737166631,130,186,57.5974025974026,22.346237756473162,0.14922780408100644,19.796536796536795,33.01731601731602,12.913419913419913
Fundulus parvipinnis,California Killifish,Actinopterygii,0,0.0,4,1.6094379124341003,4,4,2.75,1.427495315670967,0.1369465449824929,46.5,69.75,24.25
Fungi,Fungi Including Lichens,Fungi,1,10.0,129,4.867534450455582,43,65,79.81395348837209,10.370252203571704,0.15270200475703835,48.945736434108525,68.93798449612403,21.984496124031008
Fusarium circinatum,Pine Pitch Canker,Fungi,0,0.0,1,0.6931471805599453,1,1,70.0,25.1673583984375,0.1424522697925567,40.0,69.0,28.0
Galegeae,"milkvetches, locoweeds, and allies",Plantae,1,1.0,2,1.0986122886681098,2,2,60.0,14.201377868652344,0.1529391258955001,44.0,69.0,27.0
Galeropsidaceae,Unknown,Fungi,0,0.0,1,0.6931471805599453,1,1,0.0,9.442472457885742,0.1640033721923828,38.0,71.0,29.0
Galerucini,Unknown,Insecta,0,0.0,4,1.6094379124341003,3,3,57.5,5.939871549606323,0.17177782580256457,50.0,71.75,22.25
Galium,bedstraws,Plantae,1,1.0,94,4.553876891600541,62,78,70.45744680851064,8.415374193419801,0.16226324026888986,47.95744680851064,70.63829787234043,24.04255319148936
Galium angustifolium,Narrow-leaved Bedstraw,Plantae,0,0.0,277,5.627621113690637,132,206,73.69314079422382,8.920572489607636,0.16189477497220894,46.92057761732852,69.91696750902527,24.451263537906136
Galium angustifolium angustifolium,narrowleaf bedstraw,Plantae,0,0.0,14,2.70805020110221,14,13,70.5,10.684319121497017,0.15255645556109285,46.07142857142857,69.92857142857143,24.857142857142858
Galium aparine,catchweed bedstraw,Plantae,0,0.0,11,2.4849066497880004,10,11,52.63636363636363,8.605394211682407,0.17619035460732196,45.90909090909091,70.36363636363636,25.0
Galium catalinense,Santa Catalina Island Bedstraw,Plantae,0,0.0,1,0.6931471805599453,1,1,71.0,5.808918476104736,0.1600304394960403,52.0,73.0,21.0
Galium nuttallii,San Diego bedstraw,Plantae,0,0.0,48,3.8918202981106265,33,42,80.14583333333333,8.021701321005821,0.16462585624928272,50.166666666666664,70.35416666666667,22.166666666666668
Galium nuttallii nuttallii,Nuttall's climbing bedstraw,Plantae,0,0.0,4,1.6094379124341003,4,4,76.25,7.977822542190552,0.1626564413309097,50.0,69.5,21.75
Galium parisiense,Wall Bedstraw,Plantae,0,0.0,1,0.6931471805599453,1,1,102.0,6.663808345794678,0.1564757078886032,51.0,68.0,23.0
Galium porrigens,graceful bedstraw,Plantae,0,0.0,12,2.5649493574615367,12,12,64.83333333333333,9.804766575495401,0.167178055892388,47.666666666666664,69.33333333333333,23.583333333333332
Galium stellatum,starry bedstraw,Plantae,0,0.0,1,0.6931471805599453,1,1,94.0,4.319532871246338,0.1479548215866089,53.0,71.0,23.0
Gambusia affinis,Western Mosquitofish,Actinopterygii,0,0.0,2,1.0986122886681098,2,2,0.5,2.8534504175186157,0.17309754341840738,46.0,70.0,24.0
Gamochaeta pensylvanica,Pennsylvania Cudweed,Plantae,0,0.0,1,0.6931471805599453,1,1,111.0,4.9632415771484375,0.1601075977087021,49.0,72.0,22.0
Gamochaeta stagnalis,Desert Cudweed,Plantae,0,0.0,10,2.3978952727983707,7,9,73.6,4.512602472305298,0.14603460133075713,49.6,71.3,22.1
Ganoderma,"Artist's Brackets, Reishi, and Allies",Fungi,0,0.0,1,0.6931471805599453,1,1,84.0,9.88451862335205,0.1587818264961242,51.0,73.0,21.0
Gari californica,California Sunset Clam,Mollusca,1,2.0,5,1.791759469228055,4,5,10.0,7.448532485961914,0.011601662542670962,9.2,14.4,4.8
Garrya,silktassels,Plantae,0,0.0,1,0.6931471805599453,1,1,99.0,11.883977890014648,0.193616896867752,51.0,70.0,23.0
Gasteruption,Unknown,Insecta,0,0.0,1,0.6931471805599453,1,1,77.0,5.123569965362549,0.1995322406291961,54.0,72.0,20.0
Gastridium phleoides,nit grass,Plantae,0,0.0,1,0.6931471805599453,1,1,66.0,10.8406400680542,0.211781695485115,50.0,71.0,25.0
Gastropoda,Gastropods,Mollusca,1,31.0,12,2.5649493574615367,11,11,7.416666666666667,8.936524565021196,0.054785631208990986,33.75,54.083333333333336,19.416666666666668
Gastrosericina,Unknown,Insecta,0,0.0,1,0.6931471805599453,1,1,58.0,8.03724479675293,0.1540730893611908,44.0,71.0,27.0
Gavia immer,Common Loon,Aves,1,47.0,3,1.3862943611198906,3,3,4.333333333333333,27.993117650349934,-0.004250524720797933,0.0,0.0,0.0
Gavia pacifica,Pacific Loon,Aves,1,6.0,1,0.6931471805599453,1,1,0.0,18.151758193969727,0.0014612012309953,0.0,0.0,0.0
Gavia stellata,Red-throated Loon,Aves,1,3.0,1,0.6931471805599453,1,1,47.0,11.202207565307615,0.1851294487714767,46.0,71.0,24.0
Gazania,Treasure Flowers,Plantae,0,0.0,2,1.0986122886681098,2,2,77.0,11.575595378875732,0.1659716367721557,46.5,67.0,23.0
Gazania linearis,Wedding Treasureflower,Plantae,0,0.0,2,1.0986122886681098,2,2,11.0,6.407462716102599,0.1890904903411865,48.5,70.0,24.5
Geastrum,Earthstars,Fungi,0,0.0,1,0.6931471805599453,1,1,19.0,13.931477546691896,0.2062938511371612,50.0,66.0,20.0
Geastrum fornicatum,Arched Earthstar,Fungi,0,0.0,2,1.0986122886681098,1,2,28.5,15.799088001251217,0.20994284003973007,50.5,66.5,20.5
Geheebia,Unknown,Plantae,1,2.0,9,2.302585092994046,6,8,38.22222222222222,10.462853378719753,0.15819716122415325,49.22222222222222,70.0,21.555555555555557
Geheebia fallax,False Beard Moss,Plantae,0,0.0,7,2.0794415416798357,3,7,58.142857142857146,15.512248516082764,0.15647464671305245,43.42857142857143,70.42857142857143,26.285714285714285
Geheebia ferruginea,Rusty Beard-moss,Plantae,0,0.0,8,2.1972245773362196,4,8,60.75,7.706227093935013,0.18533432297408575,50.125,72.5,22.75
Gelechiidae,Twirler Moths,Insecta,0,0.0,2,1.0986122886681098,2,2,68.0,16.119153261184692,0.14531885087490076,47.0,70.5,24.0
Gelechioidea,Curved-horn Moths,Insecta,0,0.0,2,1.0986122886681098,2,2,94.5,7.581522345542908,0.153290219604969,44.5,67.0,24.5
Gelidium,Jellyweeds,Plantae,1,9.0,4,1.6094379124341003,2,4,0.0,1.3770170211791992,-0.006337527185678473,11.75,17.75,6.25
Geminaria canalis,Unknown,Insecta,0,0.0,1,0.6931471805599453,1,1,9.0,4.962456703186035,0.1626023799180984,50.0,68.0,20.0
Gemmabryum,Unknown,Plantae,0,0.0,7,2.0794415416798357,5,6,76.14285714285714,10.633288928440638,0.1704817627157483,51.142857142857146,70.42857142857143,21.571428571428573
Gemmabryum brassicoides,Unknown,Plantae,0,0.0,12,2.5649493574615367,5,9,58.916666666666664,17.94257350762685,0.1772443403800328,50.75,70.0,22.083333333333332
Gemmabryum vinosum,Unknown,Plantae,0,0.0,10,2.3978952727983707,5,10,86.5,6.486080360412598,0.15557321012020106,48.9,69.3,22.0
Geococcyx californianus,Greater Roadrunner,Aves,0,0.0,1,0.6931471805599453,1,1,86.0,10.835956573486328,0.1148066073656082,50.0,71.0,25.0
Geometridae,Geometer Moths,Insecta,0,0.0,12,2.5649493574615367,10,11,40.333333333333336,8.819689512252808,0.16232484206557268,43.916666666666664,64.16666666666667,21.666666666666668
Geophilomorpha,Soil Centipedes,Animalia,0,0.0,1,0.6931471805599453,1,1,112.0,10.333701133728027,0.2171577364206314,53.0,69.0,19.0
Geothlypis trichas,Common Yellowthroat,Aves,0,0.0,8,2.1972245773362196,8,7,21.625,10.012661457061768,0.17038619332015512,51.125,69.125,21.375
Geraniaceae,Geranium family,Plantae,0,0.0,1,0.6931471805599453,1,1,12.0,16.635696411132812,0.1856803596019745,49.0,64.0,20.0
Geranium,geraniums and cranesbills,Plantae,0,0.0,1,0.6931471805599453,1,1,2.0,2.395017623901367,0.2227423638105392,50.0,67.0,20.0
Geranium carolinianum,Carolina crane's-bill,Plantae,0,0.0,2,1.0986122886681098,2,2,0.5,3.6961354315280914,0.184916116297245,45.5,69.5,23.0
Geranium dissectum,Cut-leaved crane's-bill,Plantae,0,0.0,8,2.1972245773362196,8,6,11.0,9.79708631336689,0.2086352296173572,49.0,67.25,22.0
Geranium incanum,carpet crane's-bill,Plantae,0,0.0,1,0.6931471805599453,1,1,103.0,3.865122079849243,0.148392766714096,51.0,69.0,22.0
Geron,Unknown,Insecta,0,0.0,31,3.4657359027997265,13,25,74.70967741935483,7.528502979586201,0.15827641275621226,49.354838709677416,71.45161290322581,23.29032258064516
Geron calvus,Bald Bee Fly,Insecta,0,0.0,2,1.0986122886681098,2,2,77.0,9.884443759918213,0.17667441815137858,45.0,71.0,25.0
Gilia angelensis,chaparral gilia,Plantae,0,0.0,4,1.6094379124341003,3,4,9.25,8.94233027100563,0.20903231576085088,45.5,69.25,23.5
Gillichthys mirabilis,Longjaw Mudsucker,Actinopterygii,0,0.0,3,1.3862943611198906,3,3,1.0,1.27071613073349,0.23615872859954834,43.0,71.0,27.0
Girella nigricans,Opaleye,Actinopterygii,1,79.0,2,1.0986122886681098,2,2,0.0,0.0,-0.08008422330021855,0.0,0.0,0.0
Glabellula,Unknown,Insecta,0,0.0,1,0.6931471805599453,1,1,52.0,12.794121742248535,0.1358527392148971,50.0,73.0,22.0
Glaucopsyche lygdamus,Silvery Blue,Insecta,0,0.0,39,3.6888794541139363,25,30,45.35897435897436,11.026369666441893,0.1685934185217588,46.0,66.33333333333333,21.641025641025642
Glaucopsyche lygdamus australis,Southern Silvery Blue,Insecta,0,0.0,4,1.6094379124341003,4,4,29.75,18.60879158973694,0.19182482361793518,51.0,68.0,21.5
Glebionis coronaria,Garland Daisy,Plantae,1,5.0,17,2.8903717578961645,16,15,21.470588235294116,10.599173356505002,0.1835284855435876,47.64705882352941,64.58823529411765,20.235294117647058
Gloeotrichia,Unknown,Unknown,0,0.0,1,0.6931471805599453,1,1,8.0,7.902680397033691,0.023090872913599,0.0,0.0,0.0
Glomeratae,Section Glomeratae,Plantae,1,1.0,1,0.6931471805599453,1,1,69.0,6.557014465332031,0.1836595684289932,40.0,71.0,29.0
Gloridonus,Unknown,Insecta,0,0.0,2,1.0986122886681098,2,2,66.5,11.94866418838501,0.12224879488348955,49.5,72.5,22.0
Glossaulax,Unknown,Mollusca,0,0.0,1,0.6931471805599453,1,1,0.0,5.507913589477539,-0.0300163533538579,0.0,0.0,0.0
Glossaulax reclusiana,Recluz's Moon Snail,Mollusca,1,9.0,35,3.58351893845611,28,30,5.9714285714285715,12.62740980727332,0.004450683787997267,5.171428571428572,8.17142857142857,2.8
Gloveria,Unknown,Insecta,0,0.0,5,1.791759469228055,5,5,65.8,4.6913705468177795,0.09572065547108648,30.6,40.8,13.8
Gloveria medusa,Unknown,Insecta,0,0.0,1,0.6931471805599453,1,1,106.0,8.28909969329834,0.1253102868795395,51.0,68.0,23.0
Glyptini,Unknown,Insecta,0,0.0,1,0.6931471805599453,1,1,110.0,4.319421768188477,0.1470051258802414,50.0,64.0,23.0
Gnaphalieae,paper daisies,Plantae,1,2.0,3,1.3862943611198906,3,3,57.333333333333336,8.690160115559896,0.15595001975695286,48.666666666666664,72.33333333333333,23.0
Gnaphaliinae,"cudweeds, everlastings, and pussytoes",Plantae,0,0.0,12,2.5649493574615367,11,12,60.583333333333336,10.311507860819498,0.1591375935822725,47.083333333333336,70.41666666666667,24.5
Gnaphalium palustre,western marsh cudweed,Plantae,0,0.0,1,0.6931471805599453,1,1,109.0,2.1580610275268555,0.1520653516054153,50.0,64.0,23.0
Gnaphaloides,Section Gnaphaloides,Plantae,0,0.0,1,0.6931471805599453,1,1,72.0,9.259044647216797,0.1630804538726806,50.0,66.0,24.0
Gnaphosidae,Stealthy Ground Spiders,Arachnida,1,2.0,4,1.6094379124341003,4,4,58.0,14.916956186294556,0.16551767662167544,36.75,51.5,16.75
Gnorimoschema baccharisella,Coyote Brush Stem Gall Moth,Insecta,1,3.0,8,2.1972245773362196,8,7,87.875,3.8227087631821632,0.15189330931752915,51.25,69.875,22.375
Goedenia,Unknown,Insecta,0,0.0,1,0.6931471805599453,1,1,10.0,8.908854484558105,0.203772023320198,49.0,67.0,23.0
Gonatopus,Unknown,Insecta,0,0.0,1,0.6931471805599453,1,1,1.0,1.1048446893692017,0.2182213515043258,41.0,71.0,24.0
Gosibius,Unknown,Animalia,0,0.0,1,0.6931471805599453,1,1,17.0,20.565364837646484,0.1811254620552063,53.0,69.0,21.0
Gracillariidae,Leaf Blotch Miner Moths,Insecta,0,0.0,1,0.6931471805599453,1,1,75.0,14.0734224319458,0.1583717465400695,48.0,71.0,25.0
Grammica,Cuscuta subgen. Grammica,Plantae,0,0.0,3,1.3862943611198906,3,3,53.0,6.396097183227539,0.19689584771792093,41.333333333333336,71.33333333333333,28.0
Graphidaceae,Script Lichens and Allies,Fungi,0,0.0,8,2.1972245773362196,5,5,36.125,14.779069185256958,0.18591568805277345,49.5,67.875,21.0
Graphis,Graffiti Lichens,Fungi,0,0.0,1,0.6931471805599453,1,1,19.0,11.812359809875488,0.1878412067890167,50.0,69.0,24.0
Graphocephala atropunctata,Blue-green Sharpshooter,Insecta,0,0.0,6,1.9459101490553132,6,6,29.833333333333332,13.506638129552206,0.2060197566946347,50.333333333333336,68.16666666666667,21.0
Grapsoidea,"Land, shore, and marsh crabs",Animalia,1,1.0,1,0.6931471805599453,1,1,0.0,24.835996627807617,0.0282034408301115,0.0,0.0,0.0
Greeneocharis circumscissa,Cushion Cryptantha,Plantae,0,0.0,1,0.6931471805599453,1,1,106.0,2.395049571990967,0.1568449735641479,51.0,71.0,24.0
Greenidea psidii,Unknown,Insecta,0,0.0,1,0.6931471805599453,1,1,105.0,4.756384372711182,0.1607695668935775,49.0,72.0,22.0
Grimmia laevigata,Grimmia Dry Rock Moss,Plantae,1,2.0,2,1.0986122886681098,2,2,73.5,16.96930503845215,0.19326228648424143,50.5,67.5,21.5
Grimmia lisae,Unknown,Plantae,0,0.0,1,0.6931471805599453,1,1,28.0,11.988883972167969,0.2056594640016555,50.0,66.0,20.0
Grimothea planipes,Tuna Crab,Animalia,1,8.0,1,0.6931471805599453,1,1,0.0,4.411300659179688,0.0305998548865318,0.0,0.0,0.0
Grotea californica,Unknown,Insecta,0,0.0,1,0.6931471805599453,1,1,60.0,28.37887382507324,0.1470067054033279,0.0,0.0,0.0
Gryllidae,True Crickets,Insecta,0,0.0,1,0.6931471805599453,1,1,70.0,3.438589096069336,0.1411899924278259,50.0,73.0,22.0
Grylloidea,True Crickets and Allies,Insecta,0,0.0,1,0.6931471805599453,1,1,76.0,7.553043842315674,0.1821719110012054,50.0,66.0,24.0
Gryllus,Unknown,Insecta,0,0.0,3,1.3862943611198906,3,3,4.333333333333333,12.461064179738363,0.11320546021064119,31.666666666666668,45.666666666666664,14.666666666666666
Gryllus lineaticeps,Variable Field Cricket,Insecta,0,0.0,2,1.0986122886681098,2,2,12.0,15.046369552612306,0.19425166398286814,52.0,71.5,23.0
Gryllus multipulsator,Long-chirp Field Cricket,Insecta,0,0.0,1,0.6931471805599453,1,1,8.0,5.547544956207275,0.1777959316968917,49.0,67.0,23.0
Gulielmina vermicularis,Unknown,Protozoa,0,0.0,1,0.6931471805599453,1,1,18.0,12.604588508605955,0.1947829276323318,50.0,68.0,20.0
Gutierrezia californica,California matchweed,Plantae,0,0.0,2,1.0986122886681098,2,2,74.0,8.935863256454468,0.14071726053953165,48.5,71.0,25.0
Gyalecta herrei,Unknown,Fungi,0,0.0,12,2.5649493574615367,4,10,38.916666666666664,15.31427800655365,0.18562481428186095,47.666666666666664,69.83333333333333,24.0
Gyalolechia,Sulphur Lichens,Fungi,0,0.0,2,1.0986122886681098,1,1,107.0,8.624727010726929,0.12272008135914794,53.0,71.0,20.0
Gyalolechia stantonii,Unknown,Fungi,0,0.0,6,1.9459101490553132,2,4,44.833333333333336,17.103846073150635,0.12726899236440656,22.0,35.666666666666664,13.333333333333334
Gymnoclytia occidentalis,Unknown,Insecta,0,0.0,1,0.6931471805599453,1,1,15.0,19.7292594909668,0.2051626741886139,49.0,64.0,20.0
Gymnopilus,rustgills and gyms,Fungi,0,0.0,4,1.6094379124341003,4,4,45.0,9.945126488804817,0.1419101851060986,34.5,51.5,19.25
Gymnopilus luteofolius,Yellow-gilled Gymnopilus,Fungi,0,0.0,1,0.6931471805599453,1,1,43.0,14.62453556060791,0.1646718978881836,40.0,69.0,28.0
Gymnopilus ventricosus,Western Jumbo Gym,Fungi,0,0.0,5,1.791759469228055,5,5,91.0,13.249151420593261,0.13462367504835124,40.4,55.0,17.6
Gymnopus,Unknown,Fungi,0,0.0,1,0.6931471805599453,1,1,54.0,29.46916961669922,0.2026792168617248,50.0,69.0,24.0
Gymnopus dryophilus,Oak-loving Gymnopus,Fungi,0,0.0,5,1.791759469228055,5,5,93.8,6.287519884109497,0.157364147901535,52.8,71.4,21.6
Gymnura marmorata,California Butterfly Ray,Animalia,0,0.0,1,0.6931471805599453,1,1,0.0,0.0,-0.0898439437150955,0.0,0.0,0.0
Gyrosigma fasciola,Unknown,Chromista,0,0.0,1,0.6931471805599453,1,1,0.0,2.7802884578704834,0.1798994094133377,44.0,68.0,24.0
Habronattus,Paradise Jumping Spiders,Arachnida,0,0.0,7,2.0794415416798357,3,6,33.714285714285715,3.5882260629108975,0.16989201945917945,48.142857142857146,70.42857142857143,23.857142857142858
Habronattus agilis,Unknown,Arachnida,0,0.0,2,1.0986122886681098,2,2,64.5,12.846043825149538,0.15609747171401975,45.0,72.0,25.5
Habronattus californicus,Unknown,Arachnida,0,0.0,1,0.6931471805599453,1,1,6.0,1.442355990409851,0.1574990451335907,38.0,71.0,29.0
Habronattus elegans,Unknown,Arachnida,0,0.0,12,2.5649493574615367,9,12,64.33333333333333,10.121357282002768,0.16750172773996985,43.75,65.83333333333333,21.833333333333332
Habronattus hallani,Unknown,Arachnida,0,0.0,1,0.6931471805599453,1,1,0.0,4.627367496490479,0.1861250400543213,44.0,68.0,24.0
Habronattus pyrrithrix,Unknown,Arachnida,0,0.0,1,0.6931471805599453,1,1,2.0,2.2087714672088623,0.1422267854213714,48.0,72.0,24.0
Habronattus ustulatus,Unknown,Arachnida,0,0.0,1,0.6931471805599453,1,1,97.0,4.310365676879883,0.1277196854352951,53.0,72.0,19.0
Habropoda,Unknown,Insecta,0,0.0,3,1.3862943611198906,1,2,79.66666666666667,13.777424176534018,0.1393420894940694,48.0,71.0,25.0
Habropoda depressa,Unknown,Insecta,0,0.0,1,0.6931471805599453,1,1,77.0,15.51637363433838,0.1568213403224945,48.0,71.0,25.0
Habropoda tristissima,Unknown,Insecta,0,0.0,6,1.9459101490553132,5,5,18.0,9.823911547660828,0.17528433104356125,47.666666666666664,69.5,23.5
Haematococcus,Unknown,Plantae,0,0.0,1,0.6931471805599453,1,1,3.0,2.883023977279663,0.1023795679211616,49.0,70.0,23.0
Haematopus bachmani,Black Oystercatcher,Aves,1,14.0,2,1.0986122886681098,2,2,8.5,10.006518840789795,0.027590500190854052,0.0,0.0,0.0
Haemorhous mexicanus,House Finch,Aves,0,0.0,69,4.248495242049359,47,54,52.971014492753625,10.610119741895925,0.1474813765481762,44.0,63.47826086956522,21.971014492753625
Halictidae,Sweat Bees,Insecta,0,0.0,7,2.0794415416798357,6,7,69.57142857142857,14.468735933303833,0.16072894419942577,40.0,60.714285714285715,21.142857142857142
Halictina,Unknown,Insecta,0,0.0,8,2.1972245773362196,6,7,47.25,13.260992139577866,0.1539832670241594,34.625,53.375,18.375
Halictinae,Sweat and Furrow bees,Insecta,0,0.0,8,2.1972245773362196,6,8,66.0,15.251470267772675,0.15441351383924481,29.25,44.625,16.0
Halictini,Unknown,Insecta,1,1.0,10,2.3978952727983707,10,10,62.4,14.286179101467132,0.14110117256641383,35.8,56.4,20.7
Halictus,Furrow Bees,Insecta,0,0.0,6,1.9459101490553132,5,6,55.833333333333336,16.101542472839355,0.11726064607501026,31.166666666666668,48.0,16.166666666666668
Halictus farinosus,Wide-striped Sweat Bee,Insecta,0,0.0,3,1.3862943611198906,3,3,21.0,8.16033927599589,0.1809314390023549,48.333333333333336,70.33333333333333,23.666666666666668
Halictus ligatus,Ligated Furrow Bee,Insecta,1,2.0,56,4.04305126783455,19,44,20.053571428571427,11.942283099251133,0.1487792760266789,30.696428571428573,50.714285714285715,19.267857142857142
Halictus tripartitus,Tripartite Sweat Bee,Insecta,0,0.0,41,3.7376696182833684,13,32,55.4390243902439,7.791766873220118,0.16701123917975072,46.53658536585366,70.26829268292683,24.51219512195122
Haminoea vesicula,Blister Glassy-bubble,Mollusca,1,2.0,1,0.6931471805599453,1,1,0.0,4.627367496490479,0.1675203293561935,51.0,69.0,20.0
Harknessia,Unknown,Fungi,0,0.0,3,1.3862943611198906,1,2,103.66666666666667,7.077439705530803,0.11929056296745932,52.333333333333336,69.66666666666667,20.666666666666668
Harknessia rhoina,Unknown,Fungi,0,0.0,7,2.0794415416798357,1,7,93.28571428571429,7.508506570543561,0.14861532832895,49.857142857142854,70.57142857142857,22.428571428571427
Harknessiaceae,Unknown,Fungi,0,0.0,1,0.6931471805599453,1,1,74.0,14.186020851135254,0.1880456060171127,50.0,68.0,23.0
Harmochirina,Unknown,Arachnida,0,0.0,1,0.6931471805599453,1,1,10.0,16.049325942993164,0.2051988244056701,48.0,71.0,22.0
Harmostes reflexulus,Unknown,Insecta,0,0.0,1,0.6931471805599453,1,1,85.0,7.794001579284668,0.205032393336296,53.0,72.0,19.0
Harmothoe,Unknown,Animalia,0,0.0,1,0.6931471805599453,1,1,9.0,12.110357284545898,0.0320901274681091,0.0,0.0,0.0
Hazardia,Unknown,Plantae,0,0.0,9,2.302585092994046,9,9,81.44444444444444,6.8845289548238116,0.1678412059942881,49.666666666666664,70.11111111111111,23.333333333333332
Hazardia berberidis,Barberry-leaf Goldenbush,Plantae,0,0.0,1,0.6931471805599453,1,1,82.0,2.8831353187561035,0.1578041464090347,45.0,70.0,28.0
Hazardia squarrosa,saw-toothed goldenbush,Plantae,1,1.0,199,5.298317366548036,89,154,82.14070351758794,7.399371352028008,0.16082901370959662,49.130653266331656,69.34170854271356,22.55778894472362
Hazardia squarrosa grindelioides,Unknown,Plantae,0,0.0,7,2.0794415416798357,6,7,82.28571428571429,9.182643822261266,0.15822628991944446,50.857142857142854,68.71428571428571,23.0
Hazardia squarrosa squarrosa,Unknown,Plantae,0,0.0,2,1.0986122886681098,2,2,71.5,8.374809503555298,0.1797523349523544,51.5,69.0,21.5
Hedychrum,Unknown,Insecta,0,0.0,1,0.6931471805599453,1,1,66.0,7.070948123931885,0.1481854319572448,54.0,72.0,20.0
Hedypnois,Unknown,Plantae,0,0.0,2,1.0986122886681098,2,2,33.5,14.846024751663208,0.1819602623581886,19.0,35.5,14.5
Hedypnois rhagadioloides,Cretanweed,Plantae,1,3.0,49,3.912023005428146,25,41,45.06122448979592,14.539879571418373,0.14100479950406108,40.53061224489796,63.55102040816327,24.102040816326532
Heliantheae,Sunflowers and Allies,Plantae,0,0.0,6,1.9459101490553132,6,6,54.5,11.517717679341635,0.1602182139952977,44.666666666666664,71.16666666666667,25.666666666666668
Helianthemum,dwarf rock-roses,Plantae,0,0.0,1,0.6931471805599453,1,1,108.0,6.557060241699219,0.1587554365396499,49.0,72.0,22.0
Helicosmia,Unknown,Insecta,0,0.0,1,0.6931471805599453,1,1,15.0,10.595261573791504,0.1571780443191528,50.0,65.0,20.0
Helicoverpa zea,Corn Earworm Moth,Insecta,0,0.0,1,0.6931471805599453,1,1,2.0,1.854334115982056,0.1388985961675644,47.0,69.0,26.0
Heliodinidae,Sun Moths,Insecta,0,0.0,1,0.6931471805599453,1,1,52.0,39.05693054199219,0.1404322385787964,0.0,0.0,0.0
Heliopetes ericetorum,Northern White-Skipper,Insecta,0,0.0,3,1.3862943611198906,3,3,42.333333333333336,9.49497882525126,0.17620675265789024,46.0,71.0,24.0
Heliothinae,Unknown,Insecta,0,0.0,3,1.3862943611198906,3,3,53.333333333333336,23.235220432281494,0.14109497268994645,16.666666666666668,24.0,7.333333333333333
Heliothis phloxiphaga,Darker-spotted Straw Moth,Insecta,0,0.0,1,0.6931471805599453,1,1,66.0,14.431597709655762,0.1552111059427261,40.0,71.0,29.0
Heliothodes diminutiva,Small Heliothodes Moth,Insecta,0,0.0,1,0.6931471805599453,1,1,0.0,0.0,0.0755035653710365,47.0,67.0,23.0
Heliotropium curassavicum,alkali heliotrope,Plantae,0,0.0,109,4.700480365792417,77,101,8.541284403669724,6.865328693061794,0.0875033709827229,29.93577981651376,44.11009174311926,15.073394495412844
Heliotropium curassavicum oculatum,Unknown,Plantae,0,0.0,14,2.70805020110221,9,14,6.071428571428571,6.433960693223136,0.07201449745999912,27.5,40.5,13.785714285714286
Hellinsia,Unknown,Insecta,0,0.0,2,1.0986122886681098,2,2,105.0,5.640097618103027,0.1199517510831356,51.0,67.5,22.5
Hellula rogatalis,Cabbage Webworm Moth,Insecta,1,1.0,1,0.6931471805599453,1,1,10.0,4.319406032562256,0.154757559299469,50.0,68.0,20.0
Helminthoglypta,Shoulderband Snails,Mollusca,0,0.0,5,1.791759469228055,3,5,55.4,11.092262744903564,0.1739920616149902,45.4,67.6,24.6
Helminthoglypta tudiculata,Southern California Shoulderband,Mollusca,1,1.0,3,1.3862943611198906,3,3,60.666666666666664,16.879218101501465,0.1502562165260314,46.666666666666664,66.66666666666667,24.0
Helminthotheca echioides,bristly oxtongue,Plantae,0,0.0,32,3.4965075614664802,26,29,9.5,9.897741753607988,0.17554550385102627,49.78125,69.59375,22.03125
Helophytum,Unknown,Plantae,0,0.0,1,0.6931471805599453,1,1,108.0,2.882642269134521,0.1520653516054153,50.0,64.0,23.0
Helotiales,Unknown,Fungi,0,0.0,4,1.6094379124341003,3,4,45.25,6.359627842903137,0.16124950535595414,51.0,68.5,20.75
Hemerobiidae,Brown Lacewings,Insecta,0,0.0,1,0.6931471805599453,1,1,101.0,7.687913417816162,0.1466167122125625,51.0,68.0,23.0
Hemerobiiformia,Lacewings and Allies,Insecta,0,0.0,1,0.6931471805599453,1,1,40.0,14.088210105895996,0.1043962463736534,44.0,71.0,27.0
Hemiargus ceraunus,Ceraunus Blue,Insecta,1,1.0,12,2.5649493574615367,10,10,51.5,9.314264178276062,0.16608284910519916,44.166666666666664,65.25,21.5
Hemiglyptus basalis,Unknown,Insecta,0,0.0,1,0.6931471805599453,1,1,90.0,3.704791784286499,0.1787867993116378,48.0,71.0,25.0
Hemigrapsus oregonensis,Yellow Shore Crab,Animalia,0,0.0,6,1.9459101490553132,4,5,2.0,3.7868505318959556,0.1264964148091773,39.5,58.166666666666664,19.0
Hemileuca electra,Electra Buckmoth,Insecta,0,0.0,1,0.6931471805599453,1,1,0.0,14.074271202087402,-0.0154938669875264,0.0,0.0,0.0
Hemimycena,Unknown,Fungi,0,0.0,1,0.6931471805599453,1,1,76.0,13.587610244750977,0.1790926307439804,40.0,69.0,28.0
Hemipenthes jaennickeana,Unknown,Insecta,0,0.0,1,0.6931471805599453,1,1,75.0,2.7802884578704834,0.1987842917442321,54.0,72.0,20.0
Hemipenthes lepidota,Unknown,Insecta,0,0.0,4,1.6094379124341003,3,4,81.0,7.64888334274292,0.17004495114088053,42.75,70.25,27.5
Hemipenthes sinuosa,Sinuous Bee Fly,Insecta,0,0.0,6,1.9459101490553132,6,6,54.333333333333336,6.625168363253276,0.1808033833901087,49.666666666666664,70.16666666666667,22.333333333333332
Hemiptera,"True Bugs, Hoppers, Aphids, and allies",Insecta,1,1.0,9,2.302585092994046,9,8,50.44444444444444,13.502455234527588,0.16040298839410144,29.333333333333332,47.666666666666664,17.22222222222222
Hennediella,Unknown,Plantae,0,0.0,1,0.6931471805599453,1,1,4.0,4.781720161437988,0.2004547119140625,50.0,68.0,20.0
Hennediella heimii,Heim's Pottia,Plantae,0,0.0,2,1.0986122886681098,2,1,11.5,7.086065769195557,0.1871932446956634,50.0,67.0,20.0
Hennediella stanfordensis,Stanford Screw-moss,Plantae,0,0.0,3,1.3862943611198906,2,3,33.333333333333336,21.899791717529297,0.1903092414140701,50.0,68.66666666666667,22.666666666666668
Henningsomyces,Tubelets,Fungi,0,0.0,1,0.6931471805599453,1,1,82.0,2.883188486099243,0.1420511454343795,50.0,73.0,22.0
Henningsomyces candidus,white tubelet,Fungi,0,0.0,3,1.3862943611198906,3,2,30.666666666666668,12.586814880371094,0.1717608322699864,48.666666666666664,70.0,22.333333333333332
Heppia conchiloba,Unknown,Fungi,0,0.0,1,0.6931471805599453,1,1,60.0,11.064340591430664,0.1316462606191635,40.0,71.0,29.0
Heraclides rumiko,Western Giant Swallowtail,Insecta,1,1.0,1,0.6931471805599453,1,1,29.0,17.369510650634766,0.1965416520833969,51.0,69.0,20.0
Hermetia,Unknown,Insecta,0,0.0,1,0.6931471805599453,1,1,6.0,7.070599555969238,0.2090377509593963,38.0,71.0,29.0
Hermetia ryckmani,Unknown,Insecta,0,0.0,2,1.0986122886681098,2,2,47.5,5.35135543346405,0.1805182620882988,44.0,72.0,25.5
Herniaria hirsuta,hairy rupturewort,Plantae,0,0.0,1,0.6931471805599453,1,1,115.0,2.209256410598755,0.1476131081581115,56.0,73.0,20.0
Hesperapis,Unknown,Insecta,0,0.0,121,4.804021044733257,29,62,63.53719008264463,22.819929775620295,0.14274556494571944,26.50413223140496,45.59504132231405,18.330578512396695
Hesperocnide tenella,Western nettle,Plantae,0,0.0,6,1.9459101490553132,6,5,20.666666666666668,7.578336596488953,0.18499862154324845,45.833333333333336,70.5,25.666666666666668
Hesperocyparis macrocarpa,Monterey Cypress,Plantae,0,0.0,6,1.9459101490553132,6,6,6.5,3.2980767091115317,0.11152295644084609,48.333333333333336,72.83333333333333,24.666666666666668
Hesperotipula,Unknown,Insecta,0,0.0,1,0.6931471805599453,1,1,51.0,11.71001434326172,0.1272741705179214,44.0,71.0,27.0
Hesperoyucca whipplei,chaparral yucca,Plantae,0,0.0,97,4.584967478670572,87,89,74.48453608247422,7.582225013025028,0.15209659381011095,44.96907216494845,67.02061855670104,24.587628865979383
Heteroconchia,Unknown,Mollusca,1,1.0,1,0.6931471805599453,1,1,0.0,0.0,0.0214681159704923,0.0,0.0,0.0
Heterodermia,Fringe Lichens,Fungi,0,0.0,2,1.0986122886681098,2,2,45.0,11.60581636428833,0.1915688589215278,45.0,68.0,24.5
Heterodermia erinacea,Unknown,Fungi,0,0.0,5,1.791759469228055,3,5,33.8,8.823962688446045,0.16582070291042322,47.8,70.0,23.6
Heterodontus francisci,Horn Shark,Animalia,1,10.0,2,1.0986122886681098,2,2,2.5,3.587756395339966,0.03551198076456785,0.0,0.0,0.0
Heteromeles arbutifolia,Toyon,Plantae,1,6.0,441,6.091309882077698,282,329,74.7936507936508,8.278871413666645,0.1585082123119409,47.64852607709751,68.66893424036282,24.378684807256235
Heteroptera,True Bugs,Insecta,0,0.0,22,3.1354942159291497,18,20,62.59090909090909,18.56970839066939,0.14995246168903326,29.681818181818183,44.77272727272727,16.181818181818183
Heterostylum,Unknown,Insecta,0,0.0,7,2.0794415416798357,6,7,35.42857142857143,20.688516855239868,0.15569245070219037,22.571428571428573,40.0,16.285714285714285
Heterostylum robustum,Bomber fly,Insecta,0,0.0,6,1.9459101490553132,6,6,44.333333333333336,13.659768382708231,0.16641725351413086,33.333333333333336,58.833333333333336,24.0
Heterotheca,False Goldenasters,Plantae,0,0.0,8,2.1972245773362196,7,8,65.875,6.600805297493935,0.15241481736302373,49.75,72.0,22.5
Heterotheca grandiflora,Telegraphweed,Plantae,1,3.0,179,5.19295685089021,82,158,49.22346368715084,6.3045312822198065,0.15251447967976828,49.04469273743017,71.08379888268156,22.849162011173185
Heterotheca sessiliflora,sessileflower false goldenaster,Plantae,0,0.0,6,1.9459101490553132,5,5,74.0,7.803576469421387,0.16293002416690186,50.0,72.5,22.333333333333332
Hieraciinae,hawkweeds,Plantae,0,0.0,1,0.6931471805599453,1,1,84.0,4.319500923156738,0.1467289328575134,48.0,71.0,25.0
Hilara,Balloon Flies,Insecta,0,0.0,1,0.6931471805599453,1,1,102.0,7.687937259674072,0.1439417898654937,51.0,68.0,23.0
Hiltonius,Unknown,Animalia,0,0.0,4,1.6094379124341003,3,3,56.0,7.766838982701301,0.11806575581431382,50.5,72.0,22.25
Himantariidae,Unknown,Animalia,0,0.0,1,0.6931471805599453,1,1,44.0,5.20895528793335,0.1513578742742538,50.0,72.0,22.0
Hippodamia convergens,Convergent Lady Beetle,Insecta,1,5.0,18,2.9444389791664403,17,15,47.388888888888886,10.959145426750183,0.1733936283013059,46.27777777777778,65.05555555555556,21.833333333333332
Hippolyte californiensis,California Green Shrimp,Animalia,0,0.0,1,0.6931471805599453,1,1,0.0,0.0,0.1804815083742141,44.0,68.0,24.0
Hipponix tumens,Ribbed Hoof Snail,Mollusca,1,2.0,4,1.6094379124341003,3,3,2.5,1.1580504328012466,-0.0382374022156,0.0,0.0,0.0
Hippopodius hippopus,Unknown,Animalia,0,0.0,3,1.3862943611198906,1,3,0.0,0.0,-0.077771745622158,0.0,0.0,0.0
Hirschfeldia,Unknown,Plantae,0,0.0,1,0.6931471805599453,1,1,7.0,4.756329536437988,0.1656420081853866,38.0,71.0,29.0
Hirschfeldia incana,Shortpod Mustard,Plantae,1,11.0,17,2.8903717578961645,14,17,8.588235294117647,7.236976567436667,0.16090550492791567,47.64705882352941,69.11764705882354,23.470588235294116
Hirundinidae,Swallows and Martins,Aves,0,0.0,2,1.0986122886681098,2,2,14.0,21.00598955154419,0.060560744255781146,25.5,37.0,12.5
Hololena,Unknown,Arachnida,0,0.0,3,1.3862943611198906,3,3,69.33333333333333,10.728709856669107,0.1589416513840357,48.333333333333336,69.33333333333333,24.0
Hololepta,Unknown,Insecta,0,0.0,1,0.6931471805599453,1,1,23.0,9.497842788696287,0.1327499747276306,46.0,72.0,24.0
Hololepta vernicis,Unknown,Insecta,0,0.0,1,0.6931471805599453,1,1,60.0,6.663686275482178,0.168618693947792,44.0,71.0,27.0
Holorusia hespera,Giant Western Crane Fly,Insecta,0,0.0,1,0.6931471805599453,1,1,68.0,9.754060745239258,0.1929493248462677,49.0,72.0,24.0
Holoverticata,Woodlice and Pillbugs,Animalia,0,0.0,1,0.6931471805599453,1,1,5.0,6.450099468231201,0.2305957078933715,42.0,69.0,28.0
Homalodisca liturata,Smoketree Sharpshooter,Insecta,0,0.0,1,0.6931471805599453,1,1,11.0,7.250560760498047,0.1906518042087555,49.0,67.0,23.0
Homoeosoma electella,American Sunflower Moth,Insecta,0,0.0,4,1.6094379124341003,4,4,54.25,13.775912523269653,0.1623639035969972,48.0,70.25,23.0
Hooveria,Unknown,Plantae,0,0.0,4,1.6094379124341003,4,4,85.25,8.119762420654297,0.13827320933341977,50.25,68.5,23.25
Hooveria parviflora,small-flowered soaproot,Plantae,0,0.0,178,5.187385805840755,113,146,73.69662921348315,7.8424269801445226,0.14847208902742082,47.47191011235955,70.3932584269663,24.10112359550562
Hoplia,Unknown,Insecta,0,0.0,1,0.6931471805599453,1,1,21.0,25.834325790405277,0.2034425288438797,51.0,74.0,25.0
Hoplomachidea consors,Unknown,Insecta,0,0.0,1,0.6931471805599453,1,1,60.0,34.08702087402344,0.1368109583854675,0.0,0.0,0.0
Hoplosphyrum boreale,Western Brush Cricket,Insecta,0,0.0,9,2.302585092994046,4,7,62.666666666666664,14.487135019567278,0.15515836990541879,39.333333333333336,61.666666666666664,23.11111111111111
Hordeum,Barleys,Plantae,1,1.0,10,2.3978952727983707,9,9,8.6,8.861839610338212,0.12026735171675676,21.9,36.1,13.4
Hordeum depressum,dwarf barley,Plantae,0,0.0,2,1.0986122886681098,2,2,5.5,1.7744032144546509,0.17301926761865616,38.0,71.0,29.0
Hordeum marinum,salt barley,Plantae,0,0.0,1,0.6931471805599453,1,1,23.0,13.059515953063965,0.092056892812252,46.0,72.0,24.0
Hordeum murinum,wall barley,Plantae,1,2.0,8,2.1972245773362196,8,8,35.375,13.850245594978333,0.11651811376214022,27.875,44.75,16.25
Hordeum murinum glaucum,smooth barley,Plantae,0,0.0,1,0.6931471805599453,1,1,6.0,5.507913589477539,0.0856704115867614,0.0,0.0,0.0
Hordeum murinum leporinum,hare barley,Plantae,0,0.0,1,0.6931471805599453,1,1,10.0,13.775577545166016,0.0677589550614357,0.0,0.0,0.0
Hordeum vulgare,Common Barley,Plantae,0,0.0,1,0.6931471805599453,1,1,15.0,19.68366432189941,0.1038974896073341,0.0,0.0,0.0
Hospesneotomae protracta,Western Bloodsucking Conenose,Insecta,0,0.0,1,0.6931471805599453,1,1,57.0,5.585297584533691,0.1464918106794357,50.0,73.0,22.0
Hydrocoloeus minutus,Little Gull,Aves,0,0.0,1,0.6931471805599453,1,1,6.0,2.99116587638855,-0.0307146813720464,45.0,69.0,26.0
Hydrocotyle,water pennyworts,Plantae,0,0.0,1,0.6931471805599453,1,1,1.0,2.8829073905944824,0.2184469252824783,46.0,66.0,25.0
Hydrophorini,Unknown,Insecta,0,0.0,1,0.6931471805599453,1,1,0.0,4.627367496490479,0.1861250400543213,44.0,68.0,24.0
Hydrophorus,Unknown,Insecta,0,0.0,1,0.6931471805599453,1,1,10.0,4.319406032562256,0.1623100340366363,50.0,68.0,20.0
Hydrophylloideae,"baby blue eyes, Phacelias, and waterleaves",Plantae,0,0.0,6,1.9459101490553132,6,6,58.333333333333336,16.39705220858256,0.1496110657850901,37.333333333333336,57.5,21.333333333333332
Hydroprogne caspia,Caspian Tern,Aves,1,7.0,18,2.9444389791664403,14,17,3.4444444444444446,3.7853462828530207,0.026164738642465726,25.555555555555557,38.388888888888886,14.0
Hylaeus,Masked Bees,Insecta,0,0.0,84,4.442651256490317,16,57,73.76190476190476,7.5992485511870616,0.1670056396119651,49.523809523809526,70.28571428571429,22.75
Hylephila phyleus,Fiery Skipper,Insecta,1,1.0,20,3.044522437723423,13,18,67.1,8.366257786750793,0.15301470868289468,50.3,70.75,22.3
Hyles lineata,White-lined Sphinx,Insecta,1,5.0,69,4.248495242049359,55,50,57.08695652173913,22.69529879697855,0.13874870969279518,24.028985507246375,38.88405797101449,14.695652173913043
Hymenochaetaceae,Unknown,Fungi,0,0.0,1,0.6931471805599453,1,1,108.0,6.464860916137695,0.1327279210090637,49.0,72.0,22.0
Hymenogastraceae,Unknown,Fungi,0,0.0,1,0.6931471805599453,1,1,69.0,5.50870418548584,0.170331135392189,50.0,73.0,22.0
Hymenoptera,"Ants, Bees, Wasps, and Sawflies",Insecta,0,0.0,3,1.3862943611198906,3,3,61.333333333333336,3.3389848868052163,0.17063389718532562,48.0,65.0,23.666666666666668
Hyperaspis trifurcata,Trident Lady Beetle,Insecta,0,0.0,1,0.6931471805599453,1,1,89.0,12.79188346862793,0.1290338039398193,50.0,67.0,25.0
Hyperprosopon argenteum,Walleye Surfperch,Actinopterygii,0,0.0,3,1.3862943611198906,3,3,10.0,12.793630282084147,-0.026669357360030167,15.333333333333334,24.333333333333332,8.666666666666666
Hypherpes,Unknown,Insecta,0,0.0,6,1.9459101490553132,3,5,45.833333333333336,13.817952553431192,0.1811730513970057,34.333333333333336,57.5,23.0
Hyphodermella rosae,Rose Webcrust,Fungi,0,0.0,1,0.6931471805599453,1,1,4.0,0.9274099469184875,0.1479264050722122,49.0,70.0,23.0
Hypnales,Feather Mosses,Plantae,0,0.0,9,2.302585092994046,5,7,61.666666666666664,12.689914094077217,0.1696013526784049,49.55555555555556,65.88888888888889,21.333333333333332
Hypochaeridinae,"Oxtongues, Hawkbits and Allies",Plantae,0,0.0,2,1.0986122886681098,2,2,61.0,21.434375286102295,0.16245841234922404,24.0,35.5,12.5
Hypochaeris,Cat's-Ears,Plantae,0,0.0,9,2.302585092994046,7,8,64.55555555555556,9.381118641959297,0.16675630046261677,40.55555555555556,61.888888888888886,22.333333333333332
Hypochaeris glabra,Smooth Cat's Ear,Plantae,0,0.0,53,3.9889840465642745,36,40,67.45283018867924,8.278244754053512,0.1559130839019451,45.39622641509434,67.20754716981132,23.735849056603772
Hypogymnia,Tube Lichens,Fungi,0,0.0,1,0.6931471805599453,1,1,106.0,5.506745338439941,0.2022271752357483,44.0,62.0,22.0
Hypogymnia imshaugii,Imshaug's Tube Lichen,Fungi,0,0.0,2,1.0986122886681098,2,2,83.5,8.976386070251465,0.21414021402597425,47.0,65.0,22.5
Hypogymnia mollis,Grainy Tube Lichen,Fungi,0,0.0,2,1.0986122886681098,1,2,62.0,5.565814971923828,0.18436543643474573,50.0,68.0,23.0
Hypotrichia,Hypotrichs,Chromista,0,0.0,2,1.0986122886681098,1,1,0.0,0.0,0.21139910072088236,44.0,66.5,24.0
Hypsiglena ochrorhynchus,Coast Night Snake,Reptilia,0,0.0,1,0.6931471805599453,1,1,104.0,8.462756156921387,0.1552087217569351,51.0,68.0,23.0
Hysteriaceae,Unknown,Fungi,0,0.0,2,1.0986122886681098,2,2,55.0,11.399540185928345,0.19278253614902496,49.5,66.5,21.5
Hysteriales,Unknown,Fungi,0,0.0,4,1.6094379124341003,1,3,74.0,13.163206219673157,0.16859584674239156,50.0,66.5,23.75
Hysterium,Unknown,Fungi,0,0.0,5,1.791759469228055,3,4,59.2,11.868546772003173,0.19360838234424588,50.6,69.0,20.8
Hysterium angustatum,Unknown,Fungi,0,0.0,8,2.1972245773362196,3,7,84.0,8.359395027160645,0.16678886022418735,47.375,71.125,23.625
Icaricia acmon,Acmon Blue,Insecta,0,0.0,2,1.0986122886681098,2,2,58.0,9.891616344451904,0.15298552438616744,46.5,70.5,23.5
Icaricia icarioides,Boisduval's Blue,Insecta,0,0.0,1,0.6931471805599453,1,1,64.0,6.161853313446045,0.2103205621242523,40.0,71.0,29.0
Ichneumonidae,Ichneumonid Wasps,Insecta,0,0.0,12,2.5649493574615367,10,12,65.16666666666667,13.006409108638763,0.14034831865380204,37.25,52.75,17.083333333333332
Ichneumonoidea,Ichneumonid and Braconid Wasps,Insecta,0,0.0,3,1.3862943611198906,3,3,64.66666666666667,5.831202387809753,0.17107321818669632,43.333333333333336,71.66666666666667,26.666666666666668
Icteria virens,Yellow-breasted Chat,Aves,0,0.0,11,2.4849066497880004,10,10,12.818181818181818,15.315808469598943,0.18520692261782556,51.36363636363637,68.27272727272727,21.545454545454547
Icteridae,New World Blackbirds and Orioles,Aves,0,0.0,1,0.6931471805599453,1,1,103.0,2.1580910682678223,0.1145467311143875,53.0,71.0,23.0
Icterus cucullatus,Hooded Oriole,Aves,1,1.0,6,1.9459101490553132,5,6,38.833333333333336,13.492921829223633,0.15474163740873334,47.833333333333336,69.5,23.166666666666668
Idiostatus aequalis,Uniform shieldback,Insecta,0,0.0,2,1.0986122886681098,2,2,28.5,20.5089693069458,0.10052344948053354,0.0,0.0,0.0
Iliotona cacti,Unknown,Insecta,0,0.0,2,1.0986122886681098,1,1,23.0,10.32567310333252,0.2069030702114105,50.0,64.0,22.0
Ilypnus gilberti,Cheekspot Goby,Actinopterygii,0,0.0,1,0.6931471805599453,1,1,0.0,7.793581485748291,0.175965666770935,51.0,69.0,20.0
Imbribryum subapiculatum,Unknown,Plantae,0,0.0,1,0.6931471805599453,1,1,111.0,11.81475067138672,0.0972487702965736,53.0,72.0,21.0
Imbribryum tenuisetum,Yellow-tuber Thread-moss,Plantae,0,0.0,1,0.6931471805599453,1,1,69.0,17.150941848754883,0.1440999656915664,54.0,72.0,20.0
Imparidentia,Unknown,Mollusca,0,0.0,1,0.6931471805599453,1,1,0.0,14.074271202087402,-0.0154938669875264,0.0,0.0,0.0
Inocybe,Fiber Caps,Fungi,0,0.0,1,0.6931471805599453,1,1,64.0,6.161853313446045,0.2103205621242523,40.0,71.0,29.0
Insecta,Insects,Insecta,1,2.0,35,3.58351893845611,30,31,63.857142857142854,9.859277718407768,0.15901413730212619,44.31428571428572,64.08571428571429,21.34285714285714
Ipochus fasciatus,Hairy Borer,Insecta,0,0.0,5,1.791759469228055,4,4,67.4,6.527264976501465,0.17020774781703946,48.0,69.4,24.0
Ipomoea,morning-glories,Plantae,0,0.0,1,0.6931471805599453,1,1,96.0,10.33365535736084,0.1373305767774582,50.0,73.0,22.0
Ips,Engraver Beetles,Insecta,0,0.0,2,1.0986122886681098,2,2,86.5,13.558578968048096,0.14226716011762613,45.5,68.5,25.5
Ips paraconfusus,California Fivespined Ip,Insecta,0,0.0,12,2.5649493574615367,11,11,81.33333333333333,14.388205409049988,0.14099487413962677,42.0,62.5,23.166666666666668
Ips typographus,European spruce bark beetle,Insecta,0,0.0,1,0.6931471805599453,1,1,57.0,5.12356424331665,0.1749230772256851,50.0,73.0,22.0
Irbisia,Unknown,Insecta,0,0.0,5,1.791759469228055,4,4,51.6,19.108905029296874,0.16137987971305842,26.6,41.4,15.0
Iridopsis fragilaria,Unknown,Insecta,0,0.0,1,0.6931471805599453,1,1,30.0,22.06628799438477,0.1138356551527977,38.0,71.0,29.0
Iris orientalis,Turkish Iris,Plantae,0,0.0,1,0.6931471805599453,1,1,17.0,20.565364837646484,0.1811254620552063,53.0,69.0,21.0
Iris pseudacorus,Yellow Iris,Plantae,0,0.0,17,2.8903717578961645,16,15,10.941176470588236,8.285287348663106,0.18567023297552673,48.529411764705884,70.05882352941177,22.88235294117647
Irpicaceae,Unknown,Fungi,0,0.0,1,0.6931471805599453,1,1,61.0,2.3951964378356934,0.1957109421491623,50.0,68.0,23.0
Isocoma,Jimmyweeds and Goldenbushes,Plantae,1,1.0,22,3.1354942159291497,19,21,50.22727272727273,8.198318541049957,0.12331462600691748,38.40909090909091,58.40909090909091,20.727272727272727
Isocoma acradenia,alkali goldenbush,Plantae,0,0.0,2,1.0986122886681098,2,2,27.0,7.2209629118442535,0.15178249031305308,49.5,71.5,22.5
Isocoma menziesii,Coastal Goldenbush,Plantae,1,23.0,566,6.340359303727752,257,425,50.226148409893995,11.442051973654609,0.13970603473799614,35.22968197879859,53.88339222614841,19.270318021201412
Isocoma menziesii menziesii,Menzies' Goldenbush,Plantae,0,0.0,3,1.3862943611198906,3,3,63.666666666666664,6.937049547831218,0.1342210918664932,47.666666666666664,71.66666666666667,24.333333333333332
Isocoma menziesii sedoides,Unknown,Plantae,1,1.0,2,1.0986122886681098,2,2,16.0,15.133502960205078,0.09199765697121615,46.0,72.0,24.0
Isocoma menziesii vernonioides,Green-leaved Dune Goldenbush,Plantae,0,0.0,1,0.6931471805599453,1,1,104.0,5.58385705947876,0.1157835721969604,49.0,71.0,22.0
Isoetes,quillworts,Plantae,0,0.0,1,0.6931471805599453,1,1,106.0,6.825685024261475,0.1394179165363311,49.0,65.0,21.0
Isotomidae,Smooth Springtails,Animalia,0,0.0,1,0.6931471805599453,1,1,34.0,8.36037540435791,0.131125122308731,44.0,72.0,26.0
Iteomyia,Unknown,Insecta,0,0.0,1,0.6931471805599453,1,1,14.0,22.805395126342773,0.2168007642030716,53.0,69.0,21.0
Iva hayesiana,San Diego marsh-elder,Plantae,0,0.0,9,2.302585092994046,9,9,24.555555555555557,13.470268699857924,0.17152279863754905,48.22222222222222,70.33333333333333,23.444444444444443
Ixodes pacificus,Western Black-legged Tick,Arachnida,0,0.0,1,0.6931471805599453,1,1,12.0,6.599734306335449,0.1429046541452407,50.0,68.0,20.0
Jadera haematoloma,Red-shouldered Bug,Insecta,1,1.0,1,0.6931471805599453,1,1,106.0,2.1580610275268555,0.1453997492790222,51.0,71.0,24.0
Jania,Red Coralline Algae,Plantae,1,8.0,1,0.6931471805599453,1,1,6.0,1.4424117803573608,-0.0481966808438301,0.0,0.0,0.0
Janthina umbilicata,Elongated Violet Snail,Mollusca,1,1.0,2,1.0986122886681098,2,2,0.0,7.037135601043701,-0.052059058099985095,0.0,0.0,0.0
Jaumea carnosa,Marsh Jaumea,Plantae,1,2.0,53,3.9889840465642745,27,51,6.0754716981132075,7.0831707828449755,0.16884113865781503,42.660377358490564,65.47169811320755,23.77358490566038
Jellyella tuberculata,Sargassum Sea Mat,Animalia,1,15.0,2,1.0986122886681098,2,2,7.0,7.159720182418823,0.05080116167664525,24.0,36.5,12.5
Jepsonia parryi,Parry's Jepsonia,Plantae,0,0.0,13,2.6390573296152584,12,11,77.38461538461539,10.552508409206684,0.16902622236655304,49.76923076923077,70.53846153846153,23.692307692307693
Johnstonella,Unknown,Plantae,0,0.0,1,0.6931471805599453,1,1,61.0,8.514792442321777,0.1443676352500915,44.0,71.0,27.0
Johnstonella angustifolia,narrow-leaved cryptantha,Plantae,0,0.0,14,2.70805020110221,11,12,64.07142857142857,17.712517261505127,0.14429983390229087,35.714285714285715,54.57142857142857,20.357142857142858
Juglans californica,Southern California Walnut,Plantae,0,0.0,1,0.6931471805599453,1,1,105.0,8.038884162902832,0.1499127596616745,50.0,69.0,23.0
Juncaceae,Rushes and Allies,Plantae,0,0.0,1,0.6931471805599453,1,1,4.0,1.104726791381836,0.2304559201002121,47.0,70.0,21.0
Junco hyemalis,Dark-eyed Junco,Aves,0,0.0,6,1.9459101490553132,6,6,80.5,10.611027717590332,0.15234531958897904,51.666666666666664,69.66666666666667,22.0
Juncus,Rushes,Plantae,0,0.0,7,2.0794415416798357,6,7,34.285714285714285,9.72890899011067,0.16814570980412613,46.714285714285715,68.85714285714286,23.714285714285715
Juncus acutus,spiny rush,Plantae,0,0.0,21,3.091042453358316,18,19,5.095238095238095,6.246862417175656,0.16797763215644018,44.714285714285715,66.71428571428571,23.38095238095238
Juncus acutus leopoldii,Southwestern Spiny Rush,Plantae,0,0.0,41,3.7376696182833684,32,39,6.878048780487805,6.288082368490173,0.17436146445390652,46.707317073170735,68.70731707317073,23.78048780487805
Juncus balticus,Baltic Rush,Plantae,0,0.0,4,1.6094379124341003,4,4,3.0,2.768448382616043,0.14641408994793886,49.0,69.0,21.75
Juncus balticus ater,Unknown,Plantae,0,0.0,1,0.6931471805599453,1,1,0.0,5.584229946136475,0.2433437407016754,48.0,68.0,24.0
Juncus balticus mexicanus,Mexican Rush,Plantae,0,0.0,1,0.6931471805599453,1,1,11.0,10.325753211975098,0.2020876407623291,42.0,69.0,28.0
Juncus bufonius,Toad rush,Plantae,1,1.0,9,2.302585092994046,8,8,70.55555555555556,6.689419004652235,0.14717361744907162,47.44444444444444,70.44444444444444,24.333333333333332
Juncus dubius,mariposa rush,Plantae,0,0.0,1,0.6931471805599453,1,1,80.0,13.774725914001465,0.1897714436054229,51.0,67.0,22.0
Juncus phaeocephalus,Brown-headed Rush,Plantae,0,0.0,1,0.6931471805599453,1,1,5.0,2.208522081375122,0.2376433312892913,50.0,71.0,20.0
Juncus phaeocephalus paniculatus,panicled rush,Plantae,0,0.0,2,1.0986122886681098,2,2,6.0,7.242115616798401,0.21937995404005045,50.5,70.0,21.0
Juncus ranarius,clustered toad rush,Plantae,0,0.0,2,1.0986122886681098,1,2,54.5,2.1835047006607056,0.1219899989664554,48.0,71.0,23.5
Juncus textilis,Basket Rush,Plantae,0,0.0,1,0.6931471805599453,1,1,4.0,0.9274099469184875,0.2297463864088058,51.0,69.0,22.0
Juncus xiphioides,irisleaf rush,Plantae,0,0.0,3,1.3862943611198906,3,3,28.0,8.914940436681112,0.2020154645045598,50.0,70.66666666666667,21.333333333333332
Jungermanniidae,leafy liverworts,Plantae,0,0.0,1,0.6931471805599453,1,1,39.0,22.905406951904297,0.2230610698461532,50.0,69.0,24.0
Junonia grisea,Gray Buckeye,Insecta,0,0.0,18,2.9444389791664403,14,16,39.55555555555556,9.615646931860182,0.15427094118462667,43.55555555555556,62.55555555555556,20.0
Kalanchoe marmorata,Penwiper,Plantae,0,0.0,1,0.6931471805599453,1,1,15.0,15.739676475524902,0.1555290669202804,46.0,72.0,24.0
Kalotermitidae,Drywood Termites,Insecta,0,0.0,2,1.0986122886681098,2,2,82.0,5.739353656768799,0.1714958250522613,44.5,71.5,25.5
Keckiella antirrhinoides,chaparral beardtongue,Plantae,0,0.0,3,1.3862943611198906,3,3,104.0,8.462756156921387,0.1552087217569351,51.0,68.0,23.0
Keckiella cordifolia,heartleaf keckiella,Plantae,0,0.0,2,1.0986122886681098,2,2,12.0,14.862312316894531,0.20264974981546402,48.0,71.0,22.0
Kellermania,Unknown,Fungi,0,0.0,3,1.3862943611198906,2,3,78.66666666666667,8.45464293162028,0.16668274005254105,49.333333333333336,70.66666666666667,22.666666666666668
Kelletia,Unknown,Mollusca,0,0.0,1,0.6931471805599453,1,1,11.0,8.957490921020508,0.0614411942660808,46.0,72.0,24.0
Kelletia kelletii,Kellet's Whelk,Mollusca,1,1.0,3,1.3862943611198906,3,3,0.0,11.093709309895834,-0.05090531334280963,0.0,0.0,0.0
Kermesidae,Gall-like Scales,Insecta,0,0.0,1,0.6931471805599453,1,1,96.0,5.208139896392822,0.1692409068346023,53.0,71.0,23.0
Kickxia elatine,Sharp-leaved Fluellen,Plantae,0,0.0,1,0.6931471805599453,1,1,60.0,34.08702087402344,0.1419512331485748,0.0,0.0,0.0
Kodiosoma fulva,Unknown,Insecta,0,0.0,1,0.6931471805599453,1,1,52.0,39.05693054199219,0.1404322385787964,0.0,0.0,0.0
Koeleria,Junegrasses,Plantae,0,0.0,1,0.6931471805599453,1,1,6.0,5.507913589477539,0.0856704115867614,0.0,0.0,0.0
Koeleria macrantha,Prairie Junegrass,Plantae,0,0.0,8,2.1972245773362196,4,8,58.25,10.296094834804535,0.16655895672738547,46.0,69.375,24.875
Koelreuteria,Unknown,Plantae,0,0.0,1,0.6931471805599453,1,1,102.0,2.1580538749694824,0.0896798521280288,51.0,71.0,24.0
Koelreuteria bipinnata,Chinese flame tree,Plantae,0,0.0,1,0.6931471805599453,1,1,8.0,3.8651123046875,0.2346269637346267,47.0,68.0,22.0
Kukulcania,Unknown,Arachnida,0,0.0,2,1.0986122886681098,2,2,48.0,23.6722674369812,0.1366300508379936,20.0,34.5,14.0
Laccaria,Deceivers,Fungi,1,1.0,1,0.6931471805599453,1,1,10.0,11.253427505493164,0.1573542803525924,48.0,71.0,22.0
Laccaria fraterna,gumtree deceiver,Fungi,1,2.0,1,0.6931471805599453,1,1,90.0,2.8827271461486816,0.1361991167068481,48.0,71.0,25.0
Lachnum virgineum,stalked hairy fairy cup,Fungi,0,0.0,3,1.3862943611198906,3,2,97.33333333333333,6.370642900466919,0.19072288274765015,51.666666666666664,70.0,20.0
Lactista gibbosus,trailside grasshopper,Insecta,0,0.0,11,2.4849066497880004,10,10,52.18181818181818,18.108817945827138,0.15707835690541697,25.636363636363637,38.36363636363637,12.727272727272727
Lactuca saligna,Willowleaf Lettuce,Plantae,0,0.0,2,1.0986122886681098,2,2,36.5,14.302798867225647,0.13134856522083277,43.5,70.0,26.5
Lactuca serriola,prickly lettuce,Plantae,0,0.0,4,1.6094379124341003,4,4,21.75,8.181012630462646,0.19812390580773348,46.5,68.75,24.0
Laennecia coulteri,Coulter's horseweed,Plantae,0,0.0,5,1.791759469228055,5,5,57.2,10.870902729034423,0.15293028056621547,50.4,71.6,22.4
Laetiporus gilbertsonii,Western Hardwood Sulphur Shelf,Fungi,0,0.0,2,1.0986122886681098,2,2,111.5,3.650709390640259,0.12483464181423184,51.0,72.0,21.0
Laevicardium substriatum,Pacific Eggcockle,Mollusca,0,0.0,2,1.0986122886681098,2,2,3.0,3.587900400161743,-0.03701841272413725,22.5,34.5,13.0
Lamarckia aurea,goldentop grass,Plantae,1,3.0,6,1.9459101490553132,6,6,59.0,11.813910325368246,0.150985578695933,46.333333333333336,68.33333333333333,25.5
Lamiaceae,Mint Family,Plantae,0,0.0,3,1.3862943611198906,3,3,71.0,8.88132874170939,0.18445339798927304,47.0,72.0,24.666666666666668
Lamiales,"Mints, Plantains, Olives, and Allies",Plantae,0,0.0,1,0.6931471805599453,1,1,63.0,4.962677001953125,0.2096807062625885,40.0,71.0,29.0
Laminaria farlowii,oar weed,Chromista,0,0.0,2,1.0986122886681098,2,2,0.0,4.385322093963623,-0.013314688578248,0.0,0.0,0.0
Laminariaceae,Unknown,Chromista,0,0.0,2,1.0986122886681098,2,2,8.0,15.19901752471924,0.0287055233493447,0.0,0.0,0.0
Laminariales,Kelps,Chromista,1,6.0,2,1.0986122886681098,2,2,0.0,3.300318956375122,0.019180003553628852,0.0,0.0,0.0
Lampropeltis californiae,California King Snake,Reptilia,1,1.0,18,2.9444389791664403,16,18,60.611111111111114,9.047438118192884,0.16034126726703507,45.5,66.38888888888889,23.0
Langermannia,Unknown,Fungi,0,0.0,1,0.6931471805599453,1,1,19.0,20.858386993408203,0.1543194502592086,51.0,69.0,22.0
Largus,Unknown,Insecta,0,0.0,11,2.4849066497880004,9,10,59.36363636363637,13.421716690063477,0.17872181128371842,36.0,57.90909090909091,21.454545454545453
Largus californicus,California Bordered Plant Bug,Insecta,0,0.0,34,3.5553480614894135,25,32,57.0,16.494143471998328,0.15060583523967686,35.1764705882353,55.76470588235294,20.58823529411765
Larinae,Gulls,Aves,1,1.0,2,1.0986122886681098,2,2,0.0,9.075427055358887,-0.007823582738637948,22.0,36.0,13.5
Larrini,Unknown,Insecta,0,0.0,2,1.0986122886681098,2,2,39.0,14.077216148376467,0.197671890258789,45.5,72.5,27.0
Larropsis,Unknown,Insecta,0,0.0,1,0.6931471805599453,1,1,50.0,11.709964752197266,0.1312963962554931,44.0,71.0,27.0
Larus,Large White-headed Gulls,Aves,1,4.0,11,2.4849066497880004,5,9,3.272727272727273,1.7544984384016558,0.010842526670206664,25.09090909090909,38.36363636363637,14.0
Larus brachyrhynchus,Short-billed Gull,Aves,1,1.0,3,1.3862943611198906,3,3,6.333333333333333,6.670171737670898,-0.014608180771271398,15.0,23.0,8.666666666666666
Larus californicus,California Gull,Aves,1,3.0,53,3.9889840465642745,34,44,4.716981132075472,5.585428517944408,0.003212635554724715,17.339622641509433,26.20754716981132,9.69811320754717
Larus delawarensis,Ring-billed Gull,Aves,1,26.0,34,3.5553480614894135,25,31,5.470588235294118,3.144785526920767,-0.005890652509954038,9.558823529411764,14.205882352941176,5.0588235294117645
Larus glaucescens,Glaucous-winged Gull,Aves,0,0.0,1,0.6931471805599453,1,1,0.0,0.0,-0.0321579650044441,0.0,0.0,0.0
Larus glaucoides,Iceland Gull,Aves,0,0.0,2,1.0986122886681098,1,1,5.5,1.2736842036247253,0.049910575151443454,45.0,69.0,26.0
Larus heermanni,Heermann's Gull,Aves,1,43.0,97,4.584967478670572,59,86,6.938144329896907,3.618169536295625,0.003686142797322609,11.051546391752577,16.721649484536083,5.989690721649485
Larus occidentalis,Western Gull,Aves,1,103.0,219,5.393627546352362,137,180,8.095890410958905,6.45416060648008,0.008394592186993144,10.292237442922374,15.639269406392694,5.680365296803653
Larus smithsonianus,American Herring Gull,Aves,0,0.0,3,1.3862943611198906,3,3,37.0,4.006592472394307,0.05311801284551623,32.0,46.666666666666664,16.666666666666668
Lasioglossum,Unknown,Insecta,1,1.0,103,4.6443908991413725,18,49,32.8252427184466,9.20826657593829,0.16981156264404645,40.74757281553398,66.45631067961165,25.29126213592233
Lasioglossum actinosum,Unknown,Insecta,0,0.0,1,0.6931471805599453,1,1,108.0,2.158064603805542,0.1522860080003738,49.0,65.0,21.0
Lasioglossum brunneiventre,Brown-bellied Sweat Bee,Insecta,0,0.0,3,1.3862943611198906,1,3,66.33333333333333,8.740230878194174,0.17056665321191153,40.0,71.0,29.0
Lasioglossum gemmatum,Unknown,Insecta,0,0.0,10,2.3978952727983707,6,8,34.3,9.126133704185486,0.15911203324794765,41.4,63.2,22.1
Lasioglossum ovaliceps,Oval-headed Sweat Bee,Insecta,0,0.0,3,1.3862943611198906,2,3,12.0,10.4240083694458,0.19485078255335486,49.333333333333336,66.33333333333333,21.666666666666668
Lasioglossum petrellum,Unknown,Insecta,0,0.0,1,0.6931471805599453,1,1,66.0,14.431597709655762,0.1552111059427261,40.0,71.0,29.0
Lasioglossum sisymbrii,Tansy Mustard Sweat Bee,Insecta,0,0.0,46,3.8501476017100584,20,35,56.82608695652174,9.603535253068674,0.1590217113818811,43.26086956521739,65.84782608695652,23.17391304347826
Lasioglossum titusi,Titus's Sweat Bee,Insecta,0,0.0,23,3.1780538303479458,5,12,8.130434782608695,6.585158120030942,0.17899501064549317,37.608695652173914,67.04347826086956,26.956521739130434
Lasiurus cinereus,Northern Hoary Bat,Mammalia,0,0.0,1,0.6931471805599453,1,1,25.0,38.64541244506836,0.0317142978310585,0.0,0.0,0.0
Lastarriaea coriacea,leather spineflower,Plantae,0,0.0,5,1.791759469228055,4,5,7.6,5.648971796035767,0.17549811899662013,48.4,68.2,22.2
Lasthenia,goldfields,Plantae,1,7.0,26,3.295836866004329,22,22,39.46153846153846,21.821199187865624,0.12631728367593423,31.692307692307693,51.84615384615385,18.846153846153847
Lasthenia californica,California goldfields,Plantae,1,2.0,5,1.791759469228055,4,5,57.4,31.342835712432862,0.1400737956166267,9.6,14.2,5.0
Lasthenia coronaria,Royal Goldfields,Plantae,1,8.0,13,2.6390573296152584,8,12,18.76923076923077,9.855632121746357,0.19328253773542547,44.69230769230769,68.92307692307692,24.46153846153846
Lasthenia glabrata,Yellowray Goldfields,Plantae,0,0.0,1,0.6931471805599453,1,1,2.0,2.2087714672088623,0.1422267854213714,48.0,72.0,24.0
Lasthenia gracilis,common goldfields,Plantae,1,1.0,46,3.8501476017100584,32,37,41.91304347826087,22.222687353258546,0.1327522615699664,31.67391304347826,50.80434782608695,18.23913043478261
Latrodectus,Widow Spiders,Arachnida,0,0.0,1,0.6931471805599453,1,1,5.0,1.1049591302871704,0.0640189349651336,48.0,73.0,25.0
Latrodectus geometricus,Brown Widow,Arachnida,1,1.0,5,1.791759469228055,5,5,76.8,12.220527458190919,0.15454556345939635,47.0,69.6,24.2
Latrodectus hesperus,Western Black Widow,Arachnida,0,0.0,11,2.4849066497880004,9,9,32.81818181818182,16.014428973197937,0.13330452550541264,35.63636363636363,57.36363636363637,21.181818181818183
Latulambrus occidentalis,sandflat elbow crab,Animalia,0,0.0,1,0.6931471805599453,1,1,0.0,8.768341064453125,0.0461830534040927,50.0,74.0,25.0
Laurasiatheria,"Ungulates, Carnivorans, and Allies",Mammalia,0,0.0,1,0.6931471805599453,1,1,77.0,11.064538955688477,0.1741462051868438,40.0,71.0,29.0
Laurencia,Unknown,Plantae,1,14.0,1,0.6931471805599453,1,1,0.0,17.147899627685547,-0.0451257303357124,0.0,0.0,0.0
Laurencia subopposita,Unknown,Plantae,1,1.0,1,0.6931471805599453,1,1,0.0,22.047420501708984,-0.0058469013310968,0.0,0.0,0.0
Lauxaniidae,Lauxaniid Flies,Insecta,0,0.0,1,0.6931471805599453,1,1,70.0,8.57059383392334,0.1594310104846954,54.0,72.0,20.0
Layia platyglossa,tidy tips,Plantae,0,0.0,32,3.4965075614664802,28,29,64.0625,22.783587098121643,0.1347924268338829,36.0625,60.625,24.03125
Leathesia marina,Sea Cauliflower,Chromista,1,5.0,2,1.0986122886681098,2,2,0.0,11.031137466430664,-0.02466983254998925,0.0,0.0,0.0
Lecanactis californica,Unknown,Fungi,0,0.0,14,2.70805020110221,3,11,40.714285714285715,9.903006519590106,0.15594404669744624,39.07142857142857,65.35714285714286,24.857142857142858
Lecania pacifica,Unknown,Fungi,0,0.0,1,0.6931471805599453,1,1,76.0,6.557013988494873,0.172823965549469,50.0,66.0,24.0
Lecanographa lyncea,Unknown,Fungi,0,0.0,13,2.6390573296152584,4,9,72.0,13.054876437553993,0.18348243030217976,48.61538461538461,66.46153846153847,23.076923076923077
Lecanora,Rim Lichens,Fungi,0,0.0,8,2.1972245773362196,6,7,61.0,10.75504595041275,0.17923717759549615,47.75,68.625,23.75
Lecanora caesiorubella,Frosted Rim-lichen,Fungi,0,0.0,10,2.3978952727983707,7,9,55.9,10.461081075668336,0.19145386964082717,47.0,68.7,24.0
Lecanora confusa,Unknown,Fungi,0,0.0,2,1.0986122886681098,1,2,70.5,14.027522563934326,0.1917517781257629,48.0,64.5,20.5
Lecanora expallens,Unknown,Fungi,0,0.0,3,1.3862943611198906,2,2,79.0,7.953881581624349,0.16518418987592057,50.333333333333336,67.66666666666667,23.333333333333332
Lecanora horiza,Unknown,Fungi,0,0.0,5,1.791759469228055,1,5,46.4,6.96424126625061,0.16568880677223202,39.6,70.6,28.8
Lecanora impudens,Unknown,Fungi,0,0.0,1,0.6931471805599453,1,1,0.0,0.0,0.1750054955482483,46.0,69.0,24.0
Lecanora orosthea,Unknown,Fungi,0,0.0,1,0.6931471805599453,1,1,33.0,30.82039833068848,0.1903782337903976,51.0,74.0,25.0
Lecanora perconfusa,Unknown,Fungi,0,0.0,1,0.6931471805599453,1,1,120.0,6.850569725036621,0.1555507183074951,51.0,64.0,17.0
Lecanora strobilina,Mealy Rim-lichen,Fungi,0,0.0,9,2.302585092994046,4,9,88.55555555555556,9.266043980916342,0.1703740913006994,47.44444444444444,68.88888888888889,23.333333333333332
Lecanoraceae,"rim lichens, disc lichens, and allies",Fungi,0,0.0,4,1.6094379124341003,1,1,72.0,13.776622056961058,0.158021405339241,51.0,65.0,21.0
Lecanorales,"shield lichens, rim lichens, and allies",Fungi,1,1.0,8,2.1972245773362196,8,8,77.75,7.03220147639513,0.16291032824665302,50.875,70.875,21.875
Lecanoromycetes,Common Lichens,Fungi,1,4.0,130,4.875197323201151,45,66,77.73076923076923,8.925466416432307,0.15480508506298063,48.53076923076923,68.8076923076923,22.56153846153846
Lecanoromycetidae,"Shield Lichens, Sunburst Lichens, Rosette Lichens, and Allies",Fungi,0,0.0,7,2.0794415416798357,7,7,92.42857142857143,7.026884726115635,0.1524707579186984,48.57142857142857,71.14285714285714,24.0
Lecidea,Tile Lichens,Fungi,0,0.0,7,2.0794415416798357,3,6,79.42857142857143,9.438528401511055,0.14054698497056958,47.714285714285715,69.0,23.571428571428573
Lecidea cinerata,Unknown,Fungi,0,0.0,1,0.6931471805599453,1,1,125.0,6.663116931915283,0.1718166470527649,51.0,64.0,17.0
Lecidea laboriosa,Working Tile Lichen,Fungi,0,0.0,1,0.6931471805599453,1,1,92.0,10.915233612060549,0.1489932984113693,50.0,67.0,25.0
Lecideaceae,Unknown,Fungi,1,1.0,3,1.3862943611198906,2,3,84.33333333333333,8.973267078399658,0.16794039805730185,51.0,68.0,19.333333333333332
Lecidella,Disc Lichens,Fungi,0,0.0,2,1.0986122886681098,2,2,59.5,10.226232528686523,0.17189904302358622,51.5,69.0,19.5
Lecidella asema,Unknown,Fungi,0,0.0,4,1.6094379124341003,2,3,36.0,10.833610534667969,0.19244554638862604,47.5,67.25,22.25
Lecidella carpathica,Unknown,Fungi,0,0.0,1,0.6931471805599453,1,1,106.0,4.32031774520874,0.1894042938947677,49.0,72.0,22.0
Lecidella meiococca,Unknown,Fungi,0,0.0,5,1.791759469228055,2,4,46.8,21.05242919921875,0.12482804059982297,24.8,42.8,16.8
Lecidella stigmatea,Rock Disk Lichen,Fungi,0,0.0,3,1.3862943611198906,2,2,81.33333333333333,9.873488267262777,0.14834870398044583,51.666666666666664,70.33333333333333,20.666666666666668
Lectoplectron,Toadflax,Plantae,0,0.0,1,0.6931471805599453,1,1,67.0,8.16402816772461,0.1842979043722152,40.0,71.0,29.0
Leiothlypis celata,Orange-crowned Warbler,Aves,1,1.0,38,3.6635616461296463,32,33,61.68421052631579,9.49499314396005,0.16098913864085546,47.5,67.86842105263158,23.55263157894737
Lema,Unknown,Insecta,0,0.0,1,0.6931471805599453,1,1,44.0,5.20895528793335,0.1513578742742538,50.0,72.0,22.0
Lema daturaphila,Three-lined Potato Beetle,Insecta,1,1.0,4,1.6094379124341003,4,4,7.5,11.125070095062256,0.12285890057682987,23.75,34.75,12.0
Lentariaceae,Unknown,Fungi,0,0.0,1,0.6931471805599453,1,1,103.0,3.865122079849243,0.148392766714096,51.0,69.0,22.0
Leonotis nepetifolia,lion's ear,Plantae,0,0.0,1,0.6931471805599453,1,1,48.0,12.507487297058104,0.1427745670080185,50.0,72.0,22.0
Leotiomycetes,Unknown,Fungi,0,0.0,1,0.6931471805599453,1,1,46.0,10.331927299499512,0.1931426376104354,51.0,69.0,20.0
Lepadidae,Goose Barnacles,Animalia,1,1.0,1,0.6931471805599453,1,1,14.0,25.275775909423828,0.0001602806878509,0.0,0.0,0.0
Lepas,Goose Barnacles,Animalia,0,0.0,2,1.0986122886681098,2,2,0.0,0.0,-0.009980452246964,0.0,0.0,0.0
Lepas anatifera,Pelagic Gooseneck Barnacle,Animalia,1,1.0,6,1.9459101490553132,6,5,1.8333333333333333,8.399265368779501,-0.000736030905197067,7.833333333333333,12.333333333333334,4.166666666666667
Lepas pacifica,Pacific Gooseneck Barnacle,Animalia,1,10.0,7,2.0794415416798357,7,7,4.142857142857143,9.224016462053571,0.005496459314599615,0.0,0.0,0.0
Lepidanthrax,Unknown,Insecta,0,0.0,1,0.6931471805599453,1,1,56.0,1.105018138885498,0.1788056641817093,50.0,73.0,22.0
Lepidium,Pepperweeds,Plantae,1,2.0,31,3.4657359027997265,24,30,41.96774193548387,10.336327937341505,0.13333277620615494,33.03225806451613,54.903225806451616,21.161290322580644
Lepidium densiflorum,Common Peppergrass,Plantae,0,0.0,2,1.0986122886681098,2,2,68.5,16.72822904586792,0.1488316878676414,40.0,70.0,28.5
Lepidium didymum,Lesser swine-cress,Plantae,1,4.0,6,1.9459101490553132,5,6,68.83333333333333,3.760276138782501,0.10645918361842628,48.0,70.5,24.0
Lepidium draba,Heart-podded Hoary Cress,Plantae,0,0.0,4,1.6094379124341003,4,4,8.0,10.853490173816681,0.22155997157096857,49.25,70.25,22.5
Lepidium lasiocarpum,Hairypod Pepperweed,Plantae,1,2.0,16,2.833213344056216,11,14,35.0625,10.099157027900219,0.12809109129011625,35.8125,57.6875,21.625
Lepidium lasiocarpum lasiocarpum,Hairypod Pepperweed,Plantae,0,0.0,1,0.6931471805599453,1,1,58.0,20.418607711791992,0.1492314934730529,40.0,71.0,29.0
Lepidium latifolium,broadleaved pepperweed,Plantae,0,0.0,1,0.6931471805599453,1,1,7.0,11.44722843170166,0.1939985752105713,48.0,71.0,22.0
Lepidium nitidum,Shining Pepperweed,Plantae,1,1.0,47,3.871201010907891,30,37,43.5531914893617,13.475713887113207,0.1517822463461693,30.127659574468087,51.276595744680854,20.0
Lepidium strictum,Upright Pepperweed,Plantae,0,0.0,2,1.0986122886681098,2,2,62.5,6.991349935531616,0.1526805013418197,45.0,72.0,25.0
Lepidium virginicum,Virginia pepperweed,Plantae,0,0.0,3,1.3862943611198906,3,3,59.333333333333336,10.726725260416666,0.15684315065542853,42.666666666666664,71.66666666666667,27.0
Lepidoptera,Butterflies and Moths,Insecta,1,7.0,58,4.07753744390572,43,48,59.55172413793103,10.684503582017175,0.1541013094628679,43.1551724137931,66.56896551724138,24.17241379310345
Lepidospartum squamatum,California Broomsage,Plantae,0,0.0,2,1.0986122886681098,2,2,77.5,6.706332206726074,0.17542733252048492,46.0,72.0,25.0
Lepismatidae,Typical Silverfishes,Insecta,0,0.0,3,1.3862943611198906,3,3,41.0,6.083547989527385,0.1647811084985733,48.0,71.33333333333333,22.666666666666668
Lepomis macrochirus,Bluegill,Actinopterygii,0,0.0,1,0.6931471805599453,1,1,0.0,20.948341369628903,0.0046334150247275,0.0,0.0,0.0
Leporidae,Hares and Rabbits,Mammalia,0,0.0,1,0.6931471805599453,1,1,12.0,10.596683502197266,0.1577917784452438,50.0,72.0,21.0
Leporimetis obesa,California Fat Tellin,Mollusca,0,0.0,1,0.6931471805599453,1,1,5.0,0.9274099469184875,0.0404280610382556,0.0,0.0,0.0
Lepra,Fluff-wart lichens,Fungi,0,0.0,1,0.6931471805599453,1,1,73.0,14.624289512634276,0.158021405339241,51.0,65.0,21.0
Lepra amara,bitter wart lichen,Fungi,0,0.0,12,2.5649493574615367,7,9,48.416666666666664,17.976465304692585,0.1982367026309172,49.333333333333336,67.0,21.583333333333332
Lepraria,Dust Lichens,Fungi,0,0.0,7,2.0794415416798357,3,5,61.57142857142857,17.74837807246617,0.1711065598896571,49.57142857142857,69.42857142857143,23.0
Lepraria xerophila,Unknown,Fungi,0,0.0,8,2.1972245773362196,3,7,72.25,16.08732509613037,0.16087066568434236,50.0,70.25,22.875
Leprocaulon,Mealy Lichens,Fungi,0,0.0,2,1.0986122886681098,2,2,80.5,16.170284748077393,0.16334510594606394,50.0,69.0,21.0
Leprocaulon americanum,Unknown,Fungi,0,0.0,15,2.772588722239781,7,12,48.53333333333333,15.804938952128092,0.18107331097126003,49.06666666666667,69.2,23.466666666666665
Leprocaulon terricola,Unknown,Fungi,0,0.0,16,2.833213344056216,6,11,100.625,7.269770979881287,0.1474204859696328,50.5,70.4375,21.25
Leptocottus armatus,Pacific Staghorn Sculpin,Actinopterygii,0,0.0,5,1.791759469228055,5,5,1.6,2.820144152641297,0.156744023039937,43.8,70.2,26.0
Leptogastrini,Unknown,Insecta,0,0.0,1,0.6931471805599453,1,1,57.0,5.12356424331665,0.1749230772256851,50.0,73.0,22.0
Leptoglossus clypealis,Western Leaf-footed Bug,Insecta,0,0.0,1,0.6931471805599453,1,1,0.0,6.600637912750244,0.0168918911367654,0.0,0.0,0.0
Leptoglossus zonatus,Unknown,Insecta,0,0.0,4,1.6094379124341003,4,4,27.25,8.161055088043213,0.09121911413967608,35.25,52.0,17.5
Leptomyrmecini,Unknown,Insecta,0,0.0,1,0.6931471805599453,1,1,94.0,4.410859107971191,0.1620139628648758,53.0,71.0,23.0
Leptopecten latiauratus,Kelp Scallop,Mollusca,1,10.0,6,1.9459101490553132,6,6,0.0,3.136495351791382,-0.018493764800950867,15.666666666666666,23.666666666666668,8.333333333333334
Leptopsylla segnis,European Mouse Flea,Insecta,0,0.0,1,0.6931471805599453,1,1,0.0,4.627367496490479,0.1684675961732864,38.0,71.0,29.0
Leptosphaeria,Unknown,Fungi,0,0.0,3,1.3862943611198906,1,3,65.0,4.855937957763672,0.17538959284623457,40.0,71.0,29.0
Leptosyne,Unknown,Plantae,1,1.0,7,2.0794415416798357,7,7,63.285714285714285,11.76983642578125,0.15346999040671755,44.57142857142857,69.14285714285714,26.285714285714285
Leptosyne bigelovii,Bigelow's tickseed,Plantae,0,0.0,1,0.6931471805599453,1,1,49.0,11.253462791442873,0.1393454074859619,44.0,72.0,26.0
Leptosyne gigantea,giant coreopsis,Plantae,0,0.0,3,1.3862943611198906,3,3,51.0,20.16346041361491,0.12253961960474646,30.0,46.0,18.0
Leptotes marina,Marine Blue,Insecta,1,1.0,108,4.6913478822291435,47,87,62.24074074074074,8.437050766415066,0.15938056612180335,47.97222222222222,68.88888888888889,22.166666666666668
Leptuca crenulata,Mexican Fiddler Crab,Animalia,0,0.0,21,3.091042453358316,19,19,5.428571428571429,8.615830024083456,0.19409705556574317,42.714285714285715,68.0,26.333333333333332
Lerodea eufala,Eufala Skipper,Insecta,0,0.0,1,0.6931471805599453,1,1,6.0,1.4424196481704712,0.0467409789562225,45.0,69.0,26.0
Leschenaultia,Unknown,Insecta,0,0.0,2,1.0986122886681098,1,1,55.0,9.995381355285645,0.147824615240097,44.0,71.0,27.0
Lestomyia,Unknown,Insecta,0,0.0,1,0.6931471805599453,1,1,109.0,9.443431854248049,0.1024560034275055,51.0,73.0,21.0
Lethaeini,Unknown,Insecta,0,0.0,1,0.6931471805599453,1,1,72.0,31.758852005004883,0.12311502546072,40.0,69.0,28.0
Leucocoprineae,Unknown,Fungi,0,0.0,1,0.6931471805599453,1,1,64.0,6.161853313446045,0.2103205621242523,40.0,71.0,29.0
Leucocoprinus birnbaumii,flowerpot parasol,Fungi,0,0.0,1,0.6931471805599453,1,1,7.0,2.991156816482544,0.1418406218290329,51.0,69.0,20.0
Leucodynerus,Unknown,Insecta,0,0.0,1,0.6931471805599453,1,1,8.0,3.704791784286499,0.1607478111982345,38.0,71.0,29.0
Leucophaeus atricilla,Laughing Gull,Aves,0,0.0,3,1.3862943611198906,2,2,5.333333333333333,2.980191191037496,-0.013107634459932634,30.0,46.0,17.333333333333332
Leucopis,Unknown,Insecta,0,0.0,3,1.3862943611198906,3,3,65.33333333333333,4.8557448387146,0.19078365961710606,52.0,72.33333333333333,21.0
Leukoma laciniata,Rough-sided Littleneck Clam,Mollusca,0,0.0,3,1.3862943611198906,1,3,1.3333333333333333,7.586503823598226,-0.048703665534655195,0.0,0.0,0.0
Leukoma staminea,Pacific Littleneck Clam,Mollusca,1,17.0,12,2.5649493574615367,10,11,2.8333333333333335,3.6131797432899475,-0.017027192981913686,11.833333333333334,17.75,6.0
Leuresthes tenuis,California Grunion,Actinopterygii,1,4.0,4,1.6094379124341003,4,3,5.0,5.840395271778107,0.03545772039797153,12.5,18.75,6.0
Leymus,Unknown,Plantae,0,0.0,5,1.791759469228055,5,5,49.6,7.389145994186402,0.16281207203865047,50.8,71.8,21.6
Leymus condensatus,giant wild rye,Plantae,1,7.0,99,4.605170185988092,66,86,61.54545454545455,7.183717742110744,0.16801654976425745,50.64646464646464,71.08080808080808,21.262626262626263
Leymus triticoides,Creeping wild rye,Plantae,0,0.0,1,0.6931471805599453,1,1,19.0,19.729387283325195,0.1860717236995697,48.0,71.0,22.0
Leymus × multiflorus,Unknown,Plantae,0,0.0,1,0.6931471805599453,1,1,19.0,20.858386993408203,0.1543194502592086,51.0,69.0,22.0
Libellula saturata,Flame Skimmer,Insecta,0,0.0,1,0.6931471805599453,1,1,77.0,14.624505043029783,0.1626972556114196,40.0,69.0,28.0
Libytheana carinenta,American Snout,Insecta,0,0.0,1,0.6931471805599453,1,1,18.0,9.19877815246582,0.2138177007436752,50.0,67.0,20.0
Lichinomycetes,Unknown,Fungi,0,0.0,1,0.6931471805599453,1,1,71.0,11.2022066116333,0.1374493837356567,50.0,66.0,24.0
Life,Unknown,Unknown,1,23.0,28,3.367295829986474,10,14,51.464285714285715,11.995569486703191,0.12643401666511114,37.25,54.464285714285715,18.642857142857142
Ligia,Sea Slaters,Animalia,1,19.0,15,2.772588722239781,14,15,11.8,11.238860479990642,0.06628034127255278,31.266666666666666,47.86666666666667,16.133333333333333
Ligia occidentalis,Western Sea Slater,Animalia,1,78.0,35,3.58351893845611,33,31,10.085714285714285,12.263532195772443,0.0336485889740288,25.428571428571427,39.68571428571428,13.428571428571429
Liliaceae,lily family,Plantae,0,0.0,1,0.6931471805599453,1,1,92.0,4.506549835205078,0.1672810316085815,48.0,71.0,25.0
Liliopsida,Monocots,Plantae,0,0.0,8,2.1972245773362196,8,8,60.75,10.456946283578873,0.15311634913086888,47.875,69.875,23.875
Limacodidae,Slug Caterpillar Moths,Insecta,0,0.0,1,0.6931471805599453,1,1,106.0,8.28909969329834,0.1253102868795395,51.0,68.0,23.0
Limacus flavus,Yellow Cellar Slug,Mollusca,0,0.0,1,0.6931471805599453,1,1,45.0,3.865194082260132,0.1466952264308929,50.0,73.0,22.0
Limenitis lorquini,Lorquin's Admiral,Insecta,0,0.0,14,2.70805020110221,11,12,14.071428571428571,15.713603837149487,0.20991298662764682,49.57142857142857,67.0,20.428571428571427
Limnia,Claytonia sect. Limnia,Plantae,0,0.0,6,1.9459101490553132,5,5,81.0,10.482840498288473,0.16661686201890305,46.166666666666664,68.33333333333333,25.166666666666668
Limoniidae,Limoniid Crane Flies,Insecta,0,0.0,2,1.0986122886681098,2,2,91.5,9.676819324493408,0.14972824603319163,45.5,69.5,26.0
Limonium,Sea-Lavenders,Plantae,0,0.0,6,1.9459101490553132,6,6,16.333333333333332,4.1281657218933105,0.17141938954591748,44.666666666666664,68.66666666666667,25.0
Limonium californicum,Western Marsh Rosemary,Plantae,0,0.0,36,3.6109179126442243,28,35,3.3333333333333335,5.258714742130703,0.18520908471610809,44.72222222222222,67.97222222222223,24.38888888888889
Limonium perezii,Perez's sea lavender,Plantae,1,5.0,20,3.044522437723423,19,19,22.35,4.654620200395584,0.10754242409020658,36.05,53.0,18.2
Limonium sinuatum,Blue statice,Plantae,0,0.0,1,0.6931471805599453,1,1,1.0,2.20897912979126,0.1675031185150146,46.0,71.0,25.0
Limosa fedoa,Marbled Godwit,Aves,1,32.0,36,3.6109179126442243,32,35,8.75,5.513701839579476,0.010326388518377725,14.38888888888889,21.555555555555557,7.444444444444445
Linanthus dianthiflorus,fringed linanthus,Plantae,1,5.0,184,5.220355825078324,125,133,60.22282608695652,23.045230909534123,0.13757206220179793,29.369565217391305,49.67391304347826,19.47826086956522
Linaria,Toadflaxes,Plantae,0,0.0,1,0.6931471805599453,1,1,66.0,14.431597709655762,0.1552111059427261,40.0,71.0,29.0
Linaria texana,Texas toadflax,Plantae,1,7.0,80,4.394449154672439,54,63,67.2375,8.219439557939769,0.16476117372512813,48.2875,70.9125,23.425
Linepithema humile,Argentine Ant,Insecta,1,3.0,16,2.833213344056216,12,15,51.0,4.957102362066507,0.16880336496978995,49.75,71.0625,21.875
Lioptilodes albistriolatus,Mousy Plume Moth,Insecta,0,0.0,3,1.3862943611198906,3,3,58.666666666666664,10.946388244628906,0.1866491188605626,52.0,70.66666666666667,20.333333333333332
Liorhyssus,Unknown,Insecta,0,0.0,2,1.0986122886681098,2,2,27.5,9.819427490234375,0.1752705499529838,41.0,71.0,28.0
Liorhyssus hyalinus,Hyaline Grass Bug,Insecta,1,1.0,7,2.0794415416798357,6,7,73.28571428571429,6.434525489807129,0.16292799157755714,46.714285714285715,71.28571428571429,24.714285714285715
Lipoptena,Unknown,Insecta,0,0.0,1,0.6931471805599453,1,1,15.0,18.022125244140625,0.1860717236995697,48.0,71.0,22.0
Lipoptena depressa,Western American Deer Ked,Insecta,0,0.0,1,0.6931471805599453,1,1,6.0,12.18435287475586,0.1809873878955841,48.0,68.0,23.0
Liris,Unknown,Insecta,0,0.0,8,2.1972245773362196,7,8,39.875,13.703772783279419,0.15793442912399763,32.625,53.875,20.25
Listrini,Unknown,Insecta,0,0.0,1,0.6931471805599453,1,1,62.0,8.037378311157227,0.1544401198625564,40.0,71.0,29.0
Listroderes costirostris,Vegetable Weevil,Insecta,0,0.0,2,1.0986122886681098,1,1,62.0,10.047990083694458,0.12960204482078547,47.5,68.5,22.5
Listrus,Unknown,Insecta,0,0.0,39,3.6888794541139363,16,32,66.58974358974359,9.341008290266378,0.1614545902762657,46.12820512820513,69.33333333333333,23.641025641025642
Litaneutria,American Ground Mantises,Insecta,1,2.0,2,1.0986122886681098,2,2,37.5,9.592773675918579,0.08717563329264515,24.0,35.5,12.5
Litaneutria chaparrali,Unknown,Insecta,0,0.0,1,0.6931471805599453,1,1,100.0,9.884733200073242,0.1193981990218162,53.0,71.0,20.0
Litaneutria pacifica,Pacific Ground Mantis,Insecta,0,0.0,3,1.3862943611198906,3,3,86.33333333333333,9.124314626057943,0.12727521111567813,49.333333333333336,70.0,23.333333333333332
Lithoseopsis hellmani,Unknown,Insecta,0,0.0,1,0.6931471805599453,1,1,54.0,29.46916961669922,0.2026792168617248,50.0,69.0,24.0
Litomegachile,Unknown,Insecta,0,0.0,1,0.6931471805599453,1,1,9.0,10.604660034179688,0.2263111621141433,42.0,69.0,28.0
Littorina,Unknown,Mollusca,1,23.0,4,1.6094379124341003,4,4,10.5,10.125632047653198,0.06578800175338981,23.0,36.0,12.0
Littorina keenae,Eroded Periwinkle,Mollusca,1,24.0,12,2.5649493574615367,10,10,8.5,10.35072946548462,0.007643499644473199,3.8333333333333335,6.0,2.0
Littorina scutulata,Checkered Periwinkle,Mollusca,1,8.0,3,1.3862943611198906,3,3,9.333333333333334,10.272196133931478,0.018013887728254,15.333333333333334,24.0,8.0
Littorinidae,Periwinkle Snails,Mollusca,1,2.0,1,0.6931471805599453,1,1,8.0,7.902680397033691,0.023090872913599,0.0,0.0,0.0
Littorinimorpha,Unknown,Mollusca,0,0.0,1,0.6931471805599453,1,1,12.0,17.472951889038086,0.0041614039801061,0.0,0.0,0.0
Littorophiloscia richardsonae,Western Saltmarsh Woodlouse,Animalia,0,0.0,3,1.3862943611198906,3,3,3.0,11.203433354695639,0.2020834436019261,42.666666666666664,67.66666666666667,26.666666666666668
Llimoniella acarosporicola,Unknown,Fungi,0,0.0,3,1.3862943611198906,2,3,90.0,9.615474383036295,0.14918223520119983,49.333333333333336,68.33333333333333,25.0
Lobularia maritima,sweet alyssum,Plantae,0,0.0,8,2.1972245773362196,8,8,22.5,4.099718153476715,0.16104719601571557,47.875,70.25,23.75
Loeflingia squarrosa,Spreading Pygmyleaf,Plantae,0,0.0,8,2.1972245773362196,5,7,107.75,7.009975999593735,0.14335969556123013,47.375,63.875,17.75
Logfia,cottonroses,Plantae,0,0.0,1,0.6931471805599453,1,1,97.0,16.245059967041016,0.1369224190711975,51.0,68.0,23.0
Logfia arizonica,Arizona cottonrose,Plantae,0,0.0,3,1.3862943611198906,3,3,3.0,3.3378891150156655,0.16761861741542813,39.666666666666664,70.33333333333333,27.333333333333332
Logfia filaginoides,California cottonrose,Plantae,0,0.0,4,1.6094379124341003,3,4,94.5,5.425661683082581,0.17294099181890485,50.75,67.25,21.25
Logfia gallica,narrowleaf cottonrose,Plantae,0,0.0,4,1.6094379124341003,3,4,44.5,6.78952944278717,0.1540232840925455,48.25,70.25,22.25
Lolium,Unknown,Plantae,0,0.0,6,1.9459101490553132,4,4,5.166666666666667,8.765210330486298,0.21772151688734684,45.666666666666664,69.0,24.833333333333332
Lolium arundinaceum,tall fescue,Plantae,0,0.0,2,1.0986122886681098,2,1,3.0,4.287220239639282,0.2004547119140625,48.0,68.0,21.0
Lolium multiflorum,Italian Ryegrass,Plantae,0,0.0,6,1.9459101490553132,6,6,7.333333333333333,5.91681123773257,0.19176380336284635,46.5,69.66666666666667,22.833333333333332
Lomatium,Biscuitroots,Plantae,0,0.0,23,3.1780538303479458,21,23,87.82608695652173,8.321993288786516,0.15105335220046662,50.73913043478261,68.8695652173913,22.956521739130434
Lomatium lucidum,Shiny Biscuitroot,Plantae,0,0.0,238,5.476463551931511,158,184,86.03781512605042,8.189122478751575,0.15783992779104644,49.48739495798319,68.84033613445378,23.373949579831933
Lon melane,Umber Skipper,Insecta,1,1.0,16,2.833213344056216,12,13,42.9375,10.331136405467987,0.18008626298978922,50.125,70.375,21.4375
Lonchaea,Unknown,Insecta,0,0.0,3,1.3862943611198906,3,2,77.0,6.7703423500061035,0.20077091952164963,52.666666666666664,72.33333333333333,19.666666666666668
Lonchaeinae,Unknown,Insecta,0,0.0,1,0.6931471805599453,1,1,71.0,2.991201639175415,0.1836005747318267,52.0,73.0,21.0
Lonchura punctulata,Scaly-breasted Munia,Aves,0,0.0,6,1.9459101490553132,6,5,25.166666666666668,12.979210694630941,0.14997706065575278,51.0,71.0,22.333333333333332
Lonicera,Unknown,Plantae,0,0.0,3,1.3862943611198906,3,3,70.66666666666667,9.833942095438639,0.18050210177898404,51.0,70.33333333333333,22.0
Lonicera subspicata,Southern Honeysuckle,Plantae,0,0.0,110,4.709530201312334,68,99,64.31818181818181,6.535141045396978,0.16650268076495686,51.22727272727273,71.3,21.381818181818183
Lonicera subspicata denudata,Johnston's honeysuckle,Plantae,0,0.0,139,4.941642422609304,70,120,61.0,7.3649458945226325,0.165029155907871,50.884892086330936,71.02877697841727,21.41007194244604
Lonicerae lonicera,Honeysuckle gall midge,Insecta,0,0.0,1,0.6931471805599453,1,1,106.0,9.195145606994627,0.1638592630624771,50.0,69.0,23.0
Lophioprason,Unknown,Plantae,0,0.0,3,1.3862943611198906,3,3,99.0,8.026610692342123,0.12217202782630916,53.0,71.33333333333333,19.666666666666668
Lophodermium,Unknown,Fungi,0,0.0,5,1.791759469228055,2,5,84.2,6.725281381607056,0.16335058808326716,45.2,67.2,25.4
Lophodytes cucullatus,Hooded Merganser,Aves,0,0.0,2,1.0986122886681098,2,2,7.0,6.23678731918335,0.16858716309070584,49.0,69.0,21.0
Lopidea,Scarlet Plant Bugs,Insecta,0,0.0,5,1.791759469228055,5,4,65.8,8.515474367141724,0.16984589993953703,44.8,71.0,25.8
Lopidea marginata,Margined Scarlet Plant Bug,Insecta,0,0.0,15,2.772588722239781,10,11,65.33333333333333,13.064479573567708,0.16783298651377357,39.733333333333334,61.86666666666667,21.6
Lordotus,Unknown,Insecta,0,0.0,4,1.6094379124341003,4,4,81.25,8.134882092475891,0.1417915783822536,47.0,71.75,24.0
Lordotus planus,Unknown,Insecta,0,0.0,1,0.6931471805599453,1,1,17.0,20.565364837646484,0.1811254620552063,53.0,69.0,21.0
Lorita,Unknown,Insecta,1,1.0,1,0.6931471805599453,1,1,57.0,5.12356424331665,0.1749230772256851,50.0,73.0,22.0
Loteae,Unknown,Plantae,0,0.0,1,0.6931471805599453,1,1,16.0,15.133502960205078,0.0919384211301803,46.0,72.0,24.0
Lottia,Lottia Limpets,Mollusca,1,71.0,8,2.1972245773362196,8,8,8.625,9.8654944896698,0.024182283319532878,5.75,9.0,3.0
Lottia austrodigitalis,Southern Finger Limpet,Mollusca,1,15.0,8,2.1972245773362196,8,8,8.625,9.8654944896698,0.024182283319532878,5.75,9.0,3.0
Lottia conus,Unknown,Mollusca,1,7.0,1,0.6931471805599453,1,1,9.0,13.956417083740234,-0.0304904039949178,0.0,0.0,0.0
Lottia digitalis,Fingered Limpet Complex,Mollusca,1,1.0,1,0.6931471805599453,1,1,7.0,12.009511947631836,0.0136971799656748,0.0,0.0,0.0
Lottia gigantea,Owl Limpet,Mollusca,1,90.0,8,2.1972245773362196,8,8,13.25,12.148431539535522,0.05877948855049907,11.5,18.125,6.25
Lottia limatula,File Limpet,Mollusca,1,16.0,1,0.6931471805599453,1,1,18.0,14.757601737976074,0.1037641838192939,46.0,73.0,26.0
Lottia pelta,Shield Limpet,Mollusca,1,1.0,1,0.6931471805599453,1,1,8.0,7.902680397033691,0.023090872913599,0.0,0.0,0.0
Lottia scabra,Rough Limpet,Mollusca,1,16.0,1,0.6931471805599453,1,1,9.0,13.956417083740234,-0.0304904039949178,0.0,0.0,0.0
Lotus corniculatus,bird's-foot trefoil,Plantae,0,0.0,1,0.6931471805599453,1,1,79.0,2.158238410949707,0.1897298842668533,52.0,73.0,21.0
Loxorhynchus grandis,Sheep Crab,Animalia,1,3.0,3,1.3862943611198906,3,3,40.666666666666664,6.485224564870198,0.08542122567693389,48.333333333333336,71.0,24.0
Loxostege,Unknown,Insecta,0,0.0,2,1.0986122886681098,2,2,70.0,7.027557015419006,0.17773504555225367,50.0,72.0,23.0
Loxostege immerens,Unknown,Insecta,0,0.0,6,1.9459101490553132,5,5,55.833333333333336,10.43650221824646,0.17984397957722342,49.5,70.5,21.833333333333332
Lucilia,Greenbottle Flies,Insecta,0,0.0,4,1.6094379124341003,4,4,65.0,6.926275551319122,0.14699382893741128,50.0,71.75,22.5
Lucilia coeruleiviridis,Blue-green Bottle Fly,Insecta,0,0.0,3,1.3862943611198906,1,3,52.333333333333336,9.236436208089193,0.1617557952801386,51.333333333333336,72.66666666666667,21.333333333333332
Lucilia cuprina,Australian Sheep Blow Fly,Insecta,0,0.0,1,0.6931471805599453,1,1,55.0,10.842988014221191,0.1464918106794357,50.0,73.0,22.0
Lucilia sericata,Common European Greenbottle Fly,Insecta,0,0.0,5,1.791759469228055,3,5,83.8,8.268429183959961,0.14997609257698055,52.0,72.4,20.8
Lumbrineridae,Unknown,Animalia,1,1.0,1,0.6931471805599453,1,1,0.0,0.0,-0.0505948476493358,0.0,0.0,0.0
Lunularia cruciata,Crescent-cup liverwort,Plantae,1,1.0,4,1.6094379124341003,4,2,103.25,3.6493256092071533,0.17778651788830752,49.0,72.0,22.0
Lupinus,lupines,Plantae,1,1.0,29,3.4011973816621555,28,29,58.96551724137931,14.717421038397427,0.15442507200199979,41.37931034482759,61.44827586206897,20.862068965517242
Lupinus bicolor,Miniature Lupine,Plantae,0,0.0,20,3.044522437723423,15,18,14.7,9.439993840456008,0.1778051648288965,47.7,68.6,22.25
Lupinus concinnus,bajada lupine,Plantae,0,0.0,1,0.6931471805599453,1,1,70.0,7.74254035949707,0.1785320341587066,40.0,71.0,29.0
Lupinus formosus,Summer Lupine,Plantae,0,0.0,2,1.0986122886681098,2,1,9.0,10.841104507446287,0.1833700835704803,48.0,68.0,23.0
Lupinus hirsutissimus,Stinging Lupine,Plantae,0,0.0,24,3.2188758248682006,22,17,65.66666666666667,9.846664309501648,0.16265111106137434,45.083333333333336,69.83333333333333,26.75
Lupinus succulentus,arroyo lupine,Plantae,1,5.0,73,4.30406509320417,66,64,63.89041095890411,12.45410188011927,0.1561179002874518,48.36986301369863,71.82191780821918,24.273972602739725
Lupinus truncatus,collared annual lupine,Plantae,1,1.0,131,4.882801922586371,82,103,47.541984732824424,13.149975702507806,0.1586208646079056,40.16030534351145,59.05343511450382,19.106870229007633
Lutica,Unknown,Arachnida,0,0.0,1,0.6931471805599453,1,1,60.0,3.5486860275268555,0.1816913187503814,40.0,71.0,29.0
Lycaenidae,Gossamer-winged Butterflies,Insecta,0,0.0,2,1.0986122886681098,2,2,74.5,9.137893438339233,0.1881039291620254,47.0,71.5,24.5
Lycium,boxthorns,Plantae,1,1.0,13,2.6390573296152584,11,11,68.07692307692308,8.988175172072191,0.13244734016748572,48.30769230769231,69.76923076923077,23.846153846153847
Lycium californicum,California boxthorn,Plantae,1,13.0,110,4.709530201312334,77,99,30.009090909090908,10.324875974655152,0.15635007003491572,42.72727272727273,69.31818181818181,25.09090909090909
Lycium ferocissimum,African boxthorn,Plantae,0,0.0,21,3.091042453358316,19,19,103.57142857142857,7.379536027000064,0.13694270274468828,51.0,68.0,23.0
Lycogala,Wolfs Milk,Protozoa,0,0.0,2,1.0986122886681098,2,1,108.0,5.682141304016113,0.1557076126337051,49.0,72.0,22.0
Lycoperdaceae,puffballs,Fungi,1,1.0,4,1.6094379124341003,4,4,40.25,10.738292574882507,0.16273950785398478,46.0,70.0,25.0
Lycoperdon,Unknown,Fungi,0,0.0,3,1.3862943611198906,3,3,63.666666666666664,8.906444549560547,0.16385903954505918,49.333333333333336,70.0,21.333333333333332
Lycoperdon curtisii,Curtis's Puffball,Fungi,0,0.0,1,0.6931471805599453,1,1,106.0,2.395049571990967,0.1568449735641479,51.0,71.0,24.0
Lycoperdon perlatum,common puffball,Fungi,0,0.0,1,0.6931471805599453,1,1,113.0,6.852604866027832,0.1361791342496872,53.0,73.0,20.0
Lycosidae,Wolf Spiders,Arachnida,1,1.0,7,2.0794415416798357,6,7,44.57142857142857,11.845173750604902,0.17986600846052164,43.0,70.14285714285714,26.714285714285715
Lycosinae,Unknown,Arachnida,0,0.0,1,0.6931471805599453,1,1,0.0,5.208710670471191,0.1522048413753509,49.0,69.0,21.0
Lycosoidea,Wolf Spiders and Allies,Arachnida,0,0.0,2,1.0986122886681098,2,2,4.5,4.72157883644104,0.14753606170415876,22.0,34.0,12.0
Lynx rufus,Bobcat,Mammalia,0,0.0,18,2.9444389791664403,17,15,40.888888888888886,8.870097666978836,0.17368744851814374,45.833333333333336,69.61111111111111,24.22222222222222
Lysimachia arvensis,scarlet pimpernel,Plantae,1,8.0,67,4.219507705176107,45,59,60.07462686567164,8.176392882617552,0.14796280571773865,46.47761194029851,68.40298507462687,23.492537313432837
Lysimachia minima,Chaffweed,Plantae,0,0.0,5,1.791759469228055,4,3,104.0,7.693210601806641,0.13604780733585353,51.4,71.4,20.8
Lythrum hyssopifolia,Hyssop Loosestrife,Plantae,1,1.0,4,1.6094379124341003,4,4,47.5,11.019561290740967,0.15117149241268632,51.0,68.25,22.25
Lytta,Unknown,Insecta,0,0.0,2,1.0986122886681098,2,2,104.0,5.915403485298157,0.1199250183999538,50.5,72.0,22.5
Lytta auriculata,Red-eared Blister Beetle,Insecta,0,0.0,5,1.791759469228055,4,4,52.6,10.017383003234864,0.16756517887115474,52.6,71.6,20.8
Macaria austrinata,Unknown,Insecta,0,0.0,1,0.6931471805599453,1,1,31.0,39.27840805053711,0.1018976047635078,0.0,0.0,0.0
Macariini,Angle Moths and Allies,Insecta,0,0.0,1,0.6931471805599453,1,1,103.0,1.1047683954238892,0.1263505667448043,53.0,71.0,23.0
Machaerantherinae,Unknown,Plantae,0,0.0,6,1.9459101490553132,5,5,56.0,13.496524969736734,0.15144106373190877,41.833333333333336,58.5,18.5
Machilidae,Jumping Bristletails,Insecta,0,0.0,1,0.6931471805599453,1,1,80.0,12.768001556396484,0.1777916997671127,40.0,69.0,28.0
Machilinus,Unknown,Insecta,0,0.0,2,1.0986122886681098,2,2,97.5,7.429099798202515,0.14832969754934305,46.0,72.0,25.0
Machimus,Bladetails,Insecta,0,0.0,4,1.6094379124341003,4,4,79.5,9.434837698936462,0.16308162361383435,45.0,67.5,26.0
Macoma nasuta,Bent-nosed Clam,Mollusca,0,0.0,2,1.0986122886681098,2,2,3.5,5.1065279841423035,-0.04111698409542435,22.5,34.5,13.0
Macominae,Unknown,Mollusca,0,0.0,2,1.0986122886681098,2,2,7.0,8.659557342529297,-0.03513263817876575,0.0,0.0,0.0
Macrocystis pyrifera,Giant Kelp,Chromista,1,81.0,102,4.634728988229636,73,85,5.421568627450981,7.833067733867495,0.004913989983655411,9.049019607843137,13.990196078431373,4.970588235294118
Macronychiini,Unknown,Insecta,0,0.0,1,0.6931471805599453,1,1,0.0,2.7802884578704834,0.1683387011289596,44.0,65.0,24.0
Macrosiphini,Unknown,Insecta,0,0.0,4,1.6094379124341003,4,4,57.75,10.304304778575897,0.17704254761338228,50.5,70.5,22.0
Macrosiphum,Unknown,Insecta,0,0.0,2,1.0986122886681098,2,2,49.0,4.217707991600037,0.1753823235630989,47.0,72.5,24.0
Macrosiphum euphorbiae,Potato Aphid,Insecta,0,0.0,1,0.6931471805599453,1,1,71.0,13.504158973693848,0.1496432721614837,40.0,69.0,28.0
Macrosiphum gaurae,Beeblossom Aphid,Insecta,0,0.0,1,0.6931471805599453,1,1,60.0,34.08702087402344,0.1419512331485748,0.0,0.0,0.0
Macrosiphum salviae,Black Sage Aphid,Insecta,0,0.0,1,0.6931471805599453,1,1,88.0,7.176311016082764,0.1862426996231079,50.0,73.0,22.0
Mactromeris hemphillii,Hemphill Surfclam,Mollusca,0,0.0,1,0.6931471805599453,1,1,14.0,24.501264572143555,0.0247572157531976,0.0,0.0,0.0
Madia,tarweeds,Plantae,0,0.0,1,0.6931471805599453,1,1,60.0,34.08702087402344,0.1419512331485748,0.0,0.0,0.0
Madia sativa,coast tarweed,Plantae,0,0.0,1,0.6931471805599453,1,1,55.0,10.842988014221191,0.1464918106794357,50.0,73.0,22.0
Madieae,"tarweeds, silverswords, and allies",Plantae,0,0.0,2,1.0986122886681098,2,2,70.0,7.74254035949707,0.1785320341587066,40.0,71.0,29.0
Magallana gigas,Pacific Oyster,Mollusca,1,8.0,9,2.302585092994046,4,9,1.7777777777777777,8.174996482001411,0.008171672104961333,15.444444444444445,22.77777777777778,8.333333333333334
Magnoliopsida,Dicots,Plantae,1,24.0,219,5.393627546352362,173,174,62.598173515981735,10.739607303654223,0.14553947358064726,41.63926940639269,62.19634703196347,21.812785388127853
Malachiinae,Malachite Beetles,Insecta,0,0.0,11,2.4849066497880004,9,11,44.45454545454545,11.080886363983154,0.15548350797458124,36.0,58.27272727272727,21.272727272727273
Malachiini,Unknown,Insecta,0,0.0,15,2.772588722239781,6,9,21.733333333333334,9.89915911356608,0.17969075391689934,39.733333333333334,65.73333333333333,24.733333333333334
Malachius,Unknown,Insecta,0,0.0,1,0.6931471805599453,1,1,20.0,23.68118667602539,0.1703269332647323,51.0,74.0,25.0
Malacothamnus,bushmallows,Plantae,1,1.0,10,2.3978952727983707,8,9,80.2,4.7473029255867,0.17382744699716565,50.5,71.8,22.8
Malacothamnus densiflorus,few-rayed bushmallow,Plantae,0,0.0,1,0.6931471805599453,1,1,88.0,5.751774787902832,0.2221813350915908,53.0,72.0,19.0
Malacothamnus fasciculatus,southern coastal bushmallow,Plantae,1,5.0,294,5.68697535633982,149,236,70.35374149659864,5.768785806942959,0.1649375545101709,51.08843537414966,70.67006802721089,21.91496598639456
Malacothamnus fasciculatus fasciculatus,southern coastal bushmallow,Plantae,0,0.0,31,3.4657359027997265,26,29,71.38709677419355,5.648071135244062,0.1616893809649252,51.54838709677419,70.35483870967742,22.161290322580644
Malacothrix,desert dandelions,Plantae,0,0.0,1,0.6931471805599453,1,1,3.0,1.442366600036621,0.1400120854377746,47.0,71.0,25.0
Malacothrix foliosa,Leafy Desertdandelion,Plantae,1,1.0,1,0.6931471805599453,1,1,113.0,6.852604866027832,0.1361791342496872,53.0,73.0,20.0
Malacothrix saxatilis,Cliff Aster,Plantae,0,0.0,22,3.1354942159291497,18,21,64.9090909090909,11.185133934020996,0.15602198581803925,40.72727272727273,60.86363636363637,20.954545454545453
Malcolmia maritima,Virginia Stock,Plantae,0,0.0,1,0.6931471805599453,1,1,44.0,5.20895528793335,0.1513578742742538,50.0,72.0,22.0
Maleae,Unknown,Plantae,0,0.0,1,0.6931471805599453,1,1,56.0,9.441781997680664,0.1563741266727447,44.0,71.0,27.0
Malephora,Fingerfigs,Plantae,1,9.0,1,0.6931471805599453,1,1,6.0,1.854334115982056,0.0644155219197273,0.0,0.0,0.0
Malephora crocea,coppery mesemb,Plantae,1,17.0,2,1.0986122886681098,2,2,11.0,15.61718475818634,0.0751523859798908,0.0,0.0,0.0
Malosma laurina,laurel sumac,Plantae,0,0.0,360,5.8888779583328805,206,296,65.94166666666666,8.616683427327208,0.164715629722923,46.11666666666667,69.27222222222223,24.072222222222223
Malva,Mallows,Plantae,1,1.0,7,2.0794415416798357,5,6,11.571428571428571,12.039626802716937,0.13274845906666344,21.428571428571427,28.857142857142858,9.571428571428571
Malva multiflora,Cretan mallow,Plantae,0,0.0,14,2.70805020110221,11,12,14.285714285714286,17.34119686484337,0.19318958584751397,50.07142857142857,70.35714285714286,23.142857142857142
Malva nicaeensis,bull mallow,Plantae,0,0.0,2,1.0986122886681098,2,2,16.0,20.404943466186523,0.1856968477368354,50.0,69.0,22.5
Malva parviflora,cheeseweed mallow,Plantae,0,0.0,5,1.791759469228055,5,5,32.8,13.583240509033203,0.1308945477008819,29.8,40.6,13.2
Malveae,Unknown,Plantae,0,0.0,1,0.6931471805599453,1,1,77.0,5.123569965362549,0.1995322406291961,54.0,72.0,20.0
Malvella leprosa,alkali mallow,Plantae,0,0.0,42,3.7612001156935624,33,37,9.261904761904763,10.888795939229784,0.17968508822932128,45.642857142857146,64.73809523809524,20.785714285714285
Mammalia,Mammals,Mammalia,1,5.0,14,2.70805020110221,13,14,54.642857142857146,8.527847111225128,0.1707994203482355,47.642857142857146,70.07142857142857,24.071428571428573
Manduca sexta,Carolina Sphinx,Insecta,0,0.0,5,1.791759469228055,5,5,33.2,7.9844970703125,0.1420808523893356,38.4,56.2,18.2
Marah,Man-roots,Plantae,0,0.0,9,2.302585092994046,9,9,58.22222222222222,9.061176445749071,0.15329726040363306,42.888888888888886,71.44444444444444,26.666666666666668
Marah fabacea,California manroot,Plantae,0,0.0,1,0.6931471805599453,1,1,46.0,7.176075458526611,0.1459258198738098,50.0,73.0,22.0
Marah macrocarpa,Chilicothe,Plantae,1,44.0,619,6.429719478039138,327,376,66.81421647819063,9.17637719543762,0.1608512784009844,45.570274636510504,67.93214862681745,23.418416801292405
Marasmius,Pinwheels and Parachute Mushrooms,Fungi,0,0.0,1,0.6931471805599453,1,1,28.0,11.988883972167969,0.2056594640016555,50.0,66.0,20.0
Marasmius plicatulus,red pinwheel,Fungi,0,0.0,1,0.6931471805599453,1,1,33.0,15.757150650024414,0.2224979251623153,50.0,69.0,24.0
Marchantiales,Complex thallose liverworts,Plantae,1,1.0,2,1.0986122886681098,2,2,86.5,5.339569449424744,0.1637711822986602,51.5,70.5,22.0
Marchantiophyta,liverworts,Plantae,0,0.0,4,1.6094379124341003,4,4,73.25,12.556640625,0.17897262796759603,51.25,69.25,22.75
Mareca americana,American Wigeon,Aves,0,0.0,13,2.6390573296152584,9,11,0.3076923076923077,2.7758326897254357,0.14917793182226324,46.76923076923077,69.07692307692308,23.23076923076923
Mareca strepera,Gadwall,Aves,0,0.0,7,2.0794415416798357,7,7,3.0,4.029388393674578,0.13205014222434586,48.0,69.14285714285714,22.285714285714285
Marmara,Unknown,Insecta,0,0.0,2,1.0986122886681098,2,2,88.0,4.185857892036438,0.13204010948538775,51.5,68.5,23.5
Marmara opuntiella,Opuntia Leaf Miner,Insecta,0,0.0,1,0.6931471805599453,1,1,76.0,9.754152297973633,0.1638399362564087,40.0,69.0,28.0
Marmotini,Holarctic Ground Squirrels,Mammalia,0,0.0,1,0.6931471805599453,1,1,23.0,9.497842788696287,0.1327499747276306,46.0,72.0,24.0
Marrubium vulgare,White Horehound,Plantae,1,6.0,10,2.3978952727983707,8,9,10.9,10.911292934417725,0.18321838527917858,50.5,69.0,21.5
Marsupella bolanderi,Unknown,Plantae,0,0.0,1,0.6931471805599453,1,1,70.0,20.566774368286133,0.1801185607910156,50.0,65.0,20.0
Maseochara,Unknown,Insecta,0,0.0,1,0.6931471805599453,1,1,23.0,10.32567310333252,0.2069030702114105,50.0,64.0,22.0
Masticophis lateralis,Striped Racer,Reptilia,1,3.0,23,3.1780538303479458,18,22,70.34782608695652,9.70704986738122,0.16591390416673987,45.52173913043478,67.52173913043478,23.304347826086957
Masticophis lateralis lateralis,California Striped Racer,Reptilia,1,3.0,7,2.0794415416798357,7,7,58.285714285714285,14.216595581599645,0.14987272130591525,33.285714285714285,50.857142857142854,17.0
Mastophora cornigera,Southern Bolas Spider,Arachnida,0,0.0,1,0.6931471805599453,1,1,63.0,8.072856903076172,0.1766283810138702,40.0,71.0,29.0
Matricaria chamomilla,German Chamomile,Plantae,0,0.0,1,0.6931471805599453,1,1,18.0,12.217984199523926,0.2042036801576614,50.0,67.0,20.0
Matricaria discoidea,pineapple-weed,Plantae,0,0.0,1,0.6931471805599453,1,1,22.0,12.607012748718262,0.2147167325019836,50.0,67.0,20.0
Matthiola,Stock,Plantae,0,0.0,2,1.0986122886681098,2,2,56.0,36.57197570800781,0.1411917358636856,0.0,0.0,0.0
Matthiola incana,hoary stock,Plantae,0,0.0,266,5.58724865840025,208,217,26.048872180451127,19.101825639045327,0.10824576149916945,29.041353383458645,45.838345864661655,15.721804511278195
Maxwellia gemma,Gem Murex,Mollusca,1,1.0,6,1.9459101490553132,4,6,2.3333333333333335,7.366602420806885,-0.027068381197750565,0.0,0.0,0.0
Maytenus boaria,Maiten tree,Plantae,0,0.0,2,1.0986122886681098,2,2,22.0,12.607012748718262,0.2147167325019836,50.0,67.0,20.0
Mecaphesa,Unknown,Arachnida,1,1.0,6,1.9459101490553132,6,6,42.833333333333336,10.383610804875692,0.16426211843887964,48.333333333333336,68.66666666666667,24.0
Medetera,Woodpecker Flies,Insecta,0,0.0,1,0.6931471805599453,1,1,72.0,8.570499420166016,0.1286544799804687,40.0,69.0,28.0
Mediappendix vermeta,Suboval Ambersnail,Mollusca,0,0.0,1,0.6931471805599453,1,1,108.0,6.557060241699219,0.1587554365396499,49.0,72.0,22.0
Medicago lupulina,Black Medick,Plantae,0,0.0,2,1.0986122886681098,2,2,2.5,2.6537625789642334,0.1591092869639396,47.0,71.0,25.0
Medicago polymorpha,bur clover,Plantae,1,3.0,16,2.833213344056216,12,16,15.5625,11.1144002340734,0.17418420035392043,43.4375,69.5,25.6875
Megabalanus californicus,California Barnacle,Animalia,1,33.0,2,1.0986122886681098,2,2,7.5,14.51773738861084,-0.020510622300207598,0.0,0.0,0.0
Megaceryle alcyon,Belted Kingfisher,Aves,1,1.0,4,1.6094379124341003,4,4,13.25,8.823169142007828,0.14758200570940966,46.5,69.0,24.0
Megachile,"Leafcutter, Mortar, and Resin Bees",Insecta,0,0.0,6,1.9459101490553132,5,6,65.5,6.626935184001923,0.19014512002468106,46.833333333333336,71.33333333333333,24.333333333333332
Megachile angelarum,Unknown,Insecta,0,0.0,3,1.3862943611198906,1,3,43.0,9.271437962849935,0.18408679465452826,49.666666666666664,66.66666666666667,22.666666666666668
Megachiloides,Unknown,Insecta,0,0.0,2,1.0986122886681098,2,2,28.0,22.09017038345337,0.14083650708198545,25.5,34.5,10.0
Megalorchestia,Unknown,Animalia,1,5.0,4,1.6094379124341003,4,4,8.75,11.300103306770325,0.03101823106408115,24.25,37.25,12.25
Megalorchestia benedicti,Unknown,Animalia,1,2.0,1,0.6931471805599453,1,1,0.0,22.047420501708984,-0.0058469013310968,0.0,0.0,0.0
Megalorchestia californiana,California Beach Flea,Animalia,0,0.0,3,1.3862943611198906,2,3,27.333333333333332,2.208280881245931,0.092517577111721,48.666666666666664,71.0,24.666666666666668
Megalorchestia corniculata,Unknown,Animalia,1,9.0,11,2.4849066497880004,11,10,6.454545454545454,16.718192967501555,-0.00223143771290779,0.0,0.0,0.0
Megascapheus bottae,Unknown,Mammalia,1,1.0,1,0.6931471805599453,1,1,78.0,10.014735221862791,0.1895089000463485,50.0,73.0,22.0
Megasporaceae,Unknown,Fungi,0,0.0,1,0.6931471805599453,1,1,14.0,13.772577285766602,0.1681251525878906,45.0,69.0,28.0
Megastigmus,Unknown,Insecta,0,0.0,1,0.6931471805599453,1,1,44.0,5.20895528793335,0.1513578742742538,50.0,72.0,22.0
Megastraea undosa,Wavy Turban,Mollusca,1,7.0,20,3.044522437723423,10,19,4.65,10.931053376197815,0.0001491101691499297,7.2,11.05,3.7
Megasurcula carpenteriana,Carpenter's Turrid,Mollusca,0,0.0,6,1.9459101490553132,4,6,1.5,8.823613484700521,-0.02334400018056232,0.0,0.0,0.0
Megobrium edwardsii,Unknown,Insecta,0,0.0,1,0.6931471805599453,1,1,76.0,10.096575736999512,0.148043543100357,50.0,66.0,24.0
Melacoryphus rubicollis,Unknown,Insecta,0,0.0,4,1.6094379124341003,2,3,47.25,9.904739618301392,0.1785785853862762,40.75,70.25,28.0
Melaleuca,bottlebrushes,Plantae,0,0.0,3,1.3862943611198906,3,3,6.333333333333333,4.1943442821502686,0.07431671892603232,44.666666666666664,72.33333333333333,26.333333333333332
Melaleuca armillaris,Bracelet Honey-myrtle,Plantae,0,0.0,3,1.3862943611198906,3,3,5.666666666666667,1.4424205621083577,0.0447884934643904,46.0,70.33333333333333,25.666666666666668
Melaleuca nesophila,Showy Honey-myrtle,Plantae,0,0.0,70,4.2626798770413155,57,67,6.314285714285714,2.439922079018184,0.06929452376706255,47.542857142857144,71.95714285714286,24.985714285714284
Melaleuca viminalis,weeping bottlebrush,Plantae,0,0.0,1,0.6931471805599453,1,1,0.0,5.584229946136475,0.2433437407016754,48.0,68.0,24.0
Melampsora euphorbiae,Euphorbia Rust,Fungi,0,0.0,2,1.0986122886681098,2,2,40.0,5.855273485183716,0.18292348831892008,45.0,72.0,25.0
Melampus olivaceus,Salt Marsh Snail,Mollusca,0,0.0,8,2.1972245773362196,7,8,3.125,5.344684422016144,0.1878305114805698,43.75,68.75,25.625
Melanagromyza,Unknown,Insecta,0,0.0,3,1.3862943611198906,3,3,47.333333333333336,4.074419577916463,0.17867246766885114,51.333333333333336,71.0,20.666666666666668
Melanaphis donacis,Giant Reed Aphid,Insecta,0,0.0,1,0.6931471805599453,1,1,80.0,7.251054286956787,0.2099625021219253,53.0,72.0,19.0
Melanitta perspicillata,Surf Scoter,Aves,1,42.0,11,2.4849066497880004,8,10,17.545454545454547,18.5093739899722,0.02584177273225082,4.545454545454546,6.090909090909091,2.272727272727273
Melanopleurus belfragei,Redcoat Seed Bug,Insecta,0,0.0,1,0.6931471805599453,1,1,44.0,5.20895528793335,0.1513578742742538,50.0,72.0,22.0
Melanoplinae,Spur-throated Grasshoppers,Insecta,0,0.0,3,1.3862943611198906,3,3,27.0,6.623180389404297,0.1799375762542089,46.0,70.0,24.666666666666668
Melanoplini,Unknown,Insecta,0,0.0,4,1.6094379124341003,4,4,32.0,7.378609895706177,0.15717971697449679,42.25,70.75,27.0
Melanoplus,North American Spur-throated Grasshoppers,Insecta,0,0.0,14,2.70805020110221,13,13,44.142857142857146,10.190869454826627,0.1696076999817575,40.214285714285715,60.5,20.928571428571427
Melanoplus cinereus,Gray Sagebrush Grasshopper,Insecta,0,0.0,6,1.9459101490553132,4,5,32.666666666666664,8.567657113075256,0.16746297975381208,44.0,72.16666666666667,26.833333333333332
Melanoplus cinereus cyanipes,Unknown,Insecta,1,1.0,2,1.0986122886681098,2,2,35.5,6.139072179794311,0.15332675725221628,48.5,70.5,24.0
Melanoplus devastator,Devastating Grasshopper,Insecta,0,0.0,3,1.3862943611198906,3,3,5.0,6.012232542037964,0.19011440376440678,39.333333333333336,70.33333333333333,28.666666666666668
Melanoplus differentialis,Differential Grasshopper,Insecta,0,0.0,5,1.791759469228055,4,5,2.4,2.4566979408264156,0.17528735101222986,46.2,68.0,23.4
Melanthaxia,Unknown,Insecta,0,0.0,6,1.9459101490553132,4,6,65.33333333333333,7.509589234987895,0.17563836524883902,52.5,72.16666666666667,20.0
Melia azedarach,Chinaberry,Plantae,0,0.0,1,0.6931471805599453,1,1,16.0,10.011966705322266,0.1423641294240951,50.0,65.0,20.0
Melica imperfecta,smallflower melicgrass,Plantae,0,0.0,47,3.871201010907891,33,38,60.1063829787234,8.108083037619895,0.17994793964193218,48.8936170212766,70.7872340425532,22.70212765957447
Melilotus,melilots and sweetclovers,Plantae,0,0.0,1,0.6931471805599453,1,1,2.0,1.104889750480652,0.1580279320478439,47.0,71.0,25.0
Melilotus albus,White Sweetclover,Plantae,0,0.0,4,1.6094379124341003,4,3,16.0,4.975637853145599,0.2011761404573917,48.75,67.75,21.25
Melilotus indicus,small melilot,Plantae,1,7.0,38,3.6635616461296463,24,32,16.81578947368421,7.977676673939354,0.12997834678543238,40.76315789473684,62.921052631578945,22.263157894736842
Melinis repens,Natal Grass,Plantae,0,0.0,17,2.8903717578961645,14,17,71.58823529411765,7.466950584860409,0.15511305893168728,49.0,71.70588235294117,23.705882352941178
Melinis repens repens,ruby grass,Plantae,0,0.0,1,0.6931471805599453,1,1,43.0,18.149789810180664,0.1721757650375366,50.0,65.0,20.0
Melissodes,Unknown,Insecta,0,0.0,73,4.30406509320417,23,56,55.63013698630137,16.01077794375485,0.15516255591830158,34.58904109589041,54.38356164383562,19.835616438356166
Melissodes communis,Common Longhorn Bee,Insecta,0,0.0,1,0.6931471805599453,1,1,47.0,7.554079055786133,0.1767966151237487,50.0,73.0,22.0
Melissodes personatellus,Unknown,Insecta,0,0.0,1,0.6931471805599453,1,1,54.0,12.79140853881836,0.1759729385375976,44.0,72.0,26.0
Melissodes tepidus,Unknown,Insecta,0,0.0,1,0.6931471805599453,1,1,8.0,3.704791784286499,0.1607478111982345,38.0,71.0,29.0
Melitara,Pricklypear Borers,Insecta,0,0.0,1,0.6931471805599453,1,1,81.0,11.932351112365724,0.1331410557031631,40.0,69.0,28.0
Melobesia,Unknown,Plantae,0,0.0,1,0.6931471805599453,1,1,15.0,23.93294906616211,0.0035620320122689,0.0,0.0,0.0
Meloidae,Blister Beetles,Insecta,0,0.0,2,1.0986122886681098,2,2,36.5,9.054440021514893,0.19255180656909937,44.0,72.0,25.5
Meloinae,Unknown,Insecta,0,0.0,2,1.0986122886681098,2,2,72.0,6.569777727127075,0.14429218322038645,50.5,70.5,21.0
Melolonthinae,June Beetles,Insecta,1,1.0,1,0.6931471805599453,1,1,44.0,5.20895528793335,0.1513578742742538,50.0,72.0,22.0
Melosira inflexa,Unknown,Chromista,0,0.0,2,1.0986122886681098,1,1,0.0,1.3901442289352417,0.1764126047492027,44.0,66.5,24.0
Melospiza melodia,Song Sparrow,Aves,1,5.0,29,3.4011973816621555,24,26,18.93103448275862,8.620773520962945,0.15340873855968998,47.06896551724138,67.06896551724138,22.275862068965516
Melozone crissalis,California Towhee,Aves,1,25.0,311,5.7430031878094825,191,255,63.09324758842444,11.24071557115512,0.1467712105542325,39.81350482315113,59.633440514469456,21.411575562700964
Melyridae,Soft-winged Flower Beetles,Insecta,1,1.0,9,2.302585092994046,7,9,43.44444444444444,11.435835546917385,0.15783170859018958,40.333333333333336,63.333333333333336,22.11111111111111
Membranipora membranacea,kelp lace bryozoan,Animalia,1,11.0,4,1.6094379124341003,3,4,8.25,12.856343567371368,0.014411751122679525,0.0,0.0,0.0
Membraniporidae,Unknown,Animalia,0,0.0,1,0.6931471805599453,1,1,17.0,15.338544845581056,0.0367089137434959,46.0,73.0,26.0
Menesiniella regalis,Unknown,Animalia,1,2.0,6,1.9459101490553132,5,6,6.0,3.9710663557052612,-0.017333621780077635,7.666666666666667,12.0,4.0
Menticirrhus undulatus,California Corbina,Actinopterygii,1,16.0,7,2.0794415416798357,6,6,1.5714285714285714,5.048434393746512,-0.024745320102998212,6.571428571428571,10.428571428571429,3.7142857142857144
Mephitis mephitis,Striped Skunk,Mammalia,1,1.0,3,1.3862943611198906,2,3,4.666666666666667,7.75038206577301,0.18649409214655557,47.0,70.0,23.666666666666668
Mephitis mephitis holzneri,Southern California Striped Skunk,Mammalia,0,0.0,1,0.6931471805599453,1,1,0.0,0.0,0.1552100330591201,51.0,69.0,20.0
Mergus serrator,Red-breasted Merganser,Aves,1,10.0,11,2.4849066497880004,10,11,18.272727272727273,3.9724260676990855,0.07555662561208008,42.90909090909091,62.90909090909091,21.545454545454547
Merismopedia,Unknown,Unknown,0,0.0,1,0.6931471805599453,1,1,4.0,5.123410224914551,0.1412407755851745,51.0,69.0,20.0
Mesembryanthemoideae,Icefigs,Plantae,0,0.0,1,0.6931471805599453,1,1,16.0,15.133502960205078,0.0919384211301803,46.0,72.0,24.0
Mesembryanthemum,ice plants,Plantae,1,4.0,9,2.302585092994046,8,8,19.11111111111111,11.959743155373467,0.11984703358676693,44.666666666666664,71.88888888888889,25.0
Mesembryanthemum crystallinum,Crystalline ice plant,Plantae,1,70.0,230,5.442417710521793,166,188,30.67391304347826,16.428990297472996,0.11673574147988916,27.508695652173913,43.81304347826087,15.708695652173914
Mesembryanthemum nodiflorum,Slender Iceplant,Plantae,1,18.0,148,5.003946305945459,106,128,22.85810810810811,11.19956967878986,0.1089725420437438,31.054054054054053,49.41891891891892,17.83783783783784
Metacampanella subdendrophora,Unknown,Fungi,0,0.0,1,0.6931471805599453,1,1,32.0,11.90218734741211,0.2096038907766342,50.0,66.0,20.0
Metacarcinus anthonyi,Yellow Rock Crab,Animalia,1,48.0,13,2.6390573296152584,12,12,6.461538461538462,9.826117020386915,0.0006574809264678303,24.923076923076923,38.84615384615385,13.76923076923077
Metacarcinus gracilis,Graceful Rock Crab,Animalia,1,6.0,1,0.6931471805599453,1,1,2.0,5.584823131561279,-0.0803171545267105,0.0,0.0,0.0
Metacyrba taeniola,Ribbon Jumping Spider,Arachnida,0,0.0,2,1.0986122886681098,2,2,48.5,1.197543978691101,0.17253587394952768,46.5,68.0,23.0
Metaltella simoni,South American Toothed Hacklemesh Weaver,Arachnida,0,0.0,2,1.0986122886681098,1,2,69.0,10.881886959075928,0.1832621917128563,45.0,70.0,26.5
Metandrocarpa dura,Fused Orange Social Ascidian,Animalia,1,4.0,1,0.6931471805599453,1,1,0.0,0.0,-0.0433752425014972,0.0,0.0,0.0
Metapelma,Unknown,Insecta,0,0.0,1,0.6931471805599453,1,1,101.0,7.687913417816162,0.1466167122125625,51.0,68.0,23.0
Metaphidippus,Unknown,Arachnida,0,0.0,2,1.0986122886681098,2,2,47.0,7.795753479003906,0.21755158156156534,45.0,72.0,26.5
Metaphidippus diplacis,Unknown,Arachnida,0,0.0,2,1.0986122886681098,2,2,62.5,8.901660680770874,0.17971018701791758,43.0,71.5,26.5
Metapogon,Unknown,Insecta,0,0.0,1,0.6931471805599453,1,1,59.0,24.14450454711914,0.1449751108884811,0.0,0.0,0.0
Metopia,Unknown,Insecta,0,0.0,2,1.0986122886681098,2,2,81.0,7.2430291175842285,0.16741265356540674,52.0,69.5,22.5
Mexacanthina lugubris,Dark Unicorn,Mollusca,1,35.0,2,1.0986122886681098,2,2,10.5,8.948769569396973,0.0410201996564865,0.0,0.0,0.0
Mexigonus,Unknown,Arachnida,0,0.0,1,0.6931471805599453,1,1,106.0,8.28909969329834,0.1253102868795395,51.0,68.0,23.0
Mexigonus minutus,Unknown,Arachnida,0,0.0,3,1.3862943611198906,1,3,106.0,8.28909969329834,0.1253102868795395,51.0,68.0,23.0
Mexigonus morosus,Unknown,Arachnida,0,0.0,1,0.6931471805599453,1,1,98.0,7.176337242126465,0.1483525335788726,50.0,73.0,22.0
Micaria,Unknown,Arachnida,0,0.0,1,0.6931471805599453,1,1,102.0,9.910700798034668,0.1238301321864128,51.0,73.0,21.0
Micralictoides ruficaudus,Red-tailed Micro-Shortface,Insecta,1,1.0,127,4.852030263919617,22,57,62.59055118110236,12.142734779147652,0.15857909883805144,37.00787401574803,63.55905511811024,25.393700787401574
Micranthophora,Unknown,Insecta,0,0.0,43,3.784189633918261,14,32,75.93023255813954,12.3642473927764,0.15189898083376327,39.604651162790695,61.74418604651163,22.790697674418606
Microgastrinae,Unknown,Insecta,0,0.0,2,1.0986122886681098,1,2,50.5,9.009531736373901,0.14620881527662274,50.0,73.0,22.0
Microphotus angustus,California Pink Glowworm,Insecta,1,1.0,2,1.0986122886681098,2,2,68.0,7.503275513648987,0.1789125800132751,50.0,66.0,24.0
Microphthalma disjuncta,Unknown,Insecta,0,0.0,1,0.6931471805599453,1,1,77.0,5.123569965362549,0.1995322406291961,54.0,72.0,20.0
Micropterus nigricans,Largemouth Bass,Actinopterygii,0,0.0,1,0.6931471805599453,1,1,0.0,0.0,0.1885370761156082,46.0,66.0,25.0
Microrhopala rubrolineata,Unknown,Insecta,1,2.0,6,1.9459101490553132,5,5,22.166666666666668,13.984383145968119,0.15803698698679602,38.666666666666664,58.5,20.0
Microschatia inaequalis,Unknown,Insecta,1,3.0,8,2.1972245773362196,6,8,58.125,13.549677073955536,0.13681095093488688,40.625,62.5,22.25
Microseridinae,Unknown,Plantae,1,1.0,4,1.6094379124341003,4,4,46.75,10.67848026752472,0.15181049518287176,47.0,72.5,23.75
Microseris douglasii,Douglas' silverpuffs,Plantae,0,0.0,4,1.6094379124341003,3,4,33.5,9.222074627876282,0.16768500581383702,44.5,71.0,26.25
Microtus californicus,California Vole,Mammalia,0,0.0,3,1.3862943611198906,3,3,52.0,18.347406069437664,0.1564067502816518,32.333333333333336,45.0,15.0
Milichiidae,Freeloader Flies,Insecta,0,0.0,1,0.6931471805599453,1,1,57.0,5.12356424331665,0.1749230772256851,50.0,73.0,22.0
Miltogramminae,Satellite Flies,Insecta,0,0.0,2,1.0986122886681098,2,2,37.0,11.902977466583252,0.19730562716722486,44.0,69.5,26.0
Mimus polyglottos,Northern Mockingbird,Aves,1,9.0,16,2.833213344056216,12,15,13.25,2.762235775589943,0.12936261715367434,47.8125,70.125,23.25
Mirabilis,four o'clocks,Plantae,0,0.0,16,2.833213344056216,11,13,63.5625,10.96904881298542,0.16541673894971606,43.1875,66.3125,23.9375
Mirabilis laevis,Wishbone Bush,Plantae,1,12.0,245,5.5053315359323625,154,185,51.60408163265306,9.855176460986234,0.16206907306094556,43.29387755102041,67.78775510204082,23.681632653061225
Mirabilis laevis crassifolia,California Four o'Clock,Plantae,1,8.0,127,4.852030263919617,87,103,49.09448818897638,10.447533109056668,0.16446684127834835,41.488188976377955,65.83464566929133,23.503937007874015
Miridae,Plant Bugs,Insecta,1,2.0,8,2.1972245773362196,6,7,50.5,24.56310272216797,0.1618238445371389,24.375,35.25,11.625
Mirinae,Unknown,Insecta,0,0.0,1,0.6931471805599453,1,1,60.0,34.08702087402344,0.1368109583854675,0.0,0.0,0.0
Mirini,Unknown,Insecta,0,0.0,2,1.0986122886681098,2,2,36.5,7.703195989131927,0.17060107737779617,44.0,70.5,26.0
Miriquidica,Unknown,Fungi,0,0.0,1,0.6931471805599453,1,1,99.0,4.781859874725342,0.1082990244030952,49.0,71.0,22.0
Miriquidica scotopholis,Unknown,Fungi,0,0.0,1,0.6931471805599453,1,1,101.0,7.176284790039063,0.1225796043872833,53.0,71.0,20.0
Miscophini,Unknown,Insecta,0,0.0,3,1.3862943611198906,3,3,70.0,7.76555077234904,0.1731607963641484,45.666666666666664,71.33333333333333,26.0
Miscophus,Unknown,Insecta,0,0.0,1,0.6931471805599453,1,1,69.0,11.805397033691406,0.175760880112648,40.0,71.0,29.0
Mistharnophantia,Unknown,Insecta,0,0.0,1,0.6931471805599453,1,1,0.0,9.25904941558838,0.2223810702562332,42.0,69.0,28.0
Misumenoides,Unknown,Arachnida,0,0.0,1,0.6931471805599453,1,1,87.0,7.153904438018799,0.1736891716718673,50.0,73.0,22.0
Misumenoides formosipes,White-banded Crab Spider,Arachnida,0,0.0,3,1.3862943611198906,1,3,69.33333333333333,7.481310208638509,0.18035976092020667,51.333333333333336,72.66666666666667,21.333333333333332
Modiolinae,Horsemussels,Mollusca,0,0.0,1,0.6931471805599453,1,1,0.0,16.133228302001953,-0.0618839599192142,0.0,0.0,0.0
Modiolus capax,Fat Horse Mussel,Mollusca,1,1.0,3,1.3862943611198906,2,3,12.666666666666666,14.765816688537598,0.04286823095753787,15.333333333333334,24.0,8.0
Modiolus rectus,Straight Horse Mussel,Mollusca,0,0.0,1,0.6931471805599453,1,1,0.0,0.0,-0.0891793072223663,0.0,0.0,0.0
Mola mola,Common Mola,Actinopterygii,1,3.0,2,1.0986122886681098,2,2,6.5,4.943497657775879,0.03772601485252375,22.0,36.0,13.5
Mollisia,Unknown,Fungi,0,0.0,1,0.6931471805599453,1,1,10.0,8.037160873413086,0.1568896621465683,50.0,66.0,20.0
Molluginaceae,Carpetweed Family,Plantae,0,0.0,1,0.6931471805599453,1,1,47.0,3.548952579498291,0.172157347202301,55.0,73.0,18.0
Mollusca,Molluscs,Mollusca,1,1.0,2,1.0986122886681098,2,2,3.5,1.918949842453003,0.031482797116041156,24.5,35.0,11.5
Molothrus ater,Brown-headed Cowbird,Aves,0,0.0,1,0.6931471805599453,1,1,10.0,9.994858741760254,0.1497414112091064,51.0,69.0,22.0
Monoleuca occidentalis,Unknown,Insecta,0,0.0,1,0.6931471805599453,1,1,97.0,21.32648277282715,0.118396908044815,51.0,68.0,23.0
Montagnea,Unknown,Fungi,0,0.0,2,1.0986122886681098,2,2,7.5,9.200027704238892,0.18834868073463434,44.0,73.0,26.5
Mopalia muscosa,Mossy Chiton,Mollusca,1,13.0,1,0.6931471805599453,1,1,0.0,5.507930755615234,-0.0104114580899477,0.0,0.0,0.0
Mordella,Unknown,Insecta,0,0.0,6,1.9459101490553132,5,6,82.0,5.584414899349213,0.17259030044078824,47.333333333333336,70.5,24.5
Mordella hubbsi,Unknown,Insecta,0,0.0,11,2.4849066497880004,6,9,61.09090909090909,6.0463808233087715,0.16785533997145563,47.54545454545455,71.63636363636364,24.09090909090909
Mordellidae,Tumbling Flower Beetles,Insecta,0,0.0,1,0.6931471805599453,1,1,2.0,4.410859107971191,0.1652849167585373,48.0,70.0,22.0
Mordellinae,Unknown,Insecta,0,0.0,4,1.6094379124341003,3,4,50.25,11.575535595417023,0.16892343387007708,47.0,71.25,23.5
Morellia,Unknown,Insecta,0,0.0,1,0.6931471805599453,1,1,79.0,2.158238410949707,0.1897298842668533,52.0,73.0,21.0
Morus alba,white mulberry,Plantae,0,0.0,1,0.6931471805599453,1,1,5.0,2.8826687335968018,0.2413876056671142,47.0,68.0,22.0
Mucorales,Pin Molds,Fungi,0,0.0,2,1.0986122886681098,2,2,64.5,13.88404369354248,0.15693629533052444,50.0,72.0,21.5
Mucronea californica,california spineflower,Plantae,0,0.0,5,1.791759469228055,4,4,62.2,19.813733291625976,0.1434326127171516,33.0,56.2,22.8
Muellerella lecanactidis,Unknown,Fungi,0,0.0,3,1.3862943611198906,2,2,74.66666666666667,5.811447938283284,0.18149766822655988,50.333333333333336,70.0,20.666666666666668
Mugil cephalus,Sea Mullet,Actinopterygii,1,15.0,16,2.833213344056216,15,14,5.8125,6.756010442972183,0.10572154178953495,45.4375,64.5625,21.0
Muhlenbergia,muhly,Plantae,0,0.0,1,0.6931471805599453,1,1,44.0,10.595312118530272,0.1728017628192901,44.0,72.0,26.0
Muhlenbergia microsperma,littleseed muhly,Plantae,0,0.0,10,2.3978952727983707,9,10,71.6,10.905358242988587,0.15724317431449886,51.8,70.6,21.9
Muhlenbergia rigens,deergrass,Plantae,0,0.0,5,1.791759469228055,4,4,91.0,4.531302332878113,0.1498906165361404,47.8,70.4,24.2
Muraenidae,Morays,Actinopterygii,0,0.0,1,0.6931471805599453,1,1,0.0,14.074271202087402,-0.0154938669875264,0.0,0.0,0.0
Murgantia histrionica,Harlequin Bug,Insecta,1,28.0,140,4.948759890378168,106,130,36.635714285714286,17.303079377753395,0.15131891204842496,33.56428571428572,53.15714285714286,19.557142857142857
Muricea,Unknown,Animalia,1,4.0,3,1.3862943611198906,3,3,10.0,11.460073709487915,-0.05660117045044897,30.666666666666668,48.666666666666664,17.333333333333332
Muricea californica,California Golden Gorgonian,Animalia,1,4.0,1,0.6931471805599453,1,1,17.0,15.338544845581056,0.0367089137434959,46.0,73.0,26.0
Murinae,Murines,Mammalia,0,0.0,1,0.6931471805599453,1,1,8.0,5.1232590675354,0.1777959316968917,49.0,67.0,23.0
Muroidea,Muroids,Mammalia,0,0.0,2,1.0986122886681098,2,2,24.0,23.23918104171753,0.08084098668768995,0.0,0.0,0.0
Muscidae,House Flies and Allies,Insecta,0,0.0,1,0.6931471805599453,1,1,97.0,10.325724601745604,0.1668089181184768,51.0,68.0,23.0
Muscina stabulans,False Stable Fly,Insecta,0,0.0,1,0.6931471805599453,1,1,50.0,8.463471412658691,0.1767966151237487,50.0,73.0,22.0
Muscoidea,Muscoid Flies,Insecta,1,1.0,9,2.302585092994046,8,9,64.22222222222223,11.17146267493566,0.17012987699773574,43.888888888888886,62.111111111111114,19.88888888888889
Mutarda,Unknown,Plantae,0,0.0,1,0.6931471805599453,1,1,12.0,16.635696411132812,0.1856803596019745,49.0,64.0,20.0
Mutarda arvensis,charlock,Plantae,0,0.0,2,1.0986122886681098,2,2,8.0,12.151232481002808,0.22309932112693787,51.0,68.0,22.0
Mutarda nigra,Black Mustard,Plantae,0,0.0,14,2.70805020110221,12,12,17.0,10.068676718643733,0.19384156273944034,49.92857142857143,68.07142857142857,20.928571428571427
Mycena,Bonnets,Fungi,0,0.0,2,1.0986122886681098,2,2,48.0,20.685558319091797,0.20561417192220685,51.0,66.0,21.0
Mycena corticola,Bark Mycena,Fungi,0,0.0,1,0.6931471805599453,1,1,20.0,13.077030181884766,0.2102587223052978,50.0,66.0,20.0
Mycena tenerrima,frosty bonnet,Fungi,0,0.0,2,1.0986122886681098,1,1,54.5,27.13613796234131,0.2216279581189155,50.5,66.5,20.5
Mycenastrum corium,Corkstar Puffball,Fungi,0,0.0,1,0.6931471805599453,1,1,77.0,5.123569965362549,0.1995322406291961,54.0,72.0,20.0
Mycetinis copelandii,garlic mushroom,Fungi,0,0.0,1,0.6931471805599453,1,1,23.0,18.987699508666992,0.1885421276092529,48.0,71.0,22.0
Mycetophilidae,Fungus Gnats,Insecta,0,0.0,1,0.6931471805599453,1,1,84.0,6.557052135467529,0.2507578432559967,53.0,72.0,19.0
Mycetozoa,slime molds,Protozoa,0,0.0,7,2.0794415416798357,5,6,56.142857142857146,7.686495457376752,0.1700162461825779,49.285714285714285,68.71428571428571,22.571428571428573
Mycocaliciales,Unknown,Fungi,0,0.0,4,1.6094379124341003,2,3,22.75,9.108124256134033,0.18550533056259155,49.75,67.75,21.0
Mycoporum antecellens,Unknown,Fungi,0,0.0,1,0.6931471805599453,1,1,104.0,4.506414890289307,0.1034665033221244,49.0,71.0,22.0
Mygalomorphae,Mygalomorphs,Arachnida,0,0.0,1,0.6931471805599453,1,1,67.0,5.208302974700928,0.1868018507957458,40.0,71.0,29.0
Myiarchus cinerascens,Ash-throated Flycatcher,Aves,0,0.0,27,3.332204510175204,21,25,47.629629629629626,11.51115889902468,0.16736474853974798,46.629629629629626,66.22222222222223,22.703703703703702
Myliobatis californica,Bat Ray,Animalia,1,78.0,10,2.3978952727983707,8,10,9.1,14.187577533721925,0.008825492121104592,9.1,13.9,4.9
Mymaridae,Fairy Wasps,Insecta,0,0.0,1,0.6931471805599453,1,1,73.0,4.756371021270752,0.2036806643009185,52.0,73.0,21.0
Myodochini,Unknown,Insecta,0,0.0,2,1.0986122886681098,1,1,81.0,5.684954881668091,0.14507187902927393,48.5,71.0,25.0
Myomorpha,"Mice, Rats, and Hamsters",Mammalia,0,0.0,1,0.6931471805599453,1,1,0.0,17.14825439453125,-0.0181618984788656,0.0,0.0,0.0
Myoporum,Ngaios,Plantae,1,3.0,4,1.6094379124341003,4,4,53.75,16.079508781433105,0.16542216204106805,36.0,51.25,17.0
Myoporum acuminatum,Boobialla,Plantae,1,1.0,13,2.6390573296152584,5,11,37.61538461538461,11.303129544624916,0.1541876042118439,44.46153846153846,62.0,21.0
Myoporum insulare,common boobialla,Plantae,1,1.0,1,0.6931471805599453,1,1,97.0,10.49405288696289,0.1019069626927375,50.0,71.0,24.0
Myoporum laetum,Ngaio,Plantae,1,16.0,3,1.3862943611198906,3,3,45.0,9.599885940551758,0.12030507872502005,46.666666666666664,68.0,23.666666666666668
Myosurus minimus,Tiny Mousetail,Plantae,0,0.0,3,1.3862943611198906,2,1,0.0,4.30990727742513,0.16005709270636237,43.333333333333336,67.66666666666667,24.0
Myriolecis dispersa,Mortar Rim Lichen,Fungi,1,1.0,5,1.791759469228055,5,4,48.4,10.018620681762695,0.1836479008197784,50.2,68.0,21.6
Myriolecis flowersiana,Flowers' rim lichen,Fungi,0,0.0,2,1.0986122886681098,2,2,64.0,24.14145517349243,0.1294002644717693,24.5,33.5,11.0
Myrmecocystus mimicus,Mimicus-flaviceps-group Honeypot Ants,Insecta,0,0.0,1,0.6931471805599453,1,1,54.0,15.740667343139648,0.1327363103628158,40.0,71.0,29.0
Myrmecocystus testaceus,Brick Honeypot Ant,Insecta,0,0.0,7,2.0794415416798357,3,5,66.0,9.977820702961512,0.14217080601624077,41.714285714285715,70.71428571428571,28.0
Myrmecophilus,Unknown,Insecta,0,0.0,1,0.6931471805599453,1,1,0.0,2.7802884578704834,0.1749349534511566,44.0,65.0,24.0
Myrmeleon,Unknown,Insecta,0,0.0,1,0.6931471805599453,1,1,5.0,0.0,0.1540448367595672,49.0,73.0,25.0
Myrmeleon exitialis,Unknown,Insecta,0,0.0,2,1.0986122886681098,2,2,82.5,22.408711433410645,0.1718126721680164,45.5,71.5,26.5
Myrmeleontidae,Antlions and Owlflies,Insecta,0,0.0,4,1.6094379124341003,3,3,95.5,7.501862108707428,0.1358498521149158,50.0,69.25,23.25
Myrmeleontinae,Unknown,Insecta,0,0.0,1,0.6931471805599453,1,1,11.0,10.325753211975098,0.2020876407623291,42.0,69.0,28.0
Myrmicinae,Myrmicine Ants,Insecta,0,0.0,4,1.6094379124341003,4,4,46.25,12.367198824882507,0.11680705845355982,35.75,53.25,18.0
Myrtales,"myrtles, evening primroses, and allies",Plantae,0,0.0,1,0.6931471805599453,1,1,3.0,1.442425012588501,0.0903792381286621,48.0,73.0,25.0
Mythicomyiidae,Micro Bee Flies,Insecta,0,0.0,7,2.0794415416798357,4,6,48.142857142857146,17.84738745008196,0.15417410220418654,34.57142857142857,51.857142857142854,16.285714285714285
Mytiloidea,True Mussels,Mollusca,1,7.0,3,1.3862943611198906,3,3,2.6666666666666665,2.6342267990112305,0.0033390664805968673,15.666666666666666,23.666666666666668,8.333333333333334
Mytilus,Black Mussels,Mollusca,1,37.0,4,1.6094379124341003,4,4,9.0,9.853359460830688,0.049786972347646924,11.5,18.0,6.0
Mytilus californianus,California Mussel,Mollusca,1,181.0,13,2.6390573296152584,13,13,7.769230769230769,11.848587182851938,0.017229745737635176,10.615384615384615,16.692307692307693,5.6923076923076925
Mytilus galloprovincialis,Mediterranean Mussel,Mollusca,1,31.0,3,1.3862943611198906,3,3,0.0,13.912635803222656,-0.05356482913096739,0.0,0.0,0.0
Myxarium nucleatum,Crystal Brain Fungus,Fungi,0,0.0,4,1.6094379124341003,3,3,50.0,13.78849709033966,0.20738288015127176,49.75,69.25,21.5
Myxococcales,Unknown,Unknown,0,0.0,1,0.6931471805599453,1,1,25.0,11.233397483825684,0.2133229821920395,50.0,66.0,20.0
Myxomycetes,true slime molds,Protozoa,0,0.0,3,1.3862943611198906,3,3,98.66666666666667,4.973218361536662,0.1929679711659749,51.666666666666664,72.66666666666667,21.333333333333332
Myzinum,New World Banded Thynnid Wasps,Insecta,0,0.0,1,0.6931471805599453,1,1,67.0,5.208302974700928,0.1868018507957458,40.0,71.0,29.0
Myzinum maculatum,Unknown,Insecta,0,0.0,1,0.6931471805599453,1,1,66.0,8.570487022399902,0.1919686645269394,40.0,71.0,29.0
Naematelia aurantia,golden ear,Fungi,0,0.0,2,1.0986122886681098,2,2,70.0,14.710675954818726,0.2052132114768028,50.5,68.0,22.0
Nannopterum,American Cormorants,Aves,0,0.0,2,1.0986122886681098,2,2,57.5,10.19972848892212,0.0696458602324128,25.5,34.0,11.5
Nannopterum auritum,Double-crested Cormorant,Aves,1,10.0,24,3.2188758248682006,19,23,9.625,5.831077215572198,0.04833723280656461,27.833333333333332,40.75,13.541666666666666
Narnia,Unknown,Insecta,0,0.0,9,2.302585092994046,8,9,60.22222222222222,13.75046804216173,0.15985035399595893,40.44444444444444,61.77777777777778,22.555555555555557
Narnia femorata,Unknown,Insecta,0,0.0,23,3.1780538303479458,16,21,45.95652173913044,10.973351481168166,0.1544190685710181,37.869565217391305,60.47826086956522,22.695652173913043
Narnia inornata,Unknown,Insecta,0,0.0,5,1.791759469228055,5,3,78.2,6.639061832427979,0.15458381772041316,48.0,71.8,23.8
Nassella,Tussockgrasses,Plantae,0,0.0,8,2.1972245773362196,6,7,72.125,7.326458126306534,0.1583814257755875,49.25,70.125,22.125
Nassella lepida,foothill needle grass,Plantae,0,0.0,8,2.1972245773362196,8,7,95.375,8.191213130950928,0.16644953843206164,49.25,68.0,21.75
Nassella pulchra,purple needlegrass,Plantae,1,1.0,13,2.6390573296152584,13,13,60.46153846153846,7.330692823116596,0.1678069623617025,46.23076923076923,70.61538461538461,24.846153846153847
Nassella tenuissima,Mexican feathergrass,Plantae,0,0.0,1,0.6931471805599453,1,1,80.0,7.251054286956787,0.2099625021219253,53.0,72.0,19.0
Nathalis iole,Dainty Sulphur,Insecta,0,0.0,7,2.0794415416798357,5,6,25.142857142857142,13.549663543701172,0.14893869523491174,26.285714285714285,40.142857142857146,14.714285714285714
Naticidae,Moon Snails,Mollusca,1,1.0,5,1.791759469228055,4,4,3.4,7.114540696144104,0.01100555658340448,0.0,0.0,0.0
Nausigaster,Unknown,Insecta,0,0.0,1,0.6931471805599453,1,1,56.0,9.910616874694824,0.1665216088294983,54.0,72.0,20.0
Nausigaster unimaculata,Single-spotted Dimpleback,Insecta,0,0.0,4,1.6094379124341003,4,4,52.75,8.252526044845581,0.17976645380258557,46.5,70.75,24.75
Navarretia,Pincushion plants,Plantae,0,0.0,15,2.772588722239781,13,15,101.4,5.104415277640025,0.1344699238737424,50.2,70.33333333333333,22.6
Navarretia hamata,Hooked Pincushionplant,Plantae,0,0.0,162,5.093750200806762,95,124,95.08024691358025,5.898286469556667,0.14465967087466036,50.54938271604938,70.34567901234568,22.34567901234568
Navarretia hamata hamata,Hooked Navarretia,Plantae,0,0.0,1,0.6931471805599453,1,1,119.0,3.793579339981079,0.1233920902013778,53.0,73.0,20.0
Navarretia hamata leptantha,Slender-Flowered Hooked Navarretia,Plantae,0,0.0,15,2.772588722239781,14,14,90.93333333333334,7.13964212735494,0.14185446550448733,50.266666666666666,70.06666666666666,22.066666666666666
Navicula,Unknown,Chromista,0,0.0,4,1.6094379124341003,1,1,1.0,1.9759246706962585,0.15088809281587598,45.75,67.5,23.5
Neacreotrichus,Unknown,Insecta,0,0.0,7,2.0794415416798357,5,7,73.42857142857143,7.007078851972308,0.1695777071373803,49.285714285714285,71.85714285714286,23.142857142857142
Neaspilota,Unknown,Insecta,0,0.0,1,0.6931471805599453,1,1,67.0,6.851339817047119,0.1638305336236953,40.0,71.0,29.0
Nebritus pellucidus,Unknown,Insecta,0,0.0,1,0.6931471805599453,1,1,51.0,11.71001434326172,0.1272741705179214,44.0,71.0,27.0
Negha,American Square-headed Snakeflies,Insecta,0,0.0,5,1.791759469228055,5,5,78.8,8.042885780334473,0.16895549595355985,50.8,71.2,22.6
Neivamyrmex nigrescens,Black Legionary Ant,Insecta,0,0.0,3,1.3862943611198906,2,1,59.666666666666664,30.77284876505534,0.1395323425531387,0.0,0.0,0.0
Neltuma glandulosa,honey mesquite,Plantae,0,0.0,1,0.6931471805599453,1,1,6.0,1.1049487590789795,0.0466870963573455,45.0,69.0,26.0
Nemacaulis denudata,Cottonheads,Plantae,0,0.0,5,1.791759469228055,5,5,25.0,3.2552762985229493,0.1634023129940033,47.8,70.4,23.8
Nemacladus ramosissimus,Nuttall's threadplant,Plantae,0,0.0,1,0.6931471805599453,1,1,42.0,8.072874069213867,0.1816647499799728,51.0,69.0,20.0
Nematocera,Nematoceran Flies,Insecta,0,0.0,3,1.3862943611198906,3,3,51.333333333333336,16.539600372314453,0.18341104189554844,49.666666666666664,70.0,21.666666666666668
Nematoda,Nematodes,Animalia,0,0.0,1,0.6931471805599453,1,1,64.0,10.49461841583252,0.1431014090776443,48.0,71.0,25.0
Nemognatha,Unknown,Insecta,0,0.0,2,1.0986122886681098,2,2,2.5,1.7744032144546509,0.1719871014356613,40.5,70.0,26.5
Nemophila maculata,fivespot,Plantae,0,0.0,1,0.6931471805599453,1,1,105.0,8.956829071044922,0.1261528134346008,47.0,63.0,22.0
Nemophila menziesii,Menzies' baby blue eyes,Plantae,0,0.0,1,0.6931471805599453,1,1,1.0,1.854334115982056,0.2575517296791076,48.0,70.0,22.0
Nemophila menziesii integrifolia,Unknown,Plantae,0,0.0,3,1.3862943611198906,3,2,13.0,10.886968612670898,0.2067752033472061,44.0,68.66666666666667,26.333333333333332
Nemoria,Unknown,Insecta,0,0.0,1,0.6931471805599453,1,1,105.0,7.152354717254639,0.1238790228962898,51.0,68.0,23.0
Nemoria leptalea,Pink-margined Green,Insecta,0,0.0,1,0.6931471805599453,1,1,106.0,8.28909969329834,0.1253102868795395,51.0,68.0,23.0
Nemoria pistaciaria,Unknown,Insecta,0,0.0,1,0.6931471805599453,1,1,106.0,8.28909969329834,0.1253102868795395,51.0,68.0,23.0
Nemotelus,Unknown,Insecta,0,0.0,5,1.791759469228055,5,5,48.2,7.1872690439224245,0.16077247858047486,42.4,69.8,27.2
Neobernaya spadicea,Chestnut Cowry,Mollusca,1,2.0,10,2.3978952727983707,10,10,4.1,11.325895380973815,-0.028238041792064898,0.0,0.0,0.0
Neodiplocampta mira,Unknown,Insecta,0,0.0,3,1.3862943611198906,3,3,39.0,3.9369853734970093,0.1605551242828369,29.666666666666668,46.333333333333336,17.333333333333332
Neogaerrhinum strictum,Twining Snapdragon,Plantae,0,0.0,12,2.5649493574615367,9,12,80.41666666666667,5.895964841047923,0.1808833473672469,53.083333333333336,71.58333333333333,20.0
Neogale frenata,Long-tailed Weasel,Mammalia,0,0.0,1,0.6931471805599453,1,1,2.0,0.9274099469184875,0.146463081240654,41.0,71.0,24.0
Neogastropoda,Unknown,Mollusca,1,3.0,1,0.6931471805599453,1,1,0.0,0.0,-0.0756963342428207,0.0,0.0,0.0
Neolasioptera,Unknown,Insecta,0,0.0,2,1.0986122886681098,2,2,70.0,13.588404178619385,0.1518559120595455,49.5,68.5,22.0
Neolasioptera mimuli,Unknown,Insecta,0,0.0,2,1.0986122886681098,2,2,61.0,7.727756023406982,0.20435344427824015,51.5,71.0,20.5
Neoliodidae,Unknown,Arachnida,0,0.0,1,0.6931471805599453,1,1,81.0,12.605154037475586,0.1832794547080993,50.0,66.0,24.0
Neophyllura,Unknown,Insecta,0,0.0,1,0.6931471805599453,1,1,92.0,3.438678979873657,0.1402206867933273,53.0,72.0,19.0
Neoscona arabesca,Arabesque Orbweaver,Arachnida,0,0.0,1,0.6931471805599453,1,1,66.0,12.236190795898438,0.1483278274536132,50.0,66.0,24.0
Neoscona crucifera,Spotted Orbweaver,Arachnida,0,0.0,2,1.0986122886681098,2,2,98.5,5.06362247467041,0.1414125114679336,51.5,69.0,24.0
Neoscona oaxacensis,Western Spotted Orbweaver,Arachnida,0,0.0,1,0.6931471805599453,1,1,6.0,4.411728382110596,0.151728868484497,48.0,72.0,23.0
Neotephritis,Unknown,Insecta,0,0.0,1,0.6931471805599453,1,1,66.0,8.909247398376465,0.1895113289356231,50.0,73.0,22.0
Neotephritis finalis,Sunflower Seed Maggot,Insecta,1,1.0,22,3.1354942159291497,9,20,67.36363636363636,8.64133071899414,0.165421823547645,47.90909090909091,68.77272727272727,20.90909090909091
Neoterebra pedroana,San Pedro Auger,Mollusca,1,11.0,4,1.6094379124341003,4,4,7.0,9.870563745498657,-0.01312860171310605,11.5,18.25,6.5
Neoterpes edwardsata,Unknown,Insecta,0,0.0,1,0.6931471805599453,1,1,70.0,8.36038589477539,0.1679818481206894,40.0,71.0,29.0
Neotoma,Unknown,Mammalia,0,0.0,13,2.6390573296152584,11,12,88.0,7.143792684261616,0.1565521262012995,50.07692307692308,68.46153846153847,22.23076923076923
Neotoma fuscipes,Dusky-footed Woodrat,Mammalia,0,0.0,1,0.6931471805599453,1,1,96.0,7.154036998748779,0.1821181774139404,50.0,69.0,23.0
Neotoma macrotis,Big-eared Woodrat,Mammalia,0,0.0,3,1.3862943611198906,3,3,106.66666666666667,3.5480162302652993,0.14800483981768287,49.666666666666664,65.66666666666667,21.333333333333332
Neotominae,North American Mice and Rats,Mammalia,0,0.0,2,1.0986122886681098,2,2,4.5,0.5524154305458069,0.1832681968808174,45.0,67.5,22.0
Neotrypaea californiensis,Bay Ghost Shrimp,Animalia,0,0.0,2,1.0986122886681098,2,2,14.0,8.106618762016296,0.04886196367442605,22.5,34.5,13.0
Neotrypetes,Unknown,Insecta,0,0.0,17,2.8903717578961645,6,13,74.29411764705883,7.25579041593215,0.16144333166234628,46.1764705882353,69.88235294117646,25.294117647058822
Neottiglossa,Unknown,Insecta,0,0.0,1,0.6931471805599453,1,1,5.0,5.2080817222595215,0.1517946571111679,50.0,66.0,20.0
Nepticulidae,Pygmy Eye-capped Moths,Insecta,0,0.0,1,0.6931471805599453,1,1,115.0,3.793669700622559,0.1453472077846527,52.0,73.0,21.0
Neriene,Unknown,Arachnida,0,0.0,1,0.6931471805599453,1,1,20.0,13.077030181884766,0.2102587223052978,50.0,66.0,20.0
Nerium oleander,oleander,Plantae,0,0.0,12,2.5649493574615367,10,12,5.583333333333333,1.1955203413963318,0.046004554567237614,45.5,69.66666666666667,25.833333333333332
Nettastomatidae,Duckbill Eels,Actinopterygii,0,0.0,1,0.6931471805599453,1,1,15.0,11.063549995422363,0.0487603917717933,0.0,0.0,0.0
Neuroterus fragilis,Unknown,Insecta,0,0.0,6,1.9459101490553132,6,6,94.16666666666667,9.432324727376303,0.15525718033313748,49.833333333333336,69.5,23.5
Neuroterus saltatorius,Jumping Gall Wasp,Insecta,0,0.0,2,1.0986122886681098,2,2,107.0,7.0788114070892325,0.15251300483942032,49.5,67.0,22.0
Neverita,Unknown,Mollusca,0,0.0,1,0.6931471805599453,1,1,0.0,3.311347007751465,0.0373396575450897,47.0,71.0,25.0
Neverita lewisii,Lewis's Moon Snail,Mollusca,1,1.0,2,1.0986122886681098,2,2,0.0,0.0,-0.04323178995400665,0.0,0.0,0.0
Nezara viridula,Southern Green Stink Bug,Insecta,0,0.0,1,0.6931471805599453,1,1,19.0,20.858386993408203,0.1543194502592086,51.0,69.0,22.0
Nezarini,Unknown,Insecta,0,0.0,1,0.6931471805599453,1,1,0.0,0.0,-0.0742896273732185,0.0,0.0,0.0
Niambia capensis,African Cape Isopod,Animalia,0,0.0,1,0.6931471805599453,1,1,3.0,12.219250679016112,0.21621735394001,42.0,69.0,28.0
Nicotiana,tobaccos,Plantae,0,0.0,4,1.6094379124341003,4,4,64.0,7.106641888618469,0.17683610692620272,51.75,72.25,20.75
Nicotiana clevelandii,Cleveland's tobacco,Plantae,0,0.0,2,1.0986122886681098,1,2,46.5,8.917297840118408,0.14659845829010004,50.0,72.5,22.0
Nicotiana glauca,tree tobacco,Plantae,1,10.0,11,2.4849066497880004,10,10,45.36363636363637,12.556872671300715,0.1646273163231936,48.36363636363637,69.54545454545455,23.363636363636363
Nicotiana quadrivalvis,Indian tobacco,Plantae,0,0.0,97,4.584967478670572,50,87,59.18556701030928,6.525689899921417,0.1549170646317226,51.2680412371134,72.16494845360825,21.237113402061855
Niebla cephalota,Powdery Sea-Fog Lichen,Fungi,0,0.0,9,2.302585092994046,6,8,25.333333333333332,7.5178446306122675,0.17245519657929734,48.111111111111114,70.0,22.555555555555557
Niebla ceruchis,Unknown,Fungi,0,0.0,5,1.791759469228055,4,4,29.2,13.767160987854004,0.1570358961820602,35.8,57.8,21.2
Niebla homalea,Armored Sea-Fog Lichen,Fungi,0,0.0,5,1.791759469228055,4,5,90.8,5.822503757476807,0.12162102460861204,49.6,69.2,23.8
Nitelopterus,Unknown,Insecta,0,0.0,1,0.6931471805599453,1,1,9.0,2.395049571990967,0.152923583984375,50.0,68.0,20.0
Nitidulidae,Sap-feeding Beetles,Insecta,0,0.0,2,1.0986122886681098,2,2,66.5,14.181825637817383,0.14895587414503095,44.5,71.5,26.5
Nitops pallipennis,Cactus Sap Beetle,Insecta,0,0.0,5,1.791759469228055,4,4,64.6,7.70211238861084,0.18213060498237604,48.2,68.6,23.0
Nitzschia,Unknown,Chromista,0,0.0,4,1.6094379124341003,1,2,1.0,1.9759246706962585,0.15414360538125035,46.5,68.0,23.0
Nitzschia acicularis,Unknown,Chromista,0,0.0,1,0.6931471805599453,1,1,0.0,0.0,0.109486386179924,44.0,68.0,26.0
Nitzschia sigma,Unknown,Chromista,0,0.0,1,0.6931471805599453,1,1,0.0,0.0,0.109486386179924,44.0,68.0,26.0
Nitzschia sigmoidea,Unknown,Chromista,0,0.0,2,1.0986122886681098,1,1,0.0,0.0,0.14120609313249585,44.0,66.5,25.0
Noctueliopsis,Unknown,Insecta,0,0.0,1,0.6931471805599453,1,1,59.0,24.14450454711914,0.1449751108884811,0.0,0.0,0.0
Noctuidae,Cutworm Moths and Allies,Insecta,0,0.0,6,1.9459101490553132,5,5,52.166666666666664,14.07308038075765,0.14292809615532553,34.5,57.833333333333336,22.666666666666668
Nolanea,Unknown,Fungi,0,0.0,1,0.6931471805599453,1,1,52.0,39.05693054199219,0.1404322385787964,0.0,0.0,0.0
Nomada,Nomad Bees,Insecta,0,0.0,23,3.1780538303479458,10,18,41.43478260869565,9.641947020655094,0.16192947198515348,40.65217391304348,64.91304347826087,23.47826086956522
Nomada formula,Unknown,Insecta,0,0.0,6,1.9459101490553132,4,6,71.0,9.377394199371338,0.16008747120698288,48.333333333333336,71.33333333333333,23.5
Nomada suavis,Suave Nomad Bee,Insecta,0,0.0,8,2.1972245773362196,5,8,23.125,5.324257791042328,0.15672829374670977,43.0,71.125,25.875
Nomada vegana,Unknown,Insecta,1,2.0,7,2.0794415416798357,3,6,47.285714285714285,7.26717335837228,0.15373852636132918,44.857142857142854,70.42857142857143,25.857142857142858
Nostoc,Unknown,Unknown,0,0.0,2,1.0986122886681098,2,2,75.0,13.934324264526367,0.19158433377742765,49.5,70.5,23.0
Nostoc commune,Unknown,Unknown,0,0.0,2,1.0986122886681098,1,1,108.0,6.464860916137695,0.1327279210090637,49.0,72.0,22.0
Notaphus,Unknown,Insecta,0,0.0,3,1.3862943611198906,2,2,0.6666666666666666,3.0826069911321006,0.19161904851595557,45.333333333333336,66.0,24.0
Novisuccinea,Unknown,Mollusca,0,0.0,1,0.6931471805599453,1,1,108.0,6.464860916137695,0.1327279210090637,49.0,72.0,22.0
Nucella,Unknown,Mollusca,1,2.0,1,0.6931471805599453,1,1,0.0,0.0,0.0864918008446693,0.0,0.0,0.0
Nucella emarginata,Emarginate Dogwinkle,Mollusca,0,0.0,1,0.6931471805599453,1,1,11.0,11.497719764709473,0.1389847099781036,46.0,72.0,24.0
Numenius,Curlews,Aves,0,0.0,4,1.6094379124341003,4,4,4.25,12.69906210899353,0.010642397566698474,0.0,0.0,0.0
Numenius americanus,Long-billed Curlew,Aves,1,6.0,82,4.418840607796598,71,70,2.3658536585365852,8.738997811951288,-0.01096641415838015,9.646341463414634,14.609756097560975,5.121951219512195
Numenius hudsonicus,Hudsonian Whimbrel,Aves,1,218.0,101,4.624972813284271,91,94,5.1683168316831685,9.622346599503318,0.008355406916638058,12.782178217821782,19.900990099009903,7.108910891089109
Nuttallina,Unknown,Mollusca,1,7.0,2,1.0986122886681098,1,1,7.5,9.956096172332764,0.0183940264396369,0.0,0.0,0.0
Nuttallina californica,California Spiny Chiton,Mollusca,1,123.0,16,2.833213344056216,16,16,9.75,10.99085146188736,0.014786047860980044,14.375,22.5625,7.625
Nyctaginaceae,four o'clock family,Plantae,0,0.0,3,1.3862943611198906,3,3,52.666666666666664,7.834204355875651,0.18260160585244492,42.666666666666664,71.33333333333333,27.333333333333332
Nyctanassa violacea,Yellow-crowned Night Heron,Aves,0,0.0,1,0.6931471805599453,1,1,4.0,0.0,0.1249566152691841,49.0,70.0,23.0
Nycteola,Unknown,Insecta,0,0.0,1,0.6931471805599453,1,1,5.0,5.751406192779541,-0.0024452051147818,0.0,0.0,0.0
Nycticorax nycticorax,Black-crowned Night Heron,Aves,1,9.0,3,1.3862943611198906,3,3,7.0,7.311969836552939,0.15895570069551465,49.333333333333336,72.0,24.0
Nycticorax nycticorax hoactli,American Black-crowned Night Heron,Aves,0,0.0,1,0.6931471805599453,1,1,0.0,0.0,0.0929425433278083,51.0,69.0,20.0
Nyctiphalerus rugipennis,Unknown,Insecta,0,0.0,2,1.0986122886681098,1,1,115.5,5.323132753372192,0.12934616208076474,52.5,73.0,20.5
Nyctoporis,Unknown,Insecta,0,0.0,1,0.6931471805599453,1,1,126.0,12.2359037399292,0.1801709681749344,46.0,62.0,21.0
Nyctoporis carinata,Armored night-walker,Insecta,0,0.0,2,1.0986122886681098,2,2,65.0,13.582379817962646,0.15616828948259348,45.0,67.5,26.0
Nyia,Unknown,Insecta,0,0.0,1,0.6931471805599453,1,1,92.0,4.506549835205078,0.1672810316085815,48.0,71.0,25.0
Nymphalis antiopa,Mourning Cloak,Insecta,1,1.0,7,2.0794415416798357,7,7,39.714285714285715,12.223184585571289,0.18417948697294503,49.285714285714285,68.85714285714286,22.0
Nysius,False chinch bugs,Insecta,0,0.0,2,1.0986122886681098,2,2,68.0,7.644820928573608,0.1926963701844215,51.0,73.0,21.5
Ochlodes sylvanoides,Woodland Skipper,Insecta,0,0.0,1,0.6931471805599453,1,1,69.0,5.50870418548584,0.170331135392189,50.0,73.0,22.0
Ochrolechia,Crabseye Lichens,Fungi,0,0.0,5,1.791759469228055,4,5,50.0,9.461170482635499,0.16971299350261684,48.2,69.0,23.6
Ochrolechia africana,Frosty Saucer,Fungi,0,0.0,18,2.9444389791664403,7,13,61.27777777777778,12.062070863114464,0.1857417755656772,49.0,67.72222222222223,22.5
Ochrolechia androgyna,Powdery Saucer Lichen,Fungi,0,0.0,1,0.6931471805599453,1,1,82.0,4.782939910888672,0.1578041464090347,45.0,70.0,28.0
Ochrolechiaceae,Unknown,Fungi,0,0.0,1,0.6931471805599453,1,1,73.0,14.624289512634276,0.158021405339241,51.0,65.0,21.0
Ochrophyta,Unknown,Chromista,0,0.0,1,0.6931471805599453,1,1,8.0,7.902680397033691,0.023090872913599,0.0,0.0,0.0
Octinodes,Unknown,Insecta,0,0.0,1,0.6931471805599453,1,1,52.0,12.794121742248535,0.1358527392148971,50.0,73.0,22.0
Octocorallia,Octocorals,Animalia,0,0.0,1,0.6931471805599453,1,1,0.0,0.0,-0.0755430459976196,0.0,0.0,0.0
Octopoda,Octopuses,Mollusca,1,6.0,1,0.6931471805599453,1,1,0.0,0.0,-0.0844463557004928,0.0,0.0,0.0
Octopus,Unknown,Mollusca,1,17.0,1,0.6931471805599453,1,1,13.0,36.19209671020508,0.030251421034336,0.0,0.0,0.0
Octopus bimaculoides,Lesser Two-spot Octopus,Mollusca,1,97.0,2,1.0986122886681098,2,2,9.5,9.700200080871582,0.0810377914458513,23.0,36.0,12.0
Odocoileus,White-tailed and Mule Deer,Mammalia,0,0.0,1,0.6931471805599453,1,1,100.0,9.884733200073242,0.1193981990218162,53.0,71.0,20.0
Odocoileus hemionus,Mule Deer,Mammalia,0,0.0,19,2.995732273553991,13,19,12.368421052631579,9.485893578905808,0.18591949069186256,48.10526315789474,68.84210526315789,23.36842105263158
Odocoileus hemionus fuliginatus,Southern Mule Deer,Mammalia,0,0.0,4,1.6094379124341003,4,4,50.5,8.560314536094666,0.21885678917169568,47.75,68.75,23.5
Odonata,Dragonflies and Damselflies,Insecta,0,0.0,1,0.6931471805599453,1,1,69.0,22.61054039001465,0.1286544799804687,40.0,69.0,28.0
Odontoloxozus,Unknown,Insecta,0,0.0,1,0.6931471805599453,1,1,10.0,11.813278198242188,0.1031567454338073,0.0,0.0,0.0
Odontoloxozus longicornis,Longhorn Cactus Fly,Insecta,0,0.0,2,1.0986122886681098,2,2,68.5,16.00934910774231,0.153141401708126,40.0,70.0,28.5
Odontomyia,Unknown,Insecta,0,0.0,1,0.6931471805599453,1,1,4.0,5.123410224914551,0.1412407755851745,51.0,69.0,20.0
Odontoscelis,Unknown,Insecta,0,0.0,1,0.6931471805599453,1,1,5.0,3.5488064289093018,0.1985486000776291,38.0,71.0,29.0
Oecanthus,Common Tree Crickets,Insecta,1,1.0,3,1.3862943611198906,3,3,60.333333333333336,8.604185740152994,0.19058500727017721,50.0,67.66666666666667,22.666666666666668
Oecanthus californicus,Western Tree Cricket,Insecta,0,0.0,5,1.791759469228055,5,5,84.6,7.814209985733032,0.16202340126037593,49.2,69.4,23.8
Oedaleinae,Unknown,Insecta,0,0.0,1,0.6931471805599453,1,1,64.0,10.33124542236328,0.2094489485025406,50.0,71.0,25.0
Oedipodinae,Bandwing Grasshoppers,Insecta,0,0.0,4,1.6094379124341003,4,4,57.5,15.180570781230927,0.1765356548130512,34.25,52.5,18.5
Oedogonium,Unknown,Plantae,0,0.0,1,0.6931471805599453,1,1,0.0,0.0,0.1901338100433349,44.0,68.0,24.0
Oenothera,"evening primroses, sundrops, and beeblossoms",Plantae,0,0.0,1,0.6931471805599453,1,1,66.0,9.361105918884276,0.164520189166069,40.0,71.0,29.0
Oenothera drummondii,beach evening-primrose,Plantae,0,0.0,1,0.6931471805599453,1,1,56.0,30.40968513488769,0.1351160854101181,0.0,0.0,0.0
Oenothera elata,tall evening primrose,Plantae,0,0.0,3,1.3862943611198906,2,3,2.0,4.2899510860443115,0.14589187502861017,45.0,70.0,24.0
Oenothera elata hirsutissima,hairy evening primrose,Plantae,0,0.0,1,0.6931471805599453,1,1,1.0,2.2087645530700684,0.255199521780014,45.0,70.0,23.0
Oestroidea,"Bot Flies, Blow Flies, and Allies",Insecta,1,1.0,16,2.833213344056216,6,16,55.25,9.081901863217354,0.1600721287541091,43.6875,65.75,22.875
Oidaematophorini,Unknown,Insecta,0,0.0,2,1.0986122886681098,2,2,105.0,6.299593210220337,0.1320677101612091,51.0,68.0,23.0
Olea europaea,Olive,Plantae,0,0.0,1,0.6931471805599453,1,1,70.0,11.389453887939451,0.1620119661092758,53.0,73.0,20.0
Oletheriostrigula papulosa,Unknown,Fungi,0,0.0,1,0.6931471805599453,1,1,1.0,1.442414402961731,0.1254367083311081,45.0,69.0,26.0
Oligomeris linifolia,lineleaf whitepuff,Plantae,1,1.0,6,1.9459101490553132,6,5,103.33333333333333,9.417793353398642,0.1278918099900086,52.666666666666664,73.33333333333333,20.333333333333332
Olios,Golden Huntsman Spiders,Arachnida,0,0.0,1,0.6931471805599453,1,1,66.0,9.361105918884276,0.164520189166069,40.0,71.0,29.0
Olios giganteus,Giant Crab Spider,Arachnida,0,0.0,1,0.6931471805599453,1,1,17.0,12.23586654663086,0.2084158211946487,50.0,64.0,22.0
Olividae,Olive Snails,Mollusca,0,0.0,1,0.6931471805599453,1,1,11.0,8.957490921020508,0.0614411942660808,46.0,72.0,24.0
Oloptum,Unknown,Plantae,0,0.0,2,1.0986122886681098,1,1,13.0,9.053825378417969,0.2045054510235786,49.5,65.5,20.0
Oloptum miliaceum,Smilo Grass,Plantae,0,0.0,15,2.772588722239781,14,15,39.2,11.946034161249797,0.19742415845394132,49.86666666666667,67.53333333333333,21.066666666666666
Omorgus suberosus,Hide beetle,Insecta,0,0.0,1,0.6931471805599453,1,1,2.0,1.1047649383544922,0.1696696579456329,50.0,69.0,24.0
Omphalotus olivascens,western jack-o'-lantern,Fungi,0,0.0,7,2.0794415416798357,7,7,71.71428571428571,7.805730930396488,0.18308033900601517,51.0,70.0,22.285714285714285
Onagraceae,evening primrose family,Plantae,0,0.0,22,3.1354942159291497,20,22,49.95454545454545,18.724186702208087,0.13466193171387364,30.863636363636363,48.09090909090909,17.59090909090909
Onagrandrena,Unknown,Insecta,0,0.0,8,2.1972245773362196,5,6,58.5,28.196428775787354,0.14111185073852536,0.0,0.0,0.0
Oncopeltus fasciatus,Large Milkweed Bug,Insecta,0,0.0,3,1.3862943611198906,2,3,44.666666666666664,15.583871682484945,0.11484806487957637,43.0,70.33333333333333,27.333333333333332
Oncosiphon pilulifer,stinknet,Plantae,1,4.0,6,1.9459101490553132,5,5,39.0,10.42018429438273,0.18539503589272496,51.166666666666664,68.66666666666667,20.166666666666668
Oniscidea,"Woodlice, Pillbugs, and Rock Slaters",Animalia,0,0.0,1,0.6931471805599453,1,1,9.0,12.110357284545898,0.0139814335852861,0.0,0.0,0.0
Oonopidae,Goblin spiders,Arachnida,0,0.0,1,0.6931471805599453,1,1,72.0,1.4423161745071411,0.1799259930849075,40.0,71.0,29.0
Opegrapha,Unknown,Fungi,0,0.0,1,0.6931471805599453,1,1,104.0,2.1580841541290283,0.1145932152867317,51.0,67.0,22.0
Opegrapha vulgata,Common Scribble,Fungi,0,0.0,1,0.6931471805599453,1,1,62.0,4.506630897521973,0.1978676319122314,50.0,68.0,23.0
Opegraphaceae,Unknown,Fungi,0,0.0,1,0.6931471805599453,1,1,100.0,10.331608772277832,0.1726118624210357,51.0,69.0,22.0
Ophidiidae,Cusk-eels,Actinopterygii,0,0.0,1,0.6931471805599453,1,1,0.0,0.0,-0.0014460701495409,0.0,0.0,0.0
Ophiodermella inermis,Snakeskin Turrid,Mollusca,1,2.0,2,1.0986122886681098,2,2,8.0,12.688711404800415,0.0119356270879507,0.0,0.0,0.0
Ophion,Unknown,Insecta,0,0.0,2,1.0986122886681098,2,2,93.0,6.972115993499756,0.16514943540096277,50.0,70.0,23.5
Ophiothrix,Unknown,Animalia,1,2.0,1,0.6931471805599453,1,1,4.0,0.0,0.0486105978488922,0.0,0.0,0.0
Ophiothrix spiculata,Western Spiny Brittle Star,Animalia,1,23.0,1,0.6931471805599453,1,1,6.0,8.818087577819824,0.0394786968827247,0.0,0.0,0.0
Opogona omoscopa,Detritus Moth,Insecta,0,0.0,1,0.6931471805599453,1,1,72.0,1.4423161745071411,0.1812272667884826,40.0,71.0,29.0
Opuntia,Prickly Pears,Plantae,1,28.0,576,6.3578422665081,406,412,67.31597222222223,10.687854869705108,0.1530574990966771,41.05555555555556,62.032986111111114,22.333333333333332
Opuntia chlorotica,Pancake Pricklypear,Plantae,0,0.0,1,0.6931471805599453,1,1,5.0,3.548802137374878,0.1600962728261947,38.0,71.0,29.0
Opuntia depressa,depressa cactus,Plantae,0,0.0,1,0.6931471805599453,1,1,87.0,15.706348419189451,0.2010568678379058,51.0,70.0,23.0
Opuntia engelmannii,Engelmann's Pricklypear,Plantae,0,0.0,10,2.3978952727983707,10,10,77.7,8.413405549526214,0.15760102868080134,48.5,69.8,24.5
Opuntia ficus-indica,Indian fig opuntia,Plantae,1,21.0,205,5.327876168789581,161,175,75.80975609756098,9.685040186091166,0.15258939967649734,43.834146341463416,65.72195121951219,24.2
Opuntia leucotricha,Arborescent Pricklypear,Plantae,0,0.0,3,1.3862943611198906,3,3,46.666666666666664,12.038996060689291,0.16263855497042337,43.333333333333336,68.0,26.666666666666668
Opuntia lindheimeri,Texas Pricklypear,Plantae,0,0.0,1,0.6931471805599453,1,1,40.0,14.088210105895996,0.1043962463736534,44.0,71.0,27.0
Opuntia littoralis,Coastal Pricklypear,Plantae,1,44.0,627,6.4425401664681985,402,448,66.51993620414673,11.724458421151224,0.15364564431792616,40.93620414673046,61.355661881977674,21.741626794258373
Opuntia microdasys,Bunny Ears Cactus,Plantae,1,1.0,1,0.6931471805599453,1,1,0.0,6.600637912750244,0.0168918911367654,0.0,0.0,0.0
Opuntia orbiculata,Western Pricklypear,Plantae,0,0.0,1,0.6931471805599453,1,1,72.0,6.163002014160156,0.1524463146924972,52.0,73.0,21.0
Opuntia oricola,Chaparral Pricklypear,Plantae,1,7.0,125,4.836281906951478,87,106,73.728,10.425321218013764,0.15153918266296384,45.008,66.864,23.144
Opuntia phaeacantha,Brown-spined Pricklypear,Plantae,0,0.0,5,1.791759469228055,5,5,50.0,7.9555792808532715,0.13904933929443355,37.6,57.0,20.2
Opuntia robusta,nopal tapón,Plantae,0,0.0,2,1.0986122886681098,1,2,130.0,5.321928262710571,0.19041888415813446,43.0,61.0,25.0
Opuntia semispinosa,Unknown,Plantae,1,3.0,42,3.7612001156935624,26,35,71.57142857142857,9.664733188492912,0.1568510993605568,45.595238095238095,66.57142857142857,23.61904761904762
Opuntia × demissa,Unknown,Plantae,1,1.0,61,4.127134385045092,42,50,71.29508196721312,8.281270034977647,0.15378016636508407,44.622950819672134,66.06557377049181,23.311475409836067
Opuntia × occidentalis,California Pricklypear,Plantae,1,1.0,7,2.0794415416798357,5,7,53.857142857142854,15.064290387289864,0.1458024659327098,49.42857142857143,70.14285714285714,23.142857142857142
Opuntia × vaseyi,Vasey's Pricklypear,Plantae,1,1.0,3,1.3862943611198906,3,3,7.666666666666667,8.040611783663431,0.15345210954546926,46.333333333333336,71.0,25.0
Opuntioideae,Unknown,Plantae,0,0.0,3,1.3862943611198906,3,3,70.0,11.312913417816162,0.12486228098471956,33.0,46.333333333333336,16.0
Orcinus orca,Orca,Mammalia,0,0.0,1,0.6931471805599453,1,1,29.0,13.029356956481934,0.1203004717826843,0.0,0.0,0.0
Orgyia,Unknown,Insecta,0,0.0,35,3.58351893845611,30,34,60.885714285714286,17.70286192042487,0.14088662681835035,36.142857142857146,58.0,22.0
Orgyia vetusta,Western Tussock Moth,Insecta,0,0.0,66,4.204692619390966,55,56,57.015151515151516,17.488700646342654,0.14153530787337906,30.28787878787879,48.95454545454545,18.545454545454547
Orgyiini,Unknown,Insecta,0,0.0,7,2.0794415416798357,6,7,56.42857142857143,15.689377103533063,0.12363614354814799,37.857142857142854,60.285714285714285,22.428571428571427
Orius tristicolor,Minute Pirate Bug,Insecta,0,0.0,3,1.3862943611198906,2,3,52.333333333333336,7.0367129643758135,0.09414634977777797,34.333333333333336,47.0,13.666666666666666
Orphulella,Unknown,Insecta,0,0.0,1,0.6931471805599453,1,1,0.0,6.450088977813721,0.2491222470998764,42.0,69.0,28.0
Orphulella pelidna,Spotted-winged Grasshopper,Insecta,0,0.0,8,2.1972245773362196,4,8,3.375,6.008316725492477,0.17766270786523813,45.25,68.375,25.5
Orsillinae,Unknown,Insecta,0,0.0,2,1.0986122886681098,2,2,30.5,13.628825426101686,0.1823206096887588,50.5,73.5,23.5
Ortholasma coronadense,Unknown,Arachnida,0,0.0,1,0.6931471805599453,1,1,56.0,7.070412635803223,0.1743523031473159,51.0,69.0,20.0
Orthoptera,"Grasshoppers, Crickets, and Katydids",Insecta,0,0.0,2,1.0986122886681098,2,2,34.5,11.305270195007324,0.14890882372856135,43.0,67.5,26.5
Orthorrhapha,Orthorrhaphan Flies,Insecta,0,0.0,2,1.0986122886681098,1,2,82.0,9.653469800949097,0.162148430943489,52.5,71.0,21.5
Orthotrichaceae,Unknown,Plantae,0,0.0,1,0.6931471805599453,1,1,43.0,18.149789810180664,0.2004365622997284,50.0,65.0,20.0
Orthotrichum,Bristle mosses,Plantae,0,0.0,2,1.0986122886681098,2,2,45.0,13.284480333328247,0.19849798828363413,50.0,68.5,23.5
Orthotrichum pumilum,Unknown,Plantae,0,0.0,2,1.0986122886681098,2,2,36.5,11.93080186843872,0.1773797795176506,48.0,68.5,22.0
Oscillatoria,Unknown,Unknown,1,1.0,2,1.0986122886681098,1,1,0.0,0.0,0.14981009811162946,44.0,68.0,25.0
Oscillatoriales,Unknown,Unknown,0,0.0,1,0.6931471805599453,1,1,0.0,0.0,0.1901338100433349,44.0,68.0,24.0
Osmadenia tenella,False Rosinweed,Plantae,0,0.0,406,6.008813185442595,213,298,64.63054187192118,16.59436147920604,0.14601664955319438,32.52709359605911,54.48275862068966,21.366995073891626
Osmia,Mason Bees,Insecta,0,0.0,8,2.1972245773362196,6,8,36.5,18.40822321176529,0.15867180190980432,41.375,60.5,20.875
Osmia coloradensis,Colorado Mason,Insecta,0,0.0,2,1.0986122886681098,2,2,18.0,22.95795059204102,0.21107896417379374,51.0,74.0,25.0
Osmiini,Unknown,Insecta,0,0.0,21,3.091042453358316,6,13,71.14285714285714,7.317237785884312,0.15873849746726804,47.38095238095238,69.76190476190476,24.238095238095237
Ostrea lurida,Olympia Oyster,Mollusca,1,3.0,2,1.0986122886681098,1,2,0.0,0.0,-0.03666796628385785,0.0,0.0,0.0
Ostreida,Oysters and Allies,Mollusca,0,0.0,2,1.0986122886681098,2,2,11.5,13.571507453918457,0.052877036388963405,23.0,36.0,12.0
Ostreidae,True Oysters,Mollusca,1,3.0,2,1.0986122886681098,2,2,7.5,7.869838237762451,0.11590286716818805,23.0,36.0,12.0
Ostropales,"script lichens, whitewash lichens, and allies",Fungi,0,0.0,2,1.0986122886681098,2,2,62.5,10.128002166748047,0.20261733978986735,50.0,69.0,21.5
Otala lactea,Milk Snail,Mollusca,0,0.0,7,2.0794415416798357,7,7,16.285714285714285,16.582008634294784,0.1851905328886849,50.42857142857143,71.42857142857143,23.428571428571427
Otospermophilus beecheyi,California Ground Squirrel,Mammalia,1,24.0,253,5.537334267018537,204,221,38.4901185770751,13.052035505356995,0.10781128705652213,23.8300395256917,37.644268774703555,14.055335968379447
Ottleya,Unknown,Plantae,0,0.0,1,0.6931471805599453,1,1,75.0,11.249042510986328,0.137820765376091,40.0,69.0,28.0
Oxalis corniculata,Creeping Woodsorrel,Plantae,0,0.0,1,0.6931471805599453,1,1,18.0,9.19877815246582,0.2138177007436752,50.0,67.0,20.0
Oxalis pes-caprae,Bermuda buttercup,Plantae,1,3.0,112,4.727387818712341,65,99,34.732142857142854,7.067959676363638,0.14172518732292308,37.276785714285715,54.330357142857146,18.303571428571427
Oxyopes,Grass Lynx Spiders,Arachnida,0,0.0,1,0.6931471805599453,1,1,5.0,6.450099468231201,0.2305957078933715,42.0,69.0,28.0
Oxyopes salticus,Striped Lynx Spider,Arachnida,0,0.0,2,1.0986122886681098,2,2,4.0,5.362192273139954,0.1962231993675232,38.0,71.0,29.0
Oxyopes tridens,Unknown,Arachnida,0,0.0,3,1.3862943611198906,3,3,27.666666666666668,5.110000848770142,0.17612968881924942,42.666666666666664,71.66666666666667,26.333333333333332
Oxyura jamaicensis,Ruddy Duck,Aves,0,0.0,2,1.0986122886681098,2,2,0.0,0.0,0.1386432200670242,48.0,68.0,21.0
Pachnolepia,Unknown,Fungi,0,0.0,1,0.6931471805599453,1,1,36.0,30.142732620239254,0.1512271761894226,51.0,74.0,25.0
Pachnolepia pruinata,Unknown,Fungi,0,0.0,3,1.3862943611198906,1,3,68.33333333333333,13.310884634653727,0.16576247910658518,48.666666666666664,69.66666666666667,23.0
Pachygrapsus crassipes,Striped Shore Crab,Animalia,1,264.0,146,4.990432586778736,127,122,7.86986301369863,10.468817981955123,0.057684747618822405,20.027397260273972,31.10958904109589,11.164383561643836
Paciocinebrina gracillima,Graceful Rocksnail,Mollusca,0,0.0,1,0.6931471805599453,1,1,0.0,2.7802884578704834,0.1126831248402595,47.0,69.0,26.0
Paguroidea,Hermit Crabs,Animalia,1,5.0,1,0.6931471805599453,1,1,0.0,16.133901596069336,-0.0173745825886726,0.0,0.0,0.0
Pagurus samuelis,Blueband Hermit Crab,Animalia,1,176.0,1,0.6931471805599453,1,1,0.0,0.0,-0.0756963342428207,0.0,0.0,0.0
Palaemon macrodactylus,Oriental Shrimp,Animalia,0,0.0,3,1.3862943611198906,2,3,2.0,1.7644163370132446,0.17893332739671067,44.666666666666664,71.66666666666667,26.333333333333332
Palaemonidae,palaemonid shrimps,Animalia,0,0.0,1,0.6931471805599453,1,1,1.0,1.4423692226409912,0.2394927740097046,43.0,71.0,27.0
Palpada mexicana,Golden Plushback,Insecta,1,2.0,7,2.0794415416798357,5,5,73.28571428571429,8.48827634538923,0.1714933791330882,51.857142857142854,72.85714285714286,20.857142857142858
Panaeolus,Mottlegills,Fungi,0,0.0,1,0.6931471805599453,1,1,8.0,8.945745468139648,-0.0708056315779686,0.0,0.0,0.0
Pandion haliaetus,Osprey,Aves,1,171.0,169,5.135798437050262,122,151,8.63905325443787,10.051169339369034,0.03859055764033227,16.810650887573964,25.68639053254438,8.994082840236686
Pandion haliaetus carolinensis,American Osprey,Aves,1,1.0,8,2.1972245773362196,7,8,10.125,14.80963472276926,0.0552683281803183,18.875,27.375,8.375
Pangoniinae,Long-tongue Horse Flies,Insecta,0,0.0,1,0.6931471805599453,1,1,12.0,16.635696411132812,0.1856803596019745,49.0,64.0,20.0
Pangoniini,Unknown,Insecta,0,0.0,1,0.6931471805599453,1,1,100.0,8.037378311157227,0.1452556848526001,51.0,68.0,23.0
Panoquina,Unknown,Insecta,0,0.0,1,0.6931471805599453,1,1,0.0,10.912759780883787,0.1107803285121917,44.0,72.0,27.0
Panoquina errans,Wandering Skipper,Insecta,1,4.0,21,3.091042453358316,15,17,5.476190476190476,8.886738640921456,0.1770191494198072,38.04761904761905,58.76190476190476,21.80952380952381
Panulirus,Unknown,Animalia,0,0.0,1,0.6931471805599453,1,1,2.0,4.310238838195801,-0.0658266097307205,0.0,0.0,0.0
Panulirus interruptus,California Spiny Lobster,Animalia,1,133.0,64,4.174387269895637,57,59,7.0625,11.685171283781528,0.0043479669432144805,13.6875,21.28125,7.453125
Panurginae,Unknown,Insecta,0,0.0,2,1.0986122886681098,2,2,36.5,9.954611778259277,0.14035398513078684,48.0,72.5,23.0
Papaver heterophyllum,wind poppy,Plantae,0,0.0,3,1.3862943611198906,3,2,8.666666666666666,8.874915758768717,0.24177910884221396,42.0,69.0,28.0
Papilio eurymedon,Pale Swallowtail,Insecta,0,0.0,1,0.6931471805599453,1,1,97.0,8.462778091430664,0.162201702594757,50.0,67.0,25.0
Papilio rutulus,Western Tiger Swallowtail,Insecta,0,0.0,9,2.302585092994046,9,8,12.555555555555555,14.181784364912245,0.2136217289500766,49.55555555555556,66.77777777777777,21.555555555555557
Papilio zelicaon,Anise Swallowtail,Insecta,0,0.0,23,3.1780538303479458,22,23,66.65217391304348,11.915075045564901,0.15700334440106928,43.130434782608695,63.56521739130435,22.130434782608695
Parabacillus hesperus,Western Short-horned Walkingstick,Insecta,0,0.0,2,1.0986122886681098,2,2,59.0,7.902832508087158,0.1771578788757324,45.0,72.0,25.5
Paraconcavus pacificus,Red-striped Acorn Barnacle,Animalia,1,23.0,5,1.791759469228055,4,5,3.0,10.68033332824707,-0.03931315839290618,19.2,29.6,10.0
Paracosmus,Unknown,Insecta,0,0.0,5,1.791759469228055,2,3,68.8,11.021900749206543,0.15647993385791775,43.2,70.6,27.2
Paracotalpa ursina,Little Bear,Insecta,0,0.0,3,1.3862943611198906,3,3,85.66666666666667,9.607207457224527,0.1580825547377268,50.333333333333336,71.33333333333333,21.333333333333332
Paracotalpa ursina rubripennis,Unknown,Insecta,0,0.0,2,1.0986122886681098,2,1,92.0,3.1094837188720703,0.16372534632682795,53.0,72.0,19.0
Paradiacheopsis,Unknown,Protozoa,0,0.0,1,0.6931471805599453,1,1,96.0,11.390047073364258,0.1291541308164596,53.0,71.0,20.0
Paragus haemorrhous,Common Grass Skimmer,Insecta,0,0.0,45,3.828641396489095,11,36,57.2,7.8044084562195675,0.17020411358939272,49.4,71.2,22.511111111111113
Parajulidae,Parajulid Millipedes,Animalia,0,0.0,1,0.6931471805599453,1,1,2.0,6.557021141052246,0.2014244347810745,44.0,65.0,24.0
Paralabrax maculatofasciatus,Spotted Sand Bass,Actinopterygii,0,0.0,1,0.6931471805599453,1,1,0.0,5.208710670471191,0.1522048413753509,49.0,69.0,21.0
Paralichthys californicus,California Halibut,Actinopterygii,1,1.0,3,1.3862943611198906,3,3,1.3333333333333333,15.776469707489014,0.015730475385983805,16.333333333333332,23.0,7.0
Paranaemia vittigera,Broad-striped Lady Beetle,Insecta,0,0.0,4,1.6094379124341003,4,4,8.75,8.29818794131279,0.1298160748556256,36.5,52.75,16.5
Parancistrocerus,Unknown,Insecta,0,0.0,2,1.0986122886681098,2,2,29.5,12.07225227355957,0.154948741197586,22.0,32.5,12.0
Parancistrocerus declivatus,Unknown,Insecta,0,0.0,78,4.3694478524670215,23,69,62.96153846153846,7.882863586529707,0.17140741531665507,47.19230769230769,68.42307692307692,22.08974358974359
Paranoplium gracile,Unknown,Insecta,0,0.0,2,1.0986122886681098,2,2,2.5,3.189951181411743,-0.00656223110854625,0.0,0.0,0.0
Parapholas californica,Scale-sided Piddock,Mollusca,1,2.0,2,1.0986122886681098,2,2,4.0,3.9513401985168457,-0.01856099255383015,0.0,0.0,0.0
Parapholis,Sickle Grass,Plantae,0,0.0,1,0.6931471805599453,1,1,7.0,10.604647636413574,0.1488302648067474,51.0,69.0,20.0
Parapholis cylindrica,Barb Grass,Plantae,0,0.0,5,1.791759469228055,4,3,7.8,9.040949988365174,0.1843846410512924,46.4,70.0,23.0
Parapholis incurva,Sickle Grass,Plantae,0,0.0,14,2.70805020110221,12,13,10.642857142857142,5.7967406170708795,0.1799191284392561,39.785714285714285,64.28571428571429,24.0
Paraphymatoceros,Unknown,Plantae,0,0.0,5,1.791759469228055,2,3,101.8,7.090867280960083,0.12092100828886028,53.0,71.0,20.0
Paraphymatoceros hallii,Unknown,Plantae,0,0.0,2,1.0986122886681098,2,1,102.0,5.244090914726257,0.12161451950669286,53.0,71.0,20.0
Paraphymatoceros pearsonii,Pearson's phaeoceros,Plantae,0,0.0,3,1.3862943611198906,2,2,103.33333333333333,7.18133012453715,0.1157419234514236,52.333333333333336,72.0,20.0
Paraphymatoceros proskaueri,Unknown,Plantae,0,0.0,2,1.0986122886681098,2,1,101.5,6.598315119743347,0.1200238168239593,53.0,71.0,20.0
Paraprosopis,Unknown,Insecta,0,0.0,32,3.4965075614664802,9,26,73.78125,7.472209170460701,0.16759516065940258,48.65625,71.25,23.3125
Paraschismatomma ochroleucum,Unknown,Fungi,0,0.0,11,2.4849066497880004,3,8,63.0,9.849122654307973,0.15863641080531202,43.27272727272727,69.36363636363636,27.0
Parastrellus hesperus,Canyon Bat,Mammalia,0,0.0,1,0.6931471805599453,1,1,0.0,25.739835739135746,-0.037156093865633,0.0,0.0,0.0
Paratiphia,Unknown,Insecta,0,0.0,51,3.9512437185814275,16,39,66.68627450980392,7.135877322916891,0.15998980928869805,48.90196078431372,70.82352941176471,23.215686274509803
Paravaejovis puritanus,Unknown,Arachnida,0,0.0,1,0.6931471805599453,1,1,36.0,13.257513999938965,0.1364491432905197,40.0,69.0,28.0
Paravilla splendida,Unknown,Insecta,0,0.0,1,0.6931471805599453,1,1,84.0,6.557052135467529,0.2507578432559967,53.0,72.0,19.0
Parcoblatta americana,Western Wood Cockroach,Insecta,0,0.0,4,1.6094379124341003,3,4,77.0,13.707241535186768,0.15174911171197886,44.0,70.0,26.0
Pardosa,Thin-legged Wolf Spiders,Arachnida,0,0.0,4,1.6094379124341003,3,3,1.5,3.450290560722351,0.20183167234063148,43.25,68.0,25.75
Parietaria hespera,rillita pellitory,Plantae,0,0.0,6,1.9459101490553132,5,6,48.666666666666664,6.80954380830129,0.17517090092102683,48.166666666666664,71.16666666666667,23.5
Parietaria hespera californica,California Pellitory,Plantae,0,0.0,1,0.6931471805599453,1,1,8.0,3.704791784286499,0.1607478111982345,38.0,71.0,29.0
Parietaria hespera hespera,Unknown,Plantae,0,0.0,1,0.6931471805599453,1,1,73.0,7.74412727355957,0.1450737714767456,52.0,73.0,21.0
Parmeliaceae,shield lichens and allies,Fungi,1,1.0,13,2.6390573296152584,8,9,87.0,7.44059013403379,0.16207903566268772,50.30769230769231,69.15384615384616,22.76923076923077
Parmelioideae,typical shield lichens,Fungi,1,1.0,31,3.4657359027997265,25,28,89.3225806451613,8.058447684011151,0.16127573506486026,50.0,70.48387096774194,22.548387096774192
Parmotrema,Ruffle Lichens,Fungi,1,1.0,68,4.23410650459726,43,56,88.36764705882354,7.194850456188707,0.16178351509220454,50.30882352941177,69.82352941176471,22.485294117647058
Parmotrema arnoldii,Arnold's Parmotrema Lichen,Fungi,0,0.0,21,3.091042453358316,15,20,97.9047619047619,6.50950996364866,0.15086589185964489,50.666666666666664,68.42857142857143,22.666666666666668
Parmotrema hypoleucinum,Lacy Powdered-ruffle,Fungi,0,0.0,16,2.833213344056216,13,14,82.6875,7.62668476998806,0.16426844801753757,50.5625,70.1875,22.375
Parmotrema hypotropum,powdered ruffle lichen,Fungi,0,0.0,10,2.3978952727983707,10,10,82.8,7.679254925251007,0.15164658501744266,49.9,68.9,22.7
Parmotrema perlatum,Black Stone Flower,Fungi,0,0.0,3,1.3862943611198906,2,2,73.66666666666667,12.837457338968912,0.16455358266830442,48.333333333333336,67.33333333333333,25.333333333333332
Parmotrema reticulatum,Black Sheet Lichen,Fungi,1,1.0,12,2.5649493574615367,8,9,73.41666666666667,8.840716242790222,0.17014194031556443,50.166666666666664,69.58333333333333,22.25
Parmotrema stuppeum,Powder-Edged Ruffle Lichen,Fungi,0,0.0,1,0.6931471805599453,1,1,83.0,11.805392265319824,0.1451326608657837,50.0,66.0,24.0
Paropsis atomaria,Dotted Paropsine Leaf Beetle,Insecta,1,2.0,8,2.1972245773362196,8,8,12.75,6.973333336412907,0.026553731644526114,11.625,17.25,6.125
Paruroctonus silvestrii,California common scorpion,Arachnida,1,1.0,10,2.3978952727983707,6,6,58.3,14.52115731239319,0.1501535922288894,42.0,62.7,22.0
Paspalum,Paspalum,Plantae,0,0.0,1,0.6931471805599453,1,1,5.0,3.4384191036224365,0.0466870963573455,45.0,69.0,26.0
Paspalum distichum,knot grass,Plantae,0,0.0,2,1.0986122886681098,2,1,1.0,1.0160891711711884,0.2307318747043609,48.0,70.0,22.0
Paspalum vaginatum,seashore paspalum,Plantae,0,0.0,6,1.9459101490553132,4,6,17.333333333333332,2.0906708240509033,0.12371576825777686,47.666666666666664,70.5,24.666666666666668
Passaloecus,Picket-boring Aphid Wasps,Insecta,0,0.0,2,1.0986122886681098,2,2,85.5,6.614338636398315,0.1759869679808616,49.5,69.0,21.5
Passer domesticus,House Sparrow,Aves,0,0.0,2,1.0986122886681098,2,2,0.0,0.0,0.1398491039872169,45.5,69.0,24.0
Passerculus sandwichensis,Savannah Sparrow,Aves,0,0.0,13,2.6390573296152584,12,12,4.230769230769231,3.8035606879454393,0.12609367753164125,29.0,47.84615384615385,18.53846153846154
Passerculus sandwichensis beldingi,Belding's Sparrow,Aves,0,0.0,4,1.6094379124341003,4,4,27.5,2.298538565635681,0.09762719925492998,24.25,35.5,12.25
Passerella iliaca,Fox Sparrow,Aves,0,0.0,1,0.6931471805599453,1,1,76.0,10.01482391357422,0.1412952840328216,52.0,73.0,21.0
Passerellidae,New World Sparrows,Aves,1,1.0,1,0.6931471805599453,1,1,85.0,20.486787796020508,0.2042754888534546,49.0,71.0,22.0
Passeriformes,Perching Birds,Aves,1,1.0,8,2.1972245773362196,7,8,54.25,9.251788772642612,0.12984361080452794,34.375,51.875,18.625
Passerina amoena,Lazuli Bunting,Aves,0,0.0,4,1.6094379124341003,4,4,21.0,17.38657259941101,0.11136024957522747,36.25,52.25,17.0
Passerina caerulea,Blue Grosbeak,Aves,0,0.0,1,0.6931471805599453,1,1,7.0,2.2084805965423584,0.2794933915138244,51.0,69.0,22.0
Patellaria,Unknown,Fungi,0,0.0,2,1.0986122886681098,1,2,88.0,12.211220026016235,0.18137179315090174,48.5,65.5,20.5
Patellaria atrata,Unknown,Fungi,0,0.0,2,1.0986122886681098,1,2,55.0,17.629371643066406,0.1406992301344871,40.0,70.0,28.5
Patellogastropoda,True Limpets,Mollusca,1,9.0,1,0.6931471805599453,1,1,9.0,13.956417083740234,-0.0304904039949178,0.0,0.0,0.0
Pavo cristatus,Indian Peafowl,Aves,0,0.0,1,0.6931471805599453,1,1,13.0,36.19209671020508,0.0359887443482875,0.0,0.0,0.0
Peccania,Unknown,Fungi,0,0.0,1,0.6931471805599453,1,1,59.0,9.887899398803713,0.186792179942131,44.0,71.0,27.0
Peckhamia,Unknown,Arachnida,0,0.0,1,0.6931471805599453,1,1,54.0,9.361485481262209,0.1409575641155243,50.0,73.0,22.0
Pectocarya linearis,sagebrush combseed,Plantae,0,0.0,2,1.0986122886681098,2,2,9.5,11.45007610321045,0.1735918223857879,49.0,68.0,21.5
Pectocarya linearis ferocula,narrow-toothed pectocarya,Plantae,0,0.0,1,0.6931471805599453,1,1,113.0,6.852604866027832,0.1361791342496872,53.0,73.0,20.0
Pegasomyia abaureus,Unknown,Insecta,0,0.0,1,0.6931471805599453,1,1,84.0,10.914898872375488,0.1527085453271865,48.0,71.0,25.0
Pelagophycus porra,Elk Kelp,Chromista,1,32.0,28,3.367295829986474,22,24,5.642857142857143,9.02875172666141,0.009130713204025837,8.178571428571429,12.714285714285714,4.428571428571429
Pelargonium grossularioides,Coconut Geranium,Plantae,0,0.0,4,1.6094379124341003,4,3,94.5,5.791153192520142,0.1577576100826263,49.5,72.5,22.0
Pelecanus,Pelicans,Aves,1,1.0,2,1.0986122886681098,2,2,9.0,13.302650451660156,0.0630020946264267,0.0,0.0,0.0
Pelecanus erythrorhynchos,American White Pelican,Aves,0,0.0,2,1.0986122886681098,2,2,3.0,7.771881103515625,0.0827364660799503,48.5,70.0,22.5
Pelecanus occidentalis,Brown Pelican,Aves,1,35.0,137,4.927253685157205,92,120,20.503649635036496,11.706250859873139,0.04835429910084326,17.759124087591243,27.8978102189781,10.233576642335766
Pelecanus occidentalis californicus,California Brown Pelican,Aves,1,41.0,92,4.532599493153256,9,25,3.5434782608695654,9.39320632426635,-0.038028526752579776,1.5326086956521738,2.2717391304347827,0.8260869565217391
Peleteria,Unknown,Insecta,0,0.0,1,0.6931471805599453,1,1,52.0,12.794121742248535,0.1358527392148971,50.0,73.0,22.0
Pellaea andromedifolia,Coffee Fern,Plantae,1,3.0,18,2.9444389791664403,17,18,67.38888888888889,7.680210769176483,0.17596402515967682,47.77777777777778,71.33333333333333,23.333333333333332
Pellaea andromedifolia pubescens,Unknown,Plantae,1,3.0,39,3.6888794541139363,28,38,64.71794871794872,7.640020890113635,0.17859859993824587,47.17948717948718,71.71794871794872,24.153846153846153
Pellaea mucronata,bird's foot cliffbrake,Plantae,0,0.0,1,0.6931471805599453,1,1,98.0,6.3796000480651855,0.1014308333396911,51.0,70.0,23.0
Pelochrista agassizii,Unknown,Insecta,0,0.0,1,0.6931471805599453,1,1,101.0,9.441935539245604,0.1384270787239074,51.0,68.0,23.0
Pelochrista curlewensis,Unknown,Insecta,0,0.0,1,0.6931471805599453,1,1,6.0,7.070599555969238,0.2090377509593963,38.0,71.0,29.0
Pelochrista sandiego,Unknown,Insecta,0,0.0,1,0.6931471805599453,1,1,15.0,15.292698860168455,0.1285638064146042,51.0,69.0,22.0
Pemphredoninae,Aphid Wasps,Insecta,0,0.0,3,1.3862943611198906,1,3,54.0,14.026845773061117,0.16564619044462833,47.666666666666664,72.0,25.666666666666668
Pemphredonini,Unknown,Insecta,0,0.0,2,1.0986122886681098,2,2,61.0,12.242775201797487,0.16215600073337555,49.0,64.5,20.5
Penaeus californiensis,Yellowleg shrimp,Animalia,0,0.0,3,1.3862943611198906,1,2,0.0,3.8327910900115967,0.2009722143411636,48.0,68.66666666666667,21.333333333333332
Peniophora albobadia,Giraffe Spots,Fungi,0,0.0,2,1.0986122886681098,1,2,105.5,4.1527416706085205,0.17574401944875712,49.0,72.0,22.0
Peniophoraceae,Unknown,Fungi,0,0.0,1,0.6931471805599453,1,1,92.0,14.431272506713867,0.1730477660894394,51.0,69.0,22.0
Penitella penita,Flat-tip Piddock,Mollusca,1,1.0,3,1.3862943611198906,3,3,2.6666666666666665,5.5577748616536455,-0.017036626115441298,0.0,0.0,0.0
Pentachaeta aurea,golden chaetopappa,Plantae,0,0.0,1,0.6931471805599453,1,1,23.0,13.059515953063965,0.0919384211301803,46.0,72.0,24.0
Pentagramma,Unknown,Plantae,1,1.0,12,2.5649493574615367,10,11,72.75,10.982338865598043,0.17275954037904737,46.916666666666664,69.91666666666667,24.0
Pentagramma glanduloviscida,San Diego Silverback Fern,Plantae,1,1.0,17,2.8903717578961645,14,15,54.411764705882355,15.615575608085184,0.18937415322836704,48.64705882352941,69.23529411764706,22.823529411764707
Pentagramma viscosa,Sticky goldback fern,Plantae,1,1.0,37,3.6375861597263857,28,37,69.51351351351352,13.092411318340817,0.17554357728442627,42.7027027027027,69.62162162162163,26.72972972972973
Pentatomidae,Stink Bugs,Insecta,0,0.0,2,1.0986122886681098,2,2,44.0,8.405608415603638,0.1536706238985061,47.0,70.0,24.5
Pentatominae,Unknown,Insecta,0,0.0,2,1.0986122886681098,2,2,60.0,9.512409210205078,0.18222607672214505,43.0,71.5,26.5
Pentatomoidea,"Stink Bugs, Shield Bugs, and Allies",Insecta,0,0.0,1,0.6931471805599453,1,1,63.0,4.962677001953125,0.2096807062625885,40.0,71.0,29.0
Pentidotea resecata,Eelgrass Isopod,Animalia,1,9.0,4,1.6094379124341003,4,4,6.0,10.824293375015259,0.003443293273448926,0.0,0.0,0.0
Pepsis,New World Tarantula-hawk Wasps,Insecta,0,0.0,4,1.6094379124341003,4,4,44.25,11.222305774688719,0.09250831964891398,23.75,34.25,11.25
Pepsis mexicana,Mexican Tarantula-hawk Wasp,Insecta,0,0.0,1,0.6931471805599453,1,1,73.0,4.756318092346191,0.1741988211870193,40.0,71.0,29.0
Pepsis mildei,Milde's Tarantula-hawk Wasp,Insecta,0,0.0,1,0.6931471805599453,1,1,70.0,7.74254035949707,0.1785320341587066,40.0,71.0,29.0
Pepsis thisbe,Thisbe's Tarantula-hawk Wasp,Insecta,0,0.0,2,1.0986122886681098,2,2,77.0,9.442635536193848,0.16904854029417035,50.0,70.0,23.5
Perdita,Unknown,Insecta,0,0.0,81,4.406719247264253,23,51,64.79012345679013,10.191053117498939,0.15698209915448114,42.20987654320987,66.0246913580247,23.54320987654321
Perdita californica,California Fairy Bee,Insecta,0,0.0,58,4.07753744390572,24,35,73.86206896551724,9.026503928776446,0.1595362373467149,46.258620689655174,70.13793103448276,25.689655172413794
Perdita hirticeps,Unknown,Insecta,0,0.0,404,6.003887067106539,34,145,65.1559405940594,10.695489654299056,0.16471248263917343,41.82178217821782,63.80940594059406,22.096534653465348
Perdita interrupta,California Poppy Fairy Bee,Insecta,0,0.0,31,3.4657359027997265,11,18,60.064516129032256,16.517913210776545,0.1530306795912404,31.483870967741936,52.61290322580645,20.580645161290324
Perdita rhois,Rhus Fairy Bee,Insecta,0,0.0,3,1.3862943611198906,1,2,109.0,2.8814379374186196,0.14092515905698136,49.333333333333336,66.66666666666667,22.0
Perdita trisignata,Lotus Fairy Bee,Insecta,0,0.0,1,0.6931471805599453,1,1,40.0,14.088210105895996,0.1043962463736534,44.0,71.0,27.0
Periplaneta lateralis,Turkestan Cockroach,Insecta,0,0.0,1,0.6931471805599453,1,1,5.0,4.319738864898682,0.0995944589376449,0.0,0.0,0.0
Peripsocus,Unknown,Insecta,0,0.0,1,0.6931471805599453,1,1,74.0,11.498225212097168,0.1734926104545593,48.0,71.0,25.0
Perizoma,Rivulets,Insecta,0,0.0,1,0.6931471805599453,1,1,6.0,13.257582664489746,0.2223810702562332,42.0,69.0,28.0
Perizoma epictata,Unknown,Insecta,0,0.0,11,2.4849066497880004,7,10,4.090909090909091,6.465739288113334,0.197931403463537,41.18181818181818,68.63636363636364,27.454545454545453
Peromyscus,North American Deer Mice,Mammalia,1,1.0,3,1.3862943611198906,2,2,29.0,11.48331872622172,0.20974774658679954,48.0,69.66666666666667,23.666666666666668
Peromyscus californicus,California Mouse,Mammalia,0,0.0,1,0.6931471805599453,1,1,72.0,11.9797945022583,0.1825713962316513,49.0,72.0,24.0
Peromyscus gambelii,Gambel's Deer Mouse,Mammalia,0,0.0,3,1.3862943611198906,3,3,64.66666666666667,6.674882332483928,0.12849861631790793,32.666666666666664,47.0,17.0
Peroneutypa,Unknown,Fungi,0,0.0,1,0.6931471805599453,1,1,5.0,6.464860916137695,0.1861615926027298,44.0,68.0,24.0
Peroneutypa scoparia,Unknown,Fungi,0,0.0,1,0.6931471805599453,1,1,4.0,1.4424223899841309,0.1386779248714447,49.0,70.0,23.0
Pertusaria,Pore Lichens,Fungi,0,0.0,1,0.6931471805599453,1,1,69.0,4.50667142868042,0.1858513802289962,40.0,71.0,29.0
Pertusaria californica,California Pore Lichen,Fungi,0,0.0,1,0.6931471805599453,1,1,103.0,6.62624979019165,0.13251593708992,50.0,69.0,23.0
Pertusaria flavicunda,Sulphur Wart Lichen,Fungi,0,0.0,8,2.1972245773362196,4,6,109.75,7.657325983047485,0.1324112294241786,51.875,71.125,20.625
Pertusaria pustulata,Branch Bumps,Fungi,0,0.0,1,0.6931471805599453,1,1,23.0,8.909026145935059,0.2017556279897689,50.0,67.0,20.0
Pertusaria tejocotensis,Unknown,Fungi,0,0.0,3,1.3862943611198906,3,3,107.66666666666667,6.588352998097737,0.1381380458672841,51.0,72.0,21.0
Pertusaria xanthodes,Volcano Wart Lichen,Fungi,0,0.0,19,2.995732273553991,6,17,78.26315789473684,12.202706286781712,0.1694652414635608,48.526315789473685,68.10526315789474,22.789473684210527
Petalomonadida,Unknown,Protozoa,0,0.0,1,0.6931471805599453,1,1,0.0,0.0,0.109486386179924,44.0,68.0,26.0
Petricola californiensis,California Petricolid,Mollusca,0,0.0,1,0.6931471805599453,1,1,0.0,0.0,-0.0781755819916725,0.0,0.0,0.0
Petricola carditoides,Hearty Petricola,Mollusca,1,3.0,6,1.9459101490553132,3,6,0.6666666666666666,3.6222410996754966,-0.03951026685535907,0.0,0.0,0.0
Petrobia harti,Woodsorrel Mite,Arachnida,0,0.0,1,0.6931471805599453,1,1,55.0,10.842988014221191,0.1464918106794357,50.0,73.0,22.0
Petrobiinae,Unknown,Insecta,0,0.0,3,1.3862943611198906,2,3,73.0,9.228592236836752,0.15556441247463224,43.333333333333336,68.0,26.666666666666668
Petrochelidon pyrrhonota,Cliff Swallow,Aves,0,0.0,4,1.6094379124341003,4,4,44.25,16.028216004371643,0.1643554270267486,37.25,51.75,17.25
Petrolisthes cabrilloi,Cabrillo Porcelain Crab,Animalia,1,18.0,1,0.6931471805599453,1,1,0.0,0.0,-0.0395126082003116,0.0,0.0,0.0
Peucetia,Green Lynx Spiders,Arachnida,0,0.0,4,1.6094379124341003,4,4,27.0,3.6721804887056355,0.1252561872825026,32.25,53.25,20.25
Peucetia longipalpis,Lesser Green Lynx Spider,Arachnida,0,0.0,2,1.0986122886681098,2,2,31.0,11.145108222961426,0.1702451929450035,49.0,72.0,22.0
Peucetia viridans,Green Lynx Spider,Arachnida,1,1.0,17,2.8903717578961645,15,16,45.411764705882355,6.851465645958395,0.1519529455724884,43.64705882352941,66.94117647058823,23.529411764705884
Pezizales,Unknown,Fungi,0,0.0,1,0.6931471805599453,1,1,103.0,8.463757514953613,0.1714671403169632,49.0,72.0,22.0
Pezizomycetes,Operculate Ascomycetes,Fungi,0,0.0,1,0.6931471805599453,1,1,46.0,10.331927299499512,0.1931426376104354,51.0,69.0,20.0
Pezizomycotina,Sac Fungi and Lichens,Fungi,1,1.0,39,3.6888794541139363,17,29,70.25641025641026,9.060268237040592,0.1583405501949481,49.12820512820513,69.53846153846153,22.923076923076923
Phacelia,Scorpionweeds,Plantae,0,0.0,10,2.3978952727983707,10,10,48.8,14.98084909915924,0.16143377348780627,36.1,56.1,19.9
Phacelia brachyloba,Shortlobe Phacelia,Plantae,0,0.0,14,2.70805020110221,9,11,74.21428571428571,4.948444417544773,0.19124270230531687,53.5,72.0,19.928571428571427
Phacelia cicutaria,caterpillar scorpionweed,Plantae,0,0.0,3,1.3862943611198906,3,3,35.0,12.254373709360758,0.20733676354090366,50.333333333333336,70.66666666666667,21.0
Phacelia distans,distant phacelia,Plantae,0,0.0,247,5.5134287461649825,143,169,63.19028340080972,22.25079064740826,0.14530716560449192,26.894736842105264,44.94736842105263,17.90688259109312
Phacelia grandiflora,Large-flowered Phacelia,Plantae,0,0.0,24,3.2188758248682006,13,19,62.416666666666664,5.040694942077001,0.17542309748629722,51.875,72.375,20.625
Phacelia parryi,Parry's phacelia,Plantae,0,0.0,107,4.68213122712422,60,83,69.45794392523365,7.27540473681744,0.1704871985956887,51.77570093457944,72.3177570093458,21.08411214953271
Phacelia ramosissima,branching phacelia,Plantae,0,0.0,82,4.418840607796598,55,73,26.134146341463413,12.616835097714167,0.1771493799893594,43.96341463414634,66.57317073170732,24.134146341463413
Phacelia ramosissima austrolitoralis,South Coast Branching Phacelia,Plantae,0,0.0,1,0.6931471805599453,1,1,7.0,4.782736301422119,0.1450861543416977,49.0,70.0,23.0
Phacelia tanacetifolia,Lacy phacelia,Plantae,0,0.0,1,0.6931471805599453,1,1,14.0,22.44022750854492,0.2629225552082062,51.0,69.0,20.0
Phaeophyceae,brown algae,Chromista,1,4.0,3,1.3862943611198906,2,2,5.0,6.637397448221843,0.019418722949922033,0.0,0.0,0.0
Phaeophyscia insignis,Unknown,Fungi,0,0.0,2,1.0986122886681098,1,1,14.5,14.84971058368683,0.20577651262283325,51.0,71.5,23.5
Phaeophyscia sciastra,Dark Shadow Lichen,Fungi,0,0.0,1,0.6931471805599453,1,1,29.0,26.67329216003418,0.2154636681079864,51.0,74.0,25.0
Phainopepla nitens,Phainopepla,Aves,0,0.0,4,1.6094379124341003,4,4,30.25,11.120494365692139,0.1732712499797344,50.0,66.75,21.25
Phalacridae,Shining Flower Beetles,Insecta,0,0.0,1,0.6931471805599453,1,1,76.0,9.754152297973633,0.1638399362564087,40.0,69.0,28.0
Phalacrocoracidae,Cormorants and Shags,Aves,1,2.0,2,1.0986122886681098,2,2,11.5,10.358426094055176,0.058546469546854454,46.5,73.0,24.5
Phalaenoptilus nuttallii,Common Poorwill,Aves,1,1.0,1,0.6931471805599453,1,1,105.0,0.9274099469184875,0.1620827913284301,51.0,71.0,24.0
Phalaris,Canarygrasses,Plantae,0,0.0,5,1.791759469228055,5,4,7.0,10.27126955986023,0.16844697892665855,42.8,66.2,25.0
Phalaris minor,Lesser Canary Grass,Plantae,0,0.0,1,0.6931471805599453,1,1,1.0,2.991132497787476,0.1886195093393325,44.0,65.0,24.0
Phalaropus lobatus,Red-necked Phalarope,Aves,1,1.0,1,0.6931471805599453,1,1,11.0,11.497719764709473,0.1389847099781036,46.0,72.0,24.0
Phanacis hypochoeridis,Catsear Gall Wasp,Insecta,0,0.0,6,1.9459101490553132,3,2,51.5,12.945741534233093,0.1809136619170506,48.833333333333336,69.33333333333333,21.833333333333332
Phanias,Unknown,Arachnida,0,0.0,6,1.9459101490553132,5,5,55.5,8.836397647857666,0.15049096693595246,47.5,69.33333333333333,24.0
Phanias harfordi,Unknown,Arachnida,0,0.0,3,1.3862943611198906,3,3,91.66666666666667,12.875062306722006,0.1462388684352239,50.666666666666664,69.66666666666667,22.666666666666668
Phanias monticola,Unknown,Arachnida,0,0.0,1,0.6931471805599453,1,1,106.0,4.32031774520874,0.1894042938947677,49.0,72.0,22.0
Pheidole hyatti,Hyatt's Big-headed Ant,Insecta,0,0.0,2,1.0986122886681098,1,2,57.5,22.009803771972656,0.17505647242069244,20.0,35.5,14.5
Pheidole pilifera,Pilifera-group Big-headed Ants,Insecta,0,0.0,3,1.3862943611198906,1,3,61.333333333333336,6.896455764770508,0.16695856551329294,52.666666666666664,72.33333333333333,20.666666666666668
Pheidole vistana,Vista Big-headed Ant,Insecta,0,0.0,9,2.302585092994046,3,7,59.333333333333336,13.31266791290707,0.16757518218623266,32.77777777777778,55.0,21.444444444444443
Phenopelopidae,Unknown,Arachnida,0,0.0,1,0.6931471805599453,1,1,66.0,10.012710571289062,0.1541908979415893,50.0,68.0,23.0
Pheucticus melanocephalus,Black-headed Grosbeak,Aves,0,0.0,4,1.6094379124341003,4,4,16.75,17.608731269836426,0.17447367310523984,50.75,67.5,20.75
Phidippus,Unknown,Arachnida,1,3.0,6,1.9459101490553132,6,6,49.333333333333336,5.185351411501567,0.16914388537406919,40.833333333333336,70.33333333333333,28.333333333333332
Phidippus insignarius,Unknown,Arachnida,1,1.0,1,0.6931471805599453,1,1,97.0,5.208151817321777,0.1533447057008743,53.0,71.0,23.0
Phidippus johnsoni,Johnson's Jumping Spider,Arachnida,1,1.0,15,2.772588722239781,13,15,40.86666666666667,9.094340753555297,0.17136483689149218,44.46666666666667,64.2,22.2
Phidippus phoenix,Phoenix Jumping Spider,Arachnida,1,1.0,14,2.70805020110221,11,13,56.0,7.48349621466228,0.15867025830915993,46.714285714285715,69.78571428571429,24.928571428571427
Philanthinae,Unknown,Insecta,0,0.0,1,0.6931471805599453,1,1,48.0,31.370525360107425,0.1514242142438888,0.0,0.0,0.0
Philanthus,Beewolves,Insecta,1,1.0,7,2.0794415416798357,4,7,62.0,10.507048061915807,0.15390970238617482,44.42857142857143,70.85714285714286,26.714285714285715
Philanthus gibbosus,Hump-backed Beewolf,Insecta,0,0.0,14,2.70805020110221,12,14,71.28571428571429,5.950061423437936,0.16818934625812937,46.57142857142857,70.92857142857143,24.5
Philodromidae,Running Crab Spiders,Arachnida,0,0.0,1,0.6931471805599453,1,1,85.0,11.233731269836426,0.1933822929859161,50.0,66.0,24.0
Philodromus,Running Crab Spiders,Arachnida,0,0.0,1,0.6931471805599453,1,1,75.0,9.44341278076172,0.182770237326622,52.0,73.0,21.0
Phloeodes diabolicus,Diabolical Ironclad Beetle,Insecta,0,0.0,14,2.70805020110221,12,12,31.357142857142858,10.520412398236138,0.18748574916805535,50.0,68.5,22.285714285714285
Phobetus,Unknown,Insecta,0,0.0,3,1.3862943611198906,2,2,75.66666666666667,12.008770942687988,0.16375830272833503,40.0,69.0,28.0
Phoca vitulina,Harbor Seal,Mammalia,1,1.0,2,1.0986122886681098,2,2,4.5,6.055178642272949,0.0062676817178726005,0.0,0.0,0.0
Phoca vitulina richardii,Pacific Harbor Seal,Mammalia,1,184.0,3,1.3862943611198906,1,3,4.333333333333333,17.442047119140625,-0.020702354920407135,0.0,0.0,0.0
Phocidae,Earless Seals,Mammalia,0,0.0,1,0.6931471805599453,1,1,5.0,2.209083080291748,0.0695121958851814,48.0,73.0,25.0
Phoenix,date palms,Plantae,0,0.0,1,0.6931471805599453,1,1,0.0,0.0,0.1907078623771667,41.0,67.0,27.0
Phoenix canariensis,Canary Island palm,Plantae,1,2.0,2,1.0986122886681098,2,2,2.0,0.7211102843284607,0.21183297038078303,45.5,69.0,23.5
Pholadidae,Piddocks and Angelwings,Mollusca,1,10.0,3,1.3862943611198906,3,3,3.6666666666666665,5.523623784383138,0.0217123981565237,15.666666666666666,23.666666666666668,8.333333333333334
Pholcidae,Cellar Spiders,Arachnida,0,0.0,1,0.6931471805599453,1,1,69.0,22.61054039001465,0.1286544799804687,40.0,69.0,28.0
Pholcus phalangioides,Long-bodied Cellar Spider,Arachnida,0,0.0,1,0.6931471805599453,1,1,104.0,4.310086727142334,0.1388251334428787,51.0,68.0,23.0
Pholiota spumosa,Slender Pholiota,Fungi,0,0.0,1,0.6931471805599453,1,1,106.0,9.259034156799316,0.1730725616216659,50.0,69.0,23.0
Pholistoma,Unknown,Plantae,1,1.0,2,1.0986122886681098,2,2,78.0,12.86158561706543,0.16013713181018824,40.0,69.0,28.0
Pholistoma auritum,Fiesta Flower,Plantae,0,0.0,17,2.8903717578961645,16,14,12.529411764705882,10.28365671634674,0.19281705205931376,46.1764705882353,68.52941176470588,24.647058823529413
Pholistoma auritum auritum,Unknown,Plantae,0,0.0,12,2.5649493574615367,8,10,14.75,11.373263855775198,0.18881542732318235,47.333333333333336,69.0,24.333333333333332
Pholistoma racemosum,Racemed Fiestaflower,Plantae,1,2.0,41,3.7376696182833684,28,37,54.170731707317074,13.250529242724907,0.1471224899699048,39.390243902439025,66.21951219512195,26.0
Phoracantha recurva,Lesser Eucalyptus Longhorn Beetle,Insecta,0,0.0,4,1.6094379124341003,4,4,8.75,5.726475477218628,0.012906542047858249,22.75,35.5,13.0
Phragmatopoma californica,California Sandcastle Worm,Animalia,1,118.0,8,2.1972245773362196,8,8,10.0,11.3890420794487,0.034528007498010986,6.0,9.125,3.125
Phragmites australis,common reed,Plantae,0,0.0,1,0.6931471805599453,1,1,10.0,17.143138885498047,0.0435517281293869,0.0,0.0,0.0
Phrontis tiarula,Western Mud Nassa,Mollusca,0,0.0,1,0.6931471805599453,1,1,0.0,0.0,0.1588155478239059,49.0,69.0,20.0
Phrymaceae,lopseed family,Plantae,0,0.0,4,1.6094379124341003,3,3,40.75,17.966880083084106,0.17808566242456433,51.5,68.25,21.5
Phthiriinae,Unknown,Insecta,1,1.0,9,2.302585092994046,6,9,72.44444444444444,8.499869505564371,0.1633773487475183,47.22222222222222,70.44444444444444,24.444444444444443
Phthiriini,Unknown,Insecta,0,0.0,1,0.6931471805599453,1,1,45.0,3.865194082260132,0.1466952264308929,50.0,73.0,22.0
Phycitodes,Unknown,Insecta,0,0.0,2,1.0986122886681098,2,1,77.0,11.064538955688477,0.1741462051868438,40.0,71.0,29.0
Phyla nodiflora,turkey tangle frogfruit,Plantae,0,0.0,1,0.6931471805599453,1,1,7.0,1.4422125816345217,0.2274704724550247,50.0,71.0,20.0
Phylinae,Unknown,Insecta,0,0.0,2,1.0986122886681098,2,2,108.0,7.204274654388427,0.1234432607889175,52.0,72.0,22.0
Phyllachora,Unknown,Fungi,0,0.0,1,0.6931471805599453,1,1,0.0,0.0,0.1415612995624542,47.0,69.0,26.0
Phyllodesma americana,American Lappet Moth,Insecta,0,0.0,1,0.6931471805599453,1,1,104.0,2.991095542907715,0.1145932152867317,51.0,67.0,22.0
Phyllonorycter,Unknown,Insecta,0,0.0,1,0.6931471805599453,1,1,102.0,5.208000183105469,0.16043521463871,49.0,71.0,22.0
Phyllonorycter manzanita,Unknown,Insecta,0,0.0,5,1.791759469228055,4,4,88.0,10.588343334197997,0.1491871356964111,50.0,65.4,23.8
Phyllospadix,surfgrasses,Plantae,1,22.0,6,1.9459101490553132,6,6,3.0,7.458676656087239,0.0008472801807026011,15.166666666666666,23.833333333333332,8.5
Phyllospadix scouleri,Scouler's Surfgrass,Plantae,1,1.0,1,0.6931471805599453,1,1,0.0,17.14825439453125,-0.0181618984788656,0.0,0.0,0.0
Phyllospadix torreyi,Torrey's Surfgrass,Plantae,1,55.0,32,3.4965075614664802,17,30,2.40625,6.081398813053966,0.00033382762921974366,7.125,11.0,4.0
Phyllosticta galligena,Unknown,Fungi,0,0.0,9,2.302585092994046,5,5,73.77777777777777,8.388987011379665,0.1761348139908578,50.55555555555556,66.55555555555556,22.0
Phyllosticta heteromeles,Unknown,Fungi,0,0.0,1,0.6931471805599453,1,1,108.0,7.805964946746826,0.1431909352540969,53.0,71.0,20.0
Phyllostictaceae,Unknown,Fungi,0,0.0,1,0.6931471805599453,1,1,115.0,8.819462776184082,0.1671075969934463,53.0,73.0,20.0
Phyllotreta,Unknown,Insecta,0,0.0,1,0.6931471805599453,1,1,76.0,6.557013988494873,0.172823965549469,50.0,66.0,24.0
Phymata,Jagged Ambush Bugs,Insecta,0,0.0,6,1.9459101490553132,5,6,58.333333333333336,10.837520559628805,0.17520614713430402,41.0,59.666666666666664,19.333333333333332
Phymata pacifica,Unknown,Insecta,0,0.0,11,2.4849066497880004,9,10,50.45454545454545,8.41360389102589,0.17958096414804456,48.54545454545455,70.54545454545455,23.818181818181817
Physalis,groundcherries,Plantae,0,0.0,2,1.0986122886681098,2,1,68.5,6.363067150115967,0.1538082212209701,54.0,72.0,20.0
Physalis hederifolia,ivyleaf groundcherry,Plantae,0,0.0,3,1.3862943611198906,3,3,63.0,8.314934571584066,0.17752515276273093,54.0,72.0,20.0
Physalis philadelphica,Large-flowered Tomatillo,Plantae,0,0.0,1,0.6931471805599453,1,1,102.0,7.151976585388184,0.1496986746788025,51.0,71.0,24.0
Physarum,Unknown,Protozoa,0,0.0,1,0.6931471805599453,1,1,100.0,9.884733200073242,0.1193981990218162,53.0,71.0,20.0
Physcia,rosette lichens,Fungi,0,0.0,4,1.6094379124341003,4,4,26.25,5.601663261651993,0.1824249550700187,50.25,68.5,21.5
Physcia adscendens,Hooded Rosette Lichen,Fungi,0,0.0,15,2.772588722239781,9,12,55.2,7.3025627334912615,0.16382808089256284,48.53333333333333,70.53333333333333,22.866666666666667
Physcia tribacia,Beaded Rosette Lichen,Fungi,0,0.0,1,0.6931471805599453,1,1,18.0,12.604588508605955,0.1947829276323318,50.0,68.0,20.0
Physciaceae,"rosette lichens, frost lichens, and allies",Fungi,0,0.0,4,1.6094379124341003,3,3,74.5,14.565222978591917,0.1772443130612373,50.5,66.75,21.5
Physciella,Unknown,Fungi,0,0.0,1,0.6931471805599453,1,1,61.0,10.539320945739746,0.1703515499830246,50.0,66.0,24.0
Phytocoris,Unknown,Insecta,0,0.0,3,1.3862943611198906,3,3,72.33333333333333,8.5312819480896,0.19009472429752347,40.0,70.33333333333333,28.666666666666668
Phytolacca americana,American pokeweed,Plantae,0,0.0,2,1.0986122886681098,2,2,17.0,20.565364837646484,0.1811254620552063,53.0,69.0,21.0
Phytolacca icosandra,Tropical Pokeweed,Plantae,0,0.0,2,1.0986122886681098,2,2,17.5,20.12978458404541,0.1524371653795242,51.0,69.0,22.0
Phytomyza eriodictyi,Unknown,Insecta,0,0.0,2,1.0986122886681098,2,2,102.5,7.540710687637329,0.12098890170454975,53.0,71.0,20.0
Phytoplasma,Unknown,Unknown,0,0.0,5,1.791759469228055,5,5,71.6,10.724645614624023,0.1433805853128433,48.8,67.0,24.6
Phytoplasma pini,Unknown,Unknown,0,0.0,35,3.58351893845611,32,32,65.05714285714286,10.309774902888707,0.1411894157528877,47.2,68.45714285714286,25.257142857142856
Piciformes,Woodpeckers and Allies,Aves,0,0.0,1,0.6931471805599453,1,1,77.0,11.064538955688477,0.1741462051868438,40.0,71.0,29.0
Pieris rapae,Small White,Insecta,1,1.0,9,2.302585092994046,9,9,10.555555555555555,11.31092972225613,0.1853989544841978,49.0,68.66666666666667,22.555555555555557
Pimeliinae,Unknown,Insecta,0,0.0,2,1.0986122886681098,2,2,80.5,21.835388898849487,0.13727074116468424,25.5,34.0,11.5
Pimplinae,Unknown,Insecta,0,0.0,1,0.6931471805599453,1,1,67.0,26.64192008972168,0.137820765376091,40.0,69.0,28.0
Pinnularia,Unknown,Chromista,0,0.0,1,0.6931471805599453,1,1,0.0,0.0,0.109486386179924,44.0,68.0,26.0
Pinoideae,"pines, spruces, larches, and allies",Plantae,0,0.0,1,0.6931471805599453,1,1,108.0,4.962477207183838,0.1411667466163635,49.0,65.0,21.0
Pinus,pines,Plantae,1,1.0,17,2.8903717578961645,15,15,59.8235294117647,10.078807515256544,0.1555875487187329,43.1764705882353,65.3529411764706,23.941176470588236
Pinus torreyana,Torrey pine,Plantae,1,16.0,1099,7.003065458786462,742,692,73.12647861692447,9.707350612988355,0.15129922413427357,45.36305732484077,66.49954504094632,23.431301182893538
Pinus torreyana torreyana,Torrey Pine,Plantae,1,2.0,308,5.733341276897746,156,211,74.47077922077922,10.5335849314541,0.14970768955475708,42.753246753246756,62.77272727272727,22.175324675324674
Piperia,Rein Orchids,Plantae,0,0.0,5,1.791759469228055,4,4,76.4,8.488892841339112,0.17911437749862666,49.2,70.8,22.8
Pipilo maculatus,Spotted Towhee,Aves,1,3.0,64,4.174387269895637,55,58,62.59375,9.03162955865264,0.16280043451115486,47.9375,68.765625,23.015625
Piranga ludoviciana,Western Tanager,Aves,0,0.0,1,0.6931471805599453,1,1,29.0,10.992984771728516,0.2233624309301376,50.0,64.0,22.0
Pisaster ochraceus,Ochre Sea Star,Animalia,1,357.0,1,0.6931471805599453,1,1,7.0,5.583366394042969,0.0489544235169887,47.0,74.0,25.0
Pisolithus,Unknown,Fungi,0,0.0,1,0.6931471805599453,1,1,119.0,4.320127487182617,0.1228070855140686,53.0,73.0,20.0
Pissonotus delicatus,Unknown,Insecta,0,0.0,1,0.6931471805599453,1,1,43.0,4.320079803466797,0.1572544872760772,50.0,72.0,22.0
Pituophis catenifer,Gopher Snake,Reptilia,1,2.0,14,2.70805020110221,14,14,53.642857142857146,14.01040266241346,0.14829378681523456,41.142857142857146,60.357142857142854,20.857142857142858
Pituophis catenifer annectens,San Diego Gopher Snake,Reptilia,0,0.0,9,2.302585092994046,8,9,42.55555555555556,11.618372864193386,0.1431245240900251,39.22222222222222,63.55555555555556,22.88888888888889
Pityophthorus,Unknown,Insecta,0,0.0,1,0.6931471805599453,1,1,116.0,6.852861881256104,0.1225131899118423,52.0,73.0,21.0
Placidium,Earthscale Lichens,Fungi,0,0.0,3,1.3862943611198906,2,3,90.0,9.002764383951822,0.1631570234894752,49.666666666666664,72.33333333333333,22.333333333333332
Placidium squamulosum,Jellytot Earthscale Lichen,Fungi,0,0.0,3,1.3862943611198906,2,3,111.33333333333333,8.402518272399902,0.14248973131179807,51.666666666666664,72.66666666666667,20.666666666666668
Placynthiella,Unknown,Fungi,0,0.0,1,0.6931471805599453,1,1,82.0,6.557003021240234,0.1425061374902725,49.0,72.0,24.0
Placynthiella icmalea,Stiff Tar-spot Lichen,Fungi,0,0.0,1,0.6931471805599453,1,1,79.0,11.2471284866333,0.1786599457263946,48.0,71.0,25.0
Placynthiella oligotropha,Unknown,Fungi,0,0.0,5,1.791759469228055,4,4,95.4,8.168077087402343,0.14858878105878823,49.8,71.0,22.8
Plagiobothrys,Popcornflowers,Plantae,0,0.0,10,2.3978952727983707,10,10,87.7,6.483780765533448,0.16435464620590207,48.5,70.8,24.5
Plagiobothrys canescens,valley popcornflower,Plantae,0,0.0,1,0.6931471805599453,1,1,92.0,7.695388317108154,0.189446285367012,51.0,67.0,22.0
Plagiobothrys collinus,Cooper's Popcornflower,Plantae,0,0.0,18,2.9444389791664403,14,17,66.22222222222223,8.72844108608034,0.1616968363523483,45.666666666666664,66.27777777777777,22.22222222222222
Plagiobothrys nothofulvus,Rusty Popcornflower,Plantae,0,0.0,11,2.4849066497880004,10,11,64.81818181818181,11.466763388026845,0.15763628753748804,46.27272727272727,70.0,25.363636363636363
Plagiobothrys tenellus,Pacific popcornflower,Plantae,0,0.0,1,0.6931471805599453,1,1,104.0,4.506617546081543,0.1558798402547836,51.0,68.0,23.0
Plagiognathus,Unknown,Insecta,0,0.0,7,2.0794415416798357,6,6,54.285714285714285,18.096860340663365,0.15367222683770312,31.142857142857142,49.285714285714285,18.714285714285715
Plagiognathus obscurus,Obscure Plant Bug,Insecta,0,0.0,1,0.6931471805599453,1,1,52.0,39.05693054199219,0.1404322385787964,0.0,0.0,0.0
Plagiognathus verticalis,Unknown,Insecta,0,0.0,1,0.6931471805599453,1,1,81.0,11.4578218460083,0.1625622361898422,40.0,71.0,29.0
Planes minutus,Gulfweed Crab,Animalia,1,2.0,4,1.6094379124341003,4,3,7.0,16.449269771575928,0.03535564290359615,35.5,53.5,19.0
Plantae,Plants,Plantae,1,18.0,102,4.634728988229636,77,78,60.19607843137255,9.860713484240513,0.14853797106108826,41.8921568627451,62.6078431372549,21.91176470588235
Plantaginaceae,Plantain Family,Plantae,0,0.0,2,1.0986122886681098,2,2,61.5,11.847219944000244,0.1939649432897567,52.0,69.0,22.0
Plantago coronopus,Buck's-horn Plantain,Plantae,0,0.0,21,3.091042453358316,19,21,14.571428571428571,10.657226508571988,0.11652383793677597,26.476190476190474,44.0,16.333333333333332
Plantago elongata,Coastal Plantain,Plantae,0,0.0,2,1.0986122886681098,1,1,111.0,1.5427354872226715,0.14590702205896375,50.5,65.5,22.0
Plantago erecta,dot-seed plantain,Plantae,1,1.0,108,4.6913478822291435,68,80,60.407407407407405,16.436268219793284,0.15157289251133244,37.00925925925926,60.092592592592595,23.11111111111111
Plantago major,greater plantain,Plantae,0,0.0,5,1.791759469228055,4,5,22.6,2.6657231092453,0.19804063737392422,45.8,70.4,24.4
Plantago ovata insularis,Unknown,Plantae,1,2.0,2,1.0986122886681098,2,1,22.5,11.94999647140503,0.11753224208950991,46.0,72.0,24.0
Plataea,Unknown,Insecta,0,0.0,3,1.3862943611198906,3,3,38.333333333333336,7.383153041203816,0.1742830822865168,49.0,69.66666666666667,22.333333333333332
Platanus,planes,Plantae,0,0.0,1,0.6931471805599453,1,1,21.0,9.198762893676758,0.2258040457963943,50.0,64.0,22.0
Platanus racemosa,western sycamore,Plantae,0,0.0,7,2.0794415416798357,6,7,11.571428571428571,10.74169031211308,0.2027234945978437,50.42857142857143,70.85714285714286,22.571428571428573
Platycheirus trichopus,Western Forest Sedgesitter,Insecta,0,0.0,1,0.6931471805599453,1,1,69.0,5.50870418548584,0.170331135392189,50.0,73.0,22.0
Platycixius calvus,Unknown,Insecta,0,0.0,1,0.6931471805599453,1,1,63.0,8.072856903076172,0.1766283810138702,40.0,71.0,29.0
Platycleidini,Unknown,Insecta,0,0.0,1,0.6931471805599453,1,1,66.0,9.361105918884276,0.164520189166069,40.0,71.0,29.0
Platyliodes scaliger,Unknown,Arachnida,0,0.0,1,0.6931471805599453,1,1,66.0,10.012710571289062,0.1541908979415893,50.0,68.0,23.0
Platylyra californica,California Chaparral Katydid,Insecta,0,0.0,1,0.6931471805599453,1,1,69.0,22.61054039001465,0.1286544799804687,40.0,69.0,28.0
Platyodon cancellatus,Boring Softshell Clam,Mollusca,1,1.0,17,2.8903717578961645,9,16,2.588235294117647,7.108868262347053,-0.028985583716455626,2.6470588235294117,4.176470588235294,1.588235294117647
Platyrhinoidis triseriata,Thornback Guitarfish,Animalia,1,1.0,4,1.6094379124341003,4,4,9.0,9.36983036994934,-0.014300941023975574,11.75,17.75,6.25
Platystemon californicus,creamcups,Plantae,0,0.0,12,2.5649493574615367,10,12,11.166666666666666,11.851870278517405,0.2015317864716053,44.416666666666664,68.5,24.75
Platystemon californicus californicus,Unknown,Plantae,0,0.0,1,0.6931471805599453,1,1,18.0,14.757601737976074,0.1037641838192939,46.0,73.0,26.0
Plectreuridae,plectreurid spiders,Arachnida,0,0.0,1,0.6931471805599453,1,1,15.0,19.68366432189941,0.1038974896073341,0.0,0.0,0.0
Plegadis chihi,White-faced Ibis,Aves,0,0.0,4,1.6094379124341003,4,4,0.75,2.534539222717285,0.09978619404137133,34.25,52.5,17.75
Pleocoma puncticollis,Black Rain Beetle,Insecta,0,0.0,4,1.6094379124341003,4,3,105.5,6.964598655700684,0.12263101898133755,51.0,67.75,22.75
Pleocyemata,"Crabs, Lobsters, Shrimps, and Allies",Animalia,0,0.0,1,0.6931471805599453,1,1,11.0,11.497719764709473,0.1389847099781036,46.0,72.0,24.0
Pleopsidium flavum,gold cobblestone lichen,Fungi,0,0.0,1,0.6931471805599453,1,1,84.0,10.914898872375488,0.1527085453271865,48.0,71.0,25.0
Pleuridium acuminatum,Taper-leaved Earth-moss,Plantae,0,0.0,10,2.3978952727983707,4,8,75.7,5.719981074333191,0.1600170329213142,47.9,69.0,21.9
Pleurobrachia,Sea Gooseberries,Animalia,1,3.0,2,1.0986122886681098,2,1,0.0,0.0,-0.011310358531773099,0.0,0.0,0.0
Pleurobrachia bachei,Pacific Sea Gooseberry,Animalia,1,1.0,5,1.791759469228055,4,5,0.0,10.487310791015625,-0.017841846914961962,0.0,0.0,0.0
Pleuronichthys guttulatus,Diamond Turbot,Actinopterygii,0,0.0,1,0.6931471805599453,1,1,0.0,0.0,0.1588155478239059,49.0,69.0,20.0
Pleurotus ostreatus,Unknown,Fungi,0,0.0,1,0.6931471805599453,1,1,5.0,0.9274099469184875,0.0404280610382556,0.0,0.0,0.0
Plocamium,Unknown,Plantae,1,7.0,5,1.791759469228055,5,5,0.0,3.226645660400391,-0.023831884562969204,0.0,0.0,0.0
Plocamium cartilagineum,Sea Comb,Plantae,1,16.0,15,2.772588722239781,13,15,3.066666666666667,7.625477027893067,-0.02511501070111989,12.133333333333333,19.133333333333333,6.933333333333334
Ploiaria,Unknown,Insecta,0,0.0,1,0.6931471805599453,1,1,64.0,12.218915939331056,0.157132863998413,50.0,66.0,24.0
Ploiaria reticulata,Unknown,Insecta,0,0.0,2,1.0986122886681098,2,2,70.5,8.990163445472717,0.16569307446479797,45.0,68.5,26.5
Pluchea odorata,marsh fleabane,Plantae,0,0.0,7,2.0794415416798357,6,6,24.0,11.623183522905622,0.18155230156012941,50.42857142857143,70.42857142857143,22.571428571428573
Pluchea odorata odorata,sweetscent,Plantae,0,0.0,2,1.0986122886681098,2,2,8.5,11.238414645195009,0.2235365360975265,49.5,71.0,24.5
Pluchea sericea,arrowweed,Plantae,0,0.0,24,3.2188758248682006,14,23,0.4166666666666667,1.9552956124146779,0.12370056565850969,48.666666666666664,69.16666666666667,20.75
Plurinerves,Unknown,Plantae,0,0.0,1,0.6931471805599453,1,1,67.0,8.28909969329834,0.1552111059427261,40.0,71.0,29.0
Plusiini,Unknown,Insecta,0,0.0,1,0.6931471805599453,1,1,80.0,3.704791784286499,0.1895496100187301,50.0,73.0,22.0
Plutella xylostella,Diamondback Moth,Insecta,0,0.0,1,0.6931471805599453,1,1,68.0,14.759005546569824,0.1427730023860931,40.0,71.0,29.0
Pluteus,Shields,Fungi,0,0.0,1,0.6931471805599453,1,1,64.0,6.161853313446045,0.2103205621242523,40.0,71.0,29.0
Pluteus cervinus,Deer Mushroom,Fungi,0,0.0,1,0.6931471805599453,1,1,96.0,2.7802884578704834,0.245256096124649,49.0,72.0,22.0
Pluvialis squatarola,Black-bellied Plover,Aves,1,1.0,6,1.9459101490553132,5,6,0.8333333333333334,5.679739952087402,0.021342810709029433,7.5,11.5,4.333333333333333
Poa infirma,Early Meadow-grass,Plantae,0,0.0,1,0.6931471805599453,1,1,84.0,6.557052135467529,0.2507578432559967,53.0,72.0,19.0
Poa secunda,Pine bluegrass,Plantae,0,0.0,1,0.6931471805599453,1,1,77.0,15.51637363433838,0.1568213403224945,48.0,71.0,25.0
Poaceae,Grasses,Plantae,1,5.0,75,4.330733340286331,51,67,61.82666666666667,9.751768191655477,0.1593469918767611,45.21333333333333,66.30666666666667,22.56
Poales,"Grasses, Sedges, Cattails, and Allies",Plantae,0,0.0,12,2.5649493574615367,10,10,44.083333333333336,9.52946941057841,0.15024701878428456,47.083333333333336,70.5,24.0
Podiceps nigricollis,Eared Grebe,Aves,1,5.0,2,1.0986122886681098,2,2,25.0,7.256803154945373,0.15192349255084986,46.5,71.0,24.5
Podicipediformes,Grebes,Aves,0,0.0,1,0.6931471805599453,1,1,51.0,35.51002502441406,0.1153764873743057,0.0,0.0,0.0
Podilymbus podiceps,Pied-billed Grebe,Aves,0,0.0,4,1.6094379124341003,3,4,0.75,2.154644787311554,0.13109420333057636,47.75,70.25,22.5
Podocopida,Unknown,Animalia,0,0.0,1,0.6931471805599453,1,1,109.0,2.1580610275268555,0.1520653516054153,50.0,64.0,23.0
Pododesmus macrochisma,Green Falsejingle,Mollusca,0,0.0,3,1.3862943611198906,2,3,0.0,8.444340070088705,-0.05315833290417984,0.0,0.0,0.0
Podosphaera,Unknown,Fungi,0,0.0,1,0.6931471805599453,1,1,115.0,3.793543100357056,0.1380992829799652,53.0,73.0,20.0
Podosphaera pruinosa,Unknown,Fungi,0,0.0,1,0.6931471805599453,1,1,112.0,9.189116477966309,0.1390409469604492,53.0,73.0,20.0
Poeae,Unknown,Plantae,0,0.0,1,0.6931471805599453,1,1,1.0,0.0,0.1862471401691436,43.0,68.0,27.0
Poecilanthrax arethusa,Unknown,Insecta,1,1.0,5,1.791759469228055,4,5,41.2,6.982387828826904,0.18304683864116666,46.0,71.2,24.4
Poecilia latipinna,Sailfin Molly,Actinopterygii,0,0.0,6,1.9459101490553132,4,6,3.3333333333333335,1.0522794723510742,0.13494507720073062,49.0,69.83333333333333,22.666666666666668
Poecilognathus,Unknown,Insecta,0,0.0,3,1.3862943611198906,2,2,68.33333333333333,7.940945625305176,0.16687035560607907,49.333333333333336,71.66666666666667,23.0
Poecilus,Greenclock Ground Beetles,Insecta,0,0.0,1,0.6931471805599453,1,1,0.0,4.310164451599121,0.1836612969636917,44.0,65.0,24.0
Pogonomyrmex,Typical American Harvester Ants,Insecta,0,0.0,97,4.584967478670572,79,85,70.11340206185567,9.881394718725657,0.14383362629210822,43.71134020618557,65.37113402061856,22.90721649484536
Pogonomyrmex californicus,California Harvester Ant,Insecta,0,0.0,51,3.9512437185814275,46,45,63.568627450980394,12.136743142324335,0.1498959830724725,38.84313725490196,58.23529411764706,20.45098039215686
Pogonomyrmex subnitidus,Unknown,Insecta,0,0.0,37,3.6375861597263857,25,35,67.08108108108108,11.60196185756374,0.14581246533103887,39.13513513513514,59.21621621621622,21.0
Pohlia camptotrachela,Unknown,Plantae,0,0.0,1,0.6931471805599453,1,1,106.0,4.32031774520874,0.1894042938947677,49.0,72.0,22.0
Polemoniaceae,phlox family,Plantae,0,0.0,2,1.0986122886681098,2,2,91.0,9.587623953819275,0.1531770713627338,50.5,64.5,22.0
Polioptila,Gnatcatchers,Aves,0,0.0,3,1.3862943611198906,3,3,64.0,15.142151673634848,0.13166224956512448,32.333333333333336,47.666666666666664,16.0
Polioptila caerulea,Blue-gray Gnatcatcher,Aves,1,1.0,13,2.6390573296152584,9,10,83.38461538461539,7.4384134732759914,0.15747524454043457,49.53846153846154,69.38461538461539,22.923076923076923
Polioptila californica,California Gnatcatcher,Aves,1,9.0,26,3.295836866004329,23,25,57.5,8.570390123587389,0.1641116067767143,47.23076923076923,70.73076923076923,24.346153846153847
Polioptila californica californica,Coastal California Gnatcatcher,Aves,0,0.0,4,1.6094379124341003,4,4,57.5,7.893261671066284,0.17393997684121132,50.25,71.25,22.5
Polistes aurifer,Golden Paper Wasp,Insecta,0,0.0,2,1.0986122886681098,2,2,9.5,9.448049068450928,0.1747352704405784,50.5,72.0,22.0
Pollicipes polymerus,Gooseneck Barnacle,Animalia,1,252.0,36,3.6109179126442243,34,34,10.444444444444445,9.916324827406141,0.0330353192176618,10.055555555555555,15.972222222222221,5.472222222222222
Polycarpon depressum,California manyseed,Plantae,0,0.0,22,3.1354942159291497,13,13,76.36363636363636,6.296153209426186,0.15296726809306574,50.09090909090909,70.77272727272727,21.727272727272727
Polycarpon tetraphyllum,fourleaf manyseed,Plantae,1,1.0,8,2.1972245773362196,7,7,66.75,7.855933904647827,0.14159013703465462,50.0,69.625,22.0
Polycarpon tetraphyllum tetraphyllum,four-leaved allseed,Plantae,0,0.0,1,0.6931471805599453,1,1,111.0,3.3108699321746826,0.1261358708143234,49.0,71.0,22.0
Polycauliona,Unknown,Fungi,1,1.0,6,1.9459101490553132,2,5,77.0,9.46116852760315,0.16076467062036193,45.333333333333336,69.83333333333333,24.833333333333332
Polycauliona bolacina,Waxy Firedot Lichen,Fungi,0,0.0,7,2.0794415416798357,4,5,61.142857142857146,10.231955460139684,0.1709883734583854,50.714285714285715,68.28571428571429,20.285714285714285
Polycauliona candelaria,Shrubby Sunburst Lichen,Fungi,1,1.0,1,0.6931471805599453,1,1,18.0,12.217984199523926,0.2042036801576614,50.0,67.0,20.0
Polycauliona ludificans,Unknown,Fungi,0,0.0,3,1.3862943611198906,1,3,60.0,8.481880029042562,0.15094214677810666,30.0,45.666666666666664,17.666666666666668
Polycauliona luteominia,Red Firedot Lichen,Fungi,0,0.0,2,1.0986122886681098,2,2,7.0,2.573573887348175,0.1591234281659126,38.0,71.0,29.0
Polycauliona luteominia bolanderi,Unknown,Fungi,0,0.0,2,1.0986122886681098,2,2,63.5,10.090522289276123,0.1922892406582832,49.0,72.0,24.0
Polycauliona polycarpa,Pin-cushion Sunburst Lichen,Fungi,1,3.0,10,2.3978952727983707,4,7,9.4,6.243486380577087,0.16858034431934352,43.7,69.2,25.3
Polycauliona tenax,Unknown,Fungi,0,0.0,2,1.0986122886681098,2,2,44.5,14.863652229309082,0.1370713859796524,44.0,72.0,26.0
Polydesmida,Flat-backed Millipedes,Animalia,0,0.0,1,0.6931471805599453,1,1,21.0,15.480182647705078,0.2168746292591095,51.0,67.0,21.0
Polydicliae,Unknown,Plantae,0,0.0,2,1.0986122886681098,1,2,70.0,13.738377094268799,0.1571240201592445,54.5,72.5,19.0
Polygonum arenastrum,Oval Leaf Knotweed,Plantae,0,0.0,1,0.6931471805599453,1,1,8.0,9.883230209350586,0.0828883275389671,0.0,0.0,0.0
Polygonum aviculare,Prostrate Knotweed,Plantae,0,0.0,1,0.6931471805599453,1,1,3.0,1.442366600036621,0.0647234618663787,47.0,71.0,25.0
Polyommatina,Unknown,Insecta,0,0.0,1,0.6931471805599453,1,1,13.0,7.80509090423584,0.2088183909654617,50.0,64.0,22.0
Polyommatini,Typical Blues,Insecta,0,0.0,3,1.3862943611198906,3,3,48.333333333333336,11.925847371419271,0.20165891945362088,46.0,70.66666666666667,24.666666666666668
Polyorchis penicillatus,Red-eye Medusa,Animalia,1,1.0,1,0.6931471805599453,1,1,0.0,0.0,-0.0014460701495409,0.0,0.0,0.0
Polyphaga,"Water, Rove, Scarab, Long-horned, Leaf, and Snout Beetles",Insecta,0,0.0,4,1.6094379124341003,4,4,44.75,8.694241523742676,0.1638177074491977,48.0,72.25,23.5
Polyphylla,Lined June Beetles,Insecta,0,0.0,1,0.6931471805599453,1,1,92.0,5.123371601104736,0.1877534687519073,50.0,66.0,24.0
Polyphylla decemlineata,Ten-lined June Beetle,Insecta,0,0.0,3,1.3862943611198906,3,3,104.66666666666667,4.757096926371257,0.1181655724843343,51.0,67.33333333333333,22.333333333333332
Polyplacophora,Chitons,Mollusca,1,6.0,1,0.6931471805599453,1,1,68.0,17.168275833129883,0.2704851627349853,50.0,71.0,24.0
Polypodium californicum,California Polypody,Plantae,1,3.0,316,5.75890177387728,194,232,70.10126582278481,10.811727560396436,0.16385849963990035,46.16772151898734,67.77215189873418,24.54746835443038
Polypogon,Unknown,Plantae,0,0.0,1,0.6931471805599453,1,1,111.0,2.9910788536071777,0.1162049695849418,48.0,66.0,22.0
Polypogon monspeliensis,rabbitfoot grass,Plantae,1,2.0,12,2.5649493574615367,9,9,8.583333333333334,9.75293137629827,0.15312224222968018,43.666666666666664,64.41666666666667,22.166666666666668
Polypogon viridis,water beard grass,Plantae,0,0.0,2,1.0986122886681098,2,2,4.0,3.5620651245117188,0.1716752648353576,42.5,71.0,27.0
Polyporaceae,Bracket Fungi,Fungi,0,0.0,1,0.6931471805599453,1,1,48.0,12.507487297058104,0.1513578742742538,50.0,72.0,22.0
Polyporales,Shelf Fungi,Fungi,1,1.0,6,1.9459101490553132,4,5,91.83333333333333,11.279818574587503,0.1676984181006749,49.666666666666664,69.5,22.0
Polyporus decurrens,Unknown,Fungi,0,0.0,1,0.6931471805599453,1,1,60.0,24.79986000061035,0.1918677389621734,51.0,65.0,21.0
Polysporina,Unknown,Fungi,0,0.0,1,0.6931471805599453,1,1,76.0,19.32942771911621,0.164986252784729,46.0,71.0,24.0
Polytrichum juniperinum,juniper haircap moss,Plantae,0,0.0,4,1.6094379124341003,4,3,106.5,5.744407892227173,0.14945214241743088,51.0,68.0,20.5
Pompilidae,Spider Wasps,Insecta,0,0.0,18,2.9444389791664403,10,17,61.55555555555556,8.408638546864191,0.16158051002356738,44.111111111111114,66.38888888888889,23.055555555555557
Pompilinae,Unknown,Insecta,0,0.0,2,1.0986122886681098,2,2,68.0,9.206395864486694,0.1724866554141044,42.0,71.0,28.0
Pompilini,Unknown,Insecta,0,0.0,2,1.0986122886681098,2,2,58.0,22.609391927719116,0.17537640035152435,20.0,35.5,14.5
Ponometia,Unknown,Insecta,0,0.0,1,0.6931471805599453,1,1,86.0,4.756302833557129,0.1274071633815765,48.0,71.0,25.0
Ponometia candefacta,Olive-shaded Bird-dropping Moth,Insecta,0,0.0,1,0.6931471805599453,1,1,15.0,15.25754737854004,0.1701818406581878,48.0,71.0,22.0
Pontia,Unknown,Insecta,0,0.0,1,0.6931471805599453,1,1,56.0,15.047643661499023,0.1713127195835113,46.0,72.0,24.0
Pontia protodice,Checkered White,Insecta,1,2.0,10,2.3978952727983707,8,10,49.9,12.981401681900024,0.16590692028403278,46.4,70.2,24.8
Pooideae,Unknown,Plantae,1,2.0,16,2.833213344056216,14,14,44.1875,8.08446490764618,0.1470125094056129,41.0625,60.6875,21.125
Porcellio dilatatus,Giant Canyon Woodlouse,Animalia,0,0.0,1,0.6931471805599453,1,1,77.0,14.624505043029783,0.1626972556114196,40.0,69.0,28.0
Porcellio laevis,Swift Woodlouse,Animalia,1,2.0,2,1.0986122886681098,2,2,10.0,9.732616424560547,0.17776280641555786,49.5,66.0,20.0
Porichthys myriaster,Specklefin Midshipman,Actinopterygii,1,1.0,1,0.6931471805599453,1,1,0.0,0.0,0.0143432728946208,0.0,0.0,0.0
Porifera,Sponges,Animalia,1,5.0,1,0.6931471805599453,1,1,6.0,1.442406415939331,-0.0482434183359146,0.0,0.0,0.0
Porophyllum gracile,Odora,Plantae,0,0.0,3,1.3862943611198906,2,3,104.0,9.200371742248535,0.1103914305567741,51.0,73.0,21.0
Porpita porpita,Blue Button,Animalia,1,3.0,4,1.6094379124341003,4,4,0.0,7.55207896232605,-0.01584933348931372,0.0,0.0,0.0
Portulaca oleracea,Common Purslane,Plantae,0,0.0,1,0.6931471805599453,1,1,77.0,5.123569965362549,0.1995322406291961,54.0,72.0,20.0
Portunidae,Swimming Crabs,Animalia,0,0.0,1,0.6931471805599453,1,1,0.0,0.0,0.1159286946058273,49.0,69.0,20.0
Pottiaceae,Unknown,Plantae,1,4.0,17,2.8903717578961645,10,12,47.94117647058823,13.091709782095517,0.18392771000371255,48.470588235294116,69.58823529411765,22.470588235294116
Prenolepis imparis,American Winter Ant,Insecta,0,0.0,16,2.833213344056216,14,16,62.3125,7.689920619130135,0.17245756927877662,47.0,68.875,24.9375
Primula clevelandii,Padre's Shooting Star,Plantae,0,0.0,29,3.4011973816621555,27,26,69.65517241379311,9.629158147450152,0.1667763012750395,46.06896551724138,70.03448275862068,25.862068965517242
Primula clevelandii clevelandii,Cleveland's Shooting Star,Plantae,0,0.0,32,3.4965075614664802,26,28,71.71875,8.909747198224068,0.1640773164108395,46.65625,69.875,25.6875
Primula clevelandii insularis,Unknown,Plantae,0,0.0,1,0.6931471805599453,1,1,73.0,4.756318092346191,0.1741988211870193,40.0,71.0,29.0
Prionus californicus,California Root Borer,Insecta,0,0.0,11,2.4849066497880004,10,10,72.9090909090909,8.21188669313084,0.1487500948662107,45.0,62.90909090909091,21.363636363636363
Prionyx,Unknown,Insecta,0,0.0,5,1.791759469228055,3,5,25.8,16.097900390625,0.19180265665054316,25.6,41.2,16.0
Prionyx parkeri,Parker's Thread-waisted Wasp,Insecta,0,0.0,8,2.1972245773362196,5,6,17.625,10.998053029179573,0.17313634790480134,32.0,50.75,19.125
Pristigenys serrula,Popeye Catalufa,Actinopterygii,0,0.0,1,0.6931471805599453,1,1,7.0,13.955068588256836,0.109472282230854,45.0,69.0,28.0
Pristoceuthophilus,Unknown,Insecta,0,0.0,10,2.3978952727983707,2,9,70.4,13.771215164661408,0.1654025942087173,38.0,62.2,24.8
Procambarus clarkii,Red Swamp Crayfish,Animalia,0,0.0,7,2.0794415416798357,5,7,1.5714285714285714,1.4226726634161813,0.1582019861255373,44.57142857142857,69.85714285714286,25.857142857142858
Procellariidae,Shearwaters and Petrels,Aves,0,0.0,1,0.6931471805599453,1,1,76.0,10.096575736999512,0.148043543100357,50.0,66.0,24.0
Proctacanthus,Marauders,Insecta,0,0.0,2,1.0986122886681098,1,1,84.0,6.557052135467529,0.2507578432559967,53.0,72.0,19.0
Procyon lotor,Common Raccoon,Mammalia,0,0.0,7,2.0794415416798357,6,7,3.7142857142857144,5.314030996390751,0.17968699548925668,44.57142857142857,69.0,24.714285714285715
Procyonidae,"Raccoons, Coatis, and Allies",Mammalia,0,0.0,1,0.6931471805599453,1,1,2.0,4.319643974304199,0.1465948522090912,48.0,72.0,24.0
Prodeniini,Unknown,Insecta,0,0.0,1,0.6931471805599453,1,1,67.0,8.28909969329834,0.1552111059427261,40.0,71.0,29.0
Prodoxidae,Yucca Moths and Allies,Insecta,0,0.0,1,0.6931471805599453,1,1,80.0,12.768001556396484,0.1777916997671127,40.0,69.0,28.0
Promachus,Giant Robber Flies,Insecta,0,0.0,2,1.0986122886681098,2,2,94.5,5.484898805618286,0.14202973991632462,48.5,71.5,24.5
Pronotacantha annulata,Unknown,Insecta,0,0.0,1,0.6931471805599453,1,1,71.0,5.808918476104736,0.1823877543210983,52.0,73.0,21.0
Propolis versicolor,Unknown,Fungi,0,0.0,3,1.3862943611198906,1,3,78.33333333333333,3.914342482884725,0.16001003980636588,46.666666666666664,69.33333333333333,24.0
Prostigmata,Prostigs,Arachnida,1,1.0,2,1.0986122886681098,2,2,50.5,28.79721736907959,0.17686688899993894,25.0,34.5,12.0
Protandrena,Unknown,Insecta,0,0.0,1,0.6931471805599453,1,1,23.0,9.497842788696287,0.1327499747276306,46.0,72.0,24.0
Protandrena californica,Unknown,Insecta,0,0.0,5,1.791759469228055,3,3,30.2,10.201458168029784,0.1499556243419647,45.2,72.0,24.8
Protobalandricus spectabilis,Tapered Stem Gall Wasp,Insecta,0,0.0,1,0.6931471805599453,1,1,78.0,12.60520839691162,0.1678131222724914,40.0,71.0,29.0
Protoparmeliopsis muralis,Stonewall Rim Lichen,Fungi,0,0.0,1,0.6931471805599453,1,1,95.0,7.552936553955078,0.1737097352743148,50.0,67.0,25.0
Protosmia rubifloris,Prong-faced Slender-Mason,Insecta,0,0.0,1,0.6931471805599453,1,1,74.0,11.498225212097168,0.1734926104545593,48.0,71.0,25.0
Protostomatida,Unknown,Chromista,0,0.0,1,0.6931471805599453,1,1,4.0,5.123410224914551,0.1412407755851745,51.0,69.0,20.0
Protozoa,protozoans,Protozoa,1,1.0,3,1.3862943611198906,1,1,0.0,0.9267628192901611,0.1598398685455322,44.0,68.0,24.666666666666668
Prunus ilicifolia,hollyleaf cherry,Plantae,0,0.0,4,1.6094379124341003,4,4,98.5,8.359941244125366,0.14134447649121284,51.0,68.0,22.25
Prunus ilicifolia ilicifolia,holly-leaved cherry,Plantae,0,0.0,1,0.6931471805599453,1,1,92.0,5.123371601104736,0.1877534687519073,50.0,66.0,24.0
Prunus ilicifolia lyonii,Catalina Cherry,Plantae,0,0.0,8,2.1972245773362196,8,8,103.125,8.298014402389526,0.13321745954453945,51.0,68.0,22.625
Psaltriparus minimus,Bushtit,Aves,1,3.0,53,3.9889840465642745,41,49,73.79245283018868,7.498885204207222,0.159591147359812,49.301886792452834,70.24528301886792,23.943396226415093
Psathyrella,Brittlestems,Fungi,0,0.0,1,0.6931471805599453,1,1,52.0,39.05693054199219,0.1404322385787964,0.0,0.0,0.0
Psathyrella ammophila,Beach Brittlestem,Fungi,0,0.0,1,0.6931471805599453,1,1,116.0,4.756371021270752,0.1167648658156395,51.0,73.0,21.0
Psathyrellaceae,Brittlestems and Allies,Fungi,0,0.0,2,1.0986122886681098,2,2,84.5,7.412637710571289,0.14907343685626978,49.5,72.5,22.0
Psectrosciara,Unknown,Insecta,0,0.0,1,0.6931471805599453,1,1,49.0,12.504878044128418,0.1509732007980346,44.0,72.0,26.0
Pseudacris,Chorus Frogs,Amphibia,1,1.0,2,1.0986122886681098,2,2,5.5,6.652942061424255,0.16941032558679575,49.0,69.0,22.5
Pseudacris regilla,Pacific chorus frog,Amphibia,1,3.0,28,3.367295829986474,24,24,46.714285714285715,8.472988073314939,0.17482488442744523,48.5,68.17857142857143,22.535714285714285
Pseudisothecium cristatum,Unknown,Plantae,0,0.0,12,2.5649493574615367,3,7,54.333333333333336,18.796101172765095,0.18119731855889157,50.166666666666664,66.33333333333333,20.916666666666668
Pseudobatos productus,Shovelnose Guitarfish,Animalia,1,110.0,4,1.6094379124341003,4,4,4.75,8.989104270935059,-0.013745701406151048,11.5,18.25,6.5
Pseudochama exogyra,Reversed Chama,Mollusca,1,29.0,11,2.4849066497880004,7,10,9.636363636363637,18.110887093977496,0.027493786750710538,8.363636363636363,13.090909090909092,4.363636363636363
Pseudognaphalium,rabbit-tobaccos,Plantae,1,15.0,57,4.060443010546419,46,52,65.91228070175438,7.196785941458585,0.14961474558763332,47.29824561403509,69.63157894736842,23.666666666666668
Pseudognaphalium beneolens,Fragrant Everlasting,Plantae,1,12.0,20,3.044522437723423,17,19,56.25,13.079955649375915,0.15677910819649693,40.5,59.5,19.8
Pseudognaphalium biolettii,two-color rabbit tobacco,Plantae,1,25.0,343,5.840641657373398,140,257,63.65597667638484,9.241078413610207,0.15921240154403982,46.18950437317784,69.55102040816327,23.434402332361515
Pseudognaphalium californicum,California cudweed,Plantae,1,16.0,195,5.278114659230517,110,153,69.36923076923077,7.546686134888575,0.15985199940892364,48.687179487179485,70.1025641025641,22.912820512820513
Pseudognaphalium canescens,Wright's cudweed,Plantae,0,0.0,3,1.3862943611198906,3,3,99.0,4.598710695902507,0.15650144219398493,53.0,71.33333333333333,21.666666666666668
Pseudognaphalium luteoalbum,Jersey Cudweed,Plantae,1,3.0,7,2.0794415416798357,6,7,67.85714285714286,8.563267384256635,0.15965128583567476,49.57142857142857,69.14285714285714,22.714285714285715
Pseudognaphalium microcephalum,Feltleaf Everlasting,Plantae,1,1.0,7,2.0794415416798357,7,7,52.857142857142854,9.290587731770106,0.14237659530980243,48.57142857142857,69.71428571428571,23.857142857142858
Pseudognaphalium stramineum,cottonbatting plant,Plantae,1,7.0,63,4.1588830833596715,39,50,75.96825396825396,7.876549365028502,0.1465242172754,47.55555555555556,68.47619047619048,22.396825396825395
Pseudohemihyalea edwardsii,Edwards' Glassy-wing Moth,Insecta,0,0.0,1,0.6931471805599453,1,1,57.0,5.585297584533691,0.1464918106794357,50.0,73.0,22.0
Pseudomalus auratus,Unknown,Insecta,0,0.0,1,0.6931471805599453,1,1,25.0,25.273988723754883,0.160996600985527,51.0,74.0,25.0
Pseudomethoca anthracina,Unknown,Insecta,0,0.0,3,1.3862943611198906,3,3,71.33333333333333,14.642407417297363,0.15654768049716944,31.666666666666668,47.0,16.666666666666668
Pseudomonas syringae,Unknown,Unknown,0,0.0,1,0.6931471805599453,1,1,3.0,9.442011833190918,0.2523244321346283,48.0,68.0,23.0
Pseudomyrmex apache,Apache Twig Ant,Insecta,0,0.0,14,2.70805020110221,12,13,79.5,7.020009896584919,0.16130412316748072,47.214285714285715,70.07142857142857,25.214285714285715
Pseudopusula californiana,Coffee Bean Trivia,Mollusca,1,5.0,2,1.0986122886681098,1,2,26.0,4.943904876708984,0.05481744185090065,22.0,35.5,13.5
Pseudoscaeva diversifasciata,Silver-banded Hover Fly,Insecta,0,0.0,1,0.6931471805599453,1,1,72.0,1.4423161745071411,0.1799259930849075,40.0,71.0,29.0
Psilocarphus brevissimus,low woolly marbles,Plantae,0,0.0,5,1.791759469228055,5,5,90.4,7.414535045623779,0.1446242555975914,49.4,71.0,24.0
Psilocarphus brevissimus brevissimus,dwarf woollyheads,Plantae,0,0.0,1,0.6931471805599453,1,1,73.0,13.077384948730469,0.1918512135744094,50.0,68.0,23.0
Psilocarphus tenellus,slender woolly-marbles,Plantae,0,0.0,18,2.9444389791664403,15,18,50.5,5.443117347028521,0.15931372634238664,47.166666666666664,69.55555555555556,23.666666666666668
Psilochorus,Unknown,Arachnida,0,0.0,1,0.6931471805599453,1,1,72.0,8.570499420166016,0.1286544799804687,40.0,69.0,28.0
Psocodea,"Bark Lice, Book Lice, and Parasitic Lice",Insecta,0,0.0,1,0.6931471805599453,1,1,106.0,8.28909969329834,0.1253102868795395,51.0,68.0,23.0
Psoloessa texana,Texas Range Grasshopper,Insecta,0,0.0,1,0.6931471805599453,1,1,5.0,3.548802137374878,0.1600962728261947,38.0,71.0,29.0
Psora,Fishscale Lichens,Fungi,0,0.0,1,0.6931471805599453,1,1,108.0,2.3950366973876958,0.1332286447286605,49.0,65.0,21.0
Psora californica,Unknown,Fungi,0,0.0,1,0.6931471805599453,1,1,108.0,4.5078864097595215,0.1724966615438461,49.0,72.0,22.0
Psora decipiens,Blushing Scale,Fungi,0,0.0,4,1.6094379124341003,3,3,90.5,9.768284916877747,0.12207724899053571,49.75,71.0,22.25
Psora pacifica,Unknown,Fungi,0,0.0,5,1.791759469228055,3,5,108.8,9.948456001281738,0.14615005105733866,49.4,69.2,21.6
Psorotichia montinii,Unknown,Fungi,0,0.0,2,1.0986122886681098,2,2,57.5,8.830729007720947,0.17303254455327985,50.5,67.0,21.0
Psyllobora,Fungus-eating Lady Beetles,Insecta,0,0.0,1,0.6931471805599453,1,1,61.0,8.360414505004883,0.1654189527034759,50.0,73.0,22.0
Psyllobora vigintimaculata,Twenty-spotted Lady Beetle,Insecta,0,0.0,1,0.6931471805599453,1,1,27.0,30.020915985107425,0.1877602189779281,51.0,74.0,25.0
Ptenothrix californica,Unknown,Animalia,0,0.0,2,1.0986122886681098,2,2,16.5,6.729470133781433,0.16724655032157895,47.5,68.5,22.0
Pteromalidae,Unknown,Insecta,0,0.0,2,1.0986122886681098,2,2,73.0,6.217307209968568,0.18049380928277964,52.0,73.0,21.0
Pterophoridae,Plume Moths,Insecta,0,0.0,1,0.6931471805599453,1,1,76.0,7.176154136657715,0.1556537002325058,54.0,72.0,20.0
Pterophorinae,Unknown,Insecta,0,0.0,3,1.3862943611198906,3,3,71.0,6.24129597345988,0.131145770351092,46.0,70.0,24.666666666666668
Pteropurpura festiva,Festive Murex,Mollusca,1,5.0,5,1.791759469228055,5,5,5.2,19.477499580383302,-0.026352181471884218,18.2,28.8,10.6
Pterostegia drymarioides,Fairy Mist,Plantae,1,1.0,65,4.189654742026425,42,58,57.815384615384616,9.864225309628706,0.15902977259113232,42.44615384615385,63.56923076923077,21.16923076923077
Pterygophora californica,stalked kelp,Chromista,1,1.0,2,1.0986122886681098,2,2,4.5,6.055178642272949,0.0152477473020553,0.0,0.0,0.0
Pterygota,Winged and Once-winged Insects,Insecta,1,2.0,25,3.258096538021482,24,25,56.0,9.557459292411805,0.1465131479501724,40.64,62.04,21.72
Ptilodexia,Unknown,Insecta,0,0.0,11,2.4849066497880004,4,10,37.81818181818182,7.27780701897361,0.18094006722623648,47.81818181818182,69.9090909090909,23.545454545454547
Ptychoramphus aleuticus,Cassin's Auklet,Aves,0,0.0,1,0.6931471805599453,1,1,7.0,5.583349227905273,0.0251545179635286,47.0,74.0,25.0
Ptychostomum capillare,Capillary Thread-moss,Plantae,0,0.0,3,1.3862943611198906,2,3,49.333333333333336,11.568326791127523,0.1803033252557118,50.666666666666664,67.33333333333333,21.666666666666668
Ptychostomum imbricatulum,Tufted Thread-moss,Plantae,0,0.0,1,0.6931471805599453,1,1,16.0,11.883977890014648,0.2020585238933563,49.0,67.0,23.0
Puccinia,Orange-Yellow Rusts,Fungi,0,0.0,4,1.6094379124341003,4,3,47.75,13.335013344883919,0.18427417054772371,47.75,70.0,24.25
Puccinia cressae,alkali weed rust,Fungi,0,0.0,5,1.791759469228055,4,5,2.0,3.281660556793213,0.19531831741333006,44.2,70.0,25.8
Puccinia evadens,coyote brush rust,Fungi,1,10.0,6,1.9459101490553132,5,6,11.5,13.094313343365988,0.14524721354246134,50.166666666666664,70.16666666666667,23.166666666666668
Puccinia malvacearum,Hollyhock Rust,Fungi,0,0.0,2,1.0986122886681098,1,1,15.0,20.08157539367676,0.2187153995037078,51.0,74.0,25.0
Puccinia oenotherae,Unknown,Fungi,0,0.0,1,0.6931471805599453,1,1,101.0,1.854334115982056,0.1043564453721046,53.0,71.0,20.0
Pucciniales,rust fungi,Fungi,0,0.0,2,1.0986122886681098,2,2,103.5,6.822568655014038,0.17086577415466303,46.5,63.5,24.5
Puffinus opisthomelas,Black-vented Shearwater,Aves,1,13.0,2,1.0986122886681098,2,2,0.0,8.211450099945068,0.01686289138160645,23.5,35.5,12.5
Pugettia producta,Northern Kelp Crab,Animalia,1,10.0,1,0.6931471805599453,1,1,0.0,8.769885063171387,-0.0300599355250597,0.0,0.0,0.0
Pulicaria paludosa,Spanish False Fleabane,Plantae,0,0.0,5,1.791759469228055,4,5,2.4,2.1625011682510378,0.17878035902976985,43.2,68.6,24.4
Pulvinaria mesembryanthemi,Ice plant scale,Insecta,0,0.0,1,0.6931471805599453,1,1,5.0,5.681763648986816,0.2033384442329406,38.0,71.0,29.0
Punctularia atropurpurascens,Purple Fuzz,Fungi,0,0.0,1,0.6931471805599453,1,1,82.0,2.8831353187561035,0.1578041464090347,45.0,70.0,28.0
Pusula solandri,Solander's Trivia,Mollusca,1,1.0,1,0.6931471805599453,1,1,0.0,16.133037567138672,-0.0749595090746879,0.0,0.0,0.0
Puto,Unknown,Insecta,0,0.0,1,0.6931471805599453,1,1,97.0,5.208151817321777,0.1533447057008743,53.0,71.0,23.0
Pygoperdita,Unknown,Insecta,0,0.0,2,1.0986122886681098,2,2,73.0,7.103671312332153,0.15164797753095624,48.5,71.0,25.0
Pyralidae,Pyralid Snout Moths,Insecta,0,0.0,1,0.6931471805599453,1,1,82.0,2.8831353187561035,0.1578041464090347,45.0,70.0,28.0
Pyraloidea,Pyralid and Crambid Snout Moths,Insecta,1,1.0,1,0.6931471805599453,1,1,1.0,2.991123676300049,0.1811055243015289,47.0,70.0,22.0
Pyrausta napaealis,Unknown,Insecta,0,0.0,1,0.6931471805599453,1,1,80.0,8.944546699523926,0.1182441189885139,49.0,72.0,24.0
Pyrosoma atlanticum,Unknown,Animalia,1,8.0,7,2.0794415416798357,7,7,27.571428571428573,6.562713214329311,0.031560721807181835,28.285714285714285,40.0,14.0
Pyrrhospora quernea,Sulphured Crimson Dot Lichen,Fungi,0,0.0,14,2.70805020110221,8,12,70.21428571428571,8.73489072067397,0.17414491730076923,47.214285714285715,69.0,24.428571428571427
Quercus,oaks,Plantae,0,0.0,73,4.30406509320417,63,67,87.46575342465754,7.610330892752295,0.15667675843794046,49.56164383561644,69.67123287671232,22.84931506849315
Quercus agrifolia,coast live oak,Plantae,1,1.0,12,2.5649493574615367,10,11,79.75,5.942626878619194,0.1673601667086283,49.416666666666664,69.91666666666667,22.833333333333332
Quercus berberidifolia,California scrub oak,Plantae,0,0.0,58,4.07753744390572,48,54,95.51724137931035,6.135397543167246,0.1571853837833322,51.689655172413794,71.34482758620689,21.637931034482758
Quercus berberidifolia × dumosa,Unknown,Plantae,0,0.0,1,0.6931471805599453,1,1,10.0,15.054621696472168,0.1929088085889816,49.0,64.0,20.0
Quercus berberidifolia × engelmannii,Unknown,Plantae,0,0.0,4,1.6094379124341003,3,4,114.25,8.191597700119019,0.1384380459785461,55.25,73.0,20.0
Quercus dumosa,Nuttall's scrub oak,Plantae,1,2.0,358,5.883322388488279,209,262,86.47206703910615,6.98198676841885,0.1546185774177146,49.23184357541899,69.27932960893855,23.670391061452513
Quercus dumosa x engelmannii,Unknown,Plantae,0,0.0,2,1.0986122886681098,2,2,113.0,10.33342742919922,0.1423462927341461,56.0,73.0,20.0
Quercus engelmannii,Engelmann oak,Plantae,0,0.0,1,0.6931471805599453,1,1,116.0,2.9912002086639404,0.1423462927341461,56.0,73.0,20.0
Quercus × acutidens,Torrey's Hybrid Oak,Plantae,0,0.0,11,2.4849066497880004,9,11,100.45454545454545,4.825940869071267,0.17154179919849735,51.90909090909091,70.36363636363636,19.90909090909091
Quietula y-cauda,Shadow Goby,Actinopterygii,0,0.0,3,1.3862943611198906,2,3,0.0,2.8400745391845703,0.17106831570466352,48.0,68.0,22.333333333333332
Rabdophaga,Willow Gall Midges,Insecta,0,0.0,1,0.6931471805599453,1,1,18.0,26.94515609741211,0.1243143752217292,49.0,67.0,23.0
Rabdophaga salicisbatatus,Potato Gall Midge,Insecta,0,0.0,1,0.6931471805599453,1,1,15.0,18.022125244140625,0.1860717236995697,48.0,71.0,22.0
Rabdophaga salicisbrassicoides,Willow Rosette Gall Midge,Insecta,0,0.0,2,1.0986122886681098,2,2,7.5,10.838497161865234,0.19559196382761,49.5,68.5,23.0
Rabdophaga strobiloides,Willow Pinecone Gall Midge,Insecta,0,0.0,1,0.6931471805599453,1,1,17.0,25.048734664916992,0.2745655179023742,51.0,69.0,20.0
Rafinesquia californica,California chicory,Plantae,1,1.0,8,2.1972245773362196,7,7,68.625,8.133063733577728,0.15832744631916282,49.875,71.625,23.0
Ralfsia pacifica,Unknown,Chromista,0,0.0,2,1.0986122886681098,2,1,8.0,7.902680397033691,0.023090872913599,0.0,0.0,0.0
Ramalina,bushy lichens,Fungi,1,3.0,38,3.6635616461296463,16,22,47.60526315789474,9.722200782675491,0.17402963516743555,48.21052631578947,69.44736842105263,22.710526315789473
Ramalina canariensis,Inelegant Strap Lichen,Fungi,1,3.0,12,2.5649493574615367,5,11,33.583333333333336,11.414580742518107,0.1741090690096219,49.083333333333336,67.83333333333333,22.5
Ramalina farinacea,Farinose Cartilage Lichen,Fungi,0,0.0,10,2.3978952727983707,6,9,34.1,7.880426770448684,0.16442189067602153,49.1,70.3,22.8
Ramalina subleptocarpha,Slit-rimmed ramalina,Fungi,0,0.0,3,1.3862943611198906,3,2,4.333333333333333,2.5122759342193604,0.17797556519508362,49.333333333333336,71.66666666666667,24.666666666666668
Ramalinaceae,"bushy lichens, sea-fog lichens, and allies",Fungi,1,3.0,4,1.6094379124341003,3,4,65.0,9.05005693435669,0.1754169091582298,47.5,68.5,23.0
Ramosissimae,Unknown,Plantae,0,0.0,1,0.6931471805599453,1,1,76.0,11.045699119567873,0.1178104281425476,50.0,66.0,24.0
Ramularia rubella,Unknown,Fungi,0,0.0,1,0.6931471805599453,1,1,12.0,13.350647926330566,0.1673712730407714,49.0,64.0,20.0
Randallia ornata,globose sand crab,Animalia,1,2.0,1,0.6931471805599453,1,1,6.0,1.4424117803573608,-0.0481966808438301,0.0,0.0,0.0
Ranunculaceae,buttercup family,Plantae,0,0.0,1,0.6931471805599453,1,1,70.0,3.438668966293335,0.1865448206663131,52.0,73.0,21.0
Ranunculales,"Buttercups, Poppies, and Allies",Plantae,0,0.0,1,0.6931471805599453,1,1,75.0,9.448065757751465,0.1612099260091781,54.0,72.0,20.0
Ranunculoideae,"Anemones, buttercups, larkspurs and allies",Plantae,0,0.0,1,0.6931471805599453,1,1,78.0,8.772162437438965,0.1964431405067443,52.0,73.0,21.0
Raphanus,Radishes,Plantae,0,0.0,2,1.0986122886681098,2,2,6.0,10.40461015701294,0.2380197867751121,46.5,71.5,26.5
Raphanus raphanistrum,Wild radish,Plantae,1,1.0,20,3.044522437723423,15,18,5.95,7.829198062419891,0.17985464893281455,44.05,64.9,23.0
Raphanus raphanistrum sativus,garden radish,Plantae,1,4.0,36,3.6109179126442243,27,35,10.5,10.310297475920784,0.17494416040264896,45.666666666666664,67.66666666666667,23.72222222222222
Raphidiidae,Raphidiid Snakeflies,Insecta,0,0.0,2,1.0986122886681098,1,1,69.0,8.372588157653809,0.1333762854337692,46.0,71.5,25.5
Rattus rattus,Black Rat,Mammalia,0,0.0,1,0.6931471805599453,1,1,5.0,6.664316654205322,0.0501440912485122,0.0,0.0,0.0
Reithrodontomys megalotis,Western Harvest Mouse,Mammalia,0,0.0,1,0.6931471805599453,1,1,0.0,4.627367496490479,0.1684675961732864,38.0,71.0,29.0
Renilla,Unknown,Animalia,1,9.0,1,0.6931471805599453,1,1,106.0,8.28909969329834,0.1253102868795395,51.0,68.0,23.0
Resseliella,Unknown,Insecta,0,0.0,1,0.6931471805599453,1,1,112.0,9.189116477966309,0.1390409469604492,53.0,73.0,20.0
Resupinatus,Unknown,Fungi,0,0.0,3,1.3862943611198906,3,3,55.666666666666664,10.611968358357748,0.20417406161626175,50.333333333333336,67.66666666666667,22.333333333333332
Reticularia,Unknown,Protozoa,0,0.0,2,1.0986122886681098,2,2,69.0,16.932076930999756,0.13347809016704554,45.0,68.5,25.5
Reticularia lycoperdon,False Puffball,Protozoa,0,0.0,5,1.791759469228055,5,5,81.8,9.90427007675171,0.14542738348245618,44.4,68.8,26.0
Reticulitermes,Unknown,Insecta,0,0.0,3,1.3862943611198906,3,3,70.0,7.126407782236735,0.1555480162302653,48.666666666666664,68.0,23.333333333333332
Reticulitermes hesperus,Western Subterranean Termite,Insecta,0,0.0,5,1.791759469228055,5,5,59.2,10.254652452468871,0.1544959604740142,46.2,71.0,24.8
Rexithaerus sectus,White Macoma,Mollusca,1,6.0,22,3.1354942159291497,9,20,5.045454545454546,7.335001850670034,-0.01872117430056361,8.136363636363637,12.818181818181818,4.7727272727272725
Rhagidiidae,Unknown,Arachnida,0,0.0,1,0.6931471805599453,1,1,108.0,5.682141304016113,0.1557076126337051,49.0,72.0,22.0
Rhamnaceae,buckthorn family,Plantae,0,0.0,6,1.9459101490553132,6,6,76.5,10.206672271092733,0.17223187784353888,44.666666666666664,70.16666666666667,26.166666666666668
Rhamnus,Buckthorns,Plantae,0,0.0,30,3.4339872044851463,20,23,90.06666666666666,8.580144214630128,0.1465342725316683,49.733333333333334,70.96666666666667,22.433333333333334
Rhamnus crocea,Redberry Buckthorn,Plantae,1,1.0,366,5.905361848054571,206,270,69.96448087431693,8.74644044790763,0.16605930764207744,45.36612021857923,69.29508196721312,24.94535519125683
Rhamnus ilicifolia,hollyleaf redberry,Plantae,0,0.0,25,3.258096538021482,18,23,95.12,7.379832220077515,0.14441146075725553,50.52,71.84,21.84
Rhamnus pilosa,Hairyleaf Redberry,Plantae,0,0.0,6,1.9459101490553132,6,6,114.5,6.4832355578740435,0.1245991662144661,52.5,73.0,20.5
Rhamphomyia,Unknown,Insecta,0,0.0,2,1.0986122886681098,2,2,17.5,19.177814483642578,0.22238694876432413,49.0,66.0,22.5
Rhaphiomidas,Unknown,Insecta,0,0.0,4,1.6094379124341003,4,4,51.75,11.36055326461792,0.1256069019436836,34.75,52.75,19.0
Rhaphiomidas acton,Unknown,Insecta,0,0.0,2,1.0986122886681098,2,2,111.5,6.496968388557433,0.11001066863536829,52.0,73.0,20.5
Rhinacloa forticornis,Western Plant Bug,Insecta,0,0.0,1,0.6931471805599453,1,1,15.0,15.25754737854004,0.1701818406581878,48.0,71.0,22.0
Rhinocyllus conicus,Nodding Thistle Receptacle Weevil,Insecta,0,0.0,2,1.0986122886681098,1,2,15.0,19.90541744232178,0.21193903684616083,50.0,69.0,22.5
Rhizamoeba,Unknown,Protozoa,0,0.0,1,0.6931471805599453,1,1,7.0,10.604647636413574,0.1488302648067474,51.0,69.0,20.0
Rhizopogon,Bearded Truffle,Fungi,0,0.0,1,0.6931471805599453,1,1,77.0,14.624505043029783,0.1626972556114196,40.0,69.0,28.0
Rhizopogon occidentalis,Unknown,Fungi,0,0.0,3,1.3862943611198906,3,2,71.66666666666667,12.884456634521484,0.16647947827974952,47.666666666666664,67.66666666666667,23.333333333333332
Rhizopogonaceae,Unknown,Fungi,0,0.0,1,0.6931471805599453,1,1,64.0,6.161853313446045,0.2103205621242523,40.0,71.0,29.0
Rhodophyta,red algae,Plantae,1,37.0,7,2.0794415416798357,6,5,4.428571428571429,12.852783475603376,-0.004306047007308471,0.0,0.0,0.0
Rhodymenia,Unknown,Plantae,1,4.0,1,0.6931471805599453,1,1,0.0,0.0,0.046125303953886,0.0,0.0,0.0
Rhodymeniophycidae,Unknown,Plantae,1,4.0,2,1.0986122886681098,2,2,2.5,2.6043787002563477,-0.033866324461996555,0.0,0.0,0.0
Rhopalinae,Unknown,Insecta,0,0.0,1,0.6931471805599453,1,1,92.0,4.506549835205078,0.1672810316085815,48.0,71.0,25.0
Rhopalodiaceae,Unknown,Chromista,0,0.0,1,0.6931471805599453,1,1,0.0,2.7802884578704834,0.1798994094133377,44.0,68.0,24.0
Rhopalomyia,Unknown,Insecta,0,0.0,8,2.1972245773362196,7,7,57.5,6.560481429100037,0.1609806660562753,49.375,70.125,22.75
Rhopalomyia audibertiae,White Sage Leaf Gall Midge,Insecta,0,0.0,11,2.4849066497880004,9,10,62.63636363636363,13.18147314678539,0.18164333159273316,48.72727272727273,69.81818181818181,23.09090909090909
Rhopalomyia californica,Coyote Brush Bud Gall Midge,Insecta,1,12.0,61,4.127134385045092,37,56,81.73770491803279,6.341811184023247,0.1622098563391654,48.73770491803279,67.98360655737704,23.34426229508197
Rhopalomyia floccosa,Sagebrush Woolly Stem Gall Midge,Insecta,0,0.0,1,0.6931471805599453,1,1,96.0,5.208139896392822,0.1692409068346023,53.0,71.0,23.0
Rhus,sumacs,Plantae,0,0.0,2,1.0986122886681098,2,2,89.0,9.041696667671204,0.15433746576309199,50.0,67.5,23.5
Rhus aromatica,fragrant sumac,Plantae,0,0.0,2,1.0986122886681098,2,2,24.5,18.21334457397461,0.18304910510778424,50.0,69.0,24.0
Rhus integrifolia,lemonade berry,Plantae,1,67.0,955,6.862757913051401,541,592,71.92356020942408,8.404864760281528,0.15644532605537567,45.945549738219896,67.3476439790576,23.578010471204188
Rhus ovata,sugar bush,Plantae,0,0.0,1,0.6931471805599453,1,1,90.0,2.8827271461486816,0.1361991167068481,48.0,71.0,25.0
Rhus trilobata,Skunkbush Sumac,Plantae,0,0.0,1,0.6931471805599453,1,1,23.0,17.345945358276367,0.2171617150306701,50.0,69.0,24.0
Rhynchophorini,Unknown,Insecta,0,0.0,2,1.0986122886681098,2,2,54.0,5.485739231109619,0.15798805654048914,44.5,69.5,26.0
Rhynchophorus palmarum,South American Palm Weevil,Insecta,0,0.0,1,0.6931471805599453,1,1,92.0,4.506549835205078,0.1672810316085815,48.0,71.0,25.0
Rhynchostegium serrulatum,Steerecleus Moss,Plantae,0,0.0,1,0.6931471805599453,1,1,56.0,7.175303936004639,0.17619089782238,51.0,69.0,20.0
Rhytismataceae,Unknown,Fungi,0,0.0,1,0.6931471805599453,1,1,119.0,4.320127487182617,0.1228070855140686,53.0,73.0,20.0
Rhyzobius lophanthae,Purple Scale Predator,Insecta,0,0.0,1,0.6931471805599453,1,1,116.0,6.852861881256104,0.1225131899118423,52.0,73.0,21.0
Ribes,currants and gooseberries,Plantae,1,1.0,9,2.302585092994046,7,7,34.44444444444444,7.8148384359147816,0.18853774666786188,50.77777777777778,69.44444444444444,21.333333333333332
Ribes indecorum,White-flowering Currant,Plantae,0,0.0,46,3.8501476017100584,33,45,64.6304347826087,7.993402466825817,0.1655515184949921,53.47826086956522,71.91304347826087,20.391304347826086
Ribes malvaceum,Chaparral Currant,Plantae,0,0.0,3,1.3862943611198906,3,3,56.0,9.710003217061361,0.1690847774346669,52.666666666666664,72.33333333333333,20.666666666666668
Ribes speciosum,Fuchsiaflower Gooseberry,Plantae,1,3.0,125,4.836281906951478,89,105,21.44,11.377376621246338,0.18871311435103413,47.192,67.144,22.496
Ribesia,Unknown,Insecta,0,0.0,1,0.6931471805599453,1,1,14.0,19.95167732238769,0.1771349757909774,49.0,64.0,20.0
Riccia,Crystalworts,Plantae,0,0.0,5,1.791759469228055,5,5,91.0,4.0688945055007935,0.15792808234691616,49.8,71.4,23.2
Riccia campbelliana,Campbell crystalwort,Plantae,0,0.0,15,2.772588722239781,9,11,104.0,7.908177888393402,0.1382043863336245,51.0,70.26666666666667,21.466666666666665
Riccia lamellosa,Lamellose Crystalwort,Plantae,0,0.0,7,2.0794415416798357,4,5,95.85714285714286,9.567545652389526,0.1462092655045645,51.857142857142854,69.71428571428571,20.714285714285715
Riccia nigrella,Black Crystalwort,Plantae,0,0.0,14,2.70805020110221,2,12,76.14285714285714,8.66455774647849,0.15734088633741647,48.857142857142854,70.64285714285714,22.857142857142858
Riccia sorocarpa,Common Crystalwort,Plantae,0,0.0,14,2.70805020110221,10,11,69.85714285714286,10.494646259716578,0.1518731383340699,50.214285714285715,69.35714285714286,21.785714285714285
Riccia trichocarpa,Hairy Crystalwort,Plantae,1,2.0,22,3.1354942159291497,15,20,102.72727272727273,6.485243507406929,0.13473565131425855,50.5,71.0,22.136363636363637
Ricinus communis,castor bean,Plantae,1,1.0,14,2.70805020110221,13,13,36.357142857142854,12.111356616020203,0.1672715895942279,50.57142857142857,70.64285714285714,21.5
Rinodina,Pepper-Spore Lichens,Fungi,0,0.0,10,2.3978952727983707,6,8,68.1,11.22006540298462,0.16703080609440799,49.4,68.7,22.1
Rinodina herrei,Herre's Rinodina Lichen,Fungi,0,0.0,1,0.6931471805599453,1,1,80.0,17.236371994018555,0.1789227724075317,50.0,67.0,25.0
Rinodina lobulata,Unknown,Fungi,0,0.0,3,1.3862943611198906,2,3,66.66666666666667,16.27763303120931,0.18684458235899604,47.666666666666664,71.0,24.0
Rissa tridactyla,Black-legged Kittiwake,Aves,1,1.0,2,1.0986122886681098,1,1,4.5,1.6570072770118713,-0.0064954529516398,45.0,69.0,26.0
Roanokenses,Amanita sect. Roanokenses,Fungi,0,0.0,1,0.6931471805599453,1,1,113.0,1.1047025918960571,0.1377657502889633,50.0,64.0,23.0
Roccella,Litmus Lichens,Fungi,0,0.0,1,0.6931471805599453,1,1,48.0,20.082693099975582,0.1713127195835113,46.0,72.0,24.0
Roccellaceae,Unknown,Fungi,0,0.0,1,0.6931471805599453,1,1,73.0,14.624289512634276,0.158021405339241,51.0,65.0,21.0
Rodentia,Rodents,Mammalia,0,0.0,3,1.3862943611198906,3,3,29.333333333333332,10.512032826741537,0.19584929943084714,46.666666666666664,68.33333333333333,23.0
Romaleon antennarium,Pacific Rock Crab,Animalia,1,7.0,8,2.1972245773362196,6,6,7.25,13.33791433274746,0.018021548923570663,0.0,0.0,0.0
Romneya,Matilija poppies,Plantae,0,0.0,1,0.6931471805599453,1,1,87.0,7.071024894714356,0.2151854634284973,47.0,70.0,24.0
Roncador stearnsii,Spotfin Croaker,Actinopterygii,1,23.0,4,1.6094379124341003,4,4,0.0,9.878974199295044,-0.031131708296015848,0.0,0.0,0.0
Roperia poulsoni,Poulson's Dwarf Triton,Mollusca,1,45.0,5,1.791759469228055,5,5,2.2,7.316068553924561,0.06333271600306027,28.0,42.0,15.2
Rophitinae,Shortface bees and allies,Insecta,0,0.0,12,2.5649493574615367,5,7,84.91666666666667,6.944810355703036,0.16576701775193212,47.416666666666664,69.0,24.75
Rosa californica,California Wild Rose,Plantae,0,0.0,1,0.6931471805599453,1,1,71.0,9.361124992370604,0.1741988211870193,50.0,66.0,24.0
Rotifera,Rotifers,Animalia,0,0.0,1,0.6931471805599453,1,1,0.0,0.0,0.2326643913984298,44.0,65.0,24.0
Rta clade,RTA Clade Spiders,Arachnida,0,0.0,2,1.0986122886681098,1,2,115.5,7.880290865898132,0.13885004073381418,54.5,73.0,20.0
Rubus ursinus,trailing blackberry,Plantae,0,0.0,1,0.6931471805599453,1,1,11.0,13.773503303527832,0.1615631729364395,51.0,69.0,22.0
Ruditapes philippinarum,Japanese Littleneck,Mollusca,0,0.0,3,1.3862943611198906,2,2,0.0,5.208710670471191,0.1522048413753509,49.0,69.0,21.0
Rumex,docks and sorrels,Plantae,0,0.0,4,1.6094379124341003,2,4,4.25,1.3991442322731018,0.13337983563542363,48.25,71.0,24.0
Rumex conglomeratus,Clustered Dock,Plantae,0,0.0,1,0.6931471805599453,1,1,3.0,2.1580750942230225,0.2364356368780136,47.0,70.0,21.0
Rumex crispus,curled dock,Plantae,0,0.0,20,3.044522437723423,19,20,11.7,9.660323789715767,0.17254304476082322,43.05,61.05,19.7
Rumex dentatus,Aegean dock,Plantae,0,0.0,1,0.6931471805599453,1,1,-2.0,4.756306171417236,0.1953832507133484,48.0,70.0,22.0
Rumex persicarioides,pacific golden dock,Plantae,0,0.0,1,0.6931471805599453,1,1,3.0,1.442366600036621,0.1400120854377746,47.0,71.0,25.0
Rumex pulcher,fiddle dock,Plantae,0,0.0,1,0.6931471805599453,1,1,7.0,14.276538848876951,0.1870816051959991,44.0,65.0,24.0
Rumex spinosus,Devil's Thorn,Plantae,1,10.0,10,2.3978952727983707,8,10,19.1,7.622201728820801,0.08301430940628046,26.0,42.1,15.8
Ruppia maritima,widgeongrass,Plantae,0,0.0,4,1.6094379124341003,3,4,1.0,1.5784018635749817,0.16540226712822909,46.0,69.0,23.5
Ruschieae,Brightfig Tribe,Plantae,1,2.0,2,1.0986122886681098,2,2,42.5,21.719521045684814,0.12770827859640121,0.0,0.0,0.0
Russula,brittlegills,Fungi,0,0.0,6,1.9459101490553132,6,5,98.83333333333333,8.3234912554423,0.1426843740046024,49.166666666666664,67.66666666666667,22.333333333333332
Rutelinae,Shining Leaf Chafers,Insecta,0,0.0,1,0.6931471805599453,1,1,91.0,2.3956754207611084,0.1717190146446228,51.0,68.0,20.0
Sabiniana,Unknown,Plantae,1,1.0,1,0.6931471805599453,1,1,83.0,9.44333553314209,0.1496625393629074,54.0,72.0,20.0
Sabulodes,Unknown,Insecta,0,0.0,1,0.6931471805599453,1,1,67.0,5.208302974700928,0.1868018507957458,40.0,71.0,29.0
Sabulodes aegrotata,Omnivorous Looper,Insecta,0,0.0,2,1.0986122886681098,2,2,43.5,5.0517518520355225,0.09273846261203285,25.5,34.0,10.0
Sabulodes spoliata,Unknown,Insecta,0,0.0,1,0.6931471805599453,1,1,16.0,13.257582664489746,0.1076513975858688,38.0,71.0,29.0
Sagina apetala,Annual Pearlwort,Plantae,0,0.0,3,1.3862943611198906,2,3,71.33333333333333,6.89394481976827,0.16439494738976154,48.0,71.0,23.0
Sagina decumbens occidentalis,western pearlwort,Plantae,0,0.0,1,0.6931471805599453,1,1,108.0,2.882642269134521,0.1520653516054153,50.0,64.0,23.0
Sairocarpus,Unknown,Plantae,1,11.0,100,4.61512051684126,77,86,65.69,11.858500856161118,0.15733193885535,41.39,62.67,22.64
Sairocarpus coulterianus,Coulter's snapdragon,Plantae,0,0.0,16,2.833213344056216,10,16,59.5625,9.022550418972969,0.16667641419917342,53.0,72.25,20.5
Sairocarpus nuttallianus,Nuttall's Snapdragon,Plantae,1,17.0,745,6.61472560020376,353,486,64.3758389261745,13.518816445577865,0.15717960767597958,40.785234899328856,62.62013422818792,22.758389261744966
Sairocarpus pusillus,lesser snapdragon,Plantae,1,17.0,176,5.176149732573829,115,127,74.9090909090909,9.413444294848226,0.1522761412726884,46.33522727272727,68.27272727272727,23.386363636363637
Saldula,Unknown,Insecta,0,0.0,1,0.6931471805599453,1,1,0.0,5.208710670471191,0.1522048413753509,49.0,69.0,21.0
Salicornia,pickleweeds,Plantae,1,2.0,7,2.0794415416798357,7,7,3.4285714285714284,2.368760313306536,0.15851946068661552,45.142857142857146,69.28571428571429,23.857142857142858
Salicornia pacifica,Pacific Glasswort,Plantae,1,6.0,46,3.8501476017100584,39,44,4.869565217391305,5.822294752234998,0.15886492227487586,38.21739130434783,60.43478260869565,22.152173913043477
Salicornieae,Unknown,Plantae,0,0.0,14,2.70805020110221,11,14,5.5,7.006998888083866,0.17296766330088884,39.714285714285715,65.0,24.5
Salix,Willows,Plantae,0,0.0,3,1.3862943611198906,3,3,47.333333333333336,18.130839347839355,0.17279334863026932,49.666666666666664,69.66666666666667,22.333333333333332
Salix exigua,Narrowleaf Willow,Plantae,0,0.0,2,1.0986122886681098,2,2,9.5,9.448381185531616,0.1696795523166656,50.0,68.0,22.5
Salix exigua hindsiana,hinds' willow,Plantae,0,0.0,1,0.6931471805599453,1,1,9.0,9.186408042907717,0.1806754469871521,51.0,69.0,22.0
Salix gooddingii,Goodding's willow,Plantae,0,0.0,7,2.0794415416798357,7,7,6.857142857142857,7.688772933823722,0.15539760674749098,46.714285714285715,69.85714285714286,22.857142857142858
Salix laevigata,red willow,Plantae,0,0.0,3,1.3862943611198906,3,3,16.333333333333332,18.556471824645996,0.16087075571219123,51.0,70.66666666666667,22.333333333333332
Salix lasiolepis,Arroyo Willow,Plantae,1,1.0,19,2.995732273553991,17,19,18.842105263157894,13.082868601146497,0.21143270166296704,49.26315789473684,68.6842105263158,21.68421052631579
Salpa,Typical Salps,Animalia,0,0.0,1,0.6931471805599453,1,1,0.0,0.0,0.0234739035367965,0.0,0.0,0.0
Salpinctes obsoletus,Rock Wren,Aves,1,3.0,10,2.3978952727983707,8,10,16.6,9.873055696487427,0.08325086813420055,13.0,21.5,7.9
Salsola,Russian Thistles,Plantae,1,4.0,10,2.3978952727983707,9,10,54.9,15.201031064987182,0.12778516020625824,32.6,49.8,17.4
Salsola australis,Southern Russian Thistle,Plantae,0,0.0,4,1.6094379124341003,4,4,19.25,14.180920779705048,0.0758843449875712,23.75,35.25,11.5
Salsola tragus,Prickly Russian Thistle,Plantae,1,1.0,4,1.6094379124341003,4,4,22.5,16.01289939880371,0.1587651595473289,47.0,72.5,24.5
Salticidae,Jumping Spiders,Arachnida,0,0.0,1,0.6931471805599453,1,1,0.0,0.0,0.2373193204402923,43.0,68.0,25.0
Salticinae,Typical Jumping Spiders,Arachnida,0,0.0,3,1.3862943611198906,3,3,42.333333333333336,10.927486260732016,0.1372447162866592,29.666666666666668,48.0,16.666666666666668
Salticus palpalis,Unknown,Arachnida,0,0.0,1,0.6931471805599453,1,1,76.0,7.176154136657715,0.1556537002325058,54.0,72.0,20.0
Salvia,Sages,Plantae,1,1.0,16,2.833213344056216,16,15,96.125,6.260060906410217,0.14707884937524793,50.5,70.9375,23.1875
Salvia apiana,white sage,Plantae,0,0.0,234,5.459585514144159,102,193,55.6025641025641,8.238311958363932,0.15185667743158135,48.414529914529915,70.86324786324786,23.042735042735043
Salvia apiana × mellifera,white × black sage hybrid,Plantae,0,0.0,1,0.6931471805599453,1,1,63.0,18.02262306213379,0.1350961327552795,40.0,69.0,28.0
Salvia clevelandii,Cleveland Sage,Plantae,0,0.0,72,4.290459441148391,53,71,112.70833333333333,5.029490474197599,0.12442644726898933,52.138888888888886,72.26388888888889,21.0
Salvia clevelandii × mellifera,Unknown,Plantae,0,0.0,1,0.6931471805599453,1,1,62.0,6.624999046325684,0.1708632409572601,50.0,68.0,23.0
Salvia columbariae,Chia,Plantae,1,2.0,4,1.6094379124341003,4,4,70.0,9.459364175796507,0.17381735891103742,40.0,71.0,29.0
Salvia mellifera,black sage,Plantae,0,0.0,861,6.759255270663693,408,549,73.20557491289199,7.629483257644268,0.16344002743752434,48.26480836236934,70.03252032520325,23.715447154471544
Sambucus cerulea,blue elder,Plantae,1,1.0,69,4.248495242049359,55,60,25.82608695652174,11.288864084775897,0.17830020556415335,45.608695652173914,68.6231884057971,24.72463768115942
Sambucus mexicana,Unknown,Plantae,0,0.0,2,1.0986122886681098,2,2,19.0,12.310588359832764,0.198203757405281,49.5,65.5,22.5
Sambucus nigra,Unknown,Plantae,0,0.0,2,1.0986122886681098,1,2,74.0,10.869305849075317,0.15386506170034403,46.5,70.0,25.5
Samolus parviflorus,seaside brookweed,Plantae,0,0.0,1,0.6931471805599453,1,1,6.0,0.9274099469184875,0.242745354771614,47.0,68.0,22.0
Sanicula,sanicles,Plantae,0,0.0,2,1.0986122886681098,2,2,7.0,3.326205253601074,0.1903298422694206,38.0,71.0,29.0
Sanicula arguta,Sharp-toothed Sanicle,Plantae,0,0.0,7,2.0794415416798357,7,7,23.571428571428573,5.483013561793736,0.15857710157121932,42.142857142857146,70.71428571428571,27.142857142857142
Sanicula crassicaulis,Pacific Sanicle,Plantae,0,0.0,11,2.4849066497880004,9,11,11.363636363636363,6.677683299238032,0.19528020376508887,42.63636363636363,69.0909090909091,25.454545454545453
Saproamanita,Unknown,Fungi,0,0.0,1,0.6931471805599453,1,1,6.0,7.070599555969238,0.2090377509593963,38.0,71.0,29.0
Sarcodiotheca gaudichaudii,succulent seaweed,Plantae,1,5.0,1,0.6931471805599453,1,1,0.0,0.0,-0.0701041519641876,0.0,0.0,0.0
Sarcogyne,Grain-spored lichens,Fungi,0,0.0,1,0.6931471805599453,1,1,115.0,9.20038604736328,0.1046944558620452,51.0,73.0,21.0
Sarcogyne arenosa,Unknown,Fungi,0,0.0,1,0.6931471805599453,1,1,18.0,12.217984199523926,0.2042036801576614,50.0,67.0,20.0
Sarcogyne mitziae,Unknown,Fungi,0,0.0,2,1.0986122886681098,2,1,96.0,6.199555993080139,0.1470967903733253,53.0,71.5,19.5
Sarcogyne pruinosa,Frosted Grain-spored Lichen,Fungi,0,0.0,4,1.6094379124341003,3,4,62.75,11.441097497940063,0.16803073510527608,49.5,69.25,22.75
Sarcophaga,Common Flesh Flies,Insecta,0,0.0,3,1.3862943611198906,3,3,53.666666666666664,10.828156471252441,0.14387401690085724,45.333333333333336,72.0,25.0
Sarcophagidae,Flesh Flies and Satellite Flies,Insecta,1,1.0,2,1.0986122886681098,2,2,36.0,6.414277940988541,0.21906151622533793,50.0,68.0,23.5
Sarcophaginae,Typical Flesh Flies,Insecta,0,0.0,1,0.6931471805599453,1,1,92.0,2.7802884578704834,0.1872300058603286,53.0,72.0,19.0
Sargassum,Sargassum,Chromista,1,8.0,2,1.0986122886681098,2,2,3.5,14.071778297424316,0.0028925249353051003,0.0,0.0,0.0
Sargassum horneri,Devil weed,Chromista,1,7.0,8,2.1972245773362196,7,7,2.125,6.560682594776154,-0.022559019387699636,5.875,8.875,3.125
Sargassum muticum,Japanese Wireweed,Chromista,1,56.0,7,2.0794415416798357,7,7,3.0,7.529747528689248,-0.004846494794557141,13.428571428571429,20.857142857142858,7.285714285714286
Sassacus,Leaf-beetle Jumping Spiders,Arachnida,0,0.0,3,1.3862943611198906,3,3,22.666666666666668,5.673311710357666,0.17552452286084494,44.666666666666664,70.66666666666667,26.333333333333332
Sassacus vitis,Buttonhook Leafbeetle Jumping Spider,Arachnida,1,1.0,7,2.0794415416798357,7,7,67.14285714285714,6.755131925855364,0.1589472549302237,50.0,71.71428571428571,22.285714285714285
Satyrium sylvinus,Sylvan Hairstreak,Insecta,0,0.0,4,1.6094379124341003,4,4,12.25,12.794265866279602,0.1907672956585884,50.5,68.0,21.75
Sauria,Lizards,Reptilia,1,2.0,1,0.6931471805599453,1,1,84.0,6.557052135467529,0.2507578432559967,53.0,72.0,19.0
Saxidomus nuttalli,California Butterclam,Mollusca,1,3.0,12,2.5649493574615367,6,12,4.083333333333333,4.286803126335144,0.000644851165513193,3.3333333333333335,5.75,2.3333333333333335
Saxinis saucia,Red-shouldered Leaf Beetle,Insecta,0,0.0,1,0.6931471805599453,1,1,72.0,1.4423161745071411,0.1799259930849075,40.0,71.0,29.0
Sayapis,Unknown,Insecta,0,0.0,1,0.6931471805599453,1,1,0.0,4.627367496490479,0.1684675961732864,38.0,71.0,29.0
Sayornis nigricans,Black Phoebe,Aves,1,21.0,49,3.912023005428146,42,48,23.510204081632654,11.125263440365694,0.11724752969047934,31.346938775510203,47.30612244897959,16.693877551020407
Sayornis saya,Say's Phoebe,Aves,1,7.0,48,3.8918202981106265,40,45,34.625,15.369320454696814,0.1157809152427944,28.854166666666668,43.875,15.583333333333334
Scaeva affinis,White-bowed Smoothwing,Insecta,1,1.0,3,1.3862943611198906,3,3,54.666666666666664,19.940844535827637,0.1398378138740857,33.333333333333336,48.666666666666664,14.666666666666666
Scaphopoda,Tusk Shells,Mollusca,1,1.0,1,0.6931471805599453,1,1,8.0,7.902680397033691,0.023090872913599,0.0,0.0,0.0
Scaphytopius,Unknown,Insecta,0,0.0,1,0.6931471805599453,1,1,117.0,4.783054351806641,0.1453472077846527,52.0,73.0,21.0
Scarabaeidae,Scarabs,Insecta,1,1.0,2,1.0986122886681098,2,2,75.5,10.51203179359436,0.16649819165468216,44.0,71.0,27.0
Scatopse,Unknown,Insecta,0,0.0,1,0.6931471805599453,1,1,84.0,6.557052135467529,0.2507578432559967,53.0,72.0,19.0
Scatopsidae,Minute Black Scavenger Flies,Insecta,0,0.0,1,0.6931471805599453,1,1,5.0,4.506954669952393,0.2075243145227432,38.0,71.0,29.0
Sceliphron caementarium,Yellow-legged Mud-dauber Wasp,Insecta,0,0.0,4,1.6094379124341003,4,4,73.25,3.5821056365966797,0.18327208235859865,51.75,71.5,19.75
Sceloporinae,Sceloporine Lizards,Reptilia,0,0.0,1,0.6931471805599453,1,1,29.0,13.029356956481934,0.1203004717826843,0.0,0.0,0.0
Sceloporus,Spiny Lizards,Reptilia,0,0.0,2,1.0986122886681098,2,2,81.5,6.706331968307495,0.1501166820526123,50.5,70.5,22.5
Sceloporus occidentalis,Western Fence Lizard,Reptilia,1,42.0,641,6.464588303689961,420,438,70.02808112324493,9.999330892019822,0.1541254879520296,45.46645865834633,67.19500780031201,23.441497659906396
Sceloporus occidentalis longipes,Great Basin Fence Lizard,Reptilia,1,7.0,68,4.23410650459726,54,60,63.55882352941177,10.289459345095297,0.15351703582221968,44.279411764705884,66.1029411764706,23.11764705882353
Schinia scarletina,Unknown,Insecta,0,0.0,3,1.3862943611198906,2,3,62.0,23.942333539326984,0.1494459509849548,13.333333333333334,23.666666666666668,9.666666666666666
Schinus terebinthifolia,Brazilian pepper,Plantae,1,5.0,2,1.0986122886681098,2,2,4.0,0.9274099469184875,0.24523197859525675,51.0,69.0,22.0
Schismus,Unknown,Plantae,0,0.0,1,0.6931471805599453,1,1,81.0,11.4578218460083,0.1625622361898422,40.0,71.0,29.0
Schismus barbatus,common Mediterranean grass,Plantae,1,1.0,7,2.0794415416798357,6,7,87.14285714285714,10.840149368558611,0.15006454501833227,44.57142857142857,61.0,18.571428571428573
Schistocerca nitens,Gray Bird Grasshopper,Insecta,1,2.0,13,2.6390573296152584,12,12,20.846153846153847,12.253583160730509,0.1860517400961655,50.23076923076923,70.3076923076923,23.0
Schizocosa,Brush-legged Spiders,Arachnida,1,4.0,5,1.791759469228055,5,5,60.6,10.865235519409179,0.1371441096067428,44.2,71.0,26.4
Schizocosa mccooki,McCook's Split Wolf Spider,Arachnida,0,0.0,2,1.0986122886681098,2,2,39.0,4.748954683542252,0.0851080268621444,44.0,71.0,26.5
Schizomantodea,Unknown,Insecta,0,0.0,1,0.6931471805599453,1,1,71.0,5.808918476104736,0.1600304394960403,52.0,73.0,21.0
Schizophora,Schizophoran Flies,Insecta,1,2.0,2,1.0986122886681098,2,2,60.0,6.778249025344849,0.14580611139535898,51.0,73.0,21.5
Schizophyllum commune,splitgill mushroom,Fungi,0,0.0,1,0.6931471805599453,1,1,96.0,2.7802884578704834,0.245256096124649,49.0,72.0,22.0
Schoenoplectus acutus,hardstem bulrush,Plantae,0,0.0,1,0.6931471805599453,1,1,13.0,17.244293212890625,0.2213593423366546,51.0,74.0,25.0
Schoenoplectus acutus occidentalis,common tule,Plantae,0,0.0,1,0.6931471805599453,1,1,7.0,0.9274099469184875,0.305498331785202,51.0,69.0,22.0
Schoenoplectus americanus,American three-square bulrush,Plantae,0,0.0,3,1.3862943611198906,3,3,5.0,3.5380307833353677,0.2050841798384984,47.333333333333336,68.0,23.0
Schoenoplectus californicus,California bulrush,Plantae,0,0.0,4,1.6094379124341003,4,4,7.75,9.604860335588455,0.16504879668354983,49.0,71.5,24.25
Sciaenidae,Drums,Actinopterygii,1,1.0,2,1.0986122886681098,1,1,0.0,7.175526142120361,0.0057877814397215,0.0,0.0,0.0
Sciaroidea,Fungus Gnats and Gall Midges,Insecta,0,0.0,5,1.791759469228055,5,5,73.8,10.918993186950683,0.1663855642080307,46.2,68.6,24.8
Sciuridae,Squirrels,Mammalia,0,0.0,1,0.6931471805599453,1,1,51.0,12.596003532409668,0.1440464109182357,46.0,70.0,24.0
Sciurus,Tree Squirrels,Mammalia,0,0.0,1,0.6931471805599453,1,1,71.0,13.504158973693848,0.1496432721614837,40.0,69.0,28.0
Sclerococcum,Unknown,Fungi,0,0.0,3,1.3862943611198906,1,2,78.0,14.788589159647623,0.1705646266539891,50.0,66.0,24.0
Scleroderma polyrhizum,Many-rooted Earthball,Fungi,0,0.0,1,0.6931471805599453,1,1,58.0,8.03724479675293,0.1540730893611908,44.0,71.0,27.0
Sclerodermatineae,Unknown,Fungi,0,0.0,1,0.6931471805599453,1,1,2.0,1.1047649383544922,0.1696696579456329,50.0,69.0,24.0
Scleropodium,Unknown,Plantae,0,0.0,3,1.3862943611198906,2,3,70.0,17.403642972310383,0.18358928958574927,50.333333333333336,67.33333333333333,21.333333333333332
Scleropodium californicum,Unknown,Plantae,0,0.0,10,2.3978952727983707,2,8,36.1,19.618719601631163,0.16978352218866344,50.1,67.8,21.8
Scolopendra polymorpha,Common Desert Centipede,Animalia,0,0.0,7,2.0794415416798357,6,7,88.14285714285714,10.256741046905518,0.13524780741759707,47.142857142857146,69.14285714285714,25.428571428571427
Scolytini,Typical Bark Beetles,Insecta,0,0.0,1,0.6931471805599453,1,1,18.0,9.19877815246582,0.2138177007436752,50.0,67.0,20.0
Scrophularia,figworts,Plantae,0,0.0,1,0.6931471805599453,1,1,79.0,8.591731071472168,0.1496625393629074,54.0,72.0,20.0
Scrophularia californica,California beeplant,Plantae,0,0.0,338,5.82600010738045,150,260,64.30473372781066,7.028673675638684,0.17130071381051862,50.51183431952663,71.6301775147929,21.91715976331361
Scudderia,Scudder's Bush Katydids,Insecta,1,1.0,5,1.791759469228055,3,5,45.8,11.237419080734252,0.14130464643239976,36.6,57.0,19.4
Scudderia mexicana,Mexican Bush Katydid,Insecta,0,0.0,3,1.3862943611198906,2,3,31.666666666666668,7.076374292373657,0.16806050638357795,38.666666666666664,70.33333333333333,28.666666666666668
Scutigera,Unknown,Animalia,0,0.0,1,0.6931471805599453,1,1,6.0,6.6643571853637695,0.065227098762989,0.0,0.0,0.0
Scutigera coleoptrata,House Centipede,Animalia,0,0.0,5,1.791759469228055,5,5,66.4,5.111832141876221,0.1279899403452873,50.2,70.2,23.0
Scyphozoa,True Jellies,Animalia,0,0.0,1,0.6931471805599453,1,1,9.0,13.302650451660156,0.0630020946264267,0.0,0.0,0.0
Scythris trivinctella,Banded Scythris Moth,Insecta,0,0.0,1,0.6931471805599453,1,1,68.0,9.754060745239258,0.1929493248462677,49.0,72.0,24.0
Searsia lancea,african sumac,Plantae,0,0.0,1,0.6931471805599453,1,1,14.0,14.183331489562988,0.1976943463087082,45.0,69.0,28.0
Sedeae,Unknown,Plantae,0,0.0,1,0.6931471805599453,1,1,95.0,7.552936553955078,0.1737097352743148,50.0,67.0,25.0
Segestria pacifica,Unknown,Arachnida,0,0.0,1,0.6931471805599453,1,1,33.0,10.670642852783203,0.0992815643548965,40.0,69.0,28.0
Selaginella,Spikemosses,Plantae,0,0.0,1,0.6931471805599453,1,1,91.0,7.742185592651367,0.103725716471672,48.0,71.0,25.0
Selaginella cinerascens,Ashy Spikemoss,Plantae,1,1.0,52,3.970291913552122,37,47,83.23076923076923,7.431367447743049,0.1539801927999808,49.07692307692308,70.98076923076923,23.48076923076923
Selasphorus,"Rufous, Allen's, and Allied Hummingbirds",Aves,1,1.0,13,2.6390573296152584,12,12,49.0,8.913487636126005,0.1513399521891887,50.0,70.23076923076923,21.23076923076923
Selasphorus calliope,Calliope Hummingbird,Aves,0,0.0,7,2.0794415416798357,7,4,12.428571428571429,12.140408652169365,0.20394765692097797,49.42857142857143,65.85714285714286,20.857142857142858
Selasphorus sasin,Allen's Hummingbird,Aves,1,9.0,34,3.5553480614894135,20,26,32.94117647058823,7.873606234788895,0.15764132010586118,47.970588235294116,67.94117647058823,21.08823529411765
Selineae,Unknown,Plantae,0,0.0,5,1.791759469228055,5,4,73.2,6.920028638839722,0.17517676949501032,45.0,68.6,25.4
Semele,Unknown,Mollusca,1,1.0,1,0.6931471805599453,1,1,14.0,24.501264572143555,0.0247572157531976,0.0,0.0,0.0
Semele decisa,Clipped Semele,Mollusca,1,8.0,11,2.4849066497880004,5,11,2.6363636363636362,14.395173798907887,-0.02843256366031707,0.0,0.0,0.0
Senecio,groundsels,Plantae,0,0.0,13,2.6390573296152584,10,11,53.30769230769231,16.808753893925594,0.13929294450924942,34.38461538461539,54.84615384615385,20.0
Senecio californicus,California ragwort,Plantae,0,0.0,169,5.135798437050262,84,114,56.27810650887574,18.763605655297724,0.14789802320962822,30.556213017751478,50.30769230769231,19.130177514792898
Senecio flaccidus,threadleaf groundsel,Plantae,0,0.0,2,1.0986122886681098,2,2,21.5,24.03039264678955,0.0942059569060802,0.0,0.0,0.0
Senecio vulgaris,common groundsel,Plantae,0,0.0,6,1.9459101490553132,6,6,74.0,7.776748259862264,0.16024888803561527,51.166666666666664,69.83333333333333,22.0
Sericini,Unknown,Insecta,0,0.0,1,0.6931471805599453,1,1,104.0,8.462756156921387,0.1552087217569351,51.0,68.0,23.0
Sesuvium verrucosum,Western Seapurslane,Plantae,0,0.0,4,1.6094379124341003,4,3,2.25,1.3135576993227007,0.19879882037639615,47.25,71.0,21.25
Setophaga coronata,Yellow-rumped Warbler,Aves,1,1.0,42,3.7612001156935624,23,36,48.214285714285715,8.20411150654157,0.15599255654073893,46.88095238095238,68.5,23.095238095238095
Setophaga coronata auduboni,Audubon's Warbler,Aves,0,0.0,3,1.3862943611198906,3,3,73.33333333333333,21.552852948506672,0.148005798459053,29.666666666666668,46.666666666666664,16.666666666666668
Setophaga occidentalis,Hermit Warbler,Aves,0,0.0,3,1.3862943611198906,2,2,43.0,8.567843119303385,0.20634515583515164,49.333333333333336,66.33333333333333,23.0
Setophaga townsendi,Townsend's Warbler,Aves,0,0.0,1,0.6931471805599453,1,1,106.0,7.250621318817139,0.1606672406196594,50.0,64.0,23.0
Sialia mexicana,Western Bluebird,Aves,0,0.0,3,1.3862943611198906,3,3,51.666666666666664,15.408639113108316,0.1792873293161392,49.666666666666664,68.66666666666667,24.0
Sicyoeae,Unknown,Plantae,0,0.0,1,0.6931471805599453,1,1,23.0,9.497842788696287,0.1327499747276306,46.0,72.0,24.0
Sicyonia penicillata,peanut rock shrimp,Animalia,1,1.0,1,0.6931471805599453,1,1,15.0,30.955615997314453,0.0364793613553047,0.0,0.0,0.0
Sigridea californica,Unknown,Fungi,0,0.0,25,3.258096538021482,5,17,68.4,8.282071123123169,0.16465324908494947,45.08,70.04,24.96
Silene antirrhina,sleepy catchfly,Plantae,0,0.0,3,1.3862943611198906,3,3,47.333333333333336,13.571114222208658,0.17414041360219315,43.0,72.0,27.666666666666668
Silene gallica,Small-flowered Catchfly,Plantae,1,2.0,79,4.382026634673881,52,59,58.49367088607595,13.071144485775429,0.1540516455528102,38.25316455696203,63.151898734177216,24.39240506329114
Silene laciniata,cardinal catchfly,Plantae,0,0.0,205,5.327876168789581,158,167,74.2,11.864183680894898,0.16345816330938798,43.5219512195122,68.17073170731707,25.819512195121952
Silene laciniata laciniata,Mexican pink,Plantae,0,0.0,126,4.844187086458591,87,110,72.66666666666667,11.438457657420447,0.1649656507467466,44.82539682539682,68.89682539682539,25.928571428571427
Siliqua lucida,Transparent Razor,Mollusca,0,0.0,1,0.6931471805599453,1,1,6.0,1.442406415939331,-0.0482434183359146,0.0,0.0,0.0
Siloxerus multiflorus,small wrinklewort,Plantae,0,0.0,1,0.6931471805599453,1,1,80.0,7.251054286956787,0.2099625021219253,53.0,72.0,19.0
Silybum marianum,milk thistle,Plantae,0,0.0,27,3.332204510175204,20,24,14.962962962962964,16.77978503704071,0.1916225061372474,50.81481481481482,71.0,23.11111111111111
Simmondsia chinensis,jojoba,Plantae,0,0.0,47,3.871201010907891,33,45,81.38297872340425,5.643340084146946,0.15123112626532287,46.4468085106383,64.8936170212766,22.21276595744681
Simocybe,Unknown,Fungi,0,0.0,1,0.6931471805599453,1,1,98.0,8.165820121765137,0.1634562760591507,53.0,69.0,19.0
Sinea,Unknown,Insecta,0,0.0,1,0.6931471805599453,1,1,75.0,11.249042510986328,0.137820765376091,40.0,69.0,28.0
Sipha,Unknown,Insecta,0,0.0,1,0.6931471805599453,1,1,74.0,4.75636625289917,0.1612099260091781,54.0,72.0,20.0
Sipha maydis,Hedgehog Grain Aphid,Insecta,0,0.0,1,0.6931471805599453,1,1,74.0,4.75636625289917,0.1612099260091781,54.0,72.0,20.0
Siphonaptera,Fleas,Insecta,0,0.0,2,1.0986122886681098,1,1,0.0,0.0,0.15900520980358118,43.5,68.5,24.0
Sisymbrium,Hedgemustards,Plantae,1,1.0,1,0.6931471805599453,1,1,3.0,1.442366600036621,0.1400120854377746,47.0,71.0,25.0
Sisymbrium irio,London rocket,Plantae,1,1.0,2,1.0986122886681098,2,2,92.5,9.7062246799469,0.13476805388927454,50.5,69.5,22.5
Sisymbrium officinale,Hedge mustard,Plantae,1,1.0,1,0.6931471805599453,1,1,5.0,3.793398380279541,0.1387482732534408,49.0,70.0,23.0
Sisymbrium orientale,eastern rocket,Plantae,0,0.0,8,2.1972245773362196,7,8,31.625,10.003137737512589,0.14525691419839853,39.625,62.75,21.875
Sisyrinchium bellum,western blue-eyed grass,Plantae,0,0.0,218,5.389071729816501,153,158,67.75229357798165,9.729863203720216,0.15326643736879209,46.57798165137615,68.85779816513761,24.871559633027523
Sitta canadensis,Red-breasted Nuthatch,Aves,0,0.0,1,0.6931471805599453,1,1,116.0,3.549021482467652,0.1418688595294952,56.0,73.0,20.0
Smicronyx,Unknown,Insecta,1,1.0,11,2.4849066497880004,6,9,78.81818181818181,5.8046393827958545,0.16838514262979676,51.27272727272727,71.9090909090909,21.09090909090909
Smithora,Unknown,Plantae,0,0.0,1,0.6931471805599453,1,1,15.0,23.93294906616211,0.0035620320122689,0.0,0.0,0.0
Socalchemmis idyllwild,Unknown,Arachnida,0,0.0,1,0.6931471805599453,1,1,58.0,8.36038589477539,0.201103001832962,46.0,71.0,24.0
Solanales,"nightshades, bindweeds, gooseweeds, and allies",Plantae,0,0.0,1,0.6931471805599453,1,1,77.0,11.064538955688477,0.1741462051868438,40.0,71.0,29.0
Solanoideae,nightshades and allies,Plantae,0,0.0,2,1.0986122886681098,2,2,81.0,8.150397658348083,0.14000462740659708,48.5,70.5,23.0
Solanum,nightshades,Plantae,1,2.0,32,3.4965075614664802,26,29,60.5,7.717479171231389,0.1640522831585258,47.0625,70.28125,24.4375
Solanum americanum,American black nightshade,Plantae,0,0.0,14,2.70805020110221,13,14,49.5,7.4126549788883755,0.16766390257648056,49.214285714285715,70.85714285714286,23.214285714285715
Solanum douglasii,greenspot nightshade,Plantae,0,0.0,12,2.5649493574615367,11,11,31.583333333333332,10.421682476997375,0.18209365631143248,50.166666666666664,67.16666666666667,20.166666666666668
Solanum lycopersicum,tomato,Plantae,0,0.0,1,0.6931471805599453,1,1,53.0,13.033317565917969,0.1705661118030548,46.0,70.0,24.0
Solanum nigrum,black nightshade,Plantae,1,7.0,10,2.3978952727983707,8,9,36.8,4.412294101715088,0.13632213845849034,49.6,70.9,23.3
Solanum parishii,Parish's nightshade,Plantae,0,0.0,389,5.966146739123692,191,288,66.94344473007712,8.299506787775721,0.16257968990271068,46.77120822622108,69.39074550128535,23.55012853470437
Solanum umbelliferum,Unknown,Plantae,0,0.0,120,4.795790545596741,80,99,65.575,9.600338699420293,0.15745329391211269,45.291666666666664,68.99166666666666,24.283333333333335
Solanum xanti,purple nightshade,Plantae,0,0.0,52,3.970291913552122,42,50,63.46153846153846,8.711172059178352,0.16534522061164558,45.88461538461539,69.61538461538461,24.26923076923077
Solenopsis,Solenopsis Fire Ants and Thief Ants,Insecta,0,0.0,1,0.6931471805599453,1,1,70.0,10.494816780090332,0.2052102386951446,40.0,71.0,29.0
Solenopsis molesta,Molesta-group Thief Ants,Insecta,0,0.0,1,0.6931471805599453,1,1,1.0,2.20897912979126,0.1675031185150146,46.0,71.0,25.0
Solenopsis xyloni,Southern Fire Ant,Insecta,1,1.0,16,2.833213344056216,13,16,60.8125,10.7540997043252,0.14922104263678188,43.8125,70.0,26.5625
Solenopsora cladonioides,Unknown,Fungi,0,0.0,12,2.5649493574615367,3,8,99.16666666666667,8.236738920211792,0.15447677361468468,49.166666666666664,70.16666666666667,21.5
Solierella,Unknown,Insecta,0,0.0,2,1.0986122886681098,2,2,70.5,7.112890005111694,0.1594310104846954,54.0,72.0,20.0
Sonchus,sow thistles,Plantae,1,1.0,12,2.5649493574615367,10,11,32.666666666666664,7.514417787392934,0.16156472638249395,44.75,69.58333333333333,25.0
Sonchus asper,prickly sowthistle,Plantae,1,6.0,17,2.8903717578961645,13,16,51.1764705882353,6.69560719237608,0.17087941660600547,47.94117647058823,69.23529411764706,23.235294117647058
Sonchus asper asper,prickly sow thistle,Plantae,0,0.0,2,1.0986122886681098,2,2,9.0,3.704194128513336,0.120195135474205,47.5,67.5,23.0
Sonchus oleraceus,Common Sow-thistle,Plantae,0,0.0,30,3.4339872044851463,22,29,30.366666666666667,7.558020466566086,0.15833161696791645,41.733333333333334,63.06666666666667,22.0
Sordariomycetes,Unknown,Fungi,0,0.0,6,1.9459101490553132,2,6,75.5,7.630566954612732,0.16972102473179496,49.166666666666664,69.5,23.0
Sparassinae,Unknown,Arachnida,0,0.0,1,0.6931471805599453,1,1,72.0,12.740582466125488,0.1805102974176406,40.0,71.0,29.0
Spatula cyanoptera,Cinnamon Teal,Aves,0,0.0,1,0.6931471805599453,1,1,4.0,3.865122079849243,0.1783111840486526,48.0,70.0,22.0
Spergula,Spurreys,Plantae,0,0.0,1,0.6931471805599453,1,1,60.0,24.79986000061035,0.1918677389621734,51.0,65.0,21.0
Spergula arvensis,Corn spurrey,Plantae,0,0.0,5,1.791759469228055,5,5,43.8,7.536591100692749,0.15208003669977185,47.2,68.8,23.0
Spergularia,Sand-Spurries,Plantae,0,0.0,32,3.4965075614664802,27,30,38.09375,9.59880791977048,0.15080959093756968,45.71875,70.21875,24.5625
Spergularia bocconei,Greek Sea-spurrey,Plantae,0,0.0,6,1.9459101490553132,5,5,17.333333333333332,5.8056713839372,0.13359604341288406,47.666666666666664,71.0,24.166666666666668
Spergularia macrotheca,Sticky Sand-Spurrey,Plantae,1,1.0,30,3.4339872044851463,23,28,20.833333333333332,11.314853606621424,0.15241832534472144,43.233333333333334,67.93333333333334,24.6
Spergularia macrotheca macrotheca,Beach Sandspurry,Plantae,0,0.0,1,0.6931471805599453,1,1,5.0,6.464860916137695,0.1861615926027298,44.0,68.0,24.0
Spergularia marina,Saltmarsh Sand Spurry,Plantae,0,0.0,6,1.9459101490553132,6,6,21.5,10.277361671129862,0.15805380667249358,45.5,69.66666666666667,25.166666666666668
Spergularia rubra,Red Sand Spurrey,Plantae,0,0.0,3,1.3862943611198906,3,3,83.0,11.6289111773173,0.12783752133448917,47.0,70.66666666666667,24.333333333333332
Spergularia villosa,hairy sandspurry,Plantae,0,0.0,5,1.791759469228055,5,4,88.2,11.4531681060791,0.12534852027893068,51.6,72.0,20.8
Sperguleae,Spurrey tribe,Plantae,0,0.0,2,1.0986122886681098,2,2,3.5,4.943984746932983,0.20014195889234535,45.0,69.5,25.0
Sphaeralcea ambigua,apricot mallow,Plantae,0,0.0,1,0.6931471805599453,1,1,93.0,3.54866886138916,0.1493375599384308,53.0,71.0,23.0
Sphaerocarpos,Bottle Liverworts,Plantae,0,0.0,2,1.0986122886681098,2,2,79.5,5.629668623209,0.1664456650614738,51.0,68.0,20.5
Sphaerocarpos texanus,Texas Balloonwort,Plantae,0,0.0,2,1.0986122886681098,2,1,109.5,5.760150909423828,0.159431517124176,49.0,72.0,22.0
Sphaerophoria,Globetails,Insecta,1,1.0,7,2.0794415416798357,5,6,44.0,8.446674006325859,0.17452796229294365,49.142857142857146,71.14285714285714,22.285714285714285
Sphaerophoria contigua,Tufted Globetail,Insecta,0,0.0,8,2.1972245773362196,5,8,41.875,10.75397789478302,0.1738261561840772,40.25,62.625,21.375
Sphaerophoria sulphuripes,Forked Globetail,Insecta,0,0.0,2,1.0986122886681098,2,2,73.5,9.380173802375793,0.1302273944020271,48.5,72.0,22.5
Sphaeropthalma unicolor,Unknown,Insecta,0,0.0,4,1.6094379124341003,3,4,47.0,8.00018560886383,0.17033264413475988,40.5,71.0,28.5
Sphaeropthalminae,Unknown,Insecta,0,0.0,2,1.0986122886681098,2,2,59.5,8.67444896697998,0.12824979424476618,24.0,35.5,12.5
Sphecidae,Thread-waisted Wasps,Insecta,0,0.0,6,1.9459101490553132,6,6,31.0,15.436692277590433,0.13529156769315395,29.833333333333332,46.0,17.0
Sphecinae,Unknown,Insecta,0,0.0,1,0.6931471805599453,1,1,4.0,5.123418807983398,0.1954776644706726,44.0,68.0,24.0
Sphecodes,Blood Bees,Insecta,0,0.0,5,1.791759469228055,3,5,79.6,8.125408267974853,0.16585907638072964,44.6,69.4,25.8
Sphenophorina,Unknown,Insecta,0,0.0,4,1.6094379124341003,4,3,64.5,3.7790864259004593,0.13960741180926556,35.5,51.75,18.0
Sphenophorus aequalis,Clay-colored Billbug,Insecta,0,0.0,1,0.6931471805599453,1,1,2.0,2.20866060256958,0.2691310048103332,48.0,71.0,22.0
Sphenophorus australis,Tule Billbug,Insecta,0,0.0,1,0.6931471805599453,1,1,3.0,1.4423320293426514,0.1612387150526046,41.0,71.0,24.0
Sphex,Unknown,Insecta,0,0.0,1,0.6931471805599453,1,1,6.0,13.257582664489746,0.2223810702562332,42.0,69.0,28.0
Sphex dorsalis,Unknown,Insecta,0,0.0,2,1.0986122886681098,2,2,3.0,4.311498165130615,0.1881095692515373,44.0,66.5,24.0
Sphex ichneumoneus,Great Golden Digger Wasp,Insecta,0,0.0,5,1.791759469228055,5,4,53.6,8.383957195281983,0.170015250146389,32.8,56.8,22.8
Sphex lucae,Unknown,Insecta,0,0.0,2,1.0986122886681098,2,2,39.0,12.652793407440186,0.0875710588297806,26.0,36.5,10.5
Sphinctrina,Unknown,Fungi,0,0.0,1,0.6931471805599453,1,1,92.0,3.438678979873657,0.1694361418485641,53.0,72.0,19.0
Sphinctrina leucopoda,Unknown,Fungi,0,0.0,2,1.0986122886681098,2,1,63.0,14.235109806060791,0.15466269105672836,48.0,68.5,24.0
Sphinctrinaceae,Unknown,Fungi,0,0.0,5,1.791759469228055,4,5,30.8,13.864909029006958,0.17603269815444944,47.6,67.4,22.0
Spilosomina,Unknown,Insecta,0,0.0,1,0.6931471805599453,1,1,6.0,9.44182014465332,0.1655092686414718,50.0,69.0,24.0
Spinus lawrencei,Lawrence's Goldfinch,Aves,0,0.0,1,0.6931471805599453,1,1,19.0,7.250560760498047,0.2177468240261078,50.0,64.0,22.0
Spinus psaltria,Lesser Goldfinch,Aves,1,1.0,37,3.6375861597263857,28,32,66.21621621621621,9.933430620141932,0.16289697990224164,46.972972972972975,66.91891891891892,21.513513513513512
Spirobolida,Iron Millipedes,Animalia,0,0.0,2,1.0986122886681098,2,2,5.5,3.8584983348846436,0.0775913037359714,24.0,36.5,12.5
Spirobolidea,Unknown,Animalia,1,1.0,2,1.0986122886681098,2,2,40.5,6.946529865264893,0.16888026148080826,47.0,69.5,24.5
Spirogyra,Unknown,Plantae,0,0.0,1,0.6931471805599453,1,1,0.0,0.0,0.1901338100433349,44.0,68.0,24.0
Spirulina,Unknown,Unknown,1,1.0,1,0.6931471805599453,1,1,0.0,0.0,0.1901338100433349,44.0,68.0,24.0
Spodoptera exigua,Beet Armyworm Moth,Insecta,0,0.0,3,1.3862943611198906,3,3,54.0,12.345797697703043,0.0972309531643986,31.0,47.666666666666664,16.666666666666668
Spoladea recurvalis,Hawaiian Beet Webworm Moth,Insecta,0,0.0,1,0.6931471805599453,1,1,76.0,6.557013988494873,0.172823965549469,50.0,66.0,24.0
Sporobolus,"dropseeds, cordgrasses, and sandreeds",Plantae,0,0.0,1,0.6931471805599453,1,1,0.0,0.0,0.1159286946058273,49.0,69.0,20.0
Sporobolus foliosus,California Cordgrass,Plantae,0,0.0,9,2.302585092994046,4,8,2.5555555555555554,1.4250337547726102,0.12100928142252892,48.22222222222222,69.55555555555556,23.333333333333332
Sporobolus schoenoides,swamp pricklegrass,Plantae,0,0.0,3,1.3862943611198906,3,2,3.3333333333333335,2.2534729838371277,0.20157613356908155,47.333333333333336,70.66666666666667,21.333333333333332
Stachys,Hedgenettles,Plantae,0,0.0,1,0.6931471805599453,1,1,0.0,0.0,0.1442109793424606,43.0,69.0,24.0
Stachys bullata,California Hedge Nettle,Plantae,0,0.0,1,0.6931471805599453,1,1,87.0,15.292600631713867,0.187210738658905,50.0,64.0,22.0
Stachys rigida quercetorum,Unknown,Plantae,0,0.0,2,1.0986122886681098,2,2,0.0,3.2324304580688477,0.15091771632432935,43.0,69.0,24.0
Stagmomantis californica,California Mantis,Insecta,0,0.0,11,2.4849066497880004,11,11,21.272727272727273,11.922109571370212,0.1442793166603554,32.90909090909091,50.54545454545455,18.0
Stagmomantis limbata,Arizona Mantis,Insecta,0,0.0,2,1.0986122886681098,2,1,5.0,2.209083080291748,0.0695121958851814,48.0,73.0,25.0
Staphylinidae,Rove Beetles,Insecta,1,1.0,3,1.3862943611198906,3,3,6.333333333333333,9.125784397125244,0.18180771172046659,47.0,70.0,24.666666666666668
Stator limbatus,Unknown,Insecta,0,0.0,1,0.6931471805599453,1,1,71.0,5.655186176300049,0.1594310104846954,54.0,72.0,20.0
Steatoda,False Widow Spiders,Arachnida,0,0.0,1,0.6931471805599453,1,1,104.0,8.462756156921387,0.1552087217569351,51.0,68.0,23.0
Steatoda nobilis,Noble False Widow,Arachnida,1,1.0,7,2.0794415416798357,6,7,69.14285714285714,10.22387272971017,0.16132268309593198,49.57142857142857,68.14285714285714,23.142857142857142
Stebbinsoseris heterocarpa,grassland silverpuffs,Plantae,0,0.0,9,2.302585092994046,9,9,17.555555555555557,8.286733362409803,0.18449636465973318,45.22222222222222,67.66666666666667,23.77777777777778
Steccherinaceae,Unknown,Fungi,0,0.0,1,0.6931471805599453,1,1,44.0,22.267314910888672,0.2283082455396652,51.0,67.0,21.0
Steccherinum nitidum,Unknown,Fungi,0,0.0,1,0.6931471805599453,1,1,62.0,6.624999046325684,0.1708632409572601,50.0,68.0,23.0
Steccherinum ochraceum,Ochre Spreading Tooth,Fungi,0,0.0,1,0.6931471805599453,1,1,27.0,18.24726867675781,0.220486506819725,50.0,66.0,20.0
Stegonia hyalinotricha,Unknown,Plantae,0,0.0,1,0.6931471805599453,1,1,0.0,2.7802884578704834,0.1954884082078933,42.0,69.0,28.0
Stelgidopteryx serripennis,Northern Rough-winged Swallow,Aves,0,0.0,7,2.0794415416798357,7,7,26.428571428571427,4.535687216690609,0.10595003355826646,41.142857142857146,60.0,20.714285714285715
Stelis,Unknown,Insecta,0,0.0,1,0.6931471805599453,1,1,72.0,12.740582466125488,0.1805102974176406,40.0,71.0,29.0
Stellaria apetala,lesser chickweed,Plantae,0,0.0,1,0.6931471805599453,1,1,69.0,10.843152046203612,0.1832855939865112,51.0,68.0,20.0
Stellaria media,common chickweed,Plantae,0,0.0,2,1.0986122886681098,2,2,74.5,9.817519187927246,0.15140034258365626,40.0,70.0,28.5
Stemonitidaceae,Unknown,Protozoa,0,0.0,4,1.6094379124341003,2,3,36.75,8.102985501289368,0.19371918588876721,48.0,69.0,22.0
Stemonitis,Chocolate Tube Slimes,Protozoa,0,0.0,1,0.6931471805599453,1,1,44.0,22.267314910888672,0.2283082455396652,51.0,67.0,21.0
Stemonitis splendens,chocolate tube slime,Protozoa,0,0.0,2,1.0986122886681098,2,2,35.0,18.168508529663086,0.14582562819123265,44.0,68.0,24.5
Stenamma,Unknown,Insecta,0,0.0,1,0.6931471805599453,1,1,29.0,43.06640625,0.0883324295282363,0.0,0.0,0.0
Steniolia,Unknown,Insecta,0,0.0,2,1.0986122886681098,2,2,102.5,2.716979891061783,0.15351486206054685,49.5,69.0,23.0
Steniolia elegans,Unknown,Insecta,0,0.0,1,0.6931471805599453,1,1,98.0,6.16176176071167,0.1501381248235702,53.0,71.0,23.0
Steniolia longirostra,Unknown,Insecta,0,0.0,2,1.0986122886681098,2,2,47.0,20.43510901927948,0.13855836540460584,25.0,36.5,11.0
Stenodynerus,Unknown,Insecta,0,0.0,4,1.6094379124341003,3,3,6.0,3.1414257138967514,0.1632338389754295,38.0,71.0,29.0
Stenodynerus anormis,Unknown,Insecta,0,0.0,1,0.6931471805599453,1,1,111.0,1.4422365427017212,0.1585932970046997,50.0,64.0,23.0
Stenolophus comma,Comma Harp Ground Beetle,Insecta,0,0.0,1,0.6931471805599453,1,1,12.0,6.599734306335449,0.1429046541452407,50.0,68.0,20.0
Stenomorpha muricatula,Unknown,Insecta,0,0.0,5,1.791759469228055,4,4,75.2,13.066437530517579,0.15810762941837309,33.6,55.8,21.8
Stenopogon,Unknown,Insecta,0,0.0,1,0.6931471805599453,1,1,11.0,8.590218544006348,0.1756433695554733,50.0,68.0,20.0
Stenopogonini,Unknown,Insecta,0,0.0,10,2.3978952727983707,8,10,61.9,7.367929911613464,0.18577189296483992,48.5,69.9,22.6
Stenosini,Unknown,Insecta,0,0.0,1,0.6931471805599453,1,1,50.0,8.463471412658691,0.1767966151237487,50.0,73.0,22.0
Stephanocystis,Unknown,Chromista,1,8.0,4,1.6094379124341003,4,4,8.0,9.829531073570251,0.0249553613830358,11.5,18.0,6.0
Stephanocystis dioica,Unknown,Chromista,1,3.0,3,1.3862943611198906,3,3,9.0,6.760238130887349,0.024520722528298667,30.333333333333332,47.0,16.666666666666668
Stephanocystis osmundacea,chain bladder kelp,Chromista,1,6.0,4,1.6094379124341003,4,4,2.25,7.314564228057861,-0.0060258721932768735,11.75,17.75,6.25
Stephanomeria,Wirelettuces,Plantae,1,3.0,166,5.117993812416755,136,145,64.53012048192771,11.216454624411572,0.15513238503810867,42.463855421686745,64.3012048192771,23.02409638554217
Stephanomeria diegensis,San Diego Wirelettuce,Plantae,1,26.0,1043,6.950814768442584,430,650,64.12847555129434,10.249603981939739,0.15647958606760143,43.72003835091083,65.14956855225311,22.928092042186
Stephanomeria exigua,Small Wirelettuce,Plantae,1,1.0,23,3.1780538303479458,17,22,66.26086956521739,8.134726099345995,0.15505395408557804,46.95652173913044,67.47826086956522,22.217391304347824
Stephanomeria exigua deanei,Deane's wirelettuce,Plantae,0,0.0,10,2.3978952727983707,9,10,29.1,8.830977034568786,0.17081294506788253,47.9,69.3,22.9
Stephanomeria pauciflora,Brownplume Wirelettuce,Plantae,0,0.0,6,1.9459101490553132,6,6,64.83333333333333,8.370331684748331,0.17519733309745786,48.0,70.66666666666667,23.333333333333332
Stephanomeria virgata,rod wirelettuce,Plantae,0,0.0,13,2.6390573296152584,13,13,73.46153846153847,7.237361880449148,0.15939374669240067,47.38461538461539,70.46153846153847,24.615384615384617
Stereum,Unknown,Fungi,0,0.0,5,1.791759469228055,3,4,49.6,19.35104866027832,0.20847676396369935,49.6,68.8,21.8
Stereum hirsutum,hairy curtain crust,Fungi,1,1.0,3,1.3862943611198906,3,3,73.33333333333333,5.820921421051025,0.2140299975872039,50.666666666666664,70.0,20.333333333333332
Stereum ochraceoflavum,Unknown,Fungi,0,0.0,1,0.6931471805599453,1,1,36.0,16.571256637573242,0.2193606048822403,51.0,67.0,21.0
Sterna,Typical Terns,Aves,0,0.0,1,0.6931471805599453,1,1,0.0,9.199922561645508,0.0897607058286666,49.0,69.0,20.0
Sterninae,True Terns,Aves,0,0.0,2,1.0986122886681098,2,2,2.5,3.189951181411743,-0.031087159179151003,0.0,0.0,0.0
Stibia,Unknown,Insecta,0,0.0,1,0.6931471805599453,1,1,29.0,43.06640625,0.0883324295282363,0.0,0.0,0.0
Stictiellina,Unknown,Insecta,0,0.0,2,1.0986122886681098,2,2,43.5,11.07787537574768,0.22309637814760205,47.0,71.0,24.5
Stigmella,Unknown,Insecta,0,0.0,5,1.791759469228055,4,4,83.0,8.386809253692627,0.17802546918392176,46.4,68.4,24.8
Stigmella heteromelis,Unknown,Insecta,0,0.0,4,1.6094379124341003,4,4,60.5,7.662444472312927,0.1561865974217653,51.0,71.0,22.5
Stigmella prunifoliella,Unknown,Insecta,0,0.0,2,1.0986122886681098,2,2,55.0,9.645402908325195,0.15130498260259626,49.5,69.5,22.5
Stigmus,Unknown,Insecta,0,0.0,1,0.6931471805599453,1,1,87.0,7.153904438018799,0.1736891716718673,50.0,73.0,22.0
Stilbella,Unknown,Fungi,0,0.0,1,0.6931471805599453,1,1,108.0,6.557060241699219,0.1587554365396499,49.0,72.0,22.0
Stilpon,Unknown,Insecta,0,0.0,1,0.6931471805599453,1,1,19.0,20.13835906982422,0.1714251488447189,53.0,69.0,21.0
Stipa,Needle Grasses,Plantae,0,0.0,2,1.0986122886681098,2,2,31.5,4.7325897216796875,0.1675443053245544,50.0,71.0,23.0
Stipeae,needlegrasses and allies,Plantae,0,0.0,7,2.0794415416798357,5,7,75.85714285714286,7.344439744949341,0.1471323434795652,51.57142857142857,68.85714285714286,20.428571428571427
Stratiomys maculosa,Unknown,Insecta,0,0.0,1,0.6931471805599453,1,1,115.0,3.793669700622559,0.1453472077846527,52.0,73.0,21.0
Streblotrichum convolutum,lesser bird's-claw beard-moss,Plantae,0,0.0,1,0.6931471805599453,1,1,64.0,3.86513090133667,0.1821266263723373,40.0,71.0,29.0
Streptanthus longirostris,Fiddle Mustard,Plantae,0,0.0,1,0.6931471805599453,1,1,0.0,0.0,-0.0019498113542795,47.0,69.0,26.0
Strigiformes,Owls,Aves,0,0.0,1,0.6931471805599453,1,1,2.0,1.4423054456710815,0.2671875059604645,47.0,71.0,23.0
Strombidium,Unknown,Chromista,0,0.0,1,0.6931471805599453,1,1,0.0,2.7802884578704834,0.1798994094133377,44.0,68.0,24.0
Strymon istapa,Mallow Scrub-Hairstreak,Insecta,0,0.0,5,1.791759469228055,4,3,11.0,14.180442333221436,0.17973341941833493,48.6,67.8,22.4
Strymon melinus,Gray Hairstreak,Insecta,1,4.0,79,4.382026634673881,33,68,62.24050632911393,9.163895120349112,0.1544438022412831,46.32911392405063,67.53164556962025,22.164556962025316
Sturnella neglecta,Western Meadowlark,Aves,0,0.0,5,1.791759469228055,4,4,30.0,13.1853036403656,0.174087655544281,41.2,69.8,27.0
Sturnus vulgaris,European Starling,Aves,0,0.0,2,1.0986122886681098,1,1,0.0,0.0,0.1377753168344497,49.0,69.0,20.0
Stylocline,neststraws,Plantae,0,0.0,3,1.3862943611198906,3,3,76.0,8.554513772328695,0.15494416902462638,48.333333333333336,72.0,23.666666666666668
Stylocline gnaphalioides,everlasting neststraw,Plantae,0,0.0,112,4.727387818712341,56,91,82.40178571428571,7.46855196676084,0.14797928649932143,48.544642857142854,70.33928571428571,23.303571428571427
Stylommatophora,Common Land Snails and Slugs,Mollusca,0,0.0,1,0.6931471805599453,1,1,5.0,4.506954669952393,0.2075243145227432,38.0,71.0,29.0
Suaeda,Seepweeds,Plantae,1,2.0,4,1.6094379124341003,4,4,9.5,11.275365233421326,0.09015058726072309,22.5,34.5,14.0
Suaeda nigra,Mojave Seablite,Plantae,1,1.0,2,1.0986122886681098,2,2,54.0,12.34200382232666,0.13756399974226946,47.5,72.5,25.0
Suaeda taxifolia,Woolly Seablite,Plantae,1,12.0,28,3.367295829986474,16,28,4.964285714285714,7.018561610153744,0.08805175180480414,30.464285714285715,46.107142857142854,16.321428571428573
Succineidae,Amber Snails,Mollusca,0,0.0,2,1.0986122886681098,2,2,54.0,4.416813969612122,0.1405105590820312,48.5,71.5,23.0
Suleima,Unknown,Insecta,0,0.0,1,0.6931471805599453,1,1,70.0,25.1673583984375,0.1424522697925567,40.0,69.0,28.0
Superstitionia donensis,Superstition Mountains Scorpion,Arachnida,0,0.0,8,2.1972245773362196,6,6,84.75,9.666422069072723,0.16204863321036098,46.875,69.25,24.875
Sylvilagus,Cottontail Rabbits,Mammalia,0,0.0,11,2.4849066497880004,11,11,67.0,6.905448648062619,0.14172558283263983,42.90909090909091,63.81818181818182,22.727272727272727
Sylvilagus audubonii,Desert Cottontail,Mammalia,1,20.0,42,3.7612001156935624,39,40,56.357142857142854,9.114980998493376,0.1489361788900125,41.023809523809526,59.73809523809524,20.5
Sylvilagus bachmani,Brush Rabbit,Mammalia,1,1.0,36,3.6109179126442243,28,31,70.5,7.230056113666958,0.15280637776272163,47.27777777777778,67.88888888888889,23.5
Sympetrum corruptum,Variegated Meadowhawk,Insecta,1,1.0,26,3.295836866004329,17,22,70.11538461538461,6.958737247265303,0.15618392509909773,49.57692307692308,70.38461538461539,22.53846153846154
Symphyotrichum subulatum,annual saltmarsh aster,Plantae,1,1.0,6,1.9459101490553132,4,5,2.6666666666666665,1.6375863552093506,0.19978564232587812,45.666666666666664,68.5,24.0
Symphyta,"Sawflies, Horntails, and Wood Wasps",Insecta,0,0.0,2,1.0986122886681098,2,2,37.0,32.204712867736816,0.205140933394432,25.5,34.5,10.0
Sympistis,Unknown,Insecta,0,0.0,1,0.6931471805599453,1,1,67.0,26.64192008972168,0.137820765376091,40.0,69.0,28.0
Sympistis perscripta,Scribbled Sallow,Insecta,0,0.0,14,2.70805020110221,12,14,72.42857142857143,15.238873413630895,0.15511669857161384,43.857142857142854,64.57142857142857,21.928571428571427
Synanthedon bibionipennis,Strawberry Crown Moth,Insecta,0,0.0,1,0.6931471805599453,1,1,7.0,9.19963264465332,0.1955922842025756,38.0,71.0,29.0
Synchlora aerata,Wavy-lined and Southern Emeralds,Insecta,0,0.0,1,0.6931471805599453,1,1,29.0,6.6634626388549805,0.2213805168867111,46.0,72.0,24.0
Synchytrium myosotidis,borage chytrid,Fungi,0,0.0,1,0.6931471805599453,1,1,46.0,10.331927299499512,0.1931426376104354,51.0,69.0,20.0
Syngnathus,Unknown,Actinopterygii,0,0.0,1,0.6931471805599453,1,1,0.0,0.0,-0.0602128580212593,0.0,0.0,0.0
Syngnathus californiensis,Kelp Pipefish,Actinopterygii,1,3.0,10,2.3978952727983707,9,10,6.2,12.568321037292481,0.04830984580330548,18.9,28.0,9.0
Synhalonia,Unknown,Insecta,0,0.0,1,0.6931471805599453,1,1,91.0,7.742185592651367,0.103725716471672,48.0,71.0,25.0
Synidotea harfordi,Unknown,Animalia,0,0.0,1,0.6931471805599453,1,1,7.0,1.854334115982056,-0.0267753303050994,45.0,69.0,26.0
Syntrichia,Unknown,Plantae,1,1.0,1,0.6931471805599453,1,1,13.0,7.79272985458374,0.2061620652675628,50.0,67.0,20.0
Syntrichia princeps,Brown Screw-moss,Plantae,0,0.0,1,0.6931471805599453,1,1,19.0,16.618356704711914,0.1905987113714218,48.0,71.0,22.0
Synura,Unknown,Chromista,0,0.0,1,0.6931471805599453,1,1,0.0,0.0,0.109486386179924,44.0,68.0,26.0
Syritta flaviventris,Peg-legged Compost Fly,Insecta,0,0.0,5,1.791759469228055,5,4,43.0,8.112337064743041,0.18551558554172515,50.4,70.6,21.6
Syritta pipiens,Thick-legged Hover Fly,Insecta,0,0.0,1,0.6931471805599453,1,1,72.0,6.163002014160156,0.1608114838600158,52.0,73.0,21.0
Syrphidae,Hover Flies,Insecta,0,0.0,2,1.0986122886681098,2,2,31.0,16.2007737159729,0.1351005211472511,49.5,70.0,22.5
Syrphinae,Typical Hover Flies,Insecta,0,0.0,2,1.0986122886681098,2,2,56.0,7.584534406661988,0.15905887633562085,47.0,72.0,24.5
Syrphini,Unknown,Insecta,0,0.0,3,1.3862943611198906,2,3,58.666666666666664,9.738390604654947,0.19618464509646094,52.333333333333336,70.33333333333333,19.666666666666668
Syrphus opinator,Black-margined Flower Fly,Insecta,1,1.0,1,0.6931471805599453,1,1,4.0,5.123256206512451,0.2055595517158508,51.0,69.0,22.0
Tabanidae,Horse and Deer Flies,Insecta,0,0.0,2,1.0986122886681098,2,2,71.5,8.108282089233398,0.14727760106325144,46.0,71.0,26.0
Tabuda,Unknown,Insecta,0,0.0,1,0.6931471805599453,1,1,82.0,4.782939910888672,0.1578041464090347,45.0,70.0,28.0
Tachinidae,Tachinid Flies,Insecta,0,0.0,22,3.1354942159291497,14,22,61.63636363636363,12.414119178598577,0.17278404093601482,41.95454545454545,61.36363636363637,19.818181818181817
Tachycineta bicolor,Tree Swallow,Aves,0,0.0,6,1.9459101490553132,5,6,17.5,8.235148191452026,0.16363229105869925,49.333333333333336,69.16666666666667,21.0
Tachysphex,Unknown,Insecta,0,0.0,1,0.6931471805599453,1,1,10.0,6.663361072540283,0.1871134340763092,50.0,68.0,20.0
Tachytrechini,Unknown,Insecta,0,0.0,1,0.6931471805599453,1,1,0.0,5.208710670471191,0.1522048413753509,49.0,69.0,21.0
Tagelus californianus,California Jackknife Clam,Mollusca,0,0.0,3,1.3862943611198906,3,3,0.0,1.7362368901570637,0.024364393825332332,16.333333333333332,23.0,7.0
Taliepus nuttallii,Southern Kelp Crab,Animalia,1,9.0,4,1.6094379124341003,4,4,7.5,20.12770700454712,0.0008286093361675757,0.0,0.0,0.0
Talitridae,Sandhoppers and Landhoppers,Animalia,1,3.0,2,1.0986122886681098,1,2,8.0,3.704791784286499,0.1607478111982345,38.0,71.0,29.0
Talitroidea,Terrestrial Amphipods,Animalia,0,0.0,1,0.6931471805599453,1,1,5.0,6.450099468231201,0.2305957078933715,42.0,69.0,28.0
Tamalia,Ericaceous Gall Aphids,Insecta,0,0.0,2,1.0986122886681098,2,2,111.5,11.551442623138428,0.11870006471872324,53.5,73.0,20.5
Tamalia coweni,Manzanita Leafgall Aphid,Insecta,0,0.0,8,2.1972245773362196,7,7,108.375,7.192223340272903,0.14681996870785946,53.625,72.125,20.125
Tamarix,Tamarisks,Plantae,1,10.0,2,1.0986122886681098,2,2,31.0,8.660820245742798,0.19019355624914164,52.5,74.0,21.0
Tamarix chinensis,Five-stamen Tamarisk,Plantae,1,1.0,1,0.6931471805599453,1,1,24.0,12.183317184448242,0.0837181285023689,51.0,75.0,22.0
Tamarix ramosissima,saltcedar,Plantae,1,12.0,2,1.0986122886681098,2,2,4.0,3.670845150947571,0.19093843549489975,23.0,34.0,11.0
Tanacetum parthenium,feverfew,Plantae,0,0.0,1,0.6931471805599453,1,1,69.0,22.61054039001465,0.1286544799804687,40.0,69.0,28.0
Tanaemyrmex,Unknown,Insecta,0,0.0,1,0.6931471805599453,1,1,114.0,6.380328178405762,0.1198481693863868,53.0,73.0,20.0
Tanaops,Unknown,Insecta,0,0.0,3,1.3862943611198906,2,2,77.0,7.8529965082804365,0.14873289565245307,47.333333333333336,69.33333333333333,25.333333333333332
Tanaops longiceps,Unknown,Insecta,0,0.0,1,0.6931471805599453,1,1,11.0,21.10382080078125,0.1790387481451034,45.0,69.0,28.0
Tapinoma sessile,Odorous House Ant,Insecta,0,0.0,7,2.0794415416798357,7,6,70.14285714285714,8.179282903671265,0.15017397701740262,48.142857142857146,71.0,24.571428571428573
Targionia hypophylla,Orobus-seed Liverwort,Plantae,0,0.0,10,2.3978952727983707,7,6,44.5,11.945329976081847,0.19466350078582756,50.5,69.9,21.6
Tasgius ater,Unknown,Insecta,0,0.0,1,0.6931471805599453,1,1,0.0,9.25904941558838,0.2223810702562332,42.0,69.0,28.0
Tauschia,umbrellaworts,Plantae,0,0.0,1,0.6931471805599453,1,1,112.0,2.395043134689331,0.1377657502889633,50.0,64.0,23.0
Tauschia arguta,Southern Umbrellawort,Plantae,0,0.0,4,1.6094379124341003,4,4,72.25,8.700712442398071,0.17139828577637667,48.0,69.0,24.5
Taylorilygus apicalis,Broken-backed Bug,Insecta,1,1.0,7,2.0794415416798357,6,7,53.0,7.536883660725185,0.18281960061618258,47.0,71.57142857142857,24.142857142857142
Tebenna gnaphaliella,Everlasting Tebenna Moth,Insecta,0,0.0,3,1.3862943611198906,3,3,51.666666666666664,13.573959271113077,0.17364057401816044,47.333333333333336,70.66666666666667,23.333333333333332
Tedinia pernoides,Brown Falsejingle,Mollusca,0,0.0,2,1.0986122886681098,1,2,3.5,9.353852987289429,-0.018946767086163153,0.0,0.0,0.0
Tegula aureotincta,Gilded Tegula,Mollusca,1,12.0,2,1.0986122886681098,2,2,3.0,9.694074809551239,-0.00015041045844555248,0.0,0.0,0.0
Tegula funebralis,Black Tegula,Mollusca,1,42.0,1,0.6931471805599453,1,1,9.0,13.956417083740234,-0.0304904039949178,0.0,0.0,0.0
Tegula gallina,Speckled Tegula,Mollusca,1,45.0,1,0.6931471805599453,1,1,11.0,11.497719764709473,0.1389847099781036,46.0,72.0,24.0
Telimena rhoina,Sumac Silvering,Fungi,0,0.0,10,2.3978952727983707,6,9,92.3,10.558188414573669,0.164543255418539,51.1,71.4,21.4
Telmatogetoninae,Intertidal Midges,Insecta,1,2.0,2,1.0986122886681098,2,2,9.5,9.700200080871582,0.0810377914458513,23.0,36.0,12.0
Teloschistaceae,"sunburst lichens, firedots, and allies",Fungi,1,1.0,12,2.5649493574615367,8,10,40.0,9.779415597518286,0.1728704472382863,45.833333333333336,69.41666666666667,24.5
Teloschistales,Sunburst Lichens and Allies,Fungi,0,0.0,2,1.0986122886681098,2,2,21.0,17.503738403320312,0.19321754574775696,49.5,68.0,23.5
Teloschistes,Hair Lichens,Fungi,0,0.0,1,0.6931471805599453,1,1,76.0,10.98200225830078,0.1450895816087722,49.0,72.0,24.0
Teloschistes chrysophthalmus,Golden-eye Lichen,Fungi,0,0.0,3,1.3862943611198906,2,2,77.66666666666667,11.306200901667276,0.20558063189188636,49.333333333333336,69.66666666666667,21.333333333333332
Temnoscheila,Unknown,Insecta,0,0.0,2,1.0986122886681098,2,2,66.5,7.610069990158081,0.16148331016302103,50.0,69.5,23.0
Tenebrionidae,Darkling Beetles,Insecta,1,6.0,42,3.7612001156935624,38,35,67.38095238095238,10.301393131415049,0.1605092890205837,43.333333333333336,63.357142857142854,21.833333333333332
Tenebrionoidea,Darkling Beetles and Allies,Insecta,0,0.0,1,0.6931471805599453,1,1,2.0,3.311077356338501,0.1963587999343872,48.0,68.0,23.0
Teneriffiidae,Unknown,Arachnida,0,0.0,1,0.6931471805599453,1,1,104.0,9.200371742248535,0.1103914305567741,51.0,73.0,21.0
Tenthredinidae,Common Sawflies,Insecta,0,0.0,1,0.6931471805599453,1,1,60.0,28.37887382507324,0.1470067054033279,0.0,0.0,0.0
Tenthredinoidea,Typical Sawflies,Insecta,0,0.0,1,0.6931471805599453,1,1,77.0,14.624505043029783,0.1626972556114196,40.0,69.0,28.0
Tephritidae,Fruit Flies,Insecta,0,0.0,3,1.3862943611198906,3,3,70.33333333333333,9.753290335337322,0.13687434295813236,46.333333333333336,71.0,26.0
Tephritini,Unknown,Insecta,0,0.0,8,2.1972245773362196,5,7,81.875,14.452064752578735,0.14743242599070067,37.75,53.625,16.375
Tephritoidea,"Fruit, Signal, and Picture-winged Flies",Insecta,0,0.0,2,1.0986122886681098,2,2,71.0,5.728480875492096,0.1831094995141029,45.0,72.0,25.5
Tephromela,Unknown,Fungi,0,0.0,1,0.6931471805599453,1,1,104.0,4.506428718566895,0.1192455738782882,49.0,71.0,22.0
Tephromela nashii,Unknown,Fungi,0,0.0,7,2.0794415416798357,4,5,89.71428571428571,9.133884293692452,0.1492790537221091,51.57142857142857,70.14285714285714,21.285714285714285
Tephromelataceae,Unknown,Fungi,1,1.0,1,0.6931471805599453,1,1,50.0,11.902351379394531,0.1526883095502853,44.0,71.0,27.0
Termitoidae,Termites,Insecta,0,0.0,4,1.6094379124341003,4,4,74.0,6.8651416301727295,0.16613474488258362,48.5,70.0,23.0
Terralonus,Unknown,Arachnida,1,1.0,1,0.6931471805599453,1,1,102.0,7.792969703674316,0.1216428503394126,49.0,71.0,22.0
Terralonus californicus,Intertidal Jumping Spider,Arachnida,0,0.0,1,0.6931471805599453,1,1,9.0,12.110357284545898,0.0320901274681091,0.0,0.0,0.0
Tetracis,Slant-Lines,Insecta,0,0.0,1,0.6931471805599453,1,1,106.0,8.28909969329834,0.1253102868795395,51.0,68.0,23.0
Tetraclita rubescens,Pink Volcano Barnacle,Animalia,1,86.0,6,1.9459101490553132,6,6,6.833333333333333,7.03115126490593,0.01990129643430312,7.666666666666667,12.0,4.0
Tetragnatha,Unknown,Arachnida,0,0.0,1,0.6931471805599453,1,1,5.0,5.681763648986816,0.2033384442329406,38.0,71.0,29.0
Tetragnatha versicolor,Unknown,Arachnida,0,0.0,1,0.6931471805599453,1,1,15.0,20.08157539367676,0.2187153995037078,51.0,74.0,25.0
Tetragonia tetragonoides,New Zealand Spinach,Plantae,0,0.0,7,2.0794415416798357,6,7,9.714285714285714,3.6771797793252126,0.10531490083251678,41.42857142857143,61.142857142857146,20.714285714285715
Tetraleurodes,Unknown,Insecta,0,0.0,2,1.0986122886681098,2,2,79.0,18.269689083099365,0.1937330216169357,50.0,66.5,23.5
Tetraleurodes perileuca,Stanford's Whitefly,Insecta,0,0.0,3,1.3862943611198906,3,3,59.666666666666664,12.337646484375,0.1880658914645513,51.333333333333336,69.66666666666667,21.666666666666668
Tetranychidae,Spider Mites,Arachnida,0,0.0,1,0.6931471805599453,1,1,64.0,6.161853313446045,0.2103205621242523,40.0,71.0,29.0
Tetranychoidea,"Spider Mites, Flat Mites, and Allies",Arachnida,0,0.0,1,0.6931471805599453,1,1,16.0,11.883977890014648,0.2020585238933563,49.0,67.0,23.0
Texosporium,Unknown,Fungi,0,0.0,1,0.6931471805599453,1,1,104.0,6.825711250305176,0.1238482519984245,49.0,71.0,22.0
Texosporium sancti-jacobi,Woven-spored microlichen,Fungi,0,0.0,19,2.995732273553991,8,10,104.73684210526316,7.245331149352224,0.12904783612803405,52.21052631578947,71.57894736842105,20.42105263157895
Thalasseus,Crested Terns,Aves,0,0.0,2,1.0986122886681098,2,2,4.5,6.055178642272949,0.0289177363738417,0.0,0.0,0.0
Thalasseus elegans,Elegant Tern,Aves,1,1.0,13,2.6390573296152584,10,11,12.461538461538462,5.119344051067646,0.024208937413417383,31.692307692307693,49.07692307692308,17.76923076923077
Thalasseus maximus,Royal Tern,Aves,1,19.0,32,3.4965075614664802,28,30,11.5,5.617986653000116,0.002326395799173047,21.25,32.8125,12.125
Thalassiosira,Unknown,Chromista,0,0.0,1,0.6931471805599453,1,1,7.0,10.604647636413574,0.1488302648067474,51.0,69.0,20.0
Thalassiosiraceae,Unknown,Chromista,0,0.0,1,0.6931471805599453,1,1,0.0,0.0,0.109486386179924,44.0,68.0,26.0
Thalassiosirophycidae,Unknown,Chromista,0,0.0,1,0.6931471805599453,1,1,0.0,0.0,0.109486386179924,44.0,68.0,26.0
Thalloidima sedifolium,Blue Blister Lichen,Fungi,0,0.0,2,1.0986122886681098,2,2,81.5,10.118372917175293,0.13357714563608164,46.5,71.0,24.5
Thambemyia borealis,Unknown,Insecta,1,6.0,3,1.3862943611198906,3,3,9.0,8.254283905029297,0.035874313364426265,15.333333333333334,24.0,8.0
Thebini,Unknown,Mollusca,1,1.0,1,0.6931471805599453,1,1,20.0,23.68118667602539,0.1703269332647323,51.0,74.0,25.0
Thelephora,Unknown,Fungi,0,0.0,5,1.791759469228055,2,4,84.2,9.064449834823609,0.13813651055097573,52.2,70.2,20.0
Thelomma mammosum,Rock Nipple Lichen,Fungi,0,0.0,7,2.0794415416798357,4,4,103.0,8.968265874045235,0.15677613871438156,50.57142857142857,71.14285714285714,21.428571428571427
Thelomma santessonii,Unknown,Fungi,0,0.0,3,1.3862943611198906,2,2,119.0,6.642942587534587,0.15309869001309073,50.0,66.0,19.0
Thelypodieae,Unknown,Plantae,0,0.0,2,1.0986122886681098,2,2,57.5,10.860519409179688,0.1528185680508613,42.0,70.0,27.5
Theraphosidae,Tarantulas,Arachnida,0,0.0,1,0.6931471805599453,1,1,73.0,10.836129188537598,0.1554211229085922,49.0,72.0,24.0
Therevidae,Stiletto Flies,Insecta,0,0.0,1,0.6931471805599453,1,1,10.0,4.410611152648926,0.1626168042421341,50.0,68.0,20.0
Theridiidae,Comb-footed Spiders,Arachnida,0,0.0,4,1.6094379124341003,4,4,56.5,8.592572331428528,0.16904924064874643,35.5,54.25,18.0
Theridion,Unknown,Arachnida,0,0.0,3,1.3862943611198906,3,3,83.33333333333333,10.746909300486246,0.16135552028814948,48.333333333333336,69.66666666666667,23.666666666666668
Thetys vagina,Twin-sailed Salp,Animalia,1,4.0,1,0.6931471805599453,1,1,0.0,0.0,-0.0325726047158241,0.0,0.0,0.0
Thinophilini,Unknown,Insecta,0,0.0,1,0.6931471805599453,1,1,9.0,10.604660034179688,0.2263111621141433,42.0,69.0,28.0
Thinopinus pictus,Pictured Rove Beetle,Insecta,1,2.0,1,0.6931471805599453,1,1,6.0,7.15118408203125,0.0456515662372112,50.0,75.0,24.0
Thinopyrum obtusiflorum,Tall Wheat Grass,Plantae,0,0.0,10,2.3978952727983707,8,9,4.3,4.718682360649109,0.20251941829919812,48.3,68.5,21.7
Thomisinae,Unknown,Arachnida,0,0.0,1,0.6931471805599453,1,1,104.0,7.905136585235596,0.1193981990218162,53.0,71.0,20.0
Thoracotremata,Thoracotrematan Crabs,Animalia,0,0.0,2,1.0986122886681098,2,2,7.0,4.500166803598404,0.18467926979064941,40.0,70.0,28.5
Thripidae,Common Thrips,Insecta,0,0.0,1,0.6931471805599453,1,1,14.0,22.44022750854492,0.2629225552082062,51.0,69.0,20.0
Thrombium epigaeum,Unknown,Fungi,0,0.0,9,2.302585092994046,3,7,65.55555555555556,5.624986052513123,0.15724024011029133,48.0,70.44444444444444,22.77777777777778
Thryomanes bewickii,Bewick's Wren,Aves,1,1.0,17,2.8903717578961645,15,16,82.47058823529412,7.274388779612148,0.15452580723692383,47.35294117647059,71.05882352941177,24.352941176470587
Thyanta,Unknown,Insecta,0,0.0,2,1.0986122886681098,2,2,87.0,6.153900146484375,0.15928556770086283,45.5,71.0,26.5
Thyanta custator,Red-shouldered Stink Bug,Insecta,0,0.0,1,0.6931471805599453,1,1,95.0,7.071024894714356,0.1321267485618591,53.0,72.0,19.0
Thylacodes,Unknown,Mollusca,1,2.0,2,1.0986122886681098,2,2,9.0,12.110357284545898,0.0230357805266976,0.0,0.0,0.0
Thylacodes squamigerus,Scaled Worm Snail,Mollusca,1,27.0,19,2.995732273553991,15,18,9.789473684210526,8.211689785907144,0.001991927372536757,10.052631578947368,15.052631578947368,5.157894736842105
Thymophylla tenuiloba,bristleleaf pricklyleaf,Plantae,0,0.0,1,0.6931471805599453,1,1,118.0,4.627367496490479,0.1505681574344635,51.0,73.0,21.0
Thyridanthrax nugator,Unknown,Insecta,0,0.0,4,1.6094379124341003,3,4,29.5,6.227410733699799,0.16218630224466318,42.0,69.0,25.75
Thysanoptera,Thrips,Insecta,0,0.0,2,1.0986122886681098,2,2,33.0,11.798487186431885,0.13442675396800036,48.0,72.5,23.0
Tibellus,Slender Crab Spiders,Arachnida,0,0.0,1,0.6931471805599453,1,1,61.0,11.457810401916504,0.1492314934730529,40.0,71.0,29.0
Tibicinina,Unknown,Insecta,1,1.0,1,0.6931471805599453,1,1,5.0,1.1049591302871704,0.0640189349651336,48.0,73.0,25.0
Tibicinoides utahensis,Unknown,Insecta,0,0.0,1,0.6931471805599453,1,1,6.0,1.442355990409851,0.1574990451335907,38.0,71.0,29.0
Tibicinoides vanduzeei,Van Duzee's Cicada,Insecta,1,1.0,1,0.6931471805599453,1,1,34.0,11.497751235961914,0.2720982730388641,46.0,72.0,24.0
Timmiella,Unknown,Plantae,0,0.0,7,2.0794415416798357,7,7,68.42857142857143,9.979481765202113,0.17229794391563957,51.0,69.57142857142857,20.714285714285715
Timmiella anomala,Unknown,Plantae,0,0.0,4,1.6094379124341003,2,3,63.5,9.57249903678894,0.15074945613741872,49.25,72.25,22.5
Timmiella crassinervis,Unknown,Plantae,0,0.0,1,0.6931471805599453,1,1,106.0,9.443489074707031,0.102249227464199,53.0,71.0,20.0
Tingidae,Lace Bugs,Insecta,0,0.0,2,1.0986122886681098,2,2,40.5,6.815477609634399,0.18352743238210675,50.5,70.0,22.0
Tiphiidae,Tiphiid Flower Wasps,Insecta,0,0.0,3,1.3862943611198906,3,3,53.333333333333336,8.330367088317871,0.159750759601593,46.333333333333336,70.33333333333333,26.0
Tiphiinae,Unknown,Insecta,0,0.0,8,2.1972245773362196,4,8,85.25,8.856545984745026,0.15441283583641047,48.625,70.25,23.75
Tipula,Unknown,Insecta,1,1.0,6,1.9459101490553132,6,6,31.833333333333332,8.696307510137558,0.20124561029175914,49.333333333333336,70.33333333333333,22.0
Tipula oleracea,Marsh Crane Fly,Insecta,0,0.0,2,1.0986122886681098,2,2,23.5,14.026328086853027,0.164913035929203,45.0,68.0,24.0
Tipulidae,Large Crane Flies,Insecta,1,1.0,1,0.6931471805599453,1,1,15.0,15.292698860168455,0.1285638064146042,51.0,69.0,22.0
Tipuloidea,Typical Crane Flies,Insecta,1,1.0,1,0.6931471805599453,1,1,70.0,25.1673583984375,0.1424522697925567,40.0,69.0,28.0
Tipulomorpha,Crane Flies,Insecta,0,0.0,5,1.791759469228055,5,5,16.4,15.639231872558593,0.11361467540264125,25.0,41.4,16.0
Tischeriidae,Trumpet Leafminer Moths,Insecta,0,0.0,1,0.6931471805599453,1,1,106.0,5.750785827636719,0.1418592929840088,50.0,64.0,23.0
Titiotus,Rocky Canyon Spiders,Arachnida,0,0.0,1,0.6931471805599453,1,1,5.0,3.5488064289093018,0.1985486000776291,38.0,71.0,29.0
Tivela stultorum,Pismo Clam,Mollusca,1,63.0,32,3.4965075614664802,22,28,3.0625,7.9268343430012465,-0.012532576423836879,4.34375,6.875,2.40625
Tomostima cuneifolia,wedgeleaf draba,Plantae,0,0.0,3,1.3862943611198906,3,3,46.666666666666664,9.024192412694296,0.1932955036560694,41.333333333333336,71.0,27.333333333333332
Toninia,Bruise Lichens,Fungi,0,0.0,1,0.6931471805599453,1,1,66.0,9.199052810668944,0.1833325773477554,49.0,72.0,24.0
Torilis arvensis,common hedge parsley,Plantae,0,0.0,10,2.3978952727983707,10,10,14.1,13.002173447608948,0.2025063037872314,49.7,67.9,21.6
Tortricidae,Tortricid Leafroller Moths,Insecta,0,0.0,1,0.6931471805599453,1,1,31.0,21.605445861816406,0.1138356551527977,38.0,71.0,29.0
Tortula,Unknown,Plantae,0,0.0,3,1.3862943611198906,2,3,47.333333333333336,7.775296608606975,0.16675699253877,48.333333333333336,70.66666666666667,23.0
Tortula atrovirens,Rib-leaf Moss,Plantae,0,0.0,9,2.302585092994046,3,9,78.88888888888889,7.947127978006999,0.16169425100088114,47.888888888888886,70.66666666666667,23.444444444444443
Tortula bolanderi,Unknown,Plantae,0,0.0,4,1.6094379124341003,3,3,26.25,17.460240840911865,0.2149841710925102,50.5,67.25,21.5
Tortula brevipes,Unknown,Plantae,0,0.0,2,1.0986122886681098,2,2,34.5,7.1486228704452515,0.16609077155590055,47.0,70.0,23.0
Tortula muralis,Wall Screw-moss,Plantae,0,0.0,1,0.6931471805599453,1,1,23.0,17.345945358276367,0.2171617150306701,50.0,69.0,24.0
Torymidae,Unknown,Insecta,0,0.0,1,0.6931471805599453,1,1,57.0,39.36069107055664,0.1357163488864898,0.0,0.0,0.0
Toxicodendron diversilobum,Pacific poison oak,Plantae,0,0.0,6,1.9459101490553132,6,5,26.333333333333332,9.177145401636759,0.21250847478707627,50.333333333333336,70.16666666666667,20.333333333333332
Toxicoscordion,Deathcamas,Plantae,0,0.0,1,0.6931471805599453,1,1,112.0,2.9910788536071777,0.1245732977986335,48.0,66.0,22.0
Toxicoscordion fremontii,Fremont's Death Camas,Plantae,0,0.0,59,4.0943445622221,48,44,94.44067796610169,6.0376455773741515,0.14330771792743163,49.47457627118644,69.33898305084746,22.677966101694917
Toxicoscordion venenosum,Meadow Deathcamas,Plantae,0,0.0,2,1.0986122886681098,2,2,105.0,5.874050140380859,0.19999507814645762,52.5,68.0,18.5
Toxomerus marginatus,Margined Calligrapher,Insecta,1,1.0,34,3.5553480614894135,16,28,51.294117647058826,7.442204811993768,0.16838446303325535,47.76470588235294,70.73529411764706,23.441176470588236
Toxomerus occidentalis,Western Calligrapher,Insecta,0,0.0,7,2.0794415416798357,6,6,40.42857142857143,11.74180803980146,0.17641137327466688,46.42857142857143,71.42857142857143,24.571428571428573
Toxostoma redivivum,California Thrasher,Aves,1,9.0,84,4.442651256490317,70,79,66.94047619047619,7.799234226346016,0.1500969782382959,46.76190476190476,69.41666666666667,24.55952380952381
Trachelas pacificus,Bull-headed sac spider,Arachnida,1,1.0,1,0.6931471805599453,1,1,103.0,2.1580910682678223,0.1145467311143875,53.0,71.0,23.0
Trachemys scripta,Pond Slider,Reptilia,0,0.0,1,0.6931471805599453,1,1,103.0,4.506577014923096,0.123661495745182,53.0,71.0,23.0
Tracheophyta,Vascular Plants,Plantae,1,6.0,20,3.044522437723423,13,16,74.05,9.14423765540123,0.14610101990401742,49.25,70.65,22.1
Trachynia,purple false-bromes,Plantae,1,1.0,14,2.70805020110221,13,13,57.857142857142854,9.576745680400304,0.15410605764814783,45.214285714285715,71.42857142857143,25.642857142857142
Tramea onusta,Red Saddlebags,Insecta,0,0.0,2,1.0986122886681098,1,2,42.5,3.9996734857559204,0.2044502720236778,49.5,71.0,21.5
Trapelia coarctata,Unknown,Fungi,0,0.0,2,1.0986122886681098,1,2,72.5,24.679311752319336,0.1813764348626136,45.5,69.0,25.0
Trapeliopsis,Unknown,Fungi,0,0.0,3,1.3862943611198906,1,3,77.0,6.612597147623698,0.1528683279951413,44.666666666666664,66.66666666666667,25.0
Trapeliopsis flexuosa,Board Lichen,Fungi,0,0.0,12,2.5649493574615367,3,8,74.16666666666667,10.27152681350708,0.1658350974321365,50.416666666666664,68.75,21.083333333333332
Trapeliopsis granulosa,Granular Mottled-disk Lichen,Fungi,0,0.0,1,0.6931471805599453,1,1,108.0,6.464860916137695,0.1327279210090637,49.0,72.0,22.0
Trapeliopsis steppica,Unknown,Fungi,0,0.0,1,0.6931471805599453,1,1,94.0,7.554490089416504,0.164738655090332,50.0,69.0,23.0
Traskorchestia traskiana,Pacific beach hopper,Animalia,1,1.0,1,0.6931471805599453,1,1,3.0,12.219250679016112,0.21621735394001,42.0,69.0,28.0
Trathala,Unknown,Insecta,0,0.0,1,0.6931471805599453,1,1,70.0,8.57059383392334,0.1594310104846954,54.0,72.0,20.0
Tremella,Unknown,Fungi,0,0.0,3,1.3862943611198906,2,3,76.33333333333333,8.353333632151285,0.16367200016975395,50.666666666666664,65.66666666666667,22.333333333333332
Tremella mesenterica,witch's butter,Fungi,0,0.0,3,1.3862943611198906,3,3,30.0,21.827173868815105,0.2349673708279927,49.666666666666664,68.0,22.666666666666668
Tremella parmeliarum,Unknown,Fungi,0,0.0,2,1.0986122886681098,2,2,103.5,7.383896827697754,0.1744422987103462,51.0,70.5,20.5
Tremella parmohypotropi,Unknown,Fungi,0,0.0,5,1.791759469228055,3,5,69.2,13.139423179626466,0.17397158443927765,50.8,70.0,21.0
Tremellales,Unknown,Fungi,0,0.0,1,0.6931471805599453,1,1,39.0,22.905406951904297,0.2230610698461532,50.0,69.0,24.0
Trentepohlia umbrina,Unknown,Plantae,0,0.0,1,0.6931471805599453,1,1,72.0,15.211986541748049,0.1630614548921585,50.0,68.0,23.0
Trentepohliaceae,orange terrestrial algae,Plantae,0,0.0,1,0.6931471805599453,1,1,68.0,3.865132808685303,0.1711878478527069,40.0,71.0,29.0
Trentepohliales,Orange Terrestrial Algae,Plantae,0,0.0,1,0.6931471805599453,1,1,74.0,5.507689952850342,0.1761750429868698,40.0,71.0,29.0
Tresus nuttallii,Pacific Gaper,Mollusca,0,0.0,3,1.3862943611198906,2,3,0.0,11.50998624165853,-0.019525876889626165,0.0,0.0,0.0
Triakis semifasciata,Leopard Shark,Animalia,1,285.0,2,1.0986122886681098,2,2,17.5,21.86010456085205,0.07445217389613384,22.0,36.0,13.0
Trichaptum abietinum,Purplepore Bracket,Fungi,0,0.0,6,1.9459101490553132,5,5,70.33333333333333,11.562384684880575,0.1825682148337364,50.0,69.66666666666667,23.166666666666668
Trichiales,Unknown,Protozoa,0,0.0,1,0.6931471805599453,1,1,112.0,10.333701133728027,0.2171577364206314,53.0,69.0,19.0
Trichobaris,Unknown,Insecta,0,0.0,1,0.6931471805599453,1,1,11.0,7.250560760498047,0.1906518042087555,49.0,67.0,23.0
Trichobaris compacta,Datura Weevil,Insecta,0,0.0,4,1.6094379124341003,4,4,26.75,10.01449191570282,0.17626278847455973,46.5,70.75,24.0
Trichochrous,Unknown,Insecta,0,0.0,1,0.6931471805599453,1,1,113.0,12.27627658843994,0.1267054975032806,49.0,64.0,20.0
Trichoderma viride,Unknown,Fungi,0,0.0,4,1.6094379124341003,2,4,36.0,10.690316677093506,0.21329009905457494,49.75,68.25,21.5
Trichodes ornatus,Ornate Checkered Beetle,Insecta,0,0.0,6,1.9459101490553132,4,5,58.833333333333336,15.250471830368042,0.15269744147857026,28.666666666666668,47.333333333333336,18.333333333333332
Tricholoma,Knights,Fungi,0,0.0,1,0.6931471805599453,1,1,106.0,8.28909969329834,0.1253102868795395,51.0,68.0,23.0
Tricholoma batschii,Unknown,Fungi,0,0.0,1,0.6931471805599453,1,1,103.0,3.86512303352356,0.1398824751377105,51.0,69.0,22.0
Tricholoma fracticum,Unknown,Fungi,0,0.0,4,1.6094379124341003,4,4,95.0,7.555485248565674,0.15099255740642545,50.75,67.5,23.25
Trichonectria,Unknown,Fungi,0,0.0,1,0.6931471805599453,1,1,62.0,6.624999046325684,0.1708632409572601,50.0,68.0,23.0
Trichopoda pennipes,Swift Feather-legged Fly,Insecta,0,0.0,1,0.6931471805599453,1,1,7.0,8.037127494812012,0.2115685492753982,48.0,71.0,22.0
Trichopsocidae,Lash-faced Barklice,Insecta,0,0.0,1,0.6931471805599453,1,1,104.0,4.506428718566895,0.1192455738782882,49.0,71.0,22.0
Trichopsocus clarus,Unknown,Insecta,0,0.0,1,0.6931471805599453,1,1,115.0,9.20038604736328,0.1046944558620452,51.0,73.0,21.0
Trichoptera,Caddisflies,Insecta,0,0.0,1,0.6931471805599453,1,1,0.0,6.600534915924072,-0.0497832782566547,0.0,0.0,0.0
Trichostomopsis australasiae,Unknown,Plantae,0,0.0,13,2.6390573296152584,3,12,49.38461538461539,5.046058581425593,0.1607690986532431,47.92307692307692,70.53846153846153,23.692307692307693
Triepeolus,Longhorn-cuckoo bees,Insecta,0,0.0,12,2.5649493574615367,7,8,5.25,4.630926152070363,0.1756508946418762,38.833333333333336,70.58333333333333,28.5
Triepeolus matildae,Matilda's Longhorn-Cuckoo,Insecta,0,0.0,19,2.995732273553991,9,10,6.842105263157895,5.252373284415195,0.19052107083170033,40.0,70.15789473684211,27.31578947368421
Trifoliae,American hard pines,Plantae,0,0.0,1,0.6931471805599453,1,1,108.0,4.962477207183838,0.1411667466163635,49.0,65.0,21.0
Trifolieae,Unknown,Plantae,0,0.0,5,1.791759469228055,5,5,13.6,7.932433938980102,0.1254040196537971,36.4,56.2,20.8
Trifolium depauperatum,cowbag clover,Plantae,0,0.0,1,0.6931471805599453,1,1,0.0,4.627367496490479,0.1684675961732864,38.0,71.0,29.0
Trifolium depauperatum truncatum,purple sack clover,Plantae,0,0.0,1,0.6931471805599453,1,1,7.0,0.9274099469184875,0.1575486212968826,38.0,71.0,29.0
Trifolium willdenovii,tomcat clover,Plantae,0,0.0,2,1.0986122886681098,2,2,8.5,13.123561143875122,0.1732726991176605,47.5,69.0,24.5
Triglochin concinna,Slender Arrowgrass,Plantae,0,0.0,3,1.3862943611198906,3,3,1.0,2.2387098471323648,0.13080883026123044,45.666666666666664,70.0,24.666666666666668
Triglochin concinna concinna,Unknown,Plantae,0,0.0,1,0.6931471805599453,1,1,0.0,2.7802884578704834,0.1749349534511566,44.0,65.0,24.0
Trigonoscuta,Unknown,Insecta,0,0.0,5,1.791759469228055,2,4,66.6,19.10438690185547,0.1587276205420494,32.0,56.0,22.8
Trimerotropis,Unknown,Insecta,0,0.0,6,1.9459101490553132,4,6,79.33333333333333,7.470199316740036,0.11843884922564026,39.5,58.333333333333336,20.166666666666668
Trimerotropis pallidipennis,Pallid-winged Grasshopper,Insecta,1,2.0,7,2.0794415416798357,7,7,59.57142857142857,8.195566552025932,0.11699309293180701,42.714285714285715,61.57142857142857,19.857142857142858
Trimerotropis thalassica,Thalassica Grasshopper,Insecta,0,0.0,1,0.6931471805599453,1,1,106.0,4.310023307800293,0.1766514480113983,49.0,65.0,21.0
Trimmatothelopsis terricola,Unknown,Fungi,0,0.0,6,1.9459101490553132,3,6,83.5,11.58996868133545,0.15936676909526185,47.333333333333336,69.66666666666667,23.5
Tringa incana,Wandering Tattler,Aves,1,1.0,1,0.6931471805599453,1,1,61.0,14.101522445678713,0.1618695557117462,44.0,72.0,26.0
Tringa semipalmata,Willet,Aves,1,38.0,61,4.127134385045092,48,57,4.590163934426229,5.482497979383,-0.0034985845225298275,8.098360655737705,12.721311475409836,4.688524590163935
Tringa semipalmata inornata,Western Willet,Aves,1,1.0,4,1.6094379124341003,4,4,6.0,6.74667501449585,0.08601863798685368,35.5,53.75,18.5
Triodanis biflora,Venus's looking-glass,Plantae,0,0.0,6,1.9459101490553132,5,5,57.833333333333336,8.758638540903727,0.18338522066672638,45.5,68.83333333333333,24.666666666666668
Trirhabda,Unknown,Insecta,1,8.0,11,2.4849066497880004,10,10,66.45454545454545,10.416070136156948,0.15479771386493332,40.72727272727273,58.63636363636363,18.727272727272727
Trirhabda geminata,Encelia Leaf Beetle,Insecta,1,12.0,24,3.2188758248682006,15,19,65.66666666666667,7.087052543958028,0.14943890871169663,47.541666666666664,69.25,21.833333333333332
Trixoscelis,Unknown,Insecta,0,0.0,1,0.6931471805599453,1,1,74.0,6.380422592163086,0.1732107549905777,52.0,73.0,21.0
Troglodytes aedon,Northern House Wren,Aves,1,1.0,27,3.332204510175204,23,24,45.333333333333336,12.278481072849697,0.15348055627610946,43.81481481481482,66.81481481481481,24.22222222222222
Troglodytidae,Wrens,Aves,0,0.0,1,0.6931471805599453,1,1,70.0,25.1673583984375,0.1424522697925567,40.0,69.0,28.0
Trombidioidea,Velvet Mites,Arachnida,0,0.0,2,1.0986122886681098,1,1,0.0,2.3136837482452397,0.17552370578050608,44.0,66.5,24.0
Trombidium,Unknown,Arachnida,1,8.0,3,1.3862943611198906,3,3,26.333333333333332,10.774340947469076,0.1638560021917025,48.0,67.66666666666667,22.0
Tropaeolum majus,garden nasturtium,Plantae,1,1.0,13,2.6390573296152584,12,13,13.307692307692308,12.500763585934273,0.18112035210315994,50.46153846153846,69.07692307692308,20.923076923076923
Tropidocarpum gracile,Dobie Pod,Plantae,0,0.0,1,0.6931471805599453,1,1,20.0,18.335790634155277,0.2136306464672088,48.0,68.0,23.0
Trox,Unknown,Insecta,0,0.0,2,1.0986122886681098,2,2,2.0,4.571054935455322,0.18550430983304977,49.0,68.5,23.5
Trox gemmulatus,Unknown,Insecta,0,0.0,3,1.3862943611198906,2,1,2.6666666666666665,2.2900730768839517,0.16188733776410416,50.0,69.0,24.0
Trupanea,Unknown,Insecta,0,0.0,4,1.6094379124341003,4,4,57.0,6.823806285858154,0.1541041694581508,48.75,71.0,23.75
Trupanea bisetosa,Unknown,Insecta,0,0.0,1,0.6931471805599453,1,1,2.0,1.104889750480652,0.1580279320478439,47.0,71.0,25.0
Trupanea vicina,Marigold Fruit Fly,Insecta,0,0.0,1,0.6931471805599453,1,1,70.0,25.1673583984375,0.1424522697925567,40.0,69.0,28.0
Tubeufiales,Unknown,Fungi,0,0.0,3,1.3862943611198906,1,3,74.33333333333333,9.12265141805013,0.16120214760303497,49.666666666666664,71.0,21.666666666666668
Tulostoma,Stalked Puffballs,Fungi,1,1.0,3,1.3862943611198906,3,3,83.0,9.759321212768555,0.16406689584255213,48.0,68.33333333333333,23.0
Turbonilla,Unknown,Mollusca,1,1.0,1,0.6931471805599453,1,1,8.0,7.902680397033691,0.023090872913599,0.0,0.0,0.0
Tursiops truncatus,Common Bottlenose Dolphin,Mammalia,1,210.0,29,3.4011973816621555,23,25,41.86206896551724,15.105864146660114,0.09427932058942726,20.517241379310345,31.724137931034484,11.586206896551724
Tuxedo,Unknown,Insecta,0,0.0,1,0.6931471805599453,1,1,34.0,8.36037540435791,0.131125122308731,44.0,72.0,26.0
Tylobolinae,Unknown,Animalia,0,0.0,2,1.0986122886681098,2,2,93.5,12.729471683502197,0.1355457007884979,50.5,67.5,24.0
Tylobolus,Unknown,Animalia,0,0.0,1,0.6931471805599453,1,1,15.0,10.154396057128906,0.1794451475143432,38.0,71.0,29.0
Typha,Cattails,Plantae,1,1.0,4,1.6094379124341003,3,4,17.25,15.02162790298462,0.18341447785496706,49.75,72.75,23.25
Typha domingensis,southern cattail,Plantae,0,0.0,7,2.0794415416798357,6,6,8.142857142857142,7.218833753040859,0.17993496677705215,47.42857142857143,71.0,23.857142857142858
Typhula,Unknown,Fungi,0,0.0,1,0.6931471805599453,1,1,113.0,6.852604866027832,0.1361791342496872,53.0,73.0,20.0
Tyrannus,Kingbirds,Aves,0,0.0,1,0.6931471805599453,1,1,98.0,4.319596290588379,0.1423582732677459,50.0,67.0,25.0
Tyrannus melancholicus,Tropical Kingbird,Aves,0,0.0,1,0.6931471805599453,1,1,1.0,1.4422922134399414,0.1827370375394821,45.0,70.0,23.0
Tyrannus verticalis,Western Kingbird,Aves,0,0.0,3,1.3862943611198906,2,2,89.0,11.508800824483236,0.1456058820088704,49.0,70.0,24.333333333333332
Tyrannus vociferans,Cassin's Kingbird,Aves,1,2.0,24,3.2188758248682006,21,23,27.0,8.817805086572966,0.15385825435320533,46.625,66.45833333333333,21.625
Tyto furcata,American Barn Owl,Aves,0,0.0,1,0.6931471805599453,1,1,15.0,15.292698860168455,0.1285638064146042,51.0,69.0,22.0
Ulmus parvifolia,Chinese elm,Plantae,0,0.0,1,0.6931471805599453,1,1,4.0,1.1047025918960571,0.2355747818946838,46.0,68.0,22.0
Ulva,Sea Lettuces,Plantae,1,18.0,8,2.1972245773362196,8,8,13.75,10.90555975586176,0.06278224964626129,12.0,17.625,6.0
Ulva intestinalis,Gutweed,Plantae,1,19.0,9,2.302585092994046,9,9,9.666666666666666,9.283882247077095,0.06615637553234892,20.77777777777778,31.88888888888889,10.777777777777779
Ulva lactuca,Broadleaf Sea Lettuce,Plantae,1,18.0,12,2.5649493574615367,6,8,14.666666666666666,8.283743878205618,-0.003392605887105049,12.0,17.583333333333332,6.083333333333333
Ulvales,Sea Lettuces and Allies,Plantae,1,1.0,2,1.0986122886681098,2,2,9.0,8.892501831054688,-0.0020897118374705002,0.0,0.0,0.0
Ulvophyceae,Ulvophycean green algae,Plantae,1,7.0,1,0.6931471805599453,1,1,10.0,9.882323265075684,-0.02727029658854,0.0,0.0,0.0
Umbrina roncador,Yellowfin Croaker,Actinopterygii,0,0.0,3,1.3862943611198906,2,2,1.6666666666666667,5.582176526387532,-0.024341904247800566,0.0,0.0,0.0
Unguiculariopsis lettaui,Oakmoss Spot,Fungi,0,0.0,1,0.6931471805599453,1,1,93.0,2.991218090057373,0.1572124660015106,49.0,72.0,22.0
Uria aalge,Common Murre,Aves,1,2.0,2,1.0986122886681098,2,2,9.5,23.377084255218506,0.02174652973189945,0.0,0.0,0.0
Urile pelagicus,Pelagic Cormorant,Aves,1,9.0,1,0.6931471805599453,1,1,12.0,13.029001235961914,0.0276657529175281,0.0,0.0,0.0
Urile penicillatus,Brandt's Cormorant,Aves,1,20.0,15,2.772588722239781,13,15,11.266666666666667,14.88760400613149,0.02022082687666018,9.2,14.466666666666667,4.933333333333334
Urobatis halleri,Haller's Round Ray,Animalia,1,48.0,5,1.791759469228055,5,5,1.4,1.9142019748687744,-0.04266581330448386,0.0,0.0,0.0
Urocyon cinereoargenteus,Gray Fox,Mammalia,0,0.0,2,1.0986122886681098,2,2,64.0,12.88820743560791,0.1597976833581924,42.0,70.0,27.5
Uroleptus,Unknown,Chromista,0,0.0,1,0.6931471805599453,1,1,0.0,2.7802884578704834,0.1798994094133377,44.0,68.0,24.0
Uroleucon,Large Daisy Aphids,Insecta,0,0.0,2,1.0986122886681098,2,2,80.0,6.810723662376404,0.19877528399229044,46.5,71.5,24.0
Uromyces chlorogali,Unknown,Fungi,0,0.0,2,1.0986122886681098,2,2,106.0,6.275306940078735,0.13432916253805155,49.5,70.5,22.5
Uromyces pisi-sativi,Unknown,Fungi,0,0.0,1,0.6931471805599453,1,1,106.0,5.506745338439941,0.2022271752357483,44.0,62.0,22.0
Uropappus lindleyi,silverpuffs,Plantae,1,1.0,24,3.2188758248682006,21,21,47.708333333333336,9.880405833323797,0.16946646757423875,46.708333333333336,71.41666666666667,24.666666666666668
Urostylida,Unknown,Chromista,0,0.0,1,0.6931471805599453,1,1,0.0,2.7802884578704834,0.1798994094133377,44.0,68.0,24.0
Urtica gracilis,slender stinging nettle,Plantae,0,0.0,2,1.0986122886681098,2,2,11.5,9.307629346847534,0.2035887762904167,49.5,65.5,22.5
Urtica gracilis holosericea,hoary nettle,Plantae,0,0.0,6,1.9459101490553132,6,6,12.333333333333334,12.75641437371572,0.17791668574015293,48.833333333333336,67.16666666666667,22.333333333333332
Urtica urens,Dwarf Nettle,Plantae,0,0.0,9,2.302585092994046,8,9,35.333333333333336,4.521650658713447,0.10960852396157045,49.111111111111114,72.11111111111111,23.444444444444443
Usnea,beard lichens,Fungi,1,1.0,10,2.3978952727983707,4,6,35.5,10.420989781618118,0.18037920743227,48.5,68.3,21.8
Usnea ceratina,Warty Beard Lichen,Fungi,0,0.0,13,2.6390573296152584,6,6,30.923076923076923,12.760342634641207,0.19509085554343,49.0,67.3076923076923,20.923076923076923
Usnea glabrata,Lustrous Beard Lichen,Fungi,0,0.0,8,2.1972245773362196,6,4,20.75,11.267161250114441,0.1937921550124883,48.875,69.0,21.875
Usnea parvula,Unknown,Fungi,0,0.0,1,0.6931471805599453,1,1,103.0,8.463757514953613,0.1714671403169632,49.0,72.0,22.0
Usnea rubicunda,Red Beard Lichen,Fungi,0,0.0,6,1.9459101490553132,4,3,89.66666666666667,8.675073514382044,0.16284133742252982,50.833333333333336,68.0,21.333333333333332
Uta stansburiana,Common Side-blotched Lizard,Reptilia,1,16.0,213,5.365976015021851,145,171,65.41784037558685,11.09803835131193,0.149044456283951,43.2112676056338,64.21126760563381,21.643192488262912
Uta stansburiana elegans,Western Side-blotched Lizard,Reptilia,1,33.0,327,5.793013608384144,187,264,64.85626911314985,11.001937982321515,0.14656077157556494,42.681957186544345,64.55963302752293,22.36697247706422
Vachellia campeachiana,Boat-spine Acacia,Plantae,0,0.0,1,0.6931471805599453,1,1,72.0,13.964086532592772,0.19085393846035,40.0,69.0,28.0
Vanessa,Ladies and Related Admirals,Insecta,0,0.0,1,0.6931471805599453,1,1,60.0,34.08702087402344,0.1368109583854675,0.0,0.0,0.0
Vanessa annabella,West Coast Lady,Insecta,0,0.0,8,2.1972245773362196,6,7,58.25,6.497632533311844,0.16751332394778726,51.375,70.125,20.875
Vanessa atalanta,Red Admiral,Insecta,0,0.0,1,0.6931471805599453,1,1,119.0,3.793579339981079,0.1502702236175537,53.0,73.0,20.0
Vanessa atalanta rubria,American Red Admiral,Insecta,0,0.0,1,0.6931471805599453,1,1,65.0,9.8900728225708,0.1650255918502807,50.0,73.0,22.0
Vanessa cardui,Painted Lady,Insecta,1,4.0,16,2.833213344056216,12,14,68.4375,10.10568779706955,0.17988284584134812,46.625,67.1875,21.1875
Vanessa virginiensis,American Lady,Insecta,0,0.0,7,2.0794415416798357,6,7,75.57142857142857,15.463131291525704,0.14913855918816152,34.42857142857143,49.57142857142857,17.714285714285715
Varicellaria velata,Rimmed Wart Lichen,Fungi,0,0.0,2,1.0986122886681098,1,2,91.5,4.68825900554657,0.15420430153608322,51.0,66.5,18.5
Velella velella,By-the-wind Sailor,Animalia,1,57.0,146,4.990432586778736,84,77,2.2945205479452055,6.621590122784654,-0.028499448924502416,5.13013698630137,7.931506849315069,2.808219178082192
Veneridae,Venus Clams,Mollusca,1,5.0,4,1.6094379124341003,4,4,12.5,15.009680271148682,0.04797394620254635,24.0,35.5,12.5
Verbascum thapsus,great mullein,Plantae,0,0.0,1,0.6931471805599453,1,1,7.0,2.8826687335968018,0.2679982483386993,47.0,68.0,22.0
Verbena lasiostachys,western vervain,Plantae,0,0.0,3,1.3862943611198906,3,3,12.333333333333334,10.217586835225424,0.12148898343245185,32.333333333333336,47.0,15.666666666666666
Verbena lasiostachys lasiostachys,western vervain,Plantae,0,0.0,1,0.6931471805599453,1,1,9.0,2.1580610275268555,0.1571197360754013,50.0,68.0,20.0
Verbena menthifolia,Mint Vervain,Plantae,0,0.0,1,0.6931471805599453,1,1,9.0,10.011163711547852,0.1697879284620285,53.0,69.0,21.0
Vermetidae,Worm Snails,Mollusca,0,0.0,1,0.6931471805599453,1,1,5.0,3.704791784286499,-0.0651172325015068,0.0,0.0,0.0
Veromessor andrei,Andre's Harvester Ant,Insecta,0,0.0,2,1.0986122886681098,2,1,74.0,11.048108577728271,0.13490274921059606,49.0,72.0,24.0
Verrucariaceae,Unknown,Fungi,0,0.0,2,1.0986122886681098,1,1,71.0,12.928954601287842,0.158021405339241,51.0,65.0,21.0
Vertebrata,Vertebrates,Animalia,1,6.0,2,1.0986122886681098,2,2,40.0,10.095555305480957,0.1097312998026609,48.5,68.5,22.5
Vespidae,"Hornets, Paper Wasps, Potter Wasps, and Allies",Insecta,0,0.0,1,0.6931471805599453,1,1,5.0,4.506954669952393,0.2075243145227432,38.0,71.0,29.0
Vespula,Ground Yellowjackets,Insecta,0,0.0,1,0.6931471805599453,1,1,98.0,6.16176176071167,0.1501381248235702,53.0,71.0,23.0
Vespula pensylvanica,Western Yellowjacket,Insecta,0,0.0,55,4.02535169073515,27,50,56.6,7.261508964408527,0.17485193298621607,49.21818181818182,69.78181818181818,22.672727272727272
Vexilliferidae,Unknown,Protozoa,0,0.0,2,1.0986122886681098,1,1,2.0,2.5617051124572754,0.1610875949263572,48.5,69.0,22.0
Vicia,Vetches,Plantae,0,0.0,2,1.0986122886681098,2,2,24.0,15.738157749176025,0.1526643298566341,48.0,71.0,25.0
Vicia ludoviciana,slender vetch,Plantae,0,0.0,3,1.3862943611198906,2,3,32.666666666666664,15.057182947794596,0.18569912513097123,46.666666666666664,68.66666666666667,24.0
Vicia ludoviciana ludoviciana,deerpea vetch,Plantae,0,0.0,2,1.0986122886681098,2,2,12.5,14.517070293426514,0.1454228945076465,45.0,69.0,25.0
Villa,Unknown,Insecta,1,1.0,5,1.791759469228055,4,4,53.6,5.114065623283386,0.17072681784629817,41.0,69.8,27.4
Villa lateralis,Unknown,Insecta,0,0.0,5,1.791759469228055,3,5,71.0,5.764562034606934,0.17781997770071026,48.8,71.6,22.4
Villini,banded bee flies,Insecta,1,3.0,8,2.1972245773362196,7,6,60.75,6.351115465164185,0.16492987051606176,46.5,70.875,24.375
Vinealobryum,Unknown,Plantae,0,0.0,1,0.6931471805599453,1,1,106.0,4.32031774520874,0.1894042938947677,49.0,72.0,22.0
Vinealobryum brachyphyllum,Unknown,Plantae,0,0.0,6,1.9459101490553132,3,5,82.66666666666667,7.341023604075114,0.17597697426875428,49.833333333333336,69.83333333333333,21.5
Vinealobryum nicholsonii,Nicholson's Beard-moss,Plantae,0,0.0,1,0.6931471805599453,1,1,64.0,12.218915939331056,0.157132863998413,50.0,66.0,24.0
Viola pedunculata,California Golden Violet,Plantae,0,0.0,11,2.4849066497880004,11,9,46.81818181818182,19.40894124724648,0.15857291492548853,41.81818181818182,69.18181818181819,27.09090909090909
Vireo gilvus,Warbling Vireo,Aves,0,0.0,3,1.3862943611198906,3,3,43.333333333333336,8.510637203852335,0.2034248709678649,49.333333333333336,67.33333333333333,22.333333333333332
Vireo huttoni,Hutton's Vireo,Aves,0,0.0,7,2.0794415416798357,7,7,70.42857142857143,6.278342281069074,0.18257738011223923,51.142857142857146,69.57142857142857,22.0
Visceae,viscaceous mistletoes,Plantae,0,0.0,1,0.6931471805599453,1,1,76.0,11.045699119567873,0.1178104281425476,50.0,66.0,24.0
Volvopluteus,Unknown,Fungi,0,0.0,1,0.6931471805599453,1,1,115.0,2.209256410598755,0.1438867896795272,56.0,73.0,20.0
Volvopluteus gloiocephalus,Stubble Rosegill,Fungi,1,5.0,2,1.0986122886681098,2,2,65.5,5.0817954540252686,0.1747554615139961,52.5,73.0,20.0
Washingtonia robusta,Mexican Fan Palm,Plantae,0,0.0,2,1.0986122886681098,2,2,7.0,5.461134344339371,0.20522949099540705,51.0,69.0,22.0
Weissia,Unknown,Plantae,0,0.0,3,1.3862943611198906,1,3,72.33333333333333,10.011748790740969,0.1542573322852452,48.666666666666664,69.33333333333333,24.666666666666668
Weissia controversa,Green-tufted Stubble Moss,Plantae,0,0.0,10,2.3978952727983707,3,9,71.0,6.545620942115784,0.16098130941390987,49.8,71.8,22.1
Winthemia,Unknown,Insecta,0,0.0,1,0.6931471805599453,1,1,7.0,13.308584213256836,0.1934829503297805,48.0,71.0,22.0
Xanionotum,Unknown,Insecta,0,0.0,1,0.6931471805599453,1,1,59.0,24.14450454711914,0.1449751108884811,0.0,0.0,0.0
Xanthium,Cockleburs,Plantae,0,0.0,6,1.9459101490553132,5,6,33.833333333333336,10.25195829073588,0.15733244766791657,49.333333333333336,71.83333333333333,22.333333333333332
Xanthium orientale,common cocklebur,Plantae,0,0.0,14,2.70805020110221,7,12,17.928571428571427,10.555134602955409,0.16962794121354816,49.714285714285715,71.92857142857143,22.928571428571427
Xanthium strumarium,rough cocklebur,Plantae,1,1.0,20,3.044522437723423,17,20,20.9,11.200798785686493,0.18809028491377827,48.45,70.45,22.8
Xanthocarpia,Unknown,Fungi,0,0.0,1,0.6931471805599453,1,1,18.0,12.217984199523926,0.2042036801576614,50.0,67.0,20.0
Xanthocarpia feracissima,sidewalk firedot,Fungi,0,0.0,1,0.6931471805599453,1,1,119.0,4.412032127380371,0.1335747987031936,52.0,73.0,21.0
Xanthomendoza,Unknown,Fungi,1,1.0,1,0.6931471805599453,1,1,36.0,30.142732620239254,0.1512271761894226,51.0,74.0,25.0
Xanthomendoza fallax,Hooded Sunburst Lichen,Fungi,0,0.0,1,0.6931471805599453,1,1,33.0,30.82039833068848,0.1903782337903976,51.0,74.0,25.0
Xanthomendoza ulophyllodes,Powdery Sunburst Lichen,Fungi,0,0.0,1,0.6931471805599453,1,1,5.0,2.8830928802490234,0.1872022897005081,49.0,73.0,25.0
Xanthoparmelia,rock shield lichens,Fungi,0,0.0,40,3.713572066704308,26,35,101.85,8.23611610531807,0.1323001408949494,50.85,70.825,21.275
Xanthoparmelia cumberlandia,Cumberland Rock Shield,Fungi,0,0.0,6,1.9459101490553132,4,6,87.33333333333333,7.437574823697408,0.16147388890385625,51.0,71.16666666666667,21.833333333333332
Xanthoparmelia subhosseana,Erupted Camouflage Lichen,Fungi,0,0.0,2,1.0986122886681098,2,1,126.0,5.5849621295928955,0.17111930996179575,48.5,63.0,19.0
Xanthoria,Sunburst Lichens,Fungi,0,0.0,4,1.6094379124341003,3,3,34.5,9.216496646404266,0.19252155721187592,49.0,69.25,21.75
Xanthoria parietina,Common Sunburst Lichen,Fungi,1,4.0,4,1.6094379124341003,3,3,60.0,2.638568416237831,0.14414044655859468,48.75,68.25,22.75
Xanthorioideae,Unknown,Fungi,1,2.0,7,2.0794415416798357,5,7,59.714285714285715,7.623114279338291,0.16626562071698045,49.142857142857146,69.28571428571429,22.571428571428573
Xema sabini,Sabine's Gull,Aves,0,0.0,1,0.6931471805599453,1,1,6.0,1.442406415939331,-0.0482434183359146,0.0,0.0,0.0
Xenoglossa pomonae,Pomona Longhorn,Insecta,0,0.0,4,1.6094379124341003,3,4,86.25,9.341087281703949,0.1813156194984913,50.0,70.25,23.5
Xenoglossa pruinosa,Pruinose Squash Bee,Insecta,0,0.0,2,1.0986122886681098,1,1,10.0,15.054621696472168,0.1929088085889816,49.0,64.0,20.0
Xenoglossa strenua,Nimble Squash Bee,Insecta,0,0.0,1,0.6931471805599453,1,1,10.0,15.054621696472168,0.1929088085889816,49.0,64.0,20.0
Xenopus laevis,African Clawed Frog,Amphibia,0,0.0,2,1.0986122886681098,2,2,15.0,10.989425569772722,0.12016893923282615,48.0,72.0,23.5
Xerarionta stearnsiana,Speckled Cactussnail,Mollusca,0,0.0,1,0.6931471805599453,1,1,52.0,39.05693054199219,0.1404322385787964,0.0,0.0,0.0
Xestocoris,Unknown,Insecta,0,0.0,1,0.6931471805599453,1,1,72.0,31.758852005004883,0.12311502546072,40.0,69.0,28.0
Xylococcus,Unknown,Plantae,0,0.0,4,1.6094379124341003,4,4,97.75,9.0006702542305,0.14136880449950695,50.25,69.75,22.75
Xylococcus bicolor,mission manzanita,Plantae,0,0.0,561,6.331501849893691,335,397,87.48663101604278,7.436861037889266,0.15583613925279777,49.59536541889483,68.79857397504456,23.458110516934045
Xylocopa,Large Carpenter Bees,Insecta,0,0.0,1,0.6931471805599453,1,1,94.0,4.319532871246338,0.1479548215866089,53.0,71.0,23.0
Xylodon,Unknown,Fungi,0,0.0,2,1.0986122886681098,2,2,13.0,6.308902263641357,0.20693656802177424,49.0,69.0,21.0
Xylodon paradoxus,split porecrust,Fungi,0,0.0,3,1.3862943611198906,2,3,50.666666666666664,15.97623062133789,0.15940205256144202,48.666666666666664,69.0,22.333333333333332
Xylographa parallela,Black Woodscript Lichen,Fungi,0,0.0,1,0.6931471805599453,1,1,4.0,1.4424223899841309,0.1386779248714447,49.0,70.0,23.0
Xysticus,Ground Crab Spiders,Arachnida,0,0.0,2,1.0986122886681098,2,2,52.0,24.94655132293701,0.13819435238838196,22.0,35.5,13.5
Yucca,Yuccas,Plantae,0,0.0,5,1.791759469228055,5,5,48.2,13.206233179569244,0.12798747792839998,26.0,41.2,16.2
Yucca gigantea,Spineless Yucca,Plantae,0,0.0,3,1.3862943611198906,3,3,57.0,4.265806833902995,0.165408377846082,46.0,71.0,24.0
Yucca schidigera,Mojave Yucca,Plantae,1,6.0,1155,7.052721049232323,714,705,67.25714285714285,11.8784270214312,0.1512126760242821,41.01904761904762,62.91082251082251,22.666666666666668
Zadontomerus,Unknown,Insecta,0,0.0,641,6.464588303689961,45,273,59.847113884555384,10.186576117219493,0.16549606352765545,43.48517940717629,66.02340093603745,23.16380655226209
Zalophus californianus,California Sea Lion,Mammalia,1,103.0,21,3.091042453358316,18,21,7.285714285714286,10.944850126902262,0.032173379141438196,15.666666666666666,23.952380952380953,8.19047619047619
Zelia,Unknown,Insecta,0,0.0,1,0.6931471805599453,1,1,0.0,0.0,0.1649223715066909,44.0,65.0,24.0
Zelotes,Unknown,Arachnida,1,1.0,1,0.6931471805599453,1,1,79.0,14.088715553283691,0.1710428595542907,50.0,66.0,24.0
Zeltnera venusta,California Centaury,Plantae,0,0.0,293,5.683579767338681,193,195,88.03071672354949,7.129883083060333,0.15022657770955927,49.351535836177476,70.67235494880546,23.68941979522184
Zelus tetracanthus,Four-spurred Assassin Bug,Insecta,0,0.0,2,1.0986122886681098,2,2,82.0,16.442745685577393,0.15144327282905573,25.5,34.0,11.5
Zemysina orbella,Orb Diplodon,Mollusca,1,7.0,2,1.0986122886681098,1,2,10.0,12.971835494041443,-0.011743101291358499,0.0,0.0,0.0
Zenaida macroura,Mourning Dove,Aves,1,1.0,33,3.5263605246161616,23,28,67.84848484848484,9.049086303421944,0.1574929717815283,48.60606060606061,69.45454545454545,23.393939393939394
Zirfaea pilsbryi,Rough Piddock,Mollusca,1,5.0,10,2.3978952727983707,10,10,2.3,3.9739769458770753,-0.0022313258843496614,4.7,6.7,2.3
Zodarion,Ant Spiders,Arachnida,0,0.0,1,0.6931471805599453,1,1,17.0,20.565364837646484,0.1811254620552063,53.0,69.0,21.0
Zonotrichia atricapilla,Golden-crowned Sparrow,Aves,1,2.0,13,2.6390573296152584,12,13,60.0,9.235376092103811,0.15809124077741912,49.84615384615385,67.92307692307692,22.76923076923077
Zonotrichia leucophrys,White-crowned Sparrow,Aves,1,5.0,60,4.110873864173311,40,56,50.416666666666664,12.521924460927645,0.13281966941431161,29.6,44.06666666666667,15.666666666666666
Zonotrichia leucophrys gambelii,Gambel's White-crowned Sparrow,Aves,0,0.0,1,0.6931471805599453,1,1,69.0,22.61054039001465,0.1286544799804687,40.0,69.0,28.0
Zoropsidae,False Wolf Spiders,Arachnida,0,0.0,3,1.3862943611198906,2,2,74.0,6.9521894454956055,0.17472665508588156,46.666666666666664,67.66666666666667,25.666666666666668
Zostera marina,Eelgrass,Plantae,1,1.0,4,1.6094379124341003,4,4,3.75,6.611655235290527,-0.04404000798240297,11.25,17.25,6.5
Zosteraceae,Seagrasses,Plantae,1,2.0,1,0.6931471805599453,1,1,0.0,12.769229888916016,0.0298647340387105,45.0,71.0,27.0
Zosteropoda,Unknown,Insecta,0,0.0,1,0.6931471805599453,1,1,2.0,4.782279014587402,0.1519919484853744,46.0,69.0,24.0
Zyginama,Unknown,Insecta,0,0.0,2,1.0986122886681098,1,1,34.0,8.36037540435791,0.131125122308731,44.0,72.0,26.0
Zyzygomyces physciacearum,Unknown,Fungi,0,0.0,1,0.6931471805599453,1,1,5.0,2.8830928802490234,0.1872022897005081,49.0,73.0,25.0
